ISO-10303-21;
HEADER;
/* Generated by software containing ST-Developer
 * from STEP Tools, Inc. (www.steptools.com) 
 */

FILE_DESCRIPTION(
/* description */ (''),
/* implementation_level */ '2;1');

FILE_NAME(
/* name */ 'Trimix_Enclosure_A1.step',
/* time_stamp */ '2026-09-06T11:52:05+02:00',
/* author */ (''),
/* organization */ (''),
/* preprocessor_version */ 'ST-DEVELOPER v20.2',
/* originating_system */ 'Autodesk Translation Framework v15.15.0.0',
/* authorisation */ '');

FILE_SCHEMA (('AUTOMOTIVE_DESIGN { 1 0 10303 214 3 1 1 }'));
ENDSEC;

DATA;
#10=MECHANICAL_DESIGN_GEOMETRIC_PRESENTATION_REPRESENTATION('',(#125,#126,
#127,#128,#129,#130,#131,#132,#133,#134,#135,#136,#137,#138,#139,#140,#141,
#142,#143,#144,#145,#146,#147,#148,#149,#150,#151,#152,#153,#154,#155,#156,
#157,#158,#159,#160,#161,#162,#163,#164,#165,#166,#167,#168,#169,#170,#171,
#172,#173,#174),#12621);
#11=ITEM_DEFINED_TRANSFORMATION($,$,#7633,#8341);
#12=ITEM_DEFINED_TRANSFORMATION($,$,#7806,#8342);
#13=ITEM_DEFINED_TRANSFORMATION($,$,#7867,#8343);
#14=ITEM_DEFINED_TRANSFORMATION($,$,#7973,#8344);
#15=ITEM_DEFINED_TRANSFORMATION($,$,#7992,#8345);
#16=ITEM_DEFINED_TRANSFORMATION($,$,#7999,#8346);
#17=ITEM_DEFINED_TRANSFORMATION($,$,#8016,#8347);
#18=ITEM_DEFINED_TRANSFORMATION($,$,#8023,#8348);
#19=ITEM_DEFINED_TRANSFORMATION($,$,#8030,#8349);
#20=ITEM_DEFINED_TRANSFORMATION($,$,#8069,#8350);
#21=ITEM_DEFINED_TRANSFORMATION($,$,#8088,#8351);
#22=ITEM_DEFINED_TRANSFORMATION($,$,#8100,#8352);
#23=ITEM_DEFINED_TRANSFORMATION($,$,#8111,#8353);
#24=ITEM_DEFINED_TRANSFORMATION($,$,#8118,#8354);
#25=ITEM_DEFINED_TRANSFORMATION($,$,#8144,#8355);
#26=ITEM_DEFINED_TRANSFORMATION($,$,#8161,#8356);
#27=ITEM_DEFINED_TRANSFORMATION($,$,#8178,#8357);
#28=ITEM_DEFINED_TRANSFORMATION($,$,#8191,#8358);
#29=ITEM_DEFINED_TRANSFORMATION($,$,#8232,#8359);
#30=(
REPRESENTATION_RELATIONSHIP($,$,#12686,#12685)
REPRESENTATION_RELATIONSHIP_WITH_TRANSFORMATION(#11)
SHAPE_REPRESENTATION_RELATIONSHIP()
);
#31=(
REPRESENTATION_RELATIONSHIP($,$,#12687,#12685)
REPRESENTATION_RELATIONSHIP_WITH_TRANSFORMATION(#12)
SHAPE_REPRESENTATION_RELATIONSHIP()
);
#32=(
REPRESENTATION_RELATIONSHIP($,$,#12688,#12685)
REPRESENTATION_RELATIONSHIP_WITH_TRANSFORMATION(#13)
SHAPE_REPRESENTATION_RELATIONSHIP()
);
#33=(
REPRESENTATION_RELATIONSHIP($,$,#12689,#12685)
REPRESENTATION_RELATIONSHIP_WITH_TRANSFORMATION(#14)
SHAPE_REPRESENTATION_RELATIONSHIP()
);
#34=(
REPRESENTATION_RELATIONSHIP($,$,#12690,#12685)
REPRESENTATION_RELATIONSHIP_WITH_TRANSFORMATION(#15)
SHAPE_REPRESENTATION_RELATIONSHIP()
);
#35=(
REPRESENTATION_RELATIONSHIP($,$,#12691,#12685)
REPRESENTATION_RELATIONSHIP_WITH_TRANSFORMATION(#16)
SHAPE_REPRESENTATION_RELATIONSHIP()
);
#36=(
REPRESENTATION_RELATIONSHIP($,$,#12692,#12685)
REPRESENTATION_RELATIONSHIP_WITH_TRANSFORMATION(#17)
SHAPE_REPRESENTATION_RELATIONSHIP()
);
#37=(
REPRESENTATION_RELATIONSHIP($,$,#12693,#12685)
REPRESENTATION_RELATIONSHIP_WITH_TRANSFORMATION(#18)
SHAPE_REPRESENTATION_RELATIONSHIP()
);
#38=(
REPRESENTATION_RELATIONSHIP($,$,#12694,#12685)
REPRESENTATION_RELATIONSHIP_WITH_TRANSFORMATION(#19)
SHAPE_REPRESENTATION_RELATIONSHIP()
);
#39=(
REPRESENTATION_RELATIONSHIP($,$,#12695,#12685)
REPRESENTATION_RELATIONSHIP_WITH_TRANSFORMATION(#20)
SHAPE_REPRESENTATION_RELATIONSHIP()
);
#40=(
REPRESENTATION_RELATIONSHIP($,$,#12696,#12685)
REPRESENTATION_RELATIONSHIP_WITH_TRANSFORMATION(#21)
SHAPE_REPRESENTATION_RELATIONSHIP()
);
#41=(
REPRESENTATION_RELATIONSHIP($,$,#12697,#12685)
REPRESENTATION_RELATIONSHIP_WITH_TRANSFORMATION(#22)
SHAPE_REPRESENTATION_RELATIONSHIP()
);
#42=(
REPRESENTATION_RELATIONSHIP($,$,#12698,#12685)
REPRESENTATION_RELATIONSHIP_WITH_TRANSFORMATION(#23)
SHAPE_REPRESENTATION_RELATIONSHIP()
);
#43=(
REPRESENTATION_RELATIONSHIP($,$,#12699,#12685)
REPRESENTATION_RELATIONSHIP_WITH_TRANSFORMATION(#24)
SHAPE_REPRESENTATION_RELATIONSHIP()
);
#44=(
REPRESENTATION_RELATIONSHIP($,$,#12700,#12685)
REPRESENTATION_RELATIONSHIP_WITH_TRANSFORMATION(#25)
SHAPE_REPRESENTATION_RELATIONSHIP()
);
#45=(
REPRESENTATION_RELATIONSHIP($,$,#12701,#12685)
REPRESENTATION_RELATIONSHIP_WITH_TRANSFORMATION(#26)
SHAPE_REPRESENTATION_RELATIONSHIP()
);
#46=(
REPRESENTATION_RELATIONSHIP($,$,#12702,#12685)
REPRESENTATION_RELATIONSHIP_WITH_TRANSFORMATION(#27)
SHAPE_REPRESENTATION_RELATIONSHIP()
);
#47=(
REPRESENTATION_RELATIONSHIP($,$,#12703,#12685)
REPRESENTATION_RELATIONSHIP_WITH_TRANSFORMATION(#28)
SHAPE_REPRESENTATION_RELATIONSHIP()
);
#48=(
REPRESENTATION_RELATIONSHIP($,$,#12704,#12685)
REPRESENTATION_RELATIONSHIP_WITH_TRANSFORMATION(#29)
SHAPE_REPRESENTATION_RELATIONSHIP()
);
#49=CONTEXT_DEPENDENT_SHAPE_REPRESENTATION(#30,#12666);
#50=CONTEXT_DEPENDENT_SHAPE_REPRESENTATION(#31,#12667);
#51=CONTEXT_DEPENDENT_SHAPE_REPRESENTATION(#32,#12668);
#52=CONTEXT_DEPENDENT_SHAPE_REPRESENTATION(#33,#12669);
#53=CONTEXT_DEPENDENT_SHAPE_REPRESENTATION(#34,#12670);
#54=CONTEXT_DEPENDENT_SHAPE_REPRESENTATION(#35,#12671);
#55=CONTEXT_DEPENDENT_SHAPE_REPRESENTATION(#36,#12672);
#56=CONTEXT_DEPENDENT_SHAPE_REPRESENTATION(#37,#12673);
#57=CONTEXT_DEPENDENT_SHAPE_REPRESENTATION(#38,#12674);
#58=CONTEXT_DEPENDENT_SHAPE_REPRESENTATION(#39,#12675);
#59=CONTEXT_DEPENDENT_SHAPE_REPRESENTATION(#40,#12676);
#60=CONTEXT_DEPENDENT_SHAPE_REPRESENTATION(#41,#12677);
#61=CONTEXT_DEPENDENT_SHAPE_REPRESENTATION(#42,#12678);
#62=CONTEXT_DEPENDENT_SHAPE_REPRESENTATION(#43,#12679);
#63=CONTEXT_DEPENDENT_SHAPE_REPRESENTATION(#44,#12680);
#64=CONTEXT_DEPENDENT_SHAPE_REPRESENTATION(#45,#12681);
#65=CONTEXT_DEPENDENT_SHAPE_REPRESENTATION(#46,#12682);
#66=CONTEXT_DEPENDENT_SHAPE_REPRESENTATION(#47,#12683);
#67=CONTEXT_DEPENDENT_SHAPE_REPRESENTATION(#48,#12684);
#68=NEXT_ASSEMBLY_USAGE_OCCURRENCE('01 Main housing:1',
'01 Main housing:1','01 Main housing:1',#12706,#12707,
'01 Main housing:1');
#69=NEXT_ASSEMBLY_USAGE_OCCURRENCE('02 Single rear cover:1',
'02 Single rear cover:1','02 Single rear cover:1',#12706,#12708,
'02 Single rear cover:1');
#70=NEXT_ASSEMBLY_USAGE_OCCURRENCE('03 Removable sampling chamber:1',
'03 Removable sampling chamber:1','03 Removable sampling chamber:1',#12706,
#12709,'03 Removable sampling chamber:1');
#71=NEXT_ASSEMBLY_USAGE_OCCURRENCE('04 Internal chamber lid:1',
'04 Internal chamber lid:1','04 Internal chamber lid:1',#12706,#12710,
'04 Internal chamber lid:1');
#72=NEXT_ASSEMBLY_USAGE_OCCURRENCE('05 Feedthrough seal envelope TBD:1',
'05 Feedthrough seal envelope TBD:1',
'05 Feedthrough seal envelope TBD:1',#12706,#12711,
'05 Feedthrough seal envelope TBD:1');
#73=NEXT_ASSEMBLY_USAGE_OCCURRENCE('06 Gas fitting envelopes TBD:1',
'06 Gas fitting envelopes TBD:1','06 Gas fitting envelopes TBD:1',#12706,
#12712,'06 Gas fitting envelopes TBD:1');
#74=NEXT_ASSEMBLY_USAGE_OCCURRENCE(
'07 Guition 4.3in envelope \X2\2014\X0\ depth TBD:1',
'07 Guition 4.3in envelope \X2\2014\X0\ depth TBD:1',
'07 Guition 4.3in envelope \X2\2014\X0\ depth TBD:1',#12706,#12713,
'07 Guition 4.3in envelope \X2\2014\X0\ depth TBD:1');
#75=NEXT_ASSEMBLY_USAGE_OCCURRENCE('08 Active display reference:1',
'08 Active display reference:1','08 Active display reference:1',#12706,
#12714,'08 Active display reference:1');
#76=NEXT_ASSEMBLY_USAGE_OCCURRENCE('09 Removable electronics carrier:1',
'09 Removable electronics carrier:1',
'09 Removable electronics carrier:1',#12706,#12715,
'09 Removable electronics carrier:1');
#77=NEXT_ASSEMBLY_USAGE_OCCURRENCE(
'10 Future PCB and component envelope TBD:1',
'10 Future PCB and component envelope TBD:1',
'10 Future PCB and component envelope TBD:1',#12706,#12716,
'10 Future PCB and component envelope TBD:1');
#78=NEXT_ASSEMBLY_USAGE_OCCURRENCE(
'11 Protected FMA holder envelope TBD:1',
'11 Protected FMA holder envelope TBD:1',
'11 Protected FMA holder envelope TBD:1',#12706,#12717,
'11 Protected FMA holder envelope TBD:1');
#79=NEXT_ASSEMBLY_USAGE_OCCURRENCE('12 Two 18650 cell envelopes:1',
'12 Two 18650 cell envelopes:1','12 Two 18650 cell envelopes:1',#12706,
#12718,'12 Two 18650 cell envelopes:1');
#80=NEXT_ASSEMBLY_USAGE_OCCURRENCE(
'13 Battery plug and cable clearance TBD:1',
'13 Battery plug and cable clearance TBD:1',
'13 Battery plug and cable clearance TBD:1',#12706,#12719,
'13 Battery plug and cable clearance TBD:1');
#81=NEXT_ASSEMBLY_USAGE_OCCURRENCE(
'14 Supported USB-C mounting insert TBD:1',
'14 Supported USB-C mounting insert TBD:1',
'14 Supported USB-C mounting insert TBD:1',#12706,#12720,
'14 Supported USB-C mounting insert TBD:1');
#82=NEXT_ASSEMBLY_USAGE_OCCURRENCE(
'15 USB daughterboard envelope 0.60mm:1',
'15 USB daughterboard envelope 0.60mm:1',
'15 USB daughterboard envelope 0.60mm:1',#12706,#12721,
'15 USB daughterboard envelope 0.60mm:1');
#83=NEXT_ASSEMBLY_USAGE_OCCURRENCE(
'16 Right momentary button envelope TBD:1',
'16 Right momentary button envelope TBD:1',
'16 Right momentary button envelope TBD:1',#12706,#12722,
'16 Right momentary button envelope TBD:1');
#84=NEXT_ASSEMBLY_USAGE_OCCURRENCE(
'18 Wiring route clearance envelopes:1',
'18 Wiring route clearance envelopes:1',
'18 Wiring route clearance envelopes:1',#12706,#12723,
'18 Wiring route clearance envelopes:1');
#85=NEXT_ASSEMBLY_USAGE_OCCURRENCE('17 Chamber sensor envelopes TBD:1',
'17 Chamber sensor envelopes TBD:1','17 Chamber sensor envelopes TBD:1',
#12706,#12724,'17 Chamber sensor envelopes TBD:1');
#86=NEXT_ASSEMBLY_USAGE_OCCURRENCE(
'19 Rear M3 fastener envelopes TBD:1',
'19 Rear M3 fastener envelopes TBD:1',
'19 Rear M3 fastener envelopes TBD:1',#12706,#12725,
'19 Rear M3 fastener envelopes TBD:1');
#87=SHAPE_REPRESENTATION_RELATIONSHIP('SRR','None',#12686,#106);
#88=SHAPE_REPRESENTATION_RELATIONSHIP('SRR','None',#12687,#107);
#89=SHAPE_REPRESENTATION_RELATIONSHIP('SRR','None',#12688,#108);
#90=SHAPE_REPRESENTATION_RELATIONSHIP('SRR','None',#12689,#109);
#91=SHAPE_REPRESENTATION_RELATIONSHIP('SRR','None',#12690,#110);
#92=SHAPE_REPRESENTATION_RELATIONSHIP('SRR','None',#12691,#111);
#93=SHAPE_REPRESENTATION_RELATIONSHIP('SRR','None',#12692,#112);
#94=SHAPE_REPRESENTATION_RELATIONSHIP('SRR','None',#12693,#113);
#95=SHAPE_REPRESENTATION_RELATIONSHIP('SRR','None',#12694,#114);
#96=SHAPE_REPRESENTATION_RELATIONSHIP('SRR','None',#12695,#115);
#97=SHAPE_REPRESENTATION_RELATIONSHIP('SRR','None',#12696,#116);
#98=SHAPE_REPRESENTATION_RELATIONSHIP('SRR','None',#12697,#117);
#99=SHAPE_REPRESENTATION_RELATIONSHIP('SRR','None',#12698,#118);
#100=SHAPE_REPRESENTATION_RELATIONSHIP('SRR','None',#12699,#119);
#101=SHAPE_REPRESENTATION_RELATIONSHIP('SRR','None',#12700,#120);
#102=SHAPE_REPRESENTATION_RELATIONSHIP('SRR','None',#12701,#121);
#103=SHAPE_REPRESENTATION_RELATIONSHIP('SRR','None',#12702,#122);
#104=SHAPE_REPRESENTATION_RELATIONSHIP('SRR','None',#12703,#123);
#105=SHAPE_REPRESENTATION_RELATIONSHIP('SRR','None',#12704,#124);
#106=ADVANCED_BREP_SHAPE_REPRESENTATION('',(#175),#12602);
#107=ADVANCED_BREP_SHAPE_REPRESENTATION('',(#176),#12603);
#108=ADVANCED_BREP_SHAPE_REPRESENTATION('',(#177),#12604);
#109=ADVANCED_BREP_SHAPE_REPRESENTATION('',(#178),#12605);
#110=ADVANCED_BREP_SHAPE_REPRESENTATION('',(#179),#12606);
#111=ADVANCED_BREP_SHAPE_REPRESENTATION('',(#180,#181),#12607);
#112=ADVANCED_BREP_SHAPE_REPRESENTATION('',(#182),#12608);
#113=ADVANCED_BREP_SHAPE_REPRESENTATION('',(#183),#12609);
#114=ADVANCED_BREP_SHAPE_REPRESENTATION('',(#184),#12610);
#115=ADVANCED_BREP_SHAPE_REPRESENTATION('',(#185,#186,#187),#12611);
#116=ADVANCED_BREP_SHAPE_REPRESENTATION('',(#188),#12612);
#117=ADVANCED_BREP_SHAPE_REPRESENTATION('',(#189,#190),#12613);
#118=ADVANCED_BREP_SHAPE_REPRESENTATION('',(#191),#12614);
#119=ADVANCED_BREP_SHAPE_REPRESENTATION('',(#192),#12615);
#120=ADVANCED_BREP_SHAPE_REPRESENTATION('',(#193,#194),#12616);
#121=ADVANCED_BREP_SHAPE_REPRESENTATION('',(#195,#196,#197),#12617);
#122=ADVANCED_BREP_SHAPE_REPRESENTATION('',(#198,#199),#12618);
#123=ADVANCED_BREP_SHAPE_REPRESENTATION('',(#200,#201,#202,#203,#204,#205,
#206),#12619);
#124=ADVANCED_BREP_SHAPE_REPRESENTATION('',(#207,#208,#209,#210,#211,#212,
#213,#214,#215,#216,#217,#218,#219,#220,#221,#222,#223,#224),#12620);
#125=STYLED_ITEM('',(#12790),#175);
#126=STYLED_ITEM('',(#12790),#176);
#127=STYLED_ITEM('',(#12791),#177);
#128=STYLED_ITEM('',(#12791),#178);
#129=STYLED_ITEM('',(#12792),#179);
#130=STYLED_ITEM('',(#12792),#180);
#131=STYLED_ITEM('',(#12792),#181);
#132=STYLED_ITEM('',(#12792),#182);
#133=STYLED_ITEM('',(#12792),#183);
#134=STYLED_ITEM('',(#12790),#184);
#135=STYLED_ITEM('',(#12793),#185);
#136=STYLED_ITEM('',(#12793),#186);
#137=STYLED_ITEM('',(#12793),#187);
#138=STYLED_ITEM('',(#12792),#188);
#139=STYLED_ITEM('',(#12791),#189);
#140=STYLED_ITEM('',(#12791),#190);
#141=STYLED_ITEM('',(#12794),#191);
#142=STYLED_ITEM('',(#12790),#192);
#143=STYLED_ITEM('',(#12793),#193);
#144=STYLED_ITEM('',(#12793),#194);
#145=STYLED_ITEM('',(#12792),#195);
#146=STYLED_ITEM('',(#12792),#196);
#147=STYLED_ITEM('',(#12792),#197);
#148=STYLED_ITEM('',(#12794),#198);
#149=STYLED_ITEM('',(#12794),#199);
#150=STYLED_ITEM('',(#12795),#200);
#151=STYLED_ITEM('',(#12795),#201);
#152=STYLED_ITEM('',(#12795),#202);
#153=STYLED_ITEM('',(#12795),#203);
#154=STYLED_ITEM('',(#12795),#204);
#155=STYLED_ITEM('',(#12795),#205);
#156=STYLED_ITEM('',(#12795),#206);
#157=STYLED_ITEM('',(#12795),#207);
#158=STYLED_ITEM('',(#12795),#208);
#159=STYLED_ITEM('',(#12795),#209);
#160=STYLED_ITEM('',(#12795),#210);
#161=STYLED_ITEM('',(#12795),#211);
#162=STYLED_ITEM('',(#12795),#212);
#163=STYLED_ITEM('',(#12795),#213);
#164=STYLED_ITEM('',(#12795),#214);
#165=STYLED_ITEM('',(#12795),#215);
#166=STYLED_ITEM('',(#12795),#216);
#167=STYLED_ITEM('',(#12795),#217);
#168=STYLED_ITEM('',(#12795),#218);
#169=STYLED_ITEM('',(#12795),#219);
#170=STYLED_ITEM('',(#12795),#220);
#171=STYLED_ITEM('',(#12795),#221);
#172=STYLED_ITEM('',(#12795),#222);
#173=STYLED_ITEM('',(#12795),#223);
#174=STYLED_ITEM('',(#12795),#224);
#175=MANIFOLD_SOLID_BREP('Main housing',#7372);
#176=MANIFOLD_SOLID_BREP('Single rear cover',#7373);
#177=MANIFOLD_SOLID_BREP('Sampling chamber body',#7374);
#178=MANIFOLD_SOLID_BREP('Internal chamber lid \X2\2014\X0\ gasket gro
ove TBD',#7375);
#179=MANIFOLD_SOLID_BREP('Potted wire seal envelope TBD',#7376);
#180=MANIFOLD_SOLID_BREP('Right exhaust fitting envelope (1)',#7377);
#181=MANIFOLD_SOLID_BREP('Left inlet fitting envelope',#7378);
#182=MANIFOLD_SOLID_BREP('Guition module envelope',#7379);
#183=MANIFOLD_SOLID_BREP('4.3in active screen',#7380);
#184=MANIFOLD_SOLID_BREP('Carrier side rail',#7381);
#185=MANIFOLD_SOLID_BREP(
'Future PCB envelope \X2\2014\X0\ not routed KiCad board',#7382);
#186=MANIFOLD_SOLID_BREP('Lower PCB component allowance',#7383);
#187=MANIFOLD_SOLID_BREP('Upper PCB component allowance',#7384);
#188=MANIFOLD_SOLID_BREP('FMA holder envelope TBD',#7385);
#189=MANIFOLD_SOLID_BREP('18650 \X2\2014\X0\ 3400mAh owner confirmed',#7386);
#190=MANIFOLD_SOLID_BREP('18650 \X2\2014\X0\ 3400mAh owner confirmed (
1)',#7387);
#191=MANIFOLD_SOLID_BREP('RCY BEC disconnect clearance',#7388);
#192=MANIFOLD_SOLID_BREP(
'USB mounting insert with integral board supports \X2\2014\X0\ seal TB
D',#7389);
#193=MANIFOLD_SOLID_BREP('USB daughterboard \X2\2014\X0\ layout TBD',#7390);
#194=MANIFOLD_SOLID_BREP('GCT connector envelope TBD',#7391);
#195=MANIFOLD_SOLID_BREP('12 mm button barrel envelope',#7392);
#196=MANIFOLD_SOLID_BREP('Power button bezel envelope',#7393);
#197=MANIFOLD_SOLID_BREP('Button terminal clearance TBD',#7394);
#198=MANIFOLD_SOLID_BREP('Sensor loom route',#7395);
#199=MANIFOLD_SOLID_BREP('Main cable route',#7396);
#200=MANIFOLD_SOLID_BREP('AO2 body diameter29.3 length31.75',#7397);
#201=MANIFOLD_SOLID_BREP('AO2 M16 neck envelope \X2\2014\X0\ no final 
thread',#7398);
#202=MANIFOLD_SOLID_BREP('AO2 connector and cable allowance',#7399);
#203=MANIFOLD_SOLID_BREP('ZE07-CO total envelope',#7400);
#204=MANIFOLD_SOLID_BREP('MD62 body envelope',#7401);
#205=MANIFOLD_SOLID_BREP('MD62 untrimmed lead allowance',#7402);
#206=MANIFOLD_SOLID_BREP('GYBMEP humidity module envelope TBD',#7403);
#207=MANIFOLD_SOLID_BREP('M3 heat-set insert envelope',#7404);
#208=MANIFOLD_SOLID_BREP('M3 screw shaft envelope',#7405);
#209=MANIFOLD_SOLID_BREP('M3 low head envelope',#7406);
#210=MANIFOLD_SOLID_BREP('M3 heat-set insert envelope (1)',#7407);
#211=MANIFOLD_SOLID_BREP('M3 screw shaft envelope (1)',#7408);
#212=MANIFOLD_SOLID_BREP('M3 low head envelope (1)',#7409);
#213=MANIFOLD_SOLID_BREP('M3 heat-set insert envelope (2)',#7410);
#214=MANIFOLD_SOLID_BREP('M3 screw shaft envelope (2)',#7411);
#215=MANIFOLD_SOLID_BREP('M3 low head envelope (2)',#7412);
#216=MANIFOLD_SOLID_BREP('M3 heat-set insert envelope (3)',#7413);
#217=MANIFOLD_SOLID_BREP('M3 screw shaft envelope (3)',#7414);
#218=MANIFOLD_SOLID_BREP('M3 low head envelope (3)',#7415);
#219=MANIFOLD_SOLID_BREP('M3 heat-set insert envelope (4)',#7416);
#220=MANIFOLD_SOLID_BREP('M3 screw shaft envelope (4)',#7417);
#221=MANIFOLD_SOLID_BREP('M3 low head envelope (4)',#7418);
#222=MANIFOLD_SOLID_BREP('M3 heat-set insert envelope (5)',#7419);
#223=MANIFOLD_SOLID_BREP('M3 screw shaft envelope (5)',#7420);
#224=MANIFOLD_SOLID_BREP('M3 low head envelope (5)',#7421);
#225=FACE_BOUND('',#1146,.T.);
#226=FACE_BOUND('',#1151,.T.);
#227=FACE_BOUND('',#1156,.T.);
#228=FACE_BOUND('',#1161,.T.);
#229=FACE_BOUND('',#1166,.T.);
#230=FACE_BOUND('',#1171,.T.);
#231=FACE_BOUND('',#1176,.T.);
#232=FACE_BOUND('',#1181,.T.);
#233=FACE_BOUND('',#1194,.T.);
#234=FACE_BOUND('',#1197,.T.);
#235=FACE_BOUND('',#1198,.T.);
#236=FACE_BOUND('',#1199,.T.);
#237=FACE_BOUND('',#1200,.T.);
#238=FACE_BOUND('',#1201,.T.);
#239=FACE_BOUND('',#1202,.T.);
#240=FACE_BOUND('',#1203,.T.);
#241=FACE_BOUND('',#1205,.T.);
#242=FACE_BOUND('',#1206,.T.);
#243=FACE_BOUND('',#1207,.T.);
#244=FACE_BOUND('',#1208,.T.);
#245=FACE_BOUND('',#1209,.T.);
#246=FACE_BOUND('',#1210,.T.);
#247=FACE_BOUND('',#1211,.T.);
#248=FACE_BOUND('',#1212,.T.);
#249=FACE_BOUND('',#1213,.T.);
#250=FACE_BOUND('',#1219,.T.);
#251=FACE_BOUND('',#1237,.T.);
#252=FACE_BOUND('',#1238,.T.);
#253=FACE_BOUND('',#1257,.T.);
#254=FACE_BOUND('',#1258,.T.);
#255=FACE_BOUND('',#1261,.T.);
#256=FACE_BOUND('',#1262,.T.);
#257=FACE_BOUND('',#1268,.T.);
#258=FACE_BOUND('',#1271,.T.);
#259=FACE_BOUND('',#1274,.T.);
#260=FACE_BOUND('',#1277,.T.);
#261=FACE_BOUND('',#1280,.T.);
#262=FACE_BOUND('',#1283,.T.);
#263=FACE_BOUND('',#1286,.T.);
#264=FACE_BOUND('',#1296,.T.);
#265=FACE_BOUND('',#1297,.T.);
#266=FACE_BOUND('',#1298,.T.);
#267=FACE_BOUND('',#1299,.T.);
#268=FACE_BOUND('',#1300,.T.);
#269=FACE_BOUND('',#1301,.T.);
#270=FACE_BOUND('',#1309,.T.);
#271=FACE_BOUND('',#1310,.T.);
#272=FACE_BOUND('',#1311,.T.);
#273=FACE_BOUND('',#1312,.T.);
#274=FACE_BOUND('',#1313,.T.);
#275=FACE_BOUND('',#1314,.T.);
#276=FACE_BOUND('',#1321,.T.);
#277=FACE_BOUND('',#1326,.T.);
#278=FACE_BOUND('',#1329,.T.);
#279=FACE_BOUND('',#1334,.T.);
#280=FACE_BOUND('',#1337,.T.);
#281=FACE_BOUND('',#1342,.T.);
#282=FACE_BOUND('',#1345,.T.);
#283=FACE_BOUND('',#1350,.T.);
#284=FACE_BOUND('',#1356,.T.);
#285=FACE_BOUND('',#1357,.T.);
#286=FACE_BOUND('',#1358,.T.);
#287=FACE_BOUND('',#1359,.T.);
#288=FACE_BOUND('',#1360,.T.);
#289=FACE_BOUND('',#1362,.T.);
#290=FACE_BOUND('',#1372,.T.);
#291=FACE_BOUND('',#1387,.T.);
#292=FACE_BOUND('',#1397,.T.);
#293=FACE_BOUND('',#1398,.T.);
#294=FACE_BOUND('',#1399,.T.);
#295=FACE_BOUND('',#1401,.T.);
#296=FACE_BOUND('',#1403,.T.);
#297=FACE_BOUND('',#1404,.T.);
#298=FACE_BOUND('',#1405,.T.);
#299=FACE_BOUND('',#1416,.T.);
#300=FACE_BOUND('',#1417,.T.);
#301=FACE_BOUND('',#1418,.T.);
#302=FACE_BOUND('',#1419,.T.);
#303=FACE_BOUND('',#1421,.T.);
#304=FACE_BOUND('',#1422,.T.);
#305=FACE_BOUND('',#1423,.T.);
#306=FACE_BOUND('',#1424,.T.);
#307=FACE_BOUND('',#1434,.T.);
#308=FACE_BOUND('',#1436,.T.);
#309=FACE_BOUND('',#1440,.T.);
#310=FACE_BOUND('',#1442,.T.);
#311=FACE_BOUND('',#1459,.T.);
#312=FACE_BOUND('',#1460,.T.);
#313=FACE_BOUND('',#1461,.T.);
#314=FACE_BOUND('',#1462,.T.);
#315=FACE_BOUND('',#1463,.T.);
#316=FACE_BOUND('',#1476,.T.);
#317=FACE_BOUND('',#1477,.T.);
#318=FACE_BOUND('',#1478,.T.);
#319=FACE_BOUND('',#1479,.T.);
#320=FACE_BOUND('',#1480,.T.);
#321=FACE_BOUND('',#1523,.T.);
#322=FACE_BOUND('',#1548,.T.);
#323=FACE_BOUND('',#1554,.T.);
#324=FACE_BOUND('',#1555,.T.);
#325=FACE_BOUND('',#1556,.T.);
#326=FACE_BOUND('',#1566,.T.);
#327=FACE_BOUND('',#1646,.T.);
#328=FACE_BOUND('',#1648,.T.);
#329=FACE_BOUND('',#1658,.T.);
#330=FACE_BOUND('',#1660,.T.);
#331=FACE_BOUND('',#1670,.T.);
#332=FACE_BOUND('',#1672,.T.);
#333=FACE_BOUND('',#1682,.T.);
#334=FACE_BOUND('',#1684,.T.);
#335=FACE_BOUND('',#1694,.T.);
#336=FACE_BOUND('',#1696,.T.);
#337=FACE_BOUND('',#1706,.T.);
#338=FACE_BOUND('',#1708,.T.);
#339=PLANE('',#7637);
#340=PLANE('',#7641);
#341=PLANE('',#7645);
#342=PLANE('',#7649);
#343=PLANE('',#7653);
#344=PLANE('',#7657);
#345=PLANE('',#7661);
#346=PLANE('',#7665);
#347=PLANE('',#7669);
#348=PLANE('',#7673);
#349=PLANE('',#7677);
#350=PLANE('',#7681);
#351=PLANE('',#7685);
#352=PLANE('',#7689);
#353=PLANE('',#7693);
#354=PLANE('',#7697);
#355=PLANE('',#7698);
#356=PLANE('',#7699);
#357=PLANE('',#7700);
#358=PLANE('',#7701);
#359=PLANE('',#7714);
#360=PLANE('',#7715);
#361=PLANE('',#7716);
#362=PLANE('',#7717);
#363=PLANE('',#7721);
#364=PLANE('',#7740);
#365=PLANE('',#7752);
#366=PLANE('',#7753);
#367=PLANE('',#7754);
#368=PLANE('',#7755);
#369=PLANE('',#7759);
#370=PLANE('',#7760);
#371=PLANE('',#7761);
#372=PLANE('',#7766);
#373=PLANE('',#7767);
#374=PLANE('',#7768);
#375=PLANE('',#7772);
#376=PLANE('',#7773);
#377=PLANE('',#7774);
#378=PLANE('',#7775);
#379=PLANE('',#7779);
#380=PLANE('',#7780);
#381=PLANE('',#7781);
#382=PLANE('',#7782);
#383=PLANE('',#7784);
#384=PLANE('',#7785);
#385=PLANE('',#7786);
#386=PLANE('',#7787);
#387=PLANE('',#7789);
#388=PLANE('',#7792);
#389=PLANE('',#7795);
#390=PLANE('',#7798);
#391=PLANE('',#7803);
#392=PLANE('',#7804);
#393=PLANE('',#7805);
#394=PLANE('',#7810);
#395=PLANE('',#7815);
#396=PLANE('',#7820);
#397=PLANE('',#7825);
#398=PLANE('',#7830);
#399=PLANE('',#7835);
#400=PLANE('',#7852);
#401=PLANE('',#7853);
#402=PLANE('',#7859);
#403=PLANE('',#7864);
#404=PLANE('',#7865);
#405=PLANE('',#7866);
#406=PLANE('',#7868);
#407=PLANE('',#7869);
#408=PLANE('',#7870);
#409=PLANE('',#7871);
#410=PLANE('',#7875);
#411=PLANE('',#7876);
#412=PLANE('',#7877);
#413=PLANE('',#7878);
#414=PLANE('',#7879);
#415=PLANE('',#7883);
#416=PLANE('',#7884);
#417=PLANE('',#7885);
#418=PLANE('',#7886);
#419=PLANE('',#7887);
#420=PLANE('',#7891);
#421=PLANE('',#7892);
#422=PLANE('',#7893);
#423=PLANE('',#7894);
#424=PLANE('',#7895);
#425=PLANE('',#7899);
#426=PLANE('',#7900);
#427=PLANE('',#7901);
#428=PLANE('',#7902);
#429=PLANE('',#7903);
#430=PLANE('',#7907);
#431=PLANE('',#7914);
#432=PLANE('',#7924);
#433=PLANE('',#7926);
#434=PLANE('',#7927);
#435=PLANE('',#7930);
#436=PLANE('',#7935);
#437=PLANE('',#7936);
#438=PLANE('',#7939);
#439=PLANE('',#7942);
#440=PLANE('',#7946);
#441=PLANE('',#7947);
#442=PLANE('',#7948);
#443=PLANE('',#7951);
#444=PLANE('',#7955);
#445=PLANE('',#7956);
#446=PLANE('',#7957);
#447=PLANE('',#7963);
#448=PLANE('',#7964);
#449=PLANE('',#7965);
#450=PLANE('',#7966);
#451=PLANE('',#7967);
#452=PLANE('',#7968);
#453=PLANE('',#7969);
#454=PLANE('',#7970);
#455=PLANE('',#7971);
#456=PLANE('',#7972);
#457=PLANE('',#7986);
#458=PLANE('',#7987);
#459=PLANE('',#7988);
#460=PLANE('',#7989);
#461=PLANE('',#7990);
#462=PLANE('',#7991);
#463=PLANE('',#7993);
#464=PLANE('',#7994);
#465=PLANE('',#7995);
#466=PLANE('',#7996);
#467=PLANE('',#7997);
#468=PLANE('',#7998);
#469=PLANE('',#8006);
#470=PLANE('',#8007);
#471=PLANE('',#8014);
#472=PLANE('',#8015);
#473=PLANE('',#8017);
#474=PLANE('',#8018);
#475=PLANE('',#8019);
#476=PLANE('',#8020);
#477=PLANE('',#8021);
#478=PLANE('',#8022);
#479=PLANE('',#8024);
#480=PLANE('',#8025);
#481=PLANE('',#8026);
#482=PLANE('',#8027);
#483=PLANE('',#8028);
#484=PLANE('',#8029);
#485=PLANE('',#8034);
#486=PLANE('',#8035);
#487=PLANE('',#8036);
#488=PLANE('',#8040);
#489=PLANE('',#8043);
#490=PLANE('',#8044);
#491=PLANE('',#8045);
#492=PLANE('',#8046);
#493=PLANE('',#8047);
#494=PLANE('',#8050);
#495=PLANE('',#8051);
#496=PLANE('',#8052);
#497=PLANE('',#8053);
#498=PLANE('',#8056);
#499=PLANE('',#8057);
#500=PLANE('',#8058);
#501=PLANE('',#8059);
#502=PLANE('',#8060);
#503=PLANE('',#8061);
#504=PLANE('',#8062);
#505=PLANE('',#8063);
#506=PLANE('',#8064);
#507=PLANE('',#8065);
#508=PLANE('',#8066);
#509=PLANE('',#8067);
#510=PLANE('',#8068);
#511=PLANE('',#8070);
#512=PLANE('',#8071);
#513=PLANE('',#8072);
#514=PLANE('',#8073);
#515=PLANE('',#8074);
#516=PLANE('',#8075);
#517=PLANE('',#8076);
#518=PLANE('',#8077);
#519=PLANE('',#8078);
#520=PLANE('',#8079);
#521=PLANE('',#8080);
#522=PLANE('',#8081);
#523=PLANE('',#8082);
#524=PLANE('',#8083);
#525=PLANE('',#8084);
#526=PLANE('',#8085);
#527=PLANE('',#8086);
#528=PLANE('',#8087);
#529=PLANE('',#8089);
#530=PLANE('',#8090);
#531=PLANE('',#8091);
#532=PLANE('',#8092);
#533=PLANE('',#8093);
#534=PLANE('',#8094);
#535=PLANE('',#8095);
#536=PLANE('',#8096);
#537=PLANE('',#8097);
#538=PLANE('',#8098);
#539=PLANE('',#8099);
#540=PLANE('',#8104);
#541=PLANE('',#8105);
#542=PLANE('',#8109);
#543=PLANE('',#8110);
#544=PLANE('',#8112);
#545=PLANE('',#8113);
#546=PLANE('',#8114);
#547=PLANE('',#8115);
#548=PLANE('',#8116);
#549=PLANE('',#8117);
#550=PLANE('',#8119);
#551=PLANE('',#8120);
#552=PLANE('',#8121);
#553=PLANE('',#8122);
#554=PLANE('',#8123);
#555=PLANE('',#8124);
#556=PLANE('',#8125);
#557=PLANE('',#8126);
#558=PLANE('',#8127);
#559=PLANE('',#8128);
#560=PLANE('',#8129);
#561=PLANE('',#8130);
#562=PLANE('',#8131);
#563=PLANE('',#8132);
#564=PLANE('',#8133);
#565=PLANE('',#8134);
#566=PLANE('',#8135);
#567=PLANE('',#8136);
#568=PLANE('',#8137);
#569=PLANE('',#8138);
#570=PLANE('',#8139);
#571=PLANE('',#8140);
#572=PLANE('',#8141);
#573=PLANE('',#8142);
#574=PLANE('',#8143);
#575=PLANE('',#8145);
#576=PLANE('',#8146);
#577=PLANE('',#8147);
#578=PLANE('',#8148);
#579=PLANE('',#8149);
#580=PLANE('',#8150);
#581=PLANE('',#8151);
#582=PLANE('',#8152);
#583=PLANE('',#8153);
#584=PLANE('',#8154);
#585=PLANE('',#8155);
#586=PLANE('',#8156);
#587=PLANE('',#8157);
#588=PLANE('',#8158);
#589=PLANE('',#8159);
#590=PLANE('',#8160);
#591=PLANE('',#8165);
#592=PLANE('',#8166);
#593=PLANE('',#8170);
#594=PLANE('',#8171);
#595=PLANE('',#8172);
#596=PLANE('',#8173);
#597=PLANE('',#8174);
#598=PLANE('',#8175);
#599=PLANE('',#8176);
#600=PLANE('',#8177);
#601=PLANE('',#8179);
#602=PLANE('',#8180);
#603=PLANE('',#8181);
#604=PLANE('',#8182);
#605=PLANE('',#8183);
#606=PLANE('',#8184);
#607=PLANE('',#8185);
#608=PLANE('',#8186);
#609=PLANE('',#8187);
#610=PLANE('',#8188);
#611=PLANE('',#8189);
#612=PLANE('',#8190);
#613=PLANE('',#8195);
#614=PLANE('',#8196);
#615=PLANE('',#8200);
#616=PLANE('',#8201);
#617=PLANE('',#8202);
#618=PLANE('',#8203);
#619=PLANE('',#8204);
#620=PLANE('',#8205);
#621=PLANE('',#8206);
#622=PLANE('',#8207);
#623=PLANE('',#8208);
#624=PLANE('',#8209);
#625=PLANE('',#8210);
#626=PLANE('',#8211);
#627=PLANE('',#8212);
#628=PLANE('',#8213);
#629=PLANE('',#8214);
#630=PLANE('',#8215);
#631=PLANE('',#8216);
#632=PLANE('',#8217);
#633=PLANE('',#8218);
#634=PLANE('',#8219);
#635=PLANE('',#8220);
#636=PLANE('',#8221);
#637=PLANE('',#8222);
#638=PLANE('',#8223);
#639=PLANE('',#8224);
#640=PLANE('',#8225);
#641=PLANE('',#8226);
#642=PLANE('',#8227);
#643=PLANE('',#8228);
#644=PLANE('',#8229);
#645=PLANE('',#8230);
#646=PLANE('',#8231);
#647=PLANE('',#8239);
#648=PLANE('',#8240);
#649=PLANE('',#8244);
#650=PLANE('',#8245);
#651=PLANE('',#8249);
#652=PLANE('',#8250);
#653=PLANE('',#8257);
#654=PLANE('',#8258);
#655=PLANE('',#8262);
#656=PLANE('',#8263);
#657=PLANE('',#8267);
#658=PLANE('',#8268);
#659=PLANE('',#8275);
#660=PLANE('',#8276);
#661=PLANE('',#8280);
#662=PLANE('',#8281);
#663=PLANE('',#8285);
#664=PLANE('',#8286);
#665=PLANE('',#8293);
#666=PLANE('',#8294);
#667=PLANE('',#8298);
#668=PLANE('',#8299);
#669=PLANE('',#8303);
#670=PLANE('',#8304);
#671=PLANE('',#8311);
#672=PLANE('',#8312);
#673=PLANE('',#8316);
#674=PLANE('',#8317);
#675=PLANE('',#8321);
#676=PLANE('',#8322);
#677=PLANE('',#8329);
#678=PLANE('',#8330);
#679=PLANE('',#8334);
#680=PLANE('',#8335);
#681=PLANE('',#8339);
#682=PLANE('',#8340);
#683=FACE_OUTER_BOUND('',#1142,.T.);
#684=FACE_OUTER_BOUND('',#1143,.T.);
#685=FACE_OUTER_BOUND('',#1144,.T.);
#686=FACE_OUTER_BOUND('',#1145,.T.);
#687=FACE_OUTER_BOUND('',#1147,.T.);
#688=FACE_OUTER_BOUND('',#1148,.T.);
#689=FACE_OUTER_BOUND('',#1149,.T.);
#690=FACE_OUTER_BOUND('',#1150,.T.);
#691=FACE_OUTER_BOUND('',#1152,.T.);
#692=FACE_OUTER_BOUND('',#1153,.T.);
#693=FACE_OUTER_BOUND('',#1154,.T.);
#694=FACE_OUTER_BOUND('',#1155,.T.);
#695=FACE_OUTER_BOUND('',#1157,.T.);
#696=FACE_OUTER_BOUND('',#1158,.T.);
#697=FACE_OUTER_BOUND('',#1159,.T.);
#698=FACE_OUTER_BOUND('',#1160,.T.);
#699=FACE_OUTER_BOUND('',#1162,.T.);
#700=FACE_OUTER_BOUND('',#1163,.T.);
#701=FACE_OUTER_BOUND('',#1164,.T.);
#702=FACE_OUTER_BOUND('',#1165,.T.);
#703=FACE_OUTER_BOUND('',#1167,.T.);
#704=FACE_OUTER_BOUND('',#1168,.T.);
#705=FACE_OUTER_BOUND('',#1169,.T.);
#706=FACE_OUTER_BOUND('',#1170,.T.);
#707=FACE_OUTER_BOUND('',#1172,.T.);
#708=FACE_OUTER_BOUND('',#1173,.T.);
#709=FACE_OUTER_BOUND('',#1174,.T.);
#710=FACE_OUTER_BOUND('',#1175,.T.);
#711=FACE_OUTER_BOUND('',#1177,.T.);
#712=FACE_OUTER_BOUND('',#1178,.T.);
#713=FACE_OUTER_BOUND('',#1179,.T.);
#714=FACE_OUTER_BOUND('',#1180,.T.);
#715=FACE_OUTER_BOUND('',#1182,.T.);
#716=FACE_OUTER_BOUND('',#1183,.T.);
#717=FACE_OUTER_BOUND('',#1184,.T.);
#718=FACE_OUTER_BOUND('',#1185,.T.);
#719=FACE_OUTER_BOUND('',#1186,.T.);
#720=FACE_OUTER_BOUND('',#1187,.T.);
#721=FACE_OUTER_BOUND('',#1188,.T.);
#722=FACE_OUTER_BOUND('',#1189,.T.);
#723=FACE_OUTER_BOUND('',#1190,.T.);
#724=FACE_OUTER_BOUND('',#1191,.T.);
#725=FACE_OUTER_BOUND('',#1192,.T.);
#726=FACE_OUTER_BOUND('',#1193,.T.);
#727=FACE_OUTER_BOUND('',#1195,.T.);
#728=FACE_OUTER_BOUND('',#1196,.T.);
#729=FACE_OUTER_BOUND('',#1204,.T.);
#730=FACE_OUTER_BOUND('',#1214,.T.);
#731=FACE_OUTER_BOUND('',#1215,.T.);
#732=FACE_OUTER_BOUND('',#1216,.T.);
#733=FACE_OUTER_BOUND('',#1217,.T.);
#734=FACE_OUTER_BOUND('',#1218,.T.);
#735=FACE_OUTER_BOUND('',#1220,.T.);
#736=FACE_OUTER_BOUND('',#1221,.T.);
#737=FACE_OUTER_BOUND('',#1222,.T.);
#738=FACE_OUTER_BOUND('',#1223,.T.);
#739=FACE_OUTER_BOUND('',#1224,.T.);
#740=FACE_OUTER_BOUND('',#1225,.T.);
#741=FACE_OUTER_BOUND('',#1226,.T.);
#742=FACE_OUTER_BOUND('',#1227,.T.);
#743=FACE_OUTER_BOUND('',#1228,.T.);
#744=FACE_OUTER_BOUND('',#1229,.T.);
#745=FACE_OUTER_BOUND('',#1230,.T.);
#746=FACE_OUTER_BOUND('',#1231,.T.);
#747=FACE_OUTER_BOUND('',#1232,.T.);
#748=FACE_OUTER_BOUND('',#1233,.T.);
#749=FACE_OUTER_BOUND('',#1234,.T.);
#750=FACE_OUTER_BOUND('',#1235,.T.);
#751=FACE_OUTER_BOUND('',#1236,.T.);
#752=FACE_OUTER_BOUND('',#1239,.T.);
#753=FACE_OUTER_BOUND('',#1240,.T.);
#754=FACE_OUTER_BOUND('',#1241,.T.);
#755=FACE_OUTER_BOUND('',#1242,.T.);
#756=FACE_OUTER_BOUND('',#1243,.T.);
#757=FACE_OUTER_BOUND('',#1244,.T.);
#758=FACE_OUTER_BOUND('',#1245,.T.);
#759=FACE_OUTER_BOUND('',#1246,.T.);
#760=FACE_OUTER_BOUND('',#1247,.T.);
#761=FACE_OUTER_BOUND('',#1248,.T.);
#762=FACE_OUTER_BOUND('',#1249,.T.);
#763=FACE_OUTER_BOUND('',#1250,.T.);
#764=FACE_OUTER_BOUND('',#1251,.T.);
#765=FACE_OUTER_BOUND('',#1252,.T.);
#766=FACE_OUTER_BOUND('',#1253,.T.);
#767=FACE_OUTER_BOUND('',#1254,.T.);
#768=FACE_OUTER_BOUND('',#1255,.T.);
#769=FACE_OUTER_BOUND('',#1256,.T.);
#770=FACE_OUTER_BOUND('',#1259,.T.);
#771=FACE_OUTER_BOUND('',#1260,.T.);
#772=FACE_OUTER_BOUND('',#1263,.T.);
#773=FACE_OUTER_BOUND('',#1264,.T.);
#774=FACE_OUTER_BOUND('',#1265,.T.);
#775=FACE_OUTER_BOUND('',#1266,.T.);
#776=FACE_OUTER_BOUND('',#1267,.T.);
#777=FACE_OUTER_BOUND('',#1269,.T.);
#778=FACE_OUTER_BOUND('',#1270,.T.);
#779=FACE_OUTER_BOUND('',#1272,.T.);
#780=FACE_OUTER_BOUND('',#1273,.T.);
#781=FACE_OUTER_BOUND('',#1275,.T.);
#782=FACE_OUTER_BOUND('',#1276,.T.);
#783=FACE_OUTER_BOUND('',#1278,.T.);
#784=FACE_OUTER_BOUND('',#1279,.T.);
#785=FACE_OUTER_BOUND('',#1281,.T.);
#786=FACE_OUTER_BOUND('',#1282,.T.);
#787=FACE_OUTER_BOUND('',#1284,.T.);
#788=FACE_OUTER_BOUND('',#1285,.T.);
#789=FACE_OUTER_BOUND('',#1287,.T.);
#790=FACE_OUTER_BOUND('',#1288,.T.);
#791=FACE_OUTER_BOUND('',#1289,.T.);
#792=FACE_OUTER_BOUND('',#1290,.T.);
#793=FACE_OUTER_BOUND('',#1291,.T.);
#794=FACE_OUTER_BOUND('',#1292,.T.);
#795=FACE_OUTER_BOUND('',#1293,.T.);
#796=FACE_OUTER_BOUND('',#1294,.T.);
#797=FACE_OUTER_BOUND('',#1295,.T.);
#798=FACE_OUTER_BOUND('',#1302,.T.);
#799=FACE_OUTER_BOUND('',#1303,.T.);
#800=FACE_OUTER_BOUND('',#1304,.T.);
#801=FACE_OUTER_BOUND('',#1305,.T.);
#802=FACE_OUTER_BOUND('',#1306,.T.);
#803=FACE_OUTER_BOUND('',#1307,.T.);
#804=FACE_OUTER_BOUND('',#1308,.T.);
#805=FACE_OUTER_BOUND('',#1315,.T.);
#806=FACE_OUTER_BOUND('',#1316,.T.);
#807=FACE_OUTER_BOUND('',#1317,.T.);
#808=FACE_OUTER_BOUND('',#1318,.T.);
#809=FACE_OUTER_BOUND('',#1319,.T.);
#810=FACE_OUTER_BOUND('',#1320,.T.);
#811=FACE_OUTER_BOUND('',#1322,.T.);
#812=FACE_OUTER_BOUND('',#1323,.T.);
#813=FACE_OUTER_BOUND('',#1324,.T.);
#814=FACE_OUTER_BOUND('',#1325,.T.);
#815=FACE_OUTER_BOUND('',#1327,.T.);
#816=FACE_OUTER_BOUND('',#1328,.T.);
#817=FACE_OUTER_BOUND('',#1330,.T.);
#818=FACE_OUTER_BOUND('',#1331,.T.);
#819=FACE_OUTER_BOUND('',#1332,.T.);
#820=FACE_OUTER_BOUND('',#1333,.T.);
#821=FACE_OUTER_BOUND('',#1335,.T.);
#822=FACE_OUTER_BOUND('',#1336,.T.);
#823=FACE_OUTER_BOUND('',#1338,.T.);
#824=FACE_OUTER_BOUND('',#1339,.T.);
#825=FACE_OUTER_BOUND('',#1340,.T.);
#826=FACE_OUTER_BOUND('',#1341,.T.);
#827=FACE_OUTER_BOUND('',#1343,.T.);
#828=FACE_OUTER_BOUND('',#1344,.T.);
#829=FACE_OUTER_BOUND('',#1346,.T.);
#830=FACE_OUTER_BOUND('',#1347,.T.);
#831=FACE_OUTER_BOUND('',#1348,.T.);
#832=FACE_OUTER_BOUND('',#1349,.T.);
#833=FACE_OUTER_BOUND('',#1351,.T.);
#834=FACE_OUTER_BOUND('',#1352,.T.);
#835=FACE_OUTER_BOUND('',#1353,.T.);
#836=FACE_OUTER_BOUND('',#1354,.T.);
#837=FACE_OUTER_BOUND('',#1355,.T.);
#838=FACE_OUTER_BOUND('',#1361,.T.);
#839=FACE_OUTER_BOUND('',#1363,.T.);
#840=FACE_OUTER_BOUND('',#1364,.T.);
#841=FACE_OUTER_BOUND('',#1365,.T.);
#842=FACE_OUTER_BOUND('',#1366,.T.);
#843=FACE_OUTER_BOUND('',#1367,.T.);
#844=FACE_OUTER_BOUND('',#1368,.T.);
#845=FACE_OUTER_BOUND('',#1369,.T.);
#846=FACE_OUTER_BOUND('',#1370,.T.);
#847=FACE_OUTER_BOUND('',#1371,.T.);
#848=FACE_OUTER_BOUND('',#1373,.T.);
#849=FACE_OUTER_BOUND('',#1374,.T.);
#850=FACE_OUTER_BOUND('',#1375,.T.);
#851=FACE_OUTER_BOUND('',#1376,.T.);
#852=FACE_OUTER_BOUND('',#1377,.T.);
#853=FACE_OUTER_BOUND('',#1378,.T.);
#854=FACE_OUTER_BOUND('',#1379,.T.);
#855=FACE_OUTER_BOUND('',#1380,.T.);
#856=FACE_OUTER_BOUND('',#1381,.T.);
#857=FACE_OUTER_BOUND('',#1382,.T.);
#858=FACE_OUTER_BOUND('',#1383,.T.);
#859=FACE_OUTER_BOUND('',#1384,.T.);
#860=FACE_OUTER_BOUND('',#1385,.T.);
#861=FACE_OUTER_BOUND('',#1386,.T.);
#862=FACE_OUTER_BOUND('',#1388,.T.);
#863=FACE_OUTER_BOUND('',#1389,.T.);
#864=FACE_OUTER_BOUND('',#1390,.T.);
#865=FACE_OUTER_BOUND('',#1391,.T.);
#866=FACE_OUTER_BOUND('',#1392,.T.);
#867=FACE_OUTER_BOUND('',#1393,.T.);
#868=FACE_OUTER_BOUND('',#1394,.T.);
#869=FACE_OUTER_BOUND('',#1395,.T.);
#870=FACE_OUTER_BOUND('',#1396,.T.);
#871=FACE_OUTER_BOUND('',#1400,.T.);
#872=FACE_OUTER_BOUND('',#1402,.T.);
#873=FACE_OUTER_BOUND('',#1406,.T.);
#874=FACE_OUTER_BOUND('',#1407,.T.);
#875=FACE_OUTER_BOUND('',#1408,.T.);
#876=FACE_OUTER_BOUND('',#1409,.T.);
#877=FACE_OUTER_BOUND('',#1410,.T.);
#878=FACE_OUTER_BOUND('',#1411,.T.);
#879=FACE_OUTER_BOUND('',#1412,.T.);
#880=FACE_OUTER_BOUND('',#1413,.T.);
#881=FACE_OUTER_BOUND('',#1414,.T.);
#882=FACE_OUTER_BOUND('',#1415,.T.);
#883=FACE_OUTER_BOUND('',#1420,.T.);
#884=FACE_OUTER_BOUND('',#1425,.T.);
#885=FACE_OUTER_BOUND('',#1426,.T.);
#886=FACE_OUTER_BOUND('',#1427,.T.);
#887=FACE_OUTER_BOUND('',#1428,.T.);
#888=FACE_OUTER_BOUND('',#1429,.T.);
#889=FACE_OUTER_BOUND('',#1430,.T.);
#890=FACE_OUTER_BOUND('',#1431,.T.);
#891=FACE_OUTER_BOUND('',#1432,.T.);
#892=FACE_OUTER_BOUND('',#1433,.T.);
#893=FACE_OUTER_BOUND('',#1435,.T.);
#894=FACE_OUTER_BOUND('',#1437,.T.);
#895=FACE_OUTER_BOUND('',#1438,.T.);
#896=FACE_OUTER_BOUND('',#1439,.T.);
#897=FACE_OUTER_BOUND('',#1441,.T.);
#898=FACE_OUTER_BOUND('',#1443,.T.);
#899=FACE_OUTER_BOUND('',#1444,.T.);
#900=FACE_OUTER_BOUND('',#1445,.T.);
#901=FACE_OUTER_BOUND('',#1446,.T.);
#902=FACE_OUTER_BOUND('',#1447,.T.);
#903=FACE_OUTER_BOUND('',#1448,.T.);
#904=FACE_OUTER_BOUND('',#1449,.T.);
#905=FACE_OUTER_BOUND('',#1450,.T.);
#906=FACE_OUTER_BOUND('',#1451,.T.);
#907=FACE_OUTER_BOUND('',#1452,.T.);
#908=FACE_OUTER_BOUND('',#1453,.T.);
#909=FACE_OUTER_BOUND('',#1454,.T.);
#910=FACE_OUTER_BOUND('',#1455,.T.);
#911=FACE_OUTER_BOUND('',#1456,.T.);
#912=FACE_OUTER_BOUND('',#1457,.T.);
#913=FACE_OUTER_BOUND('',#1458,.T.);
#914=FACE_OUTER_BOUND('',#1464,.T.);
#915=FACE_OUTER_BOUND('',#1465,.T.);
#916=FACE_OUTER_BOUND('',#1466,.T.);
#917=FACE_OUTER_BOUND('',#1467,.T.);
#918=FACE_OUTER_BOUND('',#1468,.T.);
#919=FACE_OUTER_BOUND('',#1469,.T.);
#920=FACE_OUTER_BOUND('',#1470,.T.);
#921=FACE_OUTER_BOUND('',#1471,.T.);
#922=FACE_OUTER_BOUND('',#1472,.T.);
#923=FACE_OUTER_BOUND('',#1473,.T.);
#924=FACE_OUTER_BOUND('',#1474,.T.);
#925=FACE_OUTER_BOUND('',#1475,.T.);
#926=FACE_OUTER_BOUND('',#1481,.T.);
#927=FACE_OUTER_BOUND('',#1482,.T.);
#928=FACE_OUTER_BOUND('',#1483,.T.);
#929=FACE_OUTER_BOUND('',#1484,.T.);
#930=FACE_OUTER_BOUND('',#1485,.T.);
#931=FACE_OUTER_BOUND('',#1486,.T.);
#932=FACE_OUTER_BOUND('',#1487,.T.);
#933=FACE_OUTER_BOUND('',#1488,.T.);
#934=FACE_OUTER_BOUND('',#1489,.T.);
#935=FACE_OUTER_BOUND('',#1490,.T.);
#936=FACE_OUTER_BOUND('',#1491,.T.);
#937=FACE_OUTER_BOUND('',#1492,.T.);
#938=FACE_OUTER_BOUND('',#1493,.T.);
#939=FACE_OUTER_BOUND('',#1494,.T.);
#940=FACE_OUTER_BOUND('',#1495,.T.);
#941=FACE_OUTER_BOUND('',#1496,.T.);
#942=FACE_OUTER_BOUND('',#1497,.T.);
#943=FACE_OUTER_BOUND('',#1498,.T.);
#944=FACE_OUTER_BOUND('',#1499,.T.);
#945=FACE_OUTER_BOUND('',#1500,.T.);
#946=FACE_OUTER_BOUND('',#1501,.T.);
#947=FACE_OUTER_BOUND('',#1502,.T.);
#948=FACE_OUTER_BOUND('',#1503,.T.);
#949=FACE_OUTER_BOUND('',#1504,.T.);
#950=FACE_OUTER_BOUND('',#1505,.T.);
#951=FACE_OUTER_BOUND('',#1506,.T.);
#952=FACE_OUTER_BOUND('',#1507,.T.);
#953=FACE_OUTER_BOUND('',#1508,.T.);
#954=FACE_OUTER_BOUND('',#1509,.T.);
#955=FACE_OUTER_BOUND('',#1510,.T.);
#956=FACE_OUTER_BOUND('',#1511,.T.);
#957=FACE_OUTER_BOUND('',#1512,.T.);
#958=FACE_OUTER_BOUND('',#1513,.T.);
#959=FACE_OUTER_BOUND('',#1514,.T.);
#960=FACE_OUTER_BOUND('',#1515,.T.);
#961=FACE_OUTER_BOUND('',#1516,.T.);
#962=FACE_OUTER_BOUND('',#1517,.T.);
#963=FACE_OUTER_BOUND('',#1518,.T.);
#964=FACE_OUTER_BOUND('',#1519,.T.);
#965=FACE_OUTER_BOUND('',#1520,.T.);
#966=FACE_OUTER_BOUND('',#1521,.T.);
#967=FACE_OUTER_BOUND('',#1522,.T.);
#968=FACE_OUTER_BOUND('',#1524,.T.);
#969=FACE_OUTER_BOUND('',#1525,.T.);
#970=FACE_OUTER_BOUND('',#1526,.T.);
#971=FACE_OUTER_BOUND('',#1527,.T.);
#972=FACE_OUTER_BOUND('',#1528,.T.);
#973=FACE_OUTER_BOUND('',#1529,.T.);
#974=FACE_OUTER_BOUND('',#1530,.T.);
#975=FACE_OUTER_BOUND('',#1531,.T.);
#976=FACE_OUTER_BOUND('',#1532,.T.);
#977=FACE_OUTER_BOUND('',#1533,.T.);
#978=FACE_OUTER_BOUND('',#1534,.T.);
#979=FACE_OUTER_BOUND('',#1535,.T.);
#980=FACE_OUTER_BOUND('',#1536,.T.);
#981=FACE_OUTER_BOUND('',#1537,.T.);
#982=FACE_OUTER_BOUND('',#1538,.T.);
#983=FACE_OUTER_BOUND('',#1539,.T.);
#984=FACE_OUTER_BOUND('',#1540,.T.);
#985=FACE_OUTER_BOUND('',#1541,.T.);
#986=FACE_OUTER_BOUND('',#1542,.T.);
#987=FACE_OUTER_BOUND('',#1543,.T.);
#988=FACE_OUTER_BOUND('',#1544,.T.);
#989=FACE_OUTER_BOUND('',#1545,.T.);
#990=FACE_OUTER_BOUND('',#1546,.T.);
#991=FACE_OUTER_BOUND('',#1547,.T.);
#992=FACE_OUTER_BOUND('',#1549,.T.);
#993=FACE_OUTER_BOUND('',#1550,.T.);
#994=FACE_OUTER_BOUND('',#1551,.T.);
#995=FACE_OUTER_BOUND('',#1552,.T.);
#996=FACE_OUTER_BOUND('',#1553,.T.);
#997=FACE_OUTER_BOUND('',#1557,.T.);
#998=FACE_OUTER_BOUND('',#1558,.T.);
#999=FACE_OUTER_BOUND('',#1559,.T.);
#1000=FACE_OUTER_BOUND('',#1560,.T.);
#1001=FACE_OUTER_BOUND('',#1561,.T.);
#1002=FACE_OUTER_BOUND('',#1562,.T.);
#1003=FACE_OUTER_BOUND('',#1563,.T.);
#1004=FACE_OUTER_BOUND('',#1564,.T.);
#1005=FACE_OUTER_BOUND('',#1565,.T.);
#1006=FACE_OUTER_BOUND('',#1567,.T.);
#1007=FACE_OUTER_BOUND('',#1568,.T.);
#1008=FACE_OUTER_BOUND('',#1569,.T.);
#1009=FACE_OUTER_BOUND('',#1570,.T.);
#1010=FACE_OUTER_BOUND('',#1571,.T.);
#1011=FACE_OUTER_BOUND('',#1572,.T.);
#1012=FACE_OUTER_BOUND('',#1573,.T.);
#1013=FACE_OUTER_BOUND('',#1574,.T.);
#1014=FACE_OUTER_BOUND('',#1575,.T.);
#1015=FACE_OUTER_BOUND('',#1576,.T.);
#1016=FACE_OUTER_BOUND('',#1577,.T.);
#1017=FACE_OUTER_BOUND('',#1578,.T.);
#1018=FACE_OUTER_BOUND('',#1579,.T.);
#1019=FACE_OUTER_BOUND('',#1580,.T.);
#1020=FACE_OUTER_BOUND('',#1581,.T.);
#1021=FACE_OUTER_BOUND('',#1582,.T.);
#1022=FACE_OUTER_BOUND('',#1583,.T.);
#1023=FACE_OUTER_BOUND('',#1584,.T.);
#1024=FACE_OUTER_BOUND('',#1585,.T.);
#1025=FACE_OUTER_BOUND('',#1586,.T.);
#1026=FACE_OUTER_BOUND('',#1587,.T.);
#1027=FACE_OUTER_BOUND('',#1588,.T.);
#1028=FACE_OUTER_BOUND('',#1589,.T.);
#1029=FACE_OUTER_BOUND('',#1590,.T.);
#1030=FACE_OUTER_BOUND('',#1591,.T.);
#1031=FACE_OUTER_BOUND('',#1592,.T.);
#1032=FACE_OUTER_BOUND('',#1593,.T.);
#1033=FACE_OUTER_BOUND('',#1594,.T.);
#1034=FACE_OUTER_BOUND('',#1595,.T.);
#1035=FACE_OUTER_BOUND('',#1596,.T.);
#1036=FACE_OUTER_BOUND('',#1597,.T.);
#1037=FACE_OUTER_BOUND('',#1598,.T.);
#1038=FACE_OUTER_BOUND('',#1599,.T.);
#1039=FACE_OUTER_BOUND('',#1600,.T.);
#1040=FACE_OUTER_BOUND('',#1601,.T.);
#1041=FACE_OUTER_BOUND('',#1602,.T.);
#1042=FACE_OUTER_BOUND('',#1603,.T.);
#1043=FACE_OUTER_BOUND('',#1604,.T.);
#1044=FACE_OUTER_BOUND('',#1605,.T.);
#1045=FACE_OUTER_BOUND('',#1606,.T.);
#1046=FACE_OUTER_BOUND('',#1607,.T.);
#1047=FACE_OUTER_BOUND('',#1608,.T.);
#1048=FACE_OUTER_BOUND('',#1609,.T.);
#1049=FACE_OUTER_BOUND('',#1610,.T.);
#1050=FACE_OUTER_BOUND('',#1611,.T.);
#1051=FACE_OUTER_BOUND('',#1612,.T.);
#1052=FACE_OUTER_BOUND('',#1613,.T.);
#1053=FACE_OUTER_BOUND('',#1614,.T.);
#1054=FACE_OUTER_BOUND('',#1615,.T.);
#1055=FACE_OUTER_BOUND('',#1616,.T.);
#1056=FACE_OUTER_BOUND('',#1617,.T.);
#1057=FACE_OUTER_BOUND('',#1618,.T.);
#1058=FACE_OUTER_BOUND('',#1619,.T.);
#1059=FACE_OUTER_BOUND('',#1620,.T.);
#1060=FACE_OUTER_BOUND('',#1621,.T.);
#1061=FACE_OUTER_BOUND('',#1622,.T.);
#1062=FACE_OUTER_BOUND('',#1623,.T.);
#1063=FACE_OUTER_BOUND('',#1624,.T.);
#1064=FACE_OUTER_BOUND('',#1625,.T.);
#1065=FACE_OUTER_BOUND('',#1626,.T.);
#1066=FACE_OUTER_BOUND('',#1627,.T.);
#1067=FACE_OUTER_BOUND('',#1628,.T.);
#1068=FACE_OUTER_BOUND('',#1629,.T.);
#1069=FACE_OUTER_BOUND('',#1630,.T.);
#1070=FACE_OUTER_BOUND('',#1631,.T.);
#1071=FACE_OUTER_BOUND('',#1632,.T.);
#1072=FACE_OUTER_BOUND('',#1633,.T.);
#1073=FACE_OUTER_BOUND('',#1634,.T.);
#1074=FACE_OUTER_BOUND('',#1635,.T.);
#1075=FACE_OUTER_BOUND('',#1636,.T.);
#1076=FACE_OUTER_BOUND('',#1637,.T.);
#1077=FACE_OUTER_BOUND('',#1638,.T.);
#1078=FACE_OUTER_BOUND('',#1639,.T.);
#1079=FACE_OUTER_BOUND('',#1640,.T.);
#1080=FACE_OUTER_BOUND('',#1641,.T.);
#1081=FACE_OUTER_BOUND('',#1642,.T.);
#1082=FACE_OUTER_BOUND('',#1643,.T.);
#1083=FACE_OUTER_BOUND('',#1644,.T.);
#1084=FACE_OUTER_BOUND('',#1645,.T.);
#1085=FACE_OUTER_BOUND('',#1647,.T.);
#1086=FACE_OUTER_BOUND('',#1649,.T.);
#1087=FACE_OUTER_BOUND('',#1650,.T.);
#1088=FACE_OUTER_BOUND('',#1651,.T.);
#1089=FACE_OUTER_BOUND('',#1652,.T.);
#1090=FACE_OUTER_BOUND('',#1653,.T.);
#1091=FACE_OUTER_BOUND('',#1654,.T.);
#1092=FACE_OUTER_BOUND('',#1655,.T.);
#1093=FACE_OUTER_BOUND('',#1656,.T.);
#1094=FACE_OUTER_BOUND('',#1657,.T.);
#1095=FACE_OUTER_BOUND('',#1659,.T.);
#1096=FACE_OUTER_BOUND('',#1661,.T.);
#1097=FACE_OUTER_BOUND('',#1662,.T.);
#1098=FACE_OUTER_BOUND('',#1663,.T.);
#1099=FACE_OUTER_BOUND('',#1664,.T.);
#1100=FACE_OUTER_BOUND('',#1665,.T.);
#1101=FACE_OUTER_BOUND('',#1666,.T.);
#1102=FACE_OUTER_BOUND('',#1667,.T.);
#1103=FACE_OUTER_BOUND('',#1668,.T.);
#1104=FACE_OUTER_BOUND('',#1669,.T.);
#1105=FACE_OUTER_BOUND('',#1671,.T.);
#1106=FACE_OUTER_BOUND('',#1673,.T.);
#1107=FACE_OUTER_BOUND('',#1674,.T.);
#1108=FACE_OUTER_BOUND('',#1675,.T.);
#1109=FACE_OUTER_BOUND('',#1676,.T.);
#1110=FACE_OUTER_BOUND('',#1677,.T.);
#1111=FACE_OUTER_BOUND('',#1678,.T.);
#1112=FACE_OUTER_BOUND('',#1679,.T.);
#1113=FACE_OUTER_BOUND('',#1680,.T.);
#1114=FACE_OUTER_BOUND('',#1681,.T.);
#1115=FACE_OUTER_BOUND('',#1683,.T.);
#1116=FACE_OUTER_BOUND('',#1685,.T.);
#1117=FACE_OUTER_BOUND('',#1686,.T.);
#1118=FACE_OUTER_BOUND('',#1687,.T.);
#1119=FACE_OUTER_BOUND('',#1688,.T.);
#1120=FACE_OUTER_BOUND('',#1689,.T.);
#1121=FACE_OUTER_BOUND('',#1690,.T.);
#1122=FACE_OUTER_BOUND('',#1691,.T.);
#1123=FACE_OUTER_BOUND('',#1692,.T.);
#1124=FACE_OUTER_BOUND('',#1693,.T.);
#1125=FACE_OUTER_BOUND('',#1695,.T.);
#1126=FACE_OUTER_BOUND('',#1697,.T.);
#1127=FACE_OUTER_BOUND('',#1698,.T.);
#1128=FACE_OUTER_BOUND('',#1699,.T.);
#1129=FACE_OUTER_BOUND('',#1700,.T.);
#1130=FACE_OUTER_BOUND('',#1701,.T.);
#1131=FACE_OUTER_BOUND('',#1702,.T.);
#1132=FACE_OUTER_BOUND('',#1703,.T.);
#1133=FACE_OUTER_BOUND('',#1704,.T.);
#1134=FACE_OUTER_BOUND('',#1705,.T.);
#1135=FACE_OUTER_BOUND('',#1707,.T.);
#1136=FACE_OUTER_BOUND('',#1709,.T.);
#1137=FACE_OUTER_BOUND('',#1710,.T.);
#1138=FACE_OUTER_BOUND('',#1711,.T.);
#1139=FACE_OUTER_BOUND('',#1712,.T.);
#1140=FACE_OUTER_BOUND('',#1713,.T.);
#1141=FACE_OUTER_BOUND('',#1714,.T.);
#1142=EDGE_LOOP('',(#4920,#4921,#4922,#4923));
#1143=EDGE_LOOP('',(#4924));
#1144=EDGE_LOOP('',(#4925,#4926,#4927,#4928));
#1145=EDGE_LOOP('',(#4929));
#1146=EDGE_LOOP('',(#4930));
#1147=EDGE_LOOP('',(#4931,#4932,#4933,#4934));
#1148=EDGE_LOOP('',(#4935));
#1149=EDGE_LOOP('',(#4936,#4937,#4938,#4939));
#1150=EDGE_LOOP('',(#4940));
#1151=EDGE_LOOP('',(#4941));
#1152=EDGE_LOOP('',(#4942,#4943,#4944,#4945));
#1153=EDGE_LOOP('',(#4946));
#1154=EDGE_LOOP('',(#4947,#4948,#4949,#4950));
#1155=EDGE_LOOP('',(#4951));
#1156=EDGE_LOOP('',(#4952));
#1157=EDGE_LOOP('',(#4953,#4954,#4955,#4956));
#1158=EDGE_LOOP('',(#4957));
#1159=EDGE_LOOP('',(#4958,#4959,#4960,#4961));
#1160=EDGE_LOOP('',(#4962));
#1161=EDGE_LOOP('',(#4963));
#1162=EDGE_LOOP('',(#4964,#4965,#4966,#4967));
#1163=EDGE_LOOP('',(#4968));
#1164=EDGE_LOOP('',(#4969,#4970,#4971,#4972));
#1165=EDGE_LOOP('',(#4973));
#1166=EDGE_LOOP('',(#4974));
#1167=EDGE_LOOP('',(#4975,#4976,#4977,#4978));
#1168=EDGE_LOOP('',(#4979));
#1169=EDGE_LOOP('',(#4980,#4981,#4982,#4983));
#1170=EDGE_LOOP('',(#4984));
#1171=EDGE_LOOP('',(#4985));
#1172=EDGE_LOOP('',(#4986,#4987,#4988,#4989));
#1173=EDGE_LOOP('',(#4990));
#1174=EDGE_LOOP('',(#4991,#4992,#4993,#4994));
#1175=EDGE_LOOP('',(#4995));
#1176=EDGE_LOOP('',(#4996));
#1177=EDGE_LOOP('',(#4997,#4998,#4999,#5000));
#1178=EDGE_LOOP('',(#5001));
#1179=EDGE_LOOP('',(#5002,#5003,#5004,#5005));
#1180=EDGE_LOOP('',(#5006));
#1181=EDGE_LOOP('',(#5007));
#1182=EDGE_LOOP('',(#5008,#5009,#5010,#5011));
#1183=EDGE_LOOP('',(#5012,#5013,#5014,#5015));
#1184=EDGE_LOOP('',(#5016,#5017,#5018,#5019));
#1185=EDGE_LOOP('',(#5020,#5021,#5022,#5023));
#1186=EDGE_LOOP('',(#5024,#5025,#5026,#5027));
#1187=EDGE_LOOP('',(#5028,#5029,#5030,#5031));
#1188=EDGE_LOOP('',(#5032,#5033,#5034,#5035));
#1189=EDGE_LOOP('',(#5036,#5037,#5038,#5039));
#1190=EDGE_LOOP('',(#5040));
#1191=EDGE_LOOP('',(#5041,#5042,#5043,#5044));
#1192=EDGE_LOOP('',(#5045,#5046,#5047,#5048));
#1193=EDGE_LOOP('',(#5049,#5050,#5051,#5052));
#1194=EDGE_LOOP('',(#5053));
#1195=EDGE_LOOP('',(#5054,#5055,#5056,#5057));
#1196=EDGE_LOOP('',(#5058,#5059,#5060,#5061,#5062,#5063,#5064,#5065));
#1197=EDGE_LOOP('',(#5066));
#1198=EDGE_LOOP('',(#5067));
#1199=EDGE_LOOP('',(#5068));
#1200=EDGE_LOOP('',(#5069));
#1201=EDGE_LOOP('',(#5070));
#1202=EDGE_LOOP('',(#5071));
#1203=EDGE_LOOP('',(#5072,#5073,#5074,#5075,#5076,#5077,#5078,#5079,#5080,
#5081,#5082,#5083,#5084,#5085,#5086,#5087,#5088,#5089,#5090,#5091,#5092,
#5093,#5094,#5095,#5096,#5097,#5098,#5099));
#1204=EDGE_LOOP('',(#5100,#5101,#5102,#5103,#5104,#5105,#5106,#5107,#5108,
#5109,#5110,#5111,#5112,#5113,#5114,#5115,#5116,#5117,#5118,#5119,#5120,
#5121,#5122,#5123,#5124,#5125,#5126,#5127));
#1205=EDGE_LOOP('',(#5128));
#1206=EDGE_LOOP('',(#5129));
#1207=EDGE_LOOP('',(#5130));
#1208=EDGE_LOOP('',(#5131));
#1209=EDGE_LOOP('',(#5132));
#1210=EDGE_LOOP('',(#5133));
#1211=EDGE_LOOP('',(#5134));
#1212=EDGE_LOOP('',(#5135,#5136,#5137,#5138));
#1213=EDGE_LOOP('',(#5139));
#1214=EDGE_LOOP('',(#5140,#5141,#5142,#5143));
#1215=EDGE_LOOP('',(#5144));
#1216=EDGE_LOOP('',(#5145,#5146,#5147,#5148));
#1217=EDGE_LOOP('',(#5149,#5150,#5151,#5152));
#1218=EDGE_LOOP('',(#5153,#5154,#5155,#5156));
#1219=EDGE_LOOP('',(#5157,#5158,#5159,#5160));
#1220=EDGE_LOOP('',(#5161,#5162,#5163,#5164));
#1221=EDGE_LOOP('',(#5165,#5166,#5167,#5168));
#1222=EDGE_LOOP('',(#5169));
#1223=EDGE_LOOP('',(#5170,#5171,#5172,#5173));
#1224=EDGE_LOOP('',(#5174,#5175,#5176,#5177));
#1225=EDGE_LOOP('',(#5178,#5179,#5180,#5181));
#1226=EDGE_LOOP('',(#5182,#5183,#5184,#5185));
#1227=EDGE_LOOP('',(#5186,#5187,#5188,#5189));
#1228=EDGE_LOOP('',(#5190));
#1229=EDGE_LOOP('',(#5191,#5192,#5193,#5194));
#1230=EDGE_LOOP('',(#5195,#5196,#5197,#5198));
#1231=EDGE_LOOP('',(#5199,#5200,#5201,#5202));
#1232=EDGE_LOOP('',(#5203,#5204,#5205,#5206));
#1233=EDGE_LOOP('',(#5207));
#1234=EDGE_LOOP('',(#5208,#5209,#5210,#5211));
#1235=EDGE_LOOP('',(#5212,#5213,#5214,#5215));
#1236=EDGE_LOOP('',(#5216,#5217,#5218,#5219));
#1237=EDGE_LOOP('',(#5220));
#1238=EDGE_LOOP('',(#5221));
#1239=EDGE_LOOP('',(#5222,#5223,#5224,#5225));
#1240=EDGE_LOOP('',(#5226,#5227,#5228,#5229));
#1241=EDGE_LOOP('',(#5230));
#1242=EDGE_LOOP('',(#5231,#5232,#5233,#5234));
#1243=EDGE_LOOP('',(#5235,#5236,#5237,#5238));
#1244=EDGE_LOOP('',(#5239,#5240,#5241,#5242));
#1245=EDGE_LOOP('',(#5243,#5244,#5245,#5246));
#1246=EDGE_LOOP('',(#5247,#5248,#5249,#5250));
#1247=EDGE_LOOP('',(#5251,#5252,#5253,#5254));
#1248=EDGE_LOOP('',(#5255,#5256,#5257,#5258));
#1249=EDGE_LOOP('',(#5259,#5260,#5261,#5262));
#1250=EDGE_LOOP('',(#5263,#5264,#5265,#5266));
#1251=EDGE_LOOP('',(#5267,#5268,#5269,#5270));
#1252=EDGE_LOOP('',(#5271,#5272,#5273,#5274));
#1253=EDGE_LOOP('',(#5275,#5276,#5277,#5278));
#1254=EDGE_LOOP('',(#5279,#5280,#5281,#5282));
#1255=EDGE_LOOP('',(#5283,#5284,#5285,#5286));
#1256=EDGE_LOOP('',(#5287,#5288,#5289,#5290));
#1257=EDGE_LOOP('',(#5291));
#1258=EDGE_LOOP('',(#5292));
#1259=EDGE_LOOP('',(#5293,#5294,#5295,#5296));
#1260=EDGE_LOOP('',(#5297,#5298,#5299,#5300));
#1261=EDGE_LOOP('',(#5301,#5302,#5303,#5304));
#1262=EDGE_LOOP('',(#5305));
#1263=EDGE_LOOP('',(#5306,#5307,#5308,#5309));
#1264=EDGE_LOOP('',(#5310,#5311,#5312,#5313));
#1265=EDGE_LOOP('',(#5314,#5315,#5316,#5317));
#1266=EDGE_LOOP('',(#5318,#5319,#5320,#5321));
#1267=EDGE_LOOP('',(#5322,#5323,#5324,#5325,#5326,#5327,#5328,#5329));
#1268=EDGE_LOOP('',(#5330,#5331,#5332,#5333));
#1269=EDGE_LOOP('',(#5334,#5335,#5336,#5337));
#1270=EDGE_LOOP('',(#5338));
#1271=EDGE_LOOP('',(#5339));
#1272=EDGE_LOOP('',(#5340,#5341,#5342,#5343));
#1273=EDGE_LOOP('',(#5344));
#1274=EDGE_LOOP('',(#5345));
#1275=EDGE_LOOP('',(#5346,#5347,#5348,#5349));
#1276=EDGE_LOOP('',(#5350));
#1277=EDGE_LOOP('',(#5351));
#1278=EDGE_LOOP('',(#5352,#5353,#5354,#5355));
#1279=EDGE_LOOP('',(#5356));
#1280=EDGE_LOOP('',(#5357));
#1281=EDGE_LOOP('',(#5358,#5359,#5360,#5361));
#1282=EDGE_LOOP('',(#5362));
#1283=EDGE_LOOP('',(#5363));
#1284=EDGE_LOOP('',(#5364,#5365,#5366,#5367));
#1285=EDGE_LOOP('',(#5368));
#1286=EDGE_LOOP('',(#5369));
#1287=EDGE_LOOP('',(#5370,#5371,#5372,#5373));
#1288=EDGE_LOOP('',(#5374,#5375,#5376,#5377));
#1289=EDGE_LOOP('',(#5378,#5379,#5380,#5381));
#1290=EDGE_LOOP('',(#5382,#5383,#5384,#5385));
#1291=EDGE_LOOP('',(#5386,#5387,#5388,#5389));
#1292=EDGE_LOOP('',(#5390,#5391,#5392,#5393));
#1293=EDGE_LOOP('',(#5394,#5395,#5396,#5397));
#1294=EDGE_LOOP('',(#5398,#5399,#5400,#5401));
#1295=EDGE_LOOP('',(#5402,#5403,#5404,#5405,#5406,#5407,#5408,#5409));
#1296=EDGE_LOOP('',(#5410));
#1297=EDGE_LOOP('',(#5411));
#1298=EDGE_LOOP('',(#5412));
#1299=EDGE_LOOP('',(#5413));
#1300=EDGE_LOOP('',(#5414));
#1301=EDGE_LOOP('',(#5415));
#1302=EDGE_LOOP('',(#5416,#5417,#5418,#5419));
#1303=EDGE_LOOP('',(#5420,#5421,#5422,#5423));
#1304=EDGE_LOOP('',(#5424,#5425,#5426,#5427));
#1305=EDGE_LOOP('',(#5428,#5429,#5430,#5431));
#1306=EDGE_LOOP('',(#5432,#5433,#5434,#5435));
#1307=EDGE_LOOP('',(#5436,#5437,#5438,#5439));
#1308=EDGE_LOOP('',(#5440,#5441,#5442,#5443,#5444,#5445,#5446,#5447));
#1309=EDGE_LOOP('',(#5448));
#1310=EDGE_LOOP('',(#5449));
#1311=EDGE_LOOP('',(#5450));
#1312=EDGE_LOOP('',(#5451));
#1313=EDGE_LOOP('',(#5452));
#1314=EDGE_LOOP('',(#5453));
#1315=EDGE_LOOP('',(#5454,#5455,#5456,#5457));
#1316=EDGE_LOOP('',(#5458,#5459,#5460,#5461));
#1317=EDGE_LOOP('',(#5462,#5463,#5464,#5465));
#1318=EDGE_LOOP('',(#5466,#5467,#5468,#5469));
#1319=EDGE_LOOP('',(#5470,#5471,#5472,#5473));
#1320=EDGE_LOOP('',(#5474,#5475,#5476,#5477));
#1321=EDGE_LOOP('',(#5478));
#1322=EDGE_LOOP('',(#5479,#5480,#5481,#5482));
#1323=EDGE_LOOP('',(#5483,#5484,#5485,#5486));
#1324=EDGE_LOOP('',(#5487,#5488,#5489,#5490));
#1325=EDGE_LOOP('',(#5491,#5492,#5493,#5494));
#1326=EDGE_LOOP('',(#5495));
#1327=EDGE_LOOP('',(#5496,#5497,#5498,#5499));
#1328=EDGE_LOOP('',(#5500,#5501,#5502,#5503));
#1329=EDGE_LOOP('',(#5504));
#1330=EDGE_LOOP('',(#5505,#5506,#5507,#5508));
#1331=EDGE_LOOP('',(#5509,#5510,#5511,#5512));
#1332=EDGE_LOOP('',(#5513,#5514,#5515,#5516));
#1333=EDGE_LOOP('',(#5517,#5518,#5519,#5520));
#1334=EDGE_LOOP('',(#5521));
#1335=EDGE_LOOP('',(#5522,#5523,#5524,#5525));
#1336=EDGE_LOOP('',(#5526,#5527,#5528,#5529));
#1337=EDGE_LOOP('',(#5530));
#1338=EDGE_LOOP('',(#5531,#5532,#5533,#5534));
#1339=EDGE_LOOP('',(#5535,#5536,#5537,#5538));
#1340=EDGE_LOOP('',(#5539,#5540,#5541,#5542));
#1341=EDGE_LOOP('',(#5543,#5544,#5545,#5546));
#1342=EDGE_LOOP('',(#5547));
#1343=EDGE_LOOP('',(#5548,#5549,#5550,#5551));
#1344=EDGE_LOOP('',(#5552,#5553,#5554,#5555));
#1345=EDGE_LOOP('',(#5556));
#1346=EDGE_LOOP('',(#5557,#5558,#5559,#5560));
#1347=EDGE_LOOP('',(#5561,#5562,#5563,#5564));
#1348=EDGE_LOOP('',(#5565,#5566,#5567,#5568));
#1349=EDGE_LOOP('',(#5569,#5570,#5571,#5572));
#1350=EDGE_LOOP('',(#5573));
#1351=EDGE_LOOP('',(#5574,#5575,#5576,#5577));
#1352=EDGE_LOOP('',(#5578));
#1353=EDGE_LOOP('',(#5579,#5580,#5581,#5582));
#1354=EDGE_LOOP('',(#5583,#5584,#5585,#5586));
#1355=EDGE_LOOP('',(#5587,#5588,#5589,#5590));
#1356=EDGE_LOOP('',(#5591));
#1357=EDGE_LOOP('',(#5592));
#1358=EDGE_LOOP('',(#5593,#5594,#5595,#5596,#5597,#5598,#5599,#5600,#5601,
#5602,#5603,#5604,#5605,#5606,#5607,#5608,#5609,#5610,#5611,#5612));
#1359=EDGE_LOOP('',(#5613));
#1360=EDGE_LOOP('',(#5614));
#1361=EDGE_LOOP('',(#5615,#5616,#5617,#5618));
#1362=EDGE_LOOP('',(#5619));
#1363=EDGE_LOOP('',(#5620,#5621,#5622,#5623));
#1364=EDGE_LOOP('',(#5624,#5625,#5626));
#1365=EDGE_LOOP('',(#5627,#5628,#5629,#5630));
#1366=EDGE_LOOP('',(#5631));
#1367=EDGE_LOOP('',(#5632,#5633,#5634,#5635));
#1368=EDGE_LOOP('',(#5636,#5637,#5638,#5639));
#1369=EDGE_LOOP('',(#5640,#5641,#5642,#5643));
#1370=EDGE_LOOP('',(#5644,#5645,#5646,#5647,#5648,#5649,#5650,#5651));
#1371=EDGE_LOOP('',(#5652,#5653,#5654,#5655));
#1372=EDGE_LOOP('',(#5656,#5657,#5658,#5659));
#1373=EDGE_LOOP('',(#5660,#5661,#5662,#5663));
#1374=EDGE_LOOP('',(#5664));
#1375=EDGE_LOOP('',(#5665,#5666,#5667,#5668));
#1376=EDGE_LOOP('',(#5669,#5670,#5671,#5672));
#1377=EDGE_LOOP('',(#5673,#5674,#5675,#5676));
#1378=EDGE_LOOP('',(#5677,#5678,#5679));
#1379=EDGE_LOOP('',(#5680,#5681,#5682,#5683));
#1380=EDGE_LOOP('',(#5684,#5685,#5686,#5687));
#1381=EDGE_LOOP('',(#5688));
#1382=EDGE_LOOP('',(#5689,#5690,#5691,#5692));
#1383=EDGE_LOOP('',(#5693,#5694,#5695,#5696));
#1384=EDGE_LOOP('',(#5697,#5698,#5699,#5700));
#1385=EDGE_LOOP('',(#5701,#5702,#5703));
#1386=EDGE_LOOP('',(#5704,#5705,#5706,#5707));
#1387=EDGE_LOOP('',(#5708));
#1388=EDGE_LOOP('',(#5709,#5710,#5711,#5712));
#1389=EDGE_LOOP('',(#5713,#5714,#5715,#5716));
#1390=EDGE_LOOP('',(#5717,#5718,#5719,#5720));
#1391=EDGE_LOOP('',(#5721,#5722,#5723,#5724));
#1392=EDGE_LOOP('',(#5725,#5726,#5727,#5728));
#1393=EDGE_LOOP('',(#5729,#5730,#5731,#5732));
#1394=EDGE_LOOP('',(#5733,#5734,#5735));
#1395=EDGE_LOOP('',(#5736,#5737,#5738,#5739));
#1396=EDGE_LOOP('',(#5740,#5741,#5742,#5743));
#1397=EDGE_LOOP('',(#5744,#5745,#5746,#5747));
#1398=EDGE_LOOP('',(#5748,#5749,#5750,#5751));
#1399=EDGE_LOOP('',(#5752));
#1400=EDGE_LOOP('',(#5753,#5754,#5755,#5756));
#1401=EDGE_LOOP('',(#5757,#5758,#5759,#5760));
#1402=EDGE_LOOP('',(#5761,#5762,#5763,#5764));
#1403=EDGE_LOOP('',(#5765,#5766,#5767,#5768));
#1404=EDGE_LOOP('',(#5769,#5770,#5771,#5772));
#1405=EDGE_LOOP('',(#5773));
#1406=EDGE_LOOP('',(#5774,#5775,#5776,#5777));
#1407=EDGE_LOOP('',(#5778,#5779,#5780,#5781));
#1408=EDGE_LOOP('',(#5782,#5783,#5784,#5785));
#1409=EDGE_LOOP('',(#5786,#5787,#5788,#5789));
#1410=EDGE_LOOP('',(#5790,#5791,#5792,#5793));
#1411=EDGE_LOOP('',(#5794,#5795,#5796,#5797));
#1412=EDGE_LOOP('',(#5798,#5799,#5800,#5801));
#1413=EDGE_LOOP('',(#5802,#5803,#5804,#5805));
#1414=EDGE_LOOP('',(#5806,#5807,#5808,#5809));
#1415=EDGE_LOOP('',(#5810,#5811,#5812,#5813));
#1416=EDGE_LOOP('',(#5814));
#1417=EDGE_LOOP('',(#5815));
#1418=EDGE_LOOP('',(#5816));
#1419=EDGE_LOOP('',(#5817));
#1420=EDGE_LOOP('',(#5818,#5819,#5820,#5821));
#1421=EDGE_LOOP('',(#5822));
#1422=EDGE_LOOP('',(#5823));
#1423=EDGE_LOOP('',(#5824));
#1424=EDGE_LOOP('',(#5825));
#1425=EDGE_LOOP('',(#5826,#5827,#5828,#5829));
#1426=EDGE_LOOP('',(#5830,#5831,#5832,#5833));
#1427=EDGE_LOOP('',(#5834,#5835,#5836,#5837));
#1428=EDGE_LOOP('',(#5838,#5839,#5840,#5841));
#1429=EDGE_LOOP('',(#5842,#5843,#5844,#5845));
#1430=EDGE_LOOP('',(#5846,#5847,#5848,#5849));
#1431=EDGE_LOOP('',(#5850,#5851,#5852,#5853));
#1432=EDGE_LOOP('',(#5854,#5855,#5856,#5857));
#1433=EDGE_LOOP('',(#5858));
#1434=EDGE_LOOP('',(#5859));
#1435=EDGE_LOOP('',(#5860));
#1436=EDGE_LOOP('',(#5861));
#1437=EDGE_LOOP('',(#5862,#5863,#5864,#5865));
#1438=EDGE_LOOP('',(#5866,#5867,#5868,#5869));
#1439=EDGE_LOOP('',(#5870));
#1440=EDGE_LOOP('',(#5871));
#1441=EDGE_LOOP('',(#5872));
#1442=EDGE_LOOP('',(#5873));
#1443=EDGE_LOOP('',(#5874,#5875,#5876,#5877));
#1444=EDGE_LOOP('',(#5878,#5879,#5880,#5881));
#1445=EDGE_LOOP('',(#5882,#5883,#5884,#5885));
#1446=EDGE_LOOP('',(#5886,#5887,#5888,#5889));
#1447=EDGE_LOOP('',(#5890,#5891,#5892,#5893));
#1448=EDGE_LOOP('',(#5894,#5895,#5896,#5897));
#1449=EDGE_LOOP('',(#5898,#5899,#5900,#5901));
#1450=EDGE_LOOP('',(#5902,#5903,#5904,#5905));
#1451=EDGE_LOOP('',(#5906,#5907,#5908,#5909));
#1452=EDGE_LOOP('',(#5910,#5911,#5912,#5913));
#1453=EDGE_LOOP('',(#5914,#5915,#5916,#5917));
#1454=EDGE_LOOP('',(#5918,#5919,#5920,#5921));
#1455=EDGE_LOOP('',(#5922,#5923,#5924,#5925));
#1456=EDGE_LOOP('',(#5926,#5927,#5928,#5929));
#1457=EDGE_LOOP('',(#5930,#5931,#5932,#5933));
#1458=EDGE_LOOP('',(#5934,#5935,#5936,#5937,#5938,#5939,#5940,#5941,#5942,
#5943,#5944,#5945,#5946,#5947,#5948,#5949,#5950,#5951,#5952,#5953));
#1459=EDGE_LOOP('',(#5954));
#1460=EDGE_LOOP('',(#5955,#5956,#5957,#5958));
#1461=EDGE_LOOP('',(#5959));
#1462=EDGE_LOOP('',(#5960));
#1463=EDGE_LOOP('',(#5961));
#1464=EDGE_LOOP('',(#5962,#5963,#5964,#5965));
#1465=EDGE_LOOP('',(#5966,#5967,#5968,#5969));
#1466=EDGE_LOOP('',(#5970,#5971,#5972,#5973));
#1467=EDGE_LOOP('',(#5974,#5975,#5976,#5977));
#1468=EDGE_LOOP('',(#5978,#5979,#5980,#5981));
#1469=EDGE_LOOP('',(#5982,#5983,#5984,#5985));
#1470=EDGE_LOOP('',(#5986,#5987,#5988,#5989));
#1471=EDGE_LOOP('',(#5990,#5991,#5992,#5993));
#1472=EDGE_LOOP('',(#5994,#5995,#5996,#5997));
#1473=EDGE_LOOP('',(#5998,#5999,#6000,#6001));
#1474=EDGE_LOOP('',(#6002,#6003,#6004,#6005));
#1475=EDGE_LOOP('',(#6006,#6007,#6008,#6009,#6010,#6011,#6012,#6013,#6014,
#6015,#6016,#6017,#6018,#6019,#6020,#6021,#6022,#6023,#6024,#6025));
#1476=EDGE_LOOP('',(#6026));
#1477=EDGE_LOOP('',(#6027,#6028,#6029,#6030));
#1478=EDGE_LOOP('',(#6031));
#1479=EDGE_LOOP('',(#6032));
#1480=EDGE_LOOP('',(#6033));
#1481=EDGE_LOOP('',(#6034,#6035,#6036,#6037));
#1482=EDGE_LOOP('',(#6038,#6039,#6040,#6041));
#1483=EDGE_LOOP('',(#6042,#6043,#6044,#6045));
#1484=EDGE_LOOP('',(#6046,#6047,#6048,#6049));
#1485=EDGE_LOOP('',(#6050,#6051,#6052,#6053));
#1486=EDGE_LOOP('',(#6054,#6055,#6056,#6057));
#1487=EDGE_LOOP('',(#6058,#6059,#6060,#6061));
#1488=EDGE_LOOP('',(#6062,#6063,#6064,#6065));
#1489=EDGE_LOOP('',(#6066,#6067,#6068,#6069));
#1490=EDGE_LOOP('',(#6070,#6071,#6072,#6073));
#1491=EDGE_LOOP('',(#6074,#6075,#6076,#6077));
#1492=EDGE_LOOP('',(#6078,#6079,#6080,#6081));
#1493=EDGE_LOOP('',(#6082,#6083,#6084,#6085));
#1494=EDGE_LOOP('',(#6086,#6087,#6088,#6089));
#1495=EDGE_LOOP('',(#6090,#6091,#6092,#6093));
#1496=EDGE_LOOP('',(#6094,#6095,#6096,#6097));
#1497=EDGE_LOOP('',(#6098,#6099,#6100,#6101));
#1498=EDGE_LOOP('',(#6102,#6103,#6104,#6105));
#1499=EDGE_LOOP('',(#6106,#6107,#6108,#6109));
#1500=EDGE_LOOP('',(#6110,#6111,#6112,#6113));
#1501=EDGE_LOOP('',(#6114,#6115,#6116,#6117));
#1502=EDGE_LOOP('',(#6118,#6119,#6120,#6121));
#1503=EDGE_LOOP('',(#6122,#6123,#6124,#6125));
#1504=EDGE_LOOP('',(#6126,#6127,#6128,#6129));
#1505=EDGE_LOOP('',(#6130,#6131,#6132,#6133));
#1506=EDGE_LOOP('',(#6134,#6135,#6136,#6137));
#1507=EDGE_LOOP('',(#6138,#6139,#6140,#6141));
#1508=EDGE_LOOP('',(#6142,#6143,#6144,#6145));
#1509=EDGE_LOOP('',(#6146,#6147,#6148,#6149));
#1510=EDGE_LOOP('',(#6150,#6151,#6152,#6153));
#1511=EDGE_LOOP('',(#6154,#6155,#6156,#6157));
#1512=EDGE_LOOP('',(#6158,#6159,#6160,#6161));
#1513=EDGE_LOOP('',(#6162,#6163,#6164,#6165));
#1514=EDGE_LOOP('',(#6166,#6167,#6168,#6169));
#1515=EDGE_LOOP('',(#6170,#6171,#6172,#6173));
#1516=EDGE_LOOP('',(#6174,#6175,#6176,#6177));
#1517=EDGE_LOOP('',(#6178,#6179,#6180,#6181));
#1518=EDGE_LOOP('',(#6182,#6183,#6184,#6185));
#1519=EDGE_LOOP('',(#6186,#6187,#6188,#6189));
#1520=EDGE_LOOP('',(#6190,#6191,#6192,#6193));
#1521=EDGE_LOOP('',(#6194,#6195,#6196,#6197));
#1522=EDGE_LOOP('',(#6198,#6199,#6200,#6201));
#1523=EDGE_LOOP('',(#6202,#6203,#6204,#6205));
#1524=EDGE_LOOP('',(#6206,#6207,#6208,#6209));
#1525=EDGE_LOOP('',(#6210,#6211,#6212,#6213));
#1526=EDGE_LOOP('',(#6214));
#1527=EDGE_LOOP('',(#6215));
#1528=EDGE_LOOP('',(#6216,#6217,#6218,#6219));
#1529=EDGE_LOOP('',(#6220));
#1530=EDGE_LOOP('',(#6221));
#1531=EDGE_LOOP('',(#6222,#6223,#6224,#6225));
#1532=EDGE_LOOP('',(#6226,#6227,#6228,#6229));
#1533=EDGE_LOOP('',(#6230,#6231,#6232,#6233));
#1534=EDGE_LOOP('',(#6234,#6235,#6236,#6237));
#1535=EDGE_LOOP('',(#6238,#6239,#6240,#6241));
#1536=EDGE_LOOP('',(#6242,#6243,#6244,#6245));
#1537=EDGE_LOOP('',(#6246,#6247,#6248,#6249));
#1538=EDGE_LOOP('',(#6250,#6251,#6252,#6253));
#1539=EDGE_LOOP('',(#6254,#6255,#6256,#6257));
#1540=EDGE_LOOP('',(#6258,#6259,#6260,#6261));
#1541=EDGE_LOOP('',(#6262,#6263,#6264,#6265));
#1542=EDGE_LOOP('',(#6266,#6267,#6268,#6269));
#1543=EDGE_LOOP('',(#6270,#6271,#6272,#6273));
#1544=EDGE_LOOP('',(#6274,#6275,#6276,#6277));
#1545=EDGE_LOOP('',(#6278,#6279,#6280,#6281));
#1546=EDGE_LOOP('',(#6282,#6283,#6284,#6285));
#1547=EDGE_LOOP('',(#6286,#6287,#6288,#6289));
#1548=EDGE_LOOP('',(#6290,#6291,#6292,#6293));
#1549=EDGE_LOOP('',(#6294,#6295,#6296,#6297));
#1550=EDGE_LOOP('',(#6298,#6299,#6300,#6301));
#1551=EDGE_LOOP('',(#6302,#6303,#6304,#6305));
#1552=EDGE_LOOP('',(#6306,#6307,#6308,#6309));
#1553=EDGE_LOOP('',(#6310,#6311,#6312,#6313));
#1554=EDGE_LOOP('',(#6314,#6315,#6316,#6317));
#1555=EDGE_LOOP('',(#6318,#6319,#6320,#6321));
#1556=EDGE_LOOP('',(#6322,#6323,#6324,#6325));
#1557=EDGE_LOOP('',(#6326,#6327,#6328,#6329));
#1558=EDGE_LOOP('',(#6330,#6331,#6332,#6333));
#1559=EDGE_LOOP('',(#6334,#6335,#6336,#6337));
#1560=EDGE_LOOP('',(#6338,#6339,#6340,#6341));
#1561=EDGE_LOOP('',(#6342,#6343,#6344,#6345));
#1562=EDGE_LOOP('',(#6346,#6347,#6348,#6349));
#1563=EDGE_LOOP('',(#6350,#6351,#6352,#6353));
#1564=EDGE_LOOP('',(#6354,#6355,#6356,#6357));
#1565=EDGE_LOOP('',(#6358,#6359,#6360,#6361));
#1566=EDGE_LOOP('',(#6362,#6363,#6364,#6365));
#1567=EDGE_LOOP('',(#6366,#6367,#6368,#6369));
#1568=EDGE_LOOP('',(#6370,#6371,#6372,#6373));
#1569=EDGE_LOOP('',(#6374,#6375,#6376,#6377));
#1570=EDGE_LOOP('',(#6378,#6379,#6380,#6381,#6382,#6383,#6384,#6385));
#1571=EDGE_LOOP('',(#6386,#6387,#6388,#6389));
#1572=EDGE_LOOP('',(#6390,#6391,#6392,#6393));
#1573=EDGE_LOOP('',(#6394,#6395,#6396,#6397));
#1574=EDGE_LOOP('',(#6398,#6399,#6400,#6401));
#1575=EDGE_LOOP('',(#6402,#6403,#6404,#6405));
#1576=EDGE_LOOP('',(#6406,#6407,#6408,#6409,#6410,#6411,#6412,#6413));
#1577=EDGE_LOOP('',(#6414,#6415,#6416,#6417));
#1578=EDGE_LOOP('',(#6418,#6419,#6420,#6421));
#1579=EDGE_LOOP('',(#6422,#6423,#6424,#6425));
#1580=EDGE_LOOP('',(#6426,#6427,#6428,#6429));
#1581=EDGE_LOOP('',(#6430,#6431,#6432,#6433));
#1582=EDGE_LOOP('',(#6434,#6435,#6436,#6437));
#1583=EDGE_LOOP('',(#6438,#6439,#6440,#6441));
#1584=EDGE_LOOP('',(#6442));
#1585=EDGE_LOOP('',(#6443));
#1586=EDGE_LOOP('',(#6444,#6445,#6446,#6447));
#1587=EDGE_LOOP('',(#6448));
#1588=EDGE_LOOP('',(#6449));
#1589=EDGE_LOOP('',(#6450,#6451,#6452,#6453));
#1590=EDGE_LOOP('',(#6454,#6455,#6456,#6457));
#1591=EDGE_LOOP('',(#6458,#6459,#6460,#6461));
#1592=EDGE_LOOP('',(#6462,#6463,#6464,#6465));
#1593=EDGE_LOOP('',(#6466,#6467,#6468,#6469));
#1594=EDGE_LOOP('',(#6470,#6471,#6472,#6473));
#1595=EDGE_LOOP('',(#6474,#6475,#6476,#6477));
#1596=EDGE_LOOP('',(#6478,#6479,#6480,#6481));
#1597=EDGE_LOOP('',(#6482,#6483,#6484,#6485));
#1598=EDGE_LOOP('',(#6486,#6487,#6488,#6489));
#1599=EDGE_LOOP('',(#6490,#6491,#6492,#6493));
#1600=EDGE_LOOP('',(#6494,#6495,#6496,#6497));
#1601=EDGE_LOOP('',(#6498,#6499,#6500,#6501));
#1602=EDGE_LOOP('',(#6502,#6503,#6504,#6505));
#1603=EDGE_LOOP('',(#6506,#6507,#6508,#6509));
#1604=EDGE_LOOP('',(#6510,#6511,#6512,#6513));
#1605=EDGE_LOOP('',(#6514,#6515,#6516,#6517));
#1606=EDGE_LOOP('',(#6518,#6519,#6520,#6521));
#1607=EDGE_LOOP('',(#6522,#6523,#6524,#6525));
#1608=EDGE_LOOP('',(#6526));
#1609=EDGE_LOOP('',(#6527));
#1610=EDGE_LOOP('',(#6528,#6529,#6530,#6531));
#1611=EDGE_LOOP('',(#6532));
#1612=EDGE_LOOP('',(#6533));
#1613=EDGE_LOOP('',(#6534,#6535,#6536,#6537));
#1614=EDGE_LOOP('',(#6538,#6539,#6540,#6541));
#1615=EDGE_LOOP('',(#6542,#6543,#6544,#6545));
#1616=EDGE_LOOP('',(#6546,#6547,#6548,#6549));
#1617=EDGE_LOOP('',(#6550,#6551,#6552,#6553));
#1618=EDGE_LOOP('',(#6554,#6555,#6556,#6557));
#1619=EDGE_LOOP('',(#6558,#6559,#6560,#6561));
#1620=EDGE_LOOP('',(#6562,#6563,#6564,#6565));
#1621=EDGE_LOOP('',(#6566,#6567,#6568,#6569));
#1622=EDGE_LOOP('',(#6570,#6571,#6572,#6573));
#1623=EDGE_LOOP('',(#6574,#6575,#6576,#6577));
#1624=EDGE_LOOP('',(#6578,#6579,#6580,#6581));
#1625=EDGE_LOOP('',(#6582,#6583,#6584,#6585));
#1626=EDGE_LOOP('',(#6586,#6587,#6588,#6589));
#1627=EDGE_LOOP('',(#6590,#6591,#6592,#6593));
#1628=EDGE_LOOP('',(#6594,#6595,#6596,#6597));
#1629=EDGE_LOOP('',(#6598,#6599,#6600,#6601));
#1630=EDGE_LOOP('',(#6602,#6603,#6604,#6605));
#1631=EDGE_LOOP('',(#6606,#6607,#6608,#6609));
#1632=EDGE_LOOP('',(#6610,#6611,#6612,#6613));
#1633=EDGE_LOOP('',(#6614,#6615,#6616,#6617));
#1634=EDGE_LOOP('',(#6618,#6619,#6620,#6621));
#1635=EDGE_LOOP('',(#6622,#6623,#6624,#6625));
#1636=EDGE_LOOP('',(#6626,#6627,#6628,#6629));
#1637=EDGE_LOOP('',(#6630,#6631,#6632,#6633));
#1638=EDGE_LOOP('',(#6634,#6635,#6636,#6637));
#1639=EDGE_LOOP('',(#6638,#6639,#6640,#6641));
#1640=EDGE_LOOP('',(#6642,#6643,#6644,#6645));
#1641=EDGE_LOOP('',(#6646,#6647,#6648,#6649));
#1642=EDGE_LOOP('',(#6650,#6651,#6652,#6653));
#1643=EDGE_LOOP('',(#6654,#6655,#6656,#6657));
#1644=EDGE_LOOP('',(#6658,#6659,#6660,#6661));
#1645=EDGE_LOOP('',(#6662));
#1646=EDGE_LOOP('',(#6663));
#1647=EDGE_LOOP('',(#6664));
#1648=EDGE_LOOP('',(#6665));
#1649=EDGE_LOOP('',(#6666,#6667,#6668,#6669));
#1650=EDGE_LOOP('',(#6670));
#1651=EDGE_LOOP('',(#6671));
#1652=EDGE_LOOP('',(#6672,#6673,#6674,#6675));
#1653=EDGE_LOOP('',(#6676));
#1654=EDGE_LOOP('',(#6677));
#1655=EDGE_LOOP('',(#6678,#6679,#6680,#6681));
#1656=EDGE_LOOP('',(#6682,#6683,#6684,#6685));
#1657=EDGE_LOOP('',(#6686));
#1658=EDGE_LOOP('',(#6687));
#1659=EDGE_LOOP('',(#6688));
#1660=EDGE_LOOP('',(#6689));
#1661=EDGE_LOOP('',(#6690,#6691,#6692,#6693));
#1662=EDGE_LOOP('',(#6694));
#1663=EDGE_LOOP('',(#6695));
#1664=EDGE_LOOP('',(#6696,#6697,#6698,#6699));
#1665=EDGE_LOOP('',(#6700));
#1666=EDGE_LOOP('',(#6701));
#1667=EDGE_LOOP('',(#6702,#6703,#6704,#6705));
#1668=EDGE_LOOP('',(#6706,#6707,#6708,#6709));
#1669=EDGE_LOOP('',(#6710));
#1670=EDGE_LOOP('',(#6711));
#1671=EDGE_LOOP('',(#6712));
#1672=EDGE_LOOP('',(#6713));
#1673=EDGE_LOOP('',(#6714,#6715,#6716,#6717));
#1674=EDGE_LOOP('',(#6718));
#1675=EDGE_LOOP('',(#6719));
#1676=EDGE_LOOP('',(#6720,#6721,#6722,#6723));
#1677=EDGE_LOOP('',(#6724));
#1678=EDGE_LOOP('',(#6725));
#1679=EDGE_LOOP('',(#6726,#6727,#6728,#6729));
#1680=EDGE_LOOP('',(#6730,#6731,#6732,#6733));
#1681=EDGE_LOOP('',(#6734));
#1682=EDGE_LOOP('',(#6735));
#1683=EDGE_LOOP('',(#6736));
#1684=EDGE_LOOP('',(#6737));
#1685=EDGE_LOOP('',(#6738,#6739,#6740,#6741));
#1686=EDGE_LOOP('',(#6742));
#1687=EDGE_LOOP('',(#6743));
#1688=EDGE_LOOP('',(#6744,#6745,#6746,#6747));
#1689=EDGE_LOOP('',(#6748));
#1690=EDGE_LOOP('',(#6749));
#1691=EDGE_LOOP('',(#6750,#6751,#6752,#6753));
#1692=EDGE_LOOP('',(#6754,#6755,#6756,#6757));
#1693=EDGE_LOOP('',(#6758));
#1694=EDGE_LOOP('',(#6759));
#1695=EDGE_LOOP('',(#6760));
#1696=EDGE_LOOP('',(#6761));
#1697=EDGE_LOOP('',(#6762,#6763,#6764,#6765));
#1698=EDGE_LOOP('',(#6766));
#1699=EDGE_LOOP('',(#6767));
#1700=EDGE_LOOP('',(#6768,#6769,#6770,#6771));
#1701=EDGE_LOOP('',(#6772));
#1702=EDGE_LOOP('',(#6773));
#1703=EDGE_LOOP('',(#6774,#6775,#6776,#6777));
#1704=EDGE_LOOP('',(#6778,#6779,#6780,#6781));
#1705=EDGE_LOOP('',(#6782));
#1706=EDGE_LOOP('',(#6783));
#1707=EDGE_LOOP('',(#6784));
#1708=EDGE_LOOP('',(#6785));
#1709=EDGE_LOOP('',(#6786,#6787,#6788,#6789));
#1710=EDGE_LOOP('',(#6790));
#1711=EDGE_LOOP('',(#6791));
#1712=EDGE_LOOP('',(#6792,#6793,#6794,#6795));
#1713=EDGE_LOOP('',(#6796));
#1714=EDGE_LOOP('',(#6797));
#1715=LINE('',#10531,#2424);
#1716=LINE('',#10538,#2425);
#1717=LINE('',#10545,#2426);
#1718=LINE('',#10552,#2427);
#1719=LINE('',#10559,#2428);
#1720=LINE('',#10566,#2429);
#1721=LINE('',#10573,#2430);
#1722=LINE('',#10580,#2431);
#1723=LINE('',#10587,#2432);
#1724=LINE('',#10594,#2433);
#1725=LINE('',#10601,#2434);
#1726=LINE('',#10608,#2435);
#1727=LINE('',#10615,#2436);
#1728=LINE('',#10622,#2437);
#1729=LINE('',#10629,#2438);
#1730=LINE('',#10636,#2439);
#1731=LINE('',#10642,#2440);
#1732=LINE('',#10644,#2441);
#1733=LINE('',#10646,#2442);
#1734=LINE('',#10647,#2443);
#1735=LINE('',#10650,#2444);
#1736=LINE('',#10652,#2445);
#1737=LINE('',#10653,#2446);
#1738=LINE('',#10656,#2447);
#1739=LINE('',#10658,#2448);
#1740=LINE('',#10659,#2449);
#1741=LINE('',#10661,#2450);
#1742=LINE('',#10662,#2451);
#1743=LINE('',#10667,#2452);
#1744=LINE('',#10673,#2453);
#1745=LINE('',#10679,#2454);
#1746=LINE('',#10685,#2455);
#1747=LINE('',#10691,#2456);
#1748=LINE('',#10693,#2457);
#1749=LINE('',#10695,#2458);
#1750=LINE('',#10696,#2459);
#1751=LINE('',#10700,#2460);
#1752=LINE('',#10702,#2461);
#1753=LINE('',#10704,#2462);
#1754=LINE('',#10705,#2463);
#1755=LINE('',#10708,#2464);
#1756=LINE('',#10710,#2465);
#1757=LINE('',#10711,#2466);
#1758=LINE('',#10720,#2467);
#1759=LINE('',#10724,#2468);
#1760=LINE('',#10728,#2469);
#1761=LINE('',#10731,#2470);
#1762=LINE('',#10743,#2471);
#1763=LINE('',#10747,#2472);
#1764=LINE('',#10749,#2473);
#1765=LINE('',#10751,#2474);
#1766=LINE('',#10755,#2475);
#1767=LINE('',#10759,#2476);
#1768=LINE('',#10763,#2477);
#1769=LINE('',#10767,#2478);
#1770=LINE('',#10769,#2479);
#1771=LINE('',#10771,#2480);
#1772=LINE('',#10775,#2481);
#1773=LINE('',#10777,#2482);
#1774=LINE('',#10779,#2483);
#1775=LINE('',#10783,#2484);
#1776=LINE('',#10787,#2485);
#1777=LINE('',#10793,#2486);
#1778=LINE('',#10797,#2487);
#1779=LINE('',#10801,#2488);
#1780=LINE('',#10803,#2489);
#1781=LINE('',#10805,#2490);
#1782=LINE('',#10809,#2491);
#1783=LINE('',#10811,#2492);
#1784=LINE('',#10813,#2493);
#1785=LINE('',#10817,#2494);
#1786=LINE('',#10821,#2495);
#1787=LINE('',#10825,#2496);
#1788=LINE('',#10829,#2497);
#1789=LINE('',#10831,#2498);
#1790=LINE('',#10833,#2499);
#1791=LINE('',#10836,#2500);
#1792=LINE('',#10839,#2501);
#1793=LINE('',#10841,#2502);
#1794=LINE('',#10843,#2503);
#1795=LINE('',#10844,#2504);
#1796=LINE('',#10848,#2505);
#1797=LINE('',#10851,#2506);
#1798=LINE('',#10853,#2507);
#1799=LINE('',#10854,#2508);
#1800=LINE('',#10856,#2509);
#1801=LINE('',#10861,#2510);
#1802=LINE('',#10864,#2511);
#1803=LINE('',#10866,#2512);
#1804=LINE('',#10867,#2513);
#1805=LINE('',#10869,#2514);
#1806=LINE('',#10874,#2515);
#1807=LINE('',#10877,#2516);
#1808=LINE('',#10878,#2517);
#1809=LINE('',#10880,#2518);
#1810=LINE('',#10881,#2519);
#1811=LINE('',#10886,#2520);
#1812=LINE('',#10889,#2521);
#1813=LINE('',#10890,#2522);
#1814=LINE('',#10892,#2523);
#1815=LINE('',#10893,#2524);
#1816=LINE('',#10899,#2525);
#1817=LINE('',#10902,#2526);
#1818=LINE('',#10903,#2527);
#1819=LINE('',#10905,#2528);
#1820=LINE('',#10906,#2529);
#1821=LINE('',#10911,#2530);
#1822=LINE('',#10913,#2531);
#1823=LINE('',#10914,#2532);
#1824=LINE('',#10917,#2533);
#1825=LINE('',#10918,#2534);
#1826=LINE('',#10921,#2535);
#1827=LINE('',#10922,#2536);
#1828=LINE('',#10924,#2537);
#1829=LINE('',#10926,#2538);
#1830=LINE('',#10928,#2539);
#1831=LINE('',#10931,#2540);
#1832=LINE('',#10935,#2541);
#1833=LINE('',#10938,#2542);
#1834=LINE('',#10941,#2543);
#1835=LINE('',#10942,#2544);
#1836=LINE('',#10945,#2545);
#1837=LINE('',#10948,#2546);
#1838=LINE('',#10951,#2547);
#1839=LINE('',#10952,#2548);
#1840=LINE('',#10956,#2549);
#1841=LINE('',#10959,#2550);
#1842=LINE('',#10962,#2551);
#1843=LINE('',#10964,#2552);
#1844=LINE('',#10971,#2553);
#1845=LINE('',#10980,#2554);
#1846=LINE('',#10989,#2555);
#1847=LINE('',#10998,#2556);
#1848=LINE('',#11007,#2557);
#1849=LINE('',#11016,#2558);
#1850=LINE('',#11024,#2559);
#1851=LINE('',#11028,#2560);
#1852=LINE('',#11032,#2561);
#1853=LINE('',#11036,#2562);
#1854=LINE('',#11040,#2563);
#1855=LINE('',#11044,#2564);
#1856=LINE('',#11050,#2565);
#1857=LINE('',#11053,#2566);
#1858=LINE('',#11056,#2567);
#1859=LINE('',#11058,#2568);
#1860=LINE('',#11059,#2569);
#1861=LINE('',#11062,#2570);
#1862=LINE('',#11066,#2571);
#1863=LINE('',#11070,#2572);
#1864=LINE('',#11074,#2573);
#1865=LINE('',#11077,#2574);
#1866=LINE('',#11080,#2575);
#1867=LINE('',#11081,#2576);
#1868=LINE('',#11085,#2577);
#1869=LINE('',#11088,#2578);
#1870=LINE('',#11091,#2579);
#1871=LINE('',#11093,#2580);
#1872=LINE('',#11099,#2581);
#1873=LINE('',#11101,#2582);
#1874=LINE('',#11103,#2583);
#1875=LINE('',#11104,#2584);
#1876=LINE('',#11107,#2585);
#1877=LINE('',#11109,#2586);
#1878=LINE('',#11110,#2587);
#1879=LINE('',#11113,#2588);
#1880=LINE('',#11115,#2589);
#1881=LINE('',#11116,#2590);
#1882=LINE('',#11118,#2591);
#1883=LINE('',#11119,#2592);
#1884=LINE('',#11124,#2593);
#1885=LINE('',#11129,#2594);
#1886=LINE('',#11131,#2595);
#1887=LINE('',#11133,#2596);
#1888=LINE('',#11134,#2597);
#1889=LINE('',#11137,#2598);
#1890=LINE('',#11139,#2599);
#1891=LINE('',#11140,#2600);
#1892=LINE('',#11143,#2601);
#1893=LINE('',#11145,#2602);
#1894=LINE('',#11146,#2603);
#1895=LINE('',#11148,#2604);
#1896=LINE('',#11150,#2605);
#1897=LINE('',#11155,#2606);
#1898=LINE('',#11160,#2607);
#1899=LINE('',#11162,#2608);
#1900=LINE('',#11164,#2609);
#1901=LINE('',#11165,#2610);
#1902=LINE('',#11168,#2611);
#1903=LINE('',#11170,#2612);
#1904=LINE('',#11171,#2613);
#1905=LINE('',#11174,#2614);
#1906=LINE('',#11176,#2615);
#1907=LINE('',#11177,#2616);
#1908=LINE('',#11179,#2617);
#1909=LINE('',#11181,#2618);
#1910=LINE('',#11186,#2619);
#1911=LINE('',#11191,#2620);
#1912=LINE('',#11193,#2621);
#1913=LINE('',#11195,#2622);
#1914=LINE('',#11196,#2623);
#1915=LINE('',#11199,#2624);
#1916=LINE('',#11201,#2625);
#1917=LINE('',#11202,#2626);
#1918=LINE('',#11205,#2627);
#1919=LINE('',#11207,#2628);
#1920=LINE('',#11208,#2629);
#1921=LINE('',#11210,#2630);
#1922=LINE('',#11212,#2631);
#1923=LINE('',#11217,#2632);
#1924=LINE('',#11222,#2633);
#1925=LINE('',#11224,#2634);
#1926=LINE('',#11226,#2635);
#1927=LINE('',#11227,#2636);
#1928=LINE('',#11230,#2637);
#1929=LINE('',#11232,#2638);
#1930=LINE('',#11233,#2639);
#1931=LINE('',#11236,#2640);
#1932=LINE('',#11238,#2641);
#1933=LINE('',#11239,#2642);
#1934=LINE('',#11241,#2643);
#1935=LINE('',#11243,#2644);
#1936=LINE('',#11248,#2645);
#1937=LINE('',#11254,#2646);
#1938=LINE('',#11258,#2647);
#1939=LINE('',#11263,#2648);
#1940=LINE('',#11269,#2649);
#1941=LINE('',#11271,#2650);
#1942=LINE('',#11273,#2651);
#1943=LINE('',#11274,#2652);
#1944=LINE('',#11278,#2653);
#1945=LINE('',#11279,#2654);
#1946=LINE('',#11281,#2655);
#1947=LINE('',#11283,#2656);
#1948=LINE('',#11285,#2657);
#1949=LINE('',#11290,#2658);
#1950=LINE('',#11296,#2659);
#1951=LINE('',#11297,#2660);
#1952=LINE('',#11299,#2661);
#1953=LINE('',#11301,#2662);
#1954=LINE('',#11303,#2663);
#1955=LINE('',#11307,#2664);
#1956=LINE('',#11313,#2665);
#1957=LINE('',#11315,#2666);
#1958=LINE('',#11316,#2667);
#1959=LINE('',#11321,#2668);
#1960=LINE('',#11322,#2669);
#1961=LINE('',#11324,#2670);
#1962=LINE('',#11328,#2671);
#1963=LINE('',#11331,#2672);
#1964=LINE('',#11334,#2673);
#1965=LINE('',#11337,#2674);
#1966=LINE('',#11341,#2675);
#1967=LINE('',#11342,#2676);
#1968=LINE('',#11345,#2677);
#1969=LINE('',#11349,#2678);
#1970=LINE('',#11352,#2679);
#1971=LINE('',#11354,#2680);
#1972=LINE('',#11358,#2681);
#1973=LINE('',#11361,#2682);
#1974=LINE('',#11362,#2683);
#1975=LINE('',#11365,#2684);
#1976=LINE('',#11369,#2685);
#1977=LINE('',#11371,#2686);
#1978=LINE('',#11373,#2687);
#1979=LINE('',#11374,#2688);
#1980=LINE('',#11378,#2689);
#1981=LINE('',#11382,#2690);
#1982=LINE('',#11383,#2691);
#1983=LINE('',#11388,#2692);
#1984=LINE('',#11389,#2693);
#1985=LINE('',#11391,#2694);
#1986=LINE('',#11393,#2695);
#1987=LINE('',#11398,#2696);
#1988=LINE('',#11403,#2697);
#1989=LINE('',#11407,#2698);
#1990=LINE('',#11413,#2699);
#1991=LINE('',#11414,#2700);
#1992=LINE('',#11415,#2701);
#1993=LINE('',#11418,#2702);
#1994=LINE('',#11419,#2703);
#1995=LINE('',#11422,#2704);
#1996=LINE('',#11423,#2705);
#1997=LINE('',#11425,#2706);
#1998=LINE('',#11432,#2707);
#1999=LINE('',#11438,#2708);
#2000=LINE('',#11444,#2709);
#2001=LINE('',#11450,#2710);
#2002=LINE('',#11455,#2711);
#2003=LINE('',#11457,#2712);
#2004=LINE('',#11459,#2713);
#2005=LINE('',#11460,#2714);
#2006=LINE('',#11463,#2715);
#2007=LINE('',#11465,#2716);
#2008=LINE('',#11466,#2717);
#2009=LINE('',#11469,#2718);
#2010=LINE('',#11471,#2719);
#2011=LINE('',#11472,#2720);
#2012=LINE('',#11474,#2721);
#2013=LINE('',#11475,#2722);
#2014=LINE('',#11482,#2723);
#2015=LINE('',#11484,#2724);
#2016=LINE('',#11486,#2725);
#2017=LINE('',#11487,#2726);
#2018=LINE('',#11490,#2727);
#2019=LINE('',#11492,#2728);
#2020=LINE('',#11493,#2729);
#2021=LINE('',#11496,#2730);
#2022=LINE('',#11498,#2731);
#2023=LINE('',#11499,#2732);
#2024=LINE('',#11501,#2733);
#2025=LINE('',#11502,#2734);
#2026=LINE('',#11510,#2735);
#2027=LINE('',#11516,#2736);
#2028=LINE('',#11524,#2737);
#2029=LINE('',#11530,#2738);
#2030=LINE('',#11538,#2739);
#2031=LINE('',#11540,#2740);
#2032=LINE('',#11542,#2741);
#2033=LINE('',#11543,#2742);
#2034=LINE('',#11546,#2743);
#2035=LINE('',#11548,#2744);
#2036=LINE('',#11549,#2745);
#2037=LINE('',#11552,#2746);
#2038=LINE('',#11554,#2747);
#2039=LINE('',#11555,#2748);
#2040=LINE('',#11557,#2749);
#2041=LINE('',#11558,#2750);
#2042=LINE('',#11565,#2751);
#2043=LINE('',#11567,#2752);
#2044=LINE('',#11569,#2753);
#2045=LINE('',#11570,#2754);
#2046=LINE('',#11573,#2755);
#2047=LINE('',#11575,#2756);
#2048=LINE('',#11576,#2757);
#2049=LINE('',#11579,#2758);
#2050=LINE('',#11581,#2759);
#2051=LINE('',#11582,#2760);
#2052=LINE('',#11584,#2761);
#2053=LINE('',#11585,#2762);
#2054=LINE('',#11593,#2763);
#2055=LINE('',#11598,#2764);
#2056=LINE('',#11600,#2765);
#2057=LINE('',#11602,#2766);
#2058=LINE('',#11603,#2767);
#2059=LINE('',#11607,#2768);
#2060=LINE('',#11608,#2769);
#2061=LINE('',#11609,#2770);
#2062=LINE('',#11612,#2771);
#2063=LINE('',#11614,#2772);
#2064=LINE('',#11616,#2773);
#2065=LINE('',#11618,#2774);
#2066=LINE('',#11620,#2775);
#2067=LINE('',#11622,#2776);
#2068=LINE('',#11624,#2777);
#2069=LINE('',#11626,#2778);
#2070=LINE('',#11628,#2779);
#2071=LINE('',#11630,#2780);
#2072=LINE('',#11632,#2781);
#2073=LINE('',#11634,#2782);
#2074=LINE('',#11636,#2783);
#2075=LINE('',#11638,#2784);
#2076=LINE('',#11640,#2785);
#2077=LINE('',#11642,#2786);
#2078=LINE('',#11644,#2787);
#2079=LINE('',#11645,#2788);
#2080=LINE('',#11648,#2789);
#2081=LINE('',#11650,#2790);
#2082=LINE('',#11652,#2791);
#2083=LINE('',#11653,#2792);
#2084=LINE('',#11662,#2793);
#2085=LINE('',#11663,#2794);
#2086=LINE('',#11666,#2795);
#2087=LINE('',#11670,#2796);
#2088=LINE('',#11671,#2797);
#2089=LINE('',#11674,#2798);
#2090=LINE('',#11675,#2799);
#2091=LINE('',#11678,#2800);
#2092=LINE('',#11679,#2801);
#2093=LINE('',#11683,#2802);
#2094=LINE('',#11684,#2803);
#2095=LINE('',#11685,#2804);
#2096=LINE('',#11688,#2805);
#2097=LINE('',#11689,#2806);
#2098=LINE('',#11692,#2807);
#2099=LINE('',#11696,#2808);
#2100=LINE('',#11698,#2809);
#2101=LINE('',#11699,#2810);
#2102=LINE('',#11702,#2811);
#2103=LINE('',#11703,#2812);
#2104=LINE('',#11707,#2813);
#2105=LINE('',#11708,#2814);
#2106=LINE('',#11709,#2815);
#2107=LINE('',#11711,#2816);
#2108=LINE('',#11713,#2817);
#2109=LINE('',#11715,#2818);
#2110=LINE('',#11717,#2819);
#2111=LINE('',#11719,#2820);
#2112=LINE('',#11721,#2821);
#2113=LINE('',#11723,#2822);
#2114=LINE('',#11725,#2823);
#2115=LINE('',#11726,#2824);
#2116=LINE('',#11727,#2825);
#2117=LINE('',#11730,#2826);
#2118=LINE('',#11731,#2827);
#2119=LINE('',#11732,#2828);
#2120=LINE('',#11736,#2829);
#2121=LINE('',#11738,#2830);
#2122=LINE('',#11739,#2831);
#2123=LINE('',#11741,#2832);
#2124=LINE('',#11742,#2833);
#2125=LINE('',#11746,#2834);
#2126=LINE('',#11748,#2835);
#2127=LINE('',#11750,#2836);
#2128=LINE('',#11752,#2837);
#2129=LINE('',#11754,#2838);
#2130=LINE('',#11763,#2839);
#2131=LINE('',#11765,#2840);
#2132=LINE('',#11767,#2841);
#2133=LINE('',#11768,#2842);
#2134=LINE('',#11771,#2843);
#2135=LINE('',#11773,#2844);
#2136=LINE('',#11774,#2845);
#2137=LINE('',#11777,#2846);
#2138=LINE('',#11779,#2847);
#2139=LINE('',#11780,#2848);
#2140=LINE('',#11782,#2849);
#2141=LINE('',#11783,#2850);
#2142=LINE('',#11789,#2851);
#2143=LINE('',#11791,#2852);
#2144=LINE('',#11793,#2853);
#2145=LINE('',#11794,#2854);
#2146=LINE('',#11797,#2855);
#2147=LINE('',#11799,#2856);
#2148=LINE('',#11800,#2857);
#2149=LINE('',#11803,#2858);
#2150=LINE('',#11805,#2859);
#2151=LINE('',#11806,#2860);
#2152=LINE('',#11808,#2861);
#2153=LINE('',#11809,#2862);
#2154=LINE('',#11815,#2863);
#2155=LINE('',#11817,#2864);
#2156=LINE('',#11819,#2865);
#2157=LINE('',#11820,#2866);
#2158=LINE('',#11823,#2867);
#2159=LINE('',#11825,#2868);
#2160=LINE('',#11826,#2869);
#2161=LINE('',#11829,#2870);
#2162=LINE('',#11831,#2871);
#2163=LINE('',#11832,#2872);
#2164=LINE('',#11834,#2873);
#2165=LINE('',#11835,#2874);
#2166=LINE('',#11842,#2875);
#2167=LINE('',#11844,#2876);
#2168=LINE('',#11846,#2877);
#2169=LINE('',#11847,#2878);
#2170=LINE('',#11850,#2879);
#2171=LINE('',#11852,#2880);
#2172=LINE('',#11853,#2881);
#2173=LINE('',#11856,#2882);
#2174=LINE('',#11858,#2883);
#2175=LINE('',#11859,#2884);
#2176=LINE('',#11861,#2885);
#2177=LINE('',#11862,#2886);
#2178=LINE('',#11867,#2887);
#2179=LINE('',#11869,#2888);
#2180=LINE('',#11871,#2889);
#2181=LINE('',#11872,#2890);
#2182=LINE('',#11875,#2891);
#2183=LINE('',#11877,#2892);
#2184=LINE('',#11878,#2893);
#2185=LINE('',#11881,#2894);
#2186=LINE('',#11883,#2895);
#2187=LINE('',#11884,#2896);
#2188=LINE('',#11886,#2897);
#2189=LINE('',#11887,#2898);
#2190=LINE('',#11895,#2899);
#2191=LINE('',#11903,#2900);
#2192=LINE('',#11911,#2901);
#2193=LINE('',#11913,#2902);
#2194=LINE('',#11915,#2903);
#2195=LINE('',#11916,#2904);
#2196=LINE('',#11919,#2905);
#2197=LINE('',#11921,#2906);
#2198=LINE('',#11922,#2907);
#2199=LINE('',#11925,#2908);
#2200=LINE('',#11927,#2909);
#2201=LINE('',#11928,#2910);
#2202=LINE('',#11930,#2911);
#2203=LINE('',#11931,#2912);
#2204=LINE('',#11938,#2913);
#2205=LINE('',#11940,#2914);
#2206=LINE('',#11942,#2915);
#2207=LINE('',#11943,#2916);
#2208=LINE('',#11947,#2917);
#2209=LINE('',#11949,#2918);
#2210=LINE('',#11951,#2919);
#2211=LINE('',#11952,#2920);
#2212=LINE('',#11954,#2921);
#2213=LINE('',#11955,#2922);
#2214=LINE('',#11957,#2923);
#2215=LINE('',#11959,#2924);
#2216=LINE('',#11963,#2925);
#2217=LINE('',#11965,#2926);
#2218=LINE('',#11967,#2927);
#2219=LINE('',#11968,#2928);
#2220=LINE('',#11972,#2929);
#2221=LINE('',#11974,#2930);
#2222=LINE('',#11976,#2931);
#2223=LINE('',#11977,#2932);
#2224=LINE('',#11979,#2933);
#2225=LINE('',#11980,#2934);
#2226=LINE('',#11982,#2935);
#2227=LINE('',#11984,#2936);
#2228=LINE('',#11988,#2937);
#2229=LINE('',#11990,#2938);
#2230=LINE('',#11992,#2939);
#2231=LINE('',#11993,#2940);
#2232=LINE('',#11996,#2941);
#2233=LINE('',#11998,#2942);
#2234=LINE('',#12000,#2943);
#2235=LINE('',#12001,#2944);
#2236=LINE('',#12005,#2945);
#2237=LINE('',#12006,#2946);
#2238=LINE('',#12007,#2947);
#2239=LINE('',#12010,#2948);
#2240=LINE('',#12011,#2949);
#2241=LINE('',#12014,#2950);
#2242=LINE('',#12015,#2951);
#2243=LINE('',#12017,#2952);
#2244=LINE('',#12021,#2953);
#2245=LINE('',#12023,#2954);
#2246=LINE('',#12025,#2955);
#2247=LINE('',#12026,#2956);
#2248=LINE('',#12030,#2957);
#2249=LINE('',#12031,#2958);
#2250=LINE('',#12032,#2959);
#2251=LINE('',#12035,#2960);
#2252=LINE('',#12036,#2961);
#2253=LINE('',#12039,#2962);
#2254=LINE('',#12040,#2963);
#2255=LINE('',#12042,#2964);
#2256=LINE('',#12045,#2965);
#2257=LINE('',#12047,#2966);
#2258=LINE('',#12048,#2967);
#2259=LINE('',#12051,#2968);
#2260=LINE('',#12052,#2969);
#2261=LINE('',#12055,#2970);
#2262=LINE('',#12056,#2971);
#2263=LINE('',#12058,#2972);
#2264=LINE('',#12064,#2973);
#2265=LINE('',#12066,#2974);
#2266=LINE('',#12068,#2975);
#2267=LINE('',#12069,#2976);
#2268=LINE('',#12073,#2977);
#2269=LINE('',#12075,#2978);
#2270=LINE('',#12077,#2979);
#2271=LINE('',#12078,#2980);
#2272=LINE('',#12080,#2981);
#2273=LINE('',#12081,#2982);
#2274=LINE('',#12084,#2983);
#2275=LINE('',#12086,#2984);
#2276=LINE('',#12088,#2985);
#2277=LINE('',#12090,#2986);
#2278=LINE('',#12091,#2987);
#2279=LINE('',#12094,#2988);
#2280=LINE('',#12095,#2989);
#2281=LINE('',#12098,#2990);
#2282=LINE('',#12099,#2991);
#2283=LINE('',#12102,#2992);
#2284=LINE('',#12103,#2993);
#2285=LINE('',#12106,#2994);
#2286=LINE('',#12107,#2995);
#2287=LINE('',#12109,#2996);
#2288=LINE('',#12114,#2997);
#2289=LINE('',#12116,#2998);
#2290=LINE('',#12118,#2999);
#2291=LINE('',#12119,#3000);
#2292=LINE('',#12122,#3001);
#2293=LINE('',#12124,#3002);
#2294=LINE('',#12125,#3003);
#2295=LINE('',#12128,#3004);
#2296=LINE('',#12130,#3005);
#2297=LINE('',#12131,#3006);
#2298=LINE('',#12133,#3007);
#2299=LINE('',#12134,#3008);
#2300=LINE('',#12142,#3009);
#2301=LINE('',#12150,#3010);
#2302=LINE('',#12157,#3011);
#2303=LINE('',#12159,#3012);
#2304=LINE('',#12161,#3013);
#2305=LINE('',#12162,#3014);
#2306=LINE('',#12165,#3015);
#2307=LINE('',#12167,#3016);
#2308=LINE('',#12168,#3017);
#2309=LINE('',#12171,#3018);
#2310=LINE('',#12173,#3019);
#2311=LINE('',#12174,#3020);
#2312=LINE('',#12176,#3021);
#2313=LINE('',#12177,#3022);
#2314=LINE('',#12184,#3023);
#2315=LINE('',#12186,#3024);
#2316=LINE('',#12188,#3025);
#2317=LINE('',#12189,#3026);
#2318=LINE('',#12192,#3027);
#2319=LINE('',#12194,#3028);
#2320=LINE('',#12195,#3029);
#2321=LINE('',#12198,#3030);
#2322=LINE('',#12200,#3031);
#2323=LINE('',#12201,#3032);
#2324=LINE('',#12203,#3033);
#2325=LINE('',#12204,#3034);
#2326=LINE('',#12210,#3035);
#2327=LINE('',#12212,#3036);
#2328=LINE('',#12214,#3037);
#2329=LINE('',#12215,#3038);
#2330=LINE('',#12218,#3039);
#2331=LINE('',#12220,#3040);
#2332=LINE('',#12221,#3041);
#2333=LINE('',#12224,#3042);
#2334=LINE('',#12226,#3043);
#2335=LINE('',#12227,#3044);
#2336=LINE('',#12229,#3045);
#2337=LINE('',#12230,#3046);
#2338=LINE('',#12238,#3047);
#2339=LINE('',#12246,#3048);
#2340=LINE('',#12253,#3049);
#2341=LINE('',#12255,#3050);
#2342=LINE('',#12257,#3051);
#2343=LINE('',#12258,#3052);
#2344=LINE('',#12261,#3053);
#2345=LINE('',#12263,#3054);
#2346=LINE('',#12264,#3055);
#2347=LINE('',#12267,#3056);
#2348=LINE('',#12269,#3057);
#2349=LINE('',#12270,#3058);
#2350=LINE('',#12272,#3059);
#2351=LINE('',#12273,#3060);
#2352=LINE('',#12279,#3061);
#2353=LINE('',#12281,#3062);
#2354=LINE('',#12283,#3063);
#2355=LINE('',#12284,#3064);
#2356=LINE('',#12287,#3065);
#2357=LINE('',#12289,#3066);
#2358=LINE('',#12290,#3067);
#2359=LINE('',#12293,#3068);
#2360=LINE('',#12295,#3069);
#2361=LINE('',#12296,#3070);
#2362=LINE('',#12298,#3071);
#2363=LINE('',#12299,#3072);
#2364=LINE('',#12305,#3073);
#2365=LINE('',#12307,#3074);
#2366=LINE('',#12309,#3075);
#2367=LINE('',#12310,#3076);
#2368=LINE('',#12313,#3077);
#2369=LINE('',#12315,#3078);
#2370=LINE('',#12316,#3079);
#2371=LINE('',#12319,#3080);
#2372=LINE('',#12321,#3081);
#2373=LINE('',#12322,#3082);
#2374=LINE('',#12324,#3083);
#2375=LINE('',#12325,#3084);
#2376=LINE('',#12331,#3085);
#2377=LINE('',#12333,#3086);
#2378=LINE('',#12335,#3087);
#2379=LINE('',#12336,#3088);
#2380=LINE('',#12339,#3089);
#2381=LINE('',#12341,#3090);
#2382=LINE('',#12342,#3091);
#2383=LINE('',#12345,#3092);
#2384=LINE('',#12347,#3093);
#2385=LINE('',#12348,#3094);
#2386=LINE('',#12350,#3095);
#2387=LINE('',#12351,#3096);
#2388=LINE('',#12357,#3097);
#2389=LINE('',#12359,#3098);
#2390=LINE('',#12361,#3099);
#2391=LINE('',#12362,#3100);
#2392=LINE('',#12365,#3101);
#2393=LINE('',#12367,#3102);
#2394=LINE('',#12368,#3103);
#2395=LINE('',#12371,#3104);
#2396=LINE('',#12373,#3105);
#2397=LINE('',#12374,#3106);
#2398=LINE('',#12376,#3107);
#2399=LINE('',#12377,#3108);
#2400=LINE('',#12385,#3109);
#2401=LINE('',#12391,#3110);
#2402=LINE('',#12399,#3111);
#2403=LINE('',#12407,#3112);
#2404=LINE('',#12415,#3113);
#2405=LINE('',#12421,#3114);
#2406=LINE('',#12429,#3115);
#2407=LINE('',#12437,#3116);
#2408=LINE('',#12445,#3117);
#2409=LINE('',#12451,#3118);
#2410=LINE('',#12459,#3119);
#2411=LINE('',#12467,#3120);
#2412=LINE('',#12475,#3121);
#2413=LINE('',#12481,#3122);
#2414=LINE('',#12489,#3123);
#2415=LINE('',#12497,#3124);
#2416=LINE('',#12505,#3125);
#2417=LINE('',#12511,#3126);
#2418=LINE('',#12519,#3127);
#2419=LINE('',#12527,#3128);
#2420=LINE('',#12535,#3129);
#2421=LINE('',#12541,#3130);
#2422=LINE('',#12549,#3131);
#2423=LINE('',#12557,#3132);
#2424=VECTOR('',#8368,0.21);
#2425=VECTOR('',#8377,0.3);
#2426=VECTOR('',#8386,0.21);
#2427=VECTOR('',#8395,0.3);
#2428=VECTOR('',#8404,0.21);
#2429=VECTOR('',#8413,0.3);
#2430=VECTOR('',#8422,0.21);
#2431=VECTOR('',#8431,0.3);
#2432=VECTOR('',#8440,0.13);
#2433=VECTOR('',#8449,0.25);
#2434=VECTOR('',#8458,0.13);
#2435=VECTOR('',#8467,0.25);
#2436=VECTOR('',#8476,0.13);
#2437=VECTOR('',#8485,0.25);
#2438=VECTOR('',#8494,0.13);
#2439=VECTOR('',#8503,0.25);
#2440=VECTOR('',#8510,1.);
#2441=VECTOR('',#8511,1.);
#2442=VECTOR('',#8512,1.);
#2443=VECTOR('',#8513,1.);
#2444=VECTOR('',#8516,1.);
#2445=VECTOR('',#8517,1.);
#2446=VECTOR('',#8518,1.);
#2447=VECTOR('',#8521,1.);
#2448=VECTOR('',#8522,1.);
#2449=VECTOR('',#8523,1.);
#2450=VECTOR('',#8526,1.);
#2451=VECTOR('',#8527,1.);
#2452=VECTOR('',#8532,0.6);
#2453=VECTOR('',#8539,0.45);
#2454=VECTOR('',#8546,0.45);
#2455=VECTOR('',#8553,0.21);
#2456=VECTOR('',#8560,1.);
#2457=VECTOR('',#8561,1.);
#2458=VECTOR('',#8562,1.);
#2459=VECTOR('',#8563,1.);
#2460=VECTOR('',#8566,1.);
#2461=VECTOR('',#8567,1.);
#2462=VECTOR('',#8568,1.);
#2463=VECTOR('',#8569,1.);
#2464=VECTOR('',#8572,1.);
#2465=VECTOR('',#8573,1.);
#2466=VECTOR('',#8574,1.);
#2467=VECTOR('',#8585,1.);
#2468=VECTOR('',#8588,1.);
#2469=VECTOR('',#8591,1.);
#2470=VECTOR('',#8594,1.);
#2471=VECTOR('',#8605,1.);
#2472=VECTOR('',#8608,1.);
#2473=VECTOR('',#8609,1.);
#2474=VECTOR('',#8610,1.);
#2475=VECTOR('',#8613,1.);
#2476=VECTOR('',#8616,1.);
#2477=VECTOR('',#8619,1.);
#2478=VECTOR('',#8622,1.);
#2479=VECTOR('',#8623,1.);
#2480=VECTOR('',#8624,1.);
#2481=VECTOR('',#8627,1.);
#2482=VECTOR('',#8628,1.);
#2483=VECTOR('',#8629,1.);
#2484=VECTOR('',#8632,1.);
#2485=VECTOR('',#8635,1.);
#2486=VECTOR('',#8642,1.);
#2487=VECTOR('',#8645,1.);
#2488=VECTOR('',#8648,1.);
#2489=VECTOR('',#8649,1.);
#2490=VECTOR('',#8650,1.);
#2491=VECTOR('',#8653,1.);
#2492=VECTOR('',#8654,1.);
#2493=VECTOR('',#8655,1.);
#2494=VECTOR('',#8658,1.);
#2495=VECTOR('',#8661,1.);
#2496=VECTOR('',#8664,1.);
#2497=VECTOR('',#8667,1.);
#2498=VECTOR('',#8668,1.);
#2499=VECTOR('',#8669,1.);
#2500=VECTOR('',#8672,1.);
#2501=VECTOR('',#8673,1.);
#2502=VECTOR('',#8674,1.);
#2503=VECTOR('',#8675,1.);
#2504=VECTOR('',#8676,1.);
#2505=VECTOR('',#8681,0.21);
#2506=VECTOR('',#8686,1.);
#2507=VECTOR('',#8689,1.);
#2508=VECTOR('',#8690,1.);
#2509=VECTOR('',#8693,1.);
#2510=VECTOR('',#8700,0.21);
#2511=VECTOR('',#8705,1.);
#2512=VECTOR('',#8708,1.);
#2513=VECTOR('',#8709,1.);
#2514=VECTOR('',#8712,1.);
#2515=VECTOR('',#8719,0.21);
#2516=VECTOR('',#8724,1.);
#2517=VECTOR('',#8725,1.);
#2518=VECTOR('',#8728,1.);
#2519=VECTOR('',#8729,1.);
#2520=VECTOR('',#8736,0.21);
#2521=VECTOR('',#8741,1.);
#2522=VECTOR('',#8742,1.);
#2523=VECTOR('',#8745,1.);
#2524=VECTOR('',#8746,1.);
#2525=VECTOR('',#8755,0.21);
#2526=VECTOR('',#8760,1.);
#2527=VECTOR('',#8761,1.);
#2528=VECTOR('',#8764,1.);
#2529=VECTOR('',#8765,1.);
#2530=VECTOR('',#8772,1.);
#2531=VECTOR('',#8773,1.);
#2532=VECTOR('',#8774,1.);
#2533=VECTOR('',#8777,1.);
#2534=VECTOR('',#8778,1.);
#2535=VECTOR('',#8781,1.);
#2536=VECTOR('',#8782,1.);
#2537=VECTOR('',#8785,1.);
#2538=VECTOR('',#8788,1.);
#2539=VECTOR('',#8791,1.);
#2540=VECTOR('',#8796,1.);
#2541=VECTOR('',#8801,1.);
#2542=VECTOR('',#8804,1.);
#2543=VECTOR('',#8807,1.);
#2544=VECTOR('',#8808,1.);
#2545=VECTOR('',#8811,1.);
#2546=VECTOR('',#8814,1.);
#2547=VECTOR('',#8817,1.);
#2548=VECTOR('',#8818,1.);
#2549=VECTOR('',#8823,1.);
#2550=VECTOR('',#8826,1.);
#2551=VECTOR('',#8831,1.);
#2552=VECTOR('',#8834,1.);
#2553=VECTOR('',#8843,0.3);
#2554=VECTOR('',#8854,0.3);
#2555=VECTOR('',#8865,0.3);
#2556=VECTOR('',#8876,0.3);
#2557=VECTOR('',#8887,0.3);
#2558=VECTOR('',#8898,0.3);
#2559=VECTOR('',#8909,0.17);
#2560=VECTOR('',#8914,0.17);
#2561=VECTOR('',#8919,0.17);
#2562=VECTOR('',#8924,0.17);
#2563=VECTOR('',#8929,0.17);
#2564=VECTOR('',#8934,0.17);
#2565=VECTOR('',#8939,1.);
#2566=VECTOR('',#8942,1.);
#2567=VECTOR('',#8945,1.);
#2568=VECTOR('',#8946,1.);
#2569=VECTOR('',#8947,1.);
#2570=VECTOR('',#8950,1.);
#2571=VECTOR('',#8953,1.);
#2572=VECTOR('',#8956,1.);
#2573=VECTOR('',#8961,1.);
#2574=VECTOR('',#8964,1.);
#2575=VECTOR('',#8967,1.);
#2576=VECTOR('',#8968,1.);
#2577=VECTOR('',#8973,1.);
#2578=VECTOR('',#8976,1.);
#2579=VECTOR('',#8981,1.);
#2580=VECTOR('',#8984,1.);
#2581=VECTOR('',#8991,1.);
#2582=VECTOR('',#8992,1.);
#2583=VECTOR('',#8993,1.);
#2584=VECTOR('',#8994,1.);
#2585=VECTOR('',#8997,1.);
#2586=VECTOR('',#8998,1.);
#2587=VECTOR('',#8999,1.);
#2588=VECTOR('',#9002,1.);
#2589=VECTOR('',#9003,1.);
#2590=VECTOR('',#9004,1.);
#2591=VECTOR('',#9007,1.);
#2592=VECTOR('',#9008,1.);
#2593=VECTOR('',#9013,0.12);
#2594=VECTOR('',#9018,1.);
#2595=VECTOR('',#9019,1.);
#2596=VECTOR('',#9020,1.);
#2597=VECTOR('',#9021,1.);
#2598=VECTOR('',#9024,1.);
#2599=VECTOR('',#9025,1.);
#2600=VECTOR('',#9026,1.);
#2601=VECTOR('',#9029,1.);
#2602=VECTOR('',#9030,1.);
#2603=VECTOR('',#9031,1.);
#2604=VECTOR('',#9034,1.);
#2605=VECTOR('',#9037,1.);
#2606=VECTOR('',#9042,0.12);
#2607=VECTOR('',#9047,1.);
#2608=VECTOR('',#9048,1.);
#2609=VECTOR('',#9049,1.);
#2610=VECTOR('',#9050,1.);
#2611=VECTOR('',#9053,1.);
#2612=VECTOR('',#9054,1.);
#2613=VECTOR('',#9055,1.);
#2614=VECTOR('',#9058,1.);
#2615=VECTOR('',#9059,1.);
#2616=VECTOR('',#9060,1.);
#2617=VECTOR('',#9063,1.);
#2618=VECTOR('',#9066,1.);
#2619=VECTOR('',#9071,0.12);
#2620=VECTOR('',#9076,1.);
#2621=VECTOR('',#9077,1.);
#2622=VECTOR('',#9078,1.);
#2623=VECTOR('',#9079,1.);
#2624=VECTOR('',#9082,1.);
#2625=VECTOR('',#9083,1.);
#2626=VECTOR('',#9084,1.);
#2627=VECTOR('',#9087,1.);
#2628=VECTOR('',#9088,1.);
#2629=VECTOR('',#9089,1.);
#2630=VECTOR('',#9092,1.);
#2631=VECTOR('',#9095,1.);
#2632=VECTOR('',#9100,0.12);
#2633=VECTOR('',#9105,1.);
#2634=VECTOR('',#9106,1.);
#2635=VECTOR('',#9107,1.);
#2636=VECTOR('',#9108,1.);
#2637=VECTOR('',#9111,1.);
#2638=VECTOR('',#9112,1.);
#2639=VECTOR('',#9113,1.);
#2640=VECTOR('',#9116,1.);
#2641=VECTOR('',#9117,1.);
#2642=VECTOR('',#9118,1.);
#2643=VECTOR('',#9121,1.);
#2644=VECTOR('',#9124,1.);
#2645=VECTOR('',#9129,0.13);
#2646=VECTOR('',#9136,1.);
#2647=VECTOR('',#9139,1.);
#2648=VECTOR('',#9144,1.);
#2649=VECTOR('',#9151,1.);
#2650=VECTOR('',#9152,1.);
#2651=VECTOR('',#9153,1.);
#2652=VECTOR('',#9154,1.);
#2653=VECTOR('',#9157,1.);
#2654=VECTOR('',#9158,1.);
#2655=VECTOR('',#9159,1.);
#2656=VECTOR('',#9160,1.);
#2657=VECTOR('',#9161,1.);
#2658=VECTOR('',#9166,1.);
#2659=VECTOR('',#9171,1.);
#2660=VECTOR('',#9172,1.);
#2661=VECTOR('',#9173,1.);
#2662=VECTOR('',#9174,1.);
#2663=VECTOR('',#9175,1.);
#2664=VECTOR('',#9180,1.);
#2665=VECTOR('',#9187,1.);
#2666=VECTOR('',#9188,1.);
#2667=VECTOR('',#9189,1.);
#2668=VECTOR('',#9194,1.);
#2669=VECTOR('',#9195,1.);
#2670=VECTOR('',#9198,1.);
#2671=VECTOR('',#9203,0.13);
#2672=VECTOR('',#9208,1.);
#2673=VECTOR('',#9211,1.);
#2674=VECTOR('',#9214,1.);
#2675=VECTOR('',#9219,1.);
#2676=VECTOR('',#9220,1.);
#2677=VECTOR('',#9223,1.);
#2678=VECTOR('',#9226,1.);
#2679=VECTOR('',#9229,1.);
#2680=VECTOR('',#9232,1.);
#2681=VECTOR('',#9237,0.13);
#2682=VECTOR('',#9242,1.);
#2683=VECTOR('',#9243,1.);
#2684=VECTOR('',#9246,1.);
#2685=VECTOR('',#9253,1.);
#2686=VECTOR('',#9256,1.);
#2687=VECTOR('',#9257,1.);
#2688=VECTOR('',#9258,1.);
#2689=VECTOR('',#9263,0.13);
#2690=VECTOR('',#9268,1.);
#2691=VECTOR('',#9269,1.);
#2692=VECTOR('',#9276,1.);
#2693=VECTOR('',#9277,1.);
#2694=VECTOR('',#9280,1.);
#2695=VECTOR('',#9283,1.);
#2696=VECTOR('',#9288,0.41);
#2697=VECTOR('',#9295,0.41);
#2698=VECTOR('',#9302,1.);
#2699=VECTOR('',#9309,1.);
#2700=VECTOR('',#9310,1.);
#2701=VECTOR('',#9311,1.);
#2702=VECTOR('',#9314,1.);
#2703=VECTOR('',#9315,1.);
#2704=VECTOR('',#9318,1.);
#2705=VECTOR('',#9319,1.);
#2706=VECTOR('',#9322,1.);
#2707=VECTOR('',#9331,0.12);
#2708=VECTOR('',#9338,0.12);
#2709=VECTOR('',#9345,0.12);
#2710=VECTOR('',#9352,0.12);
#2711=VECTOR('',#9357,1.);
#2712=VECTOR('',#9358,1.);
#2713=VECTOR('',#9359,1.);
#2714=VECTOR('',#9360,1.);
#2715=VECTOR('',#9363,1.);
#2716=VECTOR('',#9364,1.);
#2717=VECTOR('',#9365,1.);
#2718=VECTOR('',#9368,1.);
#2719=VECTOR('',#9369,1.);
#2720=VECTOR('',#9370,1.);
#2721=VECTOR('',#9373,1.);
#2722=VECTOR('',#9374,1.);
#2723=VECTOR('',#9383,1.);
#2724=VECTOR('',#9384,1.);
#2725=VECTOR('',#9385,1.);
#2726=VECTOR('',#9386,1.);
#2727=VECTOR('',#9389,1.);
#2728=VECTOR('',#9390,1.);
#2729=VECTOR('',#9391,1.);
#2730=VECTOR('',#9394,1.);
#2731=VECTOR('',#9395,1.);
#2732=VECTOR('',#9396,1.);
#2733=VECTOR('',#9399,1.);
#2734=VECTOR('',#9400,1.);
#2735=VECTOR('',#9411,0.25);
#2736=VECTOR('',#9418,0.4);
#2737=VECTOR('',#9429,0.25);
#2738=VECTOR('',#9436,0.4);
#2739=VECTOR('',#9447,1.);
#2740=VECTOR('',#9448,1.);
#2741=VECTOR('',#9449,1.);
#2742=VECTOR('',#9450,1.);
#2743=VECTOR('',#9453,1.);
#2744=VECTOR('',#9454,1.);
#2745=VECTOR('',#9455,1.);
#2746=VECTOR('',#9458,1.);
#2747=VECTOR('',#9459,1.);
#2748=VECTOR('',#9460,1.);
#2749=VECTOR('',#9463,1.);
#2750=VECTOR('',#9464,1.);
#2751=VECTOR('',#9473,1.);
#2752=VECTOR('',#9474,1.);
#2753=VECTOR('',#9475,1.);
#2754=VECTOR('',#9476,1.);
#2755=VECTOR('',#9479,1.);
#2756=VECTOR('',#9480,1.);
#2757=VECTOR('',#9481,1.);
#2758=VECTOR('',#9484,1.);
#2759=VECTOR('',#9485,1.);
#2760=VECTOR('',#9486,1.);
#2761=VECTOR('',#9489,1.);
#2762=VECTOR('',#9490,1.);
#2763=VECTOR('',#9501,0.17);
#2764=VECTOR('',#9506,1.);
#2765=VECTOR('',#9507,1.);
#2766=VECTOR('',#9508,1.);
#2767=VECTOR('',#9509,1.);
#2768=VECTOR('',#9512,1.);
#2769=VECTOR('',#9513,1.);
#2770=VECTOR('',#9514,1.);
#2771=VECTOR('',#9517,1.);
#2772=VECTOR('',#9518,1.);
#2773=VECTOR('',#9519,1.);
#2774=VECTOR('',#9520,1.);
#2775=VECTOR('',#9521,1.);
#2776=VECTOR('',#9522,1.);
#2777=VECTOR('',#9523,1.);
#2778=VECTOR('',#9524,1.);
#2779=VECTOR('',#9525,1.);
#2780=VECTOR('',#9526,1.);
#2781=VECTOR('',#9527,1.);
#2782=VECTOR('',#9528,1.);
#2783=VECTOR('',#9529,1.);
#2784=VECTOR('',#9530,1.);
#2785=VECTOR('',#9531,1.);
#2786=VECTOR('',#9532,1.);
#2787=VECTOR('',#9533,1.);
#2788=VECTOR('',#9534,1.);
#2789=VECTOR('',#9535,1.);
#2790=VECTOR('',#9536,1.);
#2791=VECTOR('',#9537,1.);
#2792=VECTOR('',#9538,1.);
#2793=VECTOR('',#9547,1.);
#2794=VECTOR('',#9548,1.);
#2795=VECTOR('',#9551,0.17);
#2796=VECTOR('',#9556,1.);
#2797=VECTOR('',#9557,1.);
#2798=VECTOR('',#9560,1.);
#2799=VECTOR('',#9561,1.);
#2800=VECTOR('',#9564,1.);
#2801=VECTOR('',#9565,1.);
#2802=VECTOR('',#9568,1.);
#2803=VECTOR('',#9569,1.);
#2804=VECTOR('',#9570,1.);
#2805=VECTOR('',#9573,1.);
#2806=VECTOR('',#9574,1.);
#2807=VECTOR('',#9577,0.17);
#2808=VECTOR('',#9582,1.);
#2809=VECTOR('',#9583,1.);
#2810=VECTOR('',#9584,1.);
#2811=VECTOR('',#9587,1.);
#2812=VECTOR('',#9588,1.);
#2813=VECTOR('',#9591,1.);
#2814=VECTOR('',#9592,1.);
#2815=VECTOR('',#9593,1.);
#2816=VECTOR('',#9596,1.);
#2817=VECTOR('',#9597,1.);
#2818=VECTOR('',#9598,1.);
#2819=VECTOR('',#9599,1.);
#2820=VECTOR('',#9600,1.);
#2821=VECTOR('',#9601,1.);
#2822=VECTOR('',#9602,1.);
#2823=VECTOR('',#9603,1.);
#2824=VECTOR('',#9604,1.);
#2825=VECTOR('',#9605,1.);
#2826=VECTOR('',#9606,1.);
#2827=VECTOR('',#9607,1.);
#2828=VECTOR('',#9608,1.);
#2829=VECTOR('',#9613,0.17);
#2830=VECTOR('',#9616,1.);
#2831=VECTOR('',#9617,1.);
#2832=VECTOR('',#9620,1.);
#2833=VECTOR('',#9621,1.);
#2834=VECTOR('',#9628,1.);
#2835=VECTOR('',#9631,1.);
#2836=VECTOR('',#9634,1.);
#2837=VECTOR('',#9637,1.);
#2838=VECTOR('',#9640,1.);
#2839=VECTOR('',#9653,1.);
#2840=VECTOR('',#9654,1.);
#2841=VECTOR('',#9655,1.);
#2842=VECTOR('',#9656,1.);
#2843=VECTOR('',#9659,1.);
#2844=VECTOR('',#9660,1.);
#2845=VECTOR('',#9661,1.);
#2846=VECTOR('',#9664,1.);
#2847=VECTOR('',#9665,1.);
#2848=VECTOR('',#9666,1.);
#2849=VECTOR('',#9669,1.);
#2850=VECTOR('',#9670,1.);
#2851=VECTOR('',#9677,1.);
#2852=VECTOR('',#9678,1.);
#2853=VECTOR('',#9679,1.);
#2854=VECTOR('',#9680,1.);
#2855=VECTOR('',#9683,1.);
#2856=VECTOR('',#9684,1.);
#2857=VECTOR('',#9685,1.);
#2858=VECTOR('',#9688,1.);
#2859=VECTOR('',#9689,1.);
#2860=VECTOR('',#9690,1.);
#2861=VECTOR('',#9693,1.);
#2862=VECTOR('',#9694,1.);
#2863=VECTOR('',#9701,1.);
#2864=VECTOR('',#9702,1.);
#2865=VECTOR('',#9703,1.);
#2866=VECTOR('',#9704,1.);
#2867=VECTOR('',#9707,1.);
#2868=VECTOR('',#9708,1.);
#2869=VECTOR('',#9709,1.);
#2870=VECTOR('',#9712,1.);
#2871=VECTOR('',#9713,1.);
#2872=VECTOR('',#9714,1.);
#2873=VECTOR('',#9717,1.);
#2874=VECTOR('',#9718,1.);
#2875=VECTOR('',#9727,1.);
#2876=VECTOR('',#9728,1.);
#2877=VECTOR('',#9729,1.);
#2878=VECTOR('',#9730,1.);
#2879=VECTOR('',#9733,1.);
#2880=VECTOR('',#9734,1.);
#2881=VECTOR('',#9735,1.);
#2882=VECTOR('',#9738,1.);
#2883=VECTOR('',#9739,1.);
#2884=VECTOR('',#9740,1.);
#2885=VECTOR('',#9743,1.);
#2886=VECTOR('',#9744,1.);
#2887=VECTOR('',#9749,1.);
#2888=VECTOR('',#9750,1.);
#2889=VECTOR('',#9751,1.);
#2890=VECTOR('',#9752,1.);
#2891=VECTOR('',#9755,1.);
#2892=VECTOR('',#9756,1.);
#2893=VECTOR('',#9757,1.);
#2894=VECTOR('',#9760,1.);
#2895=VECTOR('',#9761,1.);
#2896=VECTOR('',#9762,1.);
#2897=VECTOR('',#9765,1.);
#2898=VECTOR('',#9766,1.);
#2899=VECTOR('',#9777,0.93);
#2900=VECTOR('',#9788,0.93);
#2901=VECTOR('',#9799,1.);
#2902=VECTOR('',#9800,1.);
#2903=VECTOR('',#9801,1.);
#2904=VECTOR('',#9802,1.);
#2905=VECTOR('',#9805,1.);
#2906=VECTOR('',#9806,1.);
#2907=VECTOR('',#9807,1.);
#2908=VECTOR('',#9810,1.);
#2909=VECTOR('',#9811,1.);
#2910=VECTOR('',#9812,1.);
#2911=VECTOR('',#9815,1.);
#2912=VECTOR('',#9816,1.);
#2913=VECTOR('',#9825,1.);
#2914=VECTOR('',#9826,1.);
#2915=VECTOR('',#9827,1.);
#2916=VECTOR('',#9828,1.);
#2917=VECTOR('',#9831,1.);
#2918=VECTOR('',#9832,1.);
#2919=VECTOR('',#9833,1.);
#2920=VECTOR('',#9834,1.);
#2921=VECTOR('',#9837,1.);
#2922=VECTOR('',#9838,1.);
#2923=VECTOR('',#9841,1.);
#2924=VECTOR('',#9844,1.);
#2925=VECTOR('',#9847,1.);
#2926=VECTOR('',#9848,1.);
#2927=VECTOR('',#9849,1.);
#2928=VECTOR('',#9850,1.);
#2929=VECTOR('',#9853,1.);
#2930=VECTOR('',#9854,1.);
#2931=VECTOR('',#9855,1.);
#2932=VECTOR('',#9856,1.);
#2933=VECTOR('',#9859,1.);
#2934=VECTOR('',#9860,1.);
#2935=VECTOR('',#9863,1.);
#2936=VECTOR('',#9866,1.);
#2937=VECTOR('',#9869,1.);
#2938=VECTOR('',#9870,1.);
#2939=VECTOR('',#9871,1.);
#2940=VECTOR('',#9872,1.);
#2941=VECTOR('',#9873,1.);
#2942=VECTOR('',#9874,1.);
#2943=VECTOR('',#9875,1.);
#2944=VECTOR('',#9876,1.);
#2945=VECTOR('',#9879,1.);
#2946=VECTOR('',#9880,1.);
#2947=VECTOR('',#9881,1.);
#2948=VECTOR('',#9884,1.);
#2949=VECTOR('',#9885,1.);
#2950=VECTOR('',#9888,1.);
#2951=VECTOR('',#9889,1.);
#2952=VECTOR('',#9892,1.);
#2953=VECTOR('',#9895,1.);
#2954=VECTOR('',#9896,1.);
#2955=VECTOR('',#9897,1.);
#2956=VECTOR('',#9898,1.);
#2957=VECTOR('',#9901,1.);
#2958=VECTOR('',#9902,1.);
#2959=VECTOR('',#9903,1.);
#2960=VECTOR('',#9906,1.);
#2961=VECTOR('',#9907,1.);
#2962=VECTOR('',#9910,1.);
#2963=VECTOR('',#9911,1.);
#2964=VECTOR('',#9914,1.);
#2965=VECTOR('',#9917,1.);
#2966=VECTOR('',#9918,1.);
#2967=VECTOR('',#9919,1.);
#2968=VECTOR('',#9922,1.);
#2969=VECTOR('',#9923,1.);
#2970=VECTOR('',#9926,1.);
#2971=VECTOR('',#9927,1.);
#2972=VECTOR('',#9930,1.);
#2973=VECTOR('',#9937,1.);
#2974=VECTOR('',#9938,1.);
#2975=VECTOR('',#9939,1.);
#2976=VECTOR('',#9940,1.);
#2977=VECTOR('',#9943,1.);
#2978=VECTOR('',#9944,1.);
#2979=VECTOR('',#9945,1.);
#2980=VECTOR('',#9946,1.);
#2981=VECTOR('',#9949,1.);
#2982=VECTOR('',#9950,1.);
#2983=VECTOR('',#9953,1.);
#2984=VECTOR('',#9954,1.);
#2985=VECTOR('',#9955,1.);
#2986=VECTOR('',#9956,1.);
#2987=VECTOR('',#9957,1.);
#2988=VECTOR('',#9960,1.);
#2989=VECTOR('',#9961,1.);
#2990=VECTOR('',#9964,1.);
#2991=VECTOR('',#9965,1.);
#2992=VECTOR('',#9968,1.);
#2993=VECTOR('',#9969,1.);
#2994=VECTOR('',#9972,1.);
#2995=VECTOR('',#9973,1.);
#2996=VECTOR('',#9976,1.);
#2997=VECTOR('',#9981,1.);
#2998=VECTOR('',#9982,1.);
#2999=VECTOR('',#9983,1.);
#3000=VECTOR('',#9984,1.);
#3001=VECTOR('',#9987,1.);
#3002=VECTOR('',#9988,1.);
#3003=VECTOR('',#9989,1.);
#3004=VECTOR('',#9992,1.);
#3005=VECTOR('',#9993,1.);
#3006=VECTOR('',#9994,1.);
#3007=VECTOR('',#9997,1.);
#3008=VECTOR('',#9998,1.);
#3009=VECTOR('',#10009,0.58);
#3010=VECTOR('',#10020,0.7);
#3011=VECTOR('',#10029,1.);
#3012=VECTOR('',#10030,1.);
#3013=VECTOR('',#10031,1.);
#3014=VECTOR('',#10032,1.);
#3015=VECTOR('',#10035,1.);
#3016=VECTOR('',#10036,1.);
#3017=VECTOR('',#10037,1.);
#3018=VECTOR('',#10040,1.);
#3019=VECTOR('',#10041,1.);
#3020=VECTOR('',#10042,1.);
#3021=VECTOR('',#10045,1.);
#3022=VECTOR('',#10046,1.);
#3023=VECTOR('',#10055,1.);
#3024=VECTOR('',#10056,1.);
#3025=VECTOR('',#10057,1.);
#3026=VECTOR('',#10058,1.);
#3027=VECTOR('',#10061,1.);
#3028=VECTOR('',#10062,1.);
#3029=VECTOR('',#10063,1.);
#3030=VECTOR('',#10066,1.);
#3031=VECTOR('',#10067,1.);
#3032=VECTOR('',#10068,1.);
#3033=VECTOR('',#10071,1.);
#3034=VECTOR('',#10072,1.);
#3035=VECTOR('',#10079,1.);
#3036=VECTOR('',#10080,1.);
#3037=VECTOR('',#10081,1.);
#3038=VECTOR('',#10082,1.);
#3039=VECTOR('',#10085,1.);
#3040=VECTOR('',#10086,1.);
#3041=VECTOR('',#10087,1.);
#3042=VECTOR('',#10090,1.);
#3043=VECTOR('',#10091,1.);
#3044=VECTOR('',#10092,1.);
#3045=VECTOR('',#10095,1.);
#3046=VECTOR('',#10096,1.);
#3047=VECTOR('',#10107,1.465);
#3048=VECTOR('',#10118,0.8);
#3049=VECTOR('',#10127,1.);
#3050=VECTOR('',#10128,1.);
#3051=VECTOR('',#10129,1.);
#3052=VECTOR('',#10130,1.);
#3053=VECTOR('',#10133,1.);
#3054=VECTOR('',#10134,1.);
#3055=VECTOR('',#10135,1.);
#3056=VECTOR('',#10138,1.);
#3057=VECTOR('',#10139,1.);
#3058=VECTOR('',#10140,1.);
#3059=VECTOR('',#10143,1.);
#3060=VECTOR('',#10144,1.);
#3061=VECTOR('',#10151,1.);
#3062=VECTOR('',#10152,1.);
#3063=VECTOR('',#10153,1.);
#3064=VECTOR('',#10154,1.);
#3065=VECTOR('',#10157,1.);
#3066=VECTOR('',#10158,1.);
#3067=VECTOR('',#10159,1.);
#3068=VECTOR('',#10162,1.);
#3069=VECTOR('',#10163,1.);
#3070=VECTOR('',#10164,1.);
#3071=VECTOR('',#10167,1.);
#3072=VECTOR('',#10168,1.);
#3073=VECTOR('',#10175,1.);
#3074=VECTOR('',#10176,1.);
#3075=VECTOR('',#10177,1.);
#3076=VECTOR('',#10178,1.);
#3077=VECTOR('',#10181,1.);
#3078=VECTOR('',#10182,1.);
#3079=VECTOR('',#10183,1.);
#3080=VECTOR('',#10186,1.);
#3081=VECTOR('',#10187,1.);
#3082=VECTOR('',#10188,1.);
#3083=VECTOR('',#10191,1.);
#3084=VECTOR('',#10192,1.);
#3085=VECTOR('',#10199,1.);
#3086=VECTOR('',#10200,1.);
#3087=VECTOR('',#10201,1.);
#3088=VECTOR('',#10202,1.);
#3089=VECTOR('',#10205,1.);
#3090=VECTOR('',#10206,1.);
#3091=VECTOR('',#10207,1.);
#3092=VECTOR('',#10210,1.);
#3093=VECTOR('',#10211,1.);
#3094=VECTOR('',#10212,1.);
#3095=VECTOR('',#10215,1.);
#3096=VECTOR('',#10216,1.);
#3097=VECTOR('',#10223,1.);
#3098=VECTOR('',#10224,1.);
#3099=VECTOR('',#10225,1.);
#3100=VECTOR('',#10226,1.);
#3101=VECTOR('',#10229,1.);
#3102=VECTOR('',#10230,1.);
#3103=VECTOR('',#10231,1.);
#3104=VECTOR('',#10234,1.);
#3105=VECTOR('',#10235,1.);
#3106=VECTOR('',#10236,1.);
#3107=VECTOR('',#10239,1.);
#3108=VECTOR('',#10240,1.);
#3109=VECTOR('',#10251,0.155);
#3110=VECTOR('',#10258,0.21);
#3111=VECTOR('',#10269,0.145);
#3112=VECTOR('',#10280,0.275);
#3113=VECTOR('',#10291,0.155);
#3114=VECTOR('',#10298,0.21);
#3115=VECTOR('',#10309,0.145);
#3116=VECTOR('',#10320,0.275);
#3117=VECTOR('',#10331,0.155);
#3118=VECTOR('',#10338,0.21);
#3119=VECTOR('',#10349,0.145);
#3120=VECTOR('',#10360,0.275);
#3121=VECTOR('',#10371,0.155);
#3122=VECTOR('',#10378,0.21);
#3123=VECTOR('',#10389,0.145);
#3124=VECTOR('',#10400,0.275);
#3125=VECTOR('',#10411,0.155);
#3126=VECTOR('',#10418,0.21);
#3127=VECTOR('',#10429,0.145);
#3128=VECTOR('',#10440,0.275);
#3129=VECTOR('',#10451,0.155);
#3130=VECTOR('',#10458,0.21);
#3131=VECTOR('',#10469,0.145);
#3132=VECTOR('',#10480,0.275);
#3133=CIRCLE('',#7635,0.21);
#3134=CIRCLE('',#7636,0.21);
#3135=CIRCLE('',#7639,0.3);
#3136=CIRCLE('',#7640,0.3);
#3137=CIRCLE('',#7643,0.21);
#3138=CIRCLE('',#7644,0.21);
#3139=CIRCLE('',#7647,0.3);
#3140=CIRCLE('',#7648,0.3);
#3141=CIRCLE('',#7651,0.21);
#3142=CIRCLE('',#7652,0.21);
#3143=CIRCLE('',#7655,0.3);
#3144=CIRCLE('',#7656,0.3);
#3145=CIRCLE('',#7659,0.21);
#3146=CIRCLE('',#7660,0.21);
#3147=CIRCLE('',#7663,0.3);
#3148=CIRCLE('',#7664,0.3);
#3149=CIRCLE('',#7667,0.13);
#3150=CIRCLE('',#7668,0.13);
#3151=CIRCLE('',#7671,0.25);
#3152=CIRCLE('',#7672,0.25);
#3153=CIRCLE('',#7675,0.13);
#3154=CIRCLE('',#7676,0.13);
#3155=CIRCLE('',#7679,0.25);
#3156=CIRCLE('',#7680,0.25);
#3157=CIRCLE('',#7683,0.13);
#3158=CIRCLE('',#7684,0.13);
#3159=CIRCLE('',#7687,0.25);
#3160=CIRCLE('',#7688,0.25);
#3161=CIRCLE('',#7691,0.13);
#3162=CIRCLE('',#7692,0.13);
#3163=CIRCLE('',#7695,0.25);
#3164=CIRCLE('',#7696,0.25);
#3165=CIRCLE('',#7703,0.6);
#3166=CIRCLE('',#7704,0.6);
#3167=CIRCLE('',#7706,0.45);
#3168=CIRCLE('',#7707,0.45);
#3169=CIRCLE('',#7709,0.45);
#3170=CIRCLE('',#7710,0.45);
#3171=CIRCLE('',#7712,0.21);
#3172=CIRCLE('',#7713,0.21);
#3173=CIRCLE('',#7719,0.45);
#3174=CIRCLE('',#7720,0.45);
#3175=CIRCLE('',#7722,0.8);
#3176=CIRCLE('',#7723,0.8);
#3177=CIRCLE('',#7724,0.8);
#3178=CIRCLE('',#7725,0.8);
#3179=CIRCLE('',#7726,0.21);
#3180=CIRCLE('',#7727,0.21);
#3181=CIRCLE('',#7728,0.21);
#3182=CIRCLE('',#7729,0.21);
#3183=CIRCLE('',#7730,0.21);
#3184=CIRCLE('',#7731,0.45);
#3185=CIRCLE('',#7732,0.45);
#3186=CIRCLE('',#7733,0.5);
#3187=CIRCLE('',#7734,0.5);
#3188=CIRCLE('',#7735,0.45);
#3189=CIRCLE('',#7736,0.45);
#3190=CIRCLE('',#7737,0.45);
#3191=CIRCLE('',#7738,0.5);
#3192=CIRCLE('',#7739,0.5);
#3193=CIRCLE('',#7741,0.5);
#3194=CIRCLE('',#7742,0.5);
#3195=CIRCLE('',#7743,0.45);
#3196=CIRCLE('',#7744,0.45);
#3197=CIRCLE('',#7745,0.45);
#3198=CIRCLE('',#7746,0.5);
#3199=CIRCLE('',#7747,0.5);
#3200=CIRCLE('',#7748,0.45);
#3201=CIRCLE('',#7749,0.45);
#3202=CIRCLE('',#7751,0.21);
#3203=CIRCLE('',#7758,0.21);
#3204=CIRCLE('',#7765,0.21);
#3205=CIRCLE('',#7771,0.21);
#3206=CIRCLE('',#7778,0.21);
#3207=CIRCLE('',#7794,0.8);
#3208=CIRCLE('',#7797,0.8);
#3209=CIRCLE('',#7800,0.8);
#3210=CIRCLE('',#7802,0.8);
#3211=CIRCLE('',#7808,0.3);
#3212=CIRCLE('',#7809,0.3);
#3213=CIRCLE('',#7811,0.17);
#3214=CIRCLE('',#7813,0.3);
#3215=CIRCLE('',#7814,0.3);
#3216=CIRCLE('',#7816,0.17);
#3217=CIRCLE('',#7818,0.3);
#3218=CIRCLE('',#7819,0.3);
#3219=CIRCLE('',#7821,0.17);
#3220=CIRCLE('',#7823,0.3);
#3221=CIRCLE('',#7824,0.3);
#3222=CIRCLE('',#7826,0.17);
#3223=CIRCLE('',#7828,0.3);
#3224=CIRCLE('',#7829,0.3);
#3225=CIRCLE('',#7831,0.17);
#3226=CIRCLE('',#7833,0.3);
#3227=CIRCLE('',#7834,0.3);
#3228=CIRCLE('',#7836,0.17);
#3229=CIRCLE('',#7838,0.17);
#3230=CIRCLE('',#7840,0.17);
#3231=CIRCLE('',#7842,0.17);
#3232=CIRCLE('',#7844,0.17);
#3233=CIRCLE('',#7846,0.17);
#3234=CIRCLE('',#7848,0.17);
#3235=CIRCLE('',#7850,0.8);
#3236=CIRCLE('',#7851,0.8);
#3237=CIRCLE('',#7854,0.8);
#3238=CIRCLE('',#7855,0.8);
#3239=CIRCLE('',#7856,0.8);
#3240=CIRCLE('',#7858,0.8);
#3241=CIRCLE('',#7861,0.8);
#3242=CIRCLE('',#7863,0.8);
#3243=CIRCLE('',#7873,0.12);
#3244=CIRCLE('',#7874,0.12);
#3245=CIRCLE('',#7881,0.12);
#3246=CIRCLE('',#7882,0.12);
#3247=CIRCLE('',#7889,0.12);
#3248=CIRCLE('',#7890,0.12);
#3249=CIRCLE('',#7897,0.12);
#3250=CIRCLE('',#7898,0.12);
#3251=CIRCLE('',#7905,0.13);
#3252=CIRCLE('',#7906,0.13);
#3253=CIRCLE('',#7909,0.3);
#3254=CIRCLE('',#7910,0.3);
#3255=CIRCLE('',#7912,0.3);
#3256=CIRCLE('',#7913,0.3);
#3257=CIRCLE('',#7915,0.13);
#3258=CIRCLE('',#7916,0.3);
#3259=CIRCLE('',#7917,0.3);
#3260=CIRCLE('',#7918,0.3);
#3261=CIRCLE('',#7919,0.3);
#3262=CIRCLE('',#7920,0.3);
#3263=CIRCLE('',#7921,0.3);
#3264=CIRCLE('',#7922,0.13);
#3265=CIRCLE('',#7923,0.13);
#3266=CIRCLE('',#7925,0.41);
#3267=CIRCLE('',#7929,0.13);
#3268=CIRCLE('',#7932,0.3);
#3269=CIRCLE('',#7934,0.3);
#3270=CIRCLE('',#7937,0.3);
#3271=CIRCLE('',#7938,0.3);
#3272=CIRCLE('',#7941,0.13);
#3273=CIRCLE('',#7945,0.3);
#3274=CIRCLE('',#7950,0.13);
#3275=CIRCLE('',#7953,0.3);
#3276=CIRCLE('',#7958,0.41);
#3277=CIRCLE('',#7960,0.41);
#3278=CIRCLE('',#7962,0.41);
#3279=CIRCLE('',#7975,0.12);
#3280=CIRCLE('',#7976,0.12);
#3281=CIRCLE('',#7978,0.12);
#3282=CIRCLE('',#7979,0.12);
#3283=CIRCLE('',#7981,0.12);
#3284=CIRCLE('',#7982,0.12);
#3285=CIRCLE('',#7984,0.12);
#3286=CIRCLE('',#7985,0.12);
#3287=CIRCLE('',#8001,0.25);
#3288=CIRCLE('',#8002,0.25);
#3289=CIRCLE('',#8004,0.4);
#3290=CIRCLE('',#8005,0.4);
#3291=CIRCLE('',#8009,0.25);
#3292=CIRCLE('',#8010,0.25);
#3293=CIRCLE('',#8012,0.4);
#3294=CIRCLE('',#8013,0.4);
#3295=CIRCLE('',#8032,0.17);
#3296=CIRCLE('',#8033,0.17);
#3297=CIRCLE('',#8037,0.17);
#3298=CIRCLE('',#8038,0.17);
#3299=CIRCLE('',#8039,0.17);
#3300=CIRCLE('',#8042,0.17);
#3301=CIRCLE('',#8049,0.17);
#3302=CIRCLE('',#8054,0.17);
#3303=CIRCLE('',#8102,0.93);
#3304=CIRCLE('',#8103,0.93);
#3305=CIRCLE('',#8107,0.93);
#3306=CIRCLE('',#8108,0.93);
#3307=CIRCLE('',#8163,0.58);
#3308=CIRCLE('',#8164,0.58);
#3309=CIRCLE('',#8168,0.7);
#3310=CIRCLE('',#8169,0.7);
#3311=CIRCLE('',#8193,1.465);
#3312=CIRCLE('',#8194,1.465);
#3313=CIRCLE('',#8198,0.8);
#3314=CIRCLE('',#8199,0.8);
#3315=CIRCLE('',#8234,0.155);
#3316=CIRCLE('',#8235,0.155);
#3317=CIRCLE('',#8237,0.21);
#3318=CIRCLE('',#8238,0.21);
#3319=CIRCLE('',#8242,0.145);
#3320=CIRCLE('',#8243,0.145);
#3321=CIRCLE('',#8247,0.275);
#3322=CIRCLE('',#8248,0.275);
#3323=CIRCLE('',#8252,0.155);
#3324=CIRCLE('',#8253,0.155);
#3325=CIRCLE('',#8255,0.21);
#3326=CIRCLE('',#8256,0.21);
#3327=CIRCLE('',#8260,0.145);
#3328=CIRCLE('',#8261,0.145);
#3329=CIRCLE('',#8265,0.275);
#3330=CIRCLE('',#8266,0.275);
#3331=CIRCLE('',#8270,0.155);
#3332=CIRCLE('',#8271,0.155);
#3333=CIRCLE('',#8273,0.21);
#3334=CIRCLE('',#8274,0.21);
#3335=CIRCLE('',#8278,0.145);
#3336=CIRCLE('',#8279,0.145);
#3337=CIRCLE('',#8283,0.275);
#3338=CIRCLE('',#8284,0.275);
#3339=CIRCLE('',#8288,0.155);
#3340=CIRCLE('',#8289,0.155);
#3341=CIRCLE('',#8291,0.21);
#3342=CIRCLE('',#8292,0.21);
#3343=CIRCLE('',#8296,0.145);
#3344=CIRCLE('',#8297,0.145);
#3345=CIRCLE('',#8301,0.275);
#3346=CIRCLE('',#8302,0.275);
#3347=CIRCLE('',#8306,0.155);
#3348=CIRCLE('',#8307,0.155);
#3349=CIRCLE('',#8309,0.21);
#3350=CIRCLE('',#8310,0.21);
#3351=CIRCLE('',#8314,0.145);
#3352=CIRCLE('',#8315,0.145);
#3353=CIRCLE('',#8319,0.275);
#3354=CIRCLE('',#8320,0.275);
#3355=CIRCLE('',#8324,0.155);
#3356=CIRCLE('',#8325,0.155);
#3357=CIRCLE('',#8327,0.21);
#3358=CIRCLE('',#8328,0.21);
#3359=CIRCLE('',#8332,0.145);
#3360=CIRCLE('',#8333,0.145);
#3361=CIRCLE('',#8337,0.275);
#3362=CIRCLE('',#8338,0.275);
#3363=VERTEX_POINT('',#10528);
#3364=VERTEX_POINT('',#10530);
#3365=VERTEX_POINT('',#10535);
#3366=VERTEX_POINT('',#10537);
#3367=VERTEX_POINT('',#10542);
#3368=VERTEX_POINT('',#10544);
#3369=VERTEX_POINT('',#10549);
#3370=VERTEX_POINT('',#10551);
#3371=VERTEX_POINT('',#10556);
#3372=VERTEX_POINT('',#10558);
#3373=VERTEX_POINT('',#10563);
#3374=VERTEX_POINT('',#10565);
#3375=VERTEX_POINT('',#10570);
#3376=VERTEX_POINT('',#10572);
#3377=VERTEX_POINT('',#10577);
#3378=VERTEX_POINT('',#10579);
#3379=VERTEX_POINT('',#10584);
#3380=VERTEX_POINT('',#10586);
#3381=VERTEX_POINT('',#10591);
#3382=VERTEX_POINT('',#10593);
#3383=VERTEX_POINT('',#10598);
#3384=VERTEX_POINT('',#10600);
#3385=VERTEX_POINT('',#10605);
#3386=VERTEX_POINT('',#10607);
#3387=VERTEX_POINT('',#10612);
#3388=VERTEX_POINT('',#10614);
#3389=VERTEX_POINT('',#10619);
#3390=VERTEX_POINT('',#10621);
#3391=VERTEX_POINT('',#10626);
#3392=VERTEX_POINT('',#10628);
#3393=VERTEX_POINT('',#10633);
#3394=VERTEX_POINT('',#10635);
#3395=VERTEX_POINT('',#10640);
#3396=VERTEX_POINT('',#10641);
#3397=VERTEX_POINT('',#10643);
#3398=VERTEX_POINT('',#10645);
#3399=VERTEX_POINT('',#10649);
#3400=VERTEX_POINT('',#10651);
#3401=VERTEX_POINT('',#10655);
#3402=VERTEX_POINT('',#10657);
#3403=VERTEX_POINT('',#10664);
#3404=VERTEX_POINT('',#10666);
#3405=VERTEX_POINT('',#10670);
#3406=VERTEX_POINT('',#10672);
#3407=VERTEX_POINT('',#10676);
#3408=VERTEX_POINT('',#10678);
#3409=VERTEX_POINT('',#10682);
#3410=VERTEX_POINT('',#10684);
#3411=VERTEX_POINT('',#10689);
#3412=VERTEX_POINT('',#10690);
#3413=VERTEX_POINT('',#10692);
#3414=VERTEX_POINT('',#10694);
#3415=VERTEX_POINT('',#10698);
#3416=VERTEX_POINT('',#10699);
#3417=VERTEX_POINT('',#10701);
#3418=VERTEX_POINT('',#10703);
#3419=VERTEX_POINT('',#10707);
#3420=VERTEX_POINT('',#10709);
#3421=VERTEX_POINT('',#10716);
#3422=VERTEX_POINT('',#10717);
#3423=VERTEX_POINT('',#10719);
#3424=VERTEX_POINT('',#10721);
#3425=VERTEX_POINT('',#10723);
#3426=VERTEX_POINT('',#10725);
#3427=VERTEX_POINT('',#10727);
#3428=VERTEX_POINT('',#10729);
#3429=VERTEX_POINT('',#10732);
#3430=VERTEX_POINT('',#10734);
#3431=VERTEX_POINT('',#10736);
#3432=VERTEX_POINT('',#10738);
#3433=VERTEX_POINT('',#10740);
#3434=VERTEX_POINT('',#10742);
#3435=VERTEX_POINT('',#10744);
#3436=VERTEX_POINT('',#10746);
#3437=VERTEX_POINT('',#10748);
#3438=VERTEX_POINT('',#10750);
#3439=VERTEX_POINT('',#10752);
#3440=VERTEX_POINT('',#10754);
#3441=VERTEX_POINT('',#10756);
#3442=VERTEX_POINT('',#10758);
#3443=VERTEX_POINT('',#10760);
#3444=VERTEX_POINT('',#10762);
#3445=VERTEX_POINT('',#10764);
#3446=VERTEX_POINT('',#10766);
#3447=VERTEX_POINT('',#10768);
#3448=VERTEX_POINT('',#10770);
#3449=VERTEX_POINT('',#10772);
#3450=VERTEX_POINT('',#10774);
#3451=VERTEX_POINT('',#10776);
#3452=VERTEX_POINT('',#10778);
#3453=VERTEX_POINT('',#10780);
#3454=VERTEX_POINT('',#10782);
#3455=VERTEX_POINT('',#10784);
#3456=VERTEX_POINT('',#10786);
#3457=VERTEX_POINT('',#10790);
#3458=VERTEX_POINT('',#10792);
#3459=VERTEX_POINT('',#10794);
#3460=VERTEX_POINT('',#10796);
#3461=VERTEX_POINT('',#10798);
#3462=VERTEX_POINT('',#10800);
#3463=VERTEX_POINT('',#10802);
#3464=VERTEX_POINT('',#10804);
#3465=VERTEX_POINT('',#10806);
#3466=VERTEX_POINT('',#10808);
#3467=VERTEX_POINT('',#10810);
#3468=VERTEX_POINT('',#10812);
#3469=VERTEX_POINT('',#10814);
#3470=VERTEX_POINT('',#10816);
#3471=VERTEX_POINT('',#10818);
#3472=VERTEX_POINT('',#10820);
#3473=VERTEX_POINT('',#10822);
#3474=VERTEX_POINT('',#10824);
#3475=VERTEX_POINT('',#10826);
#3476=VERTEX_POINT('',#10828);
#3477=VERTEX_POINT('',#10830);
#3478=VERTEX_POINT('',#10832);
#3479=VERTEX_POINT('',#10834);
#3480=VERTEX_POINT('',#10837);
#3481=VERTEX_POINT('',#10838);
#3482=VERTEX_POINT('',#10840);
#3483=VERTEX_POINT('',#10842);
#3484=VERTEX_POINT('',#10846);
#3485=VERTEX_POINT('',#10859);
#3486=VERTEX_POINT('',#10872);
#3487=VERTEX_POINT('',#10884);
#3488=VERTEX_POINT('',#10897);
#3489=VERTEX_POINT('',#10910);
#3490=VERTEX_POINT('',#10912);
#3491=VERTEX_POINT('',#10916);
#3492=VERTEX_POINT('',#10920);
#3493=VERTEX_POINT('',#10934);
#3494=VERTEX_POINT('',#10936);
#3495=VERTEX_POINT('',#10940);
#3496=VERTEX_POINT('',#10944);
#3497=VERTEX_POINT('',#10946);
#3498=VERTEX_POINT('',#10950);
#3499=VERTEX_POINT('',#10954);
#3500=VERTEX_POINT('',#10958);
#3501=VERTEX_POINT('',#10968);
#3502=VERTEX_POINT('',#10970);
#3503=VERTEX_POINT('',#10974);
#3504=VERTEX_POINT('',#10977);
#3505=VERTEX_POINT('',#10979);
#3506=VERTEX_POINT('',#10983);
#3507=VERTEX_POINT('',#10986);
#3508=VERTEX_POINT('',#10988);
#3509=VERTEX_POINT('',#10992);
#3510=VERTEX_POINT('',#10995);
#3511=VERTEX_POINT('',#10997);
#3512=VERTEX_POINT('',#11001);
#3513=VERTEX_POINT('',#11004);
#3514=VERTEX_POINT('',#11006);
#3515=VERTEX_POINT('',#11010);
#3516=VERTEX_POINT('',#11013);
#3517=VERTEX_POINT('',#11015);
#3518=VERTEX_POINT('',#11019);
#3519=VERTEX_POINT('',#11022);
#3520=VERTEX_POINT('',#11026);
#3521=VERTEX_POINT('',#11030);
#3522=VERTEX_POINT('',#11034);
#3523=VERTEX_POINT('',#11038);
#3524=VERTEX_POINT('',#11042);
#3525=VERTEX_POINT('',#11046);
#3526=VERTEX_POINT('',#11047);
#3527=VERTEX_POINT('',#11049);
#3528=VERTEX_POINT('',#11051);
#3529=VERTEX_POINT('',#11055);
#3530=VERTEX_POINT('',#11057);
#3531=VERTEX_POINT('',#11061);
#3532=VERTEX_POINT('',#11063);
#3533=VERTEX_POINT('',#11065);
#3534=VERTEX_POINT('',#11067);
#3535=VERTEX_POINT('',#11069);
#3536=VERTEX_POINT('',#11073);
#3537=VERTEX_POINT('',#11075);
#3538=VERTEX_POINT('',#11079);
#3539=VERTEX_POINT('',#11083);
#3540=VERTEX_POINT('',#11087);
#3541=VERTEX_POINT('',#11097);
#3542=VERTEX_POINT('',#11098);
#3543=VERTEX_POINT('',#11100);
#3544=VERTEX_POINT('',#11102);
#3545=VERTEX_POINT('',#11106);
#3546=VERTEX_POINT('',#11108);
#3547=VERTEX_POINT('',#11112);
#3548=VERTEX_POINT('',#11114);
#3549=VERTEX_POINT('',#11121);
#3550=VERTEX_POINT('',#11123);
#3551=VERTEX_POINT('',#11127);
#3552=VERTEX_POINT('',#11128);
#3553=VERTEX_POINT('',#11130);
#3554=VERTEX_POINT('',#11132);
#3555=VERTEX_POINT('',#11136);
#3556=VERTEX_POINT('',#11138);
#3557=VERTEX_POINT('',#11142);
#3558=VERTEX_POINT('',#11144);
#3559=VERTEX_POINT('',#11152);
#3560=VERTEX_POINT('',#11154);
#3561=VERTEX_POINT('',#11158);
#3562=VERTEX_POINT('',#11159);
#3563=VERTEX_POINT('',#11161);
#3564=VERTEX_POINT('',#11163);
#3565=VERTEX_POINT('',#11167);
#3566=VERTEX_POINT('',#11169);
#3567=VERTEX_POINT('',#11173);
#3568=VERTEX_POINT('',#11175);
#3569=VERTEX_POINT('',#11183);
#3570=VERTEX_POINT('',#11185);
#3571=VERTEX_POINT('',#11189);
#3572=VERTEX_POINT('',#11190);
#3573=VERTEX_POINT('',#11192);
#3574=VERTEX_POINT('',#11194);
#3575=VERTEX_POINT('',#11198);
#3576=VERTEX_POINT('',#11200);
#3577=VERTEX_POINT('',#11204);
#3578=VERTEX_POINT('',#11206);
#3579=VERTEX_POINT('',#11214);
#3580=VERTEX_POINT('',#11216);
#3581=VERTEX_POINT('',#11220);
#3582=VERTEX_POINT('',#11221);
#3583=VERTEX_POINT('',#11223);
#3584=VERTEX_POINT('',#11225);
#3585=VERTEX_POINT('',#11229);
#3586=VERTEX_POINT('',#11231);
#3587=VERTEX_POINT('',#11235);
#3588=VERTEX_POINT('',#11237);
#3589=VERTEX_POINT('',#11245);
#3590=VERTEX_POINT('',#11247);
#3591=VERTEX_POINT('',#11252);
#3592=VERTEX_POINT('',#11253);
#3593=VERTEX_POINT('',#11255);
#3594=VERTEX_POINT('',#11257);
#3595=VERTEX_POINT('',#11261);
#3596=VERTEX_POINT('',#11262);
#3597=VERTEX_POINT('',#11267);
#3598=VERTEX_POINT('',#11268);
#3599=VERTEX_POINT('',#11270);
#3600=VERTEX_POINT('',#11272);
#3601=VERTEX_POINT('',#11275);
#3602=VERTEX_POINT('',#11277);
#3603=VERTEX_POINT('',#11280);
#3604=VERTEX_POINT('',#11282);
#3605=VERTEX_POINT('',#11284);
#3606=VERTEX_POINT('',#11287);
#3607=VERTEX_POINT('',#11289);
#3608=VERTEX_POINT('',#11291);
#3609=VERTEX_POINT('',#11293);
#3610=VERTEX_POINT('',#11295);
#3611=VERTEX_POINT('',#11298);
#3612=VERTEX_POINT('',#11300);
#3613=VERTEX_POINT('',#11302);
#3614=VERTEX_POINT('',#11305);
#3615=VERTEX_POINT('',#11308);
#3616=VERTEX_POINT('',#11310);
#3617=VERTEX_POINT('',#11314);
#3618=VERTEX_POINT('',#11317);
#3619=VERTEX_POINT('',#11320);
#3620=VERTEX_POINT('',#11326);
#3621=VERTEX_POINT('',#11332);
#3622=VERTEX_POINT('',#11336);
#3623=VERTEX_POINT('',#11340);
#3624=VERTEX_POINT('',#11344);
#3625=VERTEX_POINT('',#11346);
#3626=VERTEX_POINT('',#11348);
#3627=VERTEX_POINT('',#11350);
#3628=VERTEX_POINT('',#11356);
#3629=VERTEX_POINT('',#11364);
#3630=VERTEX_POINT('',#11372);
#3631=VERTEX_POINT('',#11376);
#3632=VERTEX_POINT('',#11381);
#3633=VERTEX_POINT('',#11387);
#3634=VERTEX_POINT('',#11394);
#3635=VERTEX_POINT('',#11397);
#3636=VERTEX_POINT('',#11401);
#3637=VERTEX_POINT('',#11411);
#3638=VERTEX_POINT('',#11412);
#3639=VERTEX_POINT('',#11417);
#3640=VERTEX_POINT('',#11421);
#3641=VERTEX_POINT('',#11429);
#3642=VERTEX_POINT('',#11431);
#3643=VERTEX_POINT('',#11435);
#3644=VERTEX_POINT('',#11437);
#3645=VERTEX_POINT('',#11441);
#3646=VERTEX_POINT('',#11443);
#3647=VERTEX_POINT('',#11447);
#3648=VERTEX_POINT('',#11449);
#3649=VERTEX_POINT('',#11453);
#3650=VERTEX_POINT('',#11454);
#3651=VERTEX_POINT('',#11456);
#3652=VERTEX_POINT('',#11458);
#3653=VERTEX_POINT('',#11462);
#3654=VERTEX_POINT('',#11464);
#3655=VERTEX_POINT('',#11468);
#3656=VERTEX_POINT('',#11470);
#3657=VERTEX_POINT('',#11480);
#3658=VERTEX_POINT('',#11481);
#3659=VERTEX_POINT('',#11483);
#3660=VERTEX_POINT('',#11485);
#3661=VERTEX_POINT('',#11489);
#3662=VERTEX_POINT('',#11491);
#3663=VERTEX_POINT('',#11495);
#3664=VERTEX_POINT('',#11497);
#3665=VERTEX_POINT('',#11507);
#3666=VERTEX_POINT('',#11509);
#3667=VERTEX_POINT('',#11513);
#3668=VERTEX_POINT('',#11515);
#3669=VERTEX_POINT('',#11521);
#3670=VERTEX_POINT('',#11523);
#3671=VERTEX_POINT('',#11527);
#3672=VERTEX_POINT('',#11529);
#3673=VERTEX_POINT('',#11536);
#3674=VERTEX_POINT('',#11537);
#3675=VERTEX_POINT('',#11539);
#3676=VERTEX_POINT('',#11541);
#3677=VERTEX_POINT('',#11545);
#3678=VERTEX_POINT('',#11547);
#3679=VERTEX_POINT('',#11551);
#3680=VERTEX_POINT('',#11553);
#3681=VERTEX_POINT('',#11563);
#3682=VERTEX_POINT('',#11564);
#3683=VERTEX_POINT('',#11566);
#3684=VERTEX_POINT('',#11568);
#3685=VERTEX_POINT('',#11572);
#3686=VERTEX_POINT('',#11574);
#3687=VERTEX_POINT('',#11578);
#3688=VERTEX_POINT('',#11580);
#3689=VERTEX_POINT('',#11590);
#3690=VERTEX_POINT('',#11592);
#3691=VERTEX_POINT('',#11596);
#3692=VERTEX_POINT('',#11597);
#3693=VERTEX_POINT('',#11599);
#3694=VERTEX_POINT('',#11601);
#3695=VERTEX_POINT('',#11605);
#3696=VERTEX_POINT('',#11606);
#3697=VERTEX_POINT('',#11611);
#3698=VERTEX_POINT('',#11613);
#3699=VERTEX_POINT('',#11615);
#3700=VERTEX_POINT('',#11617);
#3701=VERTEX_POINT('',#11619);
#3702=VERTEX_POINT('',#11621);
#3703=VERTEX_POINT('',#11623);
#3704=VERTEX_POINT('',#11625);
#3705=VERTEX_POINT('',#11627);
#3706=VERTEX_POINT('',#11629);
#3707=VERTEX_POINT('',#11631);
#3708=VERTEX_POINT('',#11633);
#3709=VERTEX_POINT('',#11635);
#3710=VERTEX_POINT('',#11637);
#3711=VERTEX_POINT('',#11639);
#3712=VERTEX_POINT('',#11641);
#3713=VERTEX_POINT('',#11643);
#3714=VERTEX_POINT('',#11646);
#3715=VERTEX_POINT('',#11647);
#3716=VERTEX_POINT('',#11649);
#3717=VERTEX_POINT('',#11651);
#3718=VERTEX_POINT('',#11654);
#3719=VERTEX_POINT('',#11656);
#3720=VERTEX_POINT('',#11658);
#3721=VERTEX_POINT('',#11661);
#3722=VERTEX_POINT('',#11665);
#3723=VERTEX_POINT('',#11669);
#3724=VERTEX_POINT('',#11673);
#3725=VERTEX_POINT('',#11677);
#3726=VERTEX_POINT('',#11681);
#3727=VERTEX_POINT('',#11682);
#3728=VERTEX_POINT('',#11687);
#3729=VERTEX_POINT('',#11691);
#3730=VERTEX_POINT('',#11695);
#3731=VERTEX_POINT('',#11697);
#3732=VERTEX_POINT('',#11701);
#3733=VERTEX_POINT('',#11705);
#3734=VERTEX_POINT('',#11706);
#3735=VERTEX_POINT('',#11712);
#3736=VERTEX_POINT('',#11714);
#3737=VERTEX_POINT('',#11716);
#3738=VERTEX_POINT('',#11718);
#3739=VERTEX_POINT('',#11720);
#3740=VERTEX_POINT('',#11722);
#3741=VERTEX_POINT('',#11724);
#3742=VERTEX_POINT('',#11728);
#3743=VERTEX_POINT('',#11729);
#3744=VERTEX_POINT('',#11733);
#3745=VERTEX_POINT('',#11761);
#3746=VERTEX_POINT('',#11762);
#3747=VERTEX_POINT('',#11764);
#3748=VERTEX_POINT('',#11766);
#3749=VERTEX_POINT('',#11770);
#3750=VERTEX_POINT('',#11772);
#3751=VERTEX_POINT('',#11776);
#3752=VERTEX_POINT('',#11778);
#3753=VERTEX_POINT('',#11787);
#3754=VERTEX_POINT('',#11788);
#3755=VERTEX_POINT('',#11790);
#3756=VERTEX_POINT('',#11792);
#3757=VERTEX_POINT('',#11796);
#3758=VERTEX_POINT('',#11798);
#3759=VERTEX_POINT('',#11802);
#3760=VERTEX_POINT('',#11804);
#3761=VERTEX_POINT('',#11813);
#3762=VERTEX_POINT('',#11814);
#3763=VERTEX_POINT('',#11816);
#3764=VERTEX_POINT('',#11818);
#3765=VERTEX_POINT('',#11822);
#3766=VERTEX_POINT('',#11824);
#3767=VERTEX_POINT('',#11828);
#3768=VERTEX_POINT('',#11830);
#3769=VERTEX_POINT('',#11840);
#3770=VERTEX_POINT('',#11841);
#3771=VERTEX_POINT('',#11843);
#3772=VERTEX_POINT('',#11845);
#3773=VERTEX_POINT('',#11849);
#3774=VERTEX_POINT('',#11851);
#3775=VERTEX_POINT('',#11855);
#3776=VERTEX_POINT('',#11857);
#3777=VERTEX_POINT('',#11865);
#3778=VERTEX_POINT('',#11866);
#3779=VERTEX_POINT('',#11868);
#3780=VERTEX_POINT('',#11870);
#3781=VERTEX_POINT('',#11874);
#3782=VERTEX_POINT('',#11876);
#3783=VERTEX_POINT('',#11880);
#3784=VERTEX_POINT('',#11882);
#3785=VERTEX_POINT('',#11892);
#3786=VERTEX_POINT('',#11894);
#3787=VERTEX_POINT('',#11900);
#3788=VERTEX_POINT('',#11902);
#3789=VERTEX_POINT('',#11909);
#3790=VERTEX_POINT('',#11910);
#3791=VERTEX_POINT('',#11912);
#3792=VERTEX_POINT('',#11914);
#3793=VERTEX_POINT('',#11918);
#3794=VERTEX_POINT('',#11920);
#3795=VERTEX_POINT('',#11924);
#3796=VERTEX_POINT('',#11926);
#3797=VERTEX_POINT('',#11936);
#3798=VERTEX_POINT('',#11937);
#3799=VERTEX_POINT('',#11939);
#3800=VERTEX_POINT('',#11941);
#3801=VERTEX_POINT('',#11945);
#3802=VERTEX_POINT('',#11946);
#3803=VERTEX_POINT('',#11948);
#3804=VERTEX_POINT('',#11950);
#3805=VERTEX_POINT('',#11961);
#3806=VERTEX_POINT('',#11962);
#3807=VERTEX_POINT('',#11964);
#3808=VERTEX_POINT('',#11966);
#3809=VERTEX_POINT('',#11970);
#3810=VERTEX_POINT('',#11971);
#3811=VERTEX_POINT('',#11973);
#3812=VERTEX_POINT('',#11975);
#3813=VERTEX_POINT('',#11986);
#3814=VERTEX_POINT('',#11987);
#3815=VERTEX_POINT('',#11989);
#3816=VERTEX_POINT('',#11991);
#3817=VERTEX_POINT('',#11994);
#3818=VERTEX_POINT('',#11995);
#3819=VERTEX_POINT('',#11997);
#3820=VERTEX_POINT('',#11999);
#3821=VERTEX_POINT('',#12003);
#3822=VERTEX_POINT('',#12004);
#3823=VERTEX_POINT('',#12009);
#3824=VERTEX_POINT('',#12013);
#3825=VERTEX_POINT('',#12019);
#3826=VERTEX_POINT('',#12020);
#3827=VERTEX_POINT('',#12022);
#3828=VERTEX_POINT('',#12024);
#3829=VERTEX_POINT('',#12028);
#3830=VERTEX_POINT('',#12029);
#3831=VERTEX_POINT('',#12034);
#3832=VERTEX_POINT('',#12038);
#3833=VERTEX_POINT('',#12044);
#3834=VERTEX_POINT('',#12046);
#3835=VERTEX_POINT('',#12050);
#3836=VERTEX_POINT('',#12054);
#3837=VERTEX_POINT('',#12062);
#3838=VERTEX_POINT('',#12063);
#3839=VERTEX_POINT('',#12065);
#3840=VERTEX_POINT('',#12067);
#3841=VERTEX_POINT('',#12071);
#3842=VERTEX_POINT('',#12072);
#3843=VERTEX_POINT('',#12074);
#3844=VERTEX_POINT('',#12076);
#3845=VERTEX_POINT('',#12083);
#3846=VERTEX_POINT('',#12085);
#3847=VERTEX_POINT('',#12087);
#3848=VERTEX_POINT('',#12089);
#3849=VERTEX_POINT('',#12093);
#3850=VERTEX_POINT('',#12097);
#3851=VERTEX_POINT('',#12101);
#3852=VERTEX_POINT('',#12105);
#3853=VERTEX_POINT('',#12112);
#3854=VERTEX_POINT('',#12113);
#3855=VERTEX_POINT('',#12115);
#3856=VERTEX_POINT('',#12117);
#3857=VERTEX_POINT('',#12121);
#3858=VERTEX_POINT('',#12123);
#3859=VERTEX_POINT('',#12127);
#3860=VERTEX_POINT('',#12129);
#3861=VERTEX_POINT('',#12139);
#3862=VERTEX_POINT('',#12141);
#3863=VERTEX_POINT('',#12147);
#3864=VERTEX_POINT('',#12149);
#3865=VERTEX_POINT('',#12155);
#3866=VERTEX_POINT('',#12156);
#3867=VERTEX_POINT('',#12158);
#3868=VERTEX_POINT('',#12160);
#3869=VERTEX_POINT('',#12164);
#3870=VERTEX_POINT('',#12166);
#3871=VERTEX_POINT('',#12170);
#3872=VERTEX_POINT('',#12172);
#3873=VERTEX_POINT('',#12182);
#3874=VERTEX_POINT('',#12183);
#3875=VERTEX_POINT('',#12185);
#3876=VERTEX_POINT('',#12187);
#3877=VERTEX_POINT('',#12191);
#3878=VERTEX_POINT('',#12193);
#3879=VERTEX_POINT('',#12197);
#3880=VERTEX_POINT('',#12199);
#3881=VERTEX_POINT('',#12208);
#3882=VERTEX_POINT('',#12209);
#3883=VERTEX_POINT('',#12211);
#3884=VERTEX_POINT('',#12213);
#3885=VERTEX_POINT('',#12217);
#3886=VERTEX_POINT('',#12219);
#3887=VERTEX_POINT('',#12223);
#3888=VERTEX_POINT('',#12225);
#3889=VERTEX_POINT('',#12235);
#3890=VERTEX_POINT('',#12237);
#3891=VERTEX_POINT('',#12243);
#3892=VERTEX_POINT('',#12245);
#3893=VERTEX_POINT('',#12251);
#3894=VERTEX_POINT('',#12252);
#3895=VERTEX_POINT('',#12254);
#3896=VERTEX_POINT('',#12256);
#3897=VERTEX_POINT('',#12260);
#3898=VERTEX_POINT('',#12262);
#3899=VERTEX_POINT('',#12266);
#3900=VERTEX_POINT('',#12268);
#3901=VERTEX_POINT('',#12277);
#3902=VERTEX_POINT('',#12278);
#3903=VERTEX_POINT('',#12280);
#3904=VERTEX_POINT('',#12282);
#3905=VERTEX_POINT('',#12286);
#3906=VERTEX_POINT('',#12288);
#3907=VERTEX_POINT('',#12292);
#3908=VERTEX_POINT('',#12294);
#3909=VERTEX_POINT('',#12303);
#3910=VERTEX_POINT('',#12304);
#3911=VERTEX_POINT('',#12306);
#3912=VERTEX_POINT('',#12308);
#3913=VERTEX_POINT('',#12312);
#3914=VERTEX_POINT('',#12314);
#3915=VERTEX_POINT('',#12318);
#3916=VERTEX_POINT('',#12320);
#3917=VERTEX_POINT('',#12329);
#3918=VERTEX_POINT('',#12330);
#3919=VERTEX_POINT('',#12332);
#3920=VERTEX_POINT('',#12334);
#3921=VERTEX_POINT('',#12338);
#3922=VERTEX_POINT('',#12340);
#3923=VERTEX_POINT('',#12344);
#3924=VERTEX_POINT('',#12346);
#3925=VERTEX_POINT('',#12355);
#3926=VERTEX_POINT('',#12356);
#3927=VERTEX_POINT('',#12358);
#3928=VERTEX_POINT('',#12360);
#3929=VERTEX_POINT('',#12364);
#3930=VERTEX_POINT('',#12366);
#3931=VERTEX_POINT('',#12370);
#3932=VERTEX_POINT('',#12372);
#3933=VERTEX_POINT('',#12382);
#3934=VERTEX_POINT('',#12384);
#3935=VERTEX_POINT('',#12388);
#3936=VERTEX_POINT('',#12390);
#3937=VERTEX_POINT('',#12396);
#3938=VERTEX_POINT('',#12398);
#3939=VERTEX_POINT('',#12404);
#3940=VERTEX_POINT('',#12406);
#3941=VERTEX_POINT('',#12412);
#3942=VERTEX_POINT('',#12414);
#3943=VERTEX_POINT('',#12418);
#3944=VERTEX_POINT('',#12420);
#3945=VERTEX_POINT('',#12426);
#3946=VERTEX_POINT('',#12428);
#3947=VERTEX_POINT('',#12434);
#3948=VERTEX_POINT('',#12436);
#3949=VERTEX_POINT('',#12442);
#3950=VERTEX_POINT('',#12444);
#3951=VERTEX_POINT('',#12448);
#3952=VERTEX_POINT('',#12450);
#3953=VERTEX_POINT('',#12456);
#3954=VERTEX_POINT('',#12458);
#3955=VERTEX_POINT('',#12464);
#3956=VERTEX_POINT('',#12466);
#3957=VERTEX_POINT('',#12472);
#3958=VERTEX_POINT('',#12474);
#3959=VERTEX_POINT('',#12478);
#3960=VERTEX_POINT('',#12480);
#3961=VERTEX_POINT('',#12486);
#3962=VERTEX_POINT('',#12488);
#3963=VERTEX_POINT('',#12494);
#3964=VERTEX_POINT('',#12496);
#3965=VERTEX_POINT('',#12502);
#3966=VERTEX_POINT('',#12504);
#3967=VERTEX_POINT('',#12508);
#3968=VERTEX_POINT('',#12510);
#3969=VERTEX_POINT('',#12516);
#3970=VERTEX_POINT('',#12518);
#3971=VERTEX_POINT('',#12524);
#3972=VERTEX_POINT('',#12526);
#3973=VERTEX_POINT('',#12532);
#3974=VERTEX_POINT('',#12534);
#3975=VERTEX_POINT('',#12538);
#3976=VERTEX_POINT('',#12540);
#3977=VERTEX_POINT('',#12546);
#3978=VERTEX_POINT('',#12548);
#3979=VERTEX_POINT('',#12554);
#3980=VERTEX_POINT('',#12556);
#3981=EDGE_CURVE('',#3363,#3363,#3133,.T.);
#3982=EDGE_CURVE('',#3363,#3364,#1715,.T.);
#3983=EDGE_CURVE('',#3364,#3364,#3134,.T.);
#3984=EDGE_CURVE('',#3365,#3365,#3135,.T.);
#3985=EDGE_CURVE('',#3365,#3366,#1716,.T.);
#3986=EDGE_CURVE('',#3366,#3366,#3136,.T.);
#3987=EDGE_CURVE('',#3367,#3367,#3137,.T.);
#3988=EDGE_CURVE('',#3367,#3368,#1717,.T.);
#3989=EDGE_CURVE('',#3368,#3368,#3138,.T.);
#3990=EDGE_CURVE('',#3369,#3369,#3139,.T.);
#3991=EDGE_CURVE('',#3369,#3370,#1718,.T.);
#3992=EDGE_CURVE('',#3370,#3370,#3140,.T.);
#3993=EDGE_CURVE('',#3371,#3371,#3141,.T.);
#3994=EDGE_CURVE('',#3371,#3372,#1719,.T.);
#3995=EDGE_CURVE('',#3372,#3372,#3142,.T.);
#3996=EDGE_CURVE('',#3373,#3373,#3143,.T.);
#3997=EDGE_CURVE('',#3373,#3374,#1720,.T.);
#3998=EDGE_CURVE('',#3374,#3374,#3144,.T.);
#3999=EDGE_CURVE('',#3375,#3375,#3145,.T.);
#4000=EDGE_CURVE('',#3375,#3376,#1721,.T.);
#4001=EDGE_CURVE('',#3376,#3376,#3146,.T.);
#4002=EDGE_CURVE('',#3377,#3377,#3147,.T.);
#4003=EDGE_CURVE('',#3377,#3378,#1722,.T.);
#4004=EDGE_CURVE('',#3378,#3378,#3148,.T.);
#4005=EDGE_CURVE('',#3379,#3379,#3149,.T.);
#4006=EDGE_CURVE('',#3379,#3380,#1723,.T.);
#4007=EDGE_CURVE('',#3380,#3380,#3150,.T.);
#4008=EDGE_CURVE('',#3381,#3381,#3151,.T.);
#4009=EDGE_CURVE('',#3381,#3382,#1724,.T.);
#4010=EDGE_CURVE('',#3382,#3382,#3152,.T.);
#4011=EDGE_CURVE('',#3383,#3383,#3153,.T.);
#4012=EDGE_CURVE('',#3383,#3384,#1725,.T.);
#4013=EDGE_CURVE('',#3384,#3384,#3154,.T.);
#4014=EDGE_CURVE('',#3385,#3385,#3155,.T.);
#4015=EDGE_CURVE('',#3385,#3386,#1726,.T.);
#4016=EDGE_CURVE('',#3386,#3386,#3156,.T.);
#4017=EDGE_CURVE('',#3387,#3387,#3157,.T.);
#4018=EDGE_CURVE('',#3387,#3388,#1727,.T.);
#4019=EDGE_CURVE('',#3388,#3388,#3158,.T.);
#4020=EDGE_CURVE('',#3389,#3389,#3159,.T.);
#4021=EDGE_CURVE('',#3389,#3390,#1728,.T.);
#4022=EDGE_CURVE('',#3390,#3390,#3160,.T.);
#4023=EDGE_CURVE('',#3391,#3391,#3161,.T.);
#4024=EDGE_CURVE('',#3391,#3392,#1729,.T.);
#4025=EDGE_CURVE('',#3392,#3392,#3162,.T.);
#4026=EDGE_CURVE('',#3393,#3393,#3163,.T.);
#4027=EDGE_CURVE('',#3393,#3394,#1730,.T.);
#4028=EDGE_CURVE('',#3394,#3394,#3164,.T.);
#4029=EDGE_CURVE('',#3395,#3396,#1731,.T.);
#4030=EDGE_CURVE('',#3395,#3397,#1732,.T.);
#4031=EDGE_CURVE('',#3398,#3397,#1733,.T.);
#4032=EDGE_CURVE('',#3396,#3398,#1734,.T.);
#4033=EDGE_CURVE('',#3396,#3399,#1735,.T.);
#4034=EDGE_CURVE('',#3400,#3398,#1736,.T.);
#4035=EDGE_CURVE('',#3399,#3400,#1737,.T.);
#4036=EDGE_CURVE('',#3399,#3401,#1738,.T.);
#4037=EDGE_CURVE('',#3402,#3400,#1739,.T.);
#4038=EDGE_CURVE('',#3401,#3402,#1740,.T.);
#4039=EDGE_CURVE('',#3401,#3395,#1741,.T.);
#4040=EDGE_CURVE('',#3397,#3402,#1742,.T.);
#4041=EDGE_CURVE('',#3403,#3403,#3165,.T.);
#4042=EDGE_CURVE('',#3403,#3404,#1743,.T.);
#4043=EDGE_CURVE('',#3404,#3404,#3166,.T.);
#4044=EDGE_CURVE('',#3405,#3405,#3167,.T.);
#4045=EDGE_CURVE('',#3405,#3406,#1744,.T.);
#4046=EDGE_CURVE('',#3406,#3406,#3168,.T.);
#4047=EDGE_CURVE('',#3407,#3407,#3169,.T.);
#4048=EDGE_CURVE('',#3407,#3408,#1745,.T.);
#4049=EDGE_CURVE('',#3408,#3408,#3170,.T.);
#4050=EDGE_CURVE('',#3409,#3409,#3171,.T.);
#4051=EDGE_CURVE('',#3409,#3410,#1746,.T.);
#4052=EDGE_CURVE('',#3410,#3410,#3172,.T.);
#4053=EDGE_CURVE('',#3411,#3412,#1747,.T.);
#4054=EDGE_CURVE('',#3413,#3411,#1748,.T.);
#4055=EDGE_CURVE('',#3413,#3414,#1749,.T.);
#4056=EDGE_CURVE('',#3412,#3414,#1750,.T.);
#4057=EDGE_CURVE('',#3415,#3416,#1751,.T.);
#4058=EDGE_CURVE('',#3417,#3415,#1752,.T.);
#4059=EDGE_CURVE('',#3418,#3417,#1753,.T.);
#4060=EDGE_CURVE('',#3416,#3418,#1754,.T.);
#4061=EDGE_CURVE('',#3419,#3415,#1755,.T.);
#4062=EDGE_CURVE('',#3419,#3420,#1756,.T.);
#4063=EDGE_CURVE('',#3417,#3420,#1757,.T.);
#4064=EDGE_CURVE('',#3416,#3413,#3173,.T.);
#4065=EDGE_CURVE('',#3414,#3418,#3174,.T.);
#4066=EDGE_CURVE('',#3421,#3422,#3175,.T.);
#4067=EDGE_CURVE('',#3421,#3423,#1758,.T.);
#4068=EDGE_CURVE('',#3424,#3423,#3176,.T.);
#4069=EDGE_CURVE('',#3424,#3425,#1759,.T.);
#4070=EDGE_CURVE('',#3426,#3425,#3177,.T.);
#4071=EDGE_CURVE('',#3426,#3427,#1760,.T.);
#4072=EDGE_CURVE('',#3428,#3427,#3178,.T.);
#4073=EDGE_CURVE('',#3428,#3422,#1761,.T.);
#4074=EDGE_CURVE('',#3429,#3429,#3179,.T.);
#4075=EDGE_CURVE('',#3430,#3430,#3180,.T.);
#4076=EDGE_CURVE('',#3431,#3431,#3181,.T.);
#4077=EDGE_CURVE('',#3432,#3432,#3182,.T.);
#4078=EDGE_CURVE('',#3433,#3433,#3183,.T.);
#4079=EDGE_CURVE('',#3420,#3434,#1762,.T.);
#4080=EDGE_CURVE('',#3434,#3435,#3184,.T.);
#4081=EDGE_CURVE('',#3435,#3436,#1763,.T.);
#4082=EDGE_CURVE('',#3436,#3437,#1764,.T.);
#4083=EDGE_CURVE('',#3437,#3438,#1765,.T.);
#4084=EDGE_CURVE('',#3438,#3439,#3185,.T.);
#4085=EDGE_CURVE('',#3439,#3440,#1766,.T.);
#4086=EDGE_CURVE('',#3441,#3440,#3186,.T.);
#4087=EDGE_CURVE('',#3441,#3442,#1767,.T.);
#4088=EDGE_CURVE('',#3443,#3442,#3187,.T.);
#4089=EDGE_CURVE('',#3443,#3444,#1768,.T.);
#4090=EDGE_CURVE('',#3444,#3445,#3188,.T.);
#4091=EDGE_CURVE('',#3445,#3446,#1769,.T.);
#4092=EDGE_CURVE('',#3446,#3447,#1770,.T.);
#4093=EDGE_CURVE('',#3447,#3448,#1771,.T.);
#4094=EDGE_CURVE('',#3448,#3449,#3189,.T.);
#4095=EDGE_CURVE('',#3449,#3450,#1772,.T.);
#4096=EDGE_CURVE('',#3450,#3451,#1773,.T.);
#4097=EDGE_CURVE('',#3451,#3452,#1774,.T.);
#4098=EDGE_CURVE('',#3452,#3453,#3190,.T.);
#4099=EDGE_CURVE('',#3453,#3454,#1775,.T.);
#4100=EDGE_CURVE('',#3455,#3454,#3191,.T.);
#4101=EDGE_CURVE('',#3455,#3456,#1776,.T.);
#4102=EDGE_CURVE('',#3412,#3456,#3192,.T.);
#4103=EDGE_CURVE('',#3411,#3457,#3193,.T.);
#4104=EDGE_CURVE('',#3457,#3458,#1777,.T.);
#4105=EDGE_CURVE('',#3458,#3459,#3194,.T.);
#4106=EDGE_CURVE('',#3459,#3460,#1778,.T.);
#4107=EDGE_CURVE('',#3460,#3461,#3195,.T.);
#4108=EDGE_CURVE('',#3461,#3462,#1779,.T.);
#4109=EDGE_CURVE('',#3462,#3463,#1780,.T.);
#4110=EDGE_CURVE('',#3463,#3464,#1781,.T.);
#4111=EDGE_CURVE('',#3464,#3465,#3196,.T.);
#4112=EDGE_CURVE('',#3465,#3466,#1782,.T.);
#4113=EDGE_CURVE('',#3466,#3467,#1783,.T.);
#4114=EDGE_CURVE('',#3467,#3468,#1784,.T.);
#4115=EDGE_CURVE('',#3468,#3469,#3197,.T.);
#4116=EDGE_CURVE('',#3469,#3470,#1785,.T.);
#4117=EDGE_CURVE('',#3470,#3471,#3198,.T.);
#4118=EDGE_CURVE('',#3471,#3472,#1786,.T.);
#4119=EDGE_CURVE('',#3472,#3473,#3199,.T.);
#4120=EDGE_CURVE('',#3473,#3474,#1787,.T.);
#4121=EDGE_CURVE('',#3474,#3475,#3200,.T.);
#4122=EDGE_CURVE('',#3475,#3476,#1788,.T.);
#4123=EDGE_CURVE('',#3476,#3477,#1789,.T.);
#4124=EDGE_CURVE('',#3477,#3478,#1790,.T.);
#4125=EDGE_CURVE('',#3478,#3479,#3201,.T.);
#4126=EDGE_CURVE('',#3479,#3419,#1791,.T.);
#4127=EDGE_CURVE('',#3480,#3481,#1792,.T.);
#4128=EDGE_CURVE('',#3481,#3482,#1793,.T.);
#4129=EDGE_CURVE('',#3482,#3483,#1794,.T.);
#4130=EDGE_CURVE('',#3483,#3480,#1795,.T.);
#4131=EDGE_CURVE('',#3484,#3484,#3202,.T.);
#4132=EDGE_CURVE('',#3484,#3429,#1796,.T.);
#4133=EDGE_CURVE('',#3479,#3434,#1797,.T.);
#4134=EDGE_CURVE('',#3436,#3477,#1798,.T.);
#4135=EDGE_CURVE('',#3478,#3435,#1799,.T.);
#4136=EDGE_CURVE('',#3476,#3437,#1800,.T.);
#4137=EDGE_CURVE('',#3485,#3485,#3203,.T.);
#4138=EDGE_CURVE('',#3485,#3430,#1801,.T.);
#4139=EDGE_CURVE('',#3475,#3438,#1802,.T.);
#4140=EDGE_CURVE('',#3440,#3473,#1803,.T.);
#4141=EDGE_CURVE('',#3474,#3439,#1804,.T.);
#4142=EDGE_CURVE('',#3472,#3441,#1805,.T.);
#4143=EDGE_CURVE('',#3486,#3486,#3204,.T.);
#4144=EDGE_CURVE('',#3486,#3431,#1806,.T.);
#4145=EDGE_CURVE('',#3454,#3459,#1807,.T.);
#4146=EDGE_CURVE('',#3460,#3453,#1808,.T.);
#4147=EDGE_CURVE('',#3452,#3461,#1809,.T.);
#4148=EDGE_CURVE('',#3462,#3451,#1810,.T.);
#4149=EDGE_CURVE('',#3487,#3487,#3205,.T.);
#4150=EDGE_CURVE('',#3487,#3433,#1811,.T.);
#4151=EDGE_CURVE('',#3450,#3463,#1812,.T.);
#4152=EDGE_CURVE('',#3464,#3449,#1813,.T.);
#4153=EDGE_CURVE('',#3448,#3465,#1814,.T.);
#4154=EDGE_CURVE('',#3466,#3447,#1815,.T.);
#4155=EDGE_CURVE('',#3488,#3488,#3206,.T.);
#4156=EDGE_CURVE('',#3488,#3432,#1816,.T.);
#4157=EDGE_CURVE('',#3470,#3443,#1817,.T.);
#4158=EDGE_CURVE('',#3444,#3469,#1818,.T.);
#4159=EDGE_CURVE('',#3446,#3467,#1819,.T.);
#4160=EDGE_CURVE('',#3468,#3445,#1820,.T.);
#4161=EDGE_CURVE('',#3489,#3482,#1821,.T.);
#4162=EDGE_CURVE('',#3490,#3489,#1822,.T.);
#4163=EDGE_CURVE('',#3490,#3483,#1823,.T.);
#4164=EDGE_CURVE('',#3491,#3490,#1824,.T.);
#4165=EDGE_CURVE('',#3491,#3480,#1825,.T.);
#4166=EDGE_CURVE('',#3492,#3491,#1826,.T.);
#4167=EDGE_CURVE('',#3492,#3481,#1827,.T.);
#4168=EDGE_CURVE('',#3489,#3492,#1828,.T.);
#4169=EDGE_CURVE('',#3456,#3457,#1829,.T.);
#4170=EDGE_CURVE('',#3458,#3455,#1830,.T.);
#4171=EDGE_CURVE('',#3442,#3471,#1831,.T.);
#4172=EDGE_CURVE('',#3422,#3493,#1832,.T.);
#4173=EDGE_CURVE('',#3493,#3494,#3207,.T.);
#4174=EDGE_CURVE('',#3494,#3421,#1833,.T.);
#4175=EDGE_CURVE('',#3495,#3428,#1834,.T.);
#4176=EDGE_CURVE('',#3495,#3493,#1835,.T.);
#4177=EDGE_CURVE('',#3423,#3496,#1836,.T.);
#4178=EDGE_CURVE('',#3496,#3497,#3208,.T.);
#4179=EDGE_CURVE('',#3497,#3424,#1837,.T.);
#4180=EDGE_CURVE('',#3497,#3498,#1838,.T.);
#4181=EDGE_CURVE('',#3425,#3498,#1839,.T.);
#4182=EDGE_CURVE('',#3498,#3499,#3209,.T.);
#4183=EDGE_CURVE('',#3499,#3426,#1840,.T.);
#4184=EDGE_CURVE('',#3427,#3500,#1841,.T.);
#4185=EDGE_CURVE('',#3500,#3495,#3210,.T.);
#4186=EDGE_CURVE('',#3499,#3500,#1842,.T.);
#4187=EDGE_CURVE('',#3494,#3496,#1843,.T.);
#4188=EDGE_CURVE('',#3501,#3501,#3211,.T.);
#4189=EDGE_CURVE('',#3501,#3502,#1844,.T.);
#4190=EDGE_CURVE('',#3502,#3502,#3212,.T.);
#4191=EDGE_CURVE('',#3503,#3503,#3213,.T.);
#4192=EDGE_CURVE('',#3504,#3504,#3214,.T.);
#4193=EDGE_CURVE('',#3504,#3505,#1845,.T.);
#4194=EDGE_CURVE('',#3505,#3505,#3215,.T.);
#4195=EDGE_CURVE('',#3506,#3506,#3216,.T.);
#4196=EDGE_CURVE('',#3507,#3507,#3217,.T.);
#4197=EDGE_CURVE('',#3507,#3508,#1846,.T.);
#4198=EDGE_CURVE('',#3508,#3508,#3218,.T.);
#4199=EDGE_CURVE('',#3509,#3509,#3219,.T.);
#4200=EDGE_CURVE('',#3510,#3510,#3220,.T.);
#4201=EDGE_CURVE('',#3510,#3511,#1847,.T.);
#4202=EDGE_CURVE('',#3511,#3511,#3221,.T.);
#4203=EDGE_CURVE('',#3512,#3512,#3222,.T.);
#4204=EDGE_CURVE('',#3513,#3513,#3223,.T.);
#4205=EDGE_CURVE('',#3513,#3514,#1848,.T.);
#4206=EDGE_CURVE('',#3514,#3514,#3224,.T.);
#4207=EDGE_CURVE('',#3515,#3515,#3225,.T.);
#4208=EDGE_CURVE('',#3516,#3516,#3226,.T.);
#4209=EDGE_CURVE('',#3516,#3517,#1849,.T.);
#4210=EDGE_CURVE('',#3517,#3517,#3227,.T.);
#4211=EDGE_CURVE('',#3518,#3518,#3228,.T.);
#4212=EDGE_CURVE('',#3519,#3519,#3229,.T.);
#4213=EDGE_CURVE('',#3519,#3503,#1850,.T.);
#4214=EDGE_CURVE('',#3520,#3520,#3230,.T.);
#4215=EDGE_CURVE('',#3520,#3506,#1851,.T.);
#4216=EDGE_CURVE('',#3521,#3521,#3231,.T.);
#4217=EDGE_CURVE('',#3521,#3509,#1852,.T.);
#4218=EDGE_CURVE('',#3522,#3522,#3232,.T.);
#4219=EDGE_CURVE('',#3522,#3512,#1853,.T.);
#4220=EDGE_CURVE('',#3523,#3523,#3233,.T.);
#4221=EDGE_CURVE('',#3523,#3515,#1854,.T.);
#4222=EDGE_CURVE('',#3524,#3524,#3234,.T.);
#4223=EDGE_CURVE('',#3524,#3518,#1855,.T.);
#4224=EDGE_CURVE('',#3525,#3526,#3235,.T.);
#4225=EDGE_CURVE('',#3526,#3527,#1856,.T.);
#4226=EDGE_CURVE('',#3527,#3528,#3236,.T.);
#4227=EDGE_CURVE('',#3528,#3525,#1857,.T.);
#4228=EDGE_CURVE('',#3529,#3526,#1858,.T.);
#4229=EDGE_CURVE('',#3530,#3529,#1859,.T.);
#4230=EDGE_CURVE('',#3530,#3527,#1860,.T.);
#4231=EDGE_CURVE('',#3525,#3531,#1861,.T.);
#4232=EDGE_CURVE('',#3532,#3531,#3237,.T.);
#4233=EDGE_CURVE('',#3532,#3533,#1862,.T.);
#4234=EDGE_CURVE('',#3534,#3533,#3238,.T.);
#4235=EDGE_CURVE('',#3534,#3535,#1863,.T.);
#4236=EDGE_CURVE('',#3529,#3535,#3239,.T.);
#4237=EDGE_CURVE('',#3531,#3536,#1864,.T.);
#4238=EDGE_CURVE('',#3536,#3537,#3240,.T.);
#4239=EDGE_CURVE('',#3537,#3532,#1865,.T.);
#4240=EDGE_CURVE('',#3537,#3538,#1866,.T.);
#4241=EDGE_CURVE('',#3533,#3538,#1867,.T.);
#4242=EDGE_CURVE('',#3538,#3539,#3241,.T.);
#4243=EDGE_CURVE('',#3539,#3534,#1868,.T.);
#4244=EDGE_CURVE('',#3535,#3540,#1869,.T.);
#4245=EDGE_CURVE('',#3540,#3530,#3242,.T.);
#4246=EDGE_CURVE('',#3539,#3540,#1870,.T.);
#4247=EDGE_CURVE('',#3528,#3536,#1871,.T.);
#4248=EDGE_CURVE('',#3541,#3542,#1872,.T.);
#4249=EDGE_CURVE('',#3543,#3541,#1873,.T.);
#4250=EDGE_CURVE('',#3544,#3543,#1874,.T.);
#4251=EDGE_CURVE('',#3544,#3542,#1875,.T.);
#4252=EDGE_CURVE('',#3542,#3545,#1876,.T.);
#4253=EDGE_CURVE('',#3546,#3544,#1877,.T.);
#4254=EDGE_CURVE('',#3546,#3545,#1878,.T.);
#4255=EDGE_CURVE('',#3545,#3547,#1879,.T.);
#4256=EDGE_CURVE('',#3548,#3546,#1880,.T.);
#4257=EDGE_CURVE('',#3548,#3547,#1881,.T.);
#4258=EDGE_CURVE('',#3547,#3541,#1882,.T.);
#4259=EDGE_CURVE('',#3543,#3548,#1883,.T.);
#4260=EDGE_CURVE('',#3549,#3549,#3243,.T.);
#4261=EDGE_CURVE('',#3549,#3550,#1884,.T.);
#4262=EDGE_CURVE('',#3550,#3550,#3244,.T.);
#4263=EDGE_CURVE('',#3551,#3552,#1885,.T.);
#4264=EDGE_CURVE('',#3551,#3553,#1886,.T.);
#4265=EDGE_CURVE('',#3553,#3554,#1887,.T.);
#4266=EDGE_CURVE('',#3554,#3552,#1888,.T.);
#4267=EDGE_CURVE('',#3555,#3551,#1889,.T.);
#4268=EDGE_CURVE('',#3555,#3556,#1890,.T.);
#4269=EDGE_CURVE('',#3556,#3553,#1891,.T.);
#4270=EDGE_CURVE('',#3552,#3557,#1892,.T.);
#4271=EDGE_CURVE('',#3558,#3554,#1893,.T.);
#4272=EDGE_CURVE('',#3558,#3557,#1894,.T.);
#4273=EDGE_CURVE('',#3556,#3558,#1895,.T.);
#4274=EDGE_CURVE('',#3557,#3555,#1896,.T.);
#4275=EDGE_CURVE('',#3559,#3559,#3245,.T.);
#4276=EDGE_CURVE('',#3559,#3560,#1897,.T.);
#4277=EDGE_CURVE('',#3560,#3560,#3246,.T.);
#4278=EDGE_CURVE('',#3561,#3562,#1898,.T.);
#4279=EDGE_CURVE('',#3561,#3563,#1899,.T.);
#4280=EDGE_CURVE('',#3563,#3564,#1900,.T.);
#4281=EDGE_CURVE('',#3564,#3562,#1901,.T.);
#4282=EDGE_CURVE('',#3565,#3561,#1902,.T.);
#4283=EDGE_CURVE('',#3565,#3566,#1903,.T.);
#4284=EDGE_CURVE('',#3566,#3563,#1904,.T.);
#4285=EDGE_CURVE('',#3562,#3567,#1905,.T.);
#4286=EDGE_CURVE('',#3568,#3564,#1906,.T.);
#4287=EDGE_CURVE('',#3568,#3567,#1907,.T.);
#4288=EDGE_CURVE('',#3566,#3568,#1908,.T.);
#4289=EDGE_CURVE('',#3567,#3565,#1909,.T.);
#4290=EDGE_CURVE('',#3569,#3569,#3247,.T.);
#4291=EDGE_CURVE('',#3569,#3570,#1910,.T.);
#4292=EDGE_CURVE('',#3570,#3570,#3248,.T.);
#4293=EDGE_CURVE('',#3571,#3572,#1911,.T.);
#4294=EDGE_CURVE('',#3573,#3571,#1912,.T.);
#4295=EDGE_CURVE('',#3574,#3573,#1913,.T.);
#4296=EDGE_CURVE('',#3572,#3574,#1914,.T.);
#4297=EDGE_CURVE('',#3575,#3571,#1915,.T.);
#4298=EDGE_CURVE('',#3576,#3575,#1916,.T.);
#4299=EDGE_CURVE('',#3573,#3576,#1917,.T.);
#4300=EDGE_CURVE('',#3572,#3577,#1918,.T.);
#4301=EDGE_CURVE('',#3574,#3578,#1919,.T.);
#4302=EDGE_CURVE('',#3577,#3578,#1920,.T.);
#4303=EDGE_CURVE('',#3578,#3576,#1921,.T.);
#4304=EDGE_CURVE('',#3577,#3575,#1922,.T.);
#4305=EDGE_CURVE('',#3579,#3579,#3249,.T.);
#4306=EDGE_CURVE('',#3579,#3580,#1923,.T.);
#4307=EDGE_CURVE('',#3580,#3580,#3250,.T.);
#4308=EDGE_CURVE('',#3581,#3582,#1924,.T.);
#4309=EDGE_CURVE('',#3583,#3581,#1925,.T.);
#4310=EDGE_CURVE('',#3584,#3583,#1926,.T.);
#4311=EDGE_CURVE('',#3582,#3584,#1927,.T.);
#4312=EDGE_CURVE('',#3585,#3581,#1928,.T.);
#4313=EDGE_CURVE('',#3586,#3585,#1929,.T.);
#4314=EDGE_CURVE('',#3583,#3586,#1930,.T.);
#4315=EDGE_CURVE('',#3582,#3587,#1931,.T.);
#4316=EDGE_CURVE('',#3584,#3588,#1932,.T.);
#4317=EDGE_CURVE('',#3587,#3588,#1933,.T.);
#4318=EDGE_CURVE('',#3588,#3586,#1934,.T.);
#4319=EDGE_CURVE('',#3587,#3585,#1935,.T.);
#4320=EDGE_CURVE('',#3589,#3589,#3251,.T.);
#4321=EDGE_CURVE('',#3589,#3590,#1936,.T.);
#4322=EDGE_CURVE('',#3590,#3590,#3252,.T.);
#4323=EDGE_CURVE('',#3591,#3592,#1937,.T.);
#4324=EDGE_CURVE('',#3593,#3591,#3253,.T.);
#4325=EDGE_CURVE('',#3594,#3593,#1938,.T.);
#4326=EDGE_CURVE('',#3592,#3594,#3254,.T.);
#4327=EDGE_CURVE('',#3595,#3596,#1939,.T.);
#4328=EDGE_CURVE('',#3591,#3595,#3255,.T.);
#4329=EDGE_CURVE('',#3596,#3592,#3256,.T.);
#4330=EDGE_CURVE('',#3597,#3598,#1940,.T.);
#4331=EDGE_CURVE('',#3598,#3599,#1941,.T.);
#4332=EDGE_CURVE('',#3599,#3600,#1942,.T.);
#4333=EDGE_CURVE('',#3600,#3597,#1943,.T.);
#4334=EDGE_CURVE('',#3601,#3601,#3257,.T.);
#4335=EDGE_CURVE('',#3594,#3602,#1944,.T.);
#4336=EDGE_CURVE('',#3602,#3592,#1945,.T.);
#4337=EDGE_CURVE('',#3592,#3603,#1946,.T.);
#4338=EDGE_CURVE('',#3603,#3604,#1947,.T.);
#4339=EDGE_CURVE('',#3604,#3605,#1948,.T.);
#4340=EDGE_CURVE('',#3605,#3603,#3258,.T.);
#4341=EDGE_CURVE('',#3603,#3606,#3259,.T.);
#4342=EDGE_CURVE('',#3606,#3607,#1949,.T.);
#4343=EDGE_CURVE('',#3607,#3608,#3260,.T.);
#4344=EDGE_CURVE('',#3608,#3609,#3261,.T.);
#4345=EDGE_CURVE('',#3609,#3610,#1950,.T.);
#4346=EDGE_CURVE('',#3610,#3608,#1951,.T.);
#4347=EDGE_CURVE('',#3608,#3611,#1952,.T.);
#4348=EDGE_CURVE('',#3611,#3612,#1953,.T.);
#4349=EDGE_CURVE('',#3612,#3613,#1954,.T.);
#4350=EDGE_CURVE('',#3613,#3611,#3262,.T.);
#4351=EDGE_CURVE('',#3611,#3614,#3263,.T.);
#4352=EDGE_CURVE('',#3614,#3596,#1955,.T.);
#4353=EDGE_CURVE('',#3615,#3615,#3264,.T.);
#4354=EDGE_CURVE('',#3616,#3616,#3265,.T.);
#4355=EDGE_CURVE('',#3591,#3592,#1956,.T.);
#4356=EDGE_CURVE('',#3617,#3591,#1957,.T.);
#4357=EDGE_CURVE('',#3617,#3603,#1958,.T.);
#4358=EDGE_CURVE('',#3618,#3618,#3266,.T.);
#4359=EDGE_CURVE('',#3619,#3593,#1959,.T.);
#4360=EDGE_CURVE('',#3619,#3602,#1960,.T.);
#4361=EDGE_CURVE('',#3591,#3619,#1961,.T.);
#4362=EDGE_CURVE('',#3620,#3620,#3267,.T.);
#4363=EDGE_CURVE('',#3620,#3616,#1962,.T.);
#4364=EDGE_CURVE('',#3617,#3603,#1963,.T.);
#4365=EDGE_CURVE('',#3621,#3617,#3268,.T.);
#4366=EDGE_CURVE('',#3606,#3621,#1964,.T.);
#4367=EDGE_CURVE('',#3622,#3605,#1965,.T.);
#4368=EDGE_CURVE('',#3617,#3622,#3269,.T.);
#4369=EDGE_CURVE('',#3623,#3617,#1966,.T.);
#4370=EDGE_CURVE('',#3623,#3604,#1967,.T.);
#4371=EDGE_CURVE('',#3595,#3624,#1968,.T.);
#4372=EDGE_CURVE('',#3624,#3625,#3270,.T.);
#4373=EDGE_CURVE('',#3625,#3626,#1969,.T.);
#4374=EDGE_CURVE('',#3626,#3627,#3271,.T.);
#4375=EDGE_CURVE('',#3627,#3621,#1970,.T.);
#4376=EDGE_CURVE('',#3627,#3607,#1971,.T.);
#4377=EDGE_CURVE('',#3628,#3628,#3272,.T.);
#4378=EDGE_CURVE('',#3628,#3601,#1972,.T.);
#4379=EDGE_CURVE('',#3614,#3624,#1973,.T.);
#4380=EDGE_CURVE('',#3625,#3611,#1974,.T.);
#4381=EDGE_CURVE('',#3629,#3613,#1975,.T.);
#4382=EDGE_CURVE('',#3625,#3629,#3273,.T.);
#4383=EDGE_CURVE('',#3622,#3623,#1976,.T.);
#4384=EDGE_CURVE('',#3625,#3611,#1977,.T.);
#4385=EDGE_CURVE('',#3630,#3625,#1978,.T.);
#4386=EDGE_CURVE('',#3630,#3612,#1979,.T.);
#4387=EDGE_CURVE('',#3631,#3631,#3274,.T.);
#4388=EDGE_CURVE('',#3631,#3615,#1980,.T.);
#4389=EDGE_CURVE('',#3609,#3632,#1981,.T.);
#4390=EDGE_CURVE('',#3626,#3608,#1982,.T.);
#4391=EDGE_CURVE('',#3632,#3626,#3275,.T.);
#4392=EDGE_CURVE('',#3633,#3632,#1983,.T.);
#4393=EDGE_CURVE('',#3633,#3610,#1984,.T.);
#4394=EDGE_CURVE('',#3626,#3633,#1985,.T.);
#4395=EDGE_CURVE('',#3626,#3608,#1986,.T.);
#4396=EDGE_CURVE('',#3634,#3634,#3276,.T.);
#4397=EDGE_CURVE('',#3618,#3635,#1987,.T.);
#4398=EDGE_CURVE('',#3635,#3635,#3277,.T.);
#4399=EDGE_CURVE('',#3636,#3636,#3278,.T.);
#4400=EDGE_CURVE('',#3636,#3634,#1988,.T.);
#4401=EDGE_CURVE('',#3629,#3630,#1989,.T.);
#4402=EDGE_CURVE('',#3637,#3638,#1990,.T.);
#4403=EDGE_CURVE('',#3638,#3597,#1991,.T.);
#4404=EDGE_CURVE('',#3637,#3600,#1992,.T.);
#4405=EDGE_CURVE('',#3639,#3637,#1993,.T.);
#4406=EDGE_CURVE('',#3639,#3599,#1994,.T.);
#4407=EDGE_CURVE('',#3640,#3639,#1995,.T.);
#4408=EDGE_CURVE('',#3640,#3598,#1996,.T.);
#4409=EDGE_CURVE('',#3638,#3640,#1997,.T.);
#4410=EDGE_CURVE('',#3641,#3641,#3279,.T.);
#4411=EDGE_CURVE('',#3641,#3642,#1998,.T.);
#4412=EDGE_CURVE('',#3642,#3642,#3280,.T.);
#4413=EDGE_CURVE('',#3643,#3643,#3281,.T.);
#4414=EDGE_CURVE('',#3643,#3644,#1999,.T.);
#4415=EDGE_CURVE('',#3644,#3644,#3282,.T.);
#4416=EDGE_CURVE('',#3645,#3645,#3283,.T.);
#4417=EDGE_CURVE('',#3645,#3646,#2000,.T.);
#4418=EDGE_CURVE('',#3646,#3646,#3284,.T.);
#4419=EDGE_CURVE('',#3647,#3647,#3285,.T.);
#4420=EDGE_CURVE('',#3647,#3648,#2001,.T.);
#4421=EDGE_CURVE('',#3648,#3648,#3286,.T.);
#4422=EDGE_CURVE('',#3649,#3650,#2002,.T.);
#4423=EDGE_CURVE('',#3650,#3651,#2003,.T.);
#4424=EDGE_CURVE('',#3652,#3651,#2004,.T.);
#4425=EDGE_CURVE('',#3649,#3652,#2005,.T.);
#4426=EDGE_CURVE('',#3653,#3649,#2006,.T.);
#4427=EDGE_CURVE('',#3654,#3652,#2007,.T.);
#4428=EDGE_CURVE('',#3653,#3654,#2008,.T.);
#4429=EDGE_CURVE('',#3655,#3653,#2009,.T.);
#4430=EDGE_CURVE('',#3656,#3654,#2010,.T.);
#4431=EDGE_CURVE('',#3655,#3656,#2011,.T.);
#4432=EDGE_CURVE('',#3650,#3655,#2012,.T.);
#4433=EDGE_CURVE('',#3651,#3656,#2013,.T.);
#4434=EDGE_CURVE('',#3657,#3658,#2014,.T.);
#4435=EDGE_CURVE('',#3658,#3659,#2015,.T.);
#4436=EDGE_CURVE('',#3660,#3659,#2016,.T.);
#4437=EDGE_CURVE('',#3657,#3660,#2017,.T.);
#4438=EDGE_CURVE('',#3661,#3657,#2018,.T.);
#4439=EDGE_CURVE('',#3662,#3660,#2019,.T.);
#4440=EDGE_CURVE('',#3661,#3662,#2020,.T.);
#4441=EDGE_CURVE('',#3663,#3661,#2021,.T.);
#4442=EDGE_CURVE('',#3664,#3662,#2022,.T.);
#4443=EDGE_CURVE('',#3663,#3664,#2023,.T.);
#4444=EDGE_CURVE('',#3658,#3663,#2024,.T.);
#4445=EDGE_CURVE('',#3659,#3664,#2025,.T.);
#4446=EDGE_CURVE('',#3665,#3665,#3287,.T.);
#4447=EDGE_CURVE('',#3665,#3666,#2026,.T.);
#4448=EDGE_CURVE('',#3666,#3666,#3288,.T.);
#4449=EDGE_CURVE('',#3667,#3667,#3289,.T.);
#4450=EDGE_CURVE('',#3667,#3668,#2027,.T.);
#4451=EDGE_CURVE('',#3668,#3668,#3290,.T.);
#4452=EDGE_CURVE('',#3669,#3669,#3291,.T.);
#4453=EDGE_CURVE('',#3669,#3670,#2028,.T.);
#4454=EDGE_CURVE('',#3670,#3670,#3292,.T.);
#4455=EDGE_CURVE('',#3671,#3671,#3293,.T.);
#4456=EDGE_CURVE('',#3671,#3672,#2029,.T.);
#4457=EDGE_CURVE('',#3672,#3672,#3294,.T.);
#4458=EDGE_CURVE('',#3673,#3674,#2030,.T.);
#4459=EDGE_CURVE('',#3674,#3675,#2031,.T.);
#4460=EDGE_CURVE('',#3676,#3675,#2032,.T.);
#4461=EDGE_CURVE('',#3673,#3676,#2033,.T.);
#4462=EDGE_CURVE('',#3677,#3673,#2034,.T.);
#4463=EDGE_CURVE('',#3678,#3676,#2035,.T.);
#4464=EDGE_CURVE('',#3677,#3678,#2036,.T.);
#4465=EDGE_CURVE('',#3679,#3677,#2037,.T.);
#4466=EDGE_CURVE('',#3680,#3678,#2038,.T.);
#4467=EDGE_CURVE('',#3679,#3680,#2039,.T.);
#4468=EDGE_CURVE('',#3674,#3679,#2040,.T.);
#4469=EDGE_CURVE('',#3675,#3680,#2041,.T.);
#4470=EDGE_CURVE('',#3681,#3682,#2042,.T.);
#4471=EDGE_CURVE('',#3682,#3683,#2043,.T.);
#4472=EDGE_CURVE('',#3684,#3683,#2044,.T.);
#4473=EDGE_CURVE('',#3681,#3684,#2045,.T.);
#4474=EDGE_CURVE('',#3685,#3681,#2046,.T.);
#4475=EDGE_CURVE('',#3686,#3684,#2047,.T.);
#4476=EDGE_CURVE('',#3685,#3686,#2048,.T.);
#4477=EDGE_CURVE('',#3687,#3685,#2049,.T.);
#4478=EDGE_CURVE('',#3688,#3686,#2050,.T.);
#4479=EDGE_CURVE('',#3687,#3688,#2051,.T.);
#4480=EDGE_CURVE('',#3682,#3687,#2052,.T.);
#4481=EDGE_CURVE('',#3683,#3688,#2053,.T.);
#4482=EDGE_CURVE('',#3689,#3689,#3295,.T.);
#4483=EDGE_CURVE('',#3689,#3690,#2054,.T.);
#4484=EDGE_CURVE('',#3690,#3690,#3296,.T.);
#4485=EDGE_CURVE('',#3691,#3692,#2055,.T.);
#4486=EDGE_CURVE('',#3692,#3693,#2056,.T.);
#4487=EDGE_CURVE('',#3694,#3693,#2057,.T.);
#4488=EDGE_CURVE('',#3691,#3694,#2058,.T.);
#4489=EDGE_CURVE('',#3695,#3696,#2059,.T.);
#4490=EDGE_CURVE('',#3695,#3691,#2060,.T.);
#4491=EDGE_CURVE('',#3696,#3694,#2061,.T.);
#4492=EDGE_CURVE('',#3692,#3697,#2062,.T.);
#4493=EDGE_CURVE('',#3698,#3695,#2063,.T.);
#4494=EDGE_CURVE('',#3699,#3698,#2064,.T.);
#4495=EDGE_CURVE('',#3700,#3699,#2065,.T.);
#4496=EDGE_CURVE('',#3701,#3700,#2066,.T.);
#4497=EDGE_CURVE('',#3702,#3701,#2067,.T.);
#4498=EDGE_CURVE('',#3703,#3702,#2068,.T.);
#4499=EDGE_CURVE('',#3704,#3703,#2069,.T.);
#4500=EDGE_CURVE('',#3705,#3704,#2070,.T.);
#4501=EDGE_CURVE('',#3706,#3705,#2071,.T.);
#4502=EDGE_CURVE('',#3707,#3706,#2072,.T.);
#4503=EDGE_CURVE('',#3708,#3707,#2073,.T.);
#4504=EDGE_CURVE('',#3709,#3708,#2074,.T.);
#4505=EDGE_CURVE('',#3710,#3709,#2075,.T.);
#4506=EDGE_CURVE('',#3711,#3710,#2076,.T.);
#4507=EDGE_CURVE('',#3712,#3711,#2077,.T.);
#4508=EDGE_CURVE('',#3713,#3712,#2078,.T.);
#4509=EDGE_CURVE('',#3697,#3713,#2079,.T.);
#4510=EDGE_CURVE('',#3714,#3715,#2080,.T.);
#4511=EDGE_CURVE('',#3716,#3714,#2081,.T.);
#4512=EDGE_CURVE('',#3717,#3716,#2082,.T.);
#4513=EDGE_CURVE('',#3715,#3717,#2083,.T.);
#4514=EDGE_CURVE('',#3718,#3718,#3297,.T.);
#4515=EDGE_CURVE('',#3719,#3719,#3298,.T.);
#4516=EDGE_CURVE('',#3720,#3720,#3299,.T.);
#4517=EDGE_CURVE('',#3721,#3696,#2084,.T.);
#4518=EDGE_CURVE('',#3721,#3698,#2085,.T.);
#4519=EDGE_CURVE('',#3720,#3722,#2086,.T.);
#4520=EDGE_CURVE('',#3722,#3722,#3300,.T.);
#4521=EDGE_CURVE('',#3723,#3721,#2087,.T.);
#4522=EDGE_CURVE('',#3699,#3723,#2088,.T.);
#4523=EDGE_CURVE('',#3724,#3723,#2089,.T.);
#4524=EDGE_CURVE('',#3700,#3724,#2090,.T.);
#4525=EDGE_CURVE('',#3701,#3725,#2091,.T.);
#4526=EDGE_CURVE('',#3725,#3724,#2092,.T.);
#4527=EDGE_CURVE('',#3726,#3727,#2093,.T.);
#4528=EDGE_CURVE('',#3726,#3704,#2094,.T.);
#4529=EDGE_CURVE('',#3703,#3727,#2095,.T.);
#4530=EDGE_CURVE('',#3728,#3725,#2096,.T.);
#4531=EDGE_CURVE('',#3702,#3728,#2097,.T.);
#4532=EDGE_CURVE('',#3719,#3729,#2098,.T.);
#4533=EDGE_CURVE('',#3729,#3729,#3301,.T.);
#4534=EDGE_CURVE('',#3730,#3712,#2099,.T.);
#4535=EDGE_CURVE('',#3731,#3730,#2100,.T.);
#4536=EDGE_CURVE('',#3713,#3731,#2101,.T.);
#4537=EDGE_CURVE('',#3732,#3731,#2102,.T.);
#4538=EDGE_CURVE('',#3697,#3732,#2103,.T.);
#4539=EDGE_CURVE('',#3733,#3734,#2104,.T.);
#4540=EDGE_CURVE('',#3733,#3716,#2105,.T.);
#4541=EDGE_CURVE('',#3714,#3734,#2106,.T.);
#4542=EDGE_CURVE('',#3693,#3732,#2107,.T.);
#4543=EDGE_CURVE('',#3730,#3735,#2108,.T.);
#4544=EDGE_CURVE('',#3735,#3736,#2109,.T.);
#4545=EDGE_CURVE('',#3736,#3737,#2110,.T.);
#4546=EDGE_CURVE('',#3737,#3738,#2111,.T.);
#4547=EDGE_CURVE('',#3738,#3739,#2112,.T.);
#4548=EDGE_CURVE('',#3739,#3740,#2113,.T.);
#4549=EDGE_CURVE('',#3740,#3741,#2114,.T.);
#4550=EDGE_CURVE('',#3741,#3726,#2115,.T.);
#4551=EDGE_CURVE('',#3727,#3728,#2116,.T.);
#4552=EDGE_CURVE('',#3742,#3743,#2117,.T.);
#4553=EDGE_CURVE('',#3743,#3733,#2118,.T.);
#4554=EDGE_CURVE('',#3734,#3742,#2119,.T.);
#4555=EDGE_CURVE('',#3744,#3744,#3302,.T.);
#4556=EDGE_CURVE('',#3718,#3744,#2120,.T.);
#4557=EDGE_CURVE('',#3711,#3735,#2121,.T.);
#4558=EDGE_CURVE('',#3710,#3736,#2122,.T.);
#4559=EDGE_CURVE('',#3738,#3708,#2123,.T.);
#4560=EDGE_CURVE('',#3709,#3737,#2124,.T.);
#4561=EDGE_CURVE('',#3707,#3739,#2125,.T.);
#4562=EDGE_CURVE('',#3717,#3743,#2126,.T.);
#4563=EDGE_CURVE('',#3705,#3741,#2127,.T.);
#4564=EDGE_CURVE('',#3706,#3740,#2128,.T.);
#4565=EDGE_CURVE('',#3742,#3715,#2129,.T.);
#4566=EDGE_CURVE('',#3745,#3746,#2130,.T.);
#4567=EDGE_CURVE('',#3746,#3747,#2131,.T.);
#4568=EDGE_CURVE('',#3748,#3747,#2132,.T.);
#4569=EDGE_CURVE('',#3745,#3748,#2133,.T.);
#4570=EDGE_CURVE('',#3749,#3745,#2134,.T.);
#4571=EDGE_CURVE('',#3750,#3748,#2135,.T.);
#4572=EDGE_CURVE('',#3749,#3750,#2136,.T.);
#4573=EDGE_CURVE('',#3751,#3749,#2137,.T.);
#4574=EDGE_CURVE('',#3752,#3750,#2138,.T.);
#4575=EDGE_CURVE('',#3751,#3752,#2139,.T.);
#4576=EDGE_CURVE('',#3746,#3751,#2140,.T.);
#4577=EDGE_CURVE('',#3747,#3752,#2141,.T.);
#4578=EDGE_CURVE('',#3753,#3754,#2142,.T.);
#4579=EDGE_CURVE('',#3754,#3755,#2143,.T.);
#4580=EDGE_CURVE('',#3756,#3755,#2144,.T.);
#4581=EDGE_CURVE('',#3753,#3756,#2145,.T.);
#4582=EDGE_CURVE('',#3757,#3753,#2146,.T.);
#4583=EDGE_CURVE('',#3758,#3756,#2147,.T.);
#4584=EDGE_CURVE('',#3757,#3758,#2148,.T.);
#4585=EDGE_CURVE('',#3759,#3757,#2149,.T.);
#4586=EDGE_CURVE('',#3760,#3758,#2150,.T.);
#4587=EDGE_CURVE('',#3759,#3760,#2151,.T.);
#4588=EDGE_CURVE('',#3754,#3759,#2152,.T.);
#4589=EDGE_CURVE('',#3755,#3760,#2153,.T.);
#4590=EDGE_CURVE('',#3761,#3762,#2154,.T.);
#4591=EDGE_CURVE('',#3762,#3763,#2155,.T.);
#4592=EDGE_CURVE('',#3764,#3763,#2156,.T.);
#4593=EDGE_CURVE('',#3761,#3764,#2157,.T.);
#4594=EDGE_CURVE('',#3765,#3761,#2158,.T.);
#4595=EDGE_CURVE('',#3766,#3764,#2159,.T.);
#4596=EDGE_CURVE('',#3765,#3766,#2160,.T.);
#4597=EDGE_CURVE('',#3767,#3765,#2161,.T.);
#4598=EDGE_CURVE('',#3768,#3766,#2162,.T.);
#4599=EDGE_CURVE('',#3767,#3768,#2163,.T.);
#4600=EDGE_CURVE('',#3762,#3767,#2164,.T.);
#4601=EDGE_CURVE('',#3763,#3768,#2165,.T.);
#4602=EDGE_CURVE('',#3769,#3770,#2166,.T.);
#4603=EDGE_CURVE('',#3771,#3769,#2167,.T.);
#4604=EDGE_CURVE('',#3772,#3771,#2168,.T.);
#4605=EDGE_CURVE('',#3772,#3770,#2169,.T.);
#4606=EDGE_CURVE('',#3770,#3773,#2170,.T.);
#4607=EDGE_CURVE('',#3774,#3772,#2171,.T.);
#4608=EDGE_CURVE('',#3774,#3773,#2172,.T.);
#4609=EDGE_CURVE('',#3773,#3775,#2173,.T.);
#4610=EDGE_CURVE('',#3776,#3774,#2174,.T.);
#4611=EDGE_CURVE('',#3776,#3775,#2175,.T.);
#4612=EDGE_CURVE('',#3775,#3769,#2176,.T.);
#4613=EDGE_CURVE('',#3771,#3776,#2177,.T.);
#4614=EDGE_CURVE('',#3777,#3778,#2178,.T.);
#4615=EDGE_CURVE('',#3778,#3779,#2179,.T.);
#4616=EDGE_CURVE('',#3780,#3779,#2180,.T.);
#4617=EDGE_CURVE('',#3777,#3780,#2181,.T.);
#4618=EDGE_CURVE('',#3781,#3777,#2182,.T.);
#4619=EDGE_CURVE('',#3782,#3780,#2183,.T.);
#4620=EDGE_CURVE('',#3781,#3782,#2184,.T.);
#4621=EDGE_CURVE('',#3783,#3781,#2185,.T.);
#4622=EDGE_CURVE('',#3784,#3782,#2186,.T.);
#4623=EDGE_CURVE('',#3783,#3784,#2187,.T.);
#4624=EDGE_CURVE('',#3778,#3783,#2188,.T.);
#4625=EDGE_CURVE('',#3779,#3784,#2189,.T.);
#4626=EDGE_CURVE('',#3785,#3785,#3303,.T.);
#4627=EDGE_CURVE('',#3785,#3786,#2190,.T.);
#4628=EDGE_CURVE('',#3786,#3786,#3304,.T.);
#4629=EDGE_CURVE('',#3787,#3787,#3305,.T.);
#4630=EDGE_CURVE('',#3787,#3788,#2191,.T.);
#4631=EDGE_CURVE('',#3788,#3788,#3306,.T.);
#4632=EDGE_CURVE('',#3789,#3790,#2192,.T.);
#4633=EDGE_CURVE('',#3790,#3791,#2193,.T.);
#4634=EDGE_CURVE('',#3792,#3791,#2194,.T.);
#4635=EDGE_CURVE('',#3789,#3792,#2195,.T.);
#4636=EDGE_CURVE('',#3793,#3789,#2196,.T.);
#4637=EDGE_CURVE('',#3794,#3792,#2197,.T.);
#4638=EDGE_CURVE('',#3793,#3794,#2198,.T.);
#4639=EDGE_CURVE('',#3795,#3793,#2199,.T.);
#4640=EDGE_CURVE('',#3796,#3794,#2200,.T.);
#4641=EDGE_CURVE('',#3795,#3796,#2201,.T.);
#4642=EDGE_CURVE('',#3790,#3795,#2202,.T.);
#4643=EDGE_CURVE('',#3791,#3796,#2203,.T.);
#4644=EDGE_CURVE('',#3797,#3798,#2204,.T.);
#4645=EDGE_CURVE('',#3798,#3799,#2205,.T.);
#4646=EDGE_CURVE('',#3800,#3799,#2206,.T.);
#4647=EDGE_CURVE('',#3797,#3800,#2207,.T.);
#4648=EDGE_CURVE('',#3801,#3802,#2208,.T.);
#4649=EDGE_CURVE('',#3803,#3802,#2209,.T.);
#4650=EDGE_CURVE('',#3804,#3803,#2210,.T.);
#4651=EDGE_CURVE('',#3801,#3804,#2211,.T.);
#4652=EDGE_CURVE('',#3798,#3801,#2212,.T.);
#4653=EDGE_CURVE('',#3799,#3804,#2213,.T.);
#4654=EDGE_CURVE('',#3800,#3803,#2214,.T.);
#4655=EDGE_CURVE('',#3802,#3797,#2215,.T.);
#4656=EDGE_CURVE('',#3805,#3806,#2216,.T.);
#4657=EDGE_CURVE('',#3806,#3807,#2217,.T.);
#4658=EDGE_CURVE('',#3808,#3807,#2218,.T.);
#4659=EDGE_CURVE('',#3805,#3808,#2219,.T.);
#4660=EDGE_CURVE('',#3809,#3810,#2220,.T.);
#4661=EDGE_CURVE('',#3811,#3810,#2221,.T.);
#4662=EDGE_CURVE('',#3812,#3811,#2222,.T.);
#4663=EDGE_CURVE('',#3809,#3812,#2223,.T.);
#4664=EDGE_CURVE('',#3806,#3809,#2224,.T.);
#4665=EDGE_CURVE('',#3807,#3812,#2225,.T.);
#4666=EDGE_CURVE('',#3808,#3811,#2226,.T.);
#4667=EDGE_CURVE('',#3810,#3805,#2227,.T.);
#4668=EDGE_CURVE('',#3813,#3814,#2228,.T.);
#4669=EDGE_CURVE('',#3814,#3815,#2229,.T.);
#4670=EDGE_CURVE('',#3815,#3816,#2230,.T.);
#4671=EDGE_CURVE('',#3816,#3813,#2231,.T.);
#4672=EDGE_CURVE('',#3817,#3818,#2232,.T.);
#4673=EDGE_CURVE('',#3819,#3817,#2233,.T.);
#4674=EDGE_CURVE('',#3820,#3819,#2234,.T.);
#4675=EDGE_CURVE('',#3818,#3820,#2235,.T.);
#4676=EDGE_CURVE('',#3821,#3822,#2236,.T.);
#4677=EDGE_CURVE('',#3822,#3813,#2237,.T.);
#4678=EDGE_CURVE('',#3821,#3816,#2238,.T.);
#4679=EDGE_CURVE('',#3823,#3821,#2239,.T.);
#4680=EDGE_CURVE('',#3823,#3815,#2240,.T.);
#4681=EDGE_CURVE('',#3824,#3823,#2241,.T.);
#4682=EDGE_CURVE('',#3824,#3814,#2242,.T.);
#4683=EDGE_CURVE('',#3822,#3824,#2243,.T.);
#4684=EDGE_CURVE('',#3825,#3826,#2244,.T.);
#4685=EDGE_CURVE('',#3826,#3827,#2245,.T.);
#4686=EDGE_CURVE('',#3827,#3828,#2246,.T.);
#4687=EDGE_CURVE('',#3828,#3825,#2247,.T.);
#4688=EDGE_CURVE('',#3829,#3830,#2248,.T.);
#4689=EDGE_CURVE('',#3828,#3829,#2249,.T.);
#4690=EDGE_CURVE('',#3827,#3830,#2250,.T.);
#4691=EDGE_CURVE('',#3830,#3831,#2251,.T.);
#4692=EDGE_CURVE('',#3826,#3831,#2252,.T.);
#4693=EDGE_CURVE('',#3831,#3832,#2253,.T.);
#4694=EDGE_CURVE('',#3825,#3832,#2254,.T.);
#4695=EDGE_CURVE('',#3832,#3829,#2255,.T.);
#4696=EDGE_CURVE('',#3818,#3833,#2256,.T.);
#4697=EDGE_CURVE('',#3834,#3833,#2257,.T.);
#4698=EDGE_CURVE('',#3817,#3834,#2258,.T.);
#4699=EDGE_CURVE('',#3835,#3834,#2259,.T.);
#4700=EDGE_CURVE('',#3819,#3835,#2260,.T.);
#4701=EDGE_CURVE('',#3836,#3835,#2261,.T.);
#4702=EDGE_CURVE('',#3820,#3836,#2262,.T.);
#4703=EDGE_CURVE('',#3833,#3836,#2263,.T.);
#4704=EDGE_CURVE('',#3837,#3838,#2264,.T.);
#4705=EDGE_CURVE('',#3839,#3837,#2265,.T.);
#4706=EDGE_CURVE('',#3840,#3839,#2266,.T.);
#4707=EDGE_CURVE('',#3838,#3840,#2267,.T.);
#4708=EDGE_CURVE('',#3841,#3842,#2268,.T.);
#4709=EDGE_CURVE('',#3843,#3841,#2269,.T.);
#4710=EDGE_CURVE('',#3844,#3843,#2270,.T.);
#4711=EDGE_CURVE('',#3844,#3842,#2271,.T.);
#4712=EDGE_CURVE('',#3842,#3837,#2272,.T.);
#4713=EDGE_CURVE('',#3839,#3844,#2273,.T.);
#4714=EDGE_CURVE('',#3845,#3843,#2274,.T.);
#4715=EDGE_CURVE('',#3846,#3845,#2275,.T.);
#4716=EDGE_CURVE('',#3847,#3846,#2276,.T.);
#4717=EDGE_CURVE('',#3848,#3847,#2277,.T.);
#4718=EDGE_CURVE('',#3840,#3848,#2278,.T.);
#4719=EDGE_CURVE('',#3849,#3841,#2279,.T.);
#4720=EDGE_CURVE('',#3845,#3849,#2280,.T.);
#4721=EDGE_CURVE('',#3848,#3850,#2281,.T.);
#4722=EDGE_CURVE('',#3838,#3850,#2282,.T.);
#4723=EDGE_CURVE('',#3847,#3851,#2283,.T.);
#4724=EDGE_CURVE('',#3850,#3851,#2284,.T.);
#4725=EDGE_CURVE('',#3852,#3849,#2285,.T.);
#4726=EDGE_CURVE('',#3846,#3852,#2286,.T.);
#4727=EDGE_CURVE('',#3851,#3852,#2287,.T.);
#4728=EDGE_CURVE('',#3853,#3854,#2288,.T.);
#4729=EDGE_CURVE('',#3854,#3855,#2289,.T.);
#4730=EDGE_CURVE('',#3856,#3855,#2290,.T.);
#4731=EDGE_CURVE('',#3853,#3856,#2291,.T.);
#4732=EDGE_CURVE('',#3857,#3853,#2292,.T.);
#4733=EDGE_CURVE('',#3858,#3856,#2293,.T.);
#4734=EDGE_CURVE('',#3857,#3858,#2294,.T.);
#4735=EDGE_CURVE('',#3859,#3857,#2295,.T.);
#4736=EDGE_CURVE('',#3860,#3858,#2296,.T.);
#4737=EDGE_CURVE('',#3859,#3860,#2297,.T.);
#4738=EDGE_CURVE('',#3854,#3859,#2298,.T.);
#4739=EDGE_CURVE('',#3855,#3860,#2299,.T.);
#4740=EDGE_CURVE('',#3861,#3861,#3307,.T.);
#4741=EDGE_CURVE('',#3861,#3862,#2300,.T.);
#4742=EDGE_CURVE('',#3862,#3862,#3308,.T.);
#4743=EDGE_CURVE('',#3863,#3863,#3309,.T.);
#4744=EDGE_CURVE('',#3863,#3864,#2301,.T.);
#4745=EDGE_CURVE('',#3864,#3864,#3310,.T.);
#4746=EDGE_CURVE('',#3865,#3866,#2302,.T.);
#4747=EDGE_CURVE('',#3866,#3867,#2303,.T.);
#4748=EDGE_CURVE('',#3868,#3867,#2304,.T.);
#4749=EDGE_CURVE('',#3865,#3868,#2305,.T.);
#4750=EDGE_CURVE('',#3869,#3865,#2306,.T.);
#4751=EDGE_CURVE('',#3870,#3868,#2307,.T.);
#4752=EDGE_CURVE('',#3869,#3870,#2308,.T.);
#4753=EDGE_CURVE('',#3871,#3869,#2309,.T.);
#4754=EDGE_CURVE('',#3872,#3870,#2310,.T.);
#4755=EDGE_CURVE('',#3871,#3872,#2311,.T.);
#4756=EDGE_CURVE('',#3866,#3871,#2312,.T.);
#4757=EDGE_CURVE('',#3867,#3872,#2313,.T.);
#4758=EDGE_CURVE('',#3873,#3874,#2314,.T.);
#4759=EDGE_CURVE('',#3874,#3875,#2315,.T.);
#4760=EDGE_CURVE('',#3876,#3875,#2316,.T.);
#4761=EDGE_CURVE('',#3873,#3876,#2317,.T.);
#4762=EDGE_CURVE('',#3877,#3873,#2318,.T.);
#4763=EDGE_CURVE('',#3878,#3876,#2319,.T.);
#4764=EDGE_CURVE('',#3877,#3878,#2320,.T.);
#4765=EDGE_CURVE('',#3879,#3877,#2321,.T.);
#4766=EDGE_CURVE('',#3880,#3878,#2322,.T.);
#4767=EDGE_CURVE('',#3879,#3880,#2323,.T.);
#4768=EDGE_CURVE('',#3874,#3879,#2324,.T.);
#4769=EDGE_CURVE('',#3875,#3880,#2325,.T.);
#4770=EDGE_CURVE('',#3881,#3882,#2326,.T.);
#4771=EDGE_CURVE('',#3882,#3883,#2327,.T.);
#4772=EDGE_CURVE('',#3884,#3883,#2328,.T.);
#4773=EDGE_CURVE('',#3881,#3884,#2329,.T.);
#4774=EDGE_CURVE('',#3885,#3881,#2330,.T.);
#4775=EDGE_CURVE('',#3886,#3884,#2331,.T.);
#4776=EDGE_CURVE('',#3885,#3886,#2332,.T.);
#4777=EDGE_CURVE('',#3887,#3885,#2333,.T.);
#4778=EDGE_CURVE('',#3888,#3886,#2334,.T.);
#4779=EDGE_CURVE('',#3887,#3888,#2335,.T.);
#4780=EDGE_CURVE('',#3882,#3887,#2336,.T.);
#4781=EDGE_CURVE('',#3883,#3888,#2337,.T.);
#4782=EDGE_CURVE('',#3889,#3889,#3311,.T.);
#4783=EDGE_CURVE('',#3889,#3890,#2338,.T.);
#4784=EDGE_CURVE('',#3890,#3890,#3312,.T.);
#4785=EDGE_CURVE('',#3891,#3891,#3313,.T.);
#4786=EDGE_CURVE('',#3891,#3892,#2339,.T.);
#4787=EDGE_CURVE('',#3892,#3892,#3314,.T.);
#4788=EDGE_CURVE('',#3893,#3894,#2340,.T.);
#4789=EDGE_CURVE('',#3894,#3895,#2341,.T.);
#4790=EDGE_CURVE('',#3896,#3895,#2342,.T.);
#4791=EDGE_CURVE('',#3893,#3896,#2343,.T.);
#4792=EDGE_CURVE('',#3897,#3893,#2344,.T.);
#4793=EDGE_CURVE('',#3898,#3896,#2345,.T.);
#4794=EDGE_CURVE('',#3897,#3898,#2346,.T.);
#4795=EDGE_CURVE('',#3899,#3897,#2347,.T.);
#4796=EDGE_CURVE('',#3900,#3898,#2348,.T.);
#4797=EDGE_CURVE('',#3899,#3900,#2349,.T.);
#4798=EDGE_CURVE('',#3894,#3899,#2350,.T.);
#4799=EDGE_CURVE('',#3895,#3900,#2351,.T.);
#4800=EDGE_CURVE('',#3901,#3902,#2352,.T.);
#4801=EDGE_CURVE('',#3902,#3903,#2353,.T.);
#4802=EDGE_CURVE('',#3904,#3903,#2354,.T.);
#4803=EDGE_CURVE('',#3901,#3904,#2355,.T.);
#4804=EDGE_CURVE('',#3905,#3901,#2356,.T.);
#4805=EDGE_CURVE('',#3906,#3904,#2357,.T.);
#4806=EDGE_CURVE('',#3905,#3906,#2358,.T.);
#4807=EDGE_CURVE('',#3907,#3905,#2359,.T.);
#4808=EDGE_CURVE('',#3908,#3906,#2360,.T.);
#4809=EDGE_CURVE('',#3907,#3908,#2361,.T.);
#4810=EDGE_CURVE('',#3902,#3907,#2362,.T.);
#4811=EDGE_CURVE('',#3903,#3908,#2363,.T.);
#4812=EDGE_CURVE('',#3909,#3910,#2364,.T.);
#4813=EDGE_CURVE('',#3910,#3911,#2365,.T.);
#4814=EDGE_CURVE('',#3912,#3911,#2366,.T.);
#4815=EDGE_CURVE('',#3909,#3912,#2367,.T.);
#4816=EDGE_CURVE('',#3913,#3909,#2368,.T.);
#4817=EDGE_CURVE('',#3914,#3912,#2369,.T.);
#4818=EDGE_CURVE('',#3913,#3914,#2370,.T.);
#4819=EDGE_CURVE('',#3915,#3913,#2371,.T.);
#4820=EDGE_CURVE('',#3916,#3914,#2372,.T.);
#4821=EDGE_CURVE('',#3915,#3916,#2373,.T.);
#4822=EDGE_CURVE('',#3910,#3915,#2374,.T.);
#4823=EDGE_CURVE('',#3911,#3916,#2375,.T.);
#4824=EDGE_CURVE('',#3917,#3918,#2376,.T.);
#4825=EDGE_CURVE('',#3918,#3919,#2377,.T.);
#4826=EDGE_CURVE('',#3920,#3919,#2378,.T.);
#4827=EDGE_CURVE('',#3917,#3920,#2379,.T.);
#4828=EDGE_CURVE('',#3921,#3917,#2380,.T.);
#4829=EDGE_CURVE('',#3922,#3920,#2381,.T.);
#4830=EDGE_CURVE('',#3921,#3922,#2382,.T.);
#4831=EDGE_CURVE('',#3923,#3921,#2383,.T.);
#4832=EDGE_CURVE('',#3924,#3922,#2384,.T.);
#4833=EDGE_CURVE('',#3923,#3924,#2385,.T.);
#4834=EDGE_CURVE('',#3918,#3923,#2386,.T.);
#4835=EDGE_CURVE('',#3919,#3924,#2387,.T.);
#4836=EDGE_CURVE('',#3925,#3926,#2388,.T.);
#4837=EDGE_CURVE('',#3926,#3927,#2389,.T.);
#4838=EDGE_CURVE('',#3928,#3927,#2390,.T.);
#4839=EDGE_CURVE('',#3925,#3928,#2391,.T.);
#4840=EDGE_CURVE('',#3929,#3925,#2392,.T.);
#4841=EDGE_CURVE('',#3930,#3928,#2393,.T.);
#4842=EDGE_CURVE('',#3929,#3930,#2394,.T.);
#4843=EDGE_CURVE('',#3931,#3929,#2395,.T.);
#4844=EDGE_CURVE('',#3932,#3930,#2396,.T.);
#4845=EDGE_CURVE('',#3931,#3932,#2397,.T.);
#4846=EDGE_CURVE('',#3926,#3931,#2398,.T.);
#4847=EDGE_CURVE('',#3927,#3932,#2399,.T.);
#4848=EDGE_CURVE('',#3933,#3933,#3315,.T.);
#4849=EDGE_CURVE('',#3933,#3934,#2400,.T.);
#4850=EDGE_CURVE('',#3934,#3934,#3316,.T.);
#4851=EDGE_CURVE('',#3935,#3935,#3317,.T.);
#4852=EDGE_CURVE('',#3935,#3936,#2401,.T.);
#4853=EDGE_CURVE('',#3936,#3936,#3318,.T.);
#4854=EDGE_CURVE('',#3937,#3937,#3319,.T.);
#4855=EDGE_CURVE('',#3937,#3938,#2402,.T.);
#4856=EDGE_CURVE('',#3938,#3938,#3320,.T.);
#4857=EDGE_CURVE('',#3939,#3939,#3321,.T.);
#4858=EDGE_CURVE('',#3939,#3940,#2403,.T.);
#4859=EDGE_CURVE('',#3940,#3940,#3322,.T.);
#4860=EDGE_CURVE('',#3941,#3941,#3323,.T.);
#4861=EDGE_CURVE('',#3941,#3942,#2404,.T.);
#4862=EDGE_CURVE('',#3942,#3942,#3324,.T.);
#4863=EDGE_CURVE('',#3943,#3943,#3325,.T.);
#4864=EDGE_CURVE('',#3943,#3944,#2405,.T.);
#4865=EDGE_CURVE('',#3944,#3944,#3326,.T.);
#4866=EDGE_CURVE('',#3945,#3945,#3327,.T.);
#4867=EDGE_CURVE('',#3945,#3946,#2406,.T.);
#4868=EDGE_CURVE('',#3946,#3946,#3328,.T.);
#4869=EDGE_CURVE('',#3947,#3947,#3329,.T.);
#4870=EDGE_CURVE('',#3947,#3948,#2407,.T.);
#4871=EDGE_CURVE('',#3948,#3948,#3330,.T.);
#4872=EDGE_CURVE('',#3949,#3949,#3331,.T.);
#4873=EDGE_CURVE('',#3949,#3950,#2408,.T.);
#4874=EDGE_CURVE('',#3950,#3950,#3332,.T.);
#4875=EDGE_CURVE('',#3951,#3951,#3333,.T.);
#4876=EDGE_CURVE('',#3951,#3952,#2409,.T.);
#4877=EDGE_CURVE('',#3952,#3952,#3334,.T.);
#4878=EDGE_CURVE('',#3953,#3953,#3335,.T.);
#4879=EDGE_CURVE('',#3953,#3954,#2410,.T.);
#4880=EDGE_CURVE('',#3954,#3954,#3336,.T.);
#4881=EDGE_CURVE('',#3955,#3955,#3337,.T.);
#4882=EDGE_CURVE('',#3955,#3956,#2411,.T.);
#4883=EDGE_CURVE('',#3956,#3956,#3338,.T.);
#4884=EDGE_CURVE('',#3957,#3957,#3339,.T.);
#4885=EDGE_CURVE('',#3957,#3958,#2412,.T.);
#4886=EDGE_CURVE('',#3958,#3958,#3340,.T.);
#4887=EDGE_CURVE('',#3959,#3959,#3341,.T.);
#4888=EDGE_CURVE('',#3959,#3960,#2413,.T.);
#4889=EDGE_CURVE('',#3960,#3960,#3342,.T.);
#4890=EDGE_CURVE('',#3961,#3961,#3343,.T.);
#4891=EDGE_CURVE('',#3961,#3962,#2414,.T.);
#4892=EDGE_CURVE('',#3962,#3962,#3344,.T.);
#4893=EDGE_CURVE('',#3963,#3963,#3345,.T.);
#4894=EDGE_CURVE('',#3963,#3964,#2415,.T.);
#4895=EDGE_CURVE('',#3964,#3964,#3346,.T.);
#4896=EDGE_CURVE('',#3965,#3965,#3347,.T.);
#4897=EDGE_CURVE('',#3965,#3966,#2416,.T.);
#4898=EDGE_CURVE('',#3966,#3966,#3348,.T.);
#4899=EDGE_CURVE('',#3967,#3967,#3349,.T.);
#4900=EDGE_CURVE('',#3967,#3968,#2417,.T.);
#4901=EDGE_CURVE('',#3968,#3968,#3350,.T.);
#4902=EDGE_CURVE('',#3969,#3969,#3351,.T.);
#4903=EDGE_CURVE('',#3969,#3970,#2418,.T.);
#4904=EDGE_CURVE('',#3970,#3970,#3352,.T.);
#4905=EDGE_CURVE('',#3971,#3971,#3353,.T.);
#4906=EDGE_CURVE('',#3971,#3972,#2419,.T.);
#4907=EDGE_CURVE('',#3972,#3972,#3354,.T.);
#4908=EDGE_CURVE('',#3973,#3973,#3355,.T.);
#4909=EDGE_CURVE('',#3973,#3974,#2420,.T.);
#4910=EDGE_CURVE('',#3974,#3974,#3356,.T.);
#4911=EDGE_CURVE('',#3975,#3975,#3357,.T.);
#4912=EDGE_CURVE('',#3975,#3976,#2421,.T.);
#4913=EDGE_CURVE('',#3976,#3976,#3358,.T.);
#4914=EDGE_CURVE('',#3977,#3977,#3359,.T.);
#4915=EDGE_CURVE('',#3977,#3978,#2422,.T.);
#4916=EDGE_CURVE('',#3978,#3978,#3360,.T.);
#4917=EDGE_CURVE('',#3979,#3979,#3361,.T.);
#4918=EDGE_CURVE('',#3979,#3980,#2423,.T.);
#4919=EDGE_CURVE('',#3980,#3980,#3362,.T.);
#4920=ORIENTED_EDGE('',*,*,#3981,.F.);
#4921=ORIENTED_EDGE('',*,*,#3982,.T.);
#4922=ORIENTED_EDGE('',*,*,#3983,.F.);
#4923=ORIENTED_EDGE('',*,*,#3982,.F.);
#4924=ORIENTED_EDGE('',*,*,#3981,.T.);
#4925=ORIENTED_EDGE('',*,*,#3984,.F.);
#4926=ORIENTED_EDGE('',*,*,#3985,.T.);
#4927=ORIENTED_EDGE('',*,*,#3986,.F.);
#4928=ORIENTED_EDGE('',*,*,#3985,.F.);
#4929=ORIENTED_EDGE('',*,*,#3984,.T.);
#4930=ORIENTED_EDGE('',*,*,#3983,.T.);
#4931=ORIENTED_EDGE('',*,*,#3987,.F.);
#4932=ORIENTED_EDGE('',*,*,#3988,.T.);
#4933=ORIENTED_EDGE('',*,*,#3989,.F.);
#4934=ORIENTED_EDGE('',*,*,#3988,.F.);
#4935=ORIENTED_EDGE('',*,*,#3987,.T.);
#4936=ORIENTED_EDGE('',*,*,#3990,.F.);
#4937=ORIENTED_EDGE('',*,*,#3991,.T.);
#4938=ORIENTED_EDGE('',*,*,#3992,.F.);
#4939=ORIENTED_EDGE('',*,*,#3991,.F.);
#4940=ORIENTED_EDGE('',*,*,#3990,.T.);
#4941=ORIENTED_EDGE('',*,*,#3989,.T.);
#4942=ORIENTED_EDGE('',*,*,#3993,.F.);
#4943=ORIENTED_EDGE('',*,*,#3994,.T.);
#4944=ORIENTED_EDGE('',*,*,#3995,.F.);
#4945=ORIENTED_EDGE('',*,*,#3994,.F.);
#4946=ORIENTED_EDGE('',*,*,#3993,.T.);
#4947=ORIENTED_EDGE('',*,*,#3996,.F.);
#4948=ORIENTED_EDGE('',*,*,#3997,.T.);
#4949=ORIENTED_EDGE('',*,*,#3998,.F.);
#4950=ORIENTED_EDGE('',*,*,#3997,.F.);
#4951=ORIENTED_EDGE('',*,*,#3996,.T.);
#4952=ORIENTED_EDGE('',*,*,#3995,.T.);
#4953=ORIENTED_EDGE('',*,*,#3999,.F.);
#4954=ORIENTED_EDGE('',*,*,#4000,.T.);
#4955=ORIENTED_EDGE('',*,*,#4001,.F.);
#4956=ORIENTED_EDGE('',*,*,#4000,.F.);
#4957=ORIENTED_EDGE('',*,*,#3999,.T.);
#4958=ORIENTED_EDGE('',*,*,#4002,.F.);
#4959=ORIENTED_EDGE('',*,*,#4003,.T.);
#4960=ORIENTED_EDGE('',*,*,#4004,.F.);
#4961=ORIENTED_EDGE('',*,*,#4003,.F.);
#4962=ORIENTED_EDGE('',*,*,#4002,.T.);
#4963=ORIENTED_EDGE('',*,*,#4001,.T.);
#4964=ORIENTED_EDGE('',*,*,#4005,.F.);
#4965=ORIENTED_EDGE('',*,*,#4006,.T.);
#4966=ORIENTED_EDGE('',*,*,#4007,.F.);
#4967=ORIENTED_EDGE('',*,*,#4006,.F.);
#4968=ORIENTED_EDGE('',*,*,#4005,.T.);
#4969=ORIENTED_EDGE('',*,*,#4008,.F.);
#4970=ORIENTED_EDGE('',*,*,#4009,.T.);
#4971=ORIENTED_EDGE('',*,*,#4010,.F.);
#4972=ORIENTED_EDGE('',*,*,#4009,.F.);
#4973=ORIENTED_EDGE('',*,*,#4008,.T.);
#4974=ORIENTED_EDGE('',*,*,#4007,.T.);
#4975=ORIENTED_EDGE('',*,*,#4011,.F.);
#4976=ORIENTED_EDGE('',*,*,#4012,.T.);
#4977=ORIENTED_EDGE('',*,*,#4013,.F.);
#4978=ORIENTED_EDGE('',*,*,#4012,.F.);
#4979=ORIENTED_EDGE('',*,*,#4011,.T.);
#4980=ORIENTED_EDGE('',*,*,#4014,.F.);
#4981=ORIENTED_EDGE('',*,*,#4015,.T.);
#4982=ORIENTED_EDGE('',*,*,#4016,.F.);
#4983=ORIENTED_EDGE('',*,*,#4015,.F.);
#4984=ORIENTED_EDGE('',*,*,#4014,.T.);
#4985=ORIENTED_EDGE('',*,*,#4013,.T.);
#4986=ORIENTED_EDGE('',*,*,#4017,.F.);
#4987=ORIENTED_EDGE('',*,*,#4018,.T.);
#4988=ORIENTED_EDGE('',*,*,#4019,.F.);
#4989=ORIENTED_EDGE('',*,*,#4018,.F.);
#4990=ORIENTED_EDGE('',*,*,#4017,.T.);
#4991=ORIENTED_EDGE('',*,*,#4020,.F.);
#4992=ORIENTED_EDGE('',*,*,#4021,.T.);
#4993=ORIENTED_EDGE('',*,*,#4022,.F.);
#4994=ORIENTED_EDGE('',*,*,#4021,.F.);
#4995=ORIENTED_EDGE('',*,*,#4020,.T.);
#4996=ORIENTED_EDGE('',*,*,#4019,.T.);
#4997=ORIENTED_EDGE('',*,*,#4023,.F.);
#4998=ORIENTED_EDGE('',*,*,#4024,.T.);
#4999=ORIENTED_EDGE('',*,*,#4025,.F.);
#5000=ORIENTED_EDGE('',*,*,#4024,.F.);
#5001=ORIENTED_EDGE('',*,*,#4023,.T.);
#5002=ORIENTED_EDGE('',*,*,#4026,.F.);
#5003=ORIENTED_EDGE('',*,*,#4027,.T.);
#5004=ORIENTED_EDGE('',*,*,#4028,.F.);
#5005=ORIENTED_EDGE('',*,*,#4027,.F.);
#5006=ORIENTED_EDGE('',*,*,#4026,.T.);
#5007=ORIENTED_EDGE('',*,*,#4025,.T.);
#5008=ORIENTED_EDGE('',*,*,#4029,.F.);
#5009=ORIENTED_EDGE('',*,*,#4030,.T.);
#5010=ORIENTED_EDGE('',*,*,#4031,.F.);
#5011=ORIENTED_EDGE('',*,*,#4032,.F.);
#5012=ORIENTED_EDGE('',*,*,#4033,.F.);
#5013=ORIENTED_EDGE('',*,*,#4032,.T.);
#5014=ORIENTED_EDGE('',*,*,#4034,.F.);
#5015=ORIENTED_EDGE('',*,*,#4035,.F.);
#5016=ORIENTED_EDGE('',*,*,#4036,.F.);
#5017=ORIENTED_EDGE('',*,*,#4035,.T.);
#5018=ORIENTED_EDGE('',*,*,#4037,.F.);
#5019=ORIENTED_EDGE('',*,*,#4038,.F.);
#5020=ORIENTED_EDGE('',*,*,#4039,.F.);
#5021=ORIENTED_EDGE('',*,*,#4038,.T.);
#5022=ORIENTED_EDGE('',*,*,#4040,.F.);
#5023=ORIENTED_EDGE('',*,*,#4030,.F.);
#5024=ORIENTED_EDGE('',*,*,#4041,.F.);
#5025=ORIENTED_EDGE('',*,*,#4042,.T.);
#5026=ORIENTED_EDGE('',*,*,#4043,.F.);
#5027=ORIENTED_EDGE('',*,*,#4042,.F.);
#5028=ORIENTED_EDGE('',*,*,#4044,.F.);
#5029=ORIENTED_EDGE('',*,*,#4045,.T.);
#5030=ORIENTED_EDGE('',*,*,#4046,.F.);
#5031=ORIENTED_EDGE('',*,*,#4045,.F.);
#5032=ORIENTED_EDGE('',*,*,#4047,.F.);
#5033=ORIENTED_EDGE('',*,*,#4048,.T.);
#5034=ORIENTED_EDGE('',*,*,#4049,.F.);
#5035=ORIENTED_EDGE('',*,*,#4048,.F.);
#5036=ORIENTED_EDGE('',*,*,#4050,.F.);
#5037=ORIENTED_EDGE('',*,*,#4051,.T.);
#5038=ORIENTED_EDGE('',*,*,#4052,.F.);
#5039=ORIENTED_EDGE('',*,*,#4051,.F.);
#5040=ORIENTED_EDGE('',*,*,#4050,.T.);
#5041=ORIENTED_EDGE('',*,*,#4053,.F.);
#5042=ORIENTED_EDGE('',*,*,#4054,.F.);
#5043=ORIENTED_EDGE('',*,*,#4055,.T.);
#5044=ORIENTED_EDGE('',*,*,#4056,.F.);
#5045=ORIENTED_EDGE('',*,*,#4057,.F.);
#5046=ORIENTED_EDGE('',*,*,#4058,.F.);
#5047=ORIENTED_EDGE('',*,*,#4059,.F.);
#5048=ORIENTED_EDGE('',*,*,#4060,.F.);
#5049=ORIENTED_EDGE('',*,*,#4058,.T.);
#5050=ORIENTED_EDGE('',*,*,#4061,.F.);
#5051=ORIENTED_EDGE('',*,*,#4062,.T.);
#5052=ORIENTED_EDGE('',*,*,#4063,.F.);
#5053=ORIENTED_EDGE('',*,*,#4047,.T.);
#5054=ORIENTED_EDGE('',*,*,#4055,.F.);
#5055=ORIENTED_EDGE('',*,*,#4064,.F.);
#5056=ORIENTED_EDGE('',*,*,#4060,.T.);
#5057=ORIENTED_EDGE('',*,*,#4065,.F.);
#5058=ORIENTED_EDGE('',*,*,#4066,.F.);
#5059=ORIENTED_EDGE('',*,*,#4067,.T.);
#5060=ORIENTED_EDGE('',*,*,#4068,.F.);
#5061=ORIENTED_EDGE('',*,*,#4069,.T.);
#5062=ORIENTED_EDGE('',*,*,#4070,.F.);
#5063=ORIENTED_EDGE('',*,*,#4071,.T.);
#5064=ORIENTED_EDGE('',*,*,#4072,.F.);
#5065=ORIENTED_EDGE('',*,*,#4073,.T.);
#5066=ORIENTED_EDGE('',*,*,#4052,.T.);
#5067=ORIENTED_EDGE('',*,*,#4074,.T.);
#5068=ORIENTED_EDGE('',*,*,#4075,.T.);
#5069=ORIENTED_EDGE('',*,*,#4076,.T.);
#5070=ORIENTED_EDGE('',*,*,#4077,.T.);
#5071=ORIENTED_EDGE('',*,*,#4078,.T.);
#5072=ORIENTED_EDGE('',*,*,#4065,.T.);
#5073=ORIENTED_EDGE('',*,*,#4059,.T.);
#5074=ORIENTED_EDGE('',*,*,#4063,.T.);
#5075=ORIENTED_EDGE('',*,*,#4079,.T.);
#5076=ORIENTED_EDGE('',*,*,#4080,.T.);
#5077=ORIENTED_EDGE('',*,*,#4081,.T.);
#5078=ORIENTED_EDGE('',*,*,#4082,.T.);
#5079=ORIENTED_EDGE('',*,*,#4083,.T.);
#5080=ORIENTED_EDGE('',*,*,#4084,.T.);
#5081=ORIENTED_EDGE('',*,*,#4085,.T.);
#5082=ORIENTED_EDGE('',*,*,#4086,.F.);
#5083=ORIENTED_EDGE('',*,*,#4087,.T.);
#5084=ORIENTED_EDGE('',*,*,#4088,.F.);
#5085=ORIENTED_EDGE('',*,*,#4089,.T.);
#5086=ORIENTED_EDGE('',*,*,#4090,.T.);
#5087=ORIENTED_EDGE('',*,*,#4091,.T.);
#5088=ORIENTED_EDGE('',*,*,#4092,.T.);
#5089=ORIENTED_EDGE('',*,*,#4093,.T.);
#5090=ORIENTED_EDGE('',*,*,#4094,.T.);
#5091=ORIENTED_EDGE('',*,*,#4095,.T.);
#5092=ORIENTED_EDGE('',*,*,#4096,.T.);
#5093=ORIENTED_EDGE('',*,*,#4097,.T.);
#5094=ORIENTED_EDGE('',*,*,#4098,.T.);
#5095=ORIENTED_EDGE('',*,*,#4099,.T.);
#5096=ORIENTED_EDGE('',*,*,#4100,.F.);
#5097=ORIENTED_EDGE('',*,*,#4101,.T.);
#5098=ORIENTED_EDGE('',*,*,#4102,.F.);
#5099=ORIENTED_EDGE('',*,*,#4056,.T.);
#5100=ORIENTED_EDGE('',*,*,#4054,.T.);
#5101=ORIENTED_EDGE('',*,*,#4103,.T.);
#5102=ORIENTED_EDGE('',*,*,#4104,.T.);
#5103=ORIENTED_EDGE('',*,*,#4105,.T.);
#5104=ORIENTED_EDGE('',*,*,#4106,.T.);
#5105=ORIENTED_EDGE('',*,*,#4107,.T.);
#5106=ORIENTED_EDGE('',*,*,#4108,.T.);
#5107=ORIENTED_EDGE('',*,*,#4109,.T.);
#5108=ORIENTED_EDGE('',*,*,#4110,.T.);
#5109=ORIENTED_EDGE('',*,*,#4111,.T.);
#5110=ORIENTED_EDGE('',*,*,#4112,.T.);
#5111=ORIENTED_EDGE('',*,*,#4113,.T.);
#5112=ORIENTED_EDGE('',*,*,#4114,.T.);
#5113=ORIENTED_EDGE('',*,*,#4115,.T.);
#5114=ORIENTED_EDGE('',*,*,#4116,.T.);
#5115=ORIENTED_EDGE('',*,*,#4117,.T.);
#5116=ORIENTED_EDGE('',*,*,#4118,.T.);
#5117=ORIENTED_EDGE('',*,*,#4119,.T.);
#5118=ORIENTED_EDGE('',*,*,#4120,.T.);
#5119=ORIENTED_EDGE('',*,*,#4121,.T.);
#5120=ORIENTED_EDGE('',*,*,#4122,.T.);
#5121=ORIENTED_EDGE('',*,*,#4123,.T.);
#5122=ORIENTED_EDGE('',*,*,#4124,.T.);
#5123=ORIENTED_EDGE('',*,*,#4125,.T.);
#5124=ORIENTED_EDGE('',*,*,#4126,.T.);
#5125=ORIENTED_EDGE('',*,*,#4061,.T.);
#5126=ORIENTED_EDGE('',*,*,#4057,.T.);
#5127=ORIENTED_EDGE('',*,*,#4064,.T.);
#5128=ORIENTED_EDGE('',*,*,#3992,.T.);
#5129=ORIENTED_EDGE('',*,*,#3998,.T.);
#5130=ORIENTED_EDGE('',*,*,#4004,.T.);
#5131=ORIENTED_EDGE('',*,*,#4010,.T.);
#5132=ORIENTED_EDGE('',*,*,#4016,.T.);
#5133=ORIENTED_EDGE('',*,*,#4022,.T.);
#5134=ORIENTED_EDGE('',*,*,#4028,.T.);
#5135=ORIENTED_EDGE('',*,*,#4127,.T.);
#5136=ORIENTED_EDGE('',*,*,#4128,.T.);
#5137=ORIENTED_EDGE('',*,*,#4129,.T.);
#5138=ORIENTED_EDGE('',*,*,#4130,.T.);
#5139=ORIENTED_EDGE('',*,*,#3986,.T.);
#5140=ORIENTED_EDGE('',*,*,#4131,.F.);
#5141=ORIENTED_EDGE('',*,*,#4132,.T.);
#5142=ORIENTED_EDGE('',*,*,#4074,.F.);
#5143=ORIENTED_EDGE('',*,*,#4132,.F.);
#5144=ORIENTED_EDGE('',*,*,#4131,.T.);
#5145=ORIENTED_EDGE('',*,*,#4126,.F.);
#5146=ORIENTED_EDGE('',*,*,#4133,.T.);
#5147=ORIENTED_EDGE('',*,*,#4079,.F.);
#5148=ORIENTED_EDGE('',*,*,#4062,.F.);
#5149=ORIENTED_EDGE('',*,*,#4124,.F.);
#5150=ORIENTED_EDGE('',*,*,#4134,.F.);
#5151=ORIENTED_EDGE('',*,*,#4081,.F.);
#5152=ORIENTED_EDGE('',*,*,#4135,.F.);
#5153=ORIENTED_EDGE('',*,*,#4134,.T.);
#5154=ORIENTED_EDGE('',*,*,#4123,.F.);
#5155=ORIENTED_EDGE('',*,*,#4136,.T.);
#5156=ORIENTED_EDGE('',*,*,#4082,.F.);
#5157=ORIENTED_EDGE('',*,*,#4036,.T.);
#5158=ORIENTED_EDGE('',*,*,#4039,.T.);
#5159=ORIENTED_EDGE('',*,*,#4029,.T.);
#5160=ORIENTED_EDGE('',*,*,#4033,.T.);
#5161=ORIENTED_EDGE('',*,*,#4133,.F.);
#5162=ORIENTED_EDGE('',*,*,#4125,.F.);
#5163=ORIENTED_EDGE('',*,*,#4135,.T.);
#5164=ORIENTED_EDGE('',*,*,#4080,.F.);
#5165=ORIENTED_EDGE('',*,*,#4137,.F.);
#5166=ORIENTED_EDGE('',*,*,#4138,.T.);
#5167=ORIENTED_EDGE('',*,*,#4075,.F.);
#5168=ORIENTED_EDGE('',*,*,#4138,.F.);
#5169=ORIENTED_EDGE('',*,*,#4137,.T.);
#5170=ORIENTED_EDGE('',*,*,#4122,.F.);
#5171=ORIENTED_EDGE('',*,*,#4139,.T.);
#5172=ORIENTED_EDGE('',*,*,#4083,.F.);
#5173=ORIENTED_EDGE('',*,*,#4136,.F.);
#5174=ORIENTED_EDGE('',*,*,#4140,.F.);
#5175=ORIENTED_EDGE('',*,*,#4085,.F.);
#5176=ORIENTED_EDGE('',*,*,#4141,.F.);
#5177=ORIENTED_EDGE('',*,*,#4120,.F.);
#5178=ORIENTED_EDGE('',*,*,#4140,.T.);
#5179=ORIENTED_EDGE('',*,*,#4119,.F.);
#5180=ORIENTED_EDGE('',*,*,#4142,.T.);
#5181=ORIENTED_EDGE('',*,*,#4086,.T.);
#5182=ORIENTED_EDGE('',*,*,#4139,.F.);
#5183=ORIENTED_EDGE('',*,*,#4121,.F.);
#5184=ORIENTED_EDGE('',*,*,#4141,.T.);
#5185=ORIENTED_EDGE('',*,*,#4084,.F.);
#5186=ORIENTED_EDGE('',*,*,#4143,.F.);
#5187=ORIENTED_EDGE('',*,*,#4144,.T.);
#5188=ORIENTED_EDGE('',*,*,#4076,.F.);
#5189=ORIENTED_EDGE('',*,*,#4144,.F.);
#5190=ORIENTED_EDGE('',*,*,#4143,.T.);
#5191=ORIENTED_EDGE('',*,*,#4145,.F.);
#5192=ORIENTED_EDGE('',*,*,#4099,.F.);
#5193=ORIENTED_EDGE('',*,*,#4146,.F.);
#5194=ORIENTED_EDGE('',*,*,#4106,.F.);
#5195=ORIENTED_EDGE('',*,*,#4108,.F.);
#5196=ORIENTED_EDGE('',*,*,#4147,.F.);
#5197=ORIENTED_EDGE('',*,*,#4097,.F.);
#5198=ORIENTED_EDGE('',*,*,#4148,.F.);
#5199=ORIENTED_EDGE('',*,*,#4146,.T.);
#5200=ORIENTED_EDGE('',*,*,#4098,.F.);
#5201=ORIENTED_EDGE('',*,*,#4147,.T.);
#5202=ORIENTED_EDGE('',*,*,#4107,.F.);
#5203=ORIENTED_EDGE('',*,*,#4149,.F.);
#5204=ORIENTED_EDGE('',*,*,#4150,.T.);
#5205=ORIENTED_EDGE('',*,*,#4078,.F.);
#5206=ORIENTED_EDGE('',*,*,#4150,.F.);
#5207=ORIENTED_EDGE('',*,*,#4149,.T.);
#5208=ORIENTED_EDGE('',*,*,#4110,.F.);
#5209=ORIENTED_EDGE('',*,*,#4151,.F.);
#5210=ORIENTED_EDGE('',*,*,#4095,.F.);
#5211=ORIENTED_EDGE('',*,*,#4152,.F.);
#5212=ORIENTED_EDGE('',*,*,#4112,.F.);
#5213=ORIENTED_EDGE('',*,*,#4153,.F.);
#5214=ORIENTED_EDGE('',*,*,#4093,.F.);
#5215=ORIENTED_EDGE('',*,*,#4154,.F.);
#5216=ORIENTED_EDGE('',*,*,#4148,.T.);
#5217=ORIENTED_EDGE('',*,*,#4096,.F.);
#5218=ORIENTED_EDGE('',*,*,#4151,.T.);
#5219=ORIENTED_EDGE('',*,*,#4109,.F.);
#5220=ORIENTED_EDGE('',*,*,#4043,.T.);
#5221=ORIENTED_EDGE('',*,*,#4046,.T.);
#5222=ORIENTED_EDGE('',*,*,#4152,.T.);
#5223=ORIENTED_EDGE('',*,*,#4094,.F.);
#5224=ORIENTED_EDGE('',*,*,#4153,.T.);
#5225=ORIENTED_EDGE('',*,*,#4111,.F.);
#5226=ORIENTED_EDGE('',*,*,#4155,.F.);
#5227=ORIENTED_EDGE('',*,*,#4156,.T.);
#5228=ORIENTED_EDGE('',*,*,#4077,.F.);
#5229=ORIENTED_EDGE('',*,*,#4156,.F.);
#5230=ORIENTED_EDGE('',*,*,#4155,.T.);
#5231=ORIENTED_EDGE('',*,*,#4157,.F.);
#5232=ORIENTED_EDGE('',*,*,#4116,.F.);
#5233=ORIENTED_EDGE('',*,*,#4158,.F.);
#5234=ORIENTED_EDGE('',*,*,#4089,.F.);
#5235=ORIENTED_EDGE('',*,*,#4114,.F.);
#5236=ORIENTED_EDGE('',*,*,#4159,.F.);
#5237=ORIENTED_EDGE('',*,*,#4091,.F.);
#5238=ORIENTED_EDGE('',*,*,#4160,.F.);
#5239=ORIENTED_EDGE('',*,*,#4154,.T.);
#5240=ORIENTED_EDGE('',*,*,#4092,.F.);
#5241=ORIENTED_EDGE('',*,*,#4159,.T.);
#5242=ORIENTED_EDGE('',*,*,#4113,.F.);
#5243=ORIENTED_EDGE('',*,*,#4160,.T.);
#5244=ORIENTED_EDGE('',*,*,#4090,.F.);
#5245=ORIENTED_EDGE('',*,*,#4158,.T.);
#5246=ORIENTED_EDGE('',*,*,#4115,.F.);
#5247=ORIENTED_EDGE('',*,*,#4129,.F.);
#5248=ORIENTED_EDGE('',*,*,#4161,.F.);
#5249=ORIENTED_EDGE('',*,*,#4162,.F.);
#5250=ORIENTED_EDGE('',*,*,#4163,.T.);
#5251=ORIENTED_EDGE('',*,*,#4130,.F.);
#5252=ORIENTED_EDGE('',*,*,#4163,.F.);
#5253=ORIENTED_EDGE('',*,*,#4164,.F.);
#5254=ORIENTED_EDGE('',*,*,#4165,.T.);
#5255=ORIENTED_EDGE('',*,*,#4127,.F.);
#5256=ORIENTED_EDGE('',*,*,#4165,.F.);
#5257=ORIENTED_EDGE('',*,*,#4166,.F.);
#5258=ORIENTED_EDGE('',*,*,#4167,.T.);
#5259=ORIENTED_EDGE('',*,*,#4128,.F.);
#5260=ORIENTED_EDGE('',*,*,#4167,.F.);
#5261=ORIENTED_EDGE('',*,*,#4168,.F.);
#5262=ORIENTED_EDGE('',*,*,#4161,.T.);
#5263=ORIENTED_EDGE('',*,*,#4053,.T.);
#5264=ORIENTED_EDGE('',*,*,#4102,.T.);
#5265=ORIENTED_EDGE('',*,*,#4169,.T.);
#5266=ORIENTED_EDGE('',*,*,#4103,.F.);
#5267=ORIENTED_EDGE('',*,*,#4169,.F.);
#5268=ORIENTED_EDGE('',*,*,#4101,.F.);
#5269=ORIENTED_EDGE('',*,*,#4170,.F.);
#5270=ORIENTED_EDGE('',*,*,#4104,.F.);
#5271=ORIENTED_EDGE('',*,*,#4145,.T.);
#5272=ORIENTED_EDGE('',*,*,#4105,.F.);
#5273=ORIENTED_EDGE('',*,*,#4170,.T.);
#5274=ORIENTED_EDGE('',*,*,#4100,.T.);
#5275=ORIENTED_EDGE('',*,*,#4157,.T.);
#5276=ORIENTED_EDGE('',*,*,#4088,.T.);
#5277=ORIENTED_EDGE('',*,*,#4171,.T.);
#5278=ORIENTED_EDGE('',*,*,#4117,.F.);
#5279=ORIENTED_EDGE('',*,*,#4171,.F.);
#5280=ORIENTED_EDGE('',*,*,#4087,.F.);
#5281=ORIENTED_EDGE('',*,*,#4142,.F.);
#5282=ORIENTED_EDGE('',*,*,#4118,.F.);
#5283=ORIENTED_EDGE('',*,*,#4066,.T.);
#5284=ORIENTED_EDGE('',*,*,#4172,.T.);
#5285=ORIENTED_EDGE('',*,*,#4173,.T.);
#5286=ORIENTED_EDGE('',*,*,#4174,.T.);
#5287=ORIENTED_EDGE('',*,*,#4172,.F.);
#5288=ORIENTED_EDGE('',*,*,#4073,.F.);
#5289=ORIENTED_EDGE('',*,*,#4175,.F.);
#5290=ORIENTED_EDGE('',*,*,#4176,.T.);
#5291=ORIENTED_EDGE('',*,*,#4041,.T.);
#5292=ORIENTED_EDGE('',*,*,#4044,.T.);
#5293=ORIENTED_EDGE('',*,*,#4068,.T.);
#5294=ORIENTED_EDGE('',*,*,#4177,.T.);
#5295=ORIENTED_EDGE('',*,*,#4178,.T.);
#5296=ORIENTED_EDGE('',*,*,#4179,.T.);
#5297=ORIENTED_EDGE('',*,*,#4179,.F.);
#5298=ORIENTED_EDGE('',*,*,#4180,.T.);
#5299=ORIENTED_EDGE('',*,*,#4181,.F.);
#5300=ORIENTED_EDGE('',*,*,#4069,.F.);
#5301=ORIENTED_EDGE('',*,*,#4037,.T.);
#5302=ORIENTED_EDGE('',*,*,#4034,.T.);
#5303=ORIENTED_EDGE('',*,*,#4031,.T.);
#5304=ORIENTED_EDGE('',*,*,#4040,.T.);
#5305=ORIENTED_EDGE('',*,*,#4049,.T.);
#5306=ORIENTED_EDGE('',*,*,#4070,.T.);
#5307=ORIENTED_EDGE('',*,*,#4181,.T.);
#5308=ORIENTED_EDGE('',*,*,#4182,.T.);
#5309=ORIENTED_EDGE('',*,*,#4183,.T.);
#5310=ORIENTED_EDGE('',*,*,#4072,.T.);
#5311=ORIENTED_EDGE('',*,*,#4184,.T.);
#5312=ORIENTED_EDGE('',*,*,#4185,.T.);
#5313=ORIENTED_EDGE('',*,*,#4175,.T.);
#5314=ORIENTED_EDGE('',*,*,#4183,.F.);
#5315=ORIENTED_EDGE('',*,*,#4186,.T.);
#5316=ORIENTED_EDGE('',*,*,#4184,.F.);
#5317=ORIENTED_EDGE('',*,*,#4071,.F.);
#5318=ORIENTED_EDGE('',*,*,#4174,.F.);
#5319=ORIENTED_EDGE('',*,*,#4187,.T.);
#5320=ORIENTED_EDGE('',*,*,#4177,.F.);
#5321=ORIENTED_EDGE('',*,*,#4067,.F.);
#5322=ORIENTED_EDGE('',*,*,#4173,.F.);
#5323=ORIENTED_EDGE('',*,*,#4176,.F.);
#5324=ORIENTED_EDGE('',*,*,#4185,.F.);
#5325=ORIENTED_EDGE('',*,*,#4186,.F.);
#5326=ORIENTED_EDGE('',*,*,#4182,.F.);
#5327=ORIENTED_EDGE('',*,*,#4180,.F.);
#5328=ORIENTED_EDGE('',*,*,#4178,.F.);
#5329=ORIENTED_EDGE('',*,*,#4187,.F.);
#5330=ORIENTED_EDGE('',*,*,#4166,.T.);
#5331=ORIENTED_EDGE('',*,*,#4164,.T.);
#5332=ORIENTED_EDGE('',*,*,#4162,.T.);
#5333=ORIENTED_EDGE('',*,*,#4168,.T.);
#5334=ORIENTED_EDGE('',*,*,#4188,.F.);
#5335=ORIENTED_EDGE('',*,*,#4189,.T.);
#5336=ORIENTED_EDGE('',*,*,#4190,.F.);
#5337=ORIENTED_EDGE('',*,*,#4189,.F.);
#5338=ORIENTED_EDGE('',*,*,#4188,.T.);
#5339=ORIENTED_EDGE('',*,*,#4191,.F.);
#5340=ORIENTED_EDGE('',*,*,#4192,.F.);
#5341=ORIENTED_EDGE('',*,*,#4193,.T.);
#5342=ORIENTED_EDGE('',*,*,#4194,.F.);
#5343=ORIENTED_EDGE('',*,*,#4193,.F.);
#5344=ORIENTED_EDGE('',*,*,#4192,.T.);
#5345=ORIENTED_EDGE('',*,*,#4195,.F.);
#5346=ORIENTED_EDGE('',*,*,#4196,.F.);
#5347=ORIENTED_EDGE('',*,*,#4197,.T.);
#5348=ORIENTED_EDGE('',*,*,#4198,.F.);
#5349=ORIENTED_EDGE('',*,*,#4197,.F.);
#5350=ORIENTED_EDGE('',*,*,#4196,.T.);
#5351=ORIENTED_EDGE('',*,*,#4199,.F.);
#5352=ORIENTED_EDGE('',*,*,#4200,.F.);
#5353=ORIENTED_EDGE('',*,*,#4201,.T.);
#5354=ORIENTED_EDGE('',*,*,#4202,.F.);
#5355=ORIENTED_EDGE('',*,*,#4201,.F.);
#5356=ORIENTED_EDGE('',*,*,#4200,.T.);
#5357=ORIENTED_EDGE('',*,*,#4203,.F.);
#5358=ORIENTED_EDGE('',*,*,#4204,.F.);
#5359=ORIENTED_EDGE('',*,*,#4205,.T.);
#5360=ORIENTED_EDGE('',*,*,#4206,.F.);
#5361=ORIENTED_EDGE('',*,*,#4205,.F.);
#5362=ORIENTED_EDGE('',*,*,#4204,.T.);
#5363=ORIENTED_EDGE('',*,*,#4207,.F.);
#5364=ORIENTED_EDGE('',*,*,#4208,.F.);
#5365=ORIENTED_EDGE('',*,*,#4209,.T.);
#5366=ORIENTED_EDGE('',*,*,#4210,.F.);
#5367=ORIENTED_EDGE('',*,*,#4209,.F.);
#5368=ORIENTED_EDGE('',*,*,#4208,.T.);
#5369=ORIENTED_EDGE('',*,*,#4211,.F.);
#5370=ORIENTED_EDGE('',*,*,#4212,.F.);
#5371=ORIENTED_EDGE('',*,*,#4213,.T.);
#5372=ORIENTED_EDGE('',*,*,#4191,.T.);
#5373=ORIENTED_EDGE('',*,*,#4213,.F.);
#5374=ORIENTED_EDGE('',*,*,#4214,.F.);
#5375=ORIENTED_EDGE('',*,*,#4215,.T.);
#5376=ORIENTED_EDGE('',*,*,#4195,.T.);
#5377=ORIENTED_EDGE('',*,*,#4215,.F.);
#5378=ORIENTED_EDGE('',*,*,#4216,.F.);
#5379=ORIENTED_EDGE('',*,*,#4217,.T.);
#5380=ORIENTED_EDGE('',*,*,#4199,.T.);
#5381=ORIENTED_EDGE('',*,*,#4217,.F.);
#5382=ORIENTED_EDGE('',*,*,#4218,.F.);
#5383=ORIENTED_EDGE('',*,*,#4219,.T.);
#5384=ORIENTED_EDGE('',*,*,#4203,.T.);
#5385=ORIENTED_EDGE('',*,*,#4219,.F.);
#5386=ORIENTED_EDGE('',*,*,#4220,.F.);
#5387=ORIENTED_EDGE('',*,*,#4221,.T.);
#5388=ORIENTED_EDGE('',*,*,#4207,.T.);
#5389=ORIENTED_EDGE('',*,*,#4221,.F.);
#5390=ORIENTED_EDGE('',*,*,#4222,.F.);
#5391=ORIENTED_EDGE('',*,*,#4223,.T.);
#5392=ORIENTED_EDGE('',*,*,#4211,.T.);
#5393=ORIENTED_EDGE('',*,*,#4223,.F.);
#5394=ORIENTED_EDGE('',*,*,#4224,.T.);
#5395=ORIENTED_EDGE('',*,*,#4225,.T.);
#5396=ORIENTED_EDGE('',*,*,#4226,.T.);
#5397=ORIENTED_EDGE('',*,*,#4227,.T.);
#5398=ORIENTED_EDGE('',*,*,#4225,.F.);
#5399=ORIENTED_EDGE('',*,*,#4228,.F.);
#5400=ORIENTED_EDGE('',*,*,#4229,.F.);
#5401=ORIENTED_EDGE('',*,*,#4230,.T.);
#5402=ORIENTED_EDGE('',*,*,#4224,.F.);
#5403=ORIENTED_EDGE('',*,*,#4231,.T.);
#5404=ORIENTED_EDGE('',*,*,#4232,.F.);
#5405=ORIENTED_EDGE('',*,*,#4233,.T.);
#5406=ORIENTED_EDGE('',*,*,#4234,.F.);
#5407=ORIENTED_EDGE('',*,*,#4235,.T.);
#5408=ORIENTED_EDGE('',*,*,#4236,.F.);
#5409=ORIENTED_EDGE('',*,*,#4228,.T.);
#5410=ORIENTED_EDGE('',*,*,#4190,.T.);
#5411=ORIENTED_EDGE('',*,*,#4194,.T.);
#5412=ORIENTED_EDGE('',*,*,#4198,.T.);
#5413=ORIENTED_EDGE('',*,*,#4202,.T.);
#5414=ORIENTED_EDGE('',*,*,#4206,.T.);
#5415=ORIENTED_EDGE('',*,*,#4210,.T.);
#5416=ORIENTED_EDGE('',*,*,#4232,.T.);
#5417=ORIENTED_EDGE('',*,*,#4237,.T.);
#5418=ORIENTED_EDGE('',*,*,#4238,.T.);
#5419=ORIENTED_EDGE('',*,*,#4239,.T.);
#5420=ORIENTED_EDGE('',*,*,#4239,.F.);
#5421=ORIENTED_EDGE('',*,*,#4240,.T.);
#5422=ORIENTED_EDGE('',*,*,#4241,.F.);
#5423=ORIENTED_EDGE('',*,*,#4233,.F.);
#5424=ORIENTED_EDGE('',*,*,#4234,.T.);
#5425=ORIENTED_EDGE('',*,*,#4241,.T.);
#5426=ORIENTED_EDGE('',*,*,#4242,.T.);
#5427=ORIENTED_EDGE('',*,*,#4243,.T.);
#5428=ORIENTED_EDGE('',*,*,#4236,.T.);
#5429=ORIENTED_EDGE('',*,*,#4244,.T.);
#5430=ORIENTED_EDGE('',*,*,#4245,.T.);
#5431=ORIENTED_EDGE('',*,*,#4229,.T.);
#5432=ORIENTED_EDGE('',*,*,#4243,.F.);
#5433=ORIENTED_EDGE('',*,*,#4246,.T.);
#5434=ORIENTED_EDGE('',*,*,#4244,.F.);
#5435=ORIENTED_EDGE('',*,*,#4235,.F.);
#5436=ORIENTED_EDGE('',*,*,#4227,.F.);
#5437=ORIENTED_EDGE('',*,*,#4247,.T.);
#5438=ORIENTED_EDGE('',*,*,#4237,.F.);
#5439=ORIENTED_EDGE('',*,*,#4231,.F.);
#5440=ORIENTED_EDGE('',*,*,#4226,.F.);
#5441=ORIENTED_EDGE('',*,*,#4230,.F.);
#5442=ORIENTED_EDGE('',*,*,#4245,.F.);
#5443=ORIENTED_EDGE('',*,*,#4246,.F.);
#5444=ORIENTED_EDGE('',*,*,#4242,.F.);
#5445=ORIENTED_EDGE('',*,*,#4240,.F.);
#5446=ORIENTED_EDGE('',*,*,#4238,.F.);
#5447=ORIENTED_EDGE('',*,*,#4247,.F.);
#5448=ORIENTED_EDGE('',*,*,#4212,.T.);
#5449=ORIENTED_EDGE('',*,*,#4214,.T.);
#5450=ORIENTED_EDGE('',*,*,#4216,.T.);
#5451=ORIENTED_EDGE('',*,*,#4218,.T.);
#5452=ORIENTED_EDGE('',*,*,#4220,.T.);
#5453=ORIENTED_EDGE('',*,*,#4222,.T.);
#5454=ORIENTED_EDGE('',*,*,#4248,.F.);
#5455=ORIENTED_EDGE('',*,*,#4249,.F.);
#5456=ORIENTED_EDGE('',*,*,#4250,.F.);
#5457=ORIENTED_EDGE('',*,*,#4251,.T.);
#5458=ORIENTED_EDGE('',*,*,#4252,.F.);
#5459=ORIENTED_EDGE('',*,*,#4251,.F.);
#5460=ORIENTED_EDGE('',*,*,#4253,.F.);
#5461=ORIENTED_EDGE('',*,*,#4254,.T.);
#5462=ORIENTED_EDGE('',*,*,#4255,.F.);
#5463=ORIENTED_EDGE('',*,*,#4254,.F.);
#5464=ORIENTED_EDGE('',*,*,#4256,.F.);
#5465=ORIENTED_EDGE('',*,*,#4257,.T.);
#5466=ORIENTED_EDGE('',*,*,#4258,.F.);
#5467=ORIENTED_EDGE('',*,*,#4257,.F.);
#5468=ORIENTED_EDGE('',*,*,#4259,.F.);
#5469=ORIENTED_EDGE('',*,*,#4249,.T.);
#5470=ORIENTED_EDGE('',*,*,#4260,.F.);
#5471=ORIENTED_EDGE('',*,*,#4261,.T.);
#5472=ORIENTED_EDGE('',*,*,#4262,.F.);
#5473=ORIENTED_EDGE('',*,*,#4261,.F.);
#5474=ORIENTED_EDGE('',*,*,#4263,.F.);
#5475=ORIENTED_EDGE('',*,*,#4264,.T.);
#5476=ORIENTED_EDGE('',*,*,#4265,.T.);
#5477=ORIENTED_EDGE('',*,*,#4266,.T.);
#5478=ORIENTED_EDGE('',*,*,#4262,.T.);
#5479=ORIENTED_EDGE('',*,*,#4267,.F.);
#5480=ORIENTED_EDGE('',*,*,#4268,.T.);
#5481=ORIENTED_EDGE('',*,*,#4269,.T.);
#5482=ORIENTED_EDGE('',*,*,#4264,.F.);
#5483=ORIENTED_EDGE('',*,*,#4270,.F.);
#5484=ORIENTED_EDGE('',*,*,#4266,.F.);
#5485=ORIENTED_EDGE('',*,*,#4271,.F.);
#5486=ORIENTED_EDGE('',*,*,#4272,.T.);
#5487=ORIENTED_EDGE('',*,*,#4273,.T.);
#5488=ORIENTED_EDGE('',*,*,#4271,.T.);
#5489=ORIENTED_EDGE('',*,*,#4265,.F.);
#5490=ORIENTED_EDGE('',*,*,#4269,.F.);
#5491=ORIENTED_EDGE('',*,*,#4274,.F.);
#5492=ORIENTED_EDGE('',*,*,#4272,.F.);
#5493=ORIENTED_EDGE('',*,*,#4273,.F.);
#5494=ORIENTED_EDGE('',*,*,#4268,.F.);
#5495=ORIENTED_EDGE('',*,*,#4260,.T.);
#5496=ORIENTED_EDGE('',*,*,#4275,.F.);
#5497=ORIENTED_EDGE('',*,*,#4276,.T.);
#5498=ORIENTED_EDGE('',*,*,#4277,.F.);
#5499=ORIENTED_EDGE('',*,*,#4276,.F.);
#5500=ORIENTED_EDGE('',*,*,#4278,.F.);
#5501=ORIENTED_EDGE('',*,*,#4279,.T.);
#5502=ORIENTED_EDGE('',*,*,#4280,.T.);
#5503=ORIENTED_EDGE('',*,*,#4281,.T.);
#5504=ORIENTED_EDGE('',*,*,#4277,.T.);
#5505=ORIENTED_EDGE('',*,*,#4282,.F.);
#5506=ORIENTED_EDGE('',*,*,#4283,.T.);
#5507=ORIENTED_EDGE('',*,*,#4284,.T.);
#5508=ORIENTED_EDGE('',*,*,#4279,.F.);
#5509=ORIENTED_EDGE('',*,*,#4285,.F.);
#5510=ORIENTED_EDGE('',*,*,#4281,.F.);
#5511=ORIENTED_EDGE('',*,*,#4286,.F.);
#5512=ORIENTED_EDGE('',*,*,#4287,.T.);
#5513=ORIENTED_EDGE('',*,*,#4288,.T.);
#5514=ORIENTED_EDGE('',*,*,#4286,.T.);
#5515=ORIENTED_EDGE('',*,*,#4280,.F.);
#5516=ORIENTED_EDGE('',*,*,#4284,.F.);
#5517=ORIENTED_EDGE('',*,*,#4289,.F.);
#5518=ORIENTED_EDGE('',*,*,#4287,.F.);
#5519=ORIENTED_EDGE('',*,*,#4288,.F.);
#5520=ORIENTED_EDGE('',*,*,#4283,.F.);
#5521=ORIENTED_EDGE('',*,*,#4275,.T.);
#5522=ORIENTED_EDGE('',*,*,#4290,.F.);
#5523=ORIENTED_EDGE('',*,*,#4291,.T.);
#5524=ORIENTED_EDGE('',*,*,#4292,.F.);
#5525=ORIENTED_EDGE('',*,*,#4291,.F.);
#5526=ORIENTED_EDGE('',*,*,#4293,.F.);
#5527=ORIENTED_EDGE('',*,*,#4294,.F.);
#5528=ORIENTED_EDGE('',*,*,#4295,.F.);
#5529=ORIENTED_EDGE('',*,*,#4296,.F.);
#5530=ORIENTED_EDGE('',*,*,#4290,.T.);
#5531=ORIENTED_EDGE('',*,*,#4297,.F.);
#5532=ORIENTED_EDGE('',*,*,#4298,.F.);
#5533=ORIENTED_EDGE('',*,*,#4299,.F.);
#5534=ORIENTED_EDGE('',*,*,#4294,.T.);
#5535=ORIENTED_EDGE('',*,*,#4300,.F.);
#5536=ORIENTED_EDGE('',*,*,#4296,.T.);
#5537=ORIENTED_EDGE('',*,*,#4301,.T.);
#5538=ORIENTED_EDGE('',*,*,#4302,.F.);
#5539=ORIENTED_EDGE('',*,*,#4295,.T.);
#5540=ORIENTED_EDGE('',*,*,#4299,.T.);
#5541=ORIENTED_EDGE('',*,*,#4303,.F.);
#5542=ORIENTED_EDGE('',*,*,#4301,.F.);
#5543=ORIENTED_EDGE('',*,*,#4304,.F.);
#5544=ORIENTED_EDGE('',*,*,#4302,.T.);
#5545=ORIENTED_EDGE('',*,*,#4303,.T.);
#5546=ORIENTED_EDGE('',*,*,#4298,.T.);
#5547=ORIENTED_EDGE('',*,*,#4292,.T.);
#5548=ORIENTED_EDGE('',*,*,#4305,.F.);
#5549=ORIENTED_EDGE('',*,*,#4306,.T.);
#5550=ORIENTED_EDGE('',*,*,#4307,.F.);
#5551=ORIENTED_EDGE('',*,*,#4306,.F.);
#5552=ORIENTED_EDGE('',*,*,#4308,.F.);
#5553=ORIENTED_EDGE('',*,*,#4309,.F.);
#5554=ORIENTED_EDGE('',*,*,#4310,.F.);
#5555=ORIENTED_EDGE('',*,*,#4311,.F.);
#5556=ORIENTED_EDGE('',*,*,#4305,.T.);
#5557=ORIENTED_EDGE('',*,*,#4312,.F.);
#5558=ORIENTED_EDGE('',*,*,#4313,.F.);
#5559=ORIENTED_EDGE('',*,*,#4314,.F.);
#5560=ORIENTED_EDGE('',*,*,#4309,.T.);
#5561=ORIENTED_EDGE('',*,*,#4315,.F.);
#5562=ORIENTED_EDGE('',*,*,#4311,.T.);
#5563=ORIENTED_EDGE('',*,*,#4316,.T.);
#5564=ORIENTED_EDGE('',*,*,#4317,.F.);
#5565=ORIENTED_EDGE('',*,*,#4310,.T.);
#5566=ORIENTED_EDGE('',*,*,#4314,.T.);
#5567=ORIENTED_EDGE('',*,*,#4318,.F.);
#5568=ORIENTED_EDGE('',*,*,#4316,.F.);
#5569=ORIENTED_EDGE('',*,*,#4319,.F.);
#5570=ORIENTED_EDGE('',*,*,#4317,.T.);
#5571=ORIENTED_EDGE('',*,*,#4318,.T.);
#5572=ORIENTED_EDGE('',*,*,#4313,.T.);
#5573=ORIENTED_EDGE('',*,*,#4307,.T.);
#5574=ORIENTED_EDGE('',*,*,#4320,.F.);
#5575=ORIENTED_EDGE('',*,*,#4321,.T.);
#5576=ORIENTED_EDGE('',*,*,#4322,.F.);
#5577=ORIENTED_EDGE('',*,*,#4321,.F.);
#5578=ORIENTED_EDGE('',*,*,#4320,.T.);
#5579=ORIENTED_EDGE('',*,*,#4323,.F.);
#5580=ORIENTED_EDGE('',*,*,#4324,.F.);
#5581=ORIENTED_EDGE('',*,*,#4325,.F.);
#5582=ORIENTED_EDGE('',*,*,#4326,.F.);
#5583=ORIENTED_EDGE('',*,*,#4327,.F.);
#5584=ORIENTED_EDGE('',*,*,#4328,.F.);
#5585=ORIENTED_EDGE('',*,*,#4323,.T.);
#5586=ORIENTED_EDGE('',*,*,#4329,.F.);
#5587=ORIENTED_EDGE('',*,*,#4330,.T.);
#5588=ORIENTED_EDGE('',*,*,#4331,.T.);
#5589=ORIENTED_EDGE('',*,*,#4332,.T.);
#5590=ORIENTED_EDGE('',*,*,#4333,.T.);
#5591=ORIENTED_EDGE('',*,*,#4322,.T.);
#5592=ORIENTED_EDGE('',*,*,#4334,.T.);
#5593=ORIENTED_EDGE('',*,*,#4335,.T.);
#5594=ORIENTED_EDGE('',*,*,#4336,.T.);
#5595=ORIENTED_EDGE('',*,*,#4337,.T.);
#5596=ORIENTED_EDGE('',*,*,#4338,.T.);
#5597=ORIENTED_EDGE('',*,*,#4339,.T.);
#5598=ORIENTED_EDGE('',*,*,#4340,.T.);
#5599=ORIENTED_EDGE('',*,*,#4341,.T.);
#5600=ORIENTED_EDGE('',*,*,#4342,.T.);
#5601=ORIENTED_EDGE('',*,*,#4343,.T.);
#5602=ORIENTED_EDGE('',*,*,#4344,.T.);
#5603=ORIENTED_EDGE('',*,*,#4345,.T.);
#5604=ORIENTED_EDGE('',*,*,#4346,.T.);
#5605=ORIENTED_EDGE('',*,*,#4347,.T.);
#5606=ORIENTED_EDGE('',*,*,#4348,.T.);
#5607=ORIENTED_EDGE('',*,*,#4349,.T.);
#5608=ORIENTED_EDGE('',*,*,#4350,.T.);
#5609=ORIENTED_EDGE('',*,*,#4351,.T.);
#5610=ORIENTED_EDGE('',*,*,#4352,.T.);
#5611=ORIENTED_EDGE('',*,*,#4329,.T.);
#5612=ORIENTED_EDGE('',*,*,#4326,.T.);
#5613=ORIENTED_EDGE('',*,*,#4353,.T.);
#5614=ORIENTED_EDGE('',*,*,#4354,.T.);
#5615=ORIENTED_EDGE('',*,*,#4355,.F.);
#5616=ORIENTED_EDGE('',*,*,#4356,.F.);
#5617=ORIENTED_EDGE('',*,*,#4357,.T.);
#5618=ORIENTED_EDGE('',*,*,#4337,.F.);
#5619=ORIENTED_EDGE('',*,*,#4358,.T.);
#5620=ORIENTED_EDGE('',*,*,#4325,.T.);
#5621=ORIENTED_EDGE('',*,*,#4359,.F.);
#5622=ORIENTED_EDGE('',*,*,#4360,.T.);
#5623=ORIENTED_EDGE('',*,*,#4335,.F.);
#5624=ORIENTED_EDGE('',*,*,#4324,.T.);
#5625=ORIENTED_EDGE('',*,*,#4361,.T.);
#5626=ORIENTED_EDGE('',*,*,#4359,.T.);
#5627=ORIENTED_EDGE('',*,*,#4362,.F.);
#5628=ORIENTED_EDGE('',*,*,#4363,.T.);
#5629=ORIENTED_EDGE('',*,*,#4354,.F.);
#5630=ORIENTED_EDGE('',*,*,#4363,.F.);
#5631=ORIENTED_EDGE('',*,*,#4362,.T.);
#5632=ORIENTED_EDGE('',*,*,#4364,.F.);
#5633=ORIENTED_EDGE('',*,*,#4365,.F.);
#5634=ORIENTED_EDGE('',*,*,#4366,.F.);
#5635=ORIENTED_EDGE('',*,*,#4341,.F.);
#5636=ORIENTED_EDGE('',*,*,#4364,.T.);
#5637=ORIENTED_EDGE('',*,*,#4340,.F.);
#5638=ORIENTED_EDGE('',*,*,#4367,.F.);
#5639=ORIENTED_EDGE('',*,*,#4368,.F.);
#5640=ORIENTED_EDGE('',*,*,#4357,.F.);
#5641=ORIENTED_EDGE('',*,*,#4369,.F.);
#5642=ORIENTED_EDGE('',*,*,#4370,.T.);
#5643=ORIENTED_EDGE('',*,*,#4338,.F.);
#5644=ORIENTED_EDGE('',*,*,#4328,.T.);
#5645=ORIENTED_EDGE('',*,*,#4371,.T.);
#5646=ORIENTED_EDGE('',*,*,#4372,.T.);
#5647=ORIENTED_EDGE('',*,*,#4373,.T.);
#5648=ORIENTED_EDGE('',*,*,#4374,.T.);
#5649=ORIENTED_EDGE('',*,*,#4375,.T.);
#5650=ORIENTED_EDGE('',*,*,#4365,.T.);
#5651=ORIENTED_EDGE('',*,*,#4356,.T.);
#5652=ORIENTED_EDGE('',*,*,#4366,.T.);
#5653=ORIENTED_EDGE('',*,*,#4375,.F.);
#5654=ORIENTED_EDGE('',*,*,#4376,.T.);
#5655=ORIENTED_EDGE('',*,*,#4342,.F.);
#5656=ORIENTED_EDGE('',*,*,#4255,.T.);
#5657=ORIENTED_EDGE('',*,*,#4258,.T.);
#5658=ORIENTED_EDGE('',*,*,#4248,.T.);
#5659=ORIENTED_EDGE('',*,*,#4252,.T.);
#5660=ORIENTED_EDGE('',*,*,#4377,.F.);
#5661=ORIENTED_EDGE('',*,*,#4378,.T.);
#5662=ORIENTED_EDGE('',*,*,#4334,.F.);
#5663=ORIENTED_EDGE('',*,*,#4378,.F.);
#5664=ORIENTED_EDGE('',*,*,#4377,.T.);
#5665=ORIENTED_EDGE('',*,*,#4379,.F.);
#5666=ORIENTED_EDGE('',*,*,#4351,.F.);
#5667=ORIENTED_EDGE('',*,*,#4380,.F.);
#5668=ORIENTED_EDGE('',*,*,#4372,.F.);
#5669=ORIENTED_EDGE('',*,*,#4381,.F.);
#5670=ORIENTED_EDGE('',*,*,#4382,.F.);
#5671=ORIENTED_EDGE('',*,*,#4380,.T.);
#5672=ORIENTED_EDGE('',*,*,#4350,.F.);
#5673=ORIENTED_EDGE('',*,*,#4327,.T.);
#5674=ORIENTED_EDGE('',*,*,#4352,.F.);
#5675=ORIENTED_EDGE('',*,*,#4379,.T.);
#5676=ORIENTED_EDGE('',*,*,#4371,.F.);
#5677=ORIENTED_EDGE('',*,*,#4368,.T.);
#5678=ORIENTED_EDGE('',*,*,#4383,.T.);
#5679=ORIENTED_EDGE('',*,*,#4369,.T.);
#5680=ORIENTED_EDGE('',*,*,#4384,.F.);
#5681=ORIENTED_EDGE('',*,*,#4385,.F.);
#5682=ORIENTED_EDGE('',*,*,#4386,.T.);
#5683=ORIENTED_EDGE('',*,*,#4348,.F.);
#5684=ORIENTED_EDGE('',*,*,#4387,.F.);
#5685=ORIENTED_EDGE('',*,*,#4388,.T.);
#5686=ORIENTED_EDGE('',*,*,#4353,.F.);
#5687=ORIENTED_EDGE('',*,*,#4388,.F.);
#5688=ORIENTED_EDGE('',*,*,#4387,.T.);
#5689=ORIENTED_EDGE('',*,*,#4389,.F.);
#5690=ORIENTED_EDGE('',*,*,#4344,.F.);
#5691=ORIENTED_EDGE('',*,*,#4390,.F.);
#5692=ORIENTED_EDGE('',*,*,#4391,.F.);
#5693=ORIENTED_EDGE('',*,*,#4376,.F.);
#5694=ORIENTED_EDGE('',*,*,#4374,.F.);
#5695=ORIENTED_EDGE('',*,*,#4390,.T.);
#5696=ORIENTED_EDGE('',*,*,#4343,.F.);
#5697=ORIENTED_EDGE('',*,*,#4389,.T.);
#5698=ORIENTED_EDGE('',*,*,#4392,.F.);
#5699=ORIENTED_EDGE('',*,*,#4393,.T.);
#5700=ORIENTED_EDGE('',*,*,#4345,.F.);
#5701=ORIENTED_EDGE('',*,*,#4391,.T.);
#5702=ORIENTED_EDGE('',*,*,#4394,.T.);
#5703=ORIENTED_EDGE('',*,*,#4392,.T.);
#5704=ORIENTED_EDGE('',*,*,#4384,.T.);
#5705=ORIENTED_EDGE('',*,*,#4347,.F.);
#5706=ORIENTED_EDGE('',*,*,#4395,.F.);
#5707=ORIENTED_EDGE('',*,*,#4373,.F.);
#5708=ORIENTED_EDGE('',*,*,#4396,.T.);
#5709=ORIENTED_EDGE('',*,*,#4358,.F.);
#5710=ORIENTED_EDGE('',*,*,#4397,.T.);
#5711=ORIENTED_EDGE('',*,*,#4398,.F.);
#5712=ORIENTED_EDGE('',*,*,#4397,.F.);
#5713=ORIENTED_EDGE('',*,*,#4399,.F.);
#5714=ORIENTED_EDGE('',*,*,#4400,.T.);
#5715=ORIENTED_EDGE('',*,*,#4396,.F.);
#5716=ORIENTED_EDGE('',*,*,#4400,.F.);
#5717=ORIENTED_EDGE('',*,*,#4367,.T.);
#5718=ORIENTED_EDGE('',*,*,#4339,.F.);
#5719=ORIENTED_EDGE('',*,*,#4370,.F.);
#5720=ORIENTED_EDGE('',*,*,#4383,.F.);
#5721=ORIENTED_EDGE('',*,*,#4395,.T.);
#5722=ORIENTED_EDGE('',*,*,#4346,.F.);
#5723=ORIENTED_EDGE('',*,*,#4393,.F.);
#5724=ORIENTED_EDGE('',*,*,#4394,.F.);
#5725=ORIENTED_EDGE('',*,*,#4381,.T.);
#5726=ORIENTED_EDGE('',*,*,#4349,.F.);
#5727=ORIENTED_EDGE('',*,*,#4386,.F.);
#5728=ORIENTED_EDGE('',*,*,#4401,.F.);
#5729=ORIENTED_EDGE('',*,*,#4355,.T.);
#5730=ORIENTED_EDGE('',*,*,#4336,.F.);
#5731=ORIENTED_EDGE('',*,*,#4360,.F.);
#5732=ORIENTED_EDGE('',*,*,#4361,.F.);
#5733=ORIENTED_EDGE('',*,*,#4382,.T.);
#5734=ORIENTED_EDGE('',*,*,#4401,.T.);
#5735=ORIENTED_EDGE('',*,*,#4385,.T.);
#5736=ORIENTED_EDGE('',*,*,#4402,.T.);
#5737=ORIENTED_EDGE('',*,*,#4403,.T.);
#5738=ORIENTED_EDGE('',*,*,#4333,.F.);
#5739=ORIENTED_EDGE('',*,*,#4404,.F.);
#5740=ORIENTED_EDGE('',*,*,#4405,.T.);
#5741=ORIENTED_EDGE('',*,*,#4404,.T.);
#5742=ORIENTED_EDGE('',*,*,#4332,.F.);
#5743=ORIENTED_EDGE('',*,*,#4406,.F.);
#5744=ORIENTED_EDGE('',*,*,#4267,.T.);
#5745=ORIENTED_EDGE('',*,*,#4263,.T.);
#5746=ORIENTED_EDGE('',*,*,#4270,.T.);
#5747=ORIENTED_EDGE('',*,*,#4274,.T.);
#5748=ORIENTED_EDGE('',*,*,#4282,.T.);
#5749=ORIENTED_EDGE('',*,*,#4278,.T.);
#5750=ORIENTED_EDGE('',*,*,#4285,.T.);
#5751=ORIENTED_EDGE('',*,*,#4289,.T.);
#5752=ORIENTED_EDGE('',*,*,#4398,.T.);
#5753=ORIENTED_EDGE('',*,*,#4407,.T.);
#5754=ORIENTED_EDGE('',*,*,#4406,.T.);
#5755=ORIENTED_EDGE('',*,*,#4331,.F.);
#5756=ORIENTED_EDGE('',*,*,#4408,.F.);
#5757=ORIENTED_EDGE('',*,*,#4256,.T.);
#5758=ORIENTED_EDGE('',*,*,#4253,.T.);
#5759=ORIENTED_EDGE('',*,*,#4250,.T.);
#5760=ORIENTED_EDGE('',*,*,#4259,.T.);
#5761=ORIENTED_EDGE('',*,*,#4409,.T.);
#5762=ORIENTED_EDGE('',*,*,#4408,.T.);
#5763=ORIENTED_EDGE('',*,*,#4330,.F.);
#5764=ORIENTED_EDGE('',*,*,#4403,.F.);
#5765=ORIENTED_EDGE('',*,*,#4297,.T.);
#5766=ORIENTED_EDGE('',*,*,#4293,.T.);
#5767=ORIENTED_EDGE('',*,*,#4300,.T.);
#5768=ORIENTED_EDGE('',*,*,#4304,.T.);
#5769=ORIENTED_EDGE('',*,*,#4312,.T.);
#5770=ORIENTED_EDGE('',*,*,#4308,.T.);
#5771=ORIENTED_EDGE('',*,*,#4315,.T.);
#5772=ORIENTED_EDGE('',*,*,#4319,.T.);
#5773=ORIENTED_EDGE('',*,*,#4399,.T.);
#5774=ORIENTED_EDGE('',*,*,#4409,.F.);
#5775=ORIENTED_EDGE('',*,*,#4402,.F.);
#5776=ORIENTED_EDGE('',*,*,#4405,.F.);
#5777=ORIENTED_EDGE('',*,*,#4407,.F.);
#5778=ORIENTED_EDGE('',*,*,#4410,.F.);
#5779=ORIENTED_EDGE('',*,*,#4411,.T.);
#5780=ORIENTED_EDGE('',*,*,#4412,.F.);
#5781=ORIENTED_EDGE('',*,*,#4411,.F.);
#5782=ORIENTED_EDGE('',*,*,#4413,.F.);
#5783=ORIENTED_EDGE('',*,*,#4414,.T.);
#5784=ORIENTED_EDGE('',*,*,#4415,.F.);
#5785=ORIENTED_EDGE('',*,*,#4414,.F.);
#5786=ORIENTED_EDGE('',*,*,#4416,.F.);
#5787=ORIENTED_EDGE('',*,*,#4417,.T.);
#5788=ORIENTED_EDGE('',*,*,#4418,.F.);
#5789=ORIENTED_EDGE('',*,*,#4417,.F.);
#5790=ORIENTED_EDGE('',*,*,#4419,.F.);
#5791=ORIENTED_EDGE('',*,*,#4420,.T.);
#5792=ORIENTED_EDGE('',*,*,#4421,.F.);
#5793=ORIENTED_EDGE('',*,*,#4420,.F.);
#5794=ORIENTED_EDGE('',*,*,#4422,.T.);
#5795=ORIENTED_EDGE('',*,*,#4423,.T.);
#5796=ORIENTED_EDGE('',*,*,#4424,.F.);
#5797=ORIENTED_EDGE('',*,*,#4425,.F.);
#5798=ORIENTED_EDGE('',*,*,#4426,.T.);
#5799=ORIENTED_EDGE('',*,*,#4425,.T.);
#5800=ORIENTED_EDGE('',*,*,#4427,.F.);
#5801=ORIENTED_EDGE('',*,*,#4428,.F.);
#5802=ORIENTED_EDGE('',*,*,#4429,.T.);
#5803=ORIENTED_EDGE('',*,*,#4428,.T.);
#5804=ORIENTED_EDGE('',*,*,#4430,.F.);
#5805=ORIENTED_EDGE('',*,*,#4431,.F.);
#5806=ORIENTED_EDGE('',*,*,#4432,.T.);
#5807=ORIENTED_EDGE('',*,*,#4431,.T.);
#5808=ORIENTED_EDGE('',*,*,#4433,.F.);
#5809=ORIENTED_EDGE('',*,*,#4423,.F.);
#5810=ORIENTED_EDGE('',*,*,#4433,.T.);
#5811=ORIENTED_EDGE('',*,*,#4430,.T.);
#5812=ORIENTED_EDGE('',*,*,#4427,.T.);
#5813=ORIENTED_EDGE('',*,*,#4424,.T.);
#5814=ORIENTED_EDGE('',*,*,#4412,.T.);
#5815=ORIENTED_EDGE('',*,*,#4415,.T.);
#5816=ORIENTED_EDGE('',*,*,#4418,.T.);
#5817=ORIENTED_EDGE('',*,*,#4421,.T.);
#5818=ORIENTED_EDGE('',*,*,#4432,.F.);
#5819=ORIENTED_EDGE('',*,*,#4422,.F.);
#5820=ORIENTED_EDGE('',*,*,#4426,.F.);
#5821=ORIENTED_EDGE('',*,*,#4429,.F.);
#5822=ORIENTED_EDGE('',*,*,#4410,.T.);
#5823=ORIENTED_EDGE('',*,*,#4413,.T.);
#5824=ORIENTED_EDGE('',*,*,#4416,.T.);
#5825=ORIENTED_EDGE('',*,*,#4419,.T.);
#5826=ORIENTED_EDGE('',*,*,#4434,.T.);
#5827=ORIENTED_EDGE('',*,*,#4435,.T.);
#5828=ORIENTED_EDGE('',*,*,#4436,.F.);
#5829=ORIENTED_EDGE('',*,*,#4437,.F.);
#5830=ORIENTED_EDGE('',*,*,#4438,.T.);
#5831=ORIENTED_EDGE('',*,*,#4437,.T.);
#5832=ORIENTED_EDGE('',*,*,#4439,.F.);
#5833=ORIENTED_EDGE('',*,*,#4440,.F.);
#5834=ORIENTED_EDGE('',*,*,#4441,.T.);
#5835=ORIENTED_EDGE('',*,*,#4440,.T.);
#5836=ORIENTED_EDGE('',*,*,#4442,.F.);
#5837=ORIENTED_EDGE('',*,*,#4443,.F.);
#5838=ORIENTED_EDGE('',*,*,#4444,.T.);
#5839=ORIENTED_EDGE('',*,*,#4443,.T.);
#5840=ORIENTED_EDGE('',*,*,#4445,.F.);
#5841=ORIENTED_EDGE('',*,*,#4435,.F.);
#5842=ORIENTED_EDGE('',*,*,#4445,.T.);
#5843=ORIENTED_EDGE('',*,*,#4442,.T.);
#5844=ORIENTED_EDGE('',*,*,#4439,.T.);
#5845=ORIENTED_EDGE('',*,*,#4436,.T.);
#5846=ORIENTED_EDGE('',*,*,#4444,.F.);
#5847=ORIENTED_EDGE('',*,*,#4434,.F.);
#5848=ORIENTED_EDGE('',*,*,#4438,.F.);
#5849=ORIENTED_EDGE('',*,*,#4441,.F.);
#5850=ORIENTED_EDGE('',*,*,#4446,.F.);
#5851=ORIENTED_EDGE('',*,*,#4447,.T.);
#5852=ORIENTED_EDGE('',*,*,#4448,.F.);
#5853=ORIENTED_EDGE('',*,*,#4447,.F.);
#5854=ORIENTED_EDGE('',*,*,#4449,.F.);
#5855=ORIENTED_EDGE('',*,*,#4450,.T.);
#5856=ORIENTED_EDGE('',*,*,#4451,.T.);
#5857=ORIENTED_EDGE('',*,*,#4450,.F.);
#5858=ORIENTED_EDGE('',*,*,#4449,.T.);
#5859=ORIENTED_EDGE('',*,*,#4448,.T.);
#5860=ORIENTED_EDGE('',*,*,#4451,.F.);
#5861=ORIENTED_EDGE('',*,*,#4446,.T.);
#5862=ORIENTED_EDGE('',*,*,#4452,.F.);
#5863=ORIENTED_EDGE('',*,*,#4453,.T.);
#5864=ORIENTED_EDGE('',*,*,#4454,.F.);
#5865=ORIENTED_EDGE('',*,*,#4453,.F.);
#5866=ORIENTED_EDGE('',*,*,#4455,.F.);
#5867=ORIENTED_EDGE('',*,*,#4456,.T.);
#5868=ORIENTED_EDGE('',*,*,#4457,.T.);
#5869=ORIENTED_EDGE('',*,*,#4456,.F.);
#5870=ORIENTED_EDGE('',*,*,#4455,.T.);
#5871=ORIENTED_EDGE('',*,*,#4454,.T.);
#5872=ORIENTED_EDGE('',*,*,#4457,.F.);
#5873=ORIENTED_EDGE('',*,*,#4452,.T.);
#5874=ORIENTED_EDGE('',*,*,#4458,.T.);
#5875=ORIENTED_EDGE('',*,*,#4459,.T.);
#5876=ORIENTED_EDGE('',*,*,#4460,.F.);
#5877=ORIENTED_EDGE('',*,*,#4461,.F.);
#5878=ORIENTED_EDGE('',*,*,#4462,.T.);
#5879=ORIENTED_EDGE('',*,*,#4461,.T.);
#5880=ORIENTED_EDGE('',*,*,#4463,.F.);
#5881=ORIENTED_EDGE('',*,*,#4464,.F.);
#5882=ORIENTED_EDGE('',*,*,#4465,.T.);
#5883=ORIENTED_EDGE('',*,*,#4464,.T.);
#5884=ORIENTED_EDGE('',*,*,#4466,.F.);
#5885=ORIENTED_EDGE('',*,*,#4467,.F.);
#5886=ORIENTED_EDGE('',*,*,#4468,.T.);
#5887=ORIENTED_EDGE('',*,*,#4467,.T.);
#5888=ORIENTED_EDGE('',*,*,#4469,.F.);
#5889=ORIENTED_EDGE('',*,*,#4459,.F.);
#5890=ORIENTED_EDGE('',*,*,#4469,.T.);
#5891=ORIENTED_EDGE('',*,*,#4466,.T.);
#5892=ORIENTED_EDGE('',*,*,#4463,.T.);
#5893=ORIENTED_EDGE('',*,*,#4460,.T.);
#5894=ORIENTED_EDGE('',*,*,#4468,.F.);
#5895=ORIENTED_EDGE('',*,*,#4458,.F.);
#5896=ORIENTED_EDGE('',*,*,#4462,.F.);
#5897=ORIENTED_EDGE('',*,*,#4465,.F.);
#5898=ORIENTED_EDGE('',*,*,#4470,.T.);
#5899=ORIENTED_EDGE('',*,*,#4471,.T.);
#5900=ORIENTED_EDGE('',*,*,#4472,.F.);
#5901=ORIENTED_EDGE('',*,*,#4473,.F.);
#5902=ORIENTED_EDGE('',*,*,#4474,.T.);
#5903=ORIENTED_EDGE('',*,*,#4473,.T.);
#5904=ORIENTED_EDGE('',*,*,#4475,.F.);
#5905=ORIENTED_EDGE('',*,*,#4476,.F.);
#5906=ORIENTED_EDGE('',*,*,#4477,.T.);
#5907=ORIENTED_EDGE('',*,*,#4476,.T.);
#5908=ORIENTED_EDGE('',*,*,#4478,.F.);
#5909=ORIENTED_EDGE('',*,*,#4479,.F.);
#5910=ORIENTED_EDGE('',*,*,#4480,.T.);
#5911=ORIENTED_EDGE('',*,*,#4479,.T.);
#5912=ORIENTED_EDGE('',*,*,#4481,.F.);
#5913=ORIENTED_EDGE('',*,*,#4471,.F.);
#5914=ORIENTED_EDGE('',*,*,#4481,.T.);
#5915=ORIENTED_EDGE('',*,*,#4478,.T.);
#5916=ORIENTED_EDGE('',*,*,#4475,.T.);
#5917=ORIENTED_EDGE('',*,*,#4472,.T.);
#5918=ORIENTED_EDGE('',*,*,#4480,.F.);
#5919=ORIENTED_EDGE('',*,*,#4470,.F.);
#5920=ORIENTED_EDGE('',*,*,#4474,.F.);
#5921=ORIENTED_EDGE('',*,*,#4477,.F.);
#5922=ORIENTED_EDGE('',*,*,#4482,.F.);
#5923=ORIENTED_EDGE('',*,*,#4483,.T.);
#5924=ORIENTED_EDGE('',*,*,#4484,.F.);
#5925=ORIENTED_EDGE('',*,*,#4483,.F.);
#5926=ORIENTED_EDGE('',*,*,#4485,.T.);
#5927=ORIENTED_EDGE('',*,*,#4486,.T.);
#5928=ORIENTED_EDGE('',*,*,#4487,.F.);
#5929=ORIENTED_EDGE('',*,*,#4488,.F.);
#5930=ORIENTED_EDGE('',*,*,#4489,.F.);
#5931=ORIENTED_EDGE('',*,*,#4490,.T.);
#5932=ORIENTED_EDGE('',*,*,#4488,.T.);
#5933=ORIENTED_EDGE('',*,*,#4491,.F.);
#5934=ORIENTED_EDGE('',*,*,#4492,.F.);
#5935=ORIENTED_EDGE('',*,*,#4485,.F.);
#5936=ORIENTED_EDGE('',*,*,#4490,.F.);
#5937=ORIENTED_EDGE('',*,*,#4493,.F.);
#5938=ORIENTED_EDGE('',*,*,#4494,.F.);
#5939=ORIENTED_EDGE('',*,*,#4495,.F.);
#5940=ORIENTED_EDGE('',*,*,#4496,.F.);
#5941=ORIENTED_EDGE('',*,*,#4497,.F.);
#5942=ORIENTED_EDGE('',*,*,#4498,.F.);
#5943=ORIENTED_EDGE('',*,*,#4499,.F.);
#5944=ORIENTED_EDGE('',*,*,#4500,.F.);
#5945=ORIENTED_EDGE('',*,*,#4501,.F.);
#5946=ORIENTED_EDGE('',*,*,#4502,.F.);
#5947=ORIENTED_EDGE('',*,*,#4503,.F.);
#5948=ORIENTED_EDGE('',*,*,#4504,.F.);
#5949=ORIENTED_EDGE('',*,*,#4505,.F.);
#5950=ORIENTED_EDGE('',*,*,#4506,.F.);
#5951=ORIENTED_EDGE('',*,*,#4507,.F.);
#5952=ORIENTED_EDGE('',*,*,#4508,.F.);
#5953=ORIENTED_EDGE('',*,*,#4509,.F.);
#5954=ORIENTED_EDGE('',*,*,#4482,.T.);
#5955=ORIENTED_EDGE('',*,*,#4510,.F.);
#5956=ORIENTED_EDGE('',*,*,#4511,.F.);
#5957=ORIENTED_EDGE('',*,*,#4512,.F.);
#5958=ORIENTED_EDGE('',*,*,#4513,.F.);
#5959=ORIENTED_EDGE('',*,*,#4514,.T.);
#5960=ORIENTED_EDGE('',*,*,#4515,.T.);
#5961=ORIENTED_EDGE('',*,*,#4516,.T.);
#5962=ORIENTED_EDGE('',*,*,#4489,.T.);
#5963=ORIENTED_EDGE('',*,*,#4517,.F.);
#5964=ORIENTED_EDGE('',*,*,#4518,.T.);
#5965=ORIENTED_EDGE('',*,*,#4493,.T.);
#5966=ORIENTED_EDGE('',*,*,#4516,.F.);
#5967=ORIENTED_EDGE('',*,*,#4519,.T.);
#5968=ORIENTED_EDGE('',*,*,#4520,.F.);
#5969=ORIENTED_EDGE('',*,*,#4519,.F.);
#5970=ORIENTED_EDGE('',*,*,#4518,.F.);
#5971=ORIENTED_EDGE('',*,*,#4521,.F.);
#5972=ORIENTED_EDGE('',*,*,#4522,.F.);
#5973=ORIENTED_EDGE('',*,*,#4494,.T.);
#5974=ORIENTED_EDGE('',*,*,#4495,.T.);
#5975=ORIENTED_EDGE('',*,*,#4522,.T.);
#5976=ORIENTED_EDGE('',*,*,#4523,.F.);
#5977=ORIENTED_EDGE('',*,*,#4524,.F.);
#5978=ORIENTED_EDGE('',*,*,#4525,.F.);
#5979=ORIENTED_EDGE('',*,*,#4496,.T.);
#5980=ORIENTED_EDGE('',*,*,#4524,.T.);
#5981=ORIENTED_EDGE('',*,*,#4526,.F.);
#5982=ORIENTED_EDGE('',*,*,#4527,.F.);
#5983=ORIENTED_EDGE('',*,*,#4528,.T.);
#5984=ORIENTED_EDGE('',*,*,#4499,.T.);
#5985=ORIENTED_EDGE('',*,*,#4529,.T.);
#5986=ORIENTED_EDGE('',*,*,#4525,.T.);
#5987=ORIENTED_EDGE('',*,*,#4530,.F.);
#5988=ORIENTED_EDGE('',*,*,#4531,.F.);
#5989=ORIENTED_EDGE('',*,*,#4497,.T.);
#5990=ORIENTED_EDGE('',*,*,#4515,.F.);
#5991=ORIENTED_EDGE('',*,*,#4532,.T.);
#5992=ORIENTED_EDGE('',*,*,#4533,.F.);
#5993=ORIENTED_EDGE('',*,*,#4532,.F.);
#5994=ORIENTED_EDGE('',*,*,#4534,.F.);
#5995=ORIENTED_EDGE('',*,*,#4535,.F.);
#5996=ORIENTED_EDGE('',*,*,#4536,.F.);
#5997=ORIENTED_EDGE('',*,*,#4508,.T.);
#5998=ORIENTED_EDGE('',*,*,#4509,.T.);
#5999=ORIENTED_EDGE('',*,*,#4536,.T.);
#6000=ORIENTED_EDGE('',*,*,#4537,.F.);
#6001=ORIENTED_EDGE('',*,*,#4538,.F.);
#6002=ORIENTED_EDGE('',*,*,#4539,.F.);
#6003=ORIENTED_EDGE('',*,*,#4540,.T.);
#6004=ORIENTED_EDGE('',*,*,#4511,.T.);
#6005=ORIENTED_EDGE('',*,*,#4541,.T.);
#6006=ORIENTED_EDGE('',*,*,#4542,.T.);
#6007=ORIENTED_EDGE('',*,*,#4537,.T.);
#6008=ORIENTED_EDGE('',*,*,#4535,.T.);
#6009=ORIENTED_EDGE('',*,*,#4543,.T.);
#6010=ORIENTED_EDGE('',*,*,#4544,.T.);
#6011=ORIENTED_EDGE('',*,*,#4545,.T.);
#6012=ORIENTED_EDGE('',*,*,#4546,.T.);
#6013=ORIENTED_EDGE('',*,*,#4547,.T.);
#6014=ORIENTED_EDGE('',*,*,#4548,.T.);
#6015=ORIENTED_EDGE('',*,*,#4549,.T.);
#6016=ORIENTED_EDGE('',*,*,#4550,.T.);
#6017=ORIENTED_EDGE('',*,*,#4527,.T.);
#6018=ORIENTED_EDGE('',*,*,#4551,.T.);
#6019=ORIENTED_EDGE('',*,*,#4530,.T.);
#6020=ORIENTED_EDGE('',*,*,#4526,.T.);
#6021=ORIENTED_EDGE('',*,*,#4523,.T.);
#6022=ORIENTED_EDGE('',*,*,#4521,.T.);
#6023=ORIENTED_EDGE('',*,*,#4517,.T.);
#6024=ORIENTED_EDGE('',*,*,#4491,.T.);
#6025=ORIENTED_EDGE('',*,*,#4487,.T.);
#6026=ORIENTED_EDGE('',*,*,#4484,.T.);
#6027=ORIENTED_EDGE('',*,*,#4552,.T.);
#6028=ORIENTED_EDGE('',*,*,#4553,.T.);
#6029=ORIENTED_EDGE('',*,*,#4539,.T.);
#6030=ORIENTED_EDGE('',*,*,#4554,.T.);
#6031=ORIENTED_EDGE('',*,*,#4520,.T.);
#6032=ORIENTED_EDGE('',*,*,#4533,.T.);
#6033=ORIENTED_EDGE('',*,*,#4555,.T.);
#6034=ORIENTED_EDGE('',*,*,#4514,.F.);
#6035=ORIENTED_EDGE('',*,*,#4556,.T.);
#6036=ORIENTED_EDGE('',*,*,#4555,.F.);
#6037=ORIENTED_EDGE('',*,*,#4556,.F.);
#6038=ORIENTED_EDGE('',*,*,#4557,.F.);
#6039=ORIENTED_EDGE('',*,*,#4506,.T.);
#6040=ORIENTED_EDGE('',*,*,#4558,.T.);
#6041=ORIENTED_EDGE('',*,*,#4544,.F.);
#6042=ORIENTED_EDGE('',*,*,#4559,.F.);
#6043=ORIENTED_EDGE('',*,*,#4546,.F.);
#6044=ORIENTED_EDGE('',*,*,#4560,.F.);
#6045=ORIENTED_EDGE('',*,*,#4504,.T.);
#6046=ORIENTED_EDGE('',*,*,#4505,.T.);
#6047=ORIENTED_EDGE('',*,*,#4560,.T.);
#6048=ORIENTED_EDGE('',*,*,#4545,.F.);
#6049=ORIENTED_EDGE('',*,*,#4558,.F.);
#6050=ORIENTED_EDGE('',*,*,#4534,.T.);
#6051=ORIENTED_EDGE('',*,*,#4507,.T.);
#6052=ORIENTED_EDGE('',*,*,#4557,.T.);
#6053=ORIENTED_EDGE('',*,*,#4543,.F.);
#6054=ORIENTED_EDGE('',*,*,#4559,.T.);
#6055=ORIENTED_EDGE('',*,*,#4503,.T.);
#6056=ORIENTED_EDGE('',*,*,#4561,.T.);
#6057=ORIENTED_EDGE('',*,*,#4547,.F.);
#6058=ORIENTED_EDGE('',*,*,#4562,.F.);
#6059=ORIENTED_EDGE('',*,*,#4512,.T.);
#6060=ORIENTED_EDGE('',*,*,#4540,.F.);
#6061=ORIENTED_EDGE('',*,*,#4553,.F.);
#6062=ORIENTED_EDGE('',*,*,#4528,.F.);
#6063=ORIENTED_EDGE('',*,*,#4550,.F.);
#6064=ORIENTED_EDGE('',*,*,#4563,.F.);
#6065=ORIENTED_EDGE('',*,*,#4500,.T.);
#6066=ORIENTED_EDGE('',*,*,#4549,.F.);
#6067=ORIENTED_EDGE('',*,*,#4564,.F.);
#6068=ORIENTED_EDGE('',*,*,#4501,.T.);
#6069=ORIENTED_EDGE('',*,*,#4563,.T.);
#6070=ORIENTED_EDGE('',*,*,#4541,.F.);
#6071=ORIENTED_EDGE('',*,*,#4510,.T.);
#6072=ORIENTED_EDGE('',*,*,#4565,.F.);
#6073=ORIENTED_EDGE('',*,*,#4554,.F.);
#6074=ORIENTED_EDGE('',*,*,#4498,.T.);
#6075=ORIENTED_EDGE('',*,*,#4531,.T.);
#6076=ORIENTED_EDGE('',*,*,#4551,.F.);
#6077=ORIENTED_EDGE('',*,*,#4529,.F.);
#6078=ORIENTED_EDGE('',*,*,#4513,.T.);
#6079=ORIENTED_EDGE('',*,*,#4562,.T.);
#6080=ORIENTED_EDGE('',*,*,#4552,.F.);
#6081=ORIENTED_EDGE('',*,*,#4565,.T.);
#6082=ORIENTED_EDGE('',*,*,#4492,.T.);
#6083=ORIENTED_EDGE('',*,*,#4538,.T.);
#6084=ORIENTED_EDGE('',*,*,#4542,.F.);
#6085=ORIENTED_EDGE('',*,*,#4486,.F.);
#6086=ORIENTED_EDGE('',*,*,#4502,.T.);
#6087=ORIENTED_EDGE('',*,*,#4564,.T.);
#6088=ORIENTED_EDGE('',*,*,#4548,.F.);
#6089=ORIENTED_EDGE('',*,*,#4561,.F.);
#6090=ORIENTED_EDGE('',*,*,#4566,.T.);
#6091=ORIENTED_EDGE('',*,*,#4567,.T.);
#6092=ORIENTED_EDGE('',*,*,#4568,.F.);
#6093=ORIENTED_EDGE('',*,*,#4569,.F.);
#6094=ORIENTED_EDGE('',*,*,#4570,.T.);
#6095=ORIENTED_EDGE('',*,*,#4569,.T.);
#6096=ORIENTED_EDGE('',*,*,#4571,.F.);
#6097=ORIENTED_EDGE('',*,*,#4572,.F.);
#6098=ORIENTED_EDGE('',*,*,#4573,.T.);
#6099=ORIENTED_EDGE('',*,*,#4572,.T.);
#6100=ORIENTED_EDGE('',*,*,#4574,.F.);
#6101=ORIENTED_EDGE('',*,*,#4575,.F.);
#6102=ORIENTED_EDGE('',*,*,#4576,.T.);
#6103=ORIENTED_EDGE('',*,*,#4575,.T.);
#6104=ORIENTED_EDGE('',*,*,#4577,.F.);
#6105=ORIENTED_EDGE('',*,*,#4567,.F.);
#6106=ORIENTED_EDGE('',*,*,#4577,.T.);
#6107=ORIENTED_EDGE('',*,*,#4574,.T.);
#6108=ORIENTED_EDGE('',*,*,#4571,.T.);
#6109=ORIENTED_EDGE('',*,*,#4568,.T.);
#6110=ORIENTED_EDGE('',*,*,#4576,.F.);
#6111=ORIENTED_EDGE('',*,*,#4566,.F.);
#6112=ORIENTED_EDGE('',*,*,#4570,.F.);
#6113=ORIENTED_EDGE('',*,*,#4573,.F.);
#6114=ORIENTED_EDGE('',*,*,#4578,.T.);
#6115=ORIENTED_EDGE('',*,*,#4579,.T.);
#6116=ORIENTED_EDGE('',*,*,#4580,.F.);
#6117=ORIENTED_EDGE('',*,*,#4581,.F.);
#6118=ORIENTED_EDGE('',*,*,#4582,.T.);
#6119=ORIENTED_EDGE('',*,*,#4581,.T.);
#6120=ORIENTED_EDGE('',*,*,#4583,.F.);
#6121=ORIENTED_EDGE('',*,*,#4584,.F.);
#6122=ORIENTED_EDGE('',*,*,#4585,.T.);
#6123=ORIENTED_EDGE('',*,*,#4584,.T.);
#6124=ORIENTED_EDGE('',*,*,#4586,.F.);
#6125=ORIENTED_EDGE('',*,*,#4587,.F.);
#6126=ORIENTED_EDGE('',*,*,#4588,.T.);
#6127=ORIENTED_EDGE('',*,*,#4587,.T.);
#6128=ORIENTED_EDGE('',*,*,#4589,.F.);
#6129=ORIENTED_EDGE('',*,*,#4579,.F.);
#6130=ORIENTED_EDGE('',*,*,#4589,.T.);
#6131=ORIENTED_EDGE('',*,*,#4586,.T.);
#6132=ORIENTED_EDGE('',*,*,#4583,.T.);
#6133=ORIENTED_EDGE('',*,*,#4580,.T.);
#6134=ORIENTED_EDGE('',*,*,#4588,.F.);
#6135=ORIENTED_EDGE('',*,*,#4578,.F.);
#6136=ORIENTED_EDGE('',*,*,#4582,.F.);
#6137=ORIENTED_EDGE('',*,*,#4585,.F.);
#6138=ORIENTED_EDGE('',*,*,#4590,.T.);
#6139=ORIENTED_EDGE('',*,*,#4591,.T.);
#6140=ORIENTED_EDGE('',*,*,#4592,.F.);
#6141=ORIENTED_EDGE('',*,*,#4593,.F.);
#6142=ORIENTED_EDGE('',*,*,#4594,.T.);
#6143=ORIENTED_EDGE('',*,*,#4593,.T.);
#6144=ORIENTED_EDGE('',*,*,#4595,.F.);
#6145=ORIENTED_EDGE('',*,*,#4596,.F.);
#6146=ORIENTED_EDGE('',*,*,#4597,.T.);
#6147=ORIENTED_EDGE('',*,*,#4596,.T.);
#6148=ORIENTED_EDGE('',*,*,#4598,.F.);
#6149=ORIENTED_EDGE('',*,*,#4599,.F.);
#6150=ORIENTED_EDGE('',*,*,#4600,.T.);
#6151=ORIENTED_EDGE('',*,*,#4599,.T.);
#6152=ORIENTED_EDGE('',*,*,#4601,.F.);
#6153=ORIENTED_EDGE('',*,*,#4591,.F.);
#6154=ORIENTED_EDGE('',*,*,#4601,.T.);
#6155=ORIENTED_EDGE('',*,*,#4598,.T.);
#6156=ORIENTED_EDGE('',*,*,#4595,.T.);
#6157=ORIENTED_EDGE('',*,*,#4592,.T.);
#6158=ORIENTED_EDGE('',*,*,#4600,.F.);
#6159=ORIENTED_EDGE('',*,*,#4590,.F.);
#6160=ORIENTED_EDGE('',*,*,#4594,.F.);
#6161=ORIENTED_EDGE('',*,*,#4597,.F.);
#6162=ORIENTED_EDGE('',*,*,#4602,.F.);
#6163=ORIENTED_EDGE('',*,*,#4603,.F.);
#6164=ORIENTED_EDGE('',*,*,#4604,.F.);
#6165=ORIENTED_EDGE('',*,*,#4605,.T.);
#6166=ORIENTED_EDGE('',*,*,#4606,.F.);
#6167=ORIENTED_EDGE('',*,*,#4605,.F.);
#6168=ORIENTED_EDGE('',*,*,#4607,.F.);
#6169=ORIENTED_EDGE('',*,*,#4608,.T.);
#6170=ORIENTED_EDGE('',*,*,#4609,.F.);
#6171=ORIENTED_EDGE('',*,*,#4608,.F.);
#6172=ORIENTED_EDGE('',*,*,#4610,.F.);
#6173=ORIENTED_EDGE('',*,*,#4611,.T.);
#6174=ORIENTED_EDGE('',*,*,#4612,.F.);
#6175=ORIENTED_EDGE('',*,*,#4611,.F.);
#6176=ORIENTED_EDGE('',*,*,#4613,.F.);
#6177=ORIENTED_EDGE('',*,*,#4603,.T.);
#6178=ORIENTED_EDGE('',*,*,#4607,.T.);
#6179=ORIENTED_EDGE('',*,*,#4604,.T.);
#6180=ORIENTED_EDGE('',*,*,#4613,.T.);
#6181=ORIENTED_EDGE('',*,*,#4610,.T.);
#6182=ORIENTED_EDGE('',*,*,#4614,.T.);
#6183=ORIENTED_EDGE('',*,*,#4615,.T.);
#6184=ORIENTED_EDGE('',*,*,#4616,.F.);
#6185=ORIENTED_EDGE('',*,*,#4617,.F.);
#6186=ORIENTED_EDGE('',*,*,#4618,.T.);
#6187=ORIENTED_EDGE('',*,*,#4617,.T.);
#6188=ORIENTED_EDGE('',*,*,#4619,.F.);
#6189=ORIENTED_EDGE('',*,*,#4620,.F.);
#6190=ORIENTED_EDGE('',*,*,#4621,.T.);
#6191=ORIENTED_EDGE('',*,*,#4620,.T.);
#6192=ORIENTED_EDGE('',*,*,#4622,.F.);
#6193=ORIENTED_EDGE('',*,*,#4623,.F.);
#6194=ORIENTED_EDGE('',*,*,#4624,.T.);
#6195=ORIENTED_EDGE('',*,*,#4623,.T.);
#6196=ORIENTED_EDGE('',*,*,#4625,.F.);
#6197=ORIENTED_EDGE('',*,*,#4615,.F.);
#6198=ORIENTED_EDGE('',*,*,#4625,.T.);
#6199=ORIENTED_EDGE('',*,*,#4622,.T.);
#6200=ORIENTED_EDGE('',*,*,#4619,.T.);
#6201=ORIENTED_EDGE('',*,*,#4616,.T.);
#6202=ORIENTED_EDGE('',*,*,#4609,.T.);
#6203=ORIENTED_EDGE('',*,*,#4612,.T.);
#6204=ORIENTED_EDGE('',*,*,#4602,.T.);
#6205=ORIENTED_EDGE('',*,*,#4606,.T.);
#6206=ORIENTED_EDGE('',*,*,#4624,.F.);
#6207=ORIENTED_EDGE('',*,*,#4614,.F.);
#6208=ORIENTED_EDGE('',*,*,#4618,.F.);
#6209=ORIENTED_EDGE('',*,*,#4621,.F.);
#6210=ORIENTED_EDGE('',*,*,#4626,.F.);
#6211=ORIENTED_EDGE('',*,*,#4627,.T.);
#6212=ORIENTED_EDGE('',*,*,#4628,.T.);
#6213=ORIENTED_EDGE('',*,*,#4627,.F.);
#6214=ORIENTED_EDGE('',*,*,#4626,.T.);
#6215=ORIENTED_EDGE('',*,*,#4628,.F.);
#6216=ORIENTED_EDGE('',*,*,#4629,.F.);
#6217=ORIENTED_EDGE('',*,*,#4630,.T.);
#6218=ORIENTED_EDGE('',*,*,#4631,.T.);
#6219=ORIENTED_EDGE('',*,*,#4630,.F.);
#6220=ORIENTED_EDGE('',*,*,#4629,.T.);
#6221=ORIENTED_EDGE('',*,*,#4631,.F.);
#6222=ORIENTED_EDGE('',*,*,#4632,.T.);
#6223=ORIENTED_EDGE('',*,*,#4633,.T.);
#6224=ORIENTED_EDGE('',*,*,#4634,.F.);
#6225=ORIENTED_EDGE('',*,*,#4635,.F.);
#6226=ORIENTED_EDGE('',*,*,#4636,.T.);
#6227=ORIENTED_EDGE('',*,*,#4635,.T.);
#6228=ORIENTED_EDGE('',*,*,#4637,.F.);
#6229=ORIENTED_EDGE('',*,*,#4638,.F.);
#6230=ORIENTED_EDGE('',*,*,#4639,.T.);
#6231=ORIENTED_EDGE('',*,*,#4638,.T.);
#6232=ORIENTED_EDGE('',*,*,#4640,.F.);
#6233=ORIENTED_EDGE('',*,*,#4641,.F.);
#6234=ORIENTED_EDGE('',*,*,#4642,.T.);
#6235=ORIENTED_EDGE('',*,*,#4641,.T.);
#6236=ORIENTED_EDGE('',*,*,#4643,.F.);
#6237=ORIENTED_EDGE('',*,*,#4633,.F.);
#6238=ORIENTED_EDGE('',*,*,#4643,.T.);
#6239=ORIENTED_EDGE('',*,*,#4640,.T.);
#6240=ORIENTED_EDGE('',*,*,#4637,.T.);
#6241=ORIENTED_EDGE('',*,*,#4634,.T.);
#6242=ORIENTED_EDGE('',*,*,#4642,.F.);
#6243=ORIENTED_EDGE('',*,*,#4632,.F.);
#6244=ORIENTED_EDGE('',*,*,#4636,.F.);
#6245=ORIENTED_EDGE('',*,*,#4639,.F.);
#6246=ORIENTED_EDGE('',*,*,#4644,.T.);
#6247=ORIENTED_EDGE('',*,*,#4645,.T.);
#6248=ORIENTED_EDGE('',*,*,#4646,.F.);
#6249=ORIENTED_EDGE('',*,*,#4647,.F.);
#6250=ORIENTED_EDGE('',*,*,#4648,.T.);
#6251=ORIENTED_EDGE('',*,*,#4649,.F.);
#6252=ORIENTED_EDGE('',*,*,#4650,.F.);
#6253=ORIENTED_EDGE('',*,*,#4651,.F.);
#6254=ORIENTED_EDGE('',*,*,#4652,.T.);
#6255=ORIENTED_EDGE('',*,*,#4651,.T.);
#6256=ORIENTED_EDGE('',*,*,#4653,.F.);
#6257=ORIENTED_EDGE('',*,*,#4645,.F.);
#6258=ORIENTED_EDGE('',*,*,#4653,.T.);
#6259=ORIENTED_EDGE('',*,*,#4650,.T.);
#6260=ORIENTED_EDGE('',*,*,#4654,.F.);
#6261=ORIENTED_EDGE('',*,*,#4646,.T.);
#6262=ORIENTED_EDGE('',*,*,#4652,.F.);
#6263=ORIENTED_EDGE('',*,*,#4644,.F.);
#6264=ORIENTED_EDGE('',*,*,#4655,.F.);
#6265=ORIENTED_EDGE('',*,*,#4648,.F.);
#6266=ORIENTED_EDGE('',*,*,#4656,.T.);
#6267=ORIENTED_EDGE('',*,*,#4657,.T.);
#6268=ORIENTED_EDGE('',*,*,#4658,.F.);
#6269=ORIENTED_EDGE('',*,*,#4659,.F.);
#6270=ORIENTED_EDGE('',*,*,#4660,.T.);
#6271=ORIENTED_EDGE('',*,*,#4661,.F.);
#6272=ORIENTED_EDGE('',*,*,#4662,.F.);
#6273=ORIENTED_EDGE('',*,*,#4663,.F.);
#6274=ORIENTED_EDGE('',*,*,#4664,.T.);
#6275=ORIENTED_EDGE('',*,*,#4663,.T.);
#6276=ORIENTED_EDGE('',*,*,#4665,.F.);
#6277=ORIENTED_EDGE('',*,*,#4657,.F.);
#6278=ORIENTED_EDGE('',*,*,#4665,.T.);
#6279=ORIENTED_EDGE('',*,*,#4662,.T.);
#6280=ORIENTED_EDGE('',*,*,#4666,.F.);
#6281=ORIENTED_EDGE('',*,*,#4658,.T.);
#6282=ORIENTED_EDGE('',*,*,#4664,.F.);
#6283=ORIENTED_EDGE('',*,*,#4656,.F.);
#6284=ORIENTED_EDGE('',*,*,#4667,.F.);
#6285=ORIENTED_EDGE('',*,*,#4660,.F.);
#6286=ORIENTED_EDGE('',*,*,#4668,.T.);
#6287=ORIENTED_EDGE('',*,*,#4669,.T.);
#6288=ORIENTED_EDGE('',*,*,#4670,.T.);
#6289=ORIENTED_EDGE('',*,*,#4671,.T.);
#6290=ORIENTED_EDGE('',*,*,#4672,.F.);
#6291=ORIENTED_EDGE('',*,*,#4673,.F.);
#6292=ORIENTED_EDGE('',*,*,#4674,.F.);
#6293=ORIENTED_EDGE('',*,*,#4675,.F.);
#6294=ORIENTED_EDGE('',*,*,#4676,.T.);
#6295=ORIENTED_EDGE('',*,*,#4677,.T.);
#6296=ORIENTED_EDGE('',*,*,#4671,.F.);
#6297=ORIENTED_EDGE('',*,*,#4678,.F.);
#6298=ORIENTED_EDGE('',*,*,#4679,.T.);
#6299=ORIENTED_EDGE('',*,*,#4678,.T.);
#6300=ORIENTED_EDGE('',*,*,#4670,.F.);
#6301=ORIENTED_EDGE('',*,*,#4680,.F.);
#6302=ORIENTED_EDGE('',*,*,#4681,.T.);
#6303=ORIENTED_EDGE('',*,*,#4680,.T.);
#6304=ORIENTED_EDGE('',*,*,#4669,.F.);
#6305=ORIENTED_EDGE('',*,*,#4682,.F.);
#6306=ORIENTED_EDGE('',*,*,#4683,.T.);
#6307=ORIENTED_EDGE('',*,*,#4682,.T.);
#6308=ORIENTED_EDGE('',*,*,#4668,.F.);
#6309=ORIENTED_EDGE('',*,*,#4677,.F.);
#6310=ORIENTED_EDGE('',*,*,#4683,.F.);
#6311=ORIENTED_EDGE('',*,*,#4676,.F.);
#6312=ORIENTED_EDGE('',*,*,#4679,.F.);
#6313=ORIENTED_EDGE('',*,*,#4681,.F.);
#6314=ORIENTED_EDGE('',*,*,#4649,.T.);
#6315=ORIENTED_EDGE('',*,*,#4655,.T.);
#6316=ORIENTED_EDGE('',*,*,#4647,.T.);
#6317=ORIENTED_EDGE('',*,*,#4654,.T.);
#6318=ORIENTED_EDGE('',*,*,#4661,.T.);
#6319=ORIENTED_EDGE('',*,*,#4667,.T.);
#6320=ORIENTED_EDGE('',*,*,#4659,.T.);
#6321=ORIENTED_EDGE('',*,*,#4666,.T.);
#6322=ORIENTED_EDGE('',*,*,#4684,.T.);
#6323=ORIENTED_EDGE('',*,*,#4685,.T.);
#6324=ORIENTED_EDGE('',*,*,#4686,.T.);
#6325=ORIENTED_EDGE('',*,*,#4687,.T.);
#6326=ORIENTED_EDGE('',*,*,#4688,.F.);
#6327=ORIENTED_EDGE('',*,*,#4689,.F.);
#6328=ORIENTED_EDGE('',*,*,#4686,.F.);
#6329=ORIENTED_EDGE('',*,*,#4690,.T.);
#6330=ORIENTED_EDGE('',*,*,#4691,.F.);
#6331=ORIENTED_EDGE('',*,*,#4690,.F.);
#6332=ORIENTED_EDGE('',*,*,#4685,.F.);
#6333=ORIENTED_EDGE('',*,*,#4692,.T.);
#6334=ORIENTED_EDGE('',*,*,#4693,.F.);
#6335=ORIENTED_EDGE('',*,*,#4692,.F.);
#6336=ORIENTED_EDGE('',*,*,#4684,.F.);
#6337=ORIENTED_EDGE('',*,*,#4694,.T.);
#6338=ORIENTED_EDGE('',*,*,#4695,.F.);
#6339=ORIENTED_EDGE('',*,*,#4694,.F.);
#6340=ORIENTED_EDGE('',*,*,#4687,.F.);
#6341=ORIENTED_EDGE('',*,*,#4689,.T.);
#6342=ORIENTED_EDGE('',*,*,#4672,.T.);
#6343=ORIENTED_EDGE('',*,*,#4696,.T.);
#6344=ORIENTED_EDGE('',*,*,#4697,.F.);
#6345=ORIENTED_EDGE('',*,*,#4698,.F.);
#6346=ORIENTED_EDGE('',*,*,#4673,.T.);
#6347=ORIENTED_EDGE('',*,*,#4698,.T.);
#6348=ORIENTED_EDGE('',*,*,#4699,.F.);
#6349=ORIENTED_EDGE('',*,*,#4700,.F.);
#6350=ORIENTED_EDGE('',*,*,#4674,.T.);
#6351=ORIENTED_EDGE('',*,*,#4700,.T.);
#6352=ORIENTED_EDGE('',*,*,#4701,.F.);
#6353=ORIENTED_EDGE('',*,*,#4702,.F.);
#6354=ORIENTED_EDGE('',*,*,#4675,.T.);
#6355=ORIENTED_EDGE('',*,*,#4702,.T.);
#6356=ORIENTED_EDGE('',*,*,#4703,.F.);
#6357=ORIENTED_EDGE('',*,*,#4696,.F.);
#6358=ORIENTED_EDGE('',*,*,#4703,.T.);
#6359=ORIENTED_EDGE('',*,*,#4701,.T.);
#6360=ORIENTED_EDGE('',*,*,#4699,.T.);
#6361=ORIENTED_EDGE('',*,*,#4697,.T.);
#6362=ORIENTED_EDGE('',*,*,#4693,.T.);
#6363=ORIENTED_EDGE('',*,*,#4695,.T.);
#6364=ORIENTED_EDGE('',*,*,#4688,.T.);
#6365=ORIENTED_EDGE('',*,*,#4691,.T.);
#6366=ORIENTED_EDGE('',*,*,#4704,.F.);
#6367=ORIENTED_EDGE('',*,*,#4705,.F.);
#6368=ORIENTED_EDGE('',*,*,#4706,.F.);
#6369=ORIENTED_EDGE('',*,*,#4707,.F.);
#6370=ORIENTED_EDGE('',*,*,#4708,.F.);
#6371=ORIENTED_EDGE('',*,*,#4709,.F.);
#6372=ORIENTED_EDGE('',*,*,#4710,.F.);
#6373=ORIENTED_EDGE('',*,*,#4711,.T.);
#6374=ORIENTED_EDGE('',*,*,#4712,.F.);
#6375=ORIENTED_EDGE('',*,*,#4711,.F.);
#6376=ORIENTED_EDGE('',*,*,#4713,.F.);
#6377=ORIENTED_EDGE('',*,*,#4705,.T.);
#6378=ORIENTED_EDGE('',*,*,#4706,.T.);
#6379=ORIENTED_EDGE('',*,*,#4713,.T.);
#6380=ORIENTED_EDGE('',*,*,#4710,.T.);
#6381=ORIENTED_EDGE('',*,*,#4714,.F.);
#6382=ORIENTED_EDGE('',*,*,#4715,.F.);
#6383=ORIENTED_EDGE('',*,*,#4716,.F.);
#6384=ORIENTED_EDGE('',*,*,#4717,.F.);
#6385=ORIENTED_EDGE('',*,*,#4718,.F.);
#6386=ORIENTED_EDGE('',*,*,#4709,.T.);
#6387=ORIENTED_EDGE('',*,*,#4719,.F.);
#6388=ORIENTED_EDGE('',*,*,#4720,.F.);
#6389=ORIENTED_EDGE('',*,*,#4714,.T.);
#6390=ORIENTED_EDGE('',*,*,#4707,.T.);
#6391=ORIENTED_EDGE('',*,*,#4718,.T.);
#6392=ORIENTED_EDGE('',*,*,#4721,.T.);
#6393=ORIENTED_EDGE('',*,*,#4722,.F.);
#6394=ORIENTED_EDGE('',*,*,#4717,.T.);
#6395=ORIENTED_EDGE('',*,*,#4723,.T.);
#6396=ORIENTED_EDGE('',*,*,#4724,.F.);
#6397=ORIENTED_EDGE('',*,*,#4721,.F.);
#6398=ORIENTED_EDGE('',*,*,#4715,.T.);
#6399=ORIENTED_EDGE('',*,*,#4720,.T.);
#6400=ORIENTED_EDGE('',*,*,#4725,.F.);
#6401=ORIENTED_EDGE('',*,*,#4726,.F.);
#6402=ORIENTED_EDGE('',*,*,#4716,.T.);
#6403=ORIENTED_EDGE('',*,*,#4726,.T.);
#6404=ORIENTED_EDGE('',*,*,#4727,.F.);
#6405=ORIENTED_EDGE('',*,*,#4723,.F.);
#6406=ORIENTED_EDGE('',*,*,#4704,.T.);
#6407=ORIENTED_EDGE('',*,*,#4722,.T.);
#6408=ORIENTED_EDGE('',*,*,#4724,.T.);
#6409=ORIENTED_EDGE('',*,*,#4727,.T.);
#6410=ORIENTED_EDGE('',*,*,#4725,.T.);
#6411=ORIENTED_EDGE('',*,*,#4719,.T.);
#6412=ORIENTED_EDGE('',*,*,#4708,.T.);
#6413=ORIENTED_EDGE('',*,*,#4712,.T.);
#6414=ORIENTED_EDGE('',*,*,#4728,.T.);
#6415=ORIENTED_EDGE('',*,*,#4729,.T.);
#6416=ORIENTED_EDGE('',*,*,#4730,.F.);
#6417=ORIENTED_EDGE('',*,*,#4731,.F.);
#6418=ORIENTED_EDGE('',*,*,#4732,.T.);
#6419=ORIENTED_EDGE('',*,*,#4731,.T.);
#6420=ORIENTED_EDGE('',*,*,#4733,.F.);
#6421=ORIENTED_EDGE('',*,*,#4734,.F.);
#6422=ORIENTED_EDGE('',*,*,#4735,.T.);
#6423=ORIENTED_EDGE('',*,*,#4734,.T.);
#6424=ORIENTED_EDGE('',*,*,#4736,.F.);
#6425=ORIENTED_EDGE('',*,*,#4737,.F.);
#6426=ORIENTED_EDGE('',*,*,#4738,.T.);
#6427=ORIENTED_EDGE('',*,*,#4737,.T.);
#6428=ORIENTED_EDGE('',*,*,#4739,.F.);
#6429=ORIENTED_EDGE('',*,*,#4729,.F.);
#6430=ORIENTED_EDGE('',*,*,#4739,.T.);
#6431=ORIENTED_EDGE('',*,*,#4736,.T.);
#6432=ORIENTED_EDGE('',*,*,#4733,.T.);
#6433=ORIENTED_EDGE('',*,*,#4730,.T.);
#6434=ORIENTED_EDGE('',*,*,#4738,.F.);
#6435=ORIENTED_EDGE('',*,*,#4728,.F.);
#6436=ORIENTED_EDGE('',*,*,#4732,.F.);
#6437=ORIENTED_EDGE('',*,*,#4735,.F.);
#6438=ORIENTED_EDGE('',*,*,#4740,.F.);
#6439=ORIENTED_EDGE('',*,*,#4741,.T.);
#6440=ORIENTED_EDGE('',*,*,#4742,.T.);
#6441=ORIENTED_EDGE('',*,*,#4741,.F.);
#6442=ORIENTED_EDGE('',*,*,#4740,.T.);
#6443=ORIENTED_EDGE('',*,*,#4742,.F.);
#6444=ORIENTED_EDGE('',*,*,#4743,.F.);
#6445=ORIENTED_EDGE('',*,*,#4744,.T.);
#6446=ORIENTED_EDGE('',*,*,#4745,.T.);
#6447=ORIENTED_EDGE('',*,*,#4744,.F.);
#6448=ORIENTED_EDGE('',*,*,#4743,.T.);
#6449=ORIENTED_EDGE('',*,*,#4745,.F.);
#6450=ORIENTED_EDGE('',*,*,#4746,.T.);
#6451=ORIENTED_EDGE('',*,*,#4747,.T.);
#6452=ORIENTED_EDGE('',*,*,#4748,.F.);
#6453=ORIENTED_EDGE('',*,*,#4749,.F.);
#6454=ORIENTED_EDGE('',*,*,#4750,.T.);
#6455=ORIENTED_EDGE('',*,*,#4749,.T.);
#6456=ORIENTED_EDGE('',*,*,#4751,.F.);
#6457=ORIENTED_EDGE('',*,*,#4752,.F.);
#6458=ORIENTED_EDGE('',*,*,#4753,.T.);
#6459=ORIENTED_EDGE('',*,*,#4752,.T.);
#6460=ORIENTED_EDGE('',*,*,#4754,.F.);
#6461=ORIENTED_EDGE('',*,*,#4755,.F.);
#6462=ORIENTED_EDGE('',*,*,#4756,.T.);
#6463=ORIENTED_EDGE('',*,*,#4755,.T.);
#6464=ORIENTED_EDGE('',*,*,#4757,.F.);
#6465=ORIENTED_EDGE('',*,*,#4747,.F.);
#6466=ORIENTED_EDGE('',*,*,#4757,.T.);
#6467=ORIENTED_EDGE('',*,*,#4754,.T.);
#6468=ORIENTED_EDGE('',*,*,#4751,.T.);
#6469=ORIENTED_EDGE('',*,*,#4748,.T.);
#6470=ORIENTED_EDGE('',*,*,#4756,.F.);
#6471=ORIENTED_EDGE('',*,*,#4746,.F.);
#6472=ORIENTED_EDGE('',*,*,#4750,.F.);
#6473=ORIENTED_EDGE('',*,*,#4753,.F.);
#6474=ORIENTED_EDGE('',*,*,#4758,.T.);
#6475=ORIENTED_EDGE('',*,*,#4759,.T.);
#6476=ORIENTED_EDGE('',*,*,#4760,.F.);
#6477=ORIENTED_EDGE('',*,*,#4761,.F.);
#6478=ORIENTED_EDGE('',*,*,#4762,.T.);
#6479=ORIENTED_EDGE('',*,*,#4761,.T.);
#6480=ORIENTED_EDGE('',*,*,#4763,.F.);
#6481=ORIENTED_EDGE('',*,*,#4764,.F.);
#6482=ORIENTED_EDGE('',*,*,#4765,.T.);
#6483=ORIENTED_EDGE('',*,*,#4764,.T.);
#6484=ORIENTED_EDGE('',*,*,#4766,.F.);
#6485=ORIENTED_EDGE('',*,*,#4767,.F.);
#6486=ORIENTED_EDGE('',*,*,#4768,.T.);
#6487=ORIENTED_EDGE('',*,*,#4767,.T.);
#6488=ORIENTED_EDGE('',*,*,#4769,.F.);
#6489=ORIENTED_EDGE('',*,*,#4759,.F.);
#6490=ORIENTED_EDGE('',*,*,#4769,.T.);
#6491=ORIENTED_EDGE('',*,*,#4766,.T.);
#6492=ORIENTED_EDGE('',*,*,#4763,.T.);
#6493=ORIENTED_EDGE('',*,*,#4760,.T.);
#6494=ORIENTED_EDGE('',*,*,#4768,.F.);
#6495=ORIENTED_EDGE('',*,*,#4758,.F.);
#6496=ORIENTED_EDGE('',*,*,#4762,.F.);
#6497=ORIENTED_EDGE('',*,*,#4765,.F.);
#6498=ORIENTED_EDGE('',*,*,#4770,.T.);
#6499=ORIENTED_EDGE('',*,*,#4771,.T.);
#6500=ORIENTED_EDGE('',*,*,#4772,.F.);
#6501=ORIENTED_EDGE('',*,*,#4773,.F.);
#6502=ORIENTED_EDGE('',*,*,#4774,.T.);
#6503=ORIENTED_EDGE('',*,*,#4773,.T.);
#6504=ORIENTED_EDGE('',*,*,#4775,.F.);
#6505=ORIENTED_EDGE('',*,*,#4776,.F.);
#6506=ORIENTED_EDGE('',*,*,#4777,.T.);
#6507=ORIENTED_EDGE('',*,*,#4776,.T.);
#6508=ORIENTED_EDGE('',*,*,#4778,.F.);
#6509=ORIENTED_EDGE('',*,*,#4779,.F.);
#6510=ORIENTED_EDGE('',*,*,#4780,.T.);
#6511=ORIENTED_EDGE('',*,*,#4779,.T.);
#6512=ORIENTED_EDGE('',*,*,#4781,.F.);
#6513=ORIENTED_EDGE('',*,*,#4771,.F.);
#6514=ORIENTED_EDGE('',*,*,#4781,.T.);
#6515=ORIENTED_EDGE('',*,*,#4778,.T.);
#6516=ORIENTED_EDGE('',*,*,#4775,.T.);
#6517=ORIENTED_EDGE('',*,*,#4772,.T.);
#6518=ORIENTED_EDGE('',*,*,#4780,.F.);
#6519=ORIENTED_EDGE('',*,*,#4770,.F.);
#6520=ORIENTED_EDGE('',*,*,#4774,.F.);
#6521=ORIENTED_EDGE('',*,*,#4777,.F.);
#6522=ORIENTED_EDGE('',*,*,#4782,.F.);
#6523=ORIENTED_EDGE('',*,*,#4783,.T.);
#6524=ORIENTED_EDGE('',*,*,#4784,.T.);
#6525=ORIENTED_EDGE('',*,*,#4783,.F.);
#6526=ORIENTED_EDGE('',*,*,#4782,.T.);
#6527=ORIENTED_EDGE('',*,*,#4784,.F.);
#6528=ORIENTED_EDGE('',*,*,#4785,.F.);
#6529=ORIENTED_EDGE('',*,*,#4786,.T.);
#6530=ORIENTED_EDGE('',*,*,#4787,.T.);
#6531=ORIENTED_EDGE('',*,*,#4786,.F.);
#6532=ORIENTED_EDGE('',*,*,#4785,.T.);
#6533=ORIENTED_EDGE('',*,*,#4787,.F.);
#6534=ORIENTED_EDGE('',*,*,#4788,.T.);
#6535=ORIENTED_EDGE('',*,*,#4789,.T.);
#6536=ORIENTED_EDGE('',*,*,#4790,.F.);
#6537=ORIENTED_EDGE('',*,*,#4791,.F.);
#6538=ORIENTED_EDGE('',*,*,#4792,.T.);
#6539=ORIENTED_EDGE('',*,*,#4791,.T.);
#6540=ORIENTED_EDGE('',*,*,#4793,.F.);
#6541=ORIENTED_EDGE('',*,*,#4794,.F.);
#6542=ORIENTED_EDGE('',*,*,#4795,.T.);
#6543=ORIENTED_EDGE('',*,*,#4794,.T.);
#6544=ORIENTED_EDGE('',*,*,#4796,.F.);
#6545=ORIENTED_EDGE('',*,*,#4797,.F.);
#6546=ORIENTED_EDGE('',*,*,#4798,.T.);
#6547=ORIENTED_EDGE('',*,*,#4797,.T.);
#6548=ORIENTED_EDGE('',*,*,#4799,.F.);
#6549=ORIENTED_EDGE('',*,*,#4789,.F.);
#6550=ORIENTED_EDGE('',*,*,#4799,.T.);
#6551=ORIENTED_EDGE('',*,*,#4796,.T.);
#6552=ORIENTED_EDGE('',*,*,#4793,.T.);
#6553=ORIENTED_EDGE('',*,*,#4790,.T.);
#6554=ORIENTED_EDGE('',*,*,#4798,.F.);
#6555=ORIENTED_EDGE('',*,*,#4788,.F.);
#6556=ORIENTED_EDGE('',*,*,#4792,.F.);
#6557=ORIENTED_EDGE('',*,*,#4795,.F.);
#6558=ORIENTED_EDGE('',*,*,#4800,.T.);
#6559=ORIENTED_EDGE('',*,*,#4801,.T.);
#6560=ORIENTED_EDGE('',*,*,#4802,.F.);
#6561=ORIENTED_EDGE('',*,*,#4803,.F.);
#6562=ORIENTED_EDGE('',*,*,#4804,.T.);
#6563=ORIENTED_EDGE('',*,*,#4803,.T.);
#6564=ORIENTED_EDGE('',*,*,#4805,.F.);
#6565=ORIENTED_EDGE('',*,*,#4806,.F.);
#6566=ORIENTED_EDGE('',*,*,#4807,.T.);
#6567=ORIENTED_EDGE('',*,*,#4806,.T.);
#6568=ORIENTED_EDGE('',*,*,#4808,.F.);
#6569=ORIENTED_EDGE('',*,*,#4809,.F.);
#6570=ORIENTED_EDGE('',*,*,#4810,.T.);
#6571=ORIENTED_EDGE('',*,*,#4809,.T.);
#6572=ORIENTED_EDGE('',*,*,#4811,.F.);
#6573=ORIENTED_EDGE('',*,*,#4801,.F.);
#6574=ORIENTED_EDGE('',*,*,#4811,.T.);
#6575=ORIENTED_EDGE('',*,*,#4808,.T.);
#6576=ORIENTED_EDGE('',*,*,#4805,.T.);
#6577=ORIENTED_EDGE('',*,*,#4802,.T.);
#6578=ORIENTED_EDGE('',*,*,#4810,.F.);
#6579=ORIENTED_EDGE('',*,*,#4800,.F.);
#6580=ORIENTED_EDGE('',*,*,#4804,.F.);
#6581=ORIENTED_EDGE('',*,*,#4807,.F.);
#6582=ORIENTED_EDGE('',*,*,#4812,.T.);
#6583=ORIENTED_EDGE('',*,*,#4813,.T.);
#6584=ORIENTED_EDGE('',*,*,#4814,.F.);
#6585=ORIENTED_EDGE('',*,*,#4815,.F.);
#6586=ORIENTED_EDGE('',*,*,#4816,.T.);
#6587=ORIENTED_EDGE('',*,*,#4815,.T.);
#6588=ORIENTED_EDGE('',*,*,#4817,.F.);
#6589=ORIENTED_EDGE('',*,*,#4818,.F.);
#6590=ORIENTED_EDGE('',*,*,#4819,.T.);
#6591=ORIENTED_EDGE('',*,*,#4818,.T.);
#6592=ORIENTED_EDGE('',*,*,#4820,.F.);
#6593=ORIENTED_EDGE('',*,*,#4821,.F.);
#6594=ORIENTED_EDGE('',*,*,#4822,.T.);
#6595=ORIENTED_EDGE('',*,*,#4821,.T.);
#6596=ORIENTED_EDGE('',*,*,#4823,.F.);
#6597=ORIENTED_EDGE('',*,*,#4813,.F.);
#6598=ORIENTED_EDGE('',*,*,#4823,.T.);
#6599=ORIENTED_EDGE('',*,*,#4820,.T.);
#6600=ORIENTED_EDGE('',*,*,#4817,.T.);
#6601=ORIENTED_EDGE('',*,*,#4814,.T.);
#6602=ORIENTED_EDGE('',*,*,#4822,.F.);
#6603=ORIENTED_EDGE('',*,*,#4812,.F.);
#6604=ORIENTED_EDGE('',*,*,#4816,.F.);
#6605=ORIENTED_EDGE('',*,*,#4819,.F.);
#6606=ORIENTED_EDGE('',*,*,#4824,.T.);
#6607=ORIENTED_EDGE('',*,*,#4825,.T.);
#6608=ORIENTED_EDGE('',*,*,#4826,.F.);
#6609=ORIENTED_EDGE('',*,*,#4827,.F.);
#6610=ORIENTED_EDGE('',*,*,#4828,.T.);
#6611=ORIENTED_EDGE('',*,*,#4827,.T.);
#6612=ORIENTED_EDGE('',*,*,#4829,.F.);
#6613=ORIENTED_EDGE('',*,*,#4830,.F.);
#6614=ORIENTED_EDGE('',*,*,#4831,.T.);
#6615=ORIENTED_EDGE('',*,*,#4830,.T.);
#6616=ORIENTED_EDGE('',*,*,#4832,.F.);
#6617=ORIENTED_EDGE('',*,*,#4833,.F.);
#6618=ORIENTED_EDGE('',*,*,#4834,.T.);
#6619=ORIENTED_EDGE('',*,*,#4833,.T.);
#6620=ORIENTED_EDGE('',*,*,#4835,.F.);
#6621=ORIENTED_EDGE('',*,*,#4825,.F.);
#6622=ORIENTED_EDGE('',*,*,#4835,.T.);
#6623=ORIENTED_EDGE('',*,*,#4832,.T.);
#6624=ORIENTED_EDGE('',*,*,#4829,.T.);
#6625=ORIENTED_EDGE('',*,*,#4826,.T.);
#6626=ORIENTED_EDGE('',*,*,#4834,.F.);
#6627=ORIENTED_EDGE('',*,*,#4824,.F.);
#6628=ORIENTED_EDGE('',*,*,#4828,.F.);
#6629=ORIENTED_EDGE('',*,*,#4831,.F.);
#6630=ORIENTED_EDGE('',*,*,#4836,.T.);
#6631=ORIENTED_EDGE('',*,*,#4837,.T.);
#6632=ORIENTED_EDGE('',*,*,#4838,.F.);
#6633=ORIENTED_EDGE('',*,*,#4839,.F.);
#6634=ORIENTED_EDGE('',*,*,#4840,.T.);
#6635=ORIENTED_EDGE('',*,*,#4839,.T.);
#6636=ORIENTED_EDGE('',*,*,#4841,.F.);
#6637=ORIENTED_EDGE('',*,*,#4842,.F.);
#6638=ORIENTED_EDGE('',*,*,#4843,.T.);
#6639=ORIENTED_EDGE('',*,*,#4842,.T.);
#6640=ORIENTED_EDGE('',*,*,#4844,.F.);
#6641=ORIENTED_EDGE('',*,*,#4845,.F.);
#6642=ORIENTED_EDGE('',*,*,#4846,.T.);
#6643=ORIENTED_EDGE('',*,*,#4845,.T.);
#6644=ORIENTED_EDGE('',*,*,#4847,.F.);
#6645=ORIENTED_EDGE('',*,*,#4837,.F.);
#6646=ORIENTED_EDGE('',*,*,#4847,.T.);
#6647=ORIENTED_EDGE('',*,*,#4844,.T.);
#6648=ORIENTED_EDGE('',*,*,#4841,.T.);
#6649=ORIENTED_EDGE('',*,*,#4838,.T.);
#6650=ORIENTED_EDGE('',*,*,#4846,.F.);
#6651=ORIENTED_EDGE('',*,*,#4836,.F.);
#6652=ORIENTED_EDGE('',*,*,#4840,.F.);
#6653=ORIENTED_EDGE('',*,*,#4843,.F.);
#6654=ORIENTED_EDGE('',*,*,#4848,.F.);
#6655=ORIENTED_EDGE('',*,*,#4849,.T.);
#6656=ORIENTED_EDGE('',*,*,#4850,.F.);
#6657=ORIENTED_EDGE('',*,*,#4849,.F.);
#6658=ORIENTED_EDGE('',*,*,#4851,.F.);
#6659=ORIENTED_EDGE('',*,*,#4852,.T.);
#6660=ORIENTED_EDGE('',*,*,#4853,.T.);
#6661=ORIENTED_EDGE('',*,*,#4852,.F.);
#6662=ORIENTED_EDGE('',*,*,#4851,.T.);
#6663=ORIENTED_EDGE('',*,*,#4850,.T.);
#6664=ORIENTED_EDGE('',*,*,#4853,.F.);
#6665=ORIENTED_EDGE('',*,*,#4848,.T.);
#6666=ORIENTED_EDGE('',*,*,#4854,.F.);
#6667=ORIENTED_EDGE('',*,*,#4855,.T.);
#6668=ORIENTED_EDGE('',*,*,#4856,.T.);
#6669=ORIENTED_EDGE('',*,*,#4855,.F.);
#6670=ORIENTED_EDGE('',*,*,#4854,.T.);
#6671=ORIENTED_EDGE('',*,*,#4856,.F.);
#6672=ORIENTED_EDGE('',*,*,#4857,.F.);
#6673=ORIENTED_EDGE('',*,*,#4858,.T.);
#6674=ORIENTED_EDGE('',*,*,#4859,.T.);
#6675=ORIENTED_EDGE('',*,*,#4858,.F.);
#6676=ORIENTED_EDGE('',*,*,#4857,.T.);
#6677=ORIENTED_EDGE('',*,*,#4859,.F.);
#6678=ORIENTED_EDGE('',*,*,#4860,.F.);
#6679=ORIENTED_EDGE('',*,*,#4861,.T.);
#6680=ORIENTED_EDGE('',*,*,#4862,.F.);
#6681=ORIENTED_EDGE('',*,*,#4861,.F.);
#6682=ORIENTED_EDGE('',*,*,#4863,.F.);
#6683=ORIENTED_EDGE('',*,*,#4864,.T.);
#6684=ORIENTED_EDGE('',*,*,#4865,.T.);
#6685=ORIENTED_EDGE('',*,*,#4864,.F.);
#6686=ORIENTED_EDGE('',*,*,#4863,.T.);
#6687=ORIENTED_EDGE('',*,*,#4862,.T.);
#6688=ORIENTED_EDGE('',*,*,#4865,.F.);
#6689=ORIENTED_EDGE('',*,*,#4860,.T.);
#6690=ORIENTED_EDGE('',*,*,#4866,.F.);
#6691=ORIENTED_EDGE('',*,*,#4867,.T.);
#6692=ORIENTED_EDGE('',*,*,#4868,.T.);
#6693=ORIENTED_EDGE('',*,*,#4867,.F.);
#6694=ORIENTED_EDGE('',*,*,#4866,.T.);
#6695=ORIENTED_EDGE('',*,*,#4868,.F.);
#6696=ORIENTED_EDGE('',*,*,#4869,.F.);
#6697=ORIENTED_EDGE('',*,*,#4870,.T.);
#6698=ORIENTED_EDGE('',*,*,#4871,.T.);
#6699=ORIENTED_EDGE('',*,*,#4870,.F.);
#6700=ORIENTED_EDGE('',*,*,#4869,.T.);
#6701=ORIENTED_EDGE('',*,*,#4871,.F.);
#6702=ORIENTED_EDGE('',*,*,#4872,.F.);
#6703=ORIENTED_EDGE('',*,*,#4873,.T.);
#6704=ORIENTED_EDGE('',*,*,#4874,.F.);
#6705=ORIENTED_EDGE('',*,*,#4873,.F.);
#6706=ORIENTED_EDGE('',*,*,#4875,.F.);
#6707=ORIENTED_EDGE('',*,*,#4876,.T.);
#6708=ORIENTED_EDGE('',*,*,#4877,.T.);
#6709=ORIENTED_EDGE('',*,*,#4876,.F.);
#6710=ORIENTED_EDGE('',*,*,#4875,.T.);
#6711=ORIENTED_EDGE('',*,*,#4874,.T.);
#6712=ORIENTED_EDGE('',*,*,#4877,.F.);
#6713=ORIENTED_EDGE('',*,*,#4872,.T.);
#6714=ORIENTED_EDGE('',*,*,#4878,.F.);
#6715=ORIENTED_EDGE('',*,*,#4879,.T.);
#6716=ORIENTED_EDGE('',*,*,#4880,.T.);
#6717=ORIENTED_EDGE('',*,*,#4879,.F.);
#6718=ORIENTED_EDGE('',*,*,#4878,.T.);
#6719=ORIENTED_EDGE('',*,*,#4880,.F.);
#6720=ORIENTED_EDGE('',*,*,#4881,.F.);
#6721=ORIENTED_EDGE('',*,*,#4882,.T.);
#6722=ORIENTED_EDGE('',*,*,#4883,.T.);
#6723=ORIENTED_EDGE('',*,*,#4882,.F.);
#6724=ORIENTED_EDGE('',*,*,#4881,.T.);
#6725=ORIENTED_EDGE('',*,*,#4883,.F.);
#6726=ORIENTED_EDGE('',*,*,#4884,.F.);
#6727=ORIENTED_EDGE('',*,*,#4885,.T.);
#6728=ORIENTED_EDGE('',*,*,#4886,.F.);
#6729=ORIENTED_EDGE('',*,*,#4885,.F.);
#6730=ORIENTED_EDGE('',*,*,#4887,.F.);
#6731=ORIENTED_EDGE('',*,*,#4888,.T.);
#6732=ORIENTED_EDGE('',*,*,#4889,.T.);
#6733=ORIENTED_EDGE('',*,*,#4888,.F.);
#6734=ORIENTED_EDGE('',*,*,#4887,.T.);
#6735=ORIENTED_EDGE('',*,*,#4886,.T.);
#6736=ORIENTED_EDGE('',*,*,#4889,.F.);
#6737=ORIENTED_EDGE('',*,*,#4884,.T.);
#6738=ORIENTED_EDGE('',*,*,#4890,.F.);
#6739=ORIENTED_EDGE('',*,*,#4891,.T.);
#6740=ORIENTED_EDGE('',*,*,#4892,.T.);
#6741=ORIENTED_EDGE('',*,*,#4891,.F.);
#6742=ORIENTED_EDGE('',*,*,#4890,.T.);
#6743=ORIENTED_EDGE('',*,*,#4892,.F.);
#6744=ORIENTED_EDGE('',*,*,#4893,.F.);
#6745=ORIENTED_EDGE('',*,*,#4894,.T.);
#6746=ORIENTED_EDGE('',*,*,#4895,.T.);
#6747=ORIENTED_EDGE('',*,*,#4894,.F.);
#6748=ORIENTED_EDGE('',*,*,#4893,.T.);
#6749=ORIENTED_EDGE('',*,*,#4895,.F.);
#6750=ORIENTED_EDGE('',*,*,#4896,.F.);
#6751=ORIENTED_EDGE('',*,*,#4897,.T.);
#6752=ORIENTED_EDGE('',*,*,#4898,.F.);
#6753=ORIENTED_EDGE('',*,*,#4897,.F.);
#6754=ORIENTED_EDGE('',*,*,#4899,.F.);
#6755=ORIENTED_EDGE('',*,*,#4900,.T.);
#6756=ORIENTED_EDGE('',*,*,#4901,.T.);
#6757=ORIENTED_EDGE('',*,*,#4900,.F.);
#6758=ORIENTED_EDGE('',*,*,#4899,.T.);
#6759=ORIENTED_EDGE('',*,*,#4898,.T.);
#6760=ORIENTED_EDGE('',*,*,#4901,.F.);
#6761=ORIENTED_EDGE('',*,*,#4896,.T.);
#6762=ORIENTED_EDGE('',*,*,#4902,.F.);
#6763=ORIENTED_EDGE('',*,*,#4903,.T.);
#6764=ORIENTED_EDGE('',*,*,#4904,.T.);
#6765=ORIENTED_EDGE('',*,*,#4903,.F.);
#6766=ORIENTED_EDGE('',*,*,#4902,.T.);
#6767=ORIENTED_EDGE('',*,*,#4904,.F.);
#6768=ORIENTED_EDGE('',*,*,#4905,.F.);
#6769=ORIENTED_EDGE('',*,*,#4906,.T.);
#6770=ORIENTED_EDGE('',*,*,#4907,.T.);
#6771=ORIENTED_EDGE('',*,*,#4906,.F.);
#6772=ORIENTED_EDGE('',*,*,#4905,.T.);
#6773=ORIENTED_EDGE('',*,*,#4907,.F.);
#6774=ORIENTED_EDGE('',*,*,#4908,.F.);
#6775=ORIENTED_EDGE('',*,*,#4909,.T.);
#6776=ORIENTED_EDGE('',*,*,#4910,.F.);
#6777=ORIENTED_EDGE('',*,*,#4909,.F.);
#6778=ORIENTED_EDGE('',*,*,#4911,.F.);
#6779=ORIENTED_EDGE('',*,*,#4912,.T.);
#6780=ORIENTED_EDGE('',*,*,#4913,.T.);
#6781=ORIENTED_EDGE('',*,*,#4912,.F.);
#6782=ORIENTED_EDGE('',*,*,#4911,.T.);
#6783=ORIENTED_EDGE('',*,*,#4910,.T.);
#6784=ORIENTED_EDGE('',*,*,#4913,.F.);
#6785=ORIENTED_EDGE('',*,*,#4908,.T.);
#6786=ORIENTED_EDGE('',*,*,#4914,.F.);
#6787=ORIENTED_EDGE('',*,*,#4915,.T.);
#6788=ORIENTED_EDGE('',*,*,#4916,.T.);
#6789=ORIENTED_EDGE('',*,*,#4915,.F.);
#6790=ORIENTED_EDGE('',*,*,#4914,.T.);
#6791=ORIENTED_EDGE('',*,*,#4916,.F.);
#6792=ORIENTED_EDGE('',*,*,#4917,.F.);
#6793=ORIENTED_EDGE('',*,*,#4918,.T.);
#6794=ORIENTED_EDGE('',*,*,#4919,.T.);
#6795=ORIENTED_EDGE('',*,*,#4918,.F.);
#6796=ORIENTED_EDGE('',*,*,#4917,.T.);
#6797=ORIENTED_EDGE('',*,*,#4919,.F.);
#6798=CYLINDRICAL_SURFACE('',#7634,0.21);
#6799=CYLINDRICAL_SURFACE('',#7638,0.3);
#6800=CYLINDRICAL_SURFACE('',#7642,0.21);
#6801=CYLINDRICAL_SURFACE('',#7646,0.3);
#6802=CYLINDRICAL_SURFACE('',#7650,0.21);
#6803=CYLINDRICAL_SURFACE('',#7654,0.3);
#6804=CYLINDRICAL_SURFACE('',#7658,0.21);
#6805=CYLINDRICAL_SURFACE('',#7662,0.3);
#6806=CYLINDRICAL_SURFACE('',#7666,0.13);
#6807=CYLINDRICAL_SURFACE('',#7670,0.25);
#6808=CYLINDRICAL_SURFACE('',#7674,0.13);
#6809=CYLINDRICAL_SURFACE('',#7678,0.25);
#6810=CYLINDRICAL_SURFACE('',#7682,0.13);
#6811=CYLINDRICAL_SURFACE('',#7686,0.25);
#6812=CYLINDRICAL_SURFACE('',#7690,0.13);
#6813=CYLINDRICAL_SURFACE('',#7694,0.25);
#6814=CYLINDRICAL_SURFACE('',#7702,0.6);
#6815=CYLINDRICAL_SURFACE('',#7705,0.45);
#6816=CYLINDRICAL_SURFACE('',#7708,0.45);
#6817=CYLINDRICAL_SURFACE('',#7711,0.21);
#6818=CYLINDRICAL_SURFACE('',#7718,0.45);
#6819=CYLINDRICAL_SURFACE('',#7750,0.21);
#6820=CYLINDRICAL_SURFACE('',#7756,0.45);
#6821=CYLINDRICAL_SURFACE('',#7757,0.21);
#6822=CYLINDRICAL_SURFACE('',#7762,0.5);
#6823=CYLINDRICAL_SURFACE('',#7763,0.45);
#6824=CYLINDRICAL_SURFACE('',#7764,0.21);
#6825=CYLINDRICAL_SURFACE('',#7769,0.45);
#6826=CYLINDRICAL_SURFACE('',#7770,0.21);
#6827=CYLINDRICAL_SURFACE('',#7776,0.45);
#6828=CYLINDRICAL_SURFACE('',#7777,0.21);
#6829=CYLINDRICAL_SURFACE('',#7783,0.45);
#6830=CYLINDRICAL_SURFACE('',#7788,0.5);
#6831=CYLINDRICAL_SURFACE('',#7790,0.5);
#6832=CYLINDRICAL_SURFACE('',#7791,0.5);
#6833=CYLINDRICAL_SURFACE('',#7793,0.8);
#6834=CYLINDRICAL_SURFACE('',#7796,0.8);
#6835=CYLINDRICAL_SURFACE('',#7799,0.8);
#6836=CYLINDRICAL_SURFACE('',#7801,0.8);
#6837=CYLINDRICAL_SURFACE('',#7807,0.3);
#6838=CYLINDRICAL_SURFACE('',#7812,0.3);
#6839=CYLINDRICAL_SURFACE('',#7817,0.3);
#6840=CYLINDRICAL_SURFACE('',#7822,0.3);
#6841=CYLINDRICAL_SURFACE('',#7827,0.3);
#6842=CYLINDRICAL_SURFACE('',#7832,0.3);
#6843=CYLINDRICAL_SURFACE('',#7837,0.17);
#6844=CYLINDRICAL_SURFACE('',#7839,0.17);
#6845=CYLINDRICAL_SURFACE('',#7841,0.17);
#6846=CYLINDRICAL_SURFACE('',#7843,0.17);
#6847=CYLINDRICAL_SURFACE('',#7845,0.17);
#6848=CYLINDRICAL_SURFACE('',#7847,0.17);
#6849=CYLINDRICAL_SURFACE('',#7849,0.8);
#6850=CYLINDRICAL_SURFACE('',#7857,0.8);
#6851=CYLINDRICAL_SURFACE('',#7860,0.8);
#6852=CYLINDRICAL_SURFACE('',#7862,0.8);
#6853=CYLINDRICAL_SURFACE('',#7872,0.12);
#6854=CYLINDRICAL_SURFACE('',#7880,0.12);
#6855=CYLINDRICAL_SURFACE('',#7888,0.12);
#6856=CYLINDRICAL_SURFACE('',#7896,0.12);
#6857=CYLINDRICAL_SURFACE('',#7904,0.13);
#6858=CYLINDRICAL_SURFACE('',#7908,0.3);
#6859=CYLINDRICAL_SURFACE('',#7911,0.3);
#6860=CYLINDRICAL_SURFACE('',#7928,0.13);
#6861=CYLINDRICAL_SURFACE('',#7931,0.3);
#6862=CYLINDRICAL_SURFACE('',#7933,0.3);
#6863=CYLINDRICAL_SURFACE('',#7940,0.13);
#6864=CYLINDRICAL_SURFACE('',#7943,0.3);
#6865=CYLINDRICAL_SURFACE('',#7944,0.3);
#6866=CYLINDRICAL_SURFACE('',#7949,0.13);
#6867=CYLINDRICAL_SURFACE('',#7952,0.3);
#6868=CYLINDRICAL_SURFACE('',#7954,0.3);
#6869=CYLINDRICAL_SURFACE('',#7959,0.41);
#6870=CYLINDRICAL_SURFACE('',#7961,0.41);
#6871=CYLINDRICAL_SURFACE('',#7974,0.12);
#6872=CYLINDRICAL_SURFACE('',#7977,0.12);
#6873=CYLINDRICAL_SURFACE('',#7980,0.12);
#6874=CYLINDRICAL_SURFACE('',#7983,0.12);
#6875=CYLINDRICAL_SURFACE('',#8000,0.25);
#6876=CYLINDRICAL_SURFACE('',#8003,0.4);
#6877=CYLINDRICAL_SURFACE('',#8008,0.25);
#6878=CYLINDRICAL_SURFACE('',#8011,0.4);
#6879=CYLINDRICAL_SURFACE('',#8031,0.17);
#6880=CYLINDRICAL_SURFACE('',#8041,0.17);
#6881=CYLINDRICAL_SURFACE('',#8048,0.17);
#6882=CYLINDRICAL_SURFACE('',#8055,0.17);
#6883=CYLINDRICAL_SURFACE('',#8101,0.93);
#6884=CYLINDRICAL_SURFACE('',#8106,0.93);
#6885=CYLINDRICAL_SURFACE('',#8162,0.58);
#6886=CYLINDRICAL_SURFACE('',#8167,0.7);
#6887=CYLINDRICAL_SURFACE('',#8192,1.465);
#6888=CYLINDRICAL_SURFACE('',#8197,0.8);
#6889=CYLINDRICAL_SURFACE('',#8233,0.155);
#6890=CYLINDRICAL_SURFACE('',#8236,0.21);
#6891=CYLINDRICAL_SURFACE('',#8241,0.145);
#6892=CYLINDRICAL_SURFACE('',#8246,0.275);
#6893=CYLINDRICAL_SURFACE('',#8251,0.155);
#6894=CYLINDRICAL_SURFACE('',#8254,0.21);
#6895=CYLINDRICAL_SURFACE('',#8259,0.145);
#6896=CYLINDRICAL_SURFACE('',#8264,0.275);
#6897=CYLINDRICAL_SURFACE('',#8269,0.155);
#6898=CYLINDRICAL_SURFACE('',#8272,0.21);
#6899=CYLINDRICAL_SURFACE('',#8277,0.145);
#6900=CYLINDRICAL_SURFACE('',#8282,0.275);
#6901=CYLINDRICAL_SURFACE('',#8287,0.155);
#6902=CYLINDRICAL_SURFACE('',#8290,0.21);
#6903=CYLINDRICAL_SURFACE('',#8295,0.145);
#6904=CYLINDRICAL_SURFACE('',#8300,0.275);
#6905=CYLINDRICAL_SURFACE('',#8305,0.155);
#6906=CYLINDRICAL_SURFACE('',#8308,0.21);
#6907=CYLINDRICAL_SURFACE('',#8313,0.145);
#6908=CYLINDRICAL_SURFACE('',#8318,0.275);
#6909=CYLINDRICAL_SURFACE('',#8323,0.155);
#6910=CYLINDRICAL_SURFACE('',#8326,0.21);
#6911=CYLINDRICAL_SURFACE('',#8331,0.145);
#6912=CYLINDRICAL_SURFACE('',#8336,0.275);
#6913=ADVANCED_FACE('',(#683),#6798,.F.);
#6914=ADVANCED_FACE('',(#684),#339,.T.);
#6915=ADVANCED_FACE('',(#685),#6799,.T.);
#6916=ADVANCED_FACE('',(#686,#225),#340,.T.);
#6917=ADVANCED_FACE('',(#687),#6800,.F.);
#6918=ADVANCED_FACE('',(#688),#341,.T.);
#6919=ADVANCED_FACE('',(#689),#6801,.T.);
#6920=ADVANCED_FACE('',(#690,#226),#342,.T.);
#6921=ADVANCED_FACE('',(#691),#6802,.F.);
#6922=ADVANCED_FACE('',(#692),#343,.T.);
#6923=ADVANCED_FACE('',(#693),#6803,.T.);
#6924=ADVANCED_FACE('',(#694,#227),#344,.T.);
#6925=ADVANCED_FACE('',(#695),#6804,.F.);
#6926=ADVANCED_FACE('',(#696),#345,.T.);
#6927=ADVANCED_FACE('',(#697),#6805,.T.);
#6928=ADVANCED_FACE('',(#698,#228),#346,.T.);
#6929=ADVANCED_FACE('',(#699),#6806,.F.);
#6930=ADVANCED_FACE('',(#700),#347,.T.);
#6931=ADVANCED_FACE('',(#701),#6807,.T.);
#6932=ADVANCED_FACE('',(#702,#229),#348,.T.);
#6933=ADVANCED_FACE('',(#703),#6808,.F.);
#6934=ADVANCED_FACE('',(#704),#349,.T.);
#6935=ADVANCED_FACE('',(#705),#6809,.T.);
#6936=ADVANCED_FACE('',(#706,#230),#350,.T.);
#6937=ADVANCED_FACE('',(#707),#6810,.F.);
#6938=ADVANCED_FACE('',(#708),#351,.T.);
#6939=ADVANCED_FACE('',(#709),#6811,.T.);
#6940=ADVANCED_FACE('',(#710,#231),#352,.T.);
#6941=ADVANCED_FACE('',(#711),#6812,.F.);
#6942=ADVANCED_FACE('',(#712),#353,.T.);
#6943=ADVANCED_FACE('',(#713),#6813,.T.);
#6944=ADVANCED_FACE('',(#714,#232),#354,.T.);
#6945=ADVANCED_FACE('',(#715),#355,.F.);
#6946=ADVANCED_FACE('',(#716),#356,.F.);
#6947=ADVANCED_FACE('',(#717),#357,.F.);
#6948=ADVANCED_FACE('',(#718),#358,.F.);
#6949=ADVANCED_FACE('',(#719),#6814,.F.);
#6950=ADVANCED_FACE('',(#720),#6815,.F.);
#6951=ADVANCED_FACE('',(#721),#6816,.F.);
#6952=ADVANCED_FACE('',(#722),#6817,.F.);
#6953=ADVANCED_FACE('',(#723),#359,.T.);
#6954=ADVANCED_FACE('',(#724),#360,.T.);
#6955=ADVANCED_FACE('',(#725),#361,.T.);
#6956=ADVANCED_FACE('',(#726,#233),#362,.F.);
#6957=ADVANCED_FACE('',(#727),#6818,.T.);
#6958=ADVANCED_FACE('',(#728,#234,#235,#236,#237,#238,#239,#240),#363,.T.);
#6959=ADVANCED_FACE('',(#729,#241,#242,#243,#244,#245,#246,#247,#248,#249),
#364,.T.);
#6960=ADVANCED_FACE('',(#730),#6819,.F.);
#6961=ADVANCED_FACE('',(#731),#365,.T.);
#6962=ADVANCED_FACE('',(#732),#366,.T.);
#6963=ADVANCED_FACE('',(#733),#367,.T.);
#6964=ADVANCED_FACE('',(#734,#250),#368,.F.);
#6965=ADVANCED_FACE('',(#735),#6820,.T.);
#6966=ADVANCED_FACE('',(#736),#6821,.F.);
#6967=ADVANCED_FACE('',(#737),#369,.T.);
#6968=ADVANCED_FACE('',(#738),#370,.T.);
#6969=ADVANCED_FACE('',(#739),#371,.T.);
#6970=ADVANCED_FACE('',(#740),#6822,.F.);
#6971=ADVANCED_FACE('',(#741),#6823,.T.);
#6972=ADVANCED_FACE('',(#742),#6824,.F.);
#6973=ADVANCED_FACE('',(#743),#372,.T.);
#6974=ADVANCED_FACE('',(#744),#373,.T.);
#6975=ADVANCED_FACE('',(#745),#374,.T.);
#6976=ADVANCED_FACE('',(#746),#6825,.T.);
#6977=ADVANCED_FACE('',(#747),#6826,.F.);
#6978=ADVANCED_FACE('',(#748),#375,.T.);
#6979=ADVANCED_FACE('',(#749),#376,.T.);
#6980=ADVANCED_FACE('',(#750),#377,.T.);
#6981=ADVANCED_FACE('',(#751,#251,#252),#378,.F.);
#6982=ADVANCED_FACE('',(#752),#6827,.T.);
#6983=ADVANCED_FACE('',(#753),#6828,.F.);
#6984=ADVANCED_FACE('',(#754),#379,.T.);
#6985=ADVANCED_FACE('',(#755),#380,.T.);
#6986=ADVANCED_FACE('',(#756),#381,.T.);
#6987=ADVANCED_FACE('',(#757),#382,.F.);
#6988=ADVANCED_FACE('',(#758),#6829,.T.);
#6989=ADVANCED_FACE('',(#759),#383,.F.);
#6990=ADVANCED_FACE('',(#760),#384,.F.);
#6991=ADVANCED_FACE('',(#761),#385,.F.);
#6992=ADVANCED_FACE('',(#762),#386,.F.);
#6993=ADVANCED_FACE('',(#763),#6830,.F.);
#6994=ADVANCED_FACE('',(#764),#387,.F.);
#6995=ADVANCED_FACE('',(#765),#6831,.F.);
#6996=ADVANCED_FACE('',(#766),#6832,.F.);
#6997=ADVANCED_FACE('',(#767),#388,.F.);
#6998=ADVANCED_FACE('',(#768),#6833,.T.);
#6999=ADVANCED_FACE('',(#769,#253,#254),#389,.T.);
#7000=ADVANCED_FACE('',(#770),#6834,.T.);
#7001=ADVANCED_FACE('',(#771,#255,#256),#390,.T.);
#7002=ADVANCED_FACE('',(#772),#6835,.T.);
#7003=ADVANCED_FACE('',(#773),#6836,.T.);
#7004=ADVANCED_FACE('',(#774),#391,.T.);
#7005=ADVANCED_FACE('',(#775),#392,.T.);
#7006=ADVANCED_FACE('',(#776,#257),#393,.F.);
#7007=ADVANCED_FACE('',(#777),#6837,.F.);
#7008=ADVANCED_FACE('',(#778,#258),#394,.T.);
#7009=ADVANCED_FACE('',(#779),#6838,.F.);
#7010=ADVANCED_FACE('',(#780,#259),#395,.T.);
#7011=ADVANCED_FACE('',(#781),#6839,.F.);
#7012=ADVANCED_FACE('',(#782,#260),#396,.T.);
#7013=ADVANCED_FACE('',(#783),#6840,.F.);
#7014=ADVANCED_FACE('',(#784,#261),#397,.T.);
#7015=ADVANCED_FACE('',(#785),#6841,.F.);
#7016=ADVANCED_FACE('',(#786,#262),#398,.T.);
#7017=ADVANCED_FACE('',(#787),#6842,.F.);
#7018=ADVANCED_FACE('',(#788,#263),#399,.T.);
#7019=ADVANCED_FACE('',(#789),#6843,.F.);
#7020=ADVANCED_FACE('',(#790),#6844,.F.);
#7021=ADVANCED_FACE('',(#791),#6845,.F.);
#7022=ADVANCED_FACE('',(#792),#6846,.F.);
#7023=ADVANCED_FACE('',(#793),#6847,.F.);
#7024=ADVANCED_FACE('',(#794),#6848,.F.);
#7025=ADVANCED_FACE('',(#795),#6849,.T.);
#7026=ADVANCED_FACE('',(#796),#400,.T.);
#7027=ADVANCED_FACE('',(#797,#264,#265,#266,#267,#268,#269),#401,.T.);
#7028=ADVANCED_FACE('',(#798),#6850,.T.);
#7029=ADVANCED_FACE('',(#799),#402,.T.);
#7030=ADVANCED_FACE('',(#800),#6851,.T.);
#7031=ADVANCED_FACE('',(#801),#6852,.T.);
#7032=ADVANCED_FACE('',(#802),#403,.T.);
#7033=ADVANCED_FACE('',(#803),#404,.T.);
#7034=ADVANCED_FACE('',(#804,#270,#271,#272,#273,#274,#275),#405,.F.);
#7035=ADVANCED_FACE('',(#805),#406,.F.);
#7036=ADVANCED_FACE('',(#806),#407,.F.);
#7037=ADVANCED_FACE('',(#807),#408,.F.);
#7038=ADVANCED_FACE('',(#808),#409,.F.);
#7039=ADVANCED_FACE('',(#809),#6853,.F.);
#7040=ADVANCED_FACE('',(#810,#276),#410,.T.);
#7041=ADVANCED_FACE('',(#811),#411,.T.);
#7042=ADVANCED_FACE('',(#812),#412,.T.);
#7043=ADVANCED_FACE('',(#813),#413,.T.);
#7044=ADVANCED_FACE('',(#814,#277),#414,.F.);
#7045=ADVANCED_FACE('',(#815),#6854,.F.);
#7046=ADVANCED_FACE('',(#816,#278),#415,.T.);
#7047=ADVANCED_FACE('',(#817),#416,.T.);
#7048=ADVANCED_FACE('',(#818),#417,.T.);
#7049=ADVANCED_FACE('',(#819),#418,.T.);
#7050=ADVANCED_FACE('',(#820,#279),#419,.F.);
#7051=ADVANCED_FACE('',(#821),#6855,.F.);
#7052=ADVANCED_FACE('',(#822,#280),#420,.F.);
#7053=ADVANCED_FACE('',(#823),#421,.T.);
#7054=ADVANCED_FACE('',(#824),#422,.T.);
#7055=ADVANCED_FACE('',(#825),#423,.T.);
#7056=ADVANCED_FACE('',(#826,#281),#424,.T.);
#7057=ADVANCED_FACE('',(#827),#6856,.F.);
#7058=ADVANCED_FACE('',(#828,#282),#425,.F.);
#7059=ADVANCED_FACE('',(#829),#426,.T.);
#7060=ADVANCED_FACE('',(#830),#427,.T.);
#7061=ADVANCED_FACE('',(#831),#428,.T.);
#7062=ADVANCED_FACE('',(#832,#283),#429,.T.);
#7063=ADVANCED_FACE('',(#833),#6857,.F.);
#7064=ADVANCED_FACE('',(#834),#430,.T.);
#7065=ADVANCED_FACE('',(#835),#6858,.T.);
#7066=ADVANCED_FACE('',(#836),#6859,.T.);
#7067=ADVANCED_FACE('',(#837,#284,#285,#286,#287,#288),#431,.T.);
#7068=ADVANCED_FACE('',(#838,#289),#432,.F.);
#7069=ADVANCED_FACE('',(#839),#433,.F.);
#7070=ADVANCED_FACE('',(#840),#434,.T.);
#7071=ADVANCED_FACE('',(#841),#6860,.F.);
#7072=ADVANCED_FACE('',(#842),#435,.T.);
#7073=ADVANCED_FACE('',(#843),#6861,.T.);
#7074=ADVANCED_FACE('',(#844),#6862,.T.);
#7075=ADVANCED_FACE('',(#845),#436,.F.);
#7076=ADVANCED_FACE('',(#846),#437,.T.);
#7077=ADVANCED_FACE('',(#847,#290),#438,.F.);
#7078=ADVANCED_FACE('',(#848),#6863,.F.);
#7079=ADVANCED_FACE('',(#849),#439,.T.);
#7080=ADVANCED_FACE('',(#850),#6864,.T.);
#7081=ADVANCED_FACE('',(#851),#6865,.T.);
#7082=ADVANCED_FACE('',(#852),#440,.F.);
#7083=ADVANCED_FACE('',(#853),#441,.T.);
#7084=ADVANCED_FACE('',(#854),#442,.F.);
#7085=ADVANCED_FACE('',(#855),#6866,.F.);
#7086=ADVANCED_FACE('',(#856),#443,.T.);
#7087=ADVANCED_FACE('',(#857),#6867,.T.);
#7088=ADVANCED_FACE('',(#858),#6868,.T.);
#7089=ADVANCED_FACE('',(#859),#444,.F.);
#7090=ADVANCED_FACE('',(#860),#445,.T.);
#7091=ADVANCED_FACE('',(#861,#291),#446,.F.);
#7092=ADVANCED_FACE('',(#862),#6869,.F.);
#7093=ADVANCED_FACE('',(#863),#6870,.F.);
#7094=ADVANCED_FACE('',(#864),#447,.F.);
#7095=ADVANCED_FACE('',(#865),#448,.F.);
#7096=ADVANCED_FACE('',(#866),#449,.F.);
#7097=ADVANCED_FACE('',(#867),#450,.F.);
#7098=ADVANCED_FACE('',(#868),#451,.T.);
#7099=ADVANCED_FACE('',(#869),#452,.T.);
#7100=ADVANCED_FACE('',(#870,#292,#293,#294),#453,.T.);
#7101=ADVANCED_FACE('',(#871,#295),#454,.T.);
#7102=ADVANCED_FACE('',(#872,#296,#297,#298),#455,.T.);
#7103=ADVANCED_FACE('',(#873),#456,.F.);
#7104=ADVANCED_FACE('',(#874),#6871,.F.);
#7105=ADVANCED_FACE('',(#875),#6872,.F.);
#7106=ADVANCED_FACE('',(#876),#6873,.F.);
#7107=ADVANCED_FACE('',(#877),#6874,.F.);
#7108=ADVANCED_FACE('',(#878),#457,.T.);
#7109=ADVANCED_FACE('',(#879),#458,.T.);
#7110=ADVANCED_FACE('',(#880),#459,.T.);
#7111=ADVANCED_FACE('',(#881),#460,.T.);
#7112=ADVANCED_FACE('',(#882,#299,#300,#301,#302),#461,.T.);
#7113=ADVANCED_FACE('',(#883,#303,#304,#305,#306),#462,.F.);
#7114=ADVANCED_FACE('',(#884),#463,.T.);
#7115=ADVANCED_FACE('',(#885),#464,.T.);
#7116=ADVANCED_FACE('',(#886),#465,.T.);
#7117=ADVANCED_FACE('',(#887),#466,.T.);
#7118=ADVANCED_FACE('',(#888),#467,.T.);
#7119=ADVANCED_FACE('',(#889),#468,.F.);
#7120=ADVANCED_FACE('',(#890),#6875,.F.);
#7121=ADVANCED_FACE('',(#891),#6876,.T.);
#7122=ADVANCED_FACE('',(#892,#307),#469,.T.);
#7123=ADVANCED_FACE('',(#893,#308),#470,.F.);
#7124=ADVANCED_FACE('',(#894),#6877,.F.);
#7125=ADVANCED_FACE('',(#895),#6878,.T.);
#7126=ADVANCED_FACE('',(#896,#309),#471,.T.);
#7127=ADVANCED_FACE('',(#897,#310),#472,.F.);
#7128=ADVANCED_FACE('',(#898),#473,.T.);
#7129=ADVANCED_FACE('',(#899),#474,.T.);
#7130=ADVANCED_FACE('',(#900),#475,.T.);
#7131=ADVANCED_FACE('',(#901),#476,.T.);
#7132=ADVANCED_FACE('',(#902),#477,.T.);
#7133=ADVANCED_FACE('',(#903),#478,.F.);
#7134=ADVANCED_FACE('',(#904),#479,.T.);
#7135=ADVANCED_FACE('',(#905),#480,.T.);
#7136=ADVANCED_FACE('',(#906),#481,.T.);
#7137=ADVANCED_FACE('',(#907),#482,.T.);
#7138=ADVANCED_FACE('',(#908),#483,.T.);
#7139=ADVANCED_FACE('',(#909),#484,.F.);
#7140=ADVANCED_FACE('',(#910),#6879,.F.);
#7141=ADVANCED_FACE('',(#911),#485,.T.);
#7142=ADVANCED_FACE('',(#912),#486,.T.);
#7143=ADVANCED_FACE('',(#913,#311,#312,#313,#314,#315),#487,.F.);
#7144=ADVANCED_FACE('',(#914),#488,.T.);
#7145=ADVANCED_FACE('',(#915),#6880,.F.);
#7146=ADVANCED_FACE('',(#916),#489,.T.);
#7147=ADVANCED_FACE('',(#917),#490,.T.);
#7148=ADVANCED_FACE('',(#918),#491,.T.);
#7149=ADVANCED_FACE('',(#919),#492,.T.);
#7150=ADVANCED_FACE('',(#920),#493,.T.);
#7151=ADVANCED_FACE('',(#921),#6881,.F.);
#7152=ADVANCED_FACE('',(#922),#494,.T.);
#7153=ADVANCED_FACE('',(#923),#495,.T.);
#7154=ADVANCED_FACE('',(#924),#496,.T.);
#7155=ADVANCED_FACE('',(#925,#316,#317,#318,#319,#320),#497,.T.);
#7156=ADVANCED_FACE('',(#926),#6882,.F.);
#7157=ADVANCED_FACE('',(#927),#498,.T.);
#7158=ADVANCED_FACE('',(#928),#499,.T.);
#7159=ADVANCED_FACE('',(#929),#500,.T.);
#7160=ADVANCED_FACE('',(#930),#501,.T.);
#7161=ADVANCED_FACE('',(#931),#502,.T.);
#7162=ADVANCED_FACE('',(#932),#503,.T.);
#7163=ADVANCED_FACE('',(#933),#504,.T.);
#7164=ADVANCED_FACE('',(#934),#505,.T.);
#7165=ADVANCED_FACE('',(#935),#506,.T.);
#7166=ADVANCED_FACE('',(#936),#507,.T.);
#7167=ADVANCED_FACE('',(#937),#508,.T.);
#7168=ADVANCED_FACE('',(#938),#509,.T.);
#7169=ADVANCED_FACE('',(#939),#510,.T.);
#7170=ADVANCED_FACE('',(#940),#511,.T.);
#7171=ADVANCED_FACE('',(#941),#512,.T.);
#7172=ADVANCED_FACE('',(#942),#513,.T.);
#7173=ADVANCED_FACE('',(#943),#514,.T.);
#7174=ADVANCED_FACE('',(#944),#515,.T.);
#7175=ADVANCED_FACE('',(#945),#516,.F.);
#7176=ADVANCED_FACE('',(#946),#517,.T.);
#7177=ADVANCED_FACE('',(#947),#518,.T.);
#7178=ADVANCED_FACE('',(#948),#519,.T.);
#7179=ADVANCED_FACE('',(#949),#520,.T.);
#7180=ADVANCED_FACE('',(#950),#521,.T.);
#7181=ADVANCED_FACE('',(#951),#522,.F.);
#7182=ADVANCED_FACE('',(#952),#523,.T.);
#7183=ADVANCED_FACE('',(#953),#524,.T.);
#7184=ADVANCED_FACE('',(#954),#525,.T.);
#7185=ADVANCED_FACE('',(#955),#526,.T.);
#7186=ADVANCED_FACE('',(#956),#527,.T.);
#7187=ADVANCED_FACE('',(#957),#528,.F.);
#7188=ADVANCED_FACE('',(#958),#529,.F.);
#7189=ADVANCED_FACE('',(#959),#530,.F.);
#7190=ADVANCED_FACE('',(#960),#531,.F.);
#7191=ADVANCED_FACE('',(#961),#532,.F.);
#7192=ADVANCED_FACE('',(#962),#533,.T.);
#7193=ADVANCED_FACE('',(#963),#534,.T.);
#7194=ADVANCED_FACE('',(#964),#535,.T.);
#7195=ADVANCED_FACE('',(#965),#536,.T.);
#7196=ADVANCED_FACE('',(#966),#537,.T.);
#7197=ADVANCED_FACE('',(#967,#321),#538,.T.);
#7198=ADVANCED_FACE('',(#968),#539,.F.);
#7199=ADVANCED_FACE('',(#969),#6883,.T.);
#7200=ADVANCED_FACE('',(#970),#540,.T.);
#7201=ADVANCED_FACE('',(#971),#541,.F.);
#7202=ADVANCED_FACE('',(#972),#6884,.T.);
#7203=ADVANCED_FACE('',(#973),#542,.T.);
#7204=ADVANCED_FACE('',(#974),#543,.F.);
#7205=ADVANCED_FACE('',(#975),#544,.T.);
#7206=ADVANCED_FACE('',(#976),#545,.T.);
#7207=ADVANCED_FACE('',(#977),#546,.T.);
#7208=ADVANCED_FACE('',(#978),#547,.T.);
#7209=ADVANCED_FACE('',(#979),#548,.T.);
#7210=ADVANCED_FACE('',(#980),#549,.F.);
#7211=ADVANCED_FACE('',(#981),#550,.T.);
#7212=ADVANCED_FACE('',(#982),#551,.T.);
#7213=ADVANCED_FACE('',(#983),#552,.T.);
#7214=ADVANCED_FACE('',(#984),#553,.T.);
#7215=ADVANCED_FACE('',(#985),#554,.F.);
#7216=ADVANCED_FACE('',(#986),#555,.T.);
#7217=ADVANCED_FACE('',(#987),#556,.T.);
#7218=ADVANCED_FACE('',(#988),#557,.T.);
#7219=ADVANCED_FACE('',(#989),#558,.T.);
#7220=ADVANCED_FACE('',(#990),#559,.F.);
#7221=ADVANCED_FACE('',(#991,#322),#560,.T.);
#7222=ADVANCED_FACE('',(#992),#561,.T.);
#7223=ADVANCED_FACE('',(#993),#562,.T.);
#7224=ADVANCED_FACE('',(#994),#563,.T.);
#7225=ADVANCED_FACE('',(#995),#564,.T.);
#7226=ADVANCED_FACE('',(#996,#323,#324,#325),#565,.F.);
#7227=ADVANCED_FACE('',(#997),#566,.F.);
#7228=ADVANCED_FACE('',(#998),#567,.F.);
#7229=ADVANCED_FACE('',(#999),#568,.F.);
#7230=ADVANCED_FACE('',(#1000),#569,.F.);
#7231=ADVANCED_FACE('',(#1001),#570,.T.);
#7232=ADVANCED_FACE('',(#1002),#571,.T.);
#7233=ADVANCED_FACE('',(#1003),#572,.T.);
#7234=ADVANCED_FACE('',(#1004),#573,.T.);
#7235=ADVANCED_FACE('',(#1005,#326),#574,.T.);
#7236=ADVANCED_FACE('',(#1006),#575,.F.);
#7237=ADVANCED_FACE('',(#1007),#576,.F.);
#7238=ADVANCED_FACE('',(#1008),#577,.F.);
#7239=ADVANCED_FACE('',(#1009),#578,.F.);
#7240=ADVANCED_FACE('',(#1010),#579,.T.);
#7241=ADVANCED_FACE('',(#1011),#580,.T.);
#7242=ADVANCED_FACE('',(#1012),#581,.T.);
#7243=ADVANCED_FACE('',(#1013),#582,.T.);
#7244=ADVANCED_FACE('',(#1014),#583,.T.);
#7245=ADVANCED_FACE('',(#1015),#584,.T.);
#7246=ADVANCED_FACE('',(#1016),#585,.T.);
#7247=ADVANCED_FACE('',(#1017),#586,.T.);
#7248=ADVANCED_FACE('',(#1018),#587,.T.);
#7249=ADVANCED_FACE('',(#1019),#588,.T.);
#7250=ADVANCED_FACE('',(#1020),#589,.T.);
#7251=ADVANCED_FACE('',(#1021),#590,.F.);
#7252=ADVANCED_FACE('',(#1022),#6885,.T.);
#7253=ADVANCED_FACE('',(#1023),#591,.T.);
#7254=ADVANCED_FACE('',(#1024),#592,.F.);
#7255=ADVANCED_FACE('',(#1025),#6886,.T.);
#7256=ADVANCED_FACE('',(#1026),#593,.T.);
#7257=ADVANCED_FACE('',(#1027),#594,.F.);
#7258=ADVANCED_FACE('',(#1028),#595,.T.);
#7259=ADVANCED_FACE('',(#1029),#596,.T.);
#7260=ADVANCED_FACE('',(#1030),#597,.T.);
#7261=ADVANCED_FACE('',(#1031),#598,.T.);
#7262=ADVANCED_FACE('',(#1032),#599,.T.);
#7263=ADVANCED_FACE('',(#1033),#600,.F.);
#7264=ADVANCED_FACE('',(#1034),#601,.T.);
#7265=ADVANCED_FACE('',(#1035),#602,.T.);
#7266=ADVANCED_FACE('',(#1036),#603,.T.);
#7267=ADVANCED_FACE('',(#1037),#604,.T.);
#7268=ADVANCED_FACE('',(#1038),#605,.T.);
#7269=ADVANCED_FACE('',(#1039),#606,.F.);
#7270=ADVANCED_FACE('',(#1040),#607,.T.);
#7271=ADVANCED_FACE('',(#1041),#608,.T.);
#7272=ADVANCED_FACE('',(#1042),#609,.T.);
#7273=ADVANCED_FACE('',(#1043),#610,.T.);
#7274=ADVANCED_FACE('',(#1044),#611,.T.);
#7275=ADVANCED_FACE('',(#1045),#612,.F.);
#7276=ADVANCED_FACE('',(#1046),#6887,.T.);
#7277=ADVANCED_FACE('',(#1047),#613,.T.);
#7278=ADVANCED_FACE('',(#1048),#614,.F.);
#7279=ADVANCED_FACE('',(#1049),#6888,.T.);
#7280=ADVANCED_FACE('',(#1050),#615,.T.);
#7281=ADVANCED_FACE('',(#1051),#616,.F.);
#7282=ADVANCED_FACE('',(#1052),#617,.T.);
#7283=ADVANCED_FACE('',(#1053),#618,.T.);
#7284=ADVANCED_FACE('',(#1054),#619,.T.);
#7285=ADVANCED_FACE('',(#1055),#620,.T.);
#7286=ADVANCED_FACE('',(#1056),#621,.T.);
#7287=ADVANCED_FACE('',(#1057),#622,.F.);
#7288=ADVANCED_FACE('',(#1058),#623,.T.);
#7289=ADVANCED_FACE('',(#1059),#624,.T.);
#7290=ADVANCED_FACE('',(#1060),#625,.T.);
#7291=ADVANCED_FACE('',(#1061),#626,.T.);
#7292=ADVANCED_FACE('',(#1062),#627,.T.);
#7293=ADVANCED_FACE('',(#1063),#628,.F.);
#7294=ADVANCED_FACE('',(#1064),#629,.T.);
#7295=ADVANCED_FACE('',(#1065),#630,.T.);
#7296=ADVANCED_FACE('',(#1066),#631,.T.);
#7297=ADVANCED_FACE('',(#1067),#632,.T.);
#7298=ADVANCED_FACE('',(#1068),#633,.T.);
#7299=ADVANCED_FACE('',(#1069),#634,.F.);
#7300=ADVANCED_FACE('',(#1070),#635,.T.);
#7301=ADVANCED_FACE('',(#1071),#636,.T.);
#7302=ADVANCED_FACE('',(#1072),#637,.T.);
#7303=ADVANCED_FACE('',(#1073),#638,.T.);
#7304=ADVANCED_FACE('',(#1074),#639,.T.);
#7305=ADVANCED_FACE('',(#1075),#640,.F.);
#7306=ADVANCED_FACE('',(#1076),#641,.T.);
#7307=ADVANCED_FACE('',(#1077),#642,.T.);
#7308=ADVANCED_FACE('',(#1078),#643,.T.);
#7309=ADVANCED_FACE('',(#1079),#644,.T.);
#7310=ADVANCED_FACE('',(#1080),#645,.T.);
#7311=ADVANCED_FACE('',(#1081),#646,.F.);
#7312=ADVANCED_FACE('',(#1082),#6889,.F.);
#7313=ADVANCED_FACE('',(#1083),#6890,.T.);
#7314=ADVANCED_FACE('',(#1084,#327),#647,.T.);
#7315=ADVANCED_FACE('',(#1085,#328),#648,.F.);
#7316=ADVANCED_FACE('',(#1086),#6891,.T.);
#7317=ADVANCED_FACE('',(#1087),#649,.T.);
#7318=ADVANCED_FACE('',(#1088),#650,.F.);
#7319=ADVANCED_FACE('',(#1089),#6892,.T.);
#7320=ADVANCED_FACE('',(#1090),#651,.T.);
#7321=ADVANCED_FACE('',(#1091),#652,.F.);
#7322=ADVANCED_FACE('',(#1092),#6893,.F.);
#7323=ADVANCED_FACE('',(#1093),#6894,.T.);
#7324=ADVANCED_FACE('',(#1094,#329),#653,.T.);
#7325=ADVANCED_FACE('',(#1095,#330),#654,.F.);
#7326=ADVANCED_FACE('',(#1096),#6895,.T.);
#7327=ADVANCED_FACE('',(#1097),#655,.T.);
#7328=ADVANCED_FACE('',(#1098),#656,.F.);
#7329=ADVANCED_FACE('',(#1099),#6896,.T.);
#7330=ADVANCED_FACE('',(#1100),#657,.T.);
#7331=ADVANCED_FACE('',(#1101),#658,.F.);
#7332=ADVANCED_FACE('',(#1102),#6897,.F.);
#7333=ADVANCED_FACE('',(#1103),#6898,.T.);
#7334=ADVANCED_FACE('',(#1104,#331),#659,.T.);
#7335=ADVANCED_FACE('',(#1105,#332),#660,.F.);
#7336=ADVANCED_FACE('',(#1106),#6899,.T.);
#7337=ADVANCED_FACE('',(#1107),#661,.T.);
#7338=ADVANCED_FACE('',(#1108),#662,.F.);
#7339=ADVANCED_FACE('',(#1109),#6900,.T.);
#7340=ADVANCED_FACE('',(#1110),#663,.T.);
#7341=ADVANCED_FACE('',(#1111),#664,.F.);
#7342=ADVANCED_FACE('',(#1112),#6901,.F.);
#7343=ADVANCED_FACE('',(#1113),#6902,.T.);
#7344=ADVANCED_FACE('',(#1114,#333),#665,.T.);
#7345=ADVANCED_FACE('',(#1115,#334),#666,.F.);
#7346=ADVANCED_FACE('',(#1116),#6903,.T.);
#7347=ADVANCED_FACE('',(#1117),#667,.T.);
#7348=ADVANCED_FACE('',(#1118),#668,.F.);
#7349=ADVANCED_FACE('',(#1119),#6904,.T.);
#7350=ADVANCED_FACE('',(#1120),#669,.T.);
#7351=ADVANCED_FACE('',(#1121),#670,.F.);
#7352=ADVANCED_FACE('',(#1122),#6905,.F.);
#7353=ADVANCED_FACE('',(#1123),#6906,.T.);
#7354=ADVANCED_FACE('',(#1124,#335),#671,.T.);
#7355=ADVANCED_FACE('',(#1125,#336),#672,.F.);
#7356=ADVANCED_FACE('',(#1126),#6907,.T.);
#7357=ADVANCED_FACE('',(#1127),#673,.T.);
#7358=ADVANCED_FACE('',(#1128),#674,.F.);
#7359=ADVANCED_FACE('',(#1129),#6908,.T.);
#7360=ADVANCED_FACE('',(#1130),#675,.T.);
#7361=ADVANCED_FACE('',(#1131),#676,.F.);
#7362=ADVANCED_FACE('',(#1132),#6909,.F.);
#7363=ADVANCED_FACE('',(#1133),#6910,.T.);
#7364=ADVANCED_FACE('',(#1134,#337),#677,.T.);
#7365=ADVANCED_FACE('',(#1135,#338),#678,.F.);
#7366=ADVANCED_FACE('',(#1136),#6911,.T.);
#7367=ADVANCED_FACE('',(#1137),#679,.T.);
#7368=ADVANCED_FACE('',(#1138),#680,.F.);
#7369=ADVANCED_FACE('',(#1139),#6912,.T.);
#7370=ADVANCED_FACE('',(#1140),#681,.T.);
#7371=ADVANCED_FACE('',(#1141),#682,.F.);
#7372=CLOSED_SHELL('',(#6913,#6914,#6915,#6916,#6917,#6918,#6919,#6920,
#6921,#6922,#6923,#6924,#6925,#6926,#6927,#6928,#6929,#6930,#6931,#6932,
#6933,#6934,#6935,#6936,#6937,#6938,#6939,#6940,#6941,#6942,#6943,#6944,
#6945,#6946,#6947,#6948,#6949,#6950,#6951,#6952,#6953,#6954,#6955,#6956,
#6957,#6958,#6959,#6960,#6961,#6962,#6963,#6964,#6965,#6966,#6967,#6968,
#6969,#6970,#6971,#6972,#6973,#6974,#6975,#6976,#6977,#6978,#6979,#6980,
#6981,#6982,#6983,#6984,#6985,#6986,#6987,#6988,#6989,#6990,#6991,#6992,
#6993,#6994,#6995,#6996,#6997,#6998,#6999,#7000,#7001,#7002,#7003,#7004,
#7005,#7006));
#7373=CLOSED_SHELL('',(#7007,#7008,#7009,#7010,#7011,#7012,#7013,#7014,
#7015,#7016,#7017,#7018,#7019,#7020,#7021,#7022,#7023,#7024,#7025,#7026,
#7027,#7028,#7029,#7030,#7031,#7032,#7033,#7034));
#7374=CLOSED_SHELL('',(#7035,#7036,#7037,#7038,#7039,#7040,#7041,#7042,
#7043,#7044,#7045,#7046,#7047,#7048,#7049,#7050,#7051,#7052,#7053,#7054,
#7055,#7056,#7057,#7058,#7059,#7060,#7061,#7062,#7063,#7064,#7065,#7066,
#7067,#7068,#7069,#7070,#7071,#7072,#7073,#7074,#7075,#7076,#7077,#7078,
#7079,#7080,#7081,#7082,#7083,#7084,#7085,#7086,#7087,#7088,#7089,#7090,
#7091,#7092,#7093,#7094,#7095,#7096,#7097,#7098,#7099,#7100,#7101,#7102,
#7103));
#7375=CLOSED_SHELL('',(#7104,#7105,#7106,#7107,#7108,#7109,#7110,#7111,
#7112,#7113));
#7376=CLOSED_SHELL('',(#7114,#7115,#7116,#7117,#7118,#7119));
#7377=CLOSED_SHELL('',(#7120,#7121,#7122,#7123));
#7378=CLOSED_SHELL('',(#7124,#7125,#7126,#7127));
#7379=CLOSED_SHELL('',(#7128,#7129,#7130,#7131,#7132,#7133));
#7380=CLOSED_SHELL('',(#7134,#7135,#7136,#7137,#7138,#7139));
#7381=CLOSED_SHELL('',(#7140,#7141,#7142,#7143,#7144,#7145,#7146,#7147,
#7148,#7149,#7150,#7151,#7152,#7153,#7154,#7155,#7156,#7157,#7158,#7159,
#7160,#7161,#7162,#7163,#7164,#7165,#7166,#7167,#7168,#7169));
#7382=CLOSED_SHELL('',(#7170,#7171,#7172,#7173,#7174,#7175));
#7383=CLOSED_SHELL('',(#7176,#7177,#7178,#7179,#7180,#7181));
#7384=CLOSED_SHELL('',(#7182,#7183,#7184,#7185,#7186,#7187));
#7385=CLOSED_SHELL('',(#7188,#7189,#7190,#7191,#7192,#7193,#7194,#7195,
#7196,#7197,#7198));
#7386=CLOSED_SHELL('',(#7199,#7200,#7201));
#7387=CLOSED_SHELL('',(#7202,#7203,#7204));
#7388=CLOSED_SHELL('',(#7205,#7206,#7207,#7208,#7209,#7210));
#7389=CLOSED_SHELL('',(#7211,#7212,#7213,#7214,#7215,#7216,#7217,#7218,
#7219,#7220,#7221,#7222,#7223,#7224,#7225,#7226,#7227,#7228,#7229,#7230,
#7231,#7232,#7233,#7234,#7235));
#7390=CLOSED_SHELL('',(#7236,#7237,#7238,#7239,#7240,#7241,#7242,#7243,
#7244,#7245));
#7391=CLOSED_SHELL('',(#7246,#7247,#7248,#7249,#7250,#7251));
#7392=CLOSED_SHELL('',(#7252,#7253,#7254));
#7393=CLOSED_SHELL('',(#7255,#7256,#7257));
#7394=CLOSED_SHELL('',(#7258,#7259,#7260,#7261,#7262,#7263));
#7395=CLOSED_SHELL('',(#7264,#7265,#7266,#7267,#7268,#7269));
#7396=CLOSED_SHELL('',(#7270,#7271,#7272,#7273,#7274,#7275));
#7397=CLOSED_SHELL('',(#7276,#7277,#7278));
#7398=CLOSED_SHELL('',(#7279,#7280,#7281));
#7399=CLOSED_SHELL('',(#7282,#7283,#7284,#7285,#7286,#7287));
#7400=CLOSED_SHELL('',(#7288,#7289,#7290,#7291,#7292,#7293));
#7401=CLOSED_SHELL('',(#7294,#7295,#7296,#7297,#7298,#7299));
#7402=CLOSED_SHELL('',(#7300,#7301,#7302,#7303,#7304,#7305));
#7403=CLOSED_SHELL('',(#7306,#7307,#7308,#7309,#7310,#7311));
#7404=CLOSED_SHELL('',(#7312,#7313,#7314,#7315));
#7405=CLOSED_SHELL('',(#7316,#7317,#7318));
#7406=CLOSED_SHELL('',(#7319,#7320,#7321));
#7407=CLOSED_SHELL('',(#7322,#7323,#7324,#7325));
#7408=CLOSED_SHELL('',(#7326,#7327,#7328));
#7409=CLOSED_SHELL('',(#7329,#7330,#7331));
#7410=CLOSED_SHELL('',(#7332,#7333,#7334,#7335));
#7411=CLOSED_SHELL('',(#7336,#7337,#7338));
#7412=CLOSED_SHELL('',(#7339,#7340,#7341));
#7413=CLOSED_SHELL('',(#7342,#7343,#7344,#7345));
#7414=CLOSED_SHELL('',(#7346,#7347,#7348));
#7415=CLOSED_SHELL('',(#7349,#7350,#7351));
#7416=CLOSED_SHELL('',(#7352,#7353,#7354,#7355));
#7417=CLOSED_SHELL('',(#7356,#7357,#7358));
#7418=CLOSED_SHELL('',(#7359,#7360,#7361));
#7419=CLOSED_SHELL('',(#7362,#7363,#7364,#7365));
#7420=CLOSED_SHELL('',(#7366,#7367,#7368));
#7421=CLOSED_SHELL('',(#7369,#7370,#7371));
#7422=DERIVED_UNIT_ELEMENT(#7460,1.);
#7423=DERIVED_UNIT_ELEMENT(#12623,-3.);
#7424=DERIVED_UNIT_ELEMENT(#7460,1.);
#7425=DERIVED_UNIT_ELEMENT(#12623,-3.);
#7426=DERIVED_UNIT_ELEMENT(#7460,1.);
#7427=DERIVED_UNIT_ELEMENT(#12623,-3.);
#7428=DERIVED_UNIT_ELEMENT(#7460,1.);
#7429=DERIVED_UNIT_ELEMENT(#12623,-3.);
#7430=DERIVED_UNIT_ELEMENT(#7460,1.);
#7431=DERIVED_UNIT_ELEMENT(#12623,-3.);
#7432=DERIVED_UNIT_ELEMENT(#7460,1.);
#7433=DERIVED_UNIT_ELEMENT(#12623,-3.);
#7434=DERIVED_UNIT_ELEMENT(#7460,1.);
#7435=DERIVED_UNIT_ELEMENT(#12623,-3.);
#7436=DERIVED_UNIT_ELEMENT(#7460,1.);
#7437=DERIVED_UNIT_ELEMENT(#12623,-3.);
#7438=DERIVED_UNIT_ELEMENT(#7460,1.);
#7439=DERIVED_UNIT_ELEMENT(#12623,-3.);
#7440=DERIVED_UNIT_ELEMENT(#7460,1.);
#7441=DERIVED_UNIT_ELEMENT(#12623,-3.);
#7442=DERIVED_UNIT_ELEMENT(#7460,1.);
#7443=DERIVED_UNIT_ELEMENT(#12623,-3.);
#7444=DERIVED_UNIT_ELEMENT(#7460,1.);
#7445=DERIVED_UNIT_ELEMENT(#12623,-3.);
#7446=DERIVED_UNIT_ELEMENT(#7460,1.);
#7447=DERIVED_UNIT_ELEMENT(#12623,-3.);
#7448=DERIVED_UNIT_ELEMENT(#7460,1.);
#7449=DERIVED_UNIT_ELEMENT(#12623,-3.);
#7450=DERIVED_UNIT_ELEMENT(#7460,1.);
#7451=DERIVED_UNIT_ELEMENT(#12623,-3.);
#7452=DERIVED_UNIT_ELEMENT(#7460,1.);
#7453=DERIVED_UNIT_ELEMENT(#12623,-3.);
#7454=DERIVED_UNIT_ELEMENT(#7460,1.);
#7455=DERIVED_UNIT_ELEMENT(#12623,-3.);
#7456=DERIVED_UNIT_ELEMENT(#7460,1.);
#7457=DERIVED_UNIT_ELEMENT(#12623,-3.);
#7458=DERIVED_UNIT_ELEMENT(#7460,1.);
#7459=DERIVED_UNIT_ELEMENT(#12623,-3.);
#7460=(
MASS_UNIT()
NAMED_UNIT(*)
SI_UNIT(.KILO.,.GRAM.)
);
#7461=DERIVED_UNIT((#7422,#7423));
#7462=DERIVED_UNIT((#7424,#7425));
#7463=DERIVED_UNIT((#7426,#7427));
#7464=DERIVED_UNIT((#7428,#7429));
#7465=DERIVED_UNIT((#7430,#7431));
#7466=DERIVED_UNIT((#7432,#7433));
#7467=DERIVED_UNIT((#7434,#7435));
#7468=DERIVED_UNIT((#7436,#7437));
#7469=DERIVED_UNIT((#7438,#7439));
#7470=DERIVED_UNIT((#7440,#7441));
#7471=DERIVED_UNIT((#7442,#7443));
#7472=DERIVED_UNIT((#7444,#7445));
#7473=DERIVED_UNIT((#7446,#7447));
#7474=DERIVED_UNIT((#7448,#7449));
#7475=DERIVED_UNIT((#7450,#7451));
#7476=DERIVED_UNIT((#7452,#7453));
#7477=DERIVED_UNIT((#7454,#7455));
#7478=DERIVED_UNIT((#7456,#7457));
#7479=DERIVED_UNIT((#7458,#7459));
#7480=MEASURE_REPRESENTATION_ITEM('density measure',
POSITIVE_RATIO_MEASURE(7850.),#7461);
#7481=MEASURE_REPRESENTATION_ITEM('density measure',
POSITIVE_RATIO_MEASURE(7850.),#7462);
#7482=MEASURE_REPRESENTATION_ITEM('density measure',
POSITIVE_RATIO_MEASURE(7850.),#7463);
#7483=MEASURE_REPRESENTATION_ITEM('density measure',
POSITIVE_RATIO_MEASURE(7850.),#7464);
#7484=MEASURE_REPRESENTATION_ITEM('density measure',
POSITIVE_RATIO_MEASURE(7850.),#7465);
#7485=MEASURE_REPRESENTATION_ITEM('density measure',
POSITIVE_RATIO_MEASURE(7850.),#7466);
#7486=MEASURE_REPRESENTATION_ITEM('density measure',
POSITIVE_RATIO_MEASURE(7850.),#7467);
#7487=MEASURE_REPRESENTATION_ITEM('density measure',
POSITIVE_RATIO_MEASURE(7850.),#7468);
#7488=MEASURE_REPRESENTATION_ITEM('density measure',
POSITIVE_RATIO_MEASURE(7850.),#7469);
#7489=MEASURE_REPRESENTATION_ITEM('density measure',
POSITIVE_RATIO_MEASURE(7850.),#7470);
#7490=MEASURE_REPRESENTATION_ITEM('density measure',
POSITIVE_RATIO_MEASURE(7850.),#7471);
#7491=MEASURE_REPRESENTATION_ITEM('density measure',
POSITIVE_RATIO_MEASURE(7850.),#7472);
#7492=MEASURE_REPRESENTATION_ITEM('density measure',
POSITIVE_RATIO_MEASURE(7850.),#7473);
#7493=MEASURE_REPRESENTATION_ITEM('density measure',
POSITIVE_RATIO_MEASURE(7850.),#7474);
#7494=MEASURE_REPRESENTATION_ITEM('density measure',
POSITIVE_RATIO_MEASURE(7850.),#7475);
#7495=MEASURE_REPRESENTATION_ITEM('density measure',
POSITIVE_RATIO_MEASURE(7850.),#7476);
#7496=MEASURE_REPRESENTATION_ITEM('density measure',
POSITIVE_RATIO_MEASURE(7850.),#7477);
#7497=MEASURE_REPRESENTATION_ITEM('density measure',
POSITIVE_RATIO_MEASURE(7850.),#7478);
#7498=MEASURE_REPRESENTATION_ITEM('density measure',
POSITIVE_RATIO_MEASURE(7850.),#7479);
#7499=PROPERTY_DEFINITION_REPRESENTATION(#7594,#7537);
#7500=PROPERTY_DEFINITION_REPRESENTATION(#7595,#7538);
#7501=PROPERTY_DEFINITION_REPRESENTATION(#7596,#7539);
#7502=PROPERTY_DEFINITION_REPRESENTATION(#7597,#7540);
#7503=PROPERTY_DEFINITION_REPRESENTATION(#7598,#7541);
#7504=PROPERTY_DEFINITION_REPRESENTATION(#7599,#7542);
#7505=PROPERTY_DEFINITION_REPRESENTATION(#7600,#7543);
#7506=PROPERTY_DEFINITION_REPRESENTATION(#7601,#7544);
#7507=PROPERTY_DEFINITION_REPRESENTATION(#7602,#7545);
#7508=PROPERTY_DEFINITION_REPRESENTATION(#7603,#7546);
#7509=PROPERTY_DEFINITION_REPRESENTATION(#7604,#7547);
#7510=PROPERTY_DEFINITION_REPRESENTATION(#7605,#7548);
#7511=PROPERTY_DEFINITION_REPRESENTATION(#7606,#7549);
#7512=PROPERTY_DEFINITION_REPRESENTATION(#7607,#7550);
#7513=PROPERTY_DEFINITION_REPRESENTATION(#7608,#7551);
#7514=PROPERTY_DEFINITION_REPRESENTATION(#7609,#7552);
#7515=PROPERTY_DEFINITION_REPRESENTATION(#7610,#7553);
#7516=PROPERTY_DEFINITION_REPRESENTATION(#7611,#7554);
#7517=PROPERTY_DEFINITION_REPRESENTATION(#7612,#7555);
#7518=PROPERTY_DEFINITION_REPRESENTATION(#7613,#7556);
#7519=PROPERTY_DEFINITION_REPRESENTATION(#7614,#7557);
#7520=PROPERTY_DEFINITION_REPRESENTATION(#7615,#7558);
#7521=PROPERTY_DEFINITION_REPRESENTATION(#7616,#7559);
#7522=PROPERTY_DEFINITION_REPRESENTATION(#7617,#7560);
#7523=PROPERTY_DEFINITION_REPRESENTATION(#7618,#7561);
#7524=PROPERTY_DEFINITION_REPRESENTATION(#7619,#7562);
#7525=PROPERTY_DEFINITION_REPRESENTATION(#7620,#7563);
#7526=PROPERTY_DEFINITION_REPRESENTATION(#7621,#7564);
#7527=PROPERTY_DEFINITION_REPRESENTATION(#7622,#7565);
#7528=PROPERTY_DEFINITION_REPRESENTATION(#7623,#7566);
#7529=PROPERTY_DEFINITION_REPRESENTATION(#7624,#7567);
#7530=PROPERTY_DEFINITION_REPRESENTATION(#7625,#7568);
#7531=PROPERTY_DEFINITION_REPRESENTATION(#7626,#7569);
#7532=PROPERTY_DEFINITION_REPRESENTATION(#7627,#7570);
#7533=PROPERTY_DEFINITION_REPRESENTATION(#7628,#7571);
#7534=PROPERTY_DEFINITION_REPRESENTATION(#7629,#7572);
#7535=PROPERTY_DEFINITION_REPRESENTATION(#7630,#7573);
#7536=PROPERTY_DEFINITION_REPRESENTATION(#7631,#7574);
#7537=REPRESENTATION('material name',(#7575),#12602);
#7538=REPRESENTATION('density',(#7480),#12602);
#7539=REPRESENTATION('material name',(#7576),#12603);
#7540=REPRESENTATION('density',(#7481),#12603);
#7541=REPRESENTATION('material name',(#7577),#12604);
#7542=REPRESENTATION('density',(#7482),#12604);
#7543=REPRESENTATION('material name',(#7578),#12605);
#7544=REPRESENTATION('density',(#7483),#12605);
#7545=REPRESENTATION('material name',(#7579),#12606);
#7546=REPRESENTATION('density',(#7484),#12606);
#7547=REPRESENTATION('material name',(#7580),#12607);
#7548=REPRESENTATION('density',(#7485),#12607);
#7549=REPRESENTATION('material name',(#7581),#12608);
#7550=REPRESENTATION('density',(#7486),#12608);
#7551=REPRESENTATION('material name',(#7582),#12609);
#7552=REPRESENTATION('density',(#7487),#12609);
#7553=REPRESENTATION('material name',(#7583),#12610);
#7554=REPRESENTATION('density',(#7488),#12610);
#7555=REPRESENTATION('material name',(#7584),#12611);
#7556=REPRESENTATION('density',(#7489),#12611);
#7557=REPRESENTATION('material name',(#7585),#12612);
#7558=REPRESENTATION('density',(#7490),#12612);
#7559=REPRESENTATION('material name',(#7586),#12613);
#7560=REPRESENTATION('density',(#7491),#12613);
#7561=REPRESENTATION('material name',(#7587),#12614);
#7562=REPRESENTATION('density',(#7492),#12614);
#7563=REPRESENTATION('material name',(#7588),#12615);
#7564=REPRESENTATION('density',(#7493),#12615);
#7565=REPRESENTATION('material name',(#7589),#12616);
#7566=REPRESENTATION('density',(#7494),#12616);
#7567=REPRESENTATION('material name',(#7590),#12617);
#7568=REPRESENTATION('density',(#7495),#12617);
#7569=REPRESENTATION('material name',(#7591),#12618);
#7570=REPRESENTATION('density',(#7496),#12618);
#7571=REPRESENTATION('material name',(#7592),#12619);
#7572=REPRESENTATION('density',(#7497),#12619);
#7573=REPRESENTATION('material name',(#7593),#12620);
#7574=REPRESENTATION('density',(#7498),#12620);
#7575=DESCRIPTIVE_REPRESENTATION_ITEM('Steel','Steel');
#7576=DESCRIPTIVE_REPRESENTATION_ITEM('Steel','Steel');
#7577=DESCRIPTIVE_REPRESENTATION_ITEM('Steel','Steel');
#7578=DESCRIPTIVE_REPRESENTATION_ITEM('Steel','Steel');
#7579=DESCRIPTIVE_REPRESENTATION_ITEM('Steel','Steel');
#7580=DESCRIPTIVE_REPRESENTATION_ITEM('Steel','Steel');
#7581=DESCRIPTIVE_REPRESENTATION_ITEM('Steel','Steel');
#7582=DESCRIPTIVE_REPRESENTATION_ITEM('Steel','Steel');
#7583=DESCRIPTIVE_REPRESENTATION_ITEM('Steel','Steel');
#7584=DESCRIPTIVE_REPRESENTATION_ITEM('Steel','Steel');
#7585=DESCRIPTIVE_REPRESENTATION_ITEM('Steel','Steel');
#7586=DESCRIPTIVE_REPRESENTATION_ITEM('Steel','Steel');
#7587=DESCRIPTIVE_REPRESENTATION_ITEM('Steel','Steel');
#7588=DESCRIPTIVE_REPRESENTATION_ITEM('Steel','Steel');
#7589=DESCRIPTIVE_REPRESENTATION_ITEM('Steel','Steel');
#7590=DESCRIPTIVE_REPRESENTATION_ITEM('Steel','Steel');
#7591=DESCRIPTIVE_REPRESENTATION_ITEM('Steel','Steel');
#7592=DESCRIPTIVE_REPRESENTATION_ITEM('Steel','Steel');
#7593=DESCRIPTIVE_REPRESENTATION_ITEM('Steel','Steel');
#7594=PROPERTY_DEFINITION('material property','material name',#12707);
#7595=PROPERTY_DEFINITION('material property','density of part',#12707);
#7596=PROPERTY_DEFINITION('material property','material name',#12708);
#7597=PROPERTY_DEFINITION('material property','density of part',#12708);
#7598=PROPERTY_DEFINITION('material property','material name',#12709);
#7599=PROPERTY_DEFINITION('material property','density of part',#12709);
#7600=PROPERTY_DEFINITION('material property','material name',#12710);
#7601=PROPERTY_DEFINITION('material property','density of part',#12710);
#7602=PROPERTY_DEFINITION('material property','material name',#12711);
#7603=PROPERTY_DEFINITION('material property','density of part',#12711);
#7604=PROPERTY_DEFINITION('material property','material name',#12712);
#7605=PROPERTY_DEFINITION('material property','density of part',#12712);
#7606=PROPERTY_DEFINITION('material property','material name',#12713);
#7607=PROPERTY_DEFINITION('material property','density of part',#12713);
#7608=PROPERTY_DEFINITION('material property','material name',#12714);
#7609=PROPERTY_DEFINITION('material property','density of part',#12714);
#7610=PROPERTY_DEFINITION('material property','material name',#12715);
#7611=PROPERTY_DEFINITION('material property','density of part',#12715);
#7612=PROPERTY_DEFINITION('material property','material name',#12716);
#7613=PROPERTY_DEFINITION('material property','density of part',#12716);
#7614=PROPERTY_DEFINITION('material property','material name',#12717);
#7615=PROPERTY_DEFINITION('material property','density of part',#12717);
#7616=PROPERTY_DEFINITION('material property','material name',#12718);
#7617=PROPERTY_DEFINITION('material property','density of part',#12718);
#7618=PROPERTY_DEFINITION('material property','material name',#12719);
#7619=PROPERTY_DEFINITION('material property','density of part',#12719);
#7620=PROPERTY_DEFINITION('material property','material name',#12720);
#7621=PROPERTY_DEFINITION('material property','density of part',#12720);
#7622=PROPERTY_DEFINITION('material property','material name',#12721);
#7623=PROPERTY_DEFINITION('material property','density of part',#12721);
#7624=PROPERTY_DEFINITION('material property','material name',#12722);
#7625=PROPERTY_DEFINITION('material property','density of part',#12722);
#7626=PROPERTY_DEFINITION('material property','material name',#12723);
#7627=PROPERTY_DEFINITION('material property','density of part',#12723);
#7628=PROPERTY_DEFINITION('material property','material name',#12724);
#7629=PROPERTY_DEFINITION('material property','density of part',#12724);
#7630=PROPERTY_DEFINITION('material property','material name',#12725);
#7631=PROPERTY_DEFINITION('material property','density of part',#12725);
#7632=AXIS2_PLACEMENT_3D('',#10525,#8360,#8361);
#7633=AXIS2_PLACEMENT_3D('',#10526,#8362,#8363);
#7634=AXIS2_PLACEMENT_3D('',#10527,#8364,#8365);
#7635=AXIS2_PLACEMENT_3D('',#10529,#8366,#8367);
#7636=AXIS2_PLACEMENT_3D('',#10532,#8369,#8370);
#7637=AXIS2_PLACEMENT_3D('',#10533,#8371,#8372);
#7638=AXIS2_PLACEMENT_3D('',#10534,#8373,#8374);
#7639=AXIS2_PLACEMENT_3D('',#10536,#8375,#8376);
#7640=AXIS2_PLACEMENT_3D('',#10539,#8378,#8379);
#7641=AXIS2_PLACEMENT_3D('',#10540,#8380,#8381);
#7642=AXIS2_PLACEMENT_3D('',#10541,#8382,#8383);
#7643=AXIS2_PLACEMENT_3D('',#10543,#8384,#8385);
#7644=AXIS2_PLACEMENT_3D('',#10546,#8387,#8388);
#7645=AXIS2_PLACEMENT_3D('',#10547,#8389,#8390);
#7646=AXIS2_PLACEMENT_3D('',#10548,#8391,#8392);
#7647=AXIS2_PLACEMENT_3D('',#10550,#8393,#8394);
#7648=AXIS2_PLACEMENT_3D('',#10553,#8396,#8397);
#7649=AXIS2_PLACEMENT_3D('',#10554,#8398,#8399);
#7650=AXIS2_PLACEMENT_3D('',#10555,#8400,#8401);
#7651=AXIS2_PLACEMENT_3D('',#10557,#8402,#8403);
#7652=AXIS2_PLACEMENT_3D('',#10560,#8405,#8406);
#7653=AXIS2_PLACEMENT_3D('',#10561,#8407,#8408);
#7654=AXIS2_PLACEMENT_3D('',#10562,#8409,#8410);
#7655=AXIS2_PLACEMENT_3D('',#10564,#8411,#8412);
#7656=AXIS2_PLACEMENT_3D('',#10567,#8414,#8415);
#7657=AXIS2_PLACEMENT_3D('',#10568,#8416,#8417);
#7658=AXIS2_PLACEMENT_3D('',#10569,#8418,#8419);
#7659=AXIS2_PLACEMENT_3D('',#10571,#8420,#8421);
#7660=AXIS2_PLACEMENT_3D('',#10574,#8423,#8424);
#7661=AXIS2_PLACEMENT_3D('',#10575,#8425,#8426);
#7662=AXIS2_PLACEMENT_3D('',#10576,#8427,#8428);
#7663=AXIS2_PLACEMENT_3D('',#10578,#8429,#8430);
#7664=AXIS2_PLACEMENT_3D('',#10581,#8432,#8433);
#7665=AXIS2_PLACEMENT_3D('',#10582,#8434,#8435);
#7666=AXIS2_PLACEMENT_3D('',#10583,#8436,#8437);
#7667=AXIS2_PLACEMENT_3D('',#10585,#8438,#8439);
#7668=AXIS2_PLACEMENT_3D('',#10588,#8441,#8442);
#7669=AXIS2_PLACEMENT_3D('',#10589,#8443,#8444);
#7670=AXIS2_PLACEMENT_3D('',#10590,#8445,#8446);
#7671=AXIS2_PLACEMENT_3D('',#10592,#8447,#8448);
#7672=AXIS2_PLACEMENT_3D('',#10595,#8450,#8451);
#7673=AXIS2_PLACEMENT_3D('',#10596,#8452,#8453);
#7674=AXIS2_PLACEMENT_3D('',#10597,#8454,#8455);
#7675=AXIS2_PLACEMENT_3D('',#10599,#8456,#8457);
#7676=AXIS2_PLACEMENT_3D('',#10602,#8459,#8460);
#7677=AXIS2_PLACEMENT_3D('',#10603,#8461,#8462);
#7678=AXIS2_PLACEMENT_3D('',#10604,#8463,#8464);
#7679=AXIS2_PLACEMENT_3D('',#10606,#8465,#8466);
#7680=AXIS2_PLACEMENT_3D('',#10609,#8468,#8469);
#7681=AXIS2_PLACEMENT_3D('',#10610,#8470,#8471);
#7682=AXIS2_PLACEMENT_3D('',#10611,#8472,#8473);
#7683=AXIS2_PLACEMENT_3D('',#10613,#8474,#8475);
#7684=AXIS2_PLACEMENT_3D('',#10616,#8477,#8478);
#7685=AXIS2_PLACEMENT_3D('',#10617,#8479,#8480);
#7686=AXIS2_PLACEMENT_3D('',#10618,#8481,#8482);
#7687=AXIS2_PLACEMENT_3D('',#10620,#8483,#8484);
#7688=AXIS2_PLACEMENT_3D('',#10623,#8486,#8487);
#7689=AXIS2_PLACEMENT_3D('',#10624,#8488,#8489);
#7690=AXIS2_PLACEMENT_3D('',#10625,#8490,#8491);
#7691=AXIS2_PLACEMENT_3D('',#10627,#8492,#8493);
#7692=AXIS2_PLACEMENT_3D('',#10630,#8495,#8496);
#7693=AXIS2_PLACEMENT_3D('',#10631,#8497,#8498);
#7694=AXIS2_PLACEMENT_3D('',#10632,#8499,#8500);
#7695=AXIS2_PLACEMENT_3D('',#10634,#8501,#8502);
#7696=AXIS2_PLACEMENT_3D('',#10637,#8504,#8505);
#7697=AXIS2_PLACEMENT_3D('',#10638,#8506,#8507);
#7698=AXIS2_PLACEMENT_3D('',#10639,#8508,#8509);
#7699=AXIS2_PLACEMENT_3D('',#10648,#8514,#8515);
#7700=AXIS2_PLACEMENT_3D('',#10654,#8519,#8520);
#7701=AXIS2_PLACEMENT_3D('',#10660,#8524,#8525);
#7702=AXIS2_PLACEMENT_3D('',#10663,#8528,#8529);
#7703=AXIS2_PLACEMENT_3D('',#10665,#8530,#8531);
#7704=AXIS2_PLACEMENT_3D('',#10668,#8533,#8534);
#7705=AXIS2_PLACEMENT_3D('',#10669,#8535,#8536);
#7706=AXIS2_PLACEMENT_3D('',#10671,#8537,#8538);
#7707=AXIS2_PLACEMENT_3D('',#10674,#8540,#8541);
#7708=AXIS2_PLACEMENT_3D('',#10675,#8542,#8543);
#7709=AXIS2_PLACEMENT_3D('',#10677,#8544,#8545);
#7710=AXIS2_PLACEMENT_3D('',#10680,#8547,#8548);
#7711=AXIS2_PLACEMENT_3D('',#10681,#8549,#8550);
#7712=AXIS2_PLACEMENT_3D('',#10683,#8551,#8552);
#7713=AXIS2_PLACEMENT_3D('',#10686,#8554,#8555);
#7714=AXIS2_PLACEMENT_3D('',#10687,#8556,#8557);
#7715=AXIS2_PLACEMENT_3D('',#10688,#8558,#8559);
#7716=AXIS2_PLACEMENT_3D('',#10697,#8564,#8565);
#7717=AXIS2_PLACEMENT_3D('',#10706,#8570,#8571);
#7718=AXIS2_PLACEMENT_3D('',#10712,#8575,#8576);
#7719=AXIS2_PLACEMENT_3D('',#10713,#8577,#8578);
#7720=AXIS2_PLACEMENT_3D('',#10714,#8579,#8580);
#7721=AXIS2_PLACEMENT_3D('',#10715,#8581,#8582);
#7722=AXIS2_PLACEMENT_3D('',#10718,#8583,#8584);
#7723=AXIS2_PLACEMENT_3D('',#10722,#8586,#8587);
#7724=AXIS2_PLACEMENT_3D('',#10726,#8589,#8590);
#7725=AXIS2_PLACEMENT_3D('',#10730,#8592,#8593);
#7726=AXIS2_PLACEMENT_3D('',#10733,#8595,#8596);
#7727=AXIS2_PLACEMENT_3D('',#10735,#8597,#8598);
#7728=AXIS2_PLACEMENT_3D('',#10737,#8599,#8600);
#7729=AXIS2_PLACEMENT_3D('',#10739,#8601,#8602);
#7730=AXIS2_PLACEMENT_3D('',#10741,#8603,#8604);
#7731=AXIS2_PLACEMENT_3D('',#10745,#8606,#8607);
#7732=AXIS2_PLACEMENT_3D('',#10753,#8611,#8612);
#7733=AXIS2_PLACEMENT_3D('',#10757,#8614,#8615);
#7734=AXIS2_PLACEMENT_3D('',#10761,#8617,#8618);
#7735=AXIS2_PLACEMENT_3D('',#10765,#8620,#8621);
#7736=AXIS2_PLACEMENT_3D('',#10773,#8625,#8626);
#7737=AXIS2_PLACEMENT_3D('',#10781,#8630,#8631);
#7738=AXIS2_PLACEMENT_3D('',#10785,#8633,#8634);
#7739=AXIS2_PLACEMENT_3D('',#10788,#8636,#8637);
#7740=AXIS2_PLACEMENT_3D('',#10789,#8638,#8639);
#7741=AXIS2_PLACEMENT_3D('',#10791,#8640,#8641);
#7742=AXIS2_PLACEMENT_3D('',#10795,#8643,#8644);
#7743=AXIS2_PLACEMENT_3D('',#10799,#8646,#8647);
#7744=AXIS2_PLACEMENT_3D('',#10807,#8651,#8652);
#7745=AXIS2_PLACEMENT_3D('',#10815,#8656,#8657);
#7746=AXIS2_PLACEMENT_3D('',#10819,#8659,#8660);
#7747=AXIS2_PLACEMENT_3D('',#10823,#8662,#8663);
#7748=AXIS2_PLACEMENT_3D('',#10827,#8665,#8666);
#7749=AXIS2_PLACEMENT_3D('',#10835,#8670,#8671);
#7750=AXIS2_PLACEMENT_3D('',#10845,#8677,#8678);
#7751=AXIS2_PLACEMENT_3D('',#10847,#8679,#8680);
#7752=AXIS2_PLACEMENT_3D('',#10849,#8682,#8683);
#7753=AXIS2_PLACEMENT_3D('',#10850,#8684,#8685);
#7754=AXIS2_PLACEMENT_3D('',#10852,#8687,#8688);
#7755=AXIS2_PLACEMENT_3D('',#10855,#8691,#8692);
#7756=AXIS2_PLACEMENT_3D('',#10857,#8694,#8695);
#7757=AXIS2_PLACEMENT_3D('',#10858,#8696,#8697);
#7758=AXIS2_PLACEMENT_3D('',#10860,#8698,#8699);
#7759=AXIS2_PLACEMENT_3D('',#10862,#8701,#8702);
#7760=AXIS2_PLACEMENT_3D('',#10863,#8703,#8704);
#7761=AXIS2_PLACEMENT_3D('',#10865,#8706,#8707);
#7762=AXIS2_PLACEMENT_3D('',#10868,#8710,#8711);
#7763=AXIS2_PLACEMENT_3D('',#10870,#8713,#8714);
#7764=AXIS2_PLACEMENT_3D('',#10871,#8715,#8716);
#7765=AXIS2_PLACEMENT_3D('',#10873,#8717,#8718);
#7766=AXIS2_PLACEMENT_3D('',#10875,#8720,#8721);
#7767=AXIS2_PLACEMENT_3D('',#10876,#8722,#8723);
#7768=AXIS2_PLACEMENT_3D('',#10879,#8726,#8727);
#7769=AXIS2_PLACEMENT_3D('',#10882,#8730,#8731);
#7770=AXIS2_PLACEMENT_3D('',#10883,#8732,#8733);
#7771=AXIS2_PLACEMENT_3D('',#10885,#8734,#8735);
#7772=AXIS2_PLACEMENT_3D('',#10887,#8737,#8738);
#7773=AXIS2_PLACEMENT_3D('',#10888,#8739,#8740);
#7774=AXIS2_PLACEMENT_3D('',#10891,#8743,#8744);
#7775=AXIS2_PLACEMENT_3D('',#10894,#8747,#8748);
#7776=AXIS2_PLACEMENT_3D('',#10895,#8749,#8750);
#7777=AXIS2_PLACEMENT_3D('',#10896,#8751,#8752);
#7778=AXIS2_PLACEMENT_3D('',#10898,#8753,#8754);
#7779=AXIS2_PLACEMENT_3D('',#10900,#8756,#8757);
#7780=AXIS2_PLACEMENT_3D('',#10901,#8758,#8759);
#7781=AXIS2_PLACEMENT_3D('',#10904,#8762,#8763);
#7782=AXIS2_PLACEMENT_3D('',#10907,#8766,#8767);
#7783=AXIS2_PLACEMENT_3D('',#10908,#8768,#8769);
#7784=AXIS2_PLACEMENT_3D('',#10909,#8770,#8771);
#7785=AXIS2_PLACEMENT_3D('',#10915,#8775,#8776);
#7786=AXIS2_PLACEMENT_3D('',#10919,#8779,#8780);
#7787=AXIS2_PLACEMENT_3D('',#10923,#8783,#8784);
#7788=AXIS2_PLACEMENT_3D('',#10925,#8786,#8787);
#7789=AXIS2_PLACEMENT_3D('',#10927,#8789,#8790);
#7790=AXIS2_PLACEMENT_3D('',#10929,#8792,#8793);
#7791=AXIS2_PLACEMENT_3D('',#10930,#8794,#8795);
#7792=AXIS2_PLACEMENT_3D('',#10932,#8797,#8798);
#7793=AXIS2_PLACEMENT_3D('',#10933,#8799,#8800);
#7794=AXIS2_PLACEMENT_3D('',#10937,#8802,#8803);
#7795=AXIS2_PLACEMENT_3D('',#10939,#8805,#8806);
#7796=AXIS2_PLACEMENT_3D('',#10943,#8809,#8810);
#7797=AXIS2_PLACEMENT_3D('',#10947,#8812,#8813);
#7798=AXIS2_PLACEMENT_3D('',#10949,#8815,#8816);
#7799=AXIS2_PLACEMENT_3D('',#10953,#8819,#8820);
#7800=AXIS2_PLACEMENT_3D('',#10955,#8821,#8822);
#7801=AXIS2_PLACEMENT_3D('',#10957,#8824,#8825);
#7802=AXIS2_PLACEMENT_3D('',#10960,#8827,#8828);
#7803=AXIS2_PLACEMENT_3D('',#10961,#8829,#8830);
#7804=AXIS2_PLACEMENT_3D('',#10963,#8832,#8833);
#7805=AXIS2_PLACEMENT_3D('',#10965,#8835,#8836);
#7806=AXIS2_PLACEMENT_3D('',#10966,#8837,#8838);
#7807=AXIS2_PLACEMENT_3D('',#10967,#8839,#8840);
#7808=AXIS2_PLACEMENT_3D('',#10969,#8841,#8842);
#7809=AXIS2_PLACEMENT_3D('',#10972,#8844,#8845);
#7810=AXIS2_PLACEMENT_3D('',#10973,#8846,#8847);
#7811=AXIS2_PLACEMENT_3D('',#10975,#8848,#8849);
#7812=AXIS2_PLACEMENT_3D('',#10976,#8850,#8851);
#7813=AXIS2_PLACEMENT_3D('',#10978,#8852,#8853);
#7814=AXIS2_PLACEMENT_3D('',#10981,#8855,#8856);
#7815=AXIS2_PLACEMENT_3D('',#10982,#8857,#8858);
#7816=AXIS2_PLACEMENT_3D('',#10984,#8859,#8860);
#7817=AXIS2_PLACEMENT_3D('',#10985,#8861,#8862);
#7818=AXIS2_PLACEMENT_3D('',#10987,#8863,#8864);
#7819=AXIS2_PLACEMENT_3D('',#10990,#8866,#8867);
#7820=AXIS2_PLACEMENT_3D('',#10991,#8868,#8869);
#7821=AXIS2_PLACEMENT_3D('',#10993,#8870,#8871);
#7822=AXIS2_PLACEMENT_3D('',#10994,#8872,#8873);
#7823=AXIS2_PLACEMENT_3D('',#10996,#8874,#8875);
#7824=AXIS2_PLACEMENT_3D('',#10999,#8877,#8878);
#7825=AXIS2_PLACEMENT_3D('',#11000,#8879,#8880);
#7826=AXIS2_PLACEMENT_3D('',#11002,#8881,#8882);
#7827=AXIS2_PLACEMENT_3D('',#11003,#8883,#8884);
#7828=AXIS2_PLACEMENT_3D('',#11005,#8885,#8886);
#7829=AXIS2_PLACEMENT_3D('',#11008,#8888,#8889);
#7830=AXIS2_PLACEMENT_3D('',#11009,#8890,#8891);
#7831=AXIS2_PLACEMENT_3D('',#11011,#8892,#8893);
#7832=AXIS2_PLACEMENT_3D('',#11012,#8894,#8895);
#7833=AXIS2_PLACEMENT_3D('',#11014,#8896,#8897);
#7834=AXIS2_PLACEMENT_3D('',#11017,#8899,#8900);
#7835=AXIS2_PLACEMENT_3D('',#11018,#8901,#8902);
#7836=AXIS2_PLACEMENT_3D('',#11020,#8903,#8904);
#7837=AXIS2_PLACEMENT_3D('',#11021,#8905,#8906);
#7838=AXIS2_PLACEMENT_3D('',#11023,#8907,#8908);
#7839=AXIS2_PLACEMENT_3D('',#11025,#8910,#8911);
#7840=AXIS2_PLACEMENT_3D('',#11027,#8912,#8913);
#7841=AXIS2_PLACEMENT_3D('',#11029,#8915,#8916);
#7842=AXIS2_PLACEMENT_3D('',#11031,#8917,#8918);
#7843=AXIS2_PLACEMENT_3D('',#11033,#8920,#8921);
#7844=AXIS2_PLACEMENT_3D('',#11035,#8922,#8923);
#7845=AXIS2_PLACEMENT_3D('',#11037,#8925,#8926);
#7846=AXIS2_PLACEMENT_3D('',#11039,#8927,#8928);
#7847=AXIS2_PLACEMENT_3D('',#11041,#8930,#8931);
#7848=AXIS2_PLACEMENT_3D('',#11043,#8932,#8933);
#7849=AXIS2_PLACEMENT_3D('',#11045,#8935,#8936);
#7850=AXIS2_PLACEMENT_3D('',#11048,#8937,#8938);
#7851=AXIS2_PLACEMENT_3D('',#11052,#8940,#8941);
#7852=AXIS2_PLACEMENT_3D('',#11054,#8943,#8944);
#7853=AXIS2_PLACEMENT_3D('',#11060,#8948,#8949);
#7854=AXIS2_PLACEMENT_3D('',#11064,#8951,#8952);
#7855=AXIS2_PLACEMENT_3D('',#11068,#8954,#8955);
#7856=AXIS2_PLACEMENT_3D('',#11071,#8957,#8958);
#7857=AXIS2_PLACEMENT_3D('',#11072,#8959,#8960);
#7858=AXIS2_PLACEMENT_3D('',#11076,#8962,#8963);
#7859=AXIS2_PLACEMENT_3D('',#11078,#8965,#8966);
#7860=AXIS2_PLACEMENT_3D('',#11082,#8969,#8970);
#7861=AXIS2_PLACEMENT_3D('',#11084,#8971,#8972);
#7862=AXIS2_PLACEMENT_3D('',#11086,#8974,#8975);
#7863=AXIS2_PLACEMENT_3D('',#11089,#8977,#8978);
#7864=AXIS2_PLACEMENT_3D('',#11090,#8979,#8980);
#7865=AXIS2_PLACEMENT_3D('',#11092,#8982,#8983);
#7866=AXIS2_PLACEMENT_3D('',#11094,#8985,#8986);
#7867=AXIS2_PLACEMENT_3D('',#11095,#8987,#8988);
#7868=AXIS2_PLACEMENT_3D('',#11096,#8989,#8990);
#7869=AXIS2_PLACEMENT_3D('',#11105,#8995,#8996);
#7870=AXIS2_PLACEMENT_3D('',#11111,#9000,#9001);
#7871=AXIS2_PLACEMENT_3D('',#11117,#9005,#9006);
#7872=AXIS2_PLACEMENT_3D('',#11120,#9009,#9010);
#7873=AXIS2_PLACEMENT_3D('',#11122,#9011,#9012);
#7874=AXIS2_PLACEMENT_3D('',#11125,#9014,#9015);
#7875=AXIS2_PLACEMENT_3D('',#11126,#9016,#9017);
#7876=AXIS2_PLACEMENT_3D('',#11135,#9022,#9023);
#7877=AXIS2_PLACEMENT_3D('',#11141,#9027,#9028);
#7878=AXIS2_PLACEMENT_3D('',#11147,#9032,#9033);
#7879=AXIS2_PLACEMENT_3D('',#11149,#9035,#9036);
#7880=AXIS2_PLACEMENT_3D('',#11151,#9038,#9039);
#7881=AXIS2_PLACEMENT_3D('',#11153,#9040,#9041);
#7882=AXIS2_PLACEMENT_3D('',#11156,#9043,#9044);
#7883=AXIS2_PLACEMENT_3D('',#11157,#9045,#9046);
#7884=AXIS2_PLACEMENT_3D('',#11166,#9051,#9052);
#7885=AXIS2_PLACEMENT_3D('',#11172,#9056,#9057);
#7886=AXIS2_PLACEMENT_3D('',#11178,#9061,#9062);
#7887=AXIS2_PLACEMENT_3D('',#11180,#9064,#9065);
#7888=AXIS2_PLACEMENT_3D('',#11182,#9067,#9068);
#7889=AXIS2_PLACEMENT_3D('',#11184,#9069,#9070);
#7890=AXIS2_PLACEMENT_3D('',#11187,#9072,#9073);
#7891=AXIS2_PLACEMENT_3D('',#11188,#9074,#9075);
#7892=AXIS2_PLACEMENT_3D('',#11197,#9080,#9081);
#7893=AXIS2_PLACEMENT_3D('',#11203,#9085,#9086);
#7894=AXIS2_PLACEMENT_3D('',#11209,#9090,#9091);
#7895=AXIS2_PLACEMENT_3D('',#11211,#9093,#9094);
#7896=AXIS2_PLACEMENT_3D('',#11213,#9096,#9097);
#7897=AXIS2_PLACEMENT_3D('',#11215,#9098,#9099);
#7898=AXIS2_PLACEMENT_3D('',#11218,#9101,#9102);
#7899=AXIS2_PLACEMENT_3D('',#11219,#9103,#9104);
#7900=AXIS2_PLACEMENT_3D('',#11228,#9109,#9110);
#7901=AXIS2_PLACEMENT_3D('',#11234,#9114,#9115);
#7902=AXIS2_PLACEMENT_3D('',#11240,#9119,#9120);
#7903=AXIS2_PLACEMENT_3D('',#11242,#9122,#9123);
#7904=AXIS2_PLACEMENT_3D('',#11244,#9125,#9126);
#7905=AXIS2_PLACEMENT_3D('',#11246,#9127,#9128);
#7906=AXIS2_PLACEMENT_3D('',#11249,#9130,#9131);
#7907=AXIS2_PLACEMENT_3D('',#11250,#9132,#9133);
#7908=AXIS2_PLACEMENT_3D('',#11251,#9134,#9135);
#7909=AXIS2_PLACEMENT_3D('',#11256,#9137,#9138);
#7910=AXIS2_PLACEMENT_3D('',#11259,#9140,#9141);
#7911=AXIS2_PLACEMENT_3D('',#11260,#9142,#9143);
#7912=AXIS2_PLACEMENT_3D('',#11264,#9145,#9146);
#7913=AXIS2_PLACEMENT_3D('',#11265,#9147,#9148);
#7914=AXIS2_PLACEMENT_3D('',#11266,#9149,#9150);
#7915=AXIS2_PLACEMENT_3D('',#11276,#9155,#9156);
#7916=AXIS2_PLACEMENT_3D('',#11286,#9162,#9163);
#7917=AXIS2_PLACEMENT_3D('',#11288,#9164,#9165);
#7918=AXIS2_PLACEMENT_3D('',#11292,#9167,#9168);
#7919=AXIS2_PLACEMENT_3D('',#11294,#9169,#9170);
#7920=AXIS2_PLACEMENT_3D('',#11304,#9176,#9177);
#7921=AXIS2_PLACEMENT_3D('',#11306,#9178,#9179);
#7922=AXIS2_PLACEMENT_3D('',#11309,#9181,#9182);
#7923=AXIS2_PLACEMENT_3D('',#11311,#9183,#9184);
#7924=AXIS2_PLACEMENT_3D('',#11312,#9185,#9186);
#7925=AXIS2_PLACEMENT_3D('',#11318,#9190,#9191);
#7926=AXIS2_PLACEMENT_3D('',#11319,#9192,#9193);
#7927=AXIS2_PLACEMENT_3D('',#11323,#9196,#9197);
#7928=AXIS2_PLACEMENT_3D('',#11325,#9199,#9200);
#7929=AXIS2_PLACEMENT_3D('',#11327,#9201,#9202);
#7930=AXIS2_PLACEMENT_3D('',#11329,#9204,#9205);
#7931=AXIS2_PLACEMENT_3D('',#11330,#9206,#9207);
#7932=AXIS2_PLACEMENT_3D('',#11333,#9209,#9210);
#7933=AXIS2_PLACEMENT_3D('',#11335,#9212,#9213);
#7934=AXIS2_PLACEMENT_3D('',#11338,#9215,#9216);
#7935=AXIS2_PLACEMENT_3D('',#11339,#9217,#9218);
#7936=AXIS2_PLACEMENT_3D('',#11343,#9221,#9222);
#7937=AXIS2_PLACEMENT_3D('',#11347,#9224,#9225);
#7938=AXIS2_PLACEMENT_3D('',#11351,#9227,#9228);
#7939=AXIS2_PLACEMENT_3D('',#11353,#9230,#9231);
#7940=AXIS2_PLACEMENT_3D('',#11355,#9233,#9234);
#7941=AXIS2_PLACEMENT_3D('',#11357,#9235,#9236);
#7942=AXIS2_PLACEMENT_3D('',#11359,#9238,#9239);
#7943=AXIS2_PLACEMENT_3D('',#11360,#9240,#9241);
#7944=AXIS2_PLACEMENT_3D('',#11363,#9244,#9245);
#7945=AXIS2_PLACEMENT_3D('',#11366,#9247,#9248);
#7946=AXIS2_PLACEMENT_3D('',#11367,#9249,#9250);
#7947=AXIS2_PLACEMENT_3D('',#11368,#9251,#9252);
#7948=AXIS2_PLACEMENT_3D('',#11370,#9254,#9255);
#7949=AXIS2_PLACEMENT_3D('',#11375,#9259,#9260);
#7950=AXIS2_PLACEMENT_3D('',#11377,#9261,#9262);
#7951=AXIS2_PLACEMENT_3D('',#11379,#9264,#9265);
#7952=AXIS2_PLACEMENT_3D('',#11380,#9266,#9267);
#7953=AXIS2_PLACEMENT_3D('',#11384,#9270,#9271);
#7954=AXIS2_PLACEMENT_3D('',#11385,#9272,#9273);
#7955=AXIS2_PLACEMENT_3D('',#11386,#9274,#9275);
#7956=AXIS2_PLACEMENT_3D('',#11390,#9278,#9279);
#7957=AXIS2_PLACEMENT_3D('',#11392,#9281,#9282);
#7958=AXIS2_PLACEMENT_3D('',#11395,#9284,#9285);
#7959=AXIS2_PLACEMENT_3D('',#11396,#9286,#9287);
#7960=AXIS2_PLACEMENT_3D('',#11399,#9289,#9290);
#7961=AXIS2_PLACEMENT_3D('',#11400,#9291,#9292);
#7962=AXIS2_PLACEMENT_3D('',#11402,#9293,#9294);
#7963=AXIS2_PLACEMENT_3D('',#11404,#9296,#9297);
#7964=AXIS2_PLACEMENT_3D('',#11405,#9298,#9299);
#7965=AXIS2_PLACEMENT_3D('',#11406,#9300,#9301);
#7966=AXIS2_PLACEMENT_3D('',#11408,#9303,#9304);
#7967=AXIS2_PLACEMENT_3D('',#11409,#9305,#9306);
#7968=AXIS2_PLACEMENT_3D('',#11410,#9307,#9308);
#7969=AXIS2_PLACEMENT_3D('',#11416,#9312,#9313);
#7970=AXIS2_PLACEMENT_3D('',#11420,#9316,#9317);
#7971=AXIS2_PLACEMENT_3D('',#11424,#9320,#9321);
#7972=AXIS2_PLACEMENT_3D('',#11426,#9323,#9324);
#7973=AXIS2_PLACEMENT_3D('',#11427,#9325,#9326);
#7974=AXIS2_PLACEMENT_3D('',#11428,#9327,#9328);
#7975=AXIS2_PLACEMENT_3D('',#11430,#9329,#9330);
#7976=AXIS2_PLACEMENT_3D('',#11433,#9332,#9333);
#7977=AXIS2_PLACEMENT_3D('',#11434,#9334,#9335);
#7978=AXIS2_PLACEMENT_3D('',#11436,#9336,#9337);
#7979=AXIS2_PLACEMENT_3D('',#11439,#9339,#9340);
#7980=AXIS2_PLACEMENT_3D('',#11440,#9341,#9342);
#7981=AXIS2_PLACEMENT_3D('',#11442,#9343,#9344);
#7982=AXIS2_PLACEMENT_3D('',#11445,#9346,#9347);
#7983=AXIS2_PLACEMENT_3D('',#11446,#9348,#9349);
#7984=AXIS2_PLACEMENT_3D('',#11448,#9350,#9351);
#7985=AXIS2_PLACEMENT_3D('',#11451,#9353,#9354);
#7986=AXIS2_PLACEMENT_3D('',#11452,#9355,#9356);
#7987=AXIS2_PLACEMENT_3D('',#11461,#9361,#9362);
#7988=AXIS2_PLACEMENT_3D('',#11467,#9366,#9367);
#7989=AXIS2_PLACEMENT_3D('',#11473,#9371,#9372);
#7990=AXIS2_PLACEMENT_3D('',#11476,#9375,#9376);
#7991=AXIS2_PLACEMENT_3D('',#11477,#9377,#9378);
#7992=AXIS2_PLACEMENT_3D('',#11478,#9379,#9380);
#7993=AXIS2_PLACEMENT_3D('',#11479,#9381,#9382);
#7994=AXIS2_PLACEMENT_3D('',#11488,#9387,#9388);
#7995=AXIS2_PLACEMENT_3D('',#11494,#9392,#9393);
#7996=AXIS2_PLACEMENT_3D('',#11500,#9397,#9398);
#7997=AXIS2_PLACEMENT_3D('',#11503,#9401,#9402);
#7998=AXIS2_PLACEMENT_3D('',#11504,#9403,#9404);
#7999=AXIS2_PLACEMENT_3D('',#11505,#9405,#9406);
#8000=AXIS2_PLACEMENT_3D('',#11506,#9407,#9408);
#8001=AXIS2_PLACEMENT_3D('',#11508,#9409,#9410);
#8002=AXIS2_PLACEMENT_3D('',#11511,#9412,#9413);
#8003=AXIS2_PLACEMENT_3D('',#11512,#9414,#9415);
#8004=AXIS2_PLACEMENT_3D('',#11514,#9416,#9417);
#8005=AXIS2_PLACEMENT_3D('',#11517,#9419,#9420);
#8006=AXIS2_PLACEMENT_3D('',#11518,#9421,#9422);
#8007=AXIS2_PLACEMENT_3D('',#11519,#9423,#9424);
#8008=AXIS2_PLACEMENT_3D('',#11520,#9425,#9426);
#8009=AXIS2_PLACEMENT_3D('',#11522,#9427,#9428);
#8010=AXIS2_PLACEMENT_3D('',#11525,#9430,#9431);
#8011=AXIS2_PLACEMENT_3D('',#11526,#9432,#9433);
#8012=AXIS2_PLACEMENT_3D('',#11528,#9434,#9435);
#8013=AXIS2_PLACEMENT_3D('',#11531,#9437,#9438);
#8014=AXIS2_PLACEMENT_3D('',#11532,#9439,#9440);
#8015=AXIS2_PLACEMENT_3D('',#11533,#9441,#9442);
#8016=AXIS2_PLACEMENT_3D('',#11534,#9443,#9444);
#8017=AXIS2_PLACEMENT_3D('',#11535,#9445,#9446);
#8018=AXIS2_PLACEMENT_3D('',#11544,#9451,#9452);
#8019=AXIS2_PLACEMENT_3D('',#11550,#9456,#9457);
#8020=AXIS2_PLACEMENT_3D('',#11556,#9461,#9462);
#8021=AXIS2_PLACEMENT_3D('',#11559,#9465,#9466);
#8022=AXIS2_PLACEMENT_3D('',#11560,#9467,#9468);
#8023=AXIS2_PLACEMENT_3D('',#11561,#9469,#9470);
#8024=AXIS2_PLACEMENT_3D('',#11562,#9471,#9472);
#8025=AXIS2_PLACEMENT_3D('',#11571,#9477,#9478);
#8026=AXIS2_PLACEMENT_3D('',#11577,#9482,#9483);
#8027=AXIS2_PLACEMENT_3D('',#11583,#9487,#9488);
#8028=AXIS2_PLACEMENT_3D('',#11586,#9491,#9492);
#8029=AXIS2_PLACEMENT_3D('',#11587,#9493,#9494);
#8030=AXIS2_PLACEMENT_3D('',#11588,#9495,#9496);
#8031=AXIS2_PLACEMENT_3D('',#11589,#9497,#9498);
#8032=AXIS2_PLACEMENT_3D('',#11591,#9499,#9500);
#8033=AXIS2_PLACEMENT_3D('',#11594,#9502,#9503);
#8034=AXIS2_PLACEMENT_3D('',#11595,#9504,#9505);
#8035=AXIS2_PLACEMENT_3D('',#11604,#9510,#9511);
#8036=AXIS2_PLACEMENT_3D('',#11610,#9515,#9516);
#8037=AXIS2_PLACEMENT_3D('',#11655,#9539,#9540);
#8038=AXIS2_PLACEMENT_3D('',#11657,#9541,#9542);
#8039=AXIS2_PLACEMENT_3D('',#11659,#9543,#9544);
#8040=AXIS2_PLACEMENT_3D('',#11660,#9545,#9546);
#8041=AXIS2_PLACEMENT_3D('',#11664,#9549,#9550);
#8042=AXIS2_PLACEMENT_3D('',#11667,#9552,#9553);
#8043=AXIS2_PLACEMENT_3D('',#11668,#9554,#9555);
#8044=AXIS2_PLACEMENT_3D('',#11672,#9558,#9559);
#8045=AXIS2_PLACEMENT_3D('',#11676,#9562,#9563);
#8046=AXIS2_PLACEMENT_3D('',#11680,#9566,#9567);
#8047=AXIS2_PLACEMENT_3D('',#11686,#9571,#9572);
#8048=AXIS2_PLACEMENT_3D('',#11690,#9575,#9576);
#8049=AXIS2_PLACEMENT_3D('',#11693,#9578,#9579);
#8050=AXIS2_PLACEMENT_3D('',#11694,#9580,#9581);
#8051=AXIS2_PLACEMENT_3D('',#11700,#9585,#9586);
#8052=AXIS2_PLACEMENT_3D('',#11704,#9589,#9590);
#8053=AXIS2_PLACEMENT_3D('',#11710,#9594,#9595);
#8054=AXIS2_PLACEMENT_3D('',#11734,#9609,#9610);
#8055=AXIS2_PLACEMENT_3D('',#11735,#9611,#9612);
#8056=AXIS2_PLACEMENT_3D('',#11737,#9614,#9615);
#8057=AXIS2_PLACEMENT_3D('',#11740,#9618,#9619);
#8058=AXIS2_PLACEMENT_3D('',#11743,#9622,#9623);
#8059=AXIS2_PLACEMENT_3D('',#11744,#9624,#9625);
#8060=AXIS2_PLACEMENT_3D('',#11745,#9626,#9627);
#8061=AXIS2_PLACEMENT_3D('',#11747,#9629,#9630);
#8062=AXIS2_PLACEMENT_3D('',#11749,#9632,#9633);
#8063=AXIS2_PLACEMENT_3D('',#11751,#9635,#9636);
#8064=AXIS2_PLACEMENT_3D('',#11753,#9638,#9639);
#8065=AXIS2_PLACEMENT_3D('',#11755,#9641,#9642);
#8066=AXIS2_PLACEMENT_3D('',#11756,#9643,#9644);
#8067=AXIS2_PLACEMENT_3D('',#11757,#9645,#9646);
#8068=AXIS2_PLACEMENT_3D('',#11758,#9647,#9648);
#8069=AXIS2_PLACEMENT_3D('',#11759,#9649,#9650);
#8070=AXIS2_PLACEMENT_3D('',#11760,#9651,#9652);
#8071=AXIS2_PLACEMENT_3D('',#11769,#9657,#9658);
#8072=AXIS2_PLACEMENT_3D('',#11775,#9662,#9663);
#8073=AXIS2_PLACEMENT_3D('',#11781,#9667,#9668);
#8074=AXIS2_PLACEMENT_3D('',#11784,#9671,#9672);
#8075=AXIS2_PLACEMENT_3D('',#11785,#9673,#9674);
#8076=AXIS2_PLACEMENT_3D('',#11786,#9675,#9676);
#8077=AXIS2_PLACEMENT_3D('',#11795,#9681,#9682);
#8078=AXIS2_PLACEMENT_3D('',#11801,#9686,#9687);
#8079=AXIS2_PLACEMENT_3D('',#11807,#9691,#9692);
#8080=AXIS2_PLACEMENT_3D('',#11810,#9695,#9696);
#8081=AXIS2_PLACEMENT_3D('',#11811,#9697,#9698);
#8082=AXIS2_PLACEMENT_3D('',#11812,#9699,#9700);
#8083=AXIS2_PLACEMENT_3D('',#11821,#9705,#9706);
#8084=AXIS2_PLACEMENT_3D('',#11827,#9710,#9711);
#8085=AXIS2_PLACEMENT_3D('',#11833,#9715,#9716);
#8086=AXIS2_PLACEMENT_3D('',#11836,#9719,#9720);
#8087=AXIS2_PLACEMENT_3D('',#11837,#9721,#9722);
#8088=AXIS2_PLACEMENT_3D('',#11838,#9723,#9724);
#8089=AXIS2_PLACEMENT_3D('',#11839,#9725,#9726);
#8090=AXIS2_PLACEMENT_3D('',#11848,#9731,#9732);
#8091=AXIS2_PLACEMENT_3D('',#11854,#9736,#9737);
#8092=AXIS2_PLACEMENT_3D('',#11860,#9741,#9742);
#8093=AXIS2_PLACEMENT_3D('',#11863,#9745,#9746);
#8094=AXIS2_PLACEMENT_3D('',#11864,#9747,#9748);
#8095=AXIS2_PLACEMENT_3D('',#11873,#9753,#9754);
#8096=AXIS2_PLACEMENT_3D('',#11879,#9758,#9759);
#8097=AXIS2_PLACEMENT_3D('',#11885,#9763,#9764);
#8098=AXIS2_PLACEMENT_3D('',#11888,#9767,#9768);
#8099=AXIS2_PLACEMENT_3D('',#11889,#9769,#9770);
#8100=AXIS2_PLACEMENT_3D('',#11890,#9771,#9772);
#8101=AXIS2_PLACEMENT_3D('',#11891,#9773,#9774);
#8102=AXIS2_PLACEMENT_3D('',#11893,#9775,#9776);
#8103=AXIS2_PLACEMENT_3D('',#11896,#9778,#9779);
#8104=AXIS2_PLACEMENT_3D('',#11897,#9780,#9781);
#8105=AXIS2_PLACEMENT_3D('',#11898,#9782,#9783);
#8106=AXIS2_PLACEMENT_3D('',#11899,#9784,#9785);
#8107=AXIS2_PLACEMENT_3D('',#11901,#9786,#9787);
#8108=AXIS2_PLACEMENT_3D('',#11904,#9789,#9790);
#8109=AXIS2_PLACEMENT_3D('',#11905,#9791,#9792);
#8110=AXIS2_PLACEMENT_3D('',#11906,#9793,#9794);
#8111=AXIS2_PLACEMENT_3D('',#11907,#9795,#9796);
#8112=AXIS2_PLACEMENT_3D('',#11908,#9797,#9798);
#8113=AXIS2_PLACEMENT_3D('',#11917,#9803,#9804);
#8114=AXIS2_PLACEMENT_3D('',#11923,#9808,#9809);
#8115=AXIS2_PLACEMENT_3D('',#11929,#9813,#9814);
#8116=AXIS2_PLACEMENT_3D('',#11932,#9817,#9818);
#8117=AXIS2_PLACEMENT_3D('',#11933,#9819,#9820);
#8118=AXIS2_PLACEMENT_3D('',#11934,#9821,#9822);
#8119=AXIS2_PLACEMENT_3D('',#11935,#9823,#9824);
#8120=AXIS2_PLACEMENT_3D('',#11944,#9829,#9830);
#8121=AXIS2_PLACEMENT_3D('',#11953,#9835,#9836);
#8122=AXIS2_PLACEMENT_3D('',#11956,#9839,#9840);
#8123=AXIS2_PLACEMENT_3D('',#11958,#9842,#9843);
#8124=AXIS2_PLACEMENT_3D('',#11960,#9845,#9846);
#8125=AXIS2_PLACEMENT_3D('',#11969,#9851,#9852);
#8126=AXIS2_PLACEMENT_3D('',#11978,#9857,#9858);
#8127=AXIS2_PLACEMENT_3D('',#11981,#9861,#9862);
#8128=AXIS2_PLACEMENT_3D('',#11983,#9864,#9865);
#8129=AXIS2_PLACEMENT_3D('',#11985,#9867,#9868);
#8130=AXIS2_PLACEMENT_3D('',#12002,#9877,#9878);
#8131=AXIS2_PLACEMENT_3D('',#12008,#9882,#9883);
#8132=AXIS2_PLACEMENT_3D('',#12012,#9886,#9887);
#8133=AXIS2_PLACEMENT_3D('',#12016,#9890,#9891);
#8134=AXIS2_PLACEMENT_3D('',#12018,#9893,#9894);
#8135=AXIS2_PLACEMENT_3D('',#12027,#9899,#9900);
#8136=AXIS2_PLACEMENT_3D('',#12033,#9904,#9905);
#8137=AXIS2_PLACEMENT_3D('',#12037,#9908,#9909);
#8138=AXIS2_PLACEMENT_3D('',#12041,#9912,#9913);
#8139=AXIS2_PLACEMENT_3D('',#12043,#9915,#9916);
#8140=AXIS2_PLACEMENT_3D('',#12049,#9920,#9921);
#8141=AXIS2_PLACEMENT_3D('',#12053,#9924,#9925);
#8142=AXIS2_PLACEMENT_3D('',#12057,#9928,#9929);
#8143=AXIS2_PLACEMENT_3D('',#12059,#9931,#9932);
#8144=AXIS2_PLACEMENT_3D('',#12060,#9933,#9934);
#8145=AXIS2_PLACEMENT_3D('',#12061,#9935,#9936);
#8146=AXIS2_PLACEMENT_3D('',#12070,#9941,#9942);
#8147=AXIS2_PLACEMENT_3D('',#12079,#9947,#9948);
#8148=AXIS2_PLACEMENT_3D('',#12082,#9951,#9952);
#8149=AXIS2_PLACEMENT_3D('',#12092,#9958,#9959);
#8150=AXIS2_PLACEMENT_3D('',#12096,#9962,#9963);
#8151=AXIS2_PLACEMENT_3D('',#12100,#9966,#9967);
#8152=AXIS2_PLACEMENT_3D('',#12104,#9970,#9971);
#8153=AXIS2_PLACEMENT_3D('',#12108,#9974,#9975);
#8154=AXIS2_PLACEMENT_3D('',#12110,#9977,#9978);
#8155=AXIS2_PLACEMENT_3D('',#12111,#9979,#9980);
#8156=AXIS2_PLACEMENT_3D('',#12120,#9985,#9986);
#8157=AXIS2_PLACEMENT_3D('',#12126,#9990,#9991);
#8158=AXIS2_PLACEMENT_3D('',#12132,#9995,#9996);
#8159=AXIS2_PLACEMENT_3D('',#12135,#9999,#10000);
#8160=AXIS2_PLACEMENT_3D('',#12136,#10001,#10002);
#8161=AXIS2_PLACEMENT_3D('',#12137,#10003,#10004);
#8162=AXIS2_PLACEMENT_3D('',#12138,#10005,#10006);
#8163=AXIS2_PLACEMENT_3D('',#12140,#10007,#10008);
#8164=AXIS2_PLACEMENT_3D('',#12143,#10010,#10011);
#8165=AXIS2_PLACEMENT_3D('',#12144,#10012,#10013);
#8166=AXIS2_PLACEMENT_3D('',#12145,#10014,#10015);
#8167=AXIS2_PLACEMENT_3D('',#12146,#10016,#10017);
#8168=AXIS2_PLACEMENT_3D('',#12148,#10018,#10019);
#8169=AXIS2_PLACEMENT_3D('',#12151,#10021,#10022);
#8170=AXIS2_PLACEMENT_3D('',#12152,#10023,#10024);
#8171=AXIS2_PLACEMENT_3D('',#12153,#10025,#10026);
#8172=AXIS2_PLACEMENT_3D('',#12154,#10027,#10028);
#8173=AXIS2_PLACEMENT_3D('',#12163,#10033,#10034);
#8174=AXIS2_PLACEMENT_3D('',#12169,#10038,#10039);
#8175=AXIS2_PLACEMENT_3D('',#12175,#10043,#10044);
#8176=AXIS2_PLACEMENT_3D('',#12178,#10047,#10048);
#8177=AXIS2_PLACEMENT_3D('',#12179,#10049,#10050);
#8178=AXIS2_PLACEMENT_3D('',#12180,#10051,#10052);
#8179=AXIS2_PLACEMENT_3D('',#12181,#10053,#10054);
#8180=AXIS2_PLACEMENT_3D('',#12190,#10059,#10060);
#8181=AXIS2_PLACEMENT_3D('',#12196,#10064,#10065);
#8182=AXIS2_PLACEMENT_3D('',#12202,#10069,#10070);
#8183=AXIS2_PLACEMENT_3D('',#12205,#10073,#10074);
#8184=AXIS2_PLACEMENT_3D('',#12206,#10075,#10076);
#8185=AXIS2_PLACEMENT_3D('',#12207,#10077,#10078);
#8186=AXIS2_PLACEMENT_3D('',#12216,#10083,#10084);
#8187=AXIS2_PLACEMENT_3D('',#12222,#10088,#10089);
#8188=AXIS2_PLACEMENT_3D('',#12228,#10093,#10094);
#8189=AXIS2_PLACEMENT_3D('',#12231,#10097,#10098);
#8190=AXIS2_PLACEMENT_3D('',#12232,#10099,#10100);
#8191=AXIS2_PLACEMENT_3D('',#12233,#10101,#10102);
#8192=AXIS2_PLACEMENT_3D('',#12234,#10103,#10104);
#8193=AXIS2_PLACEMENT_3D('',#12236,#10105,#10106);
#8194=AXIS2_PLACEMENT_3D('',#12239,#10108,#10109);
#8195=AXIS2_PLACEMENT_3D('',#12240,#10110,#10111);
#8196=AXIS2_PLACEMENT_3D('',#12241,#10112,#10113);
#8197=AXIS2_PLACEMENT_3D('',#12242,#10114,#10115);
#8198=AXIS2_PLACEMENT_3D('',#12244,#10116,#10117);
#8199=AXIS2_PLACEMENT_3D('',#12247,#10119,#10120);
#8200=AXIS2_PLACEMENT_3D('',#12248,#10121,#10122);
#8201=AXIS2_PLACEMENT_3D('',#12249,#10123,#10124);
#8202=AXIS2_PLACEMENT_3D('',#12250,#10125,#10126);
#8203=AXIS2_PLACEMENT_3D('',#12259,#10131,#10132);
#8204=AXIS2_PLACEMENT_3D('',#12265,#10136,#10137);
#8205=AXIS2_PLACEMENT_3D('',#12271,#10141,#10142);
#8206=AXIS2_PLACEMENT_3D('',#12274,#10145,#10146);
#8207=AXIS2_PLACEMENT_3D('',#12275,#10147,#10148);
#8208=AXIS2_PLACEMENT_3D('',#12276,#10149,#10150);
#8209=AXIS2_PLACEMENT_3D('',#12285,#10155,#10156);
#8210=AXIS2_PLACEMENT_3D('',#12291,#10160,#10161);
#8211=AXIS2_PLACEMENT_3D('',#12297,#10165,#10166);
#8212=AXIS2_PLACEMENT_3D('',#12300,#10169,#10170);
#8213=AXIS2_PLACEMENT_3D('',#12301,#10171,#10172);
#8214=AXIS2_PLACEMENT_3D('',#12302,#10173,#10174);
#8215=AXIS2_PLACEMENT_3D('',#12311,#10179,#10180);
#8216=AXIS2_PLACEMENT_3D('',#12317,#10184,#10185);
#8217=AXIS2_PLACEMENT_3D('',#12323,#10189,#10190);
#8218=AXIS2_PLACEMENT_3D('',#12326,#10193,#10194);
#8219=AXIS2_PLACEMENT_3D('',#12327,#10195,#10196);
#8220=AXIS2_PLACEMENT_3D('',#12328,#10197,#10198);
#8221=AXIS2_PLACEMENT_3D('',#12337,#10203,#10204);
#8222=AXIS2_PLACEMENT_3D('',#12343,#10208,#10209);
#8223=AXIS2_PLACEMENT_3D('',#12349,#10213,#10214);
#8224=AXIS2_PLACEMENT_3D('',#12352,#10217,#10218);
#8225=AXIS2_PLACEMENT_3D('',#12353,#10219,#10220);
#8226=AXIS2_PLACEMENT_3D('',#12354,#10221,#10222);
#8227=AXIS2_PLACEMENT_3D('',#12363,#10227,#10228);
#8228=AXIS2_PLACEMENT_3D('',#12369,#10232,#10233);
#8229=AXIS2_PLACEMENT_3D('',#12375,#10237,#10238);
#8230=AXIS2_PLACEMENT_3D('',#12378,#10241,#10242);
#8231=AXIS2_PLACEMENT_3D('',#12379,#10243,#10244);
#8232=AXIS2_PLACEMENT_3D('',#12380,#10245,#10246);
#8233=AXIS2_PLACEMENT_3D('',#12381,#10247,#10248);
#8234=AXIS2_PLACEMENT_3D('',#12383,#10249,#10250);
#8235=AXIS2_PLACEMENT_3D('',#12386,#10252,#10253);
#8236=AXIS2_PLACEMENT_3D('',#12387,#10254,#10255);
#8237=AXIS2_PLACEMENT_3D('',#12389,#10256,#10257);
#8238=AXIS2_PLACEMENT_3D('',#12392,#10259,#10260);
#8239=AXIS2_PLACEMENT_3D('',#12393,#10261,#10262);
#8240=AXIS2_PLACEMENT_3D('',#12394,#10263,#10264);
#8241=AXIS2_PLACEMENT_3D('',#12395,#10265,#10266);
#8242=AXIS2_PLACEMENT_3D('',#12397,#10267,#10268);
#8243=AXIS2_PLACEMENT_3D('',#12400,#10270,#10271);
#8244=AXIS2_PLACEMENT_3D('',#12401,#10272,#10273);
#8245=AXIS2_PLACEMENT_3D('',#12402,#10274,#10275);
#8246=AXIS2_PLACEMENT_3D('',#12403,#10276,#10277);
#8247=AXIS2_PLACEMENT_3D('',#12405,#10278,#10279);
#8248=AXIS2_PLACEMENT_3D('',#12408,#10281,#10282);
#8249=AXIS2_PLACEMENT_3D('',#12409,#10283,#10284);
#8250=AXIS2_PLACEMENT_3D('',#12410,#10285,#10286);
#8251=AXIS2_PLACEMENT_3D('',#12411,#10287,#10288);
#8252=AXIS2_PLACEMENT_3D('',#12413,#10289,#10290);
#8253=AXIS2_PLACEMENT_3D('',#12416,#10292,#10293);
#8254=AXIS2_PLACEMENT_3D('',#12417,#10294,#10295);
#8255=AXIS2_PLACEMENT_3D('',#12419,#10296,#10297);
#8256=AXIS2_PLACEMENT_3D('',#12422,#10299,#10300);
#8257=AXIS2_PLACEMENT_3D('',#12423,#10301,#10302);
#8258=AXIS2_PLACEMENT_3D('',#12424,#10303,#10304);
#8259=AXIS2_PLACEMENT_3D('',#12425,#10305,#10306);
#8260=AXIS2_PLACEMENT_3D('',#12427,#10307,#10308);
#8261=AXIS2_PLACEMENT_3D('',#12430,#10310,#10311);
#8262=AXIS2_PLACEMENT_3D('',#12431,#10312,#10313);
#8263=AXIS2_PLACEMENT_3D('',#12432,#10314,#10315);
#8264=AXIS2_PLACEMENT_3D('',#12433,#10316,#10317);
#8265=AXIS2_PLACEMENT_3D('',#12435,#10318,#10319);
#8266=AXIS2_PLACEMENT_3D('',#12438,#10321,#10322);
#8267=AXIS2_PLACEMENT_3D('',#12439,#10323,#10324);
#8268=AXIS2_PLACEMENT_3D('',#12440,#10325,#10326);
#8269=AXIS2_PLACEMENT_3D('',#12441,#10327,#10328);
#8270=AXIS2_PLACEMENT_3D('',#12443,#10329,#10330);
#8271=AXIS2_PLACEMENT_3D('',#12446,#10332,#10333);
#8272=AXIS2_PLACEMENT_3D('',#12447,#10334,#10335);
#8273=AXIS2_PLACEMENT_3D('',#12449,#10336,#10337);
#8274=AXIS2_PLACEMENT_3D('',#12452,#10339,#10340);
#8275=AXIS2_PLACEMENT_3D('',#12453,#10341,#10342);
#8276=AXIS2_PLACEMENT_3D('',#12454,#10343,#10344);
#8277=AXIS2_PLACEMENT_3D('',#12455,#10345,#10346);
#8278=AXIS2_PLACEMENT_3D('',#12457,#10347,#10348);
#8279=AXIS2_PLACEMENT_3D('',#12460,#10350,#10351);
#8280=AXIS2_PLACEMENT_3D('',#12461,#10352,#10353);
#8281=AXIS2_PLACEMENT_3D('',#12462,#10354,#10355);
#8282=AXIS2_PLACEMENT_3D('',#12463,#10356,#10357);
#8283=AXIS2_PLACEMENT_3D('',#12465,#10358,#10359);
#8284=AXIS2_PLACEMENT_3D('',#12468,#10361,#10362);
#8285=AXIS2_PLACEMENT_3D('',#12469,#10363,#10364);
#8286=AXIS2_PLACEMENT_3D('',#12470,#10365,#10366);
#8287=AXIS2_PLACEMENT_3D('',#12471,#10367,#10368);
#8288=AXIS2_PLACEMENT_3D('',#12473,#10369,#10370);
#8289=AXIS2_PLACEMENT_3D('',#12476,#10372,#10373);
#8290=AXIS2_PLACEMENT_3D('',#12477,#10374,#10375);
#8291=AXIS2_PLACEMENT_3D('',#12479,#10376,#10377);
#8292=AXIS2_PLACEMENT_3D('',#12482,#10379,#10380);
#8293=AXIS2_PLACEMENT_3D('',#12483,#10381,#10382);
#8294=AXIS2_PLACEMENT_3D('',#12484,#10383,#10384);
#8295=AXIS2_PLACEMENT_3D('',#12485,#10385,#10386);
#8296=AXIS2_PLACEMENT_3D('',#12487,#10387,#10388);
#8297=AXIS2_PLACEMENT_3D('',#12490,#10390,#10391);
#8298=AXIS2_PLACEMENT_3D('',#12491,#10392,#10393);
#8299=AXIS2_PLACEMENT_3D('',#12492,#10394,#10395);
#8300=AXIS2_PLACEMENT_3D('',#12493,#10396,#10397);
#8301=AXIS2_PLACEMENT_3D('',#12495,#10398,#10399);
#8302=AXIS2_PLACEMENT_3D('',#12498,#10401,#10402);
#8303=AXIS2_PLACEMENT_3D('',#12499,#10403,#10404);
#8304=AXIS2_PLACEMENT_3D('',#12500,#10405,#10406);
#8305=AXIS2_PLACEMENT_3D('',#12501,#10407,#10408);
#8306=AXIS2_PLACEMENT_3D('',#12503,#10409,#10410);
#8307=AXIS2_PLACEMENT_3D('',#12506,#10412,#10413);
#8308=AXIS2_PLACEMENT_3D('',#12507,#10414,#10415);
#8309=AXIS2_PLACEMENT_3D('',#12509,#10416,#10417);
#8310=AXIS2_PLACEMENT_3D('',#12512,#10419,#10420);
#8311=AXIS2_PLACEMENT_3D('',#12513,#10421,#10422);
#8312=AXIS2_PLACEMENT_3D('',#12514,#10423,#10424);
#8313=AXIS2_PLACEMENT_3D('',#12515,#10425,#10426);
#8314=AXIS2_PLACEMENT_3D('',#12517,#10427,#10428);
#8315=AXIS2_PLACEMENT_3D('',#12520,#10430,#10431);
#8316=AXIS2_PLACEMENT_3D('',#12521,#10432,#10433);
#8317=AXIS2_PLACEMENT_3D('',#12522,#10434,#10435);
#8318=AXIS2_PLACEMENT_3D('',#12523,#10436,#10437);
#8319=AXIS2_PLACEMENT_3D('',#12525,#10438,#10439);
#8320=AXIS2_PLACEMENT_3D('',#12528,#10441,#10442);
#8321=AXIS2_PLACEMENT_3D('',#12529,#10443,#10444);
#8322=AXIS2_PLACEMENT_3D('',#12530,#10445,#10446);
#8323=AXIS2_PLACEMENT_3D('',#12531,#10447,#10448);
#8324=AXIS2_PLACEMENT_3D('',#12533,#10449,#10450);
#8325=AXIS2_PLACEMENT_3D('',#12536,#10452,#10453);
#8326=AXIS2_PLACEMENT_3D('',#12537,#10454,#10455);
#8327=AXIS2_PLACEMENT_3D('',#12539,#10456,#10457);
#8328=AXIS2_PLACEMENT_3D('',#12542,#10459,#10460);
#8329=AXIS2_PLACEMENT_3D('',#12543,#10461,#10462);
#8330=AXIS2_PLACEMENT_3D('',#12544,#10463,#10464);
#8331=AXIS2_PLACEMENT_3D('',#12545,#10465,#10466);
#8332=AXIS2_PLACEMENT_3D('',#12547,#10467,#10468);
#8333=AXIS2_PLACEMENT_3D('',#12550,#10470,#10471);
#8334=AXIS2_PLACEMENT_3D('',#12551,#10472,#10473);
#8335=AXIS2_PLACEMENT_3D('',#12552,#10474,#10475);
#8336=AXIS2_PLACEMENT_3D('',#12553,#10476,#10477);
#8337=AXIS2_PLACEMENT_3D('',#12555,#10478,#10479);
#8338=AXIS2_PLACEMENT_3D('',#12558,#10481,#10482);
#8339=AXIS2_PLACEMENT_3D('',#12559,#10483,#10484);
#8340=AXIS2_PLACEMENT_3D('',#12560,#10485,#10486);
#8341=AXIS2_PLACEMENT_3D('',#12561,#10487,#10488);
#8342=AXIS2_PLACEMENT_3D('',#12562,#10489,#10490);
#8343=AXIS2_PLACEMENT_3D('',#12563,#10491,#10492);
#8344=AXIS2_PLACEMENT_3D('',#12564,#10493,#10494);
#8345=AXIS2_PLACEMENT_3D('',#12565,#10495,#10496);
#8346=AXIS2_PLACEMENT_3D('',#12566,#10497,#10498);
#8347=AXIS2_PLACEMENT_3D('',#12567,#10499,#10500);
#8348=AXIS2_PLACEMENT_3D('',#12568,#10501,#10502);
#8349=AXIS2_PLACEMENT_3D('',#12569,#10503,#10504);
#8350=AXIS2_PLACEMENT_3D('',#12570,#10505,#10506);
#8351=AXIS2_PLACEMENT_3D('',#12571,#10507,#10508);
#8352=AXIS2_PLACEMENT_3D('',#12572,#10509,#10510);
#8353=AXIS2_PLACEMENT_3D('',#12573,#10511,#10512);
#8354=AXIS2_PLACEMENT_3D('',#12574,#10513,#10514);
#8355=AXIS2_PLACEMENT_3D('',#12575,#10515,#10516);
#8356=AXIS2_PLACEMENT_3D('',#12576,#10517,#10518);
#8357=AXIS2_PLACEMENT_3D('',#12577,#10519,#10520);
#8358=AXIS2_PLACEMENT_3D('',#12578,#10521,#10522);
#8359=AXIS2_PLACEMENT_3D('',#12579,#10523,#10524);
#8360=DIRECTION('axis',(0.,0.,1.));
#8361=DIRECTION('refdir',(1.,0.,0.));
#8362=DIRECTION('axis',(0.,0.,1.));
#8363=DIRECTION('refdir',(1.,0.,0.));
#8364=DIRECTION('center_axis',(0.,0.,1.));
#8365=DIRECTION('ref_axis',(1.,0.,0.));
#8366=DIRECTION('center_axis',(0.,0.,1.));
#8367=DIRECTION('ref_axis',(1.,0.,0.));
#8368=DIRECTION('',(0.,0.,1.));
#8369=DIRECTION('center_axis',(0.,0.,-1.));
#8370=DIRECTION('ref_axis',(1.,0.,0.));
#8371=DIRECTION('center_axis',(0.,0.,1.));
#8372=DIRECTION('ref_axis',(1.,0.,0.));
#8373=DIRECTION('center_axis',(0.,0.,1.));
#8374=DIRECTION('ref_axis',(1.,0.,0.));
#8375=DIRECTION('center_axis',(0.,0.,1.));
#8376=DIRECTION('ref_axis',(1.,0.,0.));
#8377=DIRECTION('',(0.,0.,-1.));
#8378=DIRECTION('center_axis',(0.,0.,-1.));
#8379=DIRECTION('ref_axis',(1.,0.,0.));
#8380=DIRECTION('center_axis',(0.,0.,1.));
#8381=DIRECTION('ref_axis',(1.,0.,0.));
#8382=DIRECTION('center_axis',(0.,0.,1.));
#8383=DIRECTION('ref_axis',(1.,0.,0.));
#8384=DIRECTION('center_axis',(0.,0.,1.));
#8385=DIRECTION('ref_axis',(1.,0.,0.));
#8386=DIRECTION('',(0.,0.,1.));
#8387=DIRECTION('center_axis',(0.,0.,-1.));
#8388=DIRECTION('ref_axis',(1.,0.,0.));
#8389=DIRECTION('center_axis',(0.,0.,1.));
#8390=DIRECTION('ref_axis',(1.,0.,0.));
#8391=DIRECTION('center_axis',(0.,0.,1.));
#8392=DIRECTION('ref_axis',(1.,0.,0.));
#8393=DIRECTION('center_axis',(0.,0.,1.));
#8394=DIRECTION('ref_axis',(1.,0.,0.));
#8395=DIRECTION('',(0.,0.,-1.));
#8396=DIRECTION('center_axis',(0.,0.,-1.));
#8397=DIRECTION('ref_axis',(1.,0.,0.));
#8398=DIRECTION('center_axis',(0.,0.,1.));
#8399=DIRECTION('ref_axis',(1.,0.,0.));
#8400=DIRECTION('center_axis',(0.,0.,1.));
#8401=DIRECTION('ref_axis',(1.,0.,0.));
#8402=DIRECTION('center_axis',(0.,0.,1.));
#8403=DIRECTION('ref_axis',(1.,0.,0.));
#8404=DIRECTION('',(0.,0.,1.));
#8405=DIRECTION('center_axis',(0.,0.,-1.));
#8406=DIRECTION('ref_axis',(1.,0.,0.));
#8407=DIRECTION('center_axis',(0.,0.,1.));
#8408=DIRECTION('ref_axis',(1.,0.,0.));
#8409=DIRECTION('center_axis',(0.,0.,1.));
#8410=DIRECTION('ref_axis',(1.,0.,0.));
#8411=DIRECTION('center_axis',(0.,0.,1.));
#8412=DIRECTION('ref_axis',(1.,0.,0.));
#8413=DIRECTION('',(0.,0.,-1.));
#8414=DIRECTION('center_axis',(0.,0.,-1.));
#8415=DIRECTION('ref_axis',(1.,0.,0.));
#8416=DIRECTION('center_axis',(0.,0.,1.));
#8417=DIRECTION('ref_axis',(1.,0.,0.));
#8418=DIRECTION('center_axis',(0.,0.,1.));
#8419=DIRECTION('ref_axis',(1.,0.,0.));
#8420=DIRECTION('center_axis',(0.,0.,1.));
#8421=DIRECTION('ref_axis',(1.,0.,0.));
#8422=DIRECTION('',(0.,0.,1.));
#8423=DIRECTION('center_axis',(0.,0.,-1.));
#8424=DIRECTION('ref_axis',(1.,0.,0.));
#8425=DIRECTION('center_axis',(0.,0.,1.));
#8426=DIRECTION('ref_axis',(1.,0.,0.));
#8427=DIRECTION('center_axis',(0.,0.,1.));
#8428=DIRECTION('ref_axis',(1.,0.,0.));
#8429=DIRECTION('center_axis',(0.,0.,1.));
#8430=DIRECTION('ref_axis',(1.,0.,0.));
#8431=DIRECTION('',(0.,0.,-1.));
#8432=DIRECTION('center_axis',(0.,0.,-1.));
#8433=DIRECTION('ref_axis',(1.,0.,0.));
#8434=DIRECTION('center_axis',(0.,0.,1.));
#8435=DIRECTION('ref_axis',(1.,0.,0.));
#8436=DIRECTION('center_axis',(0.,0.,1.));
#8437=DIRECTION('ref_axis',(1.,0.,0.));
#8438=DIRECTION('center_axis',(0.,0.,1.));
#8439=DIRECTION('ref_axis',(1.,0.,0.));
#8440=DIRECTION('',(0.,0.,1.));
#8441=DIRECTION('center_axis',(0.,0.,-1.));
#8442=DIRECTION('ref_axis',(1.,0.,0.));
#8443=DIRECTION('center_axis',(0.,0.,1.));
#8444=DIRECTION('ref_axis',(1.,0.,0.));
#8445=DIRECTION('center_axis',(0.,0.,1.));
#8446=DIRECTION('ref_axis',(1.,0.,0.));
#8447=DIRECTION('center_axis',(0.,0.,1.));
#8448=DIRECTION('ref_axis',(1.,0.,0.));
#8449=DIRECTION('',(0.,0.,-1.));
#8450=DIRECTION('center_axis',(0.,0.,-1.));
#8451=DIRECTION('ref_axis',(1.,0.,0.));
#8452=DIRECTION('center_axis',(0.,0.,1.));
#8453=DIRECTION('ref_axis',(1.,0.,0.));
#8454=DIRECTION('center_axis',(0.,0.,1.));
#8455=DIRECTION('ref_axis',(1.,0.,0.));
#8456=DIRECTION('center_axis',(0.,0.,1.));
#8457=DIRECTION('ref_axis',(1.,0.,0.));
#8458=DIRECTION('',(0.,0.,1.));
#8459=DIRECTION('center_axis',(0.,0.,-1.));
#8460=DIRECTION('ref_axis',(1.,0.,0.));
#8461=DIRECTION('center_axis',(0.,0.,1.));
#8462=DIRECTION('ref_axis',(1.,0.,0.));
#8463=DIRECTION('center_axis',(0.,0.,1.));
#8464=DIRECTION('ref_axis',(1.,0.,0.));
#8465=DIRECTION('center_axis',(0.,0.,1.));
#8466=DIRECTION('ref_axis',(1.,0.,0.));
#8467=DIRECTION('',(0.,0.,-1.));
#8468=DIRECTION('center_axis',(0.,0.,-1.));
#8469=DIRECTION('ref_axis',(1.,0.,0.));
#8470=DIRECTION('center_axis',(0.,0.,1.));
#8471=DIRECTION('ref_axis',(1.,0.,0.));
#8472=DIRECTION('center_axis',(0.,0.,1.));
#8473=DIRECTION('ref_axis',(1.,0.,0.));
#8474=DIRECTION('center_axis',(0.,0.,1.));
#8475=DIRECTION('ref_axis',(1.,0.,0.));
#8476=DIRECTION('',(0.,0.,1.));
#8477=DIRECTION('center_axis',(0.,0.,-1.));
#8478=DIRECTION('ref_axis',(1.,0.,0.));
#8479=DIRECTION('center_axis',(0.,0.,1.));
#8480=DIRECTION('ref_axis',(1.,0.,0.));
#8481=DIRECTION('center_axis',(0.,0.,1.));
#8482=DIRECTION('ref_axis',(1.,0.,0.));
#8483=DIRECTION('center_axis',(0.,0.,1.));
#8484=DIRECTION('ref_axis',(1.,0.,0.));
#8485=DIRECTION('',(0.,0.,-1.));
#8486=DIRECTION('center_axis',(0.,0.,-1.));
#8487=DIRECTION('ref_axis',(1.,0.,0.));
#8488=DIRECTION('center_axis',(0.,0.,1.));
#8489=DIRECTION('ref_axis',(1.,0.,0.));
#8490=DIRECTION('center_axis',(0.,0.,1.));
#8491=DIRECTION('ref_axis',(1.,0.,0.));
#8492=DIRECTION('center_axis',(0.,0.,1.));
#8493=DIRECTION('ref_axis',(1.,0.,0.));
#8494=DIRECTION('',(0.,0.,1.));
#8495=DIRECTION('center_axis',(0.,0.,-1.));
#8496=DIRECTION('ref_axis',(1.,0.,0.));
#8497=DIRECTION('center_axis',(0.,0.,1.));
#8498=DIRECTION('ref_axis',(1.,0.,0.));
#8499=DIRECTION('center_axis',(0.,0.,1.));
#8500=DIRECTION('ref_axis',(1.,0.,0.));
#8501=DIRECTION('center_axis',(0.,0.,1.));
#8502=DIRECTION('ref_axis',(1.,0.,0.));
#8503=DIRECTION('',(0.,0.,-1.));
#8504=DIRECTION('center_axis',(0.,0.,-1.));
#8505=DIRECTION('ref_axis',(1.,0.,0.));
#8506=DIRECTION('center_axis',(0.,0.,1.));
#8507=DIRECTION('ref_axis',(1.,0.,0.));
#8508=DIRECTION('center_axis',(0.,-1.,0.));
#8509=DIRECTION('ref_axis',(0.,0.,-1.));
#8510=DIRECTION('',(0.,0.,-1.));
#8511=DIRECTION('',(1.,0.,0.));
#8512=DIRECTION('',(0.,0.,1.));
#8513=DIRECTION('',(1.,0.,0.));
#8514=DIRECTION('center_axis',(0.,0.,-1.));
#8515=DIRECTION('ref_axis',(0.,1.,0.));
#8516=DIRECTION('',(0.,1.,0.));
#8517=DIRECTION('',(0.,-1.,0.));
#8518=DIRECTION('',(1.,0.,0.));
#8519=DIRECTION('center_axis',(0.,1.,0.));
#8520=DIRECTION('ref_axis',(0.,0.,1.));
#8521=DIRECTION('',(0.,0.,1.));
#8522=DIRECTION('',(0.,0.,-1.));
#8523=DIRECTION('',(1.,0.,0.));
#8524=DIRECTION('center_axis',(0.,0.,1.));
#8525=DIRECTION('ref_axis',(0.,-1.,0.));
#8526=DIRECTION('',(0.,-1.,0.));
#8527=DIRECTION('',(0.,1.,0.));
#8528=DIRECTION('center_axis',(1.,0.,0.));
#8529=DIRECTION('ref_axis',(0.,0.,-1.));
#8530=DIRECTION('center_axis',(1.,0.,0.));
#8531=DIRECTION('ref_axis',(0.,0.,-1.));
#8532=DIRECTION('',(1.,0.,0.));
#8533=DIRECTION('center_axis',(-1.,0.,0.));
#8534=DIRECTION('ref_axis',(0.,0.,-1.));
#8535=DIRECTION('center_axis',(1.,0.,0.));
#8536=DIRECTION('ref_axis',(0.,0.,-1.));
#8537=DIRECTION('center_axis',(1.,0.,0.));
#8538=DIRECTION('ref_axis',(0.,0.,-1.));
#8539=DIRECTION('',(1.,0.,0.));
#8540=DIRECTION('center_axis',(-1.,0.,0.));
#8541=DIRECTION('ref_axis',(0.,0.,-1.));
#8542=DIRECTION('center_axis',(1.,0.,0.));
#8543=DIRECTION('ref_axis',(0.,0.,-1.));
#8544=DIRECTION('center_axis',(1.,0.,0.));
#8545=DIRECTION('ref_axis',(0.,0.,-1.));
#8546=DIRECTION('',(1.,0.,0.));
#8547=DIRECTION('center_axis',(-1.,0.,0.));
#8548=DIRECTION('ref_axis',(0.,0.,-1.));
#8549=DIRECTION('center_axis',(0.,0.,1.));
#8550=DIRECTION('ref_axis',(1.,0.,0.));
#8551=DIRECTION('center_axis',(0.,0.,1.));
#8552=DIRECTION('ref_axis',(1.,0.,0.));
#8553=DIRECTION('',(0.,0.,1.));
#8554=DIRECTION('center_axis',(0.,0.,-1.));
#8555=DIRECTION('ref_axis',(1.,0.,0.));
#8556=DIRECTION('center_axis',(0.,0.,1.));
#8557=DIRECTION('ref_axis',(1.,0.,0.));
#8558=DIRECTION('center_axis',(0.,1.,0.));
#8559=DIRECTION('ref_axis',(-1.,0.,0.));
#8560=DIRECTION('',(0.,0.,1.));
#8561=DIRECTION('',(1.,0.,0.));
#8562=DIRECTION('',(0.,0.,1.));
#8563=DIRECTION('',(-1.,0.,0.));
#8564=DIRECTION('center_axis',(0.,-1.,0.));
#8565=DIRECTION('ref_axis',(1.,0.,0.));
#8566=DIRECTION('',(-1.,0.,0.));
#8567=DIRECTION('',(0.,0.,-1.));
#8568=DIRECTION('',(1.,0.,0.));
#8569=DIRECTION('',(0.,0.,1.));
#8570=DIRECTION('center_axis',(1.,0.,0.));
#8571=DIRECTION('ref_axis',(0.,1.,0.));
#8572=DIRECTION('',(0.,1.,0.));
#8573=DIRECTION('',(0.,0.,1.));
#8574=DIRECTION('',(0.,-1.,0.));
#8575=DIRECTION('center_axis',(0.,0.,1.));
#8576=DIRECTION('ref_axis',(-1.,1.22464679914735E-16,0.));
#8577=DIRECTION('center_axis',(0.,0.,-1.));
#8578=DIRECTION('ref_axis',(1.,0.,0.));
#8579=DIRECTION('center_axis',(0.,0.,1.));
#8580=DIRECTION('ref_axis',(1.,0.,0.));
#8581=DIRECTION('center_axis',(0.,0.,1.));
#8582=DIRECTION('ref_axis',(1.,0.,0.));
#8583=DIRECTION('center_axis',(0.,0.,-1.));
#8584=DIRECTION('ref_axis',(-0.707106781186547,-0.707106781186548,0.));
#8585=DIRECTION('',(1.,0.,0.));
#8586=DIRECTION('center_axis',(0.,0.,-1.));
#8587=DIRECTION('ref_axis',(0.707106781186547,-0.707106781186548,0.));
#8588=DIRECTION('',(0.,1.,0.));
#8589=DIRECTION('center_axis',(0.,0.,-1.));
#8590=DIRECTION('ref_axis',(0.707106781186546,0.707106781186549,0.));
#8591=DIRECTION('',(-1.,0.,0.));
#8592=DIRECTION('center_axis',(0.,0.,-1.));
#8593=DIRECTION('ref_axis',(-0.707106781186549,0.707106781186546,0.));
#8594=DIRECTION('',(0.,-1.,0.));
#8595=DIRECTION('center_axis',(0.,0.,-1.));
#8596=DIRECTION('ref_axis',(1.,0.,0.));
#8597=DIRECTION('center_axis',(0.,0.,-1.));
#8598=DIRECTION('ref_axis',(1.,0.,0.));
#8599=DIRECTION('center_axis',(0.,0.,-1.));
#8600=DIRECTION('ref_axis',(1.,0.,0.));
#8601=DIRECTION('center_axis',(0.,0.,-1.));
#8602=DIRECTION('ref_axis',(1.,0.,0.));
#8603=DIRECTION('center_axis',(0.,0.,-1.));
#8604=DIRECTION('ref_axis',(1.,0.,0.));
#8605=DIRECTION('',(-1.,0.,0.));
#8606=DIRECTION('center_axis',(0.,0.,1.));
#8607=DIRECTION('ref_axis',(1.,0.,0.));
#8608=DIRECTION('',(1.,0.,0.));
#8609=DIRECTION('',(0.,-1.,0.));
#8610=DIRECTION('',(-1.,0.,0.));
#8611=DIRECTION('center_axis',(0.,0.,1.));
#8612=DIRECTION('ref_axis',(1.,0.,0.));
#8613=DIRECTION('',(1.,0.,0.));
#8614=DIRECTION('center_axis',(0.,0.,1.));
#8615=DIRECTION('ref_axis',(0.707106781186548,-0.707106781186548,0.));
#8616=DIRECTION('',(-1.,-7.48464960421454E-17,0.));
#8617=DIRECTION('center_axis',(0.,0.,1.));
#8618=DIRECTION('ref_axis',(-0.707106781186547,-0.707106781186548,0.));
#8619=DIRECTION('',(1.,0.,0.));
#8620=DIRECTION('center_axis',(0.,0.,1.));
#8621=DIRECTION('ref_axis',(1.,0.,0.));
#8622=DIRECTION('',(-1.,0.,0.));
#8623=DIRECTION('',(0.,1.,0.));
#8624=DIRECTION('',(1.,0.,0.));
#8625=DIRECTION('center_axis',(0.,0.,1.));
#8626=DIRECTION('ref_axis',(1.,0.,0.));
#8627=DIRECTION('',(-1.,0.,0.));
#8628=DIRECTION('',(0.,1.,0.));
#8629=DIRECTION('',(1.,0.,0.));
#8630=DIRECTION('center_axis',(0.,0.,1.));
#8631=DIRECTION('ref_axis',(1.,0.,0.));
#8632=DIRECTION('',(-1.,0.,0.));
#8633=DIRECTION('center_axis',(0.,0.,1.));
#8634=DIRECTION('ref_axis',(-0.707106781186548,0.707106781186548,0.));
#8635=DIRECTION('',(1.,0.,0.));
#8636=DIRECTION('center_axis',(0.,0.,1.));
#8637=DIRECTION('ref_axis',(0.707106781186548,0.707106781186548,0.));
#8638=DIRECTION('center_axis',(0.,0.,1.));
#8639=DIRECTION('ref_axis',(1.,0.,0.));
#8640=DIRECTION('center_axis',(0.,0.,1.));
#8641=DIRECTION('ref_axis',(0.707106781186548,0.707106781186548,0.));
#8642=DIRECTION('',(-1.,0.,0.));
#8643=DIRECTION('center_axis',(0.,0.,1.));
#8644=DIRECTION('ref_axis',(-0.707106781186548,0.707106781186548,0.));
#8645=DIRECTION('',(1.,0.,0.));
#8646=DIRECTION('center_axis',(0.,0.,-1.));
#8647=DIRECTION('ref_axis',(1.,0.,0.));
#8648=DIRECTION('',(-1.,0.,0.));
#8649=DIRECTION('',(0.,-1.,0.));
#8650=DIRECTION('',(1.,0.,0.));
#8651=DIRECTION('center_axis',(0.,0.,-1.));
#8652=DIRECTION('ref_axis',(1.,0.,0.));
#8653=DIRECTION('',(-1.,0.,0.));
#8654=DIRECTION('',(0.,-1.,0.));
#8655=DIRECTION('',(1.,0.,0.));
#8656=DIRECTION('center_axis',(0.,0.,-1.));
#8657=DIRECTION('ref_axis',(1.,0.,0.));
#8658=DIRECTION('',(-1.,0.,0.));
#8659=DIRECTION('center_axis',(0.,0.,1.));
#8660=DIRECTION('ref_axis',(-0.707106781186547,-0.707106781186548,0.));
#8661=DIRECTION('',(1.,7.48464960421454E-17,0.));
#8662=DIRECTION('center_axis',(0.,0.,1.));
#8663=DIRECTION('ref_axis',(0.707106781186548,-0.707106781186548,0.));
#8664=DIRECTION('',(-1.,0.,0.));
#8665=DIRECTION('center_axis',(0.,0.,-1.));
#8666=DIRECTION('ref_axis',(1.,0.,0.));
#8667=DIRECTION('',(1.,0.,0.));
#8668=DIRECTION('',(0.,1.,0.));
#8669=DIRECTION('',(-1.,0.,0.));
#8670=DIRECTION('center_axis',(0.,0.,-1.));
#8671=DIRECTION('ref_axis',(1.,0.,0.));
#8672=DIRECTION('',(1.,0.,0.));
#8673=DIRECTION('',(1.,0.,0.));
#8674=DIRECTION('',(0.,-1.,0.));
#8675=DIRECTION('',(-1.,0.,0.));
#8676=DIRECTION('',(0.,1.,0.));
#8677=DIRECTION('center_axis',(0.,0.,1.));
#8678=DIRECTION('ref_axis',(1.,0.,0.));
#8679=DIRECTION('center_axis',(0.,0.,1.));
#8680=DIRECTION('ref_axis',(1.,0.,0.));
#8681=DIRECTION('',(0.,0.,1.));
#8682=DIRECTION('center_axis',(0.,0.,1.));
#8683=DIRECTION('ref_axis',(1.,0.,0.));
#8684=DIRECTION('center_axis',(0.,1.,0.));
#8685=DIRECTION('ref_axis',(-1.,0.,0.));
#8686=DIRECTION('',(0.,0.,1.));
#8687=DIRECTION('center_axis',(0.,-1.,0.));
#8688=DIRECTION('ref_axis',(1.,0.,0.));
#8689=DIRECTION('',(0.,0.,-1.));
#8690=DIRECTION('',(0.,0.,1.));
#8691=DIRECTION('center_axis',(1.,0.,0.));
#8692=DIRECTION('ref_axis',(0.,1.,0.));
#8693=DIRECTION('',(0.,0.,1.));
#8694=DIRECTION('center_axis',(0.,0.,1.));
#8695=DIRECTION('ref_axis',(-1.,1.22464679914735E-16,0.));
#8696=DIRECTION('center_axis',(0.,0.,1.));
#8697=DIRECTION('ref_axis',(1.,0.,0.));
#8698=DIRECTION('center_axis',(0.,0.,1.));
#8699=DIRECTION('ref_axis',(1.,0.,0.));
#8700=DIRECTION('',(0.,0.,1.));
#8701=DIRECTION('center_axis',(0.,0.,1.));
#8702=DIRECTION('ref_axis',(1.,0.,0.));
#8703=DIRECTION('center_axis',(0.,1.,0.));
#8704=DIRECTION('ref_axis',(-1.,0.,0.));
#8705=DIRECTION('',(0.,0.,1.));
#8706=DIRECTION('center_axis',(0.,-1.,0.));
#8707=DIRECTION('ref_axis',(1.,0.,0.));
#8708=DIRECTION('',(0.,0.,-1.));
#8709=DIRECTION('',(0.,0.,1.));
#8710=DIRECTION('center_axis',(0.,0.,1.));
#8711=DIRECTION('ref_axis',(0.707106781186548,-0.707106781186548,0.));
#8712=DIRECTION('',(0.,0.,1.));
#8713=DIRECTION('center_axis',(0.,0.,1.));
#8714=DIRECTION('ref_axis',(-1.,1.22464679914735E-16,0.));
#8715=DIRECTION('center_axis',(0.,0.,1.));
#8716=DIRECTION('ref_axis',(1.,0.,0.));
#8717=DIRECTION('center_axis',(0.,0.,1.));
#8718=DIRECTION('ref_axis',(1.,0.,0.));
#8719=DIRECTION('',(0.,0.,1.));
#8720=DIRECTION('center_axis',(0.,0.,1.));
#8721=DIRECTION('ref_axis',(1.,0.,0.));
#8722=DIRECTION('center_axis',(0.,1.,0.));
#8723=DIRECTION('ref_axis',(-1.,0.,0.));
#8724=DIRECTION('',(0.,0.,-1.));
#8725=DIRECTION('',(0.,0.,1.));
#8726=DIRECTION('center_axis',(0.,-1.,0.));
#8727=DIRECTION('ref_axis',(1.,0.,0.));
#8728=DIRECTION('',(0.,0.,-1.));
#8729=DIRECTION('',(0.,0.,1.));
#8730=DIRECTION('center_axis',(0.,0.,1.));
#8731=DIRECTION('ref_axis',(1.,0.,0.));
#8732=DIRECTION('center_axis',(0.,0.,1.));
#8733=DIRECTION('ref_axis',(1.,0.,0.));
#8734=DIRECTION('center_axis',(0.,0.,1.));
#8735=DIRECTION('ref_axis',(1.,0.,0.));
#8736=DIRECTION('',(0.,0.,1.));
#8737=DIRECTION('center_axis',(0.,0.,1.));
#8738=DIRECTION('ref_axis',(1.,0.,0.));
#8739=DIRECTION('center_axis',(0.,1.,0.));
#8740=DIRECTION('ref_axis',(-1.,0.,0.));
#8741=DIRECTION('',(0.,0.,-1.));
#8742=DIRECTION('',(0.,0.,1.));
#8743=DIRECTION('center_axis',(0.,-1.,0.));
#8744=DIRECTION('ref_axis',(1.,0.,0.));
#8745=DIRECTION('',(0.,0.,-1.));
#8746=DIRECTION('',(0.,0.,1.));
#8747=DIRECTION('center_axis',(-1.,0.,0.));
#8748=DIRECTION('ref_axis',(0.,-1.,0.));
#8749=DIRECTION('center_axis',(0.,0.,1.));
#8750=DIRECTION('ref_axis',(1.,0.,0.));
#8751=DIRECTION('center_axis',(0.,0.,1.));
#8752=DIRECTION('ref_axis',(1.,0.,0.));
#8753=DIRECTION('center_axis',(0.,0.,1.));
#8754=DIRECTION('ref_axis',(1.,0.,0.));
#8755=DIRECTION('',(0.,0.,1.));
#8756=DIRECTION('center_axis',(0.,0.,1.));
#8757=DIRECTION('ref_axis',(1.,0.,0.));
#8758=DIRECTION('center_axis',(0.,-1.,0.));
#8759=DIRECTION('ref_axis',(1.,0.,0.));
#8760=DIRECTION('',(0.,0.,1.));
#8761=DIRECTION('',(0.,0.,-1.));
#8762=DIRECTION('center_axis',(0.,1.,0.));
#8763=DIRECTION('ref_axis',(-1.,0.,0.));
#8764=DIRECTION('',(0.,0.,-1.));
#8765=DIRECTION('',(0.,0.,1.));
#8766=DIRECTION('center_axis',(-1.,0.,0.));
#8767=DIRECTION('ref_axis',(0.,-1.,0.));
#8768=DIRECTION('center_axis',(0.,0.,1.));
#8769=DIRECTION('ref_axis',(1.,0.,0.));
#8770=DIRECTION('center_axis',(0.,-1.,0.));
#8771=DIRECTION('ref_axis',(1.,0.,0.));
#8772=DIRECTION('',(0.,0.,1.));
#8773=DIRECTION('',(1.,0.,0.));
#8774=DIRECTION('',(0.,0.,1.));
#8775=DIRECTION('center_axis',(-1.,0.,0.));
#8776=DIRECTION('ref_axis',(0.,-1.,0.));
#8777=DIRECTION('',(0.,-1.,0.));
#8778=DIRECTION('',(0.,0.,1.));
#8779=DIRECTION('center_axis',(0.,1.,0.));
#8780=DIRECTION('ref_axis',(-1.,0.,0.));
#8781=DIRECTION('',(-1.,0.,0.));
#8782=DIRECTION('',(0.,0.,1.));
#8783=DIRECTION('center_axis',(1.,0.,0.));
#8784=DIRECTION('ref_axis',(0.,1.,0.));
#8785=DIRECTION('',(0.,1.,0.));
#8786=DIRECTION('center_axis',(0.,0.,1.));
#8787=DIRECTION('ref_axis',(0.707106781186548,0.707106781186548,0.));
#8788=DIRECTION('',(0.,0.,-1.));
#8789=DIRECTION('center_axis',(0.,1.,0.));
#8790=DIRECTION('ref_axis',(-1.,0.,0.));
#8791=DIRECTION('',(0.,0.,1.));
#8792=DIRECTION('center_axis',(0.,0.,1.));
#8793=DIRECTION('ref_axis',(-0.707106781186548,0.707106781186548,0.));
#8794=DIRECTION('center_axis',(0.,0.,1.));
#8795=DIRECTION('ref_axis',(-0.707106781186547,-0.707106781186548,0.));
#8796=DIRECTION('',(0.,0.,-1.));
#8797=DIRECTION('center_axis',(7.48464960421454E-17,-1.,0.));
#8798=DIRECTION('ref_axis',(1.,7.48464960421454E-17,0.));
#8799=DIRECTION('center_axis',(0.,0.,1.));
#8800=DIRECTION('ref_axis',(-0.707106781186547,-0.707106781186548,0.));
#8801=DIRECTION('',(0.,0.,-1.));
#8802=DIRECTION('center_axis',(0.,0.,1.));
#8803=DIRECTION('ref_axis',(-0.707106781186547,-0.707106781186548,0.));
#8804=DIRECTION('',(0.,0.,1.));
#8805=DIRECTION('center_axis',(-1.,0.,0.));
#8806=DIRECTION('ref_axis',(0.,-1.,0.));
#8807=DIRECTION('',(0.,0.,1.));
#8808=DIRECTION('',(0.,-1.,0.));
#8809=DIRECTION('center_axis',(0.,0.,1.));
#8810=DIRECTION('ref_axis',(0.707106781186547,-0.707106781186548,0.));
#8811=DIRECTION('',(0.,0.,-1.));
#8812=DIRECTION('center_axis',(0.,0.,1.));
#8813=DIRECTION('ref_axis',(0.707106781186547,-0.707106781186548,0.));
#8814=DIRECTION('',(0.,0.,1.));
#8815=DIRECTION('center_axis',(1.,0.,0.));
#8816=DIRECTION('ref_axis',(0.,1.,0.));
#8817=DIRECTION('',(0.,1.,0.));
#8818=DIRECTION('',(0.,0.,-1.));
#8819=DIRECTION('center_axis',(0.,0.,1.));
#8820=DIRECTION('ref_axis',(0.707106781186546,0.707106781186549,0.));
#8821=DIRECTION('center_axis',(0.,0.,1.));
#8822=DIRECTION('ref_axis',(0.707106781186546,0.707106781186549,0.));
#8823=DIRECTION('',(0.,0.,1.));
#8824=DIRECTION('center_axis',(0.,0.,1.));
#8825=DIRECTION('ref_axis',(-0.707106781186549,0.707106781186546,0.));
#8826=DIRECTION('',(0.,0.,-1.));
#8827=DIRECTION('center_axis',(0.,0.,1.));
#8828=DIRECTION('ref_axis',(-0.707106781186549,0.707106781186546,0.));
#8829=DIRECTION('center_axis',(0.,1.,0.));
#8830=DIRECTION('ref_axis',(-1.,0.,0.));
#8831=DIRECTION('',(-1.,0.,0.));
#8832=DIRECTION('center_axis',(0.,-1.,0.));
#8833=DIRECTION('ref_axis',(1.,0.,0.));
#8834=DIRECTION('',(1.,0.,0.));
#8835=DIRECTION('center_axis',(0.,0.,1.));
#8836=DIRECTION('ref_axis',(1.,0.,0.));
#8837=DIRECTION('axis',(0.,0.,1.));
#8838=DIRECTION('refdir',(1.,0.,0.));
#8839=DIRECTION('center_axis',(0.,0.,1.));
#8840=DIRECTION('ref_axis',(1.,0.,0.));
#8841=DIRECTION('center_axis',(0.,0.,1.));
#8842=DIRECTION('ref_axis',(1.,0.,0.));
#8843=DIRECTION('',(0.,0.,1.));
#8844=DIRECTION('center_axis',(0.,0.,-1.));
#8845=DIRECTION('ref_axis',(1.,0.,0.));
#8846=DIRECTION('center_axis',(0.,0.,1.));
#8847=DIRECTION('ref_axis',(1.,0.,0.));
#8848=DIRECTION('center_axis',(0.,0.,1.));
#8849=DIRECTION('ref_axis',(1.,0.,0.));
#8850=DIRECTION('center_axis',(0.,0.,1.));
#8851=DIRECTION('ref_axis',(1.,0.,0.));
#8852=DIRECTION('center_axis',(0.,0.,1.));
#8853=DIRECTION('ref_axis',(1.,0.,0.));
#8854=DIRECTION('',(0.,0.,1.));
#8855=DIRECTION('center_axis',(0.,0.,-1.));
#8856=DIRECTION('ref_axis',(1.,0.,0.));
#8857=DIRECTION('center_axis',(0.,0.,1.));
#8858=DIRECTION('ref_axis',(1.,0.,0.));
#8859=DIRECTION('center_axis',(0.,0.,1.));
#8860=DIRECTION('ref_axis',(1.,0.,0.));
#8861=DIRECTION('center_axis',(0.,0.,1.));
#8862=DIRECTION('ref_axis',(1.,0.,0.));
#8863=DIRECTION('center_axis',(0.,0.,1.));
#8864=DIRECTION('ref_axis',(1.,0.,0.));
#8865=DIRECTION('',(0.,0.,1.));
#8866=DIRECTION('center_axis',(0.,0.,-1.));
#8867=DIRECTION('ref_axis',(1.,0.,0.));
#8868=DIRECTION('center_axis',(0.,0.,1.));
#8869=DIRECTION('ref_axis',(1.,0.,0.));
#8870=DIRECTION('center_axis',(0.,0.,1.));
#8871=DIRECTION('ref_axis',(1.,0.,0.));
#8872=DIRECTION('center_axis',(0.,0.,1.));
#8873=DIRECTION('ref_axis',(1.,0.,0.));
#8874=DIRECTION('center_axis',(0.,0.,1.));
#8875=DIRECTION('ref_axis',(1.,0.,0.));
#8876=DIRECTION('',(0.,0.,1.));
#8877=DIRECTION('center_axis',(0.,0.,-1.));
#8878=DIRECTION('ref_axis',(1.,0.,0.));
#8879=DIRECTION('center_axis',(0.,0.,1.));
#8880=DIRECTION('ref_axis',(1.,0.,0.));
#8881=DIRECTION('center_axis',(0.,0.,1.));
#8882=DIRECTION('ref_axis',(1.,0.,0.));
#8883=DIRECTION('center_axis',(0.,0.,1.));
#8884=DIRECTION('ref_axis',(1.,0.,0.));
#8885=DIRECTION('center_axis',(0.,0.,1.));
#8886=DIRECTION('ref_axis',(1.,0.,0.));
#8887=DIRECTION('',(0.,0.,1.));
#8888=DIRECTION('center_axis',(0.,0.,-1.));
#8889=DIRECTION('ref_axis',(1.,0.,0.));
#8890=DIRECTION('center_axis',(0.,0.,1.));
#8891=DIRECTION('ref_axis',(1.,0.,0.));
#8892=DIRECTION('center_axis',(0.,0.,1.));
#8893=DIRECTION('ref_axis',(1.,0.,0.));
#8894=DIRECTION('center_axis',(0.,0.,1.));
#8895=DIRECTION('ref_axis',(1.,0.,0.));
#8896=DIRECTION('center_axis',(0.,0.,1.));
#8897=DIRECTION('ref_axis',(1.,0.,0.));
#8898=DIRECTION('',(0.,0.,1.));
#8899=DIRECTION('center_axis',(0.,0.,-1.));
#8900=DIRECTION('ref_axis',(1.,0.,0.));
#8901=DIRECTION('center_axis',(0.,0.,1.));
#8902=DIRECTION('ref_axis',(1.,0.,0.));
#8903=DIRECTION('center_axis',(0.,0.,1.));
#8904=DIRECTION('ref_axis',(1.,0.,0.));
#8905=DIRECTION('center_axis',(0.,0.,1.));
#8906=DIRECTION('ref_axis',(1.,0.,0.));
#8907=DIRECTION('center_axis',(0.,0.,1.));
#8908=DIRECTION('ref_axis',(1.,0.,0.));
#8909=DIRECTION('',(0.,0.,1.));
#8910=DIRECTION('center_axis',(0.,0.,1.));
#8911=DIRECTION('ref_axis',(1.,0.,0.));
#8912=DIRECTION('center_axis',(0.,0.,1.));
#8913=DIRECTION('ref_axis',(1.,0.,0.));
#8914=DIRECTION('',(0.,0.,1.));
#8915=DIRECTION('center_axis',(0.,0.,1.));
#8916=DIRECTION('ref_axis',(1.,0.,0.));
#8917=DIRECTION('center_axis',(0.,0.,1.));
#8918=DIRECTION('ref_axis',(1.,0.,0.));
#8919=DIRECTION('',(0.,0.,1.));
#8920=DIRECTION('center_axis',(0.,0.,1.));
#8921=DIRECTION('ref_axis',(1.,0.,0.));
#8922=DIRECTION('center_axis',(0.,0.,1.));
#8923=DIRECTION('ref_axis',(1.,0.,0.));
#8924=DIRECTION('',(0.,0.,1.));
#8925=DIRECTION('center_axis',(0.,0.,1.));
#8926=DIRECTION('ref_axis',(1.,0.,0.));
#8927=DIRECTION('center_axis',(0.,0.,1.));
#8928=DIRECTION('ref_axis',(1.,0.,0.));
#8929=DIRECTION('',(0.,0.,1.));
#8930=DIRECTION('center_axis',(0.,0.,1.));
#8931=DIRECTION('ref_axis',(1.,0.,0.));
#8932=DIRECTION('center_axis',(0.,0.,1.));
#8933=DIRECTION('ref_axis',(1.,0.,0.));
#8934=DIRECTION('',(0.,0.,1.));
#8935=DIRECTION('center_axis',(0.,0.,1.));
#8936=DIRECTION('ref_axis',(-0.707106781186547,-0.707106781186548,0.));
#8937=DIRECTION('center_axis',(0.,0.,-1.));
#8938=DIRECTION('ref_axis',(-0.707106781186547,-0.707106781186548,0.));
#8939=DIRECTION('',(0.,0.,-1.));
#8940=DIRECTION('center_axis',(0.,0.,1.));
#8941=DIRECTION('ref_axis',(-0.707106781186547,-0.707106781186548,0.));
#8942=DIRECTION('',(0.,0.,1.));
#8943=DIRECTION('center_axis',(-1.,0.,0.));
#8944=DIRECTION('ref_axis',(0.,-1.,0.));
#8945=DIRECTION('',(0.,-1.,0.));
#8946=DIRECTION('',(0.,0.,1.));
#8947=DIRECTION('',(0.,-1.,0.));
#8948=DIRECTION('center_axis',(0.,0.,1.));
#8949=DIRECTION('ref_axis',(1.,0.,0.));
#8950=DIRECTION('',(1.,0.,0.));
#8951=DIRECTION('center_axis',(0.,0.,-1.));
#8952=DIRECTION('ref_axis',(0.707106781186547,-0.707106781186548,0.));
#8953=DIRECTION('',(0.,1.,0.));
#8954=DIRECTION('center_axis',(0.,0.,-1.));
#8955=DIRECTION('ref_axis',(0.707106781186546,0.707106781186549,0.));
#8956=DIRECTION('',(-1.,0.,0.));
#8957=DIRECTION('center_axis',(0.,0.,-1.));
#8958=DIRECTION('ref_axis',(-0.707106781186549,0.707106781186546,0.));
#8959=DIRECTION('center_axis',(0.,0.,1.));
#8960=DIRECTION('ref_axis',(0.707106781186547,-0.707106781186548,0.));
#8961=DIRECTION('',(0.,0.,-1.));
#8962=DIRECTION('center_axis',(0.,0.,1.));
#8963=DIRECTION('ref_axis',(0.707106781186547,-0.707106781186548,0.));
#8964=DIRECTION('',(0.,0.,1.));
#8965=DIRECTION('center_axis',(1.,0.,0.));
#8966=DIRECTION('ref_axis',(0.,1.,0.));
#8967=DIRECTION('',(0.,1.,0.));
#8968=DIRECTION('',(0.,0.,-1.));
#8969=DIRECTION('center_axis',(0.,0.,1.));
#8970=DIRECTION('ref_axis',(0.707106781186546,0.707106781186549,0.));
#8971=DIRECTION('center_axis',(0.,0.,1.));
#8972=DIRECTION('ref_axis',(0.707106781186546,0.707106781186549,0.));
#8973=DIRECTION('',(0.,0.,1.));
#8974=DIRECTION('center_axis',(0.,0.,1.));
#8975=DIRECTION('ref_axis',(-0.707106781186549,0.707106781186546,0.));
#8976=DIRECTION('',(0.,0.,-1.));
#8977=DIRECTION('center_axis',(0.,0.,1.));
#8978=DIRECTION('ref_axis',(-0.707106781186549,0.707106781186546,0.));
#8979=DIRECTION('center_axis',(0.,1.,0.));
#8980=DIRECTION('ref_axis',(-1.,0.,0.));
#8981=DIRECTION('',(-1.,0.,0.));
#8982=DIRECTION('center_axis',(0.,-1.,0.));
#8983=DIRECTION('ref_axis',(1.,0.,0.));
#8984=DIRECTION('',(1.,0.,0.));
#8985=DIRECTION('center_axis',(0.,0.,1.));
#8986=DIRECTION('ref_axis',(1.,0.,0.));
#8987=DIRECTION('axis',(0.,0.,1.));
#8988=DIRECTION('refdir',(1.,0.,0.));
#8989=DIRECTION('center_axis',(0.,0.,1.));
#8990=DIRECTION('ref_axis',(1.,0.,0.));
#8991=DIRECTION('',(-1.,0.,0.));
#8992=DIRECTION('',(0.,1.,0.));
#8993=DIRECTION('',(1.,0.,0.));
#8994=DIRECTION('',(0.,1.,0.));
#8995=DIRECTION('center_axis',(-1.,0.,0.));
#8996=DIRECTION('ref_axis',(0.,0.,1.));
#8997=DIRECTION('',(0.,0.,-1.));
#8998=DIRECTION('',(0.,0.,1.));
#8999=DIRECTION('',(0.,1.,0.));
#9000=DIRECTION('center_axis',(0.,0.,-1.));
#9001=DIRECTION('ref_axis',(-1.,0.,0.));
#9002=DIRECTION('',(1.,0.,0.));
#9003=DIRECTION('',(-1.,0.,0.));
#9004=DIRECTION('',(0.,1.,0.));
#9005=DIRECTION('center_axis',(1.,0.,0.));
#9006=DIRECTION('ref_axis',(0.,0.,-1.));
#9007=DIRECTION('',(0.,0.,1.));
#9008=DIRECTION('',(0.,0.,-1.));
#9009=DIRECTION('center_axis',(0.,0.,1.));
#9010=DIRECTION('ref_axis',(1.,0.,0.));
#9011=DIRECTION('center_axis',(0.,0.,1.));
#9012=DIRECTION('ref_axis',(1.,0.,0.));
#9013=DIRECTION('',(0.,0.,1.));
#9014=DIRECTION('center_axis',(0.,0.,-1.));
#9015=DIRECTION('ref_axis',(1.,0.,0.));
#9016=DIRECTION('center_axis',(0.,0.,1.));
#9017=DIRECTION('ref_axis',(1.,0.,0.));
#9018=DIRECTION('',(0.,1.,0.));
#9019=DIRECTION('',(1.,0.,0.));
#9020=DIRECTION('',(0.,1.,0.));
#9021=DIRECTION('',(-1.,0.,0.));
#9022=DIRECTION('center_axis',(0.,-1.,0.));
#9023=DIRECTION('ref_axis',(1.,0.,0.));
#9024=DIRECTION('',(0.,0.,1.));
#9025=DIRECTION('',(1.,0.,0.));
#9026=DIRECTION('',(0.,0.,1.));
#9027=DIRECTION('center_axis',(0.,1.,0.));
#9028=DIRECTION('ref_axis',(-1.,0.,0.));
#9029=DIRECTION('',(0.,0.,-1.));
#9030=DIRECTION('',(0.,0.,1.));
#9031=DIRECTION('',(-1.,0.,0.));
#9032=DIRECTION('center_axis',(1.,0.,0.));
#9033=DIRECTION('ref_axis',(0.,1.,0.));
#9034=DIRECTION('',(0.,1.,0.));
#9035=DIRECTION('center_axis',(0.,0.,1.));
#9036=DIRECTION('ref_axis',(1.,0.,0.));
#9037=DIRECTION('',(0.,-1.,0.));
#9038=DIRECTION('center_axis',(0.,0.,1.));
#9039=DIRECTION('ref_axis',(1.,0.,0.));
#9040=DIRECTION('center_axis',(0.,0.,1.));
#9041=DIRECTION('ref_axis',(1.,0.,0.));
#9042=DIRECTION('',(0.,0.,1.));
#9043=DIRECTION('center_axis',(0.,0.,-1.));
#9044=DIRECTION('ref_axis',(1.,0.,0.));
#9045=DIRECTION('center_axis',(0.,0.,1.));
#9046=DIRECTION('ref_axis',(1.,0.,0.));
#9047=DIRECTION('',(0.,1.,0.));
#9048=DIRECTION('',(1.,0.,0.));
#9049=DIRECTION('',(0.,1.,0.));
#9050=DIRECTION('',(-1.,0.,0.));
#9051=DIRECTION('center_axis',(0.,-1.,0.));
#9052=DIRECTION('ref_axis',(1.,0.,0.));
#9053=DIRECTION('',(0.,0.,1.));
#9054=DIRECTION('',(1.,0.,0.));
#9055=DIRECTION('',(0.,0.,1.));
#9056=DIRECTION('center_axis',(0.,1.,0.));
#9057=DIRECTION('ref_axis',(-1.,0.,0.));
#9058=DIRECTION('',(0.,0.,-1.));
#9059=DIRECTION('',(0.,0.,1.));
#9060=DIRECTION('',(-1.,0.,0.));
#9061=DIRECTION('center_axis',(1.,0.,0.));
#9062=DIRECTION('ref_axis',(0.,1.,0.));
#9063=DIRECTION('',(0.,1.,0.));
#9064=DIRECTION('center_axis',(0.,0.,1.));
#9065=DIRECTION('ref_axis',(1.,0.,0.));
#9066=DIRECTION('',(0.,-1.,0.));
#9067=DIRECTION('center_axis',(0.,0.,1.));
#9068=DIRECTION('ref_axis',(1.,0.,0.));
#9069=DIRECTION('center_axis',(0.,0.,1.));
#9070=DIRECTION('ref_axis',(1.,0.,0.));
#9071=DIRECTION('',(0.,0.,1.));
#9072=DIRECTION('center_axis',(0.,0.,-1.));
#9073=DIRECTION('ref_axis',(1.,0.,0.));
#9074=DIRECTION('center_axis',(0.,0.,1.));
#9075=DIRECTION('ref_axis',(1.,0.,0.));
#9076=DIRECTION('',(0.,1.,0.));
#9077=DIRECTION('',(1.,0.,0.));
#9078=DIRECTION('',(0.,-1.,0.));
#9079=DIRECTION('',(-1.,0.,0.));
#9080=DIRECTION('center_axis',(0.,-1.,0.));
#9081=DIRECTION('ref_axis',(1.,0.,0.));
#9082=DIRECTION('',(0.,0.,-1.));
#9083=DIRECTION('',(1.,0.,0.));
#9084=DIRECTION('',(0.,0.,1.));
#9085=DIRECTION('center_axis',(0.,1.,0.));
#9086=DIRECTION('ref_axis',(-1.,0.,0.));
#9087=DIRECTION('',(0.,0.,1.));
#9088=DIRECTION('',(0.,0.,1.));
#9089=DIRECTION('',(-1.,0.,0.));
#9090=DIRECTION('center_axis',(-1.,0.,0.));
#9091=DIRECTION('ref_axis',(0.,-1.,0.));
#9092=DIRECTION('',(0.,-1.,0.));
#9093=DIRECTION('center_axis',(0.,0.,1.));
#9094=DIRECTION('ref_axis',(1.,0.,0.));
#9095=DIRECTION('',(0.,-1.,0.));
#9096=DIRECTION('center_axis',(0.,0.,1.));
#9097=DIRECTION('ref_axis',(1.,0.,0.));
#9098=DIRECTION('center_axis',(0.,0.,1.));
#9099=DIRECTION('ref_axis',(1.,0.,0.));
#9100=DIRECTION('',(0.,0.,1.));
#9101=DIRECTION('center_axis',(0.,0.,-1.));
#9102=DIRECTION('ref_axis',(1.,0.,0.));
#9103=DIRECTION('center_axis',(0.,0.,1.));
#9104=DIRECTION('ref_axis',(1.,0.,0.));
#9105=DIRECTION('',(0.,1.,0.));
#9106=DIRECTION('',(1.,0.,0.));
#9107=DIRECTION('',(0.,-1.,0.));
#9108=DIRECTION('',(-1.,0.,0.));
#9109=DIRECTION('center_axis',(0.,-1.,0.));
#9110=DIRECTION('ref_axis',(1.,0.,0.));
#9111=DIRECTION('',(0.,0.,-1.));
#9112=DIRECTION('',(1.,0.,0.));
#9113=DIRECTION('',(0.,0.,1.));
#9114=DIRECTION('center_axis',(0.,1.,0.));
#9115=DIRECTION('ref_axis',(-1.,0.,0.));
#9116=DIRECTION('',(0.,0.,1.));
#9117=DIRECTION('',(0.,0.,1.));
#9118=DIRECTION('',(-1.,0.,0.));
#9119=DIRECTION('center_axis',(-1.,0.,0.));
#9120=DIRECTION('ref_axis',(0.,-1.,0.));
#9121=DIRECTION('',(0.,-1.,0.));
#9122=DIRECTION('center_axis',(0.,0.,1.));
#9123=DIRECTION('ref_axis',(1.,0.,0.));
#9124=DIRECTION('',(0.,-1.,0.));
#9125=DIRECTION('center_axis',(0.,0.,1.));
#9126=DIRECTION('ref_axis',(1.,0.,0.));
#9127=DIRECTION('center_axis',(0.,0.,1.));
#9128=DIRECTION('ref_axis',(1.,0.,0.));
#9129=DIRECTION('',(0.,0.,1.));
#9130=DIRECTION('center_axis',(0.,0.,-1.));
#9131=DIRECTION('ref_axis',(1.,0.,0.));
#9132=DIRECTION('center_axis',(0.,0.,1.));
#9133=DIRECTION('ref_axis',(1.,0.,0.));
#9134=DIRECTION('center_axis',(0.,0.,1.));
#9135=DIRECTION('ref_axis',(1.,0.,0.));
#9136=DIRECTION('',(0.,0.,1.));
#9137=DIRECTION('center_axis',(0.,0.,-1.));
#9138=DIRECTION('ref_axis',(1.,0.,0.));
#9139=DIRECTION('',(0.,0.,-1.));
#9140=DIRECTION('center_axis',(0.,0.,1.));
#9141=DIRECTION('ref_axis',(1.,0.,0.));
#9142=DIRECTION('center_axis',(0.,0.,1.));
#9143=DIRECTION('ref_axis',(-0.356822089773081,-0.934172358962719,0.));
#9144=DIRECTION('',(0.,0.,1.));
#9145=DIRECTION('center_axis',(0.,0.,-1.));
#9146=DIRECTION('ref_axis',(1.,0.,0.));
#9147=DIRECTION('center_axis',(0.,0.,1.));
#9148=DIRECTION('ref_axis',(1.,0.,0.));
#9149=DIRECTION('center_axis',(0.,0.,1.));
#9150=DIRECTION('ref_axis',(1.,0.,0.));
#9151=DIRECTION('',(0.,-1.,0.));
#9152=DIRECTION('',(1.,0.,0.));
#9153=DIRECTION('',(0.,1.,0.));
#9154=DIRECTION('',(-1.,0.,0.));
#9155=DIRECTION('center_axis',(0.,0.,-1.));
#9156=DIRECTION('ref_axis',(1.,0.,0.));
#9157=DIRECTION('',(1.,0.,0.));
#9158=DIRECTION('',(0.,-1.,0.));
#9159=DIRECTION('',(0.,-1.,0.));
#9160=DIRECTION('',(0.,-1.,0.));
#9161=DIRECTION('',(-1.,0.,0.));
#9162=DIRECTION('center_axis',(0.,0.,1.));
#9163=DIRECTION('ref_axis',(1.,0.,0.));
#9164=DIRECTION('center_axis',(0.,0.,1.));
#9165=DIRECTION('ref_axis',(1.,0.,0.));
#9166=DIRECTION('',(-1.,0.,0.));
#9167=DIRECTION('center_axis',(0.,0.,1.));
#9168=DIRECTION('ref_axis',(1.,0.,0.));
#9169=DIRECTION('center_axis',(0.,0.,1.));
#9170=DIRECTION('ref_axis',(1.,0.,0.));
#9171=DIRECTION('',(-1.,0.,0.));
#9172=DIRECTION('',(0.,1.,0.));
#9173=DIRECTION('',(0.,1.,0.));
#9174=DIRECTION('',(0.,1.,0.));
#9175=DIRECTION('',(1.,0.,0.));
#9176=DIRECTION('center_axis',(0.,0.,1.));
#9177=DIRECTION('ref_axis',(1.,0.,0.));
#9178=DIRECTION('center_axis',(0.,0.,1.));
#9179=DIRECTION('ref_axis',(1.,0.,0.));
#9180=DIRECTION('',(1.,0.,0.));
#9181=DIRECTION('center_axis',(0.,0.,-1.));
#9182=DIRECTION('ref_axis',(1.,0.,0.));
#9183=DIRECTION('center_axis',(0.,0.,-1.));
#9184=DIRECTION('ref_axis',(1.,0.,0.));
#9185=DIRECTION('center_axis',(1.,0.,0.));
#9186=DIRECTION('ref_axis',(0.,1.,0.));
#9187=DIRECTION('',(0.,0.,1.));
#9188=DIRECTION('',(0.,1.,0.));
#9189=DIRECTION('',(0.,0.,1.));
#9190=DIRECTION('center_axis',(1.,0.,0.));
#9191=DIRECTION('ref_axis',(0.,0.,-1.));
#9192=DIRECTION('center_axis',(0.,1.,0.));
#9193=DIRECTION('ref_axis',(-1.,0.,0.));
#9194=DIRECTION('',(-1.,0.,0.));
#9195=DIRECTION('',(0.,0.,1.));
#9196=DIRECTION('center_axis',(0.,0.,1.));
#9197=DIRECTION('ref_axis',(1.,0.,0.));
#9198=DIRECTION('',(0.,1.,0.));
#9199=DIRECTION('center_axis',(0.,0.,1.));
#9200=DIRECTION('ref_axis',(1.,0.,0.));
#9201=DIRECTION('center_axis',(0.,0.,1.));
#9202=DIRECTION('ref_axis',(1.,0.,0.));
#9203=DIRECTION('',(0.,0.,1.));
#9204=DIRECTION('center_axis',(0.,0.,1.));
#9205=DIRECTION('ref_axis',(1.,0.,0.));
#9206=DIRECTION('center_axis',(0.,0.,1.));
#9207=DIRECTION('ref_axis',(-0.356822089773092,0.934172358962715,0.));
#9208=DIRECTION('',(0.,0.,1.));
#9209=DIRECTION('center_axis',(0.,0.,-1.));
#9210=DIRECTION('ref_axis',(1.,0.,0.));
#9211=DIRECTION('',(0.,0.,-1.));
#9212=DIRECTION('center_axis',(0.,0.,1.));
#9213=DIRECTION('ref_axis',(1.,0.,0.));
#9214=DIRECTION('',(0.,0.,1.));
#9215=DIRECTION('center_axis',(0.,0.,-1.));
#9216=DIRECTION('ref_axis',(1.,0.,0.));
#9217=DIRECTION('center_axis',(1.,0.,0.));
#9218=DIRECTION('ref_axis',(0.,1.,0.));
#9219=DIRECTION('',(0.,1.,0.));
#9220=DIRECTION('',(0.,0.,1.));
#9221=DIRECTION('center_axis',(0.,0.,1.));
#9222=DIRECTION('ref_axis',(1.,0.,0.));
#9223=DIRECTION('',(-1.,0.,0.));
#9224=DIRECTION('center_axis',(0.,0.,-1.));
#9225=DIRECTION('ref_axis',(1.,0.,0.));
#9226=DIRECTION('',(0.,-1.,0.));
#9227=DIRECTION('center_axis',(0.,0.,-1.));
#9228=DIRECTION('ref_axis',(1.,0.,0.));
#9229=DIRECTION('',(1.,0.,0.));
#9230=DIRECTION('center_axis',(0.,-1.,0.));
#9231=DIRECTION('ref_axis',(1.,0.,0.));
#9232=DIRECTION('',(0.,0.,1.));
#9233=DIRECTION('center_axis',(0.,0.,1.));
#9234=DIRECTION('ref_axis',(1.,0.,0.));
#9235=DIRECTION('center_axis',(0.,0.,1.));
#9236=DIRECTION('ref_axis',(1.,0.,0.));
#9237=DIRECTION('',(0.,0.,1.));
#9238=DIRECTION('center_axis',(0.,0.,1.));
#9239=DIRECTION('ref_axis',(1.,0.,0.));
#9240=DIRECTION('center_axis',(0.,0.,1.));
#9241=DIRECTION('ref_axis',(1.,0.,0.));
#9242=DIRECTION('',(0.,0.,-1.));
#9243=DIRECTION('',(0.,0.,1.));
#9244=DIRECTION('center_axis',(0.,0.,1.));
#9245=DIRECTION('ref_axis',(1.,0.,0.));
#9246=DIRECTION('',(0.,0.,1.));
#9247=DIRECTION('center_axis',(0.,0.,-1.));
#9248=DIRECTION('ref_axis',(1.,0.,0.));
#9249=DIRECTION('center_axis',(0.,1.,0.));
#9250=DIRECTION('ref_axis',(-1.,0.,0.));
#9251=DIRECTION('center_axis',(0.,0.,1.));
#9252=DIRECTION('ref_axis',(1.,0.,0.));
#9253=DIRECTION('',(1.,0.,0.));
#9254=DIRECTION('center_axis',(-1.,0.,0.));
#9255=DIRECTION('ref_axis',(0.,-1.,0.));
#9256=DIRECTION('',(0.,0.,1.));
#9257=DIRECTION('',(0.,-1.,0.));
#9258=DIRECTION('',(0.,0.,1.));
#9259=DIRECTION('center_axis',(0.,0.,1.));
#9260=DIRECTION('ref_axis',(1.,0.,0.));
#9261=DIRECTION('center_axis',(0.,0.,1.));
#9262=DIRECTION('ref_axis',(1.,0.,0.));
#9263=DIRECTION('',(0.,0.,1.));
#9264=DIRECTION('center_axis',(0.,0.,1.));
#9265=DIRECTION('ref_axis',(1.,0.,0.));
#9266=DIRECTION('center_axis',(0.,0.,1.));
#9267=DIRECTION('ref_axis',(1.,0.,0.));
#9268=DIRECTION('',(0.,0.,-1.));
#9269=DIRECTION('',(0.,0.,1.));
#9270=DIRECTION('center_axis',(0.,0.,-1.));
#9271=DIRECTION('ref_axis',(1.,0.,0.));
#9272=DIRECTION('center_axis',(0.,0.,1.));
#9273=DIRECTION('ref_axis',(1.,0.,0.));
#9274=DIRECTION('center_axis',(0.,-1.,0.));
#9275=DIRECTION('ref_axis',(1.,0.,0.));
#9276=DIRECTION('',(1.,0.,0.));
#9277=DIRECTION('',(0.,0.,1.));
#9278=DIRECTION('center_axis',(0.,0.,1.));
#9279=DIRECTION('ref_axis',(1.,0.,0.));
#9280=DIRECTION('',(0.,-1.,0.));
#9281=DIRECTION('center_axis',(-1.,0.,0.));
#9282=DIRECTION('ref_axis',(0.,-1.,0.));
#9283=DIRECTION('',(0.,0.,1.));
#9284=DIRECTION('center_axis',(-1.,0.,0.));
#9285=DIRECTION('ref_axis',(0.,0.,-1.));
#9286=DIRECTION('center_axis',(1.,0.,0.));
#9287=DIRECTION('ref_axis',(0.,0.,-1.));
#9288=DIRECTION('',(1.,0.,0.));
#9289=DIRECTION('center_axis',(-1.,0.,0.));
#9290=DIRECTION('ref_axis',(0.,0.,-1.));
#9291=DIRECTION('center_axis',(1.,0.,0.));
#9292=DIRECTION('ref_axis',(0.,0.,-1.));
#9293=DIRECTION('center_axis',(1.,0.,0.));
#9294=DIRECTION('ref_axis',(0.,0.,-1.));
#9295=DIRECTION('',(1.,0.,0.));
#9296=DIRECTION('center_axis',(0.,-1.,0.));
#9297=DIRECTION('ref_axis',(1.,0.,0.));
#9298=DIRECTION('center_axis',(-1.,0.,0.));
#9299=DIRECTION('ref_axis',(0.,-1.,0.));
#9300=DIRECTION('center_axis',(0.,1.,0.));
#9301=DIRECTION('ref_axis',(-1.,0.,0.));
#9302=DIRECTION('',(-1.,0.,0.));
#9303=DIRECTION('center_axis',(1.,0.,0.));
#9304=DIRECTION('ref_axis',(0.,1.,0.));
#9305=DIRECTION('center_axis',(0.,0.,1.));
#9306=DIRECTION('ref_axis',(1.,0.,0.));
#9307=DIRECTION('center_axis',(0.,1.,0.));
#9308=DIRECTION('ref_axis',(-1.,0.,0.));
#9309=DIRECTION('',(-1.,0.,0.));
#9310=DIRECTION('',(0.,0.,1.));
#9311=DIRECTION('',(0.,0.,1.));
#9312=DIRECTION('center_axis',(1.,0.,0.));
#9313=DIRECTION('ref_axis',(0.,1.,0.));
#9314=DIRECTION('',(0.,1.,0.));
#9315=DIRECTION('',(0.,0.,1.));
#9316=DIRECTION('center_axis',(0.,-1.,0.));
#9317=DIRECTION('ref_axis',(1.,0.,0.));
#9318=DIRECTION('',(1.,0.,0.));
#9319=DIRECTION('',(0.,0.,1.));
#9320=DIRECTION('center_axis',(-1.,0.,0.));
#9321=DIRECTION('ref_axis',(0.,-1.,0.));
#9322=DIRECTION('',(0.,-1.,0.));
#9323=DIRECTION('center_axis',(0.,0.,1.));
#9324=DIRECTION('ref_axis',(1.,0.,0.));
#9325=DIRECTION('axis',(0.,0.,1.));
#9326=DIRECTION('refdir',(1.,0.,0.));
#9327=DIRECTION('center_axis',(0.,0.,1.));
#9328=DIRECTION('ref_axis',(1.,0.,0.));
#9329=DIRECTION('center_axis',(0.,0.,1.));
#9330=DIRECTION('ref_axis',(1.,0.,0.));
#9331=DIRECTION('',(0.,0.,1.));
#9332=DIRECTION('center_axis',(0.,0.,-1.));
#9333=DIRECTION('ref_axis',(1.,0.,0.));
#9334=DIRECTION('center_axis',(0.,0.,1.));
#9335=DIRECTION('ref_axis',(1.,0.,0.));
#9336=DIRECTION('center_axis',(0.,0.,1.));
#9337=DIRECTION('ref_axis',(1.,0.,0.));
#9338=DIRECTION('',(0.,0.,1.));
#9339=DIRECTION('center_axis',(0.,0.,-1.));
#9340=DIRECTION('ref_axis',(1.,0.,0.));
#9341=DIRECTION('center_axis',(0.,0.,1.));
#9342=DIRECTION('ref_axis',(1.,0.,0.));
#9343=DIRECTION('center_axis',(0.,0.,1.));
#9344=DIRECTION('ref_axis',(1.,0.,0.));
#9345=DIRECTION('',(0.,0.,1.));
#9346=DIRECTION('center_axis',(0.,0.,-1.));
#9347=DIRECTION('ref_axis',(1.,0.,0.));
#9348=DIRECTION('center_axis',(0.,0.,1.));
#9349=DIRECTION('ref_axis',(1.,0.,0.));
#9350=DIRECTION('center_axis',(0.,0.,1.));
#9351=DIRECTION('ref_axis',(1.,0.,0.));
#9352=DIRECTION('',(0.,0.,1.));
#9353=DIRECTION('center_axis',(0.,0.,-1.));
#9354=DIRECTION('ref_axis',(1.,0.,0.));
#9355=DIRECTION('center_axis',(0.,1.,0.));
#9356=DIRECTION('ref_axis',(-1.,0.,0.));
#9357=DIRECTION('',(-1.,0.,0.));
#9358=DIRECTION('',(0.,0.,1.));
#9359=DIRECTION('',(-1.,0.,0.));
#9360=DIRECTION('',(0.,0.,1.));
#9361=DIRECTION('center_axis',(1.,0.,0.));
#9362=DIRECTION('ref_axis',(0.,1.,0.));
#9363=DIRECTION('',(0.,1.,0.));
#9364=DIRECTION('',(0.,1.,0.));
#9365=DIRECTION('',(0.,0.,1.));
#9366=DIRECTION('center_axis',(0.,-1.,0.));
#9367=DIRECTION('ref_axis',(1.,0.,0.));
#9368=DIRECTION('',(1.,0.,0.));
#9369=DIRECTION('',(1.,0.,0.));
#9370=DIRECTION('',(0.,0.,1.));
#9371=DIRECTION('center_axis',(-1.,0.,0.));
#9372=DIRECTION('ref_axis',(0.,-1.,0.));
#9373=DIRECTION('',(0.,-1.,0.));
#9374=DIRECTION('',(0.,-1.,0.));
#9375=DIRECTION('center_axis',(0.,0.,1.));
#9376=DIRECTION('ref_axis',(1.,0.,0.));
#9377=DIRECTION('center_axis',(0.,0.,1.));
#9378=DIRECTION('ref_axis',(1.,0.,0.));
#9379=DIRECTION('axis',(0.,0.,1.));
#9380=DIRECTION('refdir',(1.,0.,0.));
#9381=DIRECTION('center_axis',(0.,1.,0.));
#9382=DIRECTION('ref_axis',(-1.,0.,0.));
#9383=DIRECTION('',(-1.,0.,0.));
#9384=DIRECTION('',(0.,0.,1.));
#9385=DIRECTION('',(-1.,0.,0.));
#9386=DIRECTION('',(0.,0.,1.));
#9387=DIRECTION('center_axis',(1.,0.,0.));
#9388=DIRECTION('ref_axis',(0.,1.,0.));
#9389=DIRECTION('',(0.,1.,0.));
#9390=DIRECTION('',(0.,1.,0.));
#9391=DIRECTION('',(0.,0.,1.));
#9392=DIRECTION('center_axis',(0.,-1.,0.));
#9393=DIRECTION('ref_axis',(1.,0.,0.));
#9394=DIRECTION('',(1.,0.,0.));
#9395=DIRECTION('',(1.,0.,0.));
#9396=DIRECTION('',(0.,0.,1.));
#9397=DIRECTION('center_axis',(-1.,0.,0.));
#9398=DIRECTION('ref_axis',(0.,-1.,0.));
#9399=DIRECTION('',(0.,-1.,0.));
#9400=DIRECTION('',(0.,-1.,0.));
#9401=DIRECTION('center_axis',(0.,0.,1.));
#9402=DIRECTION('ref_axis',(1.,0.,0.));
#9403=DIRECTION('center_axis',(0.,0.,1.));
#9404=DIRECTION('ref_axis',(1.,0.,0.));
#9405=DIRECTION('axis',(0.,0.,1.));
#9406=DIRECTION('refdir',(1.,0.,0.));
#9407=DIRECTION('center_axis',(1.,0.,0.));
#9408=DIRECTION('ref_axis',(0.,0.,-1.));
#9409=DIRECTION('center_axis',(1.,0.,0.));
#9410=DIRECTION('ref_axis',(0.,0.,-1.));
#9411=DIRECTION('',(1.,0.,0.));
#9412=DIRECTION('center_axis',(-1.,0.,0.));
#9413=DIRECTION('ref_axis',(0.,0.,-1.));
#9414=DIRECTION('center_axis',(1.,0.,0.));
#9415=DIRECTION('ref_axis',(0.,0.,-1.));
#9416=DIRECTION('center_axis',(1.,0.,0.));
#9417=DIRECTION('ref_axis',(0.,0.,-1.));
#9418=DIRECTION('',(-1.,0.,0.));
#9419=DIRECTION('center_axis',(1.,0.,0.));
#9420=DIRECTION('ref_axis',(0.,0.,-1.));
#9421=DIRECTION('center_axis',(1.,0.,0.));
#9422=DIRECTION('ref_axis',(0.,0.,-1.));
#9423=DIRECTION('center_axis',(1.,0.,0.));
#9424=DIRECTION('ref_axis',(0.,0.,-1.));
#9425=DIRECTION('center_axis',(1.,0.,0.));
#9426=DIRECTION('ref_axis',(0.,0.,-1.));
#9427=DIRECTION('center_axis',(1.,0.,0.));
#9428=DIRECTION('ref_axis',(0.,0.,-1.));
#9429=DIRECTION('',(1.,0.,0.));
#9430=DIRECTION('center_axis',(-1.,0.,0.));
#9431=DIRECTION('ref_axis',(0.,0.,-1.));
#9432=DIRECTION('center_axis',(1.,0.,0.));
#9433=DIRECTION('ref_axis',(0.,0.,-1.));
#9434=DIRECTION('center_axis',(1.,0.,0.));
#9435=DIRECTION('ref_axis',(0.,0.,-1.));
#9436=DIRECTION('',(-1.,0.,0.));
#9437=DIRECTION('center_axis',(1.,0.,0.));
#9438=DIRECTION('ref_axis',(0.,0.,-1.));
#9439=DIRECTION('center_axis',(1.,0.,0.));
#9440=DIRECTION('ref_axis',(0.,0.,-1.));
#9441=DIRECTION('center_axis',(1.,0.,0.));
#9442=DIRECTION('ref_axis',(0.,0.,-1.));
#9443=DIRECTION('axis',(0.,0.,1.));
#9444=DIRECTION('refdir',(1.,0.,0.));
#9445=DIRECTION('center_axis',(0.,1.,0.));
#9446=DIRECTION('ref_axis',(-1.,0.,0.));
#9447=DIRECTION('',(-1.,0.,0.));
#9448=DIRECTION('',(0.,0.,1.));
#9449=DIRECTION('',(-1.,0.,0.));
#9450=DIRECTION('',(0.,0.,1.));
#9451=DIRECTION('center_axis',(1.,0.,0.));
#9452=DIRECTION('ref_axis',(0.,1.,0.));
#9453=DIRECTION('',(0.,1.,0.));
#9454=DIRECTION('',(0.,1.,0.));
#9455=DIRECTION('',(0.,0.,1.));
#9456=DIRECTION('center_axis',(0.,-1.,0.));
#9457=DIRECTION('ref_axis',(1.,0.,0.));
#9458=DIRECTION('',(1.,0.,0.));
#9459=DIRECTION('',(1.,0.,0.));
#9460=DIRECTION('',(0.,0.,1.));
#9461=DIRECTION('center_axis',(-1.,0.,0.));
#9462=DIRECTION('ref_axis',(0.,-1.,0.));
#9463=DIRECTION('',(0.,-1.,0.));
#9464=DIRECTION('',(0.,-1.,0.));
#9465=DIRECTION('center_axis',(0.,0.,1.));
#9466=DIRECTION('ref_axis',(1.,0.,0.));
#9467=DIRECTION('center_axis',(0.,0.,1.));
#9468=DIRECTION('ref_axis',(1.,0.,0.));
#9469=DIRECTION('axis',(0.,0.,1.));
#9470=DIRECTION('refdir',(1.,0.,0.));
#9471=DIRECTION('center_axis',(0.,1.,0.));
#9472=DIRECTION('ref_axis',(-1.,0.,0.));
#9473=DIRECTION('',(-1.,0.,0.));
#9474=DIRECTION('',(0.,0.,1.));
#9475=DIRECTION('',(-1.,0.,0.));
#9476=DIRECTION('',(0.,0.,1.));
#9477=DIRECTION('center_axis',(1.,0.,0.));
#9478=DIRECTION('ref_axis',(0.,1.,0.));
#9479=DIRECTION('',(0.,1.,0.));
#9480=DIRECTION('',(0.,1.,0.));
#9481=DIRECTION('',(0.,0.,1.));
#9482=DIRECTION('center_axis',(0.,-1.,0.));
#9483=DIRECTION('ref_axis',(1.,0.,0.));
#9484=DIRECTION('',(1.,0.,0.));
#9485=DIRECTION('',(1.,0.,0.));
#9486=DIRECTION('',(0.,0.,1.));
#9487=DIRECTION('center_axis',(-1.,0.,0.));
#9488=DIRECTION('ref_axis',(0.,-1.,0.));
#9489=DIRECTION('',(0.,-1.,0.));
#9490=DIRECTION('',(0.,-1.,0.));
#9491=DIRECTION('center_axis',(0.,0.,1.));
#9492=DIRECTION('ref_axis',(1.,0.,0.));
#9493=DIRECTION('center_axis',(0.,0.,1.));
#9494=DIRECTION('ref_axis',(1.,0.,0.));
#9495=DIRECTION('axis',(0.,0.,1.));
#9496=DIRECTION('refdir',(1.,0.,0.));
#9497=DIRECTION('center_axis',(0.,0.,1.));
#9498=DIRECTION('ref_axis',(1.,0.,0.));
#9499=DIRECTION('center_axis',(0.,0.,1.));
#9500=DIRECTION('ref_axis',(1.,0.,0.));
#9501=DIRECTION('',(0.,0.,1.));
#9502=DIRECTION('center_axis',(0.,0.,-1.));
#9503=DIRECTION('ref_axis',(1.,0.,0.));
#9504=DIRECTION('center_axis',(1.,0.,0.));
#9505=DIRECTION('ref_axis',(0.,1.,0.));
#9506=DIRECTION('',(0.,1.,0.));
#9507=DIRECTION('',(0.,0.,1.));
#9508=DIRECTION('',(0.,1.,0.));
#9509=DIRECTION('',(0.,0.,1.));
#9510=DIRECTION('center_axis',(0.,-1.,0.));
#9511=DIRECTION('ref_axis',(1.,0.,0.));
#9512=DIRECTION('',(0.,0.,1.));
#9513=DIRECTION('',(1.,0.,0.));
#9514=DIRECTION('',(1.,0.,0.));
#9515=DIRECTION('center_axis',(0.,0.,1.));
#9516=DIRECTION('ref_axis',(1.,0.,0.));
#9517=DIRECTION('',(-1.,0.,0.));
#9518=DIRECTION('',(0.,1.,0.));
#9519=DIRECTION('',(-1.,0.,0.));
#9520=DIRECTION('',(0.,1.,0.));
#9521=DIRECTION('',(1.,0.,0.));
#9522=DIRECTION('',(0.,1.,0.));
#9523=DIRECTION('',(1.,0.,0.));
#9524=DIRECTION('',(0.,-1.,0.));
#9525=DIRECTION('',(1.,0.,0.));
#9526=DIRECTION('',(0.,1.,0.));
#9527=DIRECTION('',(1.,0.,0.));
#9528=DIRECTION('',(0.,-1.,0.));
#9529=DIRECTION('',(1.,0.,0.));
#9530=DIRECTION('',(0.,-1.,0.));
#9531=DIRECTION('',(-1.,0.,0.));
#9532=DIRECTION('',(0.,-1.,0.));
#9533=DIRECTION('',(1.,0.,0.));
#9534=DIRECTION('',(0.,-1.,0.));
#9535=DIRECTION('',(1.,0.,0.));
#9536=DIRECTION('',(0.,1.,0.));
#9537=DIRECTION('',(-1.,0.,0.));
#9538=DIRECTION('',(0.,-1.,0.));
#9539=DIRECTION('center_axis',(0.,0.,1.));
#9540=DIRECTION('ref_axis',(1.,0.,0.));
#9541=DIRECTION('center_axis',(0.,0.,1.));
#9542=DIRECTION('ref_axis',(1.,0.,0.));
#9543=DIRECTION('center_axis',(0.,0.,1.));
#9544=DIRECTION('ref_axis',(1.,0.,0.));
#9545=DIRECTION('center_axis',(1.,0.,0.));
#9546=DIRECTION('ref_axis',(0.,1.,0.));
#9547=DIRECTION('',(0.,1.,0.));
#9548=DIRECTION('',(0.,0.,-1.));
#9549=DIRECTION('center_axis',(0.,0.,1.));
#9550=DIRECTION('ref_axis',(1.,0.,0.));
#9551=DIRECTION('',(0.,0.,1.));
#9552=DIRECTION('center_axis',(0.,0.,-1.));
#9553=DIRECTION('ref_axis',(1.,0.,0.));
#9554=DIRECTION('center_axis',(0.,1.,0.));
#9555=DIRECTION('ref_axis',(-1.,0.,0.));
#9556=DIRECTION('',(-1.,0.,0.));
#9557=DIRECTION('',(0.,0.,1.));
#9558=DIRECTION('center_axis',(1.,0.,0.));
#9559=DIRECTION('ref_axis',(0.,1.,0.));
#9560=DIRECTION('',(0.,1.,0.));
#9561=DIRECTION('',(0.,0.,1.));
#9562=DIRECTION('center_axis',(0.,-1.,0.));
#9563=DIRECTION('ref_axis',(1.,0.,0.));
#9564=DIRECTION('',(0.,0.,1.));
#9565=DIRECTION('',(1.,0.,0.));
#9566=DIRECTION('center_axis',(-1.,0.,0.));
#9567=DIRECTION('ref_axis',(0.,-1.,0.));
#9568=DIRECTION('',(0.,-1.,0.));
#9569=DIRECTION('',(0.,0.,-1.));
#9570=DIRECTION('',(0.,0.,1.));
#9571=DIRECTION('center_axis',(1.,0.,0.));
#9572=DIRECTION('ref_axis',(0.,1.,0.));
#9573=DIRECTION('',(0.,1.,0.));
#9574=DIRECTION('',(0.,0.,1.));
#9575=DIRECTION('center_axis',(0.,0.,1.));
#9576=DIRECTION('ref_axis',(1.,0.,0.));
#9577=DIRECTION('',(0.,0.,1.));
#9578=DIRECTION('center_axis',(0.,0.,-1.));
#9579=DIRECTION('ref_axis',(1.,0.,0.));
#9580=DIRECTION('center_axis',(0.,-1.,0.));
#9581=DIRECTION('ref_axis',(1.,0.,0.));
#9582=DIRECTION('',(0.,0.,-1.));
#9583=DIRECTION('',(1.,0.,0.));
#9584=DIRECTION('',(0.,0.,1.));
#9585=DIRECTION('center_axis',(-1.,0.,0.));
#9586=DIRECTION('ref_axis',(0.,-1.,0.));
#9587=DIRECTION('',(0.,-1.,0.));
#9588=DIRECTION('',(0.,0.,1.));
#9589=DIRECTION('center_axis',(1.,0.,0.));
#9590=DIRECTION('ref_axis',(0.,1.,0.));
#9591=DIRECTION('',(0.,1.,0.));
#9592=DIRECTION('',(0.,0.,-1.));
#9593=DIRECTION('',(0.,0.,1.));
#9594=DIRECTION('center_axis',(0.,0.,1.));
#9595=DIRECTION('ref_axis',(1.,0.,0.));
#9596=DIRECTION('',(-1.,0.,0.));
#9597=DIRECTION('',(0.,-1.,0.));
#9598=DIRECTION('',(-1.,0.,0.));
#9599=DIRECTION('',(0.,-1.,0.));
#9600=DIRECTION('',(1.,0.,0.));
#9601=DIRECTION('',(0.,-1.,0.));
#9602=DIRECTION('',(1.,0.,0.));
#9603=DIRECTION('',(0.,1.,0.));
#9604=DIRECTION('',(1.,0.,0.));
#9605=DIRECTION('',(1.,0.,0.));
#9606=DIRECTION('',(0.,-1.,0.));
#9607=DIRECTION('',(-1.,0.,0.));
#9608=DIRECTION('',(1.,0.,0.));
#9609=DIRECTION('center_axis',(0.,0.,-1.));
#9610=DIRECTION('ref_axis',(1.,0.,0.));
#9611=DIRECTION('center_axis',(0.,0.,1.));
#9612=DIRECTION('ref_axis',(1.,0.,0.));
#9613=DIRECTION('',(0.,0.,1.));
#9614=DIRECTION('center_axis',(0.,1.,0.));
#9615=DIRECTION('ref_axis',(-1.,0.,0.));
#9616=DIRECTION('',(0.,0.,1.));
#9617=DIRECTION('',(0.,0.,1.));
#9618=DIRECTION('center_axis',(0.,-1.,0.));
#9619=DIRECTION('ref_axis',(1.,0.,0.));
#9620=DIRECTION('',(0.,0.,-1.));
#9621=DIRECTION('',(0.,0.,1.));
#9622=DIRECTION('center_axis',(-1.,0.,0.));
#9623=DIRECTION('ref_axis',(0.,-1.,0.));
#9624=DIRECTION('center_axis',(-1.,0.,0.));
#9625=DIRECTION('ref_axis',(0.,-1.,0.));
#9626=DIRECTION('center_axis',(-1.,0.,0.));
#9627=DIRECTION('ref_axis',(0.,-1.,0.));
#9628=DIRECTION('',(0.,0.,1.));
#9629=DIRECTION('center_axis',(0.,1.,0.));
#9630=DIRECTION('ref_axis',(-1.,0.,0.));
#9631=DIRECTION('',(0.,0.,1.));
#9632=DIRECTION('center_axis',(0.,-1.,0.));
#9633=DIRECTION('ref_axis',(1.,0.,0.));
#9634=DIRECTION('',(0.,0.,1.));
#9635=DIRECTION('center_axis',(1.,0.,0.));
#9636=DIRECTION('ref_axis',(0.,1.,0.));
#9637=DIRECTION('',(0.,0.,1.));
#9638=DIRECTION('center_axis',(0.,-1.,0.));
#9639=DIRECTION('ref_axis',(1.,0.,0.));
#9640=DIRECTION('',(0.,0.,-1.));
#9641=DIRECTION('center_axis',(0.,-1.,0.));
#9642=DIRECTION('ref_axis',(1.,0.,0.));
#9643=DIRECTION('center_axis',(-1.,0.,0.));
#9644=DIRECTION('ref_axis',(0.,-1.,0.));
#9645=DIRECTION('center_axis',(0.,1.,0.));
#9646=DIRECTION('ref_axis',(-1.,0.,0.));
#9647=DIRECTION('center_axis',(0.,-1.,0.));
#9648=DIRECTION('ref_axis',(1.,0.,0.));
#9649=DIRECTION('axis',(0.,0.,1.));
#9650=DIRECTION('refdir',(1.,0.,0.));
#9651=DIRECTION('center_axis',(0.,1.,0.));
#9652=DIRECTION('ref_axis',(-1.,0.,0.));
#9653=DIRECTION('',(-1.,0.,0.));
#9654=DIRECTION('',(0.,0.,1.));
#9655=DIRECTION('',(-1.,0.,0.));
#9656=DIRECTION('',(0.,0.,1.));
#9657=DIRECTION('center_axis',(1.,0.,0.));
#9658=DIRECTION('ref_axis',(0.,1.,0.));
#9659=DIRECTION('',(0.,1.,0.));
#9660=DIRECTION('',(0.,1.,0.));
#9661=DIRECTION('',(0.,0.,1.));
#9662=DIRECTION('center_axis',(0.,-1.,0.));
#9663=DIRECTION('ref_axis',(1.,0.,0.));
#9664=DIRECTION('',(1.,0.,0.));
#9665=DIRECTION('',(1.,0.,0.));
#9666=DIRECTION('',(0.,0.,1.));
#9667=DIRECTION('center_axis',(-1.,0.,0.));
#9668=DIRECTION('ref_axis',(0.,-1.,0.));
#9669=DIRECTION('',(0.,-1.,0.));
#9670=DIRECTION('',(0.,-1.,0.));
#9671=DIRECTION('center_axis',(0.,0.,1.));
#9672=DIRECTION('ref_axis',(1.,0.,0.));
#9673=DIRECTION('center_axis',(0.,0.,1.));
#9674=DIRECTION('ref_axis',(1.,0.,0.));
#9675=DIRECTION('center_axis',(0.,1.,0.));
#9676=DIRECTION('ref_axis',(-1.,0.,0.));
#9677=DIRECTION('',(-1.,0.,0.));
#9678=DIRECTION('',(0.,0.,1.));
#9679=DIRECTION('',(-1.,0.,0.));
#9680=DIRECTION('',(0.,0.,1.));
#9681=DIRECTION('center_axis',(1.,0.,0.));
#9682=DIRECTION('ref_axis',(0.,1.,0.));
#9683=DIRECTION('',(0.,1.,0.));
#9684=DIRECTION('',(0.,1.,0.));
#9685=DIRECTION('',(0.,0.,1.));
#9686=DIRECTION('center_axis',(0.,-1.,0.));
#9687=DIRECTION('ref_axis',(1.,0.,0.));
#9688=DIRECTION('',(1.,0.,0.));
#9689=DIRECTION('',(1.,0.,0.));
#9690=DIRECTION('',(0.,0.,1.));
#9691=DIRECTION('center_axis',(-1.,0.,0.));
#9692=DIRECTION('ref_axis',(0.,-1.,0.));
#9693=DIRECTION('',(0.,-1.,0.));
#9694=DIRECTION('',(0.,-1.,0.));
#9695=DIRECTION('center_axis',(0.,0.,1.));
#9696=DIRECTION('ref_axis',(1.,0.,0.));
#9697=DIRECTION('center_axis',(0.,0.,1.));
#9698=DIRECTION('ref_axis',(1.,0.,0.));
#9699=DIRECTION('center_axis',(0.,1.,0.));
#9700=DIRECTION('ref_axis',(-1.,0.,0.));
#9701=DIRECTION('',(-1.,0.,0.));
#9702=DIRECTION('',(0.,0.,1.));
#9703=DIRECTION('',(-1.,0.,0.));
#9704=DIRECTION('',(0.,0.,1.));
#9705=DIRECTION('center_axis',(1.,0.,0.));
#9706=DIRECTION('ref_axis',(0.,1.,0.));
#9707=DIRECTION('',(0.,1.,0.));
#9708=DIRECTION('',(0.,1.,0.));
#9709=DIRECTION('',(0.,0.,1.));
#9710=DIRECTION('center_axis',(0.,-1.,0.));
#9711=DIRECTION('ref_axis',(1.,0.,0.));
#9712=DIRECTION('',(1.,0.,0.));
#9713=DIRECTION('',(1.,0.,0.));
#9714=DIRECTION('',(0.,0.,1.));
#9715=DIRECTION('center_axis',(-1.,0.,0.));
#9716=DIRECTION('ref_axis',(0.,-1.,0.));
#9717=DIRECTION('',(0.,-1.,0.));
#9718=DIRECTION('',(0.,-1.,0.));
#9719=DIRECTION('center_axis',(0.,0.,1.));
#9720=DIRECTION('ref_axis',(1.,0.,0.));
#9721=DIRECTION('center_axis',(0.,0.,1.));
#9722=DIRECTION('ref_axis',(1.,0.,0.));
#9723=DIRECTION('axis',(0.,0.,1.));
#9724=DIRECTION('refdir',(1.,0.,0.));
#9725=DIRECTION('center_axis',(0.,-1.,0.));
#9726=DIRECTION('ref_axis',(1.,0.,0.));
#9727=DIRECTION('',(-1.,0.,0.));
#9728=DIRECTION('',(0.,0.,1.));
#9729=DIRECTION('',(1.,0.,0.));
#9730=DIRECTION('',(0.,0.,1.));
#9731=DIRECTION('center_axis',(-1.,0.,0.));
#9732=DIRECTION('ref_axis',(0.,-1.,0.));
#9733=DIRECTION('',(0.,1.,0.));
#9734=DIRECTION('',(0.,-1.,0.));
#9735=DIRECTION('',(0.,0.,1.));
#9736=DIRECTION('center_axis',(0.,1.,0.));
#9737=DIRECTION('ref_axis',(-1.,0.,0.));
#9738=DIRECTION('',(1.,0.,0.));
#9739=DIRECTION('',(-1.,0.,0.));
#9740=DIRECTION('',(0.,0.,1.));
#9741=DIRECTION('center_axis',(1.,0.,0.));
#9742=DIRECTION('ref_axis',(0.,1.,0.));
#9743=DIRECTION('',(0.,-1.,0.));
#9744=DIRECTION('',(0.,1.,0.));
#9745=DIRECTION('center_axis',(0.,0.,1.));
#9746=DIRECTION('ref_axis',(1.,0.,0.));
#9747=DIRECTION('center_axis',(0.,1.,0.));
#9748=DIRECTION('ref_axis',(-1.,0.,0.));
#9749=DIRECTION('',(-1.,0.,0.));
#9750=DIRECTION('',(0.,0.,1.));
#9751=DIRECTION('',(-1.,0.,0.));
#9752=DIRECTION('',(0.,0.,1.));
#9753=DIRECTION('center_axis',(1.,0.,0.));
#9754=DIRECTION('ref_axis',(0.,1.,0.));
#9755=DIRECTION('',(0.,1.,0.));
#9756=DIRECTION('',(0.,1.,0.));
#9757=DIRECTION('',(0.,0.,1.));
#9758=DIRECTION('center_axis',(0.,-1.,0.));
#9759=DIRECTION('ref_axis',(1.,0.,0.));
#9760=DIRECTION('',(1.,0.,0.));
#9761=DIRECTION('',(1.,0.,0.));
#9762=DIRECTION('',(0.,0.,1.));
#9763=DIRECTION('center_axis',(-1.,0.,0.));
#9764=DIRECTION('ref_axis',(0.,-1.,0.));
#9765=DIRECTION('',(0.,-1.,0.));
#9766=DIRECTION('',(0.,-1.,0.));
#9767=DIRECTION('center_axis',(0.,0.,1.));
#9768=DIRECTION('ref_axis',(1.,0.,0.));
#9769=DIRECTION('center_axis',(0.,0.,1.));
#9770=DIRECTION('ref_axis',(1.,0.,0.));
#9771=DIRECTION('axis',(0.,0.,1.));
#9772=DIRECTION('refdir',(1.,0.,0.));
#9773=DIRECTION('center_axis',(0.,1.,0.));
#9774=DIRECTION('ref_axis',(1.,0.,0.));
#9775=DIRECTION('center_axis',(0.,1.,0.));
#9776=DIRECTION('ref_axis',(1.,0.,0.));
#9777=DIRECTION('',(0.,-1.,0.));
#9778=DIRECTION('center_axis',(0.,1.,0.));
#9779=DIRECTION('ref_axis',(1.,0.,0.));
#9780=DIRECTION('center_axis',(0.,1.,0.));
#9781=DIRECTION('ref_axis',(1.,0.,0.));
#9782=DIRECTION('center_axis',(0.,1.,0.));
#9783=DIRECTION('ref_axis',(1.,0.,0.));
#9784=DIRECTION('center_axis',(0.,1.,0.));
#9785=DIRECTION('ref_axis',(1.,0.,0.));
#9786=DIRECTION('center_axis',(0.,1.,0.));
#9787=DIRECTION('ref_axis',(1.,0.,0.));
#9788=DIRECTION('',(0.,-1.,0.));
#9789=DIRECTION('center_axis',(0.,1.,0.));
#9790=DIRECTION('ref_axis',(1.,0.,0.));
#9791=DIRECTION('center_axis',(0.,1.,0.));
#9792=DIRECTION('ref_axis',(1.,0.,0.));
#9793=DIRECTION('center_axis',(0.,1.,0.));
#9794=DIRECTION('ref_axis',(1.,0.,0.));
#9795=DIRECTION('axis',(0.,0.,1.));
#9796=DIRECTION('refdir',(1.,0.,0.));
#9797=DIRECTION('center_axis',(0.,1.,0.));
#9798=DIRECTION('ref_axis',(-1.,0.,0.));
#9799=DIRECTION('',(-1.,0.,0.));
#9800=DIRECTION('',(0.,0.,1.));
#9801=DIRECTION('',(-1.,0.,0.));
#9802=DIRECTION('',(0.,0.,1.));
#9803=DIRECTION('center_axis',(1.,0.,0.));
#9804=DIRECTION('ref_axis',(0.,1.,0.));
#9805=DIRECTION('',(0.,1.,0.));
#9806=DIRECTION('',(0.,1.,0.));
#9807=DIRECTION('',(0.,0.,1.));
#9808=DIRECTION('center_axis',(0.,-1.,0.));
#9809=DIRECTION('ref_axis',(1.,0.,0.));
#9810=DIRECTION('',(1.,0.,0.));
#9811=DIRECTION('',(1.,0.,0.));
#9812=DIRECTION('',(0.,0.,1.));
#9813=DIRECTION('center_axis',(-1.,0.,0.));
#9814=DIRECTION('ref_axis',(0.,-1.,0.));
#9815=DIRECTION('',(0.,-1.,0.));
#9816=DIRECTION('',(0.,-1.,0.));
#9817=DIRECTION('center_axis',(0.,0.,1.));
#9818=DIRECTION('ref_axis',(1.,0.,0.));
#9819=DIRECTION('center_axis',(0.,0.,1.));
#9820=DIRECTION('ref_axis',(1.,0.,0.));
#9821=DIRECTION('axis',(0.,0.,1.));
#9822=DIRECTION('refdir',(1.,0.,0.));
#9823=DIRECTION('center_axis',(0.,1.,0.));
#9824=DIRECTION('ref_axis',(-1.,0.,0.));
#9825=DIRECTION('',(-1.,0.,0.));
#9826=DIRECTION('',(0.,0.,1.));
#9827=DIRECTION('',(-1.,0.,0.));
#9828=DIRECTION('',(0.,0.,1.));
#9829=DIRECTION('center_axis',(0.,-1.,0.));
#9830=DIRECTION('ref_axis',(1.,0.,0.));
#9831=DIRECTION('',(1.,0.,0.));
#9832=DIRECTION('',(0.,0.,-1.));
#9833=DIRECTION('',(1.,0.,0.));
#9834=DIRECTION('',(0.,0.,1.));
#9835=DIRECTION('center_axis',(-1.,0.,0.));
#9836=DIRECTION('ref_axis',(0.,-1.,0.));
#9837=DIRECTION('',(0.,-1.,0.));
#9838=DIRECTION('',(0.,-1.,0.));
#9839=DIRECTION('center_axis',(0.,0.,1.));
#9840=DIRECTION('ref_axis',(1.,0.,0.));
#9841=DIRECTION('',(0.,-1.,0.));
#9842=DIRECTION('center_axis',(0.,0.,1.));
#9843=DIRECTION('ref_axis',(1.,0.,0.));
#9844=DIRECTION('',(0.,1.,0.));
#9845=DIRECTION('center_axis',(0.,1.,0.));
#9846=DIRECTION('ref_axis',(-1.,0.,0.));
#9847=DIRECTION('',(-1.,0.,0.));
#9848=DIRECTION('',(0.,0.,1.));
#9849=DIRECTION('',(-1.,0.,0.));
#9850=DIRECTION('',(0.,0.,1.));
#9851=DIRECTION('center_axis',(0.,-1.,0.));
#9852=DIRECTION('ref_axis',(1.,0.,0.));
#9853=DIRECTION('',(1.,0.,0.));
#9854=DIRECTION('',(0.,0.,-1.));
#9855=DIRECTION('',(1.,0.,0.));
#9856=DIRECTION('',(0.,0.,1.));
#9857=DIRECTION('center_axis',(-1.,0.,0.));
#9858=DIRECTION('ref_axis',(0.,-1.,0.));
#9859=DIRECTION('',(0.,-1.,0.));
#9860=DIRECTION('',(0.,-1.,0.));
#9861=DIRECTION('center_axis',(0.,0.,1.));
#9862=DIRECTION('ref_axis',(1.,0.,0.));
#9863=DIRECTION('',(0.,-1.,0.));
#9864=DIRECTION('center_axis',(0.,0.,1.));
#9865=DIRECTION('ref_axis',(1.,0.,0.));
#9866=DIRECTION('',(0.,1.,0.));
#9867=DIRECTION('center_axis',(1.,0.,0.));
#9868=DIRECTION('ref_axis',(0.,0.,-1.));
#9869=DIRECTION('',(0.,-1.,0.));
#9870=DIRECTION('',(0.,0.,-1.));
#9871=DIRECTION('',(0.,1.,0.));
#9872=DIRECTION('',(0.,0.,1.));
#9873=DIRECTION('',(0.,0.,1.));
#9874=DIRECTION('',(0.,1.,0.));
#9875=DIRECTION('',(0.,0.,-1.));
#9876=DIRECTION('',(0.,-1.,0.));
#9877=DIRECTION('center_axis',(0.,1.,0.));
#9878=DIRECTION('ref_axis',(0.,0.,1.));
#9879=DIRECTION('',(0.,0.,1.));
#9880=DIRECTION('',(1.,0.,0.));
#9881=DIRECTION('',(1.,0.,0.));
#9882=DIRECTION('center_axis',(0.,0.,-1.));
#9883=DIRECTION('ref_axis',(0.,1.,0.));
#9884=DIRECTION('',(0.,1.,0.));
#9885=DIRECTION('',(1.,0.,0.));
#9886=DIRECTION('center_axis',(0.,-1.,0.));
#9887=DIRECTION('ref_axis',(0.,0.,-1.));
#9888=DIRECTION('',(0.,0.,-1.));
#9889=DIRECTION('',(1.,0.,0.));
#9890=DIRECTION('center_axis',(0.,0.,1.));
#9891=DIRECTION('ref_axis',(0.,-1.,0.));
#9892=DIRECTION('',(0.,-1.,0.));
#9893=DIRECTION('center_axis',(1.,0.,0.));
#9894=DIRECTION('ref_axis',(0.,0.,-1.));
#9895=DIRECTION('',(0.,0.,1.));
#9896=DIRECTION('',(0.,-1.,0.));
#9897=DIRECTION('',(0.,0.,-1.));
#9898=DIRECTION('',(0.,1.,0.));
#9899=DIRECTION('center_axis',(0.,-1.,0.));
#9900=DIRECTION('ref_axis',(0.,0.,-1.));
#9901=DIRECTION('',(0.,0.,1.));
#9902=DIRECTION('',(1.,0.,0.));
#9903=DIRECTION('',(1.,0.,0.));
#9904=DIRECTION('center_axis',(0.,0.,1.));
#9905=DIRECTION('ref_axis',(0.,-1.,0.));
#9906=DIRECTION('',(0.,1.,0.));
#9907=DIRECTION('',(1.,0.,0.));
#9908=DIRECTION('center_axis',(0.,1.,0.));
#9909=DIRECTION('ref_axis',(0.,0.,1.));
#9910=DIRECTION('',(0.,0.,-1.));
#9911=DIRECTION('',(1.,0.,0.));
#9912=DIRECTION('center_axis',(0.,0.,-1.));
#9913=DIRECTION('ref_axis',(0.,1.,0.));
#9914=DIRECTION('',(0.,-1.,0.));
#9915=DIRECTION('center_axis',(0.,1.,0.));
#9916=DIRECTION('ref_axis',(0.,0.,1.));
#9917=DIRECTION('',(1.,0.,0.));
#9918=DIRECTION('',(0.,0.,1.));
#9919=DIRECTION('',(1.,0.,0.));
#9920=DIRECTION('center_axis',(0.,0.,-1.));
#9921=DIRECTION('ref_axis',(0.,1.,0.));
#9922=DIRECTION('',(0.,1.,0.));
#9923=DIRECTION('',(1.,0.,0.));
#9924=DIRECTION('center_axis',(0.,-1.,0.));
#9925=DIRECTION('ref_axis',(0.,0.,-1.));
#9926=DIRECTION('',(0.,0.,-1.));
#9927=DIRECTION('',(1.,0.,0.));
#9928=DIRECTION('center_axis',(0.,0.,1.));
#9929=DIRECTION('ref_axis',(0.,-1.,0.));
#9930=DIRECTION('',(0.,-1.,0.));
#9931=DIRECTION('center_axis',(1.,0.,0.));
#9932=DIRECTION('ref_axis',(0.,0.,-1.));
#9933=DIRECTION('axis',(0.,0.,1.));
#9934=DIRECTION('refdir',(1.,0.,0.));
#9935=DIRECTION('center_axis',(0.,1.,0.));
#9936=DIRECTION('ref_axis',(-1.,0.,0.));
#9937=DIRECTION('',(1.,0.,0.));
#9938=DIRECTION('',(0.,0.,1.));
#9939=DIRECTION('',(-1.,0.,0.));
#9940=DIRECTION('',(0.,0.,-1.));
#9941=DIRECTION('center_axis',(0.,-1.,0.));
#9942=DIRECTION('ref_axis',(1.,0.,0.));
#9943=DIRECTION('',(-1.,0.,0.));
#9944=DIRECTION('',(0.,0.,1.));
#9945=DIRECTION('',(1.,0.,0.));
#9946=DIRECTION('',(0.,0.,1.));
#9947=DIRECTION('center_axis',(-1.,0.,0.));
#9948=DIRECTION('ref_axis',(0.,-1.,0.));
#9949=DIRECTION('',(0.,1.,0.));
#9950=DIRECTION('',(0.,-1.,0.));
#9951=DIRECTION('center_axis',(0.,0.,1.));
#9952=DIRECTION('ref_axis',(1.,0.,0.));
#9953=DIRECTION('',(0.,1.,0.));
#9954=DIRECTION('',(1.,0.,0.));
#9955=DIRECTION('',(0.,-1.,0.));
#9956=DIRECTION('',(-1.,0.,0.));
#9957=DIRECTION('',(0.,1.,0.));
#9958=DIRECTION('center_axis',(1.,0.,0.));
#9959=DIRECTION('ref_axis',(0.,1.,0.));
#9960=DIRECTION('',(0.,1.,0.));
#9961=DIRECTION('',(0.,0.,1.));
#9962=DIRECTION('center_axis',(1.,0.,0.));
#9963=DIRECTION('ref_axis',(0.,1.,0.));
#9964=DIRECTION('',(0.,0.,1.));
#9965=DIRECTION('',(0.,1.,0.));
#9966=DIRECTION('center_axis',(0.,1.,0.));
#9967=DIRECTION('ref_axis',(-1.,0.,0.));
#9968=DIRECTION('',(0.,0.,1.));
#9969=DIRECTION('',(-1.,0.,0.));
#9970=DIRECTION('center_axis',(0.,-1.,0.));
#9971=DIRECTION('ref_axis',(1.,0.,0.));
#9972=DIRECTION('',(1.,0.,0.));
#9973=DIRECTION('',(0.,0.,1.));
#9974=DIRECTION('center_axis',(-1.,0.,0.));
#9975=DIRECTION('ref_axis',(0.,-1.,0.));
#9976=DIRECTION('',(0.,-1.,0.));
#9977=DIRECTION('center_axis',(0.,0.,1.));
#9978=DIRECTION('ref_axis',(1.,0.,0.));
#9979=DIRECTION('center_axis',(0.,1.,0.));
#9980=DIRECTION('ref_axis',(-1.,0.,0.));
#9981=DIRECTION('',(-1.,0.,0.));
#9982=DIRECTION('',(0.,0.,1.));
#9983=DIRECTION('',(-1.,0.,0.));
#9984=DIRECTION('',(0.,0.,1.));
#9985=DIRECTION('center_axis',(1.,0.,0.));
#9986=DIRECTION('ref_axis',(0.,1.,0.));
#9987=DIRECTION('',(0.,1.,0.));
#9988=DIRECTION('',(0.,1.,0.));
#9989=DIRECTION('',(0.,0.,1.));
#9990=DIRECTION('center_axis',(0.,-1.,0.));
#9991=DIRECTION('ref_axis',(1.,0.,0.));
#9992=DIRECTION('',(1.,0.,0.));
#9993=DIRECTION('',(1.,0.,0.));
#9994=DIRECTION('',(0.,0.,1.));
#9995=DIRECTION('center_axis',(-1.,0.,0.));
#9996=DIRECTION('ref_axis',(0.,-1.,0.));
#9997=DIRECTION('',(0.,-1.,0.));
#9998=DIRECTION('',(0.,-1.,0.));
#9999=DIRECTION('center_axis',(0.,0.,1.));
#10000=DIRECTION('ref_axis',(1.,0.,0.));
#10001=DIRECTION('center_axis',(0.,0.,1.));
#10002=DIRECTION('ref_axis',(1.,0.,0.));
#10003=DIRECTION('axis',(0.,0.,1.));
#10004=DIRECTION('refdir',(1.,0.,0.));
#10005=DIRECTION('center_axis',(1.,0.,0.));
#10006=DIRECTION('ref_axis',(0.,0.,-1.));
#10007=DIRECTION('center_axis',(1.,0.,0.));
#10008=DIRECTION('ref_axis',(0.,0.,-1.));
#10009=DIRECTION('',(-1.,0.,0.));
#10010=DIRECTION('center_axis',(1.,0.,0.));
#10011=DIRECTION('ref_axis',(0.,0.,-1.));
#10012=DIRECTION('center_axis',(1.,0.,0.));
#10013=DIRECTION('ref_axis',(0.,0.,-1.));
#10014=DIRECTION('center_axis',(1.,0.,0.));
#10015=DIRECTION('ref_axis',(0.,0.,-1.));
#10016=DIRECTION('center_axis',(1.,0.,0.));
#10017=DIRECTION('ref_axis',(0.,0.,-1.));
#10018=DIRECTION('center_axis',(1.,0.,0.));
#10019=DIRECTION('ref_axis',(0.,0.,-1.));
#10020=DIRECTION('',(-1.,0.,0.));
#10021=DIRECTION('center_axis',(1.,0.,0.));
#10022=DIRECTION('ref_axis',(0.,0.,-1.));
#10023=DIRECTION('center_axis',(1.,0.,0.));
#10024=DIRECTION('ref_axis',(0.,0.,-1.));
#10025=DIRECTION('center_axis',(1.,0.,0.));
#10026=DIRECTION('ref_axis',(0.,0.,-1.));
#10027=DIRECTION('center_axis',(0.,1.,0.));
#10028=DIRECTION('ref_axis',(0.,0.,1.));
#10029=DIRECTION('',(0.,0.,1.));
#10030=DIRECTION('',(1.,0.,0.));
#10031=DIRECTION('',(0.,0.,1.));
#10032=DIRECTION('',(1.,0.,0.));
#10033=DIRECTION('center_axis',(0.,0.,-1.));
#10034=DIRECTION('ref_axis',(0.,1.,0.));
#10035=DIRECTION('',(0.,1.,0.));
#10036=DIRECTION('',(0.,1.,0.));
#10037=DIRECTION('',(1.,0.,0.));
#10038=DIRECTION('center_axis',(0.,-1.,0.));
#10039=DIRECTION('ref_axis',(0.,0.,-1.));
#10040=DIRECTION('',(0.,0.,-1.));
#10041=DIRECTION('',(0.,0.,-1.));
#10042=DIRECTION('',(1.,0.,0.));
#10043=DIRECTION('center_axis',(0.,0.,1.));
#10044=DIRECTION('ref_axis',(0.,-1.,0.));
#10045=DIRECTION('',(0.,-1.,0.));
#10046=DIRECTION('',(0.,-1.,0.));
#10047=DIRECTION('center_axis',(1.,0.,0.));
#10048=DIRECTION('ref_axis',(0.,0.,-1.));
#10049=DIRECTION('center_axis',(1.,0.,0.));
#10050=DIRECTION('ref_axis',(0.,0.,-1.));
#10051=DIRECTION('axis',(0.,0.,1.));
#10052=DIRECTION('refdir',(1.,0.,0.));
#10053=DIRECTION('center_axis',(0.,1.,0.));
#10054=DIRECTION('ref_axis',(-1.,0.,0.));
#10055=DIRECTION('',(-1.,0.,0.));
#10056=DIRECTION('',(0.,0.,1.));
#10057=DIRECTION('',(-1.,0.,0.));
#10058=DIRECTION('',(0.,0.,1.));
#10059=DIRECTION('center_axis',(1.,0.,0.));
#10060=DIRECTION('ref_axis',(0.,1.,0.));
#10061=DIRECTION('',(0.,1.,0.));
#10062=DIRECTION('',(0.,1.,0.));
#10063=DIRECTION('',(0.,0.,1.));
#10064=DIRECTION('center_axis',(0.,-1.,0.));
#10065=DIRECTION('ref_axis',(1.,0.,0.));
#10066=DIRECTION('',(1.,0.,0.));
#10067=DIRECTION('',(1.,0.,0.));
#10068=DIRECTION('',(0.,0.,1.));
#10069=DIRECTION('center_axis',(-1.,0.,0.));
#10070=DIRECTION('ref_axis',(0.,-1.,0.));
#10071=DIRECTION('',(0.,-1.,0.));
#10072=DIRECTION('',(0.,-1.,0.));
#10073=DIRECTION('center_axis',(0.,0.,1.));
#10074=DIRECTION('ref_axis',(1.,0.,0.));
#10075=DIRECTION('center_axis',(0.,0.,1.));
#10076=DIRECTION('ref_axis',(1.,0.,0.));
#10077=DIRECTION('center_axis',(0.,1.,0.));
#10078=DIRECTION('ref_axis',(-1.,0.,0.));
#10079=DIRECTION('',(-1.,0.,0.));
#10080=DIRECTION('',(0.,0.,1.));
#10081=DIRECTION('',(-1.,0.,0.));
#10082=DIRECTION('',(0.,0.,1.));
#10083=DIRECTION('center_axis',(1.,0.,0.));
#10084=DIRECTION('ref_axis',(0.,1.,0.));
#10085=DIRECTION('',(0.,1.,0.));
#10086=DIRECTION('',(0.,1.,0.));
#10087=DIRECTION('',(0.,0.,1.));
#10088=DIRECTION('center_axis',(0.,-1.,0.));
#10089=DIRECTION('ref_axis',(1.,0.,0.));
#10090=DIRECTION('',(1.,0.,0.));
#10091=DIRECTION('',(1.,0.,0.));
#10092=DIRECTION('',(0.,0.,1.));
#10093=DIRECTION('center_axis',(-1.,0.,0.));
#10094=DIRECTION('ref_axis',(0.,-1.,0.));
#10095=DIRECTION('',(0.,-1.,0.));
#10096=DIRECTION('',(0.,-1.,0.));
#10097=DIRECTION('center_axis',(0.,0.,1.));
#10098=DIRECTION('ref_axis',(1.,0.,0.));
#10099=DIRECTION('center_axis',(0.,0.,1.));
#10100=DIRECTION('ref_axis',(1.,0.,0.));
#10101=DIRECTION('axis',(0.,0.,1.));
#10102=DIRECTION('refdir',(1.,0.,0.));
#10103=DIRECTION('center_axis',(0.,0.,1.));
#10104=DIRECTION('ref_axis',(1.,0.,0.));
#10105=DIRECTION('center_axis',(0.,0.,1.));
#10106=DIRECTION('ref_axis',(1.,0.,0.));
#10107=DIRECTION('',(0.,0.,-1.));
#10108=DIRECTION('center_axis',(0.,0.,1.));
#10109=DIRECTION('ref_axis',(1.,0.,0.));
#10110=DIRECTION('center_axis',(0.,0.,1.));
#10111=DIRECTION('ref_axis',(1.,0.,0.));
#10112=DIRECTION('center_axis',(0.,0.,1.));
#10113=DIRECTION('ref_axis',(1.,0.,0.));
#10114=DIRECTION('center_axis',(0.,0.,1.));
#10115=DIRECTION('ref_axis',(1.,0.,0.));
#10116=DIRECTION('center_axis',(0.,0.,1.));
#10117=DIRECTION('ref_axis',(1.,0.,0.));
#10118=DIRECTION('',(0.,0.,-1.));
#10119=DIRECTION('center_axis',(0.,0.,1.));
#10120=DIRECTION('ref_axis',(1.,0.,0.));
#10121=DIRECTION('center_axis',(0.,0.,1.));
#10122=DIRECTION('ref_axis',(1.,0.,0.));
#10123=DIRECTION('center_axis',(0.,0.,1.));
#10124=DIRECTION('ref_axis',(1.,0.,0.));
#10125=DIRECTION('center_axis',(0.,1.,0.));
#10126=DIRECTION('ref_axis',(-1.,0.,0.));
#10127=DIRECTION('',(-1.,0.,0.));
#10128=DIRECTION('',(0.,0.,1.));
#10129=DIRECTION('',(-1.,0.,0.));
#10130=DIRECTION('',(0.,0.,1.));
#10131=DIRECTION('center_axis',(1.,0.,0.));
#10132=DIRECTION('ref_axis',(0.,1.,0.));
#10133=DIRECTION('',(0.,1.,0.));
#10134=DIRECTION('',(0.,1.,0.));
#10135=DIRECTION('',(0.,0.,1.));
#10136=DIRECTION('center_axis',(0.,-1.,0.));
#10137=DIRECTION('ref_axis',(1.,0.,0.));
#10138=DIRECTION('',(1.,0.,0.));
#10139=DIRECTION('',(1.,0.,0.));
#10140=DIRECTION('',(0.,0.,1.));
#10141=DIRECTION('center_axis',(-1.,0.,0.));
#10142=DIRECTION('ref_axis',(0.,-1.,0.));
#10143=DIRECTION('',(0.,-1.,0.));
#10144=DIRECTION('',(0.,-1.,0.));
#10145=DIRECTION('center_axis',(0.,0.,1.));
#10146=DIRECTION('ref_axis',(1.,0.,0.));
#10147=DIRECTION('center_axis',(0.,0.,1.));
#10148=DIRECTION('ref_axis',(1.,0.,0.));
#10149=DIRECTION('center_axis',(0.,1.,0.));
#10150=DIRECTION('ref_axis',(-1.,0.,0.));
#10151=DIRECTION('',(-1.,0.,0.));
#10152=DIRECTION('',(0.,0.,1.));
#10153=DIRECTION('',(-1.,0.,0.));
#10154=DIRECTION('',(0.,0.,1.));
#10155=DIRECTION('center_axis',(1.,0.,0.));
#10156=DIRECTION('ref_axis',(0.,1.,0.));
#10157=DIRECTION('',(0.,1.,0.));
#10158=DIRECTION('',(0.,1.,0.));
#10159=DIRECTION('',(0.,0.,1.));
#10160=DIRECTION('center_axis',(0.,-1.,0.));
#10161=DIRECTION('ref_axis',(1.,0.,0.));
#10162=DIRECTION('',(1.,0.,0.));
#10163=DIRECTION('',(1.,0.,0.));
#10164=DIRECTION('',(0.,0.,1.));
#10165=DIRECTION('center_axis',(-1.,0.,0.));
#10166=DIRECTION('ref_axis',(0.,-1.,0.));
#10167=DIRECTION('',(0.,-1.,0.));
#10168=DIRECTION('',(0.,-1.,0.));
#10169=DIRECTION('center_axis',(0.,0.,1.));
#10170=DIRECTION('ref_axis',(1.,0.,0.));
#10171=DIRECTION('center_axis',(0.,0.,1.));
#10172=DIRECTION('ref_axis',(1.,0.,0.));
#10173=DIRECTION('center_axis',(0.,1.,0.));
#10174=DIRECTION('ref_axis',(-1.,0.,0.));
#10175=DIRECTION('',(-1.,0.,0.));
#10176=DIRECTION('',(0.,0.,1.));
#10177=DIRECTION('',(-1.,0.,0.));
#10178=DIRECTION('',(0.,0.,1.));
#10179=DIRECTION('center_axis',(1.,0.,0.));
#10180=DIRECTION('ref_axis',(0.,1.,0.));
#10181=DIRECTION('',(0.,1.,0.));
#10182=DIRECTION('',(0.,1.,0.));
#10183=DIRECTION('',(0.,0.,1.));
#10184=DIRECTION('center_axis',(0.,-1.,0.));
#10185=DIRECTION('ref_axis',(1.,0.,0.));
#10186=DIRECTION('',(1.,0.,0.));
#10187=DIRECTION('',(1.,0.,0.));
#10188=DIRECTION('',(0.,0.,1.));
#10189=DIRECTION('center_axis',(-1.,0.,0.));
#10190=DIRECTION('ref_axis',(0.,-1.,0.));
#10191=DIRECTION('',(0.,-1.,0.));
#10192=DIRECTION('',(0.,-1.,0.));
#10193=DIRECTION('center_axis',(0.,0.,1.));
#10194=DIRECTION('ref_axis',(1.,0.,0.));
#10195=DIRECTION('center_axis',(0.,0.,1.));
#10196=DIRECTION('ref_axis',(1.,0.,0.));
#10197=DIRECTION('center_axis',(0.,1.,0.));
#10198=DIRECTION('ref_axis',(-1.,0.,0.));
#10199=DIRECTION('',(-1.,0.,0.));
#10200=DIRECTION('',(0.,0.,1.));
#10201=DIRECTION('',(-1.,0.,0.));
#10202=DIRECTION('',(0.,0.,1.));
#10203=DIRECTION('center_axis',(1.,0.,0.));
#10204=DIRECTION('ref_axis',(0.,1.,0.));
#10205=DIRECTION('',(0.,1.,0.));
#10206=DIRECTION('',(0.,1.,0.));
#10207=DIRECTION('',(0.,0.,1.));
#10208=DIRECTION('center_axis',(0.,-1.,0.));
#10209=DIRECTION('ref_axis',(1.,0.,0.));
#10210=DIRECTION('',(1.,0.,0.));
#10211=DIRECTION('',(1.,0.,0.));
#10212=DIRECTION('',(0.,0.,1.));
#10213=DIRECTION('center_axis',(-1.,0.,0.));
#10214=DIRECTION('ref_axis',(0.,-1.,0.));
#10215=DIRECTION('',(0.,-1.,0.));
#10216=DIRECTION('',(0.,-1.,0.));
#10217=DIRECTION('center_axis',(0.,0.,1.));
#10218=DIRECTION('ref_axis',(1.,0.,0.));
#10219=DIRECTION('center_axis',(0.,0.,1.));
#10220=DIRECTION('ref_axis',(1.,0.,0.));
#10221=DIRECTION('center_axis',(0.,1.,0.));
#10222=DIRECTION('ref_axis',(-1.,0.,0.));
#10223=DIRECTION('',(-1.,0.,0.));
#10224=DIRECTION('',(0.,0.,1.));
#10225=DIRECTION('',(-1.,0.,0.));
#10226=DIRECTION('',(0.,0.,1.));
#10227=DIRECTION('center_axis',(1.,0.,0.));
#10228=DIRECTION('ref_axis',(0.,1.,0.));
#10229=DIRECTION('',(0.,1.,0.));
#10230=DIRECTION('',(0.,1.,0.));
#10231=DIRECTION('',(0.,0.,1.));
#10232=DIRECTION('center_axis',(0.,-1.,0.));
#10233=DIRECTION('ref_axis',(1.,0.,0.));
#10234=DIRECTION('',(1.,0.,0.));
#10235=DIRECTION('',(1.,0.,0.));
#10236=DIRECTION('',(0.,0.,1.));
#10237=DIRECTION('center_axis',(-1.,0.,0.));
#10238=DIRECTION('ref_axis',(0.,-1.,0.));
#10239=DIRECTION('',(0.,-1.,0.));
#10240=DIRECTION('',(0.,-1.,0.));
#10241=DIRECTION('center_axis',(0.,0.,1.));
#10242=DIRECTION('ref_axis',(1.,0.,0.));
#10243=DIRECTION('center_axis',(0.,0.,1.));
#10244=DIRECTION('ref_axis',(1.,0.,0.));
#10245=DIRECTION('axis',(0.,0.,1.));
#10246=DIRECTION('refdir',(1.,0.,0.));
#10247=DIRECTION('center_axis',(0.,0.,1.));
#10248=DIRECTION('ref_axis',(1.,0.,0.));
#10249=DIRECTION('center_axis',(0.,0.,1.));
#10250=DIRECTION('ref_axis',(1.,0.,0.));
#10251=DIRECTION('',(0.,0.,1.));
#10252=DIRECTION('center_axis',(0.,0.,-1.));
#10253=DIRECTION('ref_axis',(1.,0.,0.));
#10254=DIRECTION('center_axis',(0.,0.,1.));
#10255=DIRECTION('ref_axis',(1.,0.,0.));
#10256=DIRECTION('center_axis',(0.,0.,1.));
#10257=DIRECTION('ref_axis',(1.,0.,0.));
#10258=DIRECTION('',(0.,0.,-1.));
#10259=DIRECTION('center_axis',(0.,0.,1.));
#10260=DIRECTION('ref_axis',(1.,0.,0.));
#10261=DIRECTION('center_axis',(0.,0.,1.));
#10262=DIRECTION('ref_axis',(1.,0.,0.));
#10263=DIRECTION('center_axis',(0.,0.,1.));
#10264=DIRECTION('ref_axis',(1.,0.,0.));
#10265=DIRECTION('center_axis',(0.,0.,1.));
#10266=DIRECTION('ref_axis',(1.,0.,0.));
#10267=DIRECTION('center_axis',(0.,0.,1.));
#10268=DIRECTION('ref_axis',(1.,0.,0.));
#10269=DIRECTION('',(0.,0.,-1.));
#10270=DIRECTION('center_axis',(0.,0.,1.));
#10271=DIRECTION('ref_axis',(1.,0.,0.));
#10272=DIRECTION('center_axis',(0.,0.,1.));
#10273=DIRECTION('ref_axis',(1.,0.,0.));
#10274=DIRECTION('center_axis',(0.,0.,1.));
#10275=DIRECTION('ref_axis',(1.,0.,0.));
#10276=DIRECTION('center_axis',(0.,0.,1.));
#10277=DIRECTION('ref_axis',(1.,0.,0.));
#10278=DIRECTION('center_axis',(0.,0.,1.));
#10279=DIRECTION('ref_axis',(1.,0.,0.));
#10280=DIRECTION('',(0.,0.,-1.));
#10281=DIRECTION('center_axis',(0.,0.,1.));
#10282=DIRECTION('ref_axis',(1.,0.,0.));
#10283=DIRECTION('center_axis',(0.,0.,1.));
#10284=DIRECTION('ref_axis',(1.,0.,0.));
#10285=DIRECTION('center_axis',(0.,0.,1.));
#10286=DIRECTION('ref_axis',(1.,0.,0.));
#10287=DIRECTION('center_axis',(0.,0.,1.));
#10288=DIRECTION('ref_axis',(1.,0.,0.));
#10289=DIRECTION('center_axis',(0.,0.,1.));
#10290=DIRECTION('ref_axis',(1.,0.,0.));
#10291=DIRECTION('',(0.,0.,1.));
#10292=DIRECTION('center_axis',(0.,0.,-1.));
#10293=DIRECTION('ref_axis',(1.,0.,0.));
#10294=DIRECTION('center_axis',(0.,0.,1.));
#10295=DIRECTION('ref_axis',(1.,0.,0.));
#10296=DIRECTION('center_axis',(0.,0.,1.));
#10297=DIRECTION('ref_axis',(1.,0.,0.));
#10298=DIRECTION('',(0.,0.,-1.));
#10299=DIRECTION('center_axis',(0.,0.,1.));
#10300=DIRECTION('ref_axis',(1.,0.,0.));
#10301=DIRECTION('center_axis',(0.,0.,1.));
#10302=DIRECTION('ref_axis',(1.,0.,0.));
#10303=DIRECTION('center_axis',(0.,0.,1.));
#10304=DIRECTION('ref_axis',(1.,0.,0.));
#10305=DIRECTION('center_axis',(0.,0.,1.));
#10306=DIRECTION('ref_axis',(1.,0.,0.));
#10307=DIRECTION('center_axis',(0.,0.,1.));
#10308=DIRECTION('ref_axis',(1.,0.,0.));
#10309=DIRECTION('',(0.,0.,-1.));
#10310=DIRECTION('center_axis',(0.,0.,1.));
#10311=DIRECTION('ref_axis',(1.,0.,0.));
#10312=DIRECTION('center_axis',(0.,0.,1.));
#10313=DIRECTION('ref_axis',(1.,0.,0.));
#10314=DIRECTION('center_axis',(0.,0.,1.));
#10315=DIRECTION('ref_axis',(1.,0.,0.));
#10316=DIRECTION('center_axis',(0.,0.,1.));
#10317=DIRECTION('ref_axis',(1.,0.,0.));
#10318=DIRECTION('center_axis',(0.,0.,1.));
#10319=DIRECTION('ref_axis',(1.,0.,0.));
#10320=DIRECTION('',(0.,0.,-1.));
#10321=DIRECTION('center_axis',(0.,0.,1.));
#10322=DIRECTION('ref_axis',(1.,0.,0.));
#10323=DIRECTION('center_axis',(0.,0.,1.));
#10324=DIRECTION('ref_axis',(1.,0.,0.));
#10325=DIRECTION('center_axis',(0.,0.,1.));
#10326=DIRECTION('ref_axis',(1.,0.,0.));
#10327=DIRECTION('center_axis',(0.,0.,1.));
#10328=DIRECTION('ref_axis',(1.,0.,0.));
#10329=DIRECTION('center_axis',(0.,0.,1.));
#10330=DIRECTION('ref_axis',(1.,0.,0.));
#10331=DIRECTION('',(0.,0.,1.));
#10332=DIRECTION('center_axis',(0.,0.,-1.));
#10333=DIRECTION('ref_axis',(1.,0.,0.));
#10334=DIRECTION('center_axis',(0.,0.,1.));
#10335=DIRECTION('ref_axis',(1.,0.,0.));
#10336=DIRECTION('center_axis',(0.,0.,1.));
#10337=DIRECTION('ref_axis',(1.,0.,0.));
#10338=DIRECTION('',(0.,0.,-1.));
#10339=DIRECTION('center_axis',(0.,0.,1.));
#10340=DIRECTION('ref_axis',(1.,0.,0.));
#10341=DIRECTION('center_axis',(0.,0.,1.));
#10342=DIRECTION('ref_axis',(1.,0.,0.));
#10343=DIRECTION('center_axis',(0.,0.,1.));
#10344=DIRECTION('ref_axis',(1.,0.,0.));
#10345=DIRECTION('center_axis',(0.,0.,1.));
#10346=DIRECTION('ref_axis',(1.,0.,0.));
#10347=DIRECTION('center_axis',(0.,0.,1.));
#10348=DIRECTION('ref_axis',(1.,0.,0.));
#10349=DIRECTION('',(0.,0.,-1.));
#10350=DIRECTION('center_axis',(0.,0.,1.));
#10351=DIRECTION('ref_axis',(1.,0.,0.));
#10352=DIRECTION('center_axis',(0.,0.,1.));
#10353=DIRECTION('ref_axis',(1.,0.,0.));
#10354=DIRECTION('center_axis',(0.,0.,1.));
#10355=DIRECTION('ref_axis',(1.,0.,0.));
#10356=DIRECTION('center_axis',(0.,0.,1.));
#10357=DIRECTION('ref_axis',(1.,0.,0.));
#10358=DIRECTION('center_axis',(0.,0.,1.));
#10359=DIRECTION('ref_axis',(1.,0.,0.));
#10360=DIRECTION('',(0.,0.,-1.));
#10361=DIRECTION('center_axis',(0.,0.,1.));
#10362=DIRECTION('ref_axis',(1.,0.,0.));
#10363=DIRECTION('center_axis',(0.,0.,1.));
#10364=DIRECTION('ref_axis',(1.,0.,0.));
#10365=DIRECTION('center_axis',(0.,0.,1.));
#10366=DIRECTION('ref_axis',(1.,0.,0.));
#10367=DIRECTION('center_axis',(0.,0.,1.));
#10368=DIRECTION('ref_axis',(1.,0.,0.));
#10369=DIRECTION('center_axis',(0.,0.,1.));
#10370=DIRECTION('ref_axis',(1.,0.,0.));
#10371=DIRECTION('',(0.,0.,1.));
#10372=DIRECTION('center_axis',(0.,0.,-1.));
#10373=DIRECTION('ref_axis',(1.,0.,0.));
#10374=DIRECTION('center_axis',(0.,0.,1.));
#10375=DIRECTION('ref_axis',(1.,0.,0.));
#10376=DIRECTION('center_axis',(0.,0.,1.));
#10377=DIRECTION('ref_axis',(1.,0.,0.));
#10378=DIRECTION('',(0.,0.,-1.));
#10379=DIRECTION('center_axis',(0.,0.,1.));
#10380=DIRECTION('ref_axis',(1.,0.,0.));
#10381=DIRECTION('center_axis',(0.,0.,1.));
#10382=DIRECTION('ref_axis',(1.,0.,0.));
#10383=DIRECTION('center_axis',(0.,0.,1.));
#10384=DIRECTION('ref_axis',(1.,0.,0.));
#10385=DIRECTION('center_axis',(0.,0.,1.));
#10386=DIRECTION('ref_axis',(1.,0.,0.));
#10387=DIRECTION('center_axis',(0.,0.,1.));
#10388=DIRECTION('ref_axis',(1.,0.,0.));
#10389=DIRECTION('',(0.,0.,-1.));
#10390=DIRECTION('center_axis',(0.,0.,1.));
#10391=DIRECTION('ref_axis',(1.,0.,0.));
#10392=DIRECTION('center_axis',(0.,0.,1.));
#10393=DIRECTION('ref_axis',(1.,0.,0.));
#10394=DIRECTION('center_axis',(0.,0.,1.));
#10395=DIRECTION('ref_axis',(1.,0.,0.));
#10396=DIRECTION('center_axis',(0.,0.,1.));
#10397=DIRECTION('ref_axis',(1.,0.,0.));
#10398=DIRECTION('center_axis',(0.,0.,1.));
#10399=DIRECTION('ref_axis',(1.,0.,0.));
#10400=DIRECTION('',(0.,0.,-1.));
#10401=DIRECTION('center_axis',(0.,0.,1.));
#10402=DIRECTION('ref_axis',(1.,0.,0.));
#10403=DIRECTION('center_axis',(0.,0.,1.));
#10404=DIRECTION('ref_axis',(1.,0.,0.));
#10405=DIRECTION('center_axis',(0.,0.,1.));
#10406=DIRECTION('ref_axis',(1.,0.,0.));
#10407=DIRECTION('center_axis',(0.,0.,1.));
#10408=DIRECTION('ref_axis',(1.,0.,0.));
#10409=DIRECTION('center_axis',(0.,0.,1.));
#10410=DIRECTION('ref_axis',(1.,0.,0.));
#10411=DIRECTION('',(0.,0.,1.));
#10412=DIRECTION('center_axis',(0.,0.,-1.));
#10413=DIRECTION('ref_axis',(1.,0.,0.));
#10414=DIRECTION('center_axis',(0.,0.,1.));
#10415=DIRECTION('ref_axis',(1.,0.,0.));
#10416=DIRECTION('center_axis',(0.,0.,1.));
#10417=DIRECTION('ref_axis',(1.,0.,0.));
#10418=DIRECTION('',(0.,0.,-1.));
#10419=DIRECTION('center_axis',(0.,0.,1.));
#10420=DIRECTION('ref_axis',(1.,0.,0.));
#10421=DIRECTION('center_axis',(0.,0.,1.));
#10422=DIRECTION('ref_axis',(1.,0.,0.));
#10423=DIRECTION('center_axis',(0.,0.,1.));
#10424=DIRECTION('ref_axis',(1.,0.,0.));
#10425=DIRECTION('center_axis',(0.,0.,1.));
#10426=DIRECTION('ref_axis',(1.,0.,0.));
#10427=DIRECTION('center_axis',(0.,0.,1.));
#10428=DIRECTION('ref_axis',(1.,0.,0.));
#10429=DIRECTION('',(0.,0.,-1.));
#10430=DIRECTION('center_axis',(0.,0.,1.));
#10431=DIRECTION('ref_axis',(1.,0.,0.));
#10432=DIRECTION('center_axis',(0.,0.,1.));
#10433=DIRECTION('ref_axis',(1.,0.,0.));
#10434=DIRECTION('center_axis',(0.,0.,1.));
#10435=DIRECTION('ref_axis',(1.,0.,0.));
#10436=DIRECTION('center_axis',(0.,0.,1.));
#10437=DIRECTION('ref_axis',(1.,0.,0.));
#10438=DIRECTION('center_axis',(0.,0.,1.));
#10439=DIRECTION('ref_axis',(1.,0.,0.));
#10440=DIRECTION('',(0.,0.,-1.));
#10441=DIRECTION('center_axis',(0.,0.,1.));
#10442=DIRECTION('ref_axis',(1.,0.,0.));
#10443=DIRECTION('center_axis',(0.,0.,1.));
#10444=DIRECTION('ref_axis',(1.,0.,0.));
#10445=DIRECTION('center_axis',(0.,0.,1.));
#10446=DIRECTION('ref_axis',(1.,0.,0.));
#10447=DIRECTION('center_axis',(0.,0.,1.));
#10448=DIRECTION('ref_axis',(1.,0.,0.));
#10449=DIRECTION('center_axis',(0.,0.,1.));
#10450=DIRECTION('ref_axis',(1.,0.,0.));
#10451=DIRECTION('',(0.,0.,1.));
#10452=DIRECTION('center_axis',(0.,0.,-1.));
#10453=DIRECTION('ref_axis',(1.,0.,0.));
#10454=DIRECTION('center_axis',(0.,0.,1.));
#10455=DIRECTION('ref_axis',(1.,0.,0.));
#10456=DIRECTION('center_axis',(0.,0.,1.));
#10457=DIRECTION('ref_axis',(1.,0.,0.));
#10458=DIRECTION('',(0.,0.,-1.));
#10459=DIRECTION('center_axis',(0.,0.,1.));
#10460=DIRECTION('ref_axis',(1.,0.,0.));
#10461=DIRECTION('center_axis',(0.,0.,1.));
#10462=DIRECTION('ref_axis',(1.,0.,0.));
#10463=DIRECTION('center_axis',(0.,0.,1.));
#10464=DIRECTION('ref_axis',(1.,0.,0.));
#10465=DIRECTION('center_axis',(0.,0.,1.));
#10466=DIRECTION('ref_axis',(1.,0.,0.));
#10467=DIRECTION('center_axis',(0.,0.,1.));
#10468=DIRECTION('ref_axis',(1.,0.,0.));
#10469=DIRECTION('',(0.,0.,-1.));
#10470=DIRECTION('center_axis',(0.,0.,1.));
#10471=DIRECTION('ref_axis',(1.,0.,0.));
#10472=DIRECTION('center_axis',(0.,0.,1.));
#10473=DIRECTION('ref_axis',(1.,0.,0.));
#10474=DIRECTION('center_axis',(0.,0.,1.));
#10475=DIRECTION('ref_axis',(1.,0.,0.));
#10476=DIRECTION('center_axis',(0.,0.,1.));
#10477=DIRECTION('ref_axis',(1.,0.,0.));
#10478=DIRECTION('center_axis',(0.,0.,1.));
#10479=DIRECTION('ref_axis',(1.,0.,0.));
#10480=DIRECTION('',(0.,0.,-1.));
#10481=DIRECTION('center_axis',(0.,0.,1.));
#10482=DIRECTION('ref_axis',(1.,0.,0.));
#10483=DIRECTION('center_axis',(0.,0.,1.));
#10484=DIRECTION('ref_axis',(1.,0.,0.));
#10485=DIRECTION('center_axis',(0.,0.,1.));
#10486=DIRECTION('ref_axis',(1.,0.,0.));
#10487=DIRECTION('',(0.,0.,1.));
#10488=DIRECTION('',(1.,0.,0.));
#10489=DIRECTION('',(0.,0.,1.));
#10490=DIRECTION('',(1.,0.,0.));
#10491=DIRECTION('',(0.,0.,1.));
#10492=DIRECTION('',(1.,0.,0.));
#10493=DIRECTION('',(0.,0.,1.));
#10494=DIRECTION('',(1.,0.,0.));
#10495=DIRECTION('',(0.,0.,1.));
#10496=DIRECTION('',(1.,0.,0.));
#10497=DIRECTION('',(0.,0.,1.));
#10498=DIRECTION('',(1.,0.,0.));
#10499=DIRECTION('',(0.,0.,1.));
#10500=DIRECTION('',(1.,0.,0.));
#10501=DIRECTION('',(0.,0.,1.));
#10502=DIRECTION('',(1.,0.,0.));
#10503=DIRECTION('',(0.,0.,1.));
#10504=DIRECTION('',(1.,0.,0.));
#10505=DIRECTION('',(0.,0.,1.));
#10506=DIRECTION('',(1.,0.,0.));
#10507=DIRECTION('',(0.,0.,1.));
#10508=DIRECTION('',(1.,0.,0.));
#10509=DIRECTION('',(0.,0.,1.));
#10510=DIRECTION('',(1.,0.,0.));
#10511=DIRECTION('',(0.,0.,1.));
#10512=DIRECTION('',(1.,0.,0.));
#10513=DIRECTION('',(0.,0.,1.));
#10514=DIRECTION('',(1.,0.,0.));
#10515=DIRECTION('',(0.,0.,1.));
#10516=DIRECTION('',(1.,0.,0.));
#10517=DIRECTION('',(0.,0.,1.));
#10518=DIRECTION('',(1.,0.,0.));
#10519=DIRECTION('',(0.,0.,1.));
#10520=DIRECTION('',(1.,0.,0.));
#10521=DIRECTION('',(0.,0.,1.));
#10522=DIRECTION('',(1.,0.,0.));
#10523=DIRECTION('',(0.,0.,1.));
#10524=DIRECTION('',(1.,0.,0.));
#10525=CARTESIAN_POINT('',(0.,0.,0.));
#10526=CARTESIAN_POINT('',(0.,0.,0.));
#10527=CARTESIAN_POINT('Origin',(3.8,12.4,1.4));
#10528=CARTESIAN_POINT('',(3.59,12.4,1.4));
#10529=CARTESIAN_POINT('Origin',(3.8,12.4,1.4));
#10530=CARTESIAN_POINT('',(3.59,12.4,1.9));
#10531=CARTESIAN_POINT('',(3.59,12.4,1.4));
#10532=CARTESIAN_POINT('Origin',(3.8,12.4,1.9));
#10533=CARTESIAN_POINT('Origin',(3.8,12.4,1.4));
#10534=CARTESIAN_POINT('Origin',(3.8,12.4,0.3));
#10535=CARTESIAN_POINT('',(3.5,12.4,1.9));
#10536=CARTESIAN_POINT('Origin',(3.8,12.4,1.9));
#10537=CARTESIAN_POINT('',(3.5,12.4,0.3));
#10538=CARTESIAN_POINT('',(3.5,12.4,0.3));
#10539=CARTESIAN_POINT('Origin',(3.8,12.4,0.3));
#10540=CARTESIAN_POINT('Origin',(3.8,12.4,1.9));
#10541=CARTESIAN_POINT('Origin',(3.8,2.,1.4));
#10542=CARTESIAN_POINT('',(3.59,2.,1.4));
#10543=CARTESIAN_POINT('Origin',(3.8,2.,1.4));
#10544=CARTESIAN_POINT('',(3.59,2.,1.9));
#10545=CARTESIAN_POINT('',(3.59,2.,1.4));
#10546=CARTESIAN_POINT('Origin',(3.8,2.,1.9));
#10547=CARTESIAN_POINT('Origin',(3.8,2.,1.4));
#10548=CARTESIAN_POINT('Origin',(3.8,2.,0.3));
#10549=CARTESIAN_POINT('',(3.5,2.,1.9));
#10550=CARTESIAN_POINT('Origin',(3.8,2.,1.9));
#10551=CARTESIAN_POINT('',(3.5,2.,0.3));
#10552=CARTESIAN_POINT('',(3.5,2.,0.3));
#10553=CARTESIAN_POINT('Origin',(3.8,2.,0.3));
#10554=CARTESIAN_POINT('Origin',(3.8,2.,1.9));
#10555=CARTESIAN_POINT('Origin',(-3.8,12.4,1.4));
#10556=CARTESIAN_POINT('',(-4.01,12.4,1.4));
#10557=CARTESIAN_POINT('Origin',(-3.8,12.4,1.4));
#10558=CARTESIAN_POINT('',(-4.01,12.4,1.9));
#10559=CARTESIAN_POINT('',(-4.01,12.4,1.4));
#10560=CARTESIAN_POINT('Origin',(-3.8,12.4,1.9));
#10561=CARTESIAN_POINT('Origin',(-3.8,12.4,1.4));
#10562=CARTESIAN_POINT('Origin',(-3.8,12.4,0.3));
#10563=CARTESIAN_POINT('',(-4.1,12.4,1.9));
#10564=CARTESIAN_POINT('Origin',(-3.8,12.4,1.9));
#10565=CARTESIAN_POINT('',(-4.1,12.4,0.3));
#10566=CARTESIAN_POINT('',(-4.1,12.4,0.3));
#10567=CARTESIAN_POINT('Origin',(-3.8,12.4,0.3));
#10568=CARTESIAN_POINT('Origin',(-3.8,12.4,1.9));
#10569=CARTESIAN_POINT('Origin',(-3.8,2.,1.4));
#10570=CARTESIAN_POINT('',(-4.01,2.,1.4));
#10571=CARTESIAN_POINT('Origin',(-3.8,2.,1.4));
#10572=CARTESIAN_POINT('',(-4.01,2.,1.9));
#10573=CARTESIAN_POINT('',(-4.01,2.,1.4));
#10574=CARTESIAN_POINT('Origin',(-3.8,2.,1.9));
#10575=CARTESIAN_POINT('Origin',(-3.8,2.,1.4));
#10576=CARTESIAN_POINT('Origin',(-3.8,2.,0.3));
#10577=CARTESIAN_POINT('',(-4.1,2.,1.9));
#10578=CARTESIAN_POINT('Origin',(-3.8,2.,1.9));
#10579=CARTESIAN_POINT('',(-4.1,2.,0.3));
#10580=CARTESIAN_POINT('',(-4.1,2.,0.3));
#10581=CARTESIAN_POINT('Origin',(-3.8,2.,0.3));
#10582=CARTESIAN_POINT('Origin',(-3.8,2.,1.9));
#10583=CARTESIAN_POINT('Origin',(3.8,16.3,4.2));
#10584=CARTESIAN_POINT('',(3.67,16.3,4.2));
#10585=CARTESIAN_POINT('Origin',(3.8,16.3,4.2));
#10586=CARTESIAN_POINT('',(3.67,16.3,4.7));
#10587=CARTESIAN_POINT('',(3.67,16.3,4.2));
#10588=CARTESIAN_POINT('Origin',(3.8,16.3,4.7));
#10589=CARTESIAN_POINT('Origin',(3.8,16.3,4.2));
#10590=CARTESIAN_POINT('Origin',(3.8,16.3,0.3));
#10591=CARTESIAN_POINT('',(3.55,16.3,4.7));
#10592=CARTESIAN_POINT('Origin',(3.8,16.3,4.7));
#10593=CARTESIAN_POINT('',(3.55,16.3,0.3));
#10594=CARTESIAN_POINT('',(3.55,16.3,0.3));
#10595=CARTESIAN_POINT('Origin',(3.8,16.3,0.3));
#10596=CARTESIAN_POINT('Origin',(3.8,16.3,4.7));
#10597=CARTESIAN_POINT('Origin',(3.8,13.7,4.2));
#10598=CARTESIAN_POINT('',(3.67,13.7,4.2));
#10599=CARTESIAN_POINT('Origin',(3.8,13.7,4.2));
#10600=CARTESIAN_POINT('',(3.67,13.7,4.7));
#10601=CARTESIAN_POINT('',(3.67,13.7,4.2));
#10602=CARTESIAN_POINT('Origin',(3.8,13.7,4.7));
#10603=CARTESIAN_POINT('Origin',(3.8,13.7,4.2));
#10604=CARTESIAN_POINT('Origin',(3.8,13.7,0.3));
#10605=CARTESIAN_POINT('',(3.55,13.7,4.7));
#10606=CARTESIAN_POINT('Origin',(3.8,13.7,4.7));
#10607=CARTESIAN_POINT('',(3.55,13.7,0.3));
#10608=CARTESIAN_POINT('',(3.55,13.7,0.3));
#10609=CARTESIAN_POINT('Origin',(3.8,13.7,0.3));
#10610=CARTESIAN_POINT('Origin',(3.8,13.7,4.7));
#10611=CARTESIAN_POINT('Origin',(-3.8,16.3,4.2));
#10612=CARTESIAN_POINT('',(-3.93,16.3,4.2));
#10613=CARTESIAN_POINT('Origin',(-3.8,16.3,4.2));
#10614=CARTESIAN_POINT('',(-3.93,16.3,4.7));
#10615=CARTESIAN_POINT('',(-3.93,16.3,4.2));
#10616=CARTESIAN_POINT('Origin',(-3.8,16.3,4.7));
#10617=CARTESIAN_POINT('Origin',(-3.8,16.3,4.2));
#10618=CARTESIAN_POINT('Origin',(-3.8,16.3,0.3));
#10619=CARTESIAN_POINT('',(-4.05,16.3,4.7));
#10620=CARTESIAN_POINT('Origin',(-3.8,16.3,4.7));
#10621=CARTESIAN_POINT('',(-4.05,16.3,0.3));
#10622=CARTESIAN_POINT('',(-4.05,16.3,0.3));
#10623=CARTESIAN_POINT('Origin',(-3.8,16.3,0.3));
#10624=CARTESIAN_POINT('Origin',(-3.8,16.3,4.7));
#10625=CARTESIAN_POINT('Origin',(-3.8,13.7,4.2));
#10626=CARTESIAN_POINT('',(-3.93,13.7,4.2));
#10627=CARTESIAN_POINT('Origin',(-3.8,13.7,4.2));
#10628=CARTESIAN_POINT('',(-3.93,13.7,4.7));
#10629=CARTESIAN_POINT('',(-3.93,13.7,4.2));
#10630=CARTESIAN_POINT('Origin',(-3.8,13.7,4.7));
#10631=CARTESIAN_POINT('Origin',(-3.8,13.7,4.2));
#10632=CARTESIAN_POINT('Origin',(-3.8,13.7,0.3));
#10633=CARTESIAN_POINT('',(-4.05,13.7,4.7));
#10634=CARTESIAN_POINT('Origin',(-3.8,13.7,4.7));
#10635=CARTESIAN_POINT('',(-4.05,13.7,0.3));
#10636=CARTESIAN_POINT('',(-4.05,13.7,0.3));
#10637=CARTESIAN_POINT('Origin',(-3.8,13.7,0.3));
#10638=CARTESIAN_POINT('Origin',(-3.8,13.7,4.7));
#10639=CARTESIAN_POINT('Origin',(4.35,5.8,4.2));
#10640=CARTESIAN_POINT('',(4.45,5.8,4.2));
#10641=CARTESIAN_POINT('',(4.45,5.8,2.6));
#10642=CARTESIAN_POINT('',(4.45,5.8,2.25));
#10643=CARTESIAN_POINT('',(4.75,5.8,4.2));
#10644=CARTESIAN_POINT('',(4.35,5.8,4.2));
#10645=CARTESIAN_POINT('',(4.75,5.8,2.6));
#10646=CARTESIAN_POINT('',(4.75,5.8,2.1));
#10647=CARTESIAN_POINT('',(4.35,5.8,2.6));
#10648=CARTESIAN_POINT('Origin',(4.35,5.8,2.6));
#10649=CARTESIAN_POINT('',(4.45,7.8,2.6));
#10650=CARTESIAN_POINT('',(4.45,3.05,2.6));
#10651=CARTESIAN_POINT('',(4.75,7.8,2.6));
#10652=CARTESIAN_POINT('',(4.75,2.9,2.6));
#10653=CARTESIAN_POINT('',(4.35,7.8,2.6));
#10654=CARTESIAN_POINT('Origin',(4.35,7.8,2.6));
#10655=CARTESIAN_POINT('',(4.45,7.8,4.2));
#10656=CARTESIAN_POINT('',(4.45,7.8,1.45));
#10657=CARTESIAN_POINT('',(4.75,7.8,4.2));
#10658=CARTESIAN_POINT('',(4.75,7.8,1.3));
#10659=CARTESIAN_POINT('',(4.35,7.8,4.2));
#10660=CARTESIAN_POINT('Origin',(4.35,7.8,4.2));
#10661=CARTESIAN_POINT('',(4.45,4.05,4.2));
#10662=CARTESIAN_POINT('',(4.75,3.9,4.2));
#10663=CARTESIAN_POINT('Origin',(-4.85,10.2,4.2));
#10664=CARTESIAN_POINT('',(-4.75,10.2,4.8));
#10665=CARTESIAN_POINT('Origin',(-4.75,10.2,4.2));
#10666=CARTESIAN_POINT('',(-4.45,10.2,4.8));
#10667=CARTESIAN_POINT('',(-4.85,10.2,4.8));
#10668=CARTESIAN_POINT('Origin',(-4.45,10.2,4.2));
#10669=CARTESIAN_POINT('Origin',(-4.85,15.35,1.2));
#10670=CARTESIAN_POINT('',(-4.75,15.35,1.65));
#10671=CARTESIAN_POINT('Origin',(-4.75,15.35,1.2));
#10672=CARTESIAN_POINT('',(-4.45,15.35,1.65));
#10673=CARTESIAN_POINT('',(-4.85,15.35,1.65));
#10674=CARTESIAN_POINT('Origin',(-4.45,15.35,1.2));
#10675=CARTESIAN_POINT('Origin',(-4.85,15.35,1.2));
#10676=CARTESIAN_POINT('',(4.45,15.35,1.65));
#10677=CARTESIAN_POINT('Origin',(4.45,15.35,1.2));
#10678=CARTESIAN_POINT('',(4.75,15.35,1.65));
#10679=CARTESIAN_POINT('',(-4.85,15.35,1.65));
#10680=CARTESIAN_POINT('Origin',(4.75,15.35,1.2));
#10681=CARTESIAN_POINT('Origin',(4.,17.2,5.2));
#10682=CARTESIAN_POINT('',(3.79,17.2,5.2));
#10683=CARTESIAN_POINT('Origin',(4.,17.2,5.2));
#10684=CARTESIAN_POINT('',(3.79,17.2,5.7));
#10685=CARTESIAN_POINT('',(3.79,17.2,5.2));
#10686=CARTESIAN_POINT('Origin',(4.,17.2,5.7));
#10687=CARTESIAN_POINT('Origin',(4.,17.2,5.2));
#10688=CARTESIAN_POINT('Origin',(4.45,17.65,0.3));
#10689=CARTESIAN_POINT('',(4.16794494717703,17.65,0.3));
#10690=CARTESIAN_POINT('',(4.16794494717703,17.65,5.7));
#10691=CARTESIAN_POINT('',(4.16794494717703,17.65,0.3));
#10692=CARTESIAN_POINT('',(4.,17.65,0.3));
#10693=CARTESIAN_POINT('',(2.225,17.65,0.3));
#10694=CARTESIAN_POINT('',(4.,17.65,5.7));
#10695=CARTESIAN_POINT('',(4.,17.65,0.3));
#10696=CARTESIAN_POINT('',(4.45,17.65,5.7));
#10697=CARTESIAN_POINT('Origin',(4.,16.75,0.3));
#10698=CARTESIAN_POINT('',(4.45,16.75,0.3));
#10699=CARTESIAN_POINT('',(4.,16.75,0.3));
#10700=CARTESIAN_POINT('',(2.,16.75,0.3));
#10701=CARTESIAN_POINT('',(4.45,16.75,5.7));
#10702=CARTESIAN_POINT('',(4.45,16.75,0.3));
#10703=CARTESIAN_POINT('',(4.,16.75,5.7));
#10704=CARTESIAN_POINT('',(4.,16.75,5.7));
#10705=CARTESIAN_POINT('',(4.,16.75,0.3));
#10706=CARTESIAN_POINT('Origin',(4.45,0.300000000000001,0.3));
#10707=CARTESIAN_POINT('',(4.45,9.45,0.3));
#10708=CARTESIAN_POINT('',(4.45,0.300000000000001,0.3));
#10709=CARTESIAN_POINT('',(4.45,9.45,5.7));
#10710=CARTESIAN_POINT('',(4.45,9.45,0.3));
#10711=CARTESIAN_POINT('',(4.45,4.65,5.7));
#10712=CARTESIAN_POINT('Origin',(4.,17.2,0.3));
#10713=CARTESIAN_POINT('Origin',(4.,17.2,0.3));
#10714=CARTESIAN_POINT('Origin',(4.,17.2,5.7));
#10715=CARTESIAN_POINT('Origin',(4.,17.2,5.7));
#10716=CARTESIAN_POINT('',(-3.95,0.,5.7));
#10717=CARTESIAN_POINT('',(-4.75,0.800000000000001,5.7));
#10718=CARTESIAN_POINT('Origin',(-3.95,0.800000000000001,5.7));
#10719=CARTESIAN_POINT('',(3.95,0.,5.7));
#10720=CARTESIAN_POINT('',(-4.75,0.,5.7));
#10721=CARTESIAN_POINT('',(4.75,0.8,5.7));
#10722=CARTESIAN_POINT('Origin',(3.95,0.8,5.7));
#10723=CARTESIAN_POINT('',(4.75,17.2,5.7));
#10724=CARTESIAN_POINT('',(4.75,0.,5.7));
#10725=CARTESIAN_POINT('',(3.95,18.,5.7));
#10726=CARTESIAN_POINT('Origin',(3.95,17.2,5.7));
#10727=CARTESIAN_POINT('',(-3.95,18.,5.7));
#10728=CARTESIAN_POINT('',(4.75,18.,5.7));
#10729=CARTESIAN_POINT('',(-4.75,17.2,5.7));
#10730=CARTESIAN_POINT('Origin',(-3.95,17.2,5.7));
#10731=CARTESIAN_POINT('',(-4.75,18.,5.7));
#10732=CARTESIAN_POINT('',(3.79,9.,5.7));
#10733=CARTESIAN_POINT('Origin',(4.,9.,5.7));
#10734=CARTESIAN_POINT('',(3.79,0.8,5.7));
#10735=CARTESIAN_POINT('Origin',(4.,0.8,5.7));
#10736=CARTESIAN_POINT('',(-4.21,17.2,5.7));
#10737=CARTESIAN_POINT('Origin',(-4.,17.2,5.7));
#10738=CARTESIAN_POINT('',(-4.21,0.8,5.7));
#10739=CARTESIAN_POINT('Origin',(-4.,0.8,5.7));
#10740=CARTESIAN_POINT('',(-4.21,9.,5.7));
#10741=CARTESIAN_POINT('Origin',(-4.,9.,5.7));
#10742=CARTESIAN_POINT('',(4.,9.45,5.7));
#10743=CARTESIAN_POINT('',(4.45,9.45,5.7));
#10744=CARTESIAN_POINT('',(4.,8.55,5.7));
#10745=CARTESIAN_POINT('Origin',(4.,9.,5.7));
#10746=CARTESIAN_POINT('',(4.45,8.55,5.7));
#10747=CARTESIAN_POINT('',(4.,8.55,5.7));
#10748=CARTESIAN_POINT('',(4.45,1.25,5.7));
#10749=CARTESIAN_POINT('',(4.45,4.65,5.7));
#10750=CARTESIAN_POINT('',(4.,1.25,5.7));
#10751=CARTESIAN_POINT('',(4.45,1.25,5.7));
#10752=CARTESIAN_POINT('',(4.,0.35,5.7));
#10753=CARTESIAN_POINT('Origin',(4.,0.8,5.7));
#10754=CARTESIAN_POINT('',(4.16794494717703,0.35,5.7));
#10755=CARTESIAN_POINT('',(4.,0.35,5.7));
#10756=CARTESIAN_POINT('',(3.95,0.300000000000001,5.7));
#10757=CARTESIAN_POINT('Origin',(3.95,0.800000000000001,5.7));
#10758=CARTESIAN_POINT('',(-3.95,0.300000000000001,5.7));
#10759=CARTESIAN_POINT('',(-2.225,0.300000000000001,5.7));
#10760=CARTESIAN_POINT('',(-4.16794494717703,0.35,5.7));
#10761=CARTESIAN_POINT('Origin',(-3.95,0.800000000000001,5.7));
#10762=CARTESIAN_POINT('',(-4.,0.35,5.7));
#10763=CARTESIAN_POINT('',(-4.45,0.35,5.7));
#10764=CARTESIAN_POINT('',(-4.,1.25,5.7));
#10765=CARTESIAN_POINT('Origin',(-4.,0.8,5.7));
#10766=CARTESIAN_POINT('',(-4.45,1.25,5.7));
#10767=CARTESIAN_POINT('',(-4.,1.25,5.7));
#10768=CARTESIAN_POINT('',(-4.45,8.55,5.7));
#10769=CARTESIAN_POINT('',(-4.45,13.35,5.7));
#10770=CARTESIAN_POINT('',(-4.,8.55,5.7));
#10771=CARTESIAN_POINT('',(-4.45,8.55,5.7));
#10772=CARTESIAN_POINT('',(-4.,9.45,5.7));
#10773=CARTESIAN_POINT('Origin',(-4.,9.,5.7));
#10774=CARTESIAN_POINT('',(-4.45,9.45,5.7));
#10775=CARTESIAN_POINT('',(-4.,9.45,5.7));
#10776=CARTESIAN_POINT('',(-4.45,16.75,5.7));
#10777=CARTESIAN_POINT('',(-4.45,13.35,5.7));
#10778=CARTESIAN_POINT('',(-4.,16.75,5.7));
#10779=CARTESIAN_POINT('',(-4.45,16.75,5.7));
#10780=CARTESIAN_POINT('',(-4.,17.65,5.7));
#10781=CARTESIAN_POINT('Origin',(-4.,17.2,5.7));
#10782=CARTESIAN_POINT('',(-4.16794494717703,17.65,5.7));
#10783=CARTESIAN_POINT('',(-4.,17.65,5.7));
#10784=CARTESIAN_POINT('',(-3.95,17.7,5.7));
#10785=CARTESIAN_POINT('Origin',(-3.95,17.2,5.7));
#10786=CARTESIAN_POINT('',(3.95,17.7,5.7));
#10787=CARTESIAN_POINT('',(2.225,17.7,5.7));
#10788=CARTESIAN_POINT('Origin',(3.95,17.2,5.7));
#10789=CARTESIAN_POINT('Origin',(0.,9.,0.3));
#10790=CARTESIAN_POINT('',(3.95,17.7,0.3));
#10791=CARTESIAN_POINT('Origin',(3.95,17.2,0.3));
#10792=CARTESIAN_POINT('',(-3.95,17.7,0.3));
#10793=CARTESIAN_POINT('',(4.45,17.7,0.3));
#10794=CARTESIAN_POINT('',(-4.16794494717703,17.65,0.3));
#10795=CARTESIAN_POINT('Origin',(-3.95,17.2,0.3));
#10796=CARTESIAN_POINT('',(-4.,17.65,0.3));
#10797=CARTESIAN_POINT('',(-2.,17.65,0.3));
#10798=CARTESIAN_POINT('',(-4.,16.75,0.3));
#10799=CARTESIAN_POINT('Origin',(-4.,17.2,0.3));
#10800=CARTESIAN_POINT('',(-4.45,16.75,0.3));
#10801=CARTESIAN_POINT('',(-2.225,16.75,0.3));
#10802=CARTESIAN_POINT('',(-4.45,9.45,0.3));
#10803=CARTESIAN_POINT('',(-4.45,17.7,0.3));
#10804=CARTESIAN_POINT('',(-4.,9.45,0.3));
#10805=CARTESIAN_POINT('',(-2.,9.45,0.3));
#10806=CARTESIAN_POINT('',(-4.,8.55,0.3));
#10807=CARTESIAN_POINT('Origin',(-4.,9.,0.3));
#10808=CARTESIAN_POINT('',(-4.45,8.55,0.3));
#10809=CARTESIAN_POINT('',(-2.225,8.55,0.3));
#10810=CARTESIAN_POINT('',(-4.45,1.25,0.3));
#10811=CARTESIAN_POINT('',(-4.45,17.7,0.3));
#10812=CARTESIAN_POINT('',(-4.,1.25,0.3));
#10813=CARTESIAN_POINT('',(-2.,1.25,0.3));
#10814=CARTESIAN_POINT('',(-4.,0.35,0.3));
#10815=CARTESIAN_POINT('Origin',(-4.,0.8,0.3));
#10816=CARTESIAN_POINT('',(-4.16794494717703,0.35,0.3));
#10817=CARTESIAN_POINT('',(-2.225,0.35,0.3));
#10818=CARTESIAN_POINT('',(-3.95,0.3,0.3));
#10819=CARTESIAN_POINT('Origin',(-3.95,0.800000000000001,0.3));
#10820=CARTESIAN_POINT('',(3.95,0.300000000000001,0.3));
#10821=CARTESIAN_POINT('',(-4.45,0.3,0.3));
#10822=CARTESIAN_POINT('',(4.16794494717703,0.35,0.3));
#10823=CARTESIAN_POINT('Origin',(3.95,0.800000000000001,0.3));
#10824=CARTESIAN_POINT('',(4.,0.35,0.3));
#10825=CARTESIAN_POINT('',(2.,0.35,0.3));
#10826=CARTESIAN_POINT('',(4.,1.25,0.3));
#10827=CARTESIAN_POINT('Origin',(4.,0.8,0.3));
#10828=CARTESIAN_POINT('',(4.45,1.25,0.3));
#10829=CARTESIAN_POINT('',(2.225,1.25,0.3));
#10830=CARTESIAN_POINT('',(4.45,8.55,0.3));
#10831=CARTESIAN_POINT('',(4.45,0.300000000000001,0.3));
#10832=CARTESIAN_POINT('',(4.,8.55,0.3));
#10833=CARTESIAN_POINT('',(2.,8.55,0.3));
#10834=CARTESIAN_POINT('',(4.,9.45,0.3));
#10835=CARTESIAN_POINT('Origin',(4.,9.,0.3));
#10836=CARTESIAN_POINT('',(2.225,9.45,0.3));
#10837=CARTESIAN_POINT('',(-2.858,11.5805,0.3));
#10838=CARTESIAN_POINT('',(2.858,11.5805,0.3));
#10839=CARTESIAN_POINT('',(1.429,11.5805,0.3));
#10840=CARTESIAN_POINT('',(2.858,2.1205,0.3));
#10841=CARTESIAN_POINT('',(2.858,5.56025,0.3));
#10842=CARTESIAN_POINT('',(-2.858,2.1205,0.3));
#10843=CARTESIAN_POINT('',(-1.429,2.1205,0.3));
#10844=CARTESIAN_POINT('',(-2.858,10.29025,0.3));
#10845=CARTESIAN_POINT('Origin',(4.,9.,5.2));
#10846=CARTESIAN_POINT('',(3.79,9.,5.2));
#10847=CARTESIAN_POINT('Origin',(4.,9.,5.2));
#10848=CARTESIAN_POINT('',(3.79,9.,5.2));
#10849=CARTESIAN_POINT('Origin',(4.,9.,5.2));
#10850=CARTESIAN_POINT('Origin',(4.45,9.45,0.3));
#10851=CARTESIAN_POINT('',(4.,9.45,0.3));
#10852=CARTESIAN_POINT('Origin',(4.,8.55,0.3));
#10853=CARTESIAN_POINT('',(4.45,8.55,0.3));
#10854=CARTESIAN_POINT('',(4.,8.55,0.3));
#10855=CARTESIAN_POINT('Origin',(4.45,0.300000000000001,0.3));
#10856=CARTESIAN_POINT('',(4.45,1.25,0.3));
#10857=CARTESIAN_POINT('Origin',(4.,9.,0.3));
#10858=CARTESIAN_POINT('Origin',(4.,0.8,5.2));
#10859=CARTESIAN_POINT('',(3.79,0.8,5.2));
#10860=CARTESIAN_POINT('Origin',(4.,0.8,5.2));
#10861=CARTESIAN_POINT('',(3.79,0.8,5.2));
#10862=CARTESIAN_POINT('Origin',(4.,0.8,5.2));
#10863=CARTESIAN_POINT('Origin',(4.45,1.25,0.3));
#10864=CARTESIAN_POINT('',(4.,1.25,0.3));
#10865=CARTESIAN_POINT('Origin',(4.,0.35,0.3));
#10866=CARTESIAN_POINT('',(4.16794494717703,0.35,0.3));
#10867=CARTESIAN_POINT('',(4.,0.35,0.3));
#10868=CARTESIAN_POINT('Origin',(3.95,0.800000000000001,0.3));
#10869=CARTESIAN_POINT('',(3.95,0.300000000000001,0.3));
#10870=CARTESIAN_POINT('Origin',(4.,0.8,0.3));
#10871=CARTESIAN_POINT('Origin',(-4.,17.2,5.2));
#10872=CARTESIAN_POINT('',(-4.21,17.2,5.2));
#10873=CARTESIAN_POINT('Origin',(-4.,17.2,5.2));
#10874=CARTESIAN_POINT('',(-4.21,17.2,5.2));
#10875=CARTESIAN_POINT('Origin',(-4.,17.2,5.2));
#10876=CARTESIAN_POINT('Origin',(-4.,17.65,0.3));
#10877=CARTESIAN_POINT('',(-4.16794494717703,17.65,0.3));
#10878=CARTESIAN_POINT('',(-4.,17.65,0.3));
#10879=CARTESIAN_POINT('Origin',(-4.45,16.75,0.3));
#10880=CARTESIAN_POINT('',(-4.,16.75,0.3));
#10881=CARTESIAN_POINT('',(-4.45,16.75,0.3));
#10882=CARTESIAN_POINT('Origin',(-4.,17.2,0.3));
#10883=CARTESIAN_POINT('Origin',(-4.,9.,5.2));
#10884=CARTESIAN_POINT('',(-4.21,9.,5.2));
#10885=CARTESIAN_POINT('Origin',(-4.,9.,5.2));
#10886=CARTESIAN_POINT('',(-4.21,9.,5.2));
#10887=CARTESIAN_POINT('Origin',(-4.,9.,5.2));
#10888=CARTESIAN_POINT('Origin',(-4.,9.45,0.3));
#10889=CARTESIAN_POINT('',(-4.45,9.45,0.3));
#10890=CARTESIAN_POINT('',(-4.,9.45,0.3));
#10891=CARTESIAN_POINT('Origin',(-4.45,8.55,0.3));
#10892=CARTESIAN_POINT('',(-4.,8.55,0.3));
#10893=CARTESIAN_POINT('',(-4.45,8.55,0.3));
#10894=CARTESIAN_POINT('Origin',(-4.45,17.7,0.3));
#10895=CARTESIAN_POINT('Origin',(-4.,9.,0.3));
#10896=CARTESIAN_POINT('Origin',(-4.,0.8,5.2));
#10897=CARTESIAN_POINT('',(-4.21,0.8,5.2));
#10898=CARTESIAN_POINT('Origin',(-4.,0.8,5.2));
#10899=CARTESIAN_POINT('',(-4.21,0.8,5.2));
#10900=CARTESIAN_POINT('Origin',(-4.,0.8,5.2));
#10901=CARTESIAN_POINT('Origin',(-4.45,0.35,0.3));
#10902=CARTESIAN_POINT('',(-4.16794494717703,0.35,0.3));
#10903=CARTESIAN_POINT('',(-4.,0.35,0.3));
#10904=CARTESIAN_POINT('Origin',(-4.,1.25,0.3));
#10905=CARTESIAN_POINT('',(-4.45,1.25,0.3));
#10906=CARTESIAN_POINT('',(-4.,1.25,0.3));
#10907=CARTESIAN_POINT('Origin',(-4.45,17.7,0.3));
#10908=CARTESIAN_POINT('Origin',(-4.,0.8,0.3));
#10909=CARTESIAN_POINT('Origin',(-2.858,2.1205,-0.1));
#10910=CARTESIAN_POINT('',(2.858,2.1205,0.));
#10911=CARTESIAN_POINT('',(2.858,2.1205,-0.1));
#10912=CARTESIAN_POINT('',(-2.858,2.1205,0.));
#10913=CARTESIAN_POINT('',(-1.429,2.1205,0.));
#10914=CARTESIAN_POINT('',(-2.858,2.1205,-0.1));
#10915=CARTESIAN_POINT('Origin',(-2.858,11.5805,-0.1));
#10916=CARTESIAN_POINT('',(-2.858,11.5805,0.));
#10917=CARTESIAN_POINT('',(-2.858,10.29025,0.));
#10918=CARTESIAN_POINT('',(-2.858,11.5805,-0.1));
#10919=CARTESIAN_POINT('Origin',(2.858,11.5805,-0.1));
#10920=CARTESIAN_POINT('',(2.858,11.5805,0.));
#10921=CARTESIAN_POINT('',(1.429,11.5805,0.));
#10922=CARTESIAN_POINT('',(2.858,11.5805,-0.1));
#10923=CARTESIAN_POINT('Origin',(2.858,2.1205,-0.1));
#10924=CARTESIAN_POINT('',(2.858,5.56025,0.));
#10925=CARTESIAN_POINT('Origin',(3.95,17.2,0.3));
#10926=CARTESIAN_POINT('',(3.95,17.7,0.3));
#10927=CARTESIAN_POINT('Origin',(4.45,17.7,0.3));
#10928=CARTESIAN_POINT('',(-3.95,17.7,0.3));
#10929=CARTESIAN_POINT('Origin',(-3.95,17.2,0.3));
#10930=CARTESIAN_POINT('Origin',(-3.95,0.800000000000001,0.3));
#10931=CARTESIAN_POINT('',(-3.95,0.3,0.3));
#10932=CARTESIAN_POINT('Origin',(-4.45,0.3,0.3));
#10933=CARTESIAN_POINT('Origin',(-3.95,0.800000000000001,0.));
#10934=CARTESIAN_POINT('',(-4.75,0.800000000000001,0.));
#10935=CARTESIAN_POINT('',(-4.75,0.800000000000001,0.));
#10936=CARTESIAN_POINT('',(-3.95,0.,0.));
#10937=CARTESIAN_POINT('Origin',(-3.95,0.800000000000001,0.));
#10938=CARTESIAN_POINT('',(-3.95,0.,0.));
#10939=CARTESIAN_POINT('Origin',(-4.75,18.,0.));
#10940=CARTESIAN_POINT('',(-4.75,17.2,0.));
#10941=CARTESIAN_POINT('',(-4.75,17.2,0.));
#10942=CARTESIAN_POINT('',(-4.75,18.,0.));
#10943=CARTESIAN_POINT('Origin',(3.95,0.8,0.));
#10944=CARTESIAN_POINT('',(3.95,0.,0.));
#10945=CARTESIAN_POINT('',(3.95,0.,0.));
#10946=CARTESIAN_POINT('',(4.75,0.8,0.));
#10947=CARTESIAN_POINT('Origin',(3.95,0.8,0.));
#10948=CARTESIAN_POINT('',(4.75,0.8,0.));
#10949=CARTESIAN_POINT('Origin',(4.75,0.,0.));
#10950=CARTESIAN_POINT('',(4.75,17.2,0.));
#10951=CARTESIAN_POINT('',(4.75,0.,0.));
#10952=CARTESIAN_POINT('',(4.75,17.2,0.));
#10953=CARTESIAN_POINT('Origin',(3.95,17.2,0.));
#10954=CARTESIAN_POINT('',(3.95,18.,0.));
#10955=CARTESIAN_POINT('Origin',(3.95,17.2,0.));
#10956=CARTESIAN_POINT('',(3.95,18.,0.));
#10957=CARTESIAN_POINT('Origin',(-3.95,17.2,0.));
#10958=CARTESIAN_POINT('',(-3.95,18.,0.));
#10959=CARTESIAN_POINT('',(-3.95,18.,0.));
#10960=CARTESIAN_POINT('Origin',(-3.95,17.2,0.));
#10961=CARTESIAN_POINT('Origin',(4.75,18.,0.));
#10962=CARTESIAN_POINT('',(4.75,18.,0.));
#10963=CARTESIAN_POINT('Origin',(-4.75,0.,0.));
#10964=CARTESIAN_POINT('',(-4.75,0.,0.));
#10965=CARTESIAN_POINT('Origin',(0.,9.,0.));
#10966=CARTESIAN_POINT('',(0.,0.,0.));
#10967=CARTESIAN_POINT('Origin',(4.,17.2,5.82));
#10968=CARTESIAN_POINT('',(3.7,17.2,5.82));
#10969=CARTESIAN_POINT('Origin',(4.,17.2,5.82));
#10970=CARTESIAN_POINT('',(3.7,17.2,6.));
#10971=CARTESIAN_POINT('',(3.7,17.2,5.82));
#10972=CARTESIAN_POINT('Origin',(4.,17.2,6.));
#10973=CARTESIAN_POINT('Origin',(4.,17.2,5.82));
#10974=CARTESIAN_POINT('',(3.83,17.2,5.82));
#10975=CARTESIAN_POINT('Origin',(4.,17.2,5.82));
#10976=CARTESIAN_POINT('Origin',(4.,9.,5.82));
#10977=CARTESIAN_POINT('',(3.7,9.,5.82));
#10978=CARTESIAN_POINT('Origin',(4.,9.,5.82));
#10979=CARTESIAN_POINT('',(3.7,9.,6.));
#10980=CARTESIAN_POINT('',(3.7,9.,5.82));
#10981=CARTESIAN_POINT('Origin',(4.,9.,6.));
#10982=CARTESIAN_POINT('Origin',(4.,9.,5.82));
#10983=CARTESIAN_POINT('',(3.83,9.,5.82));
#10984=CARTESIAN_POINT('Origin',(4.,9.,5.82));
#10985=CARTESIAN_POINT('Origin',(4.,0.8,5.82));
#10986=CARTESIAN_POINT('',(3.7,0.8,5.82));
#10987=CARTESIAN_POINT('Origin',(4.,0.8,5.82));
#10988=CARTESIAN_POINT('',(3.7,0.8,6.));
#10989=CARTESIAN_POINT('',(3.7,0.8,5.82));
#10990=CARTESIAN_POINT('Origin',(4.,0.8,6.));
#10991=CARTESIAN_POINT('Origin',(4.,0.8,5.82));
#10992=CARTESIAN_POINT('',(3.83,0.8,5.82));
#10993=CARTESIAN_POINT('Origin',(4.,0.8,5.82));
#10994=CARTESIAN_POINT('Origin',(-4.,17.2,5.82));
#10995=CARTESIAN_POINT('',(-4.3,17.2,5.82));
#10996=CARTESIAN_POINT('Origin',(-4.,17.2,5.82));
#10997=CARTESIAN_POINT('',(-4.3,17.2,6.));
#10998=CARTESIAN_POINT('',(-4.3,17.2,5.82));
#10999=CARTESIAN_POINT('Origin',(-4.,17.2,6.));
#11000=CARTESIAN_POINT('Origin',(-4.,17.2,5.82));
#11001=CARTESIAN_POINT('',(-4.17,17.2,5.82));
#11002=CARTESIAN_POINT('Origin',(-4.,17.2,5.82));
#11003=CARTESIAN_POINT('Origin',(-4.,9.,5.82));
#11004=CARTESIAN_POINT('',(-4.3,9.,5.82));
#11005=CARTESIAN_POINT('Origin',(-4.,9.,5.82));
#11006=CARTESIAN_POINT('',(-4.3,9.,6.));
#11007=CARTESIAN_POINT('',(-4.3,9.,5.82));
#11008=CARTESIAN_POINT('Origin',(-4.,9.,6.));
#11009=CARTESIAN_POINT('Origin',(-4.,9.,5.82));
#11010=CARTESIAN_POINT('',(-4.17,9.,5.82));
#11011=CARTESIAN_POINT('Origin',(-4.,9.,5.82));
#11012=CARTESIAN_POINT('Origin',(-4.,0.8,5.82));
#11013=CARTESIAN_POINT('',(-4.3,0.8,5.82));
#11014=CARTESIAN_POINT('Origin',(-4.,0.8,5.82));
#11015=CARTESIAN_POINT('',(-4.3,0.8,6.));
#11016=CARTESIAN_POINT('',(-4.3,0.8,5.82));
#11017=CARTESIAN_POINT('Origin',(-4.,0.8,6.));
#11018=CARTESIAN_POINT('Origin',(-4.,0.8,5.82));
#11019=CARTESIAN_POINT('',(-4.17,0.8,5.82));
#11020=CARTESIAN_POINT('Origin',(-4.,0.8,5.82));
#11021=CARTESIAN_POINT('Origin',(4.,17.2,5.7));
#11022=CARTESIAN_POINT('',(3.83,17.2,5.725));
#11023=CARTESIAN_POINT('Origin',(4.,17.2,5.725));
#11024=CARTESIAN_POINT('',(3.83,17.2,5.7));
#11025=CARTESIAN_POINT('Origin',(4.,9.,5.7));
#11026=CARTESIAN_POINT('',(3.83,9.,5.725));
#11027=CARTESIAN_POINT('Origin',(4.,9.,5.725));
#11028=CARTESIAN_POINT('',(3.83,9.,5.7));
#11029=CARTESIAN_POINT('Origin',(4.,0.8,5.7));
#11030=CARTESIAN_POINT('',(3.83,0.8,5.725));
#11031=CARTESIAN_POINT('Origin',(4.,0.8,5.725));
#11032=CARTESIAN_POINT('',(3.83,0.8,5.7));
#11033=CARTESIAN_POINT('Origin',(-4.,17.2,5.7));
#11034=CARTESIAN_POINT('',(-4.17,17.2,5.725));
#11035=CARTESIAN_POINT('Origin',(-4.,17.2,5.725));
#11036=CARTESIAN_POINT('',(-4.17,17.2,5.7));
#11037=CARTESIAN_POINT('Origin',(-4.,9.,5.7));
#11038=CARTESIAN_POINT('',(-4.17,9.,5.725));
#11039=CARTESIAN_POINT('Origin',(-4.,9.,5.725));
#11040=CARTESIAN_POINT('',(-4.17,9.,5.7));
#11041=CARTESIAN_POINT('Origin',(-4.,0.8,5.7));
#11042=CARTESIAN_POINT('',(-4.17,0.8,5.725));
#11043=CARTESIAN_POINT('Origin',(-4.,0.8,5.725));
#11044=CARTESIAN_POINT('',(-4.17,0.8,5.7));
#11045=CARTESIAN_POINT('Origin',(-3.95,0.800000000000001,5.725));
#11046=CARTESIAN_POINT('',(-3.95,0.,6.));
#11047=CARTESIAN_POINT('',(-4.75,0.800000000000001,6.));
#11048=CARTESIAN_POINT('Origin',(-3.95,0.800000000000001,6.));
#11049=CARTESIAN_POINT('',(-4.75,0.800000000000001,5.725));
#11050=CARTESIAN_POINT('',(-4.75,0.800000000000001,5.725));
#11051=CARTESIAN_POINT('',(-3.95,0.,5.725));
#11052=CARTESIAN_POINT('Origin',(-3.95,0.800000000000001,5.725));
#11053=CARTESIAN_POINT('',(-3.95,0.,5.725));
#11054=CARTESIAN_POINT('Origin',(-4.75,18.,5.725));
#11055=CARTESIAN_POINT('',(-4.75,17.2,6.));
#11056=CARTESIAN_POINT('',(-4.75,18.,6.));
#11057=CARTESIAN_POINT('',(-4.75,17.2,5.725));
#11058=CARTESIAN_POINT('',(-4.75,17.2,5.725));
#11059=CARTESIAN_POINT('',(-4.75,18.,5.725));
#11060=CARTESIAN_POINT('Origin',(0.,9.,6.));
#11061=CARTESIAN_POINT('',(3.95,0.,6.));
#11062=CARTESIAN_POINT('',(-4.75,0.,6.));
#11063=CARTESIAN_POINT('',(4.75,0.8,6.));
#11064=CARTESIAN_POINT('Origin',(3.95,0.8,6.));
#11065=CARTESIAN_POINT('',(4.75,17.2,6.));
#11066=CARTESIAN_POINT('',(4.75,0.,6.));
#11067=CARTESIAN_POINT('',(3.95,18.,6.));
#11068=CARTESIAN_POINT('Origin',(3.95,17.2,6.));
#11069=CARTESIAN_POINT('',(-3.95,18.,6.));
#11070=CARTESIAN_POINT('',(4.75,18.,6.));
#11071=CARTESIAN_POINT('Origin',(-3.95,17.2,6.));
#11072=CARTESIAN_POINT('Origin',(3.95,0.8,5.725));
#11073=CARTESIAN_POINT('',(3.95,0.,5.725));
#11074=CARTESIAN_POINT('',(3.95,0.,5.725));
#11075=CARTESIAN_POINT('',(4.75,0.8,5.725));
#11076=CARTESIAN_POINT('Origin',(3.95,0.8,5.725));
#11077=CARTESIAN_POINT('',(4.75,0.8,5.725));
#11078=CARTESIAN_POINT('Origin',(4.75,0.,5.725));
#11079=CARTESIAN_POINT('',(4.75,17.2,5.725));
#11080=CARTESIAN_POINT('',(4.75,0.,5.725));
#11081=CARTESIAN_POINT('',(4.75,17.2,5.725));
#11082=CARTESIAN_POINT('Origin',(3.95,17.2,5.725));
#11083=CARTESIAN_POINT('',(3.95,18.,5.725));
#11084=CARTESIAN_POINT('Origin',(3.95,17.2,5.725));
#11085=CARTESIAN_POINT('',(3.95,18.,5.725));
#11086=CARTESIAN_POINT('Origin',(-3.95,17.2,5.725));
#11087=CARTESIAN_POINT('',(-3.95,18.,5.725));
#11088=CARTESIAN_POINT('',(-3.95,18.,5.725));
#11089=CARTESIAN_POINT('Origin',(-3.95,17.2,5.725));
#11090=CARTESIAN_POINT('Origin',(4.75,18.,5.725));
#11091=CARTESIAN_POINT('',(4.75,18.,5.725));
#11092=CARTESIAN_POINT('Origin',(-4.75,0.,5.725));
#11093=CARTESIAN_POINT('',(-4.75,0.,5.725));
#11094=CARTESIAN_POINT('Origin',(0.,9.,5.725));
#11095=CARTESIAN_POINT('',(0.,0.,0.));
#11096=CARTESIAN_POINT('Origin',(-0.5,13.19,5.3));
#11097=CARTESIAN_POINT('',(0.5,13.4,5.3));
#11098=CARTESIAN_POINT('',(-0.5,13.4,5.3));
#11099=CARTESIAN_POINT('',(-1.9,13.4,5.3));
#11100=CARTESIAN_POINT('',(0.5,13.2,5.3));
#11101=CARTESIAN_POINT('',(0.5,13.19,5.3));
#11102=CARTESIAN_POINT('',(-0.5,13.2,5.3));
#11103=CARTESIAN_POINT('',(-2.,13.2,5.3));
#11104=CARTESIAN_POINT('',(-0.5,13.19,5.3));
#11105=CARTESIAN_POINT('Origin',(-0.5,13.19,4.8));
#11106=CARTESIAN_POINT('',(-0.5,13.4,4.8));
#11107=CARTESIAN_POINT('',(-0.5,13.4,2.675));
#11108=CARTESIAN_POINT('',(-0.5,13.2,4.8));
#11109=CARTESIAN_POINT('',(-0.5,13.2,2.575));
#11110=CARTESIAN_POINT('',(-0.5,13.19,4.8));
#11111=CARTESIAN_POINT('Origin',(0.5,13.19,4.8));
#11112=CARTESIAN_POINT('',(0.5,13.4,4.8));
#11113=CARTESIAN_POINT('',(-1.4,13.4,4.8));
#11114=CARTESIAN_POINT('',(0.5,13.2,4.8));
#11115=CARTESIAN_POINT('',(-1.5,13.2,4.8));
#11116=CARTESIAN_POINT('',(0.5,13.19,4.8));
#11117=CARTESIAN_POINT('Origin',(0.5,13.19,5.3));
#11118=CARTESIAN_POINT('',(0.5,13.4,2.925));
#11119=CARTESIAN_POINT('',(0.5,13.2,2.825));
#11120=CARTESIAN_POINT('Origin',(3.8,16.3,4.69));
#11121=CARTESIAN_POINT('',(3.68,16.3,4.7));
#11122=CARTESIAN_POINT('Origin',(3.8,16.3,4.7));
#11123=CARTESIAN_POINT('',(3.68,16.3,5.));
#11124=CARTESIAN_POINT('',(3.68,16.3,4.69));
#11125=CARTESIAN_POINT('Origin',(3.8,16.3,5.));
#11126=CARTESIAN_POINT('Origin',(3.775,16.3,5.));
#11127=CARTESIAN_POINT('',(3.5,16.,5.));
#11128=CARTESIAN_POINT('',(3.5,16.6,5.));
#11129=CARTESIAN_POINT('',(3.5,14.75,5.));
#11130=CARTESIAN_POINT('',(4.1,16.,5.));
#11131=CARTESIAN_POINT('',(3.45,16.,5.));
#11132=CARTESIAN_POINT('',(4.1,16.6,5.));
#11133=CARTESIAN_POINT('',(4.1,16.,5.));
#11134=CARTESIAN_POINT('',(4.1,16.6,5.));
#11135=CARTESIAN_POINT('Origin',(3.45,16.,4.7));
#11136=CARTESIAN_POINT('',(3.5,16.,4.7));
#11137=CARTESIAN_POINT('',(3.5,16.,2.525));
#11138=CARTESIAN_POINT('',(4.1,16.,4.7));
#11139=CARTESIAN_POINT('',(3.45,16.,4.7));
#11140=CARTESIAN_POINT('',(4.1,16.,4.7));
#11141=CARTESIAN_POINT('Origin',(4.1,16.6,4.7));
#11142=CARTESIAN_POINT('',(3.5,16.6,4.7));
#11143=CARTESIAN_POINT('',(3.5,16.6,2.525));
#11144=CARTESIAN_POINT('',(4.1,16.6,4.7));
#11145=CARTESIAN_POINT('',(4.1,16.6,4.7));
#11146=CARTESIAN_POINT('',(4.1,16.6,4.7));
#11147=CARTESIAN_POINT('Origin',(4.1,16.,4.7));
#11148=CARTESIAN_POINT('',(4.1,16.,4.7));
#11149=CARTESIAN_POINT('Origin',(3.775,16.3,4.7));
#11150=CARTESIAN_POINT('',(3.5,14.75,4.7));
#11151=CARTESIAN_POINT('Origin',(3.8,13.7,4.69));
#11152=CARTESIAN_POINT('',(3.68,13.7,4.7));
#11153=CARTESIAN_POINT('Origin',(3.8,13.7,4.7));
#11154=CARTESIAN_POINT('',(3.68,13.7,5.));
#11155=CARTESIAN_POINT('',(3.68,13.7,4.69));
#11156=CARTESIAN_POINT('Origin',(3.8,13.7,5.));
#11157=CARTESIAN_POINT('Origin',(3.775,13.7,5.));
#11158=CARTESIAN_POINT('',(3.5,13.4,5.));
#11159=CARTESIAN_POINT('',(3.5,14.,5.));
#11160=CARTESIAN_POINT('',(3.5,13.45,5.));
#11161=CARTESIAN_POINT('',(4.1,13.4,5.));
#11162=CARTESIAN_POINT('',(3.45,13.4,5.));
#11163=CARTESIAN_POINT('',(4.1,14.,5.));
#11164=CARTESIAN_POINT('',(4.1,13.4,5.));
#11165=CARTESIAN_POINT('',(4.1,14.,5.));
#11166=CARTESIAN_POINT('Origin',(3.45,13.4,4.7));
#11167=CARTESIAN_POINT('',(3.5,13.4,4.7));
#11168=CARTESIAN_POINT('',(3.5,13.4,2.525));
#11169=CARTESIAN_POINT('',(4.1,13.4,4.7));
#11170=CARTESIAN_POINT('',(3.45,13.4,4.7));
#11171=CARTESIAN_POINT('',(4.1,13.4,4.7));
#11172=CARTESIAN_POINT('Origin',(4.1,14.,4.7));
#11173=CARTESIAN_POINT('',(3.5,14.,4.7));
#11174=CARTESIAN_POINT('',(3.5,14.,2.525));
#11175=CARTESIAN_POINT('',(4.1,14.,4.7));
#11176=CARTESIAN_POINT('',(4.1,14.,4.7));
#11177=CARTESIAN_POINT('',(4.1,14.,4.7));
#11178=CARTESIAN_POINT('Origin',(4.1,13.4,4.7));
#11179=CARTESIAN_POINT('',(4.1,13.4,4.7));
#11180=CARTESIAN_POINT('Origin',(3.775,13.7,4.7));
#11181=CARTESIAN_POINT('',(3.5,13.45,4.7));
#11182=CARTESIAN_POINT('Origin',(-3.8,16.3,4.69));
#11183=CARTESIAN_POINT('',(-3.92,16.3,4.7));
#11184=CARTESIAN_POINT('Origin',(-3.8,16.3,4.7));
#11185=CARTESIAN_POINT('',(-3.92,16.3,5.));
#11186=CARTESIAN_POINT('',(-3.92,16.3,4.69));
#11187=CARTESIAN_POINT('Origin',(-3.8,16.3,5.));
#11188=CARTESIAN_POINT('Origin',(-3.775,16.3,4.7));
#11189=CARTESIAN_POINT('',(-3.5,16.,4.7));
#11190=CARTESIAN_POINT('',(-3.5,16.6,4.7));
#11191=CARTESIAN_POINT('',(-3.5,16.9,4.7));
#11192=CARTESIAN_POINT('',(-4.1,16.,4.7));
#11193=CARTESIAN_POINT('',(-4.1,16.,4.7));
#11194=CARTESIAN_POINT('',(-4.1,16.6,4.7));
#11195=CARTESIAN_POINT('',(-4.1,16.6,4.7));
#11196=CARTESIAN_POINT('',(-3.45,16.6,4.7));
#11197=CARTESIAN_POINT('Origin',(-4.1,16.,4.7));
#11198=CARTESIAN_POINT('',(-3.5,16.,5.));
#11199=CARTESIAN_POINT('',(-3.5,16.,2.525));
#11200=CARTESIAN_POINT('',(-4.1,16.,5.));
#11201=CARTESIAN_POINT('',(-4.1,16.,5.));
#11202=CARTESIAN_POINT('',(-4.1,16.,4.7));
#11203=CARTESIAN_POINT('Origin',(-3.45,16.6,4.7));
#11204=CARTESIAN_POINT('',(-3.5,16.6,5.));
#11205=CARTESIAN_POINT('',(-3.5,16.6,2.525));
#11206=CARTESIAN_POINT('',(-4.1,16.6,5.));
#11207=CARTESIAN_POINT('',(-4.1,16.6,4.7));
#11208=CARTESIAN_POINT('',(-3.45,16.6,5.));
#11209=CARTESIAN_POINT('Origin',(-4.1,16.6,4.7));
#11210=CARTESIAN_POINT('',(-4.1,16.6,5.));
#11211=CARTESIAN_POINT('Origin',(-3.775,16.3,5.));
#11212=CARTESIAN_POINT('',(-3.5,16.9,5.));
#11213=CARTESIAN_POINT('Origin',(-3.8,13.7,4.69));
#11214=CARTESIAN_POINT('',(-3.92,13.7,4.7));
#11215=CARTESIAN_POINT('Origin',(-3.8,13.7,4.7));
#11216=CARTESIAN_POINT('',(-3.92,13.7,5.));
#11217=CARTESIAN_POINT('',(-3.92,13.7,4.69));
#11218=CARTESIAN_POINT('Origin',(-3.8,13.7,5.));
#11219=CARTESIAN_POINT('Origin',(-3.775,13.7,4.7));
#11220=CARTESIAN_POINT('',(-3.5,13.4,4.7));
#11221=CARTESIAN_POINT('',(-3.5,14.,4.7));
#11222=CARTESIAN_POINT('',(-3.5,15.6,4.7));
#11223=CARTESIAN_POINT('',(-4.1,13.4,4.7));
#11224=CARTESIAN_POINT('',(-4.1,13.4,4.7));
#11225=CARTESIAN_POINT('',(-4.1,14.,4.7));
#11226=CARTESIAN_POINT('',(-4.1,14.,4.7));
#11227=CARTESIAN_POINT('',(-3.45,14.,4.7));
#11228=CARTESIAN_POINT('Origin',(-4.1,13.4,4.7));
#11229=CARTESIAN_POINT('',(-3.5,13.4,5.));
#11230=CARTESIAN_POINT('',(-3.5,13.4,2.525));
#11231=CARTESIAN_POINT('',(-4.1,13.4,5.));
#11232=CARTESIAN_POINT('',(-4.1,13.4,5.));
#11233=CARTESIAN_POINT('',(-4.1,13.4,4.7));
#11234=CARTESIAN_POINT('Origin',(-3.45,14.,4.7));
#11235=CARTESIAN_POINT('',(-3.5,14.,5.));
#11236=CARTESIAN_POINT('',(-3.5,14.,2.525));
#11237=CARTESIAN_POINT('',(-4.1,14.,5.));
#11238=CARTESIAN_POINT('',(-4.1,14.,4.7));
#11239=CARTESIAN_POINT('',(-3.45,14.,5.));
#11240=CARTESIAN_POINT('Origin',(-4.1,14.,4.7));
#11241=CARTESIAN_POINT('',(-4.1,14.,5.));
#11242=CARTESIAN_POINT('Origin',(-3.775,13.7,5.));
#11243=CARTESIAN_POINT('',(-3.5,15.6,5.));
#11244=CARTESIAN_POINT('Origin',(3.,17.1,5.05));
#11245=CARTESIAN_POINT('',(2.87,17.1,5.05));
#11246=CARTESIAN_POINT('Origin',(3.,17.1,5.05));
#11247=CARTESIAN_POINT('',(2.87,17.1,5.45));
#11248=CARTESIAN_POINT('',(2.87,17.1,5.05));
#11249=CARTESIAN_POINT('Origin',(3.,17.1,5.45));
#11250=CARTESIAN_POINT('Origin',(3.,17.1,5.05));
#11251=CARTESIAN_POINT('Origin',(3.,17.1,0.55));
#11252=CARTESIAN_POINT('',(3.3,17.1,0.55));
#11253=CARTESIAN_POINT('',(3.3,17.1,5.45));
#11254=CARTESIAN_POINT('',(3.3,17.1,0.55));
#11255=CARTESIAN_POINT('',(3.22360679774998,17.3,0.55));
#11256=CARTESIAN_POINT('Origin',(3.,17.1,0.55));
#11257=CARTESIAN_POINT('',(3.22360679774998,17.3,5.45));
#11258=CARTESIAN_POINT('',(3.22360679774998,17.3,0.55));
#11259=CARTESIAN_POINT('Origin',(3.,17.1,5.45));
#11260=CARTESIAN_POINT('Origin',(3.,17.1,0.55));
#11261=CARTESIAN_POINT('',(2.77639320225002,17.3,0.55));
#11262=CARTESIAN_POINT('',(2.77639320225002,17.3,5.45));
#11263=CARTESIAN_POINT('',(2.77639320225002,17.3,0.55));
#11264=CARTESIAN_POINT('Origin',(3.,17.1,0.55));
#11265=CARTESIAN_POINT('Origin',(3.,17.1,5.45));
#11266=CARTESIAN_POINT('Origin',(0.,15.35,5.45));
#11267=CARTESIAN_POINT('',(-3.5,17.5,5.45));
#11268=CARTESIAN_POINT('',(-3.5,13.2,5.45));
#11269=CARTESIAN_POINT('',(-3.5,17.5,5.45));
#11270=CARTESIAN_POINT('',(3.5,13.2,5.45));
#11271=CARTESIAN_POINT('',(-3.5,13.2,5.45));
#11272=CARTESIAN_POINT('',(3.5,17.5,5.45));
#11273=CARTESIAN_POINT('',(3.5,13.2,5.45));
#11274=CARTESIAN_POINT('',(3.5,17.5,5.45));
#11275=CARTESIAN_POINT('',(-3.13,17.1,5.45));
#11276=CARTESIAN_POINT('Origin',(-3.,17.1,5.45));
#11277=CARTESIAN_POINT('',(3.3,17.3,5.45));
#11278=CARTESIAN_POINT('',(1.65,17.3,5.45));
#11279=CARTESIAN_POINT('',(3.3,14.375,5.45));
#11280=CARTESIAN_POINT('',(3.3,13.6,5.45));
#11281=CARTESIAN_POINT('',(3.3,14.375,5.45));
#11282=CARTESIAN_POINT('',(3.3,13.4,5.45));
#11283=CARTESIAN_POINT('',(3.3,14.375,5.45));
#11284=CARTESIAN_POINT('',(3.22360679774998,13.4,5.45));
#11285=CARTESIAN_POINT('',(-1.65,13.4,5.45));
#11286=CARTESIAN_POINT('Origin',(3.,13.6,5.45));
#11287=CARTESIAN_POINT('',(2.77639320225002,13.4,5.45));
#11288=CARTESIAN_POINT('Origin',(3.,13.6,5.45));
#11289=CARTESIAN_POINT('',(-2.77639320225002,13.4,5.45));
#11290=CARTESIAN_POINT('',(-1.65,13.4,5.45));
#11291=CARTESIAN_POINT('',(-3.3,13.6,5.45));
#11292=CARTESIAN_POINT('Origin',(-3.,13.6,5.45));
#11293=CARTESIAN_POINT('',(-3.22360679774998,13.4,5.45));
#11294=CARTESIAN_POINT('Origin',(-3.,13.6,5.45));
#11295=CARTESIAN_POINT('',(-3.3,13.4,5.45));
#11296=CARTESIAN_POINT('',(-1.65,13.4,5.45));
#11297=CARTESIAN_POINT('',(-3.3,16.325,5.45));
#11298=CARTESIAN_POINT('',(-3.3,17.1,5.45));
#11299=CARTESIAN_POINT('',(-3.3,16.325,5.45));
#11300=CARTESIAN_POINT('',(-3.3,17.3,5.45));
#11301=CARTESIAN_POINT('',(-3.3,16.325,5.45));
#11302=CARTESIAN_POINT('',(-3.22360679774998,17.3,5.45));
#11303=CARTESIAN_POINT('',(1.65,17.3,5.45));
#11304=CARTESIAN_POINT('Origin',(-3.,17.1,5.45));
#11305=CARTESIAN_POINT('',(-2.77639320225002,17.3,5.45));
#11306=CARTESIAN_POINT('Origin',(-3.,17.1,5.45));
#11307=CARTESIAN_POINT('',(1.65,17.3,5.45));
#11308=CARTESIAN_POINT('',(-3.13,13.6,5.45));
#11309=CARTESIAN_POINT('Origin',(-3.,13.6,5.45));
#11310=CARTESIAN_POINT('',(2.87,13.6,5.45));
#11311=CARTESIAN_POINT('Origin',(3.,13.6,5.45));
#11312=CARTESIAN_POINT('Origin',(3.3,13.4,0.55));
#11313=CARTESIAN_POINT('',(3.3,17.1,0.55));
#11314=CARTESIAN_POINT('',(3.3,13.6,0.55));
#11315=CARTESIAN_POINT('',(3.3,13.4,0.55));
#11316=CARTESIAN_POINT('',(3.3,13.6,0.55));
#11317=CARTESIAN_POINT('',(3.3,15.35,1.61));
#11318=CARTESIAN_POINT('Origin',(3.3,15.35,1.2));
#11319=CARTESIAN_POINT('Origin',(3.3,17.3,0.55));
#11320=CARTESIAN_POINT('',(3.3,17.3,0.55));
#11321=CARTESIAN_POINT('',(3.3,17.3,0.55));
#11322=CARTESIAN_POINT('',(3.3,17.3,0.55));
#11323=CARTESIAN_POINT('Origin',(0.,15.35,0.55));
#11324=CARTESIAN_POINT('',(3.3,13.4,0.55));
#11325=CARTESIAN_POINT('Origin',(3.,13.6,5.05));
#11326=CARTESIAN_POINT('',(2.87,13.6,5.05));
#11327=CARTESIAN_POINT('Origin',(3.,13.6,5.05));
#11328=CARTESIAN_POINT('',(2.87,13.6,5.05));
#11329=CARTESIAN_POINT('Origin',(3.,13.6,5.05));
#11330=CARTESIAN_POINT('Origin',(3.,13.6,0.55));
#11331=CARTESIAN_POINT('',(3.3,13.6,0.55));
#11332=CARTESIAN_POINT('',(2.77639320225002,13.4,0.55));
#11333=CARTESIAN_POINT('Origin',(3.,13.6,0.55));
#11334=CARTESIAN_POINT('',(2.77639320225002,13.4,0.55));
#11335=CARTESIAN_POINT('Origin',(3.,13.6,0.55));
#11336=CARTESIAN_POINT('',(3.22360679774998,13.4,0.55));
#11337=CARTESIAN_POINT('',(3.22360679774998,13.4,0.55));
#11338=CARTESIAN_POINT('Origin',(3.,13.6,0.55));
#11339=CARTESIAN_POINT('Origin',(3.3,13.4,0.55));
#11340=CARTESIAN_POINT('',(3.3,13.4,0.55));
#11341=CARTESIAN_POINT('',(3.3,13.4,0.55));
#11342=CARTESIAN_POINT('',(3.3,13.4,0.55));
#11343=CARTESIAN_POINT('Origin',(0.,15.35,0.55));
#11344=CARTESIAN_POINT('',(-2.77639320225002,17.3,0.55));
#11345=CARTESIAN_POINT('',(3.3,17.3,0.55));
#11346=CARTESIAN_POINT('',(-3.3,17.1,0.55));
#11347=CARTESIAN_POINT('Origin',(-3.,17.1,0.55));
#11348=CARTESIAN_POINT('',(-3.3,13.6,0.55));
#11349=CARTESIAN_POINT('',(-3.3,17.3,0.55));
#11350=CARTESIAN_POINT('',(-2.77639320225002,13.4,0.55));
#11351=CARTESIAN_POINT('Origin',(-3.,13.6,0.55));
#11352=CARTESIAN_POINT('',(-3.3,13.4,0.55));
#11353=CARTESIAN_POINT('Origin',(-3.3,13.4,0.55));
#11354=CARTESIAN_POINT('',(-2.77639320225002,13.4,0.55));
#11355=CARTESIAN_POINT('Origin',(-3.,17.1,5.05));
#11356=CARTESIAN_POINT('',(-3.13,17.1,5.05));
#11357=CARTESIAN_POINT('Origin',(-3.,17.1,5.05));
#11358=CARTESIAN_POINT('',(-3.13,17.1,5.05));
#11359=CARTESIAN_POINT('Origin',(-3.,17.1,5.05));
#11360=CARTESIAN_POINT('Origin',(-3.,17.1,0.55));
#11361=CARTESIAN_POINT('',(-2.77639320225002,17.3,0.55));
#11362=CARTESIAN_POINT('',(-3.3,17.1,0.55));
#11363=CARTESIAN_POINT('Origin',(-3.,17.1,0.55));
#11364=CARTESIAN_POINT('',(-3.22360679774998,17.3,0.55));
#11365=CARTESIAN_POINT('',(-3.22360679774998,17.3,0.55));
#11366=CARTESIAN_POINT('Origin',(-3.,17.1,0.55));
#11367=CARTESIAN_POINT('Origin',(3.3,17.3,0.55));
#11368=CARTESIAN_POINT('Origin',(0.,15.35,0.55));
#11369=CARTESIAN_POINT('',(-3.3,13.4,0.55));
#11370=CARTESIAN_POINT('Origin',(-3.3,17.3,0.55));
#11371=CARTESIAN_POINT('',(-3.3,17.1,0.55));
#11372=CARTESIAN_POINT('',(-3.3,17.3,0.55));
#11373=CARTESIAN_POINT('',(-3.3,17.3,0.55));
#11374=CARTESIAN_POINT('',(-3.3,17.3,0.55));
#11375=CARTESIAN_POINT('Origin',(-3.,13.6,5.05));
#11376=CARTESIAN_POINT('',(-3.13,13.6,5.05));
#11377=CARTESIAN_POINT('Origin',(-3.,13.6,5.05));
#11378=CARTESIAN_POINT('',(-3.13,13.6,5.05));
#11379=CARTESIAN_POINT('Origin',(-3.,13.6,5.05));
#11380=CARTESIAN_POINT('Origin',(-3.,13.6,0.55));
#11381=CARTESIAN_POINT('',(-3.22360679774998,13.4,0.55));
#11382=CARTESIAN_POINT('',(-3.22360679774998,13.4,0.55));
#11383=CARTESIAN_POINT('',(-3.3,13.6,0.55));
#11384=CARTESIAN_POINT('Origin',(-3.,13.6,0.55));
#11385=CARTESIAN_POINT('Origin',(-3.,13.6,0.55));
#11386=CARTESIAN_POINT('Origin',(-3.3,13.4,0.55));
#11387=CARTESIAN_POINT('',(-3.3,13.4,0.55));
#11388=CARTESIAN_POINT('',(-3.3,13.4,0.55));
#11389=CARTESIAN_POINT('',(-3.3,13.4,0.55));
#11390=CARTESIAN_POINT('Origin',(0.,15.35,0.55));
#11391=CARTESIAN_POINT('',(-3.3,17.3,0.55));
#11392=CARTESIAN_POINT('Origin',(-3.3,17.3,0.55));
#11393=CARTESIAN_POINT('',(-3.3,13.6,0.55));
#11394=CARTESIAN_POINT('',(-3.3,15.35,1.61));
#11395=CARTESIAN_POINT('Origin',(-3.3,15.35,1.2));
#11396=CARTESIAN_POINT('Origin',(-3.6,15.35,1.2));
#11397=CARTESIAN_POINT('',(3.5,15.35,1.61));
#11398=CARTESIAN_POINT('',(-3.6,15.35,1.61));
#11399=CARTESIAN_POINT('Origin',(3.5,15.35,1.2));
#11400=CARTESIAN_POINT('Origin',(-3.6,15.35,1.2));
#11401=CARTESIAN_POINT('',(-3.5,15.35,1.61));
#11402=CARTESIAN_POINT('Origin',(-3.5,15.35,1.2));
#11403=CARTESIAN_POINT('',(-3.6,15.35,1.61));
#11404=CARTESIAN_POINT('Origin',(-3.3,13.4,0.55));
#11405=CARTESIAN_POINT('Origin',(-3.3,17.3,0.55));
#11406=CARTESIAN_POINT('Origin',(3.3,17.3,0.55));
#11407=CARTESIAN_POINT('',(3.3,17.3,0.55));
#11408=CARTESIAN_POINT('Origin',(3.3,13.4,0.55));
#11409=CARTESIAN_POINT('Origin',(0.,15.35,0.55));
#11410=CARTESIAN_POINT('Origin',(3.5,17.5,0.35));
#11411=CARTESIAN_POINT('',(3.5,17.5,0.35));
#11412=CARTESIAN_POINT('',(-3.5,17.5,0.35));
#11413=CARTESIAN_POINT('',(3.5,17.5,0.35));
#11414=CARTESIAN_POINT('',(-3.5,17.5,0.35));
#11415=CARTESIAN_POINT('',(3.5,17.5,0.35));
#11416=CARTESIAN_POINT('Origin',(3.5,13.2,0.35));
#11417=CARTESIAN_POINT('',(3.5,13.2,0.35));
#11418=CARTESIAN_POINT('',(3.5,13.2,0.35));
#11419=CARTESIAN_POINT('',(3.5,13.2,0.35));
#11420=CARTESIAN_POINT('Origin',(-3.5,13.2,0.35));
#11421=CARTESIAN_POINT('',(-3.5,13.2,0.35));
#11422=CARTESIAN_POINT('',(-3.5,13.2,0.35));
#11423=CARTESIAN_POINT('',(-3.5,13.2,0.35));
#11424=CARTESIAN_POINT('Origin',(-3.5,17.5,0.35));
#11425=CARTESIAN_POINT('',(-3.5,17.5,0.35));
#11426=CARTESIAN_POINT('Origin',(0.,15.35,0.35));
#11427=CARTESIAN_POINT('',(0.,0.,0.));
#11428=CARTESIAN_POINT('Origin',(3.,17.1,5.44));
#11429=CARTESIAN_POINT('',(2.88,17.1,5.45));
#11430=CARTESIAN_POINT('Origin',(3.,17.1,5.45));
#11431=CARTESIAN_POINT('',(2.88,17.1,5.65));
#11432=CARTESIAN_POINT('',(2.88,17.1,5.44));
#11433=CARTESIAN_POINT('Origin',(3.,17.1,5.65));
#11434=CARTESIAN_POINT('Origin',(3.,13.6,5.44));
#11435=CARTESIAN_POINT('',(2.88,13.6,5.45));
#11436=CARTESIAN_POINT('Origin',(3.,13.6,5.45));
#11437=CARTESIAN_POINT('',(2.88,13.6,5.65));
#11438=CARTESIAN_POINT('',(2.88,13.6,5.44));
#11439=CARTESIAN_POINT('Origin',(3.,13.6,5.65));
#11440=CARTESIAN_POINT('Origin',(-3.,17.1,5.44));
#11441=CARTESIAN_POINT('',(-3.12,17.1,5.45));
#11442=CARTESIAN_POINT('Origin',(-3.,17.1,5.45));
#11443=CARTESIAN_POINT('',(-3.12,17.1,5.65));
#11444=CARTESIAN_POINT('',(-3.12,17.1,5.44));
#11445=CARTESIAN_POINT('Origin',(-3.,17.1,5.65));
#11446=CARTESIAN_POINT('Origin',(-3.,13.6,5.44));
#11447=CARTESIAN_POINT('',(-3.12,13.6,5.45));
#11448=CARTESIAN_POINT('Origin',(-3.,13.6,5.45));
#11449=CARTESIAN_POINT('',(-3.12,13.6,5.65));
#11450=CARTESIAN_POINT('',(-3.12,13.6,5.44));
#11451=CARTESIAN_POINT('Origin',(-3.,13.6,5.65));
#11452=CARTESIAN_POINT('Origin',(3.5,17.5,5.45));
#11453=CARTESIAN_POINT('',(3.5,17.5,5.45));
#11454=CARTESIAN_POINT('',(-3.5,17.5,5.45));
#11455=CARTESIAN_POINT('',(3.5,17.5,5.45));
#11456=CARTESIAN_POINT('',(-3.5,17.5,5.65));
#11457=CARTESIAN_POINT('',(-3.5,17.5,5.45));
#11458=CARTESIAN_POINT('',(3.5,17.5,5.65));
#11459=CARTESIAN_POINT('',(3.5,17.5,5.65));
#11460=CARTESIAN_POINT('',(3.5,17.5,5.45));
#11461=CARTESIAN_POINT('Origin',(3.5,13.2,5.45));
#11462=CARTESIAN_POINT('',(3.5,13.2,5.45));
#11463=CARTESIAN_POINT('',(3.5,13.2,5.45));
#11464=CARTESIAN_POINT('',(3.5,13.2,5.65));
#11465=CARTESIAN_POINT('',(3.5,13.2,5.65));
#11466=CARTESIAN_POINT('',(3.5,13.2,5.45));
#11467=CARTESIAN_POINT('Origin',(-3.5,13.2,5.45));
#11468=CARTESIAN_POINT('',(-3.5,13.2,5.45));
#11469=CARTESIAN_POINT('',(-3.5,13.2,5.45));
#11470=CARTESIAN_POINT('',(-3.5,13.2,5.65));
#11471=CARTESIAN_POINT('',(-3.5,13.2,5.65));
#11472=CARTESIAN_POINT('',(-3.5,13.2,5.45));
#11473=CARTESIAN_POINT('Origin',(-3.5,17.5,5.45));
#11474=CARTESIAN_POINT('',(-3.5,17.5,5.45));
#11475=CARTESIAN_POINT('',(-3.5,17.5,5.65));
#11476=CARTESIAN_POINT('Origin',(0.,15.35,5.65));
#11477=CARTESIAN_POINT('Origin',(0.,15.35,5.45));
#11478=CARTESIAN_POINT('',(0.,0.,0.));
#11479=CARTESIAN_POINT('Origin',(0.5,13.4,4.8));
#11480=CARTESIAN_POINT('',(0.5,13.4,4.8));
#11481=CARTESIAN_POINT('',(-0.5,13.4,4.8));
#11482=CARTESIAN_POINT('',(0.5,13.4,4.8));
#11483=CARTESIAN_POINT('',(-0.5,13.4,5.3));
#11484=CARTESIAN_POINT('',(-0.5,13.4,4.8));
#11485=CARTESIAN_POINT('',(0.5,13.4,5.3));
#11486=CARTESIAN_POINT('',(0.5,13.4,5.3));
#11487=CARTESIAN_POINT('',(0.5,13.4,4.8));
#11488=CARTESIAN_POINT('Origin',(0.5,13.2,4.8));
#11489=CARTESIAN_POINT('',(0.5,13.2,4.8));
#11490=CARTESIAN_POINT('',(0.5,13.2,4.8));
#11491=CARTESIAN_POINT('',(0.5,13.2,5.3));
#11492=CARTESIAN_POINT('',(0.5,13.2,5.3));
#11493=CARTESIAN_POINT('',(0.5,13.2,4.8));
#11494=CARTESIAN_POINT('Origin',(-0.5,13.2,4.8));
#11495=CARTESIAN_POINT('',(-0.5,13.2,4.8));
#11496=CARTESIAN_POINT('',(-0.5,13.2,4.8));
#11497=CARTESIAN_POINT('',(-0.5,13.2,5.3));
#11498=CARTESIAN_POINT('',(-0.5,13.2,5.3));
#11499=CARTESIAN_POINT('',(-0.5,13.2,4.8));
#11500=CARTESIAN_POINT('Origin',(-0.5,13.4,4.8));
#11501=CARTESIAN_POINT('',(-0.5,13.4,4.8));
#11502=CARTESIAN_POINT('',(-0.5,13.4,5.3));
#11503=CARTESIAN_POINT('Origin',(0.,13.3,5.3));
#11504=CARTESIAN_POINT('Origin',(0.,13.3,4.8));
#11505=CARTESIAN_POINT('',(0.,0.,0.));
#11506=CARTESIAN_POINT('Origin',(-5.35,15.35,1.2));
#11507=CARTESIAN_POINT('',(-5.35,15.35,1.45));
#11508=CARTESIAN_POINT('Origin',(-5.35,15.35,1.2));
#11509=CARTESIAN_POINT('',(-3.3,15.35,1.45));
#11510=CARTESIAN_POINT('',(-5.35,15.35,1.45));
#11511=CARTESIAN_POINT('Origin',(-3.3,15.35,1.2));
#11512=CARTESIAN_POINT('Origin',(-5.35,15.35,1.2));
#11513=CARTESIAN_POINT('',(-3.3,15.35,1.6));
#11514=CARTESIAN_POINT('Origin',(-3.3,15.35,1.2));
#11515=CARTESIAN_POINT('',(-5.35,15.35,1.6));
#11516=CARTESIAN_POINT('',(-5.35,15.35,1.6));
#11517=CARTESIAN_POINT('Origin',(-5.35,15.35,1.2));
#11518=CARTESIAN_POINT('Origin',(-3.3,15.35,1.2));
#11519=CARTESIAN_POINT('Origin',(-5.35,15.35,1.2));
#11520=CARTESIAN_POINT('Origin',(3.3,15.35,1.2));
#11521=CARTESIAN_POINT('',(3.3,15.35,1.45));
#11522=CARTESIAN_POINT('Origin',(3.3,15.35,1.2));
#11523=CARTESIAN_POINT('',(5.35,15.35,1.45));
#11524=CARTESIAN_POINT('',(3.3,15.35,1.45));
#11525=CARTESIAN_POINT('Origin',(5.35,15.35,1.2));
#11526=CARTESIAN_POINT('Origin',(3.3,15.35,1.2));
#11527=CARTESIAN_POINT('',(5.35,15.35,1.6));
#11528=CARTESIAN_POINT('Origin',(5.35,15.35,1.2));
#11529=CARTESIAN_POINT('',(3.3,15.35,1.6));
#11530=CARTESIAN_POINT('',(3.3,15.35,1.6));
#11531=CARTESIAN_POINT('Origin',(3.3,15.35,1.2));
#11532=CARTESIAN_POINT('Origin',(5.35,15.35,1.2));
#11533=CARTESIAN_POINT('Origin',(3.3,15.35,1.2));
#11534=CARTESIAN_POINT('',(0.,0.,0.));
#11535=CARTESIAN_POINT('Origin',(3.4705,12.701,0.33));
#11536=CARTESIAN_POINT('',(3.4705,12.701,0.33));
#11537=CARTESIAN_POINT('',(-3.4705,12.701,0.33));
#11538=CARTESIAN_POINT('',(3.4705,12.701,0.33));
#11539=CARTESIAN_POINT('',(-3.4705,12.701,1.71));
#11540=CARTESIAN_POINT('',(-3.4705,12.701,0.33));
#11541=CARTESIAN_POINT('',(3.4705,12.701,1.71));
#11542=CARTESIAN_POINT('',(3.4705,12.701,1.71));
#11543=CARTESIAN_POINT('',(3.4705,12.701,0.33));
#11544=CARTESIAN_POINT('Origin',(3.4705,1.,0.33));
#11545=CARTESIAN_POINT('',(3.4705,1.,0.33));
#11546=CARTESIAN_POINT('',(3.4705,1.,0.33));
#11547=CARTESIAN_POINT('',(3.4705,1.,1.71));
#11548=CARTESIAN_POINT('',(3.4705,1.,1.71));
#11549=CARTESIAN_POINT('',(3.4705,1.,0.33));
#11550=CARTESIAN_POINT('Origin',(-3.4705,1.,0.33));
#11551=CARTESIAN_POINT('',(-3.4705,1.,0.33));
#11552=CARTESIAN_POINT('',(-3.4705,1.,0.33));
#11553=CARTESIAN_POINT('',(-3.4705,1.,1.71));
#11554=CARTESIAN_POINT('',(-3.4705,1.,1.71));
#11555=CARTESIAN_POINT('',(-3.4705,1.,0.33));
#11556=CARTESIAN_POINT('Origin',(-3.4705,12.701,0.33));
#11557=CARTESIAN_POINT('',(-3.4705,12.701,0.33));
#11558=CARTESIAN_POINT('',(-3.4705,12.701,1.71));
#11559=CARTESIAN_POINT('Origin',(0.,6.8505,1.71));
#11560=CARTESIAN_POINT('Origin',(0.,6.8505,0.33));
#11561=CARTESIAN_POINT('',(0.,0.,0.));
#11562=CARTESIAN_POINT('Origin',(2.808,11.5305,0.32));
#11563=CARTESIAN_POINT('',(2.808,11.5305,0.32));
#11564=CARTESIAN_POINT('',(-2.808,11.5305,0.32));
#11565=CARTESIAN_POINT('',(2.808,11.5305,0.32));
#11566=CARTESIAN_POINT('',(-2.808,11.5305,0.33));
#11567=CARTESIAN_POINT('',(-2.808,11.5305,0.32));
#11568=CARTESIAN_POINT('',(2.808,11.5305,0.33));
#11569=CARTESIAN_POINT('',(2.808,11.5305,0.33));
#11570=CARTESIAN_POINT('',(2.808,11.5305,0.32));
#11571=CARTESIAN_POINT('Origin',(2.808,2.1705,0.32));
#11572=CARTESIAN_POINT('',(2.808,2.1705,0.32));
#11573=CARTESIAN_POINT('',(2.808,2.1705,0.32));
#11574=CARTESIAN_POINT('',(2.808,2.1705,0.33));
#11575=CARTESIAN_POINT('',(2.808,2.1705,0.33));
#11576=CARTESIAN_POINT('',(2.808,2.1705,0.32));
#11577=CARTESIAN_POINT('Origin',(-2.808,2.1705,0.32));
#11578=CARTESIAN_POINT('',(-2.808,2.1705,0.32));
#11579=CARTESIAN_POINT('',(-2.808,2.1705,0.32));
#11580=CARTESIAN_POINT('',(-2.808,2.1705,0.33));
#11581=CARTESIAN_POINT('',(-2.808,2.1705,0.33));
#11582=CARTESIAN_POINT('',(-2.808,2.1705,0.32));
#11583=CARTESIAN_POINT('Origin',(-2.808,11.5305,0.32));
#11584=CARTESIAN_POINT('',(-2.808,11.5305,0.32));
#11585=CARTESIAN_POINT('',(-2.808,11.5305,0.33));
#11586=CARTESIAN_POINT('Origin',(0.,6.8505,0.33));
#11587=CARTESIAN_POINT('Origin',(0.,6.8505,0.32));
#11588=CARTESIAN_POINT('',(0.,0.,0.));
#11589=CARTESIAN_POINT('Origin',(3.8,12.4,1.89));
#11590=CARTESIAN_POINT('',(3.63,12.4,1.9));
#11591=CARTESIAN_POINT('Origin',(3.8,12.4,1.9));
#11592=CARTESIAN_POINT('',(3.63,12.4,2.2));
#11593=CARTESIAN_POINT('',(3.63,12.4,1.89));
#11594=CARTESIAN_POINT('Origin',(3.8,12.4,2.2));
#11595=CARTESIAN_POINT('Origin',(4.1,12.1,1.9));
#11596=CARTESIAN_POINT('',(4.1,12.1,1.9));
#11597=CARTESIAN_POINT('',(4.1,12.7,1.9));
#11598=CARTESIAN_POINT('',(4.1,12.1,1.9));
#11599=CARTESIAN_POINT('',(4.1,12.7,2.2));
#11600=CARTESIAN_POINT('',(4.1,12.7,1.9));
#11601=CARTESIAN_POINT('',(4.1,12.1,2.2));
#11602=CARTESIAN_POINT('',(4.1,12.1,2.2));
#11603=CARTESIAN_POINT('',(4.1,12.1,1.9));
#11604=CARTESIAN_POINT('Origin',(3.2,12.1,1.9));
#11605=CARTESIAN_POINT('',(3.5,12.1,1.9));
#11606=CARTESIAN_POINT('',(3.5,12.1,2.2));
#11607=CARTESIAN_POINT('',(3.5,12.1,1.9));
#11608=CARTESIAN_POINT('',(3.2,12.1,1.9));
#11609=CARTESIAN_POINT('',(3.2,12.1,2.2));
#11610=CARTESIAN_POINT('Origin',(-3.35,6.85,1.9));
#11611=CARTESIAN_POINT('',(-4.1,12.7,1.9));
#11612=CARTESIAN_POINT('',(3.5,12.7,1.9));
#11613=CARTESIAN_POINT('',(3.5,2.3,1.9));
#11614=CARTESIAN_POINT('',(3.5,1.,1.9));
#11615=CARTESIAN_POINT('',(4.1,2.3,1.9));
#11616=CARTESIAN_POINT('',(4.1,2.3,1.9));
#11617=CARTESIAN_POINT('',(4.1,1.7,1.9));
#11618=CARTESIAN_POINT('',(4.1,1.7,1.9));
#11619=CARTESIAN_POINT('',(3.5,1.7,1.9));
#11620=CARTESIAN_POINT('',(3.2,1.7,1.9));
#11621=CARTESIAN_POINT('',(3.5,1.,1.9));
#11622=CARTESIAN_POINT('',(3.5,1.,1.9));
#11623=CARTESIAN_POINT('',(3.2,1.,1.9));
#11624=CARTESIAN_POINT('',(3.2,1.,1.9));
#11625=CARTESIAN_POINT('',(3.2,8.7,1.9));
#11626=CARTESIAN_POINT('',(3.2,12.7,1.9));
#11627=CARTESIAN_POINT('',(-3.2,8.7,1.9));
#11628=CARTESIAN_POINT('',(-3.5,8.7,1.9));
#11629=CARTESIAN_POINT('',(-3.2,1.,1.9));
#11630=CARTESIAN_POINT('',(-3.2,1.,1.9));
#11631=CARTESIAN_POINT('',(-3.5,1.,1.9));
#11632=CARTESIAN_POINT('',(-3.5,1.,1.9));
#11633=CARTESIAN_POINT('',(-3.5,1.7,1.9));
#11634=CARTESIAN_POINT('',(-3.5,12.7,1.9));
#11635=CARTESIAN_POINT('',(-4.1,1.7,1.9));
#11636=CARTESIAN_POINT('',(-4.1,1.7,1.9));
#11637=CARTESIAN_POINT('',(-4.1,2.3,1.9));
#11638=CARTESIAN_POINT('',(-4.1,2.3,1.9));
#11639=CARTESIAN_POINT('',(-3.5,2.3,1.9));
#11640=CARTESIAN_POINT('',(-3.2,2.3,1.9));
#11641=CARTESIAN_POINT('',(-3.5,12.1,1.9));
#11642=CARTESIAN_POINT('',(-3.5,12.7,1.9));
#11643=CARTESIAN_POINT('',(-4.1,12.1,1.9));
#11644=CARTESIAN_POINT('',(-4.1,12.1,1.9));
#11645=CARTESIAN_POINT('',(-4.1,12.7,1.9));
#11646=CARTESIAN_POINT('',(-3.2,12.4,1.9));
#11647=CARTESIAN_POINT('',(3.2,12.4,1.9));
#11648=CARTESIAN_POINT('',(-3.5,12.4,1.9));
#11649=CARTESIAN_POINT('',(-3.2,9.,1.9));
#11650=CARTESIAN_POINT('',(-3.2,1.,1.9));
#11651=CARTESIAN_POINT('',(3.2,9.,1.9));
#11652=CARTESIAN_POINT('',(3.5,9.,1.9));
#11653=CARTESIAN_POINT('',(3.2,12.7,1.9));
#11654=CARTESIAN_POINT('',(-3.97,2.,1.9));
#11655=CARTESIAN_POINT('Origin',(-3.8,2.,1.9));
#11656=CARTESIAN_POINT('',(-3.97,12.4,1.9));
#11657=CARTESIAN_POINT('Origin',(-3.8,12.4,1.9));
#11658=CARTESIAN_POINT('',(3.63,2.,1.9));
#11659=CARTESIAN_POINT('Origin',(3.8,2.,1.9));
#11660=CARTESIAN_POINT('Origin',(3.5,1.,1.9));
#11661=CARTESIAN_POINT('',(3.5,2.3,2.2));
#11662=CARTESIAN_POINT('',(3.5,1.,2.2));
#11663=CARTESIAN_POINT('',(3.5,2.3,1.9));
#11664=CARTESIAN_POINT('Origin',(3.8,2.,1.89));
#11665=CARTESIAN_POINT('',(3.63,2.,2.2));
#11666=CARTESIAN_POINT('',(3.63,2.,1.89));
#11667=CARTESIAN_POINT('Origin',(3.8,2.,2.2));
#11668=CARTESIAN_POINT('Origin',(4.1,2.3,1.9));
#11669=CARTESIAN_POINT('',(4.1,2.3,2.2));
#11670=CARTESIAN_POINT('',(4.1,2.3,2.2));
#11671=CARTESIAN_POINT('',(4.1,2.3,1.9));
#11672=CARTESIAN_POINT('Origin',(4.1,1.7,1.9));
#11673=CARTESIAN_POINT('',(4.1,1.7,2.2));
#11674=CARTESIAN_POINT('',(4.1,1.7,2.2));
#11675=CARTESIAN_POINT('',(4.1,1.7,1.9));
#11676=CARTESIAN_POINT('Origin',(3.2,1.7,1.9));
#11677=CARTESIAN_POINT('',(3.5,1.7,2.2));
#11678=CARTESIAN_POINT('',(3.5,1.7,1.9));
#11679=CARTESIAN_POINT('',(3.2,1.7,2.2));
#11680=CARTESIAN_POINT('Origin',(3.2,12.7,1.9));
#11681=CARTESIAN_POINT('',(3.2,8.7,2.2));
#11682=CARTESIAN_POINT('',(3.2,1.,2.2));
#11683=CARTESIAN_POINT('',(3.2,12.7,2.2));
#11684=CARTESIAN_POINT('',(3.2,8.7,1.9));
#11685=CARTESIAN_POINT('',(3.2,1.,1.9));
#11686=CARTESIAN_POINT('Origin',(3.5,1.,1.9));
#11687=CARTESIAN_POINT('',(3.5,1.,2.2));
#11688=CARTESIAN_POINT('',(3.5,1.,2.2));
#11689=CARTESIAN_POINT('',(3.5,1.,1.9));
#11690=CARTESIAN_POINT('Origin',(-3.8,12.4,1.89));
#11691=CARTESIAN_POINT('',(-3.97,12.4,2.2));
#11692=CARTESIAN_POINT('',(-3.97,12.4,1.89));
#11693=CARTESIAN_POINT('Origin',(-3.8,12.4,2.2));
#11694=CARTESIAN_POINT('Origin',(-4.1,12.1,1.9));
#11695=CARTESIAN_POINT('',(-3.5,12.1,2.2));
#11696=CARTESIAN_POINT('',(-3.5,12.1,1.9));
#11697=CARTESIAN_POINT('',(-4.1,12.1,2.2));
#11698=CARTESIAN_POINT('',(-4.1,12.1,2.2));
#11699=CARTESIAN_POINT('',(-4.1,12.1,1.9));
#11700=CARTESIAN_POINT('Origin',(-4.1,12.7,1.9));
#11701=CARTESIAN_POINT('',(-4.1,12.7,2.2));
#11702=CARTESIAN_POINT('',(-4.1,12.7,2.2));
#11703=CARTESIAN_POINT('',(-4.1,12.7,1.9));
#11704=CARTESIAN_POINT('Origin',(-3.2,1.,1.9));
#11705=CARTESIAN_POINT('',(-3.2,9.,2.2));
#11706=CARTESIAN_POINT('',(-3.2,12.4,2.2));
#11707=CARTESIAN_POINT('',(-3.2,1.,2.2));
#11708=CARTESIAN_POINT('',(-3.2,9.,1.9));
#11709=CARTESIAN_POINT('',(-3.2,12.4,1.9));
#11710=CARTESIAN_POINT('Origin',(-3.35,6.85,2.2));
#11711=CARTESIAN_POINT('',(3.5,12.7,2.2));
#11712=CARTESIAN_POINT('',(-3.5,2.3,2.2));
#11713=CARTESIAN_POINT('',(-3.5,12.7,2.2));
#11714=CARTESIAN_POINT('',(-4.1,2.3,2.2));
#11715=CARTESIAN_POINT('',(-3.2,2.3,2.2));
#11716=CARTESIAN_POINT('',(-4.1,1.7,2.2));
#11717=CARTESIAN_POINT('',(-4.1,2.3,2.2));
#11718=CARTESIAN_POINT('',(-3.5,1.7,2.2));
#11719=CARTESIAN_POINT('',(-4.1,1.7,2.2));
#11720=CARTESIAN_POINT('',(-3.5,1.,2.2));
#11721=CARTESIAN_POINT('',(-3.5,12.7,2.2));
#11722=CARTESIAN_POINT('',(-3.2,1.,2.2));
#11723=CARTESIAN_POINT('',(-3.5,1.,2.2));
#11724=CARTESIAN_POINT('',(-3.2,8.7,2.2));
#11725=CARTESIAN_POINT('',(-3.2,1.,2.2));
#11726=CARTESIAN_POINT('',(-3.5,8.7,2.2));
#11727=CARTESIAN_POINT('',(3.2,1.,2.2));
#11728=CARTESIAN_POINT('',(3.2,12.4,2.2));
#11729=CARTESIAN_POINT('',(3.2,9.,2.2));
#11730=CARTESIAN_POINT('',(3.2,12.7,2.2));
#11731=CARTESIAN_POINT('',(3.5,9.,2.2));
#11732=CARTESIAN_POINT('',(-3.5,12.4,2.2));
#11733=CARTESIAN_POINT('',(-3.97,2.,2.2));
#11734=CARTESIAN_POINT('Origin',(-3.8,2.,2.2));
#11735=CARTESIAN_POINT('Origin',(-3.8,2.,1.89));
#11736=CARTESIAN_POINT('',(-3.97,2.,1.89));
#11737=CARTESIAN_POINT('Origin',(-3.2,2.3,1.9));
#11738=CARTESIAN_POINT('',(-3.5,2.3,1.9));
#11739=CARTESIAN_POINT('',(-4.1,2.3,1.9));
#11740=CARTESIAN_POINT('Origin',(-4.1,1.7,1.9));
#11741=CARTESIAN_POINT('',(-3.5,1.7,1.9));
#11742=CARTESIAN_POINT('',(-4.1,1.7,1.9));
#11743=CARTESIAN_POINT('Origin',(-4.1,2.3,1.9));
#11744=CARTESIAN_POINT('Origin',(-3.5,12.7,1.9));
#11745=CARTESIAN_POINT('Origin',(-3.5,12.7,1.9));
#11746=CARTESIAN_POINT('',(-3.5,1.,1.9));
#11747=CARTESIAN_POINT('Origin',(3.5,9.,1.9));
#11748=CARTESIAN_POINT('',(3.2,9.,1.9));
#11749=CARTESIAN_POINT('Origin',(-3.5,8.7,1.9));
#11750=CARTESIAN_POINT('',(-3.2,8.7,1.9));
#11751=CARTESIAN_POINT('Origin',(-3.2,1.,1.9));
#11752=CARTESIAN_POINT('',(-3.2,1.,1.9));
#11753=CARTESIAN_POINT('Origin',(-3.5,12.4,1.9));
#11754=CARTESIAN_POINT('',(3.2,12.4,1.9));
#11755=CARTESIAN_POINT('Origin',(3.2,1.,1.9));
#11756=CARTESIAN_POINT('Origin',(3.2,12.7,1.9));
#11757=CARTESIAN_POINT('Origin',(-3.2,12.7,1.9));
#11758=CARTESIAN_POINT('Origin',(-3.5,1.,1.9));
#11759=CARTESIAN_POINT('',(0.,0.,0.));
#11760=CARTESIAN_POINT('Origin',(3.2,12.2,2.3));
#11761=CARTESIAN_POINT('',(3.2,12.2,2.3));
#11762=CARTESIAN_POINT('',(-3.2,12.2,2.3));
#11763=CARTESIAN_POINT('',(3.2,12.2,2.3));
#11764=CARTESIAN_POINT('',(-3.2,12.2,2.46));
#11765=CARTESIAN_POINT('',(-3.2,12.2,2.3));
#11766=CARTESIAN_POINT('',(3.2,12.2,2.46));
#11767=CARTESIAN_POINT('',(3.2,12.2,2.46));
#11768=CARTESIAN_POINT('',(3.2,12.2,2.3));
#11769=CARTESIAN_POINT('Origin',(3.2,1.4,2.3));
#11770=CARTESIAN_POINT('',(3.2,1.4,2.3));
#11771=CARTESIAN_POINT('',(3.2,1.4,2.3));
#11772=CARTESIAN_POINT('',(3.2,1.4,2.46));
#11773=CARTESIAN_POINT('',(3.2,1.4,2.46));
#11774=CARTESIAN_POINT('',(3.2,1.4,2.3));
#11775=CARTESIAN_POINT('Origin',(-3.2,1.4,2.3));
#11776=CARTESIAN_POINT('',(-3.2,1.4,2.3));
#11777=CARTESIAN_POINT('',(-3.2,1.4,2.3));
#11778=CARTESIAN_POINT('',(-3.2,1.4,2.46));
#11779=CARTESIAN_POINT('',(-3.2,1.4,2.46));
#11780=CARTESIAN_POINT('',(-3.2,1.4,2.3));
#11781=CARTESIAN_POINT('Origin',(-3.2,12.2,2.3));
#11782=CARTESIAN_POINT('',(-3.2,12.2,2.3));
#11783=CARTESIAN_POINT('',(-3.2,12.2,2.46));
#11784=CARTESIAN_POINT('Origin',(0.,6.8,2.46));
#11785=CARTESIAN_POINT('Origin',(0.,6.8,2.3));
#11786=CARTESIAN_POINT('Origin',(2.7,8.4,1.85));
#11787=CARTESIAN_POINT('',(2.7,8.4,1.85));
#11788=CARTESIAN_POINT('',(-2.7,8.4,1.85));
#11789=CARTESIAN_POINT('',(2.7,8.4,1.85));
#11790=CARTESIAN_POINT('',(-2.7,8.4,2.3));
#11791=CARTESIAN_POINT('',(-2.7,8.4,1.85));
#11792=CARTESIAN_POINT('',(2.7,8.4,2.3));
#11793=CARTESIAN_POINT('',(2.7,8.4,2.3));
#11794=CARTESIAN_POINT('',(2.7,8.4,1.85));
#11795=CARTESIAN_POINT('Origin',(2.7,1.8,1.85));
#11796=CARTESIAN_POINT('',(2.7,1.8,1.85));
#11797=CARTESIAN_POINT('',(2.7,1.8,1.85));
#11798=CARTESIAN_POINT('',(2.7,1.8,2.3));
#11799=CARTESIAN_POINT('',(2.7,1.8,2.3));
#11800=CARTESIAN_POINT('',(2.7,1.8,1.85));
#11801=CARTESIAN_POINT('Origin',(-2.7,1.8,1.85));
#11802=CARTESIAN_POINT('',(-2.7,1.8,1.85));
#11803=CARTESIAN_POINT('',(-2.7,1.8,1.85));
#11804=CARTESIAN_POINT('',(-2.7,1.8,2.3));
#11805=CARTESIAN_POINT('',(-2.7,1.8,2.3));
#11806=CARTESIAN_POINT('',(-2.7,1.8,1.85));
#11807=CARTESIAN_POINT('Origin',(-2.7,8.4,1.85));
#11808=CARTESIAN_POINT('',(-2.7,8.4,1.85));
#11809=CARTESIAN_POINT('',(-2.7,8.4,2.3));
#11810=CARTESIAN_POINT('Origin',(0.,5.1,2.3));
#11811=CARTESIAN_POINT('Origin',(0.,5.1,1.85));
#11812=CARTESIAN_POINT('Origin',(2.7,12.1,1.85));
#11813=CARTESIAN_POINT('',(2.7,12.1,1.85));
#11814=CARTESIAN_POINT('',(-2.7,12.1,1.85));
#11815=CARTESIAN_POINT('',(2.7,12.1,1.85));
#11816=CARTESIAN_POINT('',(-2.7,12.1,2.3));
#11817=CARTESIAN_POINT('',(-2.7,12.1,1.85));
#11818=CARTESIAN_POINT('',(2.7,12.1,2.3));
#11819=CARTESIAN_POINT('',(2.7,12.1,2.3));
#11820=CARTESIAN_POINT('',(2.7,12.1,1.85));
#11821=CARTESIAN_POINT('Origin',(2.7,9.3,1.85));
#11822=CARTESIAN_POINT('',(2.7,9.3,1.85));
#11823=CARTESIAN_POINT('',(2.7,9.3,1.85));
#11824=CARTESIAN_POINT('',(2.7,9.3,2.3));
#11825=CARTESIAN_POINT('',(2.7,9.3,2.3));
#11826=CARTESIAN_POINT('',(2.7,9.3,1.85));
#11827=CARTESIAN_POINT('Origin',(-2.7,9.3,1.85));
#11828=CARTESIAN_POINT('',(-2.7,9.3,1.85));
#11829=CARTESIAN_POINT('',(-2.7,9.3,1.85));
#11830=CARTESIAN_POINT('',(-2.7,9.3,2.3));
#11831=CARTESIAN_POINT('',(-2.7,9.3,2.3));
#11832=CARTESIAN_POINT('',(-2.7,9.3,1.85));
#11833=CARTESIAN_POINT('Origin',(-2.7,12.1,1.85));
#11834=CARTESIAN_POINT('',(-2.7,12.1,1.85));
#11835=CARTESIAN_POINT('',(-2.7,12.1,2.3));
#11836=CARTESIAN_POINT('Origin',(0.,10.7,2.3));
#11837=CARTESIAN_POINT('Origin',(0.,10.7,1.85));
#11838=CARTESIAN_POINT('',(0.,0.,0.));
#11839=CARTESIAN_POINT('Origin',(-2.,1.6,2.9));
#11840=CARTESIAN_POINT('',(2.,1.6,5.5));
#11841=CARTESIAN_POINT('',(-2.,1.6,5.5));
#11842=CARTESIAN_POINT('',(-1.,1.6,5.5));
#11843=CARTESIAN_POINT('',(2.,1.6,2.9));
#11844=CARTESIAN_POINT('',(2.,1.6,2.9));
#11845=CARTESIAN_POINT('',(-2.,1.6,2.9));
#11846=CARTESIAN_POINT('',(-2.,1.6,2.9));
#11847=CARTESIAN_POINT('',(-2.,1.6,2.9));
#11848=CARTESIAN_POINT('Origin',(-2.,8.4,2.9));
#11849=CARTESIAN_POINT('',(-2.,8.4,5.5));
#11850=CARTESIAN_POINT('',(-2.,6.7,5.5));
#11851=CARTESIAN_POINT('',(-2.,8.4,2.9));
#11852=CARTESIAN_POINT('',(-2.,8.4,2.9));
#11853=CARTESIAN_POINT('',(-2.,8.4,2.9));
#11854=CARTESIAN_POINT('Origin',(2.,8.4,2.9));
#11855=CARTESIAN_POINT('',(2.,8.4,5.5));
#11856=CARTESIAN_POINT('',(1.,8.4,5.5));
#11857=CARTESIAN_POINT('',(2.,8.4,2.9));
#11858=CARTESIAN_POINT('',(2.,8.4,2.9));
#11859=CARTESIAN_POINT('',(2.,8.4,2.9));
#11860=CARTESIAN_POINT('Origin',(2.,1.6,2.9));
#11861=CARTESIAN_POINT('',(2.,3.3,5.5));
#11862=CARTESIAN_POINT('',(2.,1.6,2.9));
#11863=CARTESIAN_POINT('Origin',(0.,5.,2.9));
#11864=CARTESIAN_POINT('Origin',(2.2,8.8,2.7));
#11865=CARTESIAN_POINT('',(2.2,8.8,2.7));
#11866=CARTESIAN_POINT('',(-2.2,8.8,2.7));
#11867=CARTESIAN_POINT('',(2.2,8.8,2.7));
#11868=CARTESIAN_POINT('',(-2.2,8.8,5.5));
#11869=CARTESIAN_POINT('',(-2.2,8.8,2.7));
#11870=CARTESIAN_POINT('',(2.2,8.8,5.5));
#11871=CARTESIAN_POINT('',(2.2,8.8,5.5));
#11872=CARTESIAN_POINT('',(2.2,8.8,2.7));
#11873=CARTESIAN_POINT('Origin',(2.2,1.2,2.7));
#11874=CARTESIAN_POINT('',(2.2,1.2,2.7));
#11875=CARTESIAN_POINT('',(2.2,1.2,2.7));
#11876=CARTESIAN_POINT('',(2.2,1.2,5.5));
#11877=CARTESIAN_POINT('',(2.2,1.2,5.5));
#11878=CARTESIAN_POINT('',(2.2,1.2,2.7));
#11879=CARTESIAN_POINT('Origin',(-2.2,1.2,2.7));
#11880=CARTESIAN_POINT('',(-2.2,1.2,2.7));
#11881=CARTESIAN_POINT('',(-2.2,1.2,2.7));
#11882=CARTESIAN_POINT('',(-2.2,1.2,5.5));
#11883=CARTESIAN_POINT('',(-2.2,1.2,5.5));
#11884=CARTESIAN_POINT('',(-2.2,1.2,2.7));
#11885=CARTESIAN_POINT('Origin',(-2.2,8.8,2.7));
#11886=CARTESIAN_POINT('',(-2.2,8.8,2.7));
#11887=CARTESIAN_POINT('',(-2.2,8.8,5.5));
#11888=CARTESIAN_POINT('Origin',(0.,5.,5.5));
#11889=CARTESIAN_POINT('Origin',(0.,5.,2.7));
#11890=CARTESIAN_POINT('',(0.,0.,0.));
#11891=CARTESIAN_POINT('Origin',(-1.,1.7,3.9));
#11892=CARTESIAN_POINT('',(-1.93,8.25,3.9));
#11893=CARTESIAN_POINT('Origin',(-1.,8.25,3.9));
#11894=CARTESIAN_POINT('',(-1.93,1.7,3.9));
#11895=CARTESIAN_POINT('',(-1.93,1.7,3.9));
#11896=CARTESIAN_POINT('Origin',(-1.,1.7,3.9));
#11897=CARTESIAN_POINT('Origin',(-1.,8.25,3.9));
#11898=CARTESIAN_POINT('Origin',(-1.,1.7,3.9));
#11899=CARTESIAN_POINT('Origin',(1.,1.7,3.9));
#11900=CARTESIAN_POINT('',(0.0699999999999998,8.25,3.9));
#11901=CARTESIAN_POINT('Origin',(1.,8.25,3.9));
#11902=CARTESIAN_POINT('',(0.0699999999999998,1.7,3.9));
#11903=CARTESIAN_POINT('',(0.0699999999999998,1.7,3.9));
#11904=CARTESIAN_POINT('Origin',(1.,1.7,3.9));
#11905=CARTESIAN_POINT('Origin',(1.,8.25,3.9));
#11906=CARTESIAN_POINT('Origin',(1.,1.7,3.9));
#11907=CARTESIAN_POINT('',(0.,0.,0.));
#11908=CARTESIAN_POINT('Origin',(3.3,4.,3.8));
#11909=CARTESIAN_POINT('',(3.3,4.,3.8));
#11910=CARTESIAN_POINT('',(2.3,4.,3.8));
#11911=CARTESIAN_POINT('',(3.3,4.,3.8));
#11912=CARTESIAN_POINT('',(2.3,4.,5.2));
#11913=CARTESIAN_POINT('',(2.3,4.,3.8));
#11914=CARTESIAN_POINT('',(3.3,4.,5.2));
#11915=CARTESIAN_POINT('',(3.3,4.,5.2));
#11916=CARTESIAN_POINT('',(3.3,4.,3.8));
#11917=CARTESIAN_POINT('Origin',(3.3,1.8,3.8));
#11918=CARTESIAN_POINT('',(3.3,1.8,3.8));
#11919=CARTESIAN_POINT('',(3.3,1.8,3.8));
#11920=CARTESIAN_POINT('',(3.3,1.8,5.2));
#11921=CARTESIAN_POINT('',(3.3,1.8,5.2));
#11922=CARTESIAN_POINT('',(3.3,1.8,3.8));
#11923=CARTESIAN_POINT('Origin',(2.3,1.8,3.8));
#11924=CARTESIAN_POINT('',(2.3,1.8,3.8));
#11925=CARTESIAN_POINT('',(2.3,1.8,3.8));
#11926=CARTESIAN_POINT('',(2.3,1.8,5.2));
#11927=CARTESIAN_POINT('',(2.3,1.8,5.2));
#11928=CARTESIAN_POINT('',(2.3,1.8,3.8));
#11929=CARTESIAN_POINT('Origin',(2.3,4.,3.8));
#11930=CARTESIAN_POINT('',(2.3,4.,3.8));
#11931=CARTESIAN_POINT('',(2.3,4.,5.2));
#11932=CARTESIAN_POINT('Origin',(2.8,2.9,5.2));
#11933=CARTESIAN_POINT('Origin',(2.8,2.9,3.8));
#11934=CARTESIAN_POINT('',(0.,0.,0.));
#11935=CARTESIAN_POINT('Origin',(4.25,7.6,3.17));
#11936=CARTESIAN_POINT('',(4.25,7.6,3.17));
#11937=CARTESIAN_POINT('',(2.9,7.6,3.17));
#11938=CARTESIAN_POINT('',(4.25,7.6,3.17));
#11939=CARTESIAN_POINT('',(2.9,7.6,3.37));
#11940=CARTESIAN_POINT('',(2.9,7.6,3.17));
#11941=CARTESIAN_POINT('',(4.25,7.6,3.37));
#11942=CARTESIAN_POINT('',(4.25,7.6,3.37));
#11943=CARTESIAN_POINT('',(4.25,7.6,3.285));
#11944=CARTESIAN_POINT('Origin',(2.9,7.4,3.17));
#11945=CARTESIAN_POINT('',(2.9,7.4,3.17));
#11946=CARTESIAN_POINT('',(4.25,7.4,3.17));
#11947=CARTESIAN_POINT('',(2.9,7.4,3.17));
#11948=CARTESIAN_POINT('',(4.25,7.4,3.37));
#11949=CARTESIAN_POINT('',(4.25,7.4,3.285));
#11950=CARTESIAN_POINT('',(2.9,7.4,3.37));
#11951=CARTESIAN_POINT('',(2.9,7.4,3.37));
#11952=CARTESIAN_POINT('',(2.9,7.4,3.17));
#11953=CARTESIAN_POINT('Origin',(2.9,7.6,3.17));
#11954=CARTESIAN_POINT('',(2.9,7.6,3.17));
#11955=CARTESIAN_POINT('',(2.9,7.6,3.37));
#11956=CARTESIAN_POINT('Origin',(3.575,7.5,3.37));
#11957=CARTESIAN_POINT('',(4.25,7.15,3.37));
#11958=CARTESIAN_POINT('Origin',(3.575,7.5,3.17));
#11959=CARTESIAN_POINT('',(4.25,7.15,3.17));
#11960=CARTESIAN_POINT('Origin',(4.25,6.2,3.17));
#11961=CARTESIAN_POINT('',(4.25,6.2,3.17));
#11962=CARTESIAN_POINT('',(2.9,6.2,3.17));
#11963=CARTESIAN_POINT('',(4.25,6.2,3.17));
#11964=CARTESIAN_POINT('',(2.9,6.2,3.37));
#11965=CARTESIAN_POINT('',(2.9,6.2,3.17));
#11966=CARTESIAN_POINT('',(4.25,6.2,3.37));
#11967=CARTESIAN_POINT('',(4.25,6.2,3.37));
#11968=CARTESIAN_POINT('',(4.25,6.2,3.285));
#11969=CARTESIAN_POINT('Origin',(2.9,6.,3.17));
#11970=CARTESIAN_POINT('',(2.9,6.,3.17));
#11971=CARTESIAN_POINT('',(4.25,6.,3.17));
#11972=CARTESIAN_POINT('',(2.9,6.,3.17));
#11973=CARTESIAN_POINT('',(4.25,6.,3.37));
#11974=CARTESIAN_POINT('',(4.25,6.,3.285));
#11975=CARTESIAN_POINT('',(2.9,6.,3.37));
#11976=CARTESIAN_POINT('',(2.9,6.,3.37));
#11977=CARTESIAN_POINT('',(2.9,6.,3.17));
#11978=CARTESIAN_POINT('Origin',(2.9,6.2,3.17));
#11979=CARTESIAN_POINT('',(2.9,6.2,3.17));
#11980=CARTESIAN_POINT('',(2.9,6.2,3.37));
#11981=CARTESIAN_POINT('Origin',(3.575,6.1,3.37));
#11982=CARTESIAN_POINT('',(4.25,6.45,3.37));
#11983=CARTESIAN_POINT('Origin',(3.575,6.1,3.17));
#11984=CARTESIAN_POINT('',(4.25,6.45,3.17));
#11985=CARTESIAN_POINT('Origin',(4.45,6.8,3.4));
#11986=CARTESIAN_POINT('',(4.45,8.,4.4));
#11987=CARTESIAN_POINT('',(4.45,5.6,4.4));
#11988=CARTESIAN_POINT('',(4.45,8.,4.4));
#11989=CARTESIAN_POINT('',(4.45,5.6,2.4));
#11990=CARTESIAN_POINT('',(4.45,5.6,4.4));
#11991=CARTESIAN_POINT('',(4.45,8.,2.4));
#11992=CARTESIAN_POINT('',(4.45,5.6,2.4));
#11993=CARTESIAN_POINT('',(4.45,8.,2.4));
#11994=CARTESIAN_POINT('',(4.45,7.775,2.625));
#11995=CARTESIAN_POINT('',(4.45,7.775,4.175));
#11996=CARTESIAN_POINT('',(4.45,7.775,2.625));
#11997=CARTESIAN_POINT('',(4.45,5.825,2.625));
#11998=CARTESIAN_POINT('',(4.45,5.825,2.625));
#11999=CARTESIAN_POINT('',(4.45,5.825,4.175));
#12000=CARTESIAN_POINT('',(4.45,5.825,4.175));
#12001=CARTESIAN_POINT('',(4.45,7.775,4.175));
#12002=CARTESIAN_POINT('Origin',(4.25,8.,2.4));
#12003=CARTESIAN_POINT('',(4.25,8.,2.4));
#12004=CARTESIAN_POINT('',(4.25,8.,4.4));
#12005=CARTESIAN_POINT('',(4.25,8.,2.4));
#12006=CARTESIAN_POINT('',(4.25,8.,4.4));
#12007=CARTESIAN_POINT('',(4.25,8.,2.4));
#12008=CARTESIAN_POINT('Origin',(4.25,5.6,2.4));
#12009=CARTESIAN_POINT('',(4.25,5.6,2.4));
#12010=CARTESIAN_POINT('',(4.25,5.6,2.4));
#12011=CARTESIAN_POINT('',(4.25,5.6,2.4));
#12012=CARTESIAN_POINT('Origin',(4.25,5.6,4.4));
#12013=CARTESIAN_POINT('',(4.25,5.6,4.4));
#12014=CARTESIAN_POINT('',(4.25,5.6,4.4));
#12015=CARTESIAN_POINT('',(4.25,5.6,4.4));
#12016=CARTESIAN_POINT('Origin',(4.25,8.,4.4));
#12017=CARTESIAN_POINT('',(4.25,8.,4.4));
#12018=CARTESIAN_POINT('Origin',(4.25,6.8,3.4));
#12019=CARTESIAN_POINT('',(4.25,7.282,3.207));
#12020=CARTESIAN_POINT('',(4.25,7.282,3.593));
#12021=CARTESIAN_POINT('',(4.25,7.282,3.3035));
#12022=CARTESIAN_POINT('',(4.25,6.318,3.593));
#12023=CARTESIAN_POINT('',(4.25,7.041,3.593));
#12024=CARTESIAN_POINT('',(4.25,6.318,3.207));
#12025=CARTESIAN_POINT('',(4.25,6.318,3.4965));
#12026=CARTESIAN_POINT('',(4.25,6.559,3.207));
#12027=CARTESIAN_POINT('Origin',(4.24,6.318,3.593));
#12028=CARTESIAN_POINT('',(4.75,6.318,3.207));
#12029=CARTESIAN_POINT('',(4.75,6.318,3.593));
#12030=CARTESIAN_POINT('',(4.75,6.318,3.4965));
#12031=CARTESIAN_POINT('',(4.24,6.318,3.207));
#12032=CARTESIAN_POINT('',(4.24,6.318,3.593));
#12033=CARTESIAN_POINT('Origin',(4.24,7.282,3.593));
#12034=CARTESIAN_POINT('',(4.75,7.282,3.593));
#12035=CARTESIAN_POINT('',(4.75,7.041,3.593));
#12036=CARTESIAN_POINT('',(4.24,7.282,3.593));
#12037=CARTESIAN_POINT('Origin',(4.24,7.282,3.207));
#12038=CARTESIAN_POINT('',(4.75,7.282,3.207));
#12039=CARTESIAN_POINT('',(4.75,7.282,3.3035));
#12040=CARTESIAN_POINT('',(4.24,7.282,3.207));
#12041=CARTESIAN_POINT('Origin',(4.24,6.318,3.207));
#12042=CARTESIAN_POINT('',(4.75,6.559,3.207));
#12043=CARTESIAN_POINT('Origin',(4.45,7.775,2.625));
#12044=CARTESIAN_POINT('',(4.75,7.775,4.175));
#12045=CARTESIAN_POINT('',(4.45,7.775,4.175));
#12046=CARTESIAN_POINT('',(4.75,7.775,2.625));
#12047=CARTESIAN_POINT('',(4.75,7.775,2.625));
#12048=CARTESIAN_POINT('',(4.45,7.775,2.625));
#12049=CARTESIAN_POINT('Origin',(4.45,5.825,2.625));
#12050=CARTESIAN_POINT('',(4.75,5.825,2.625));
#12051=CARTESIAN_POINT('',(4.75,5.825,2.625));
#12052=CARTESIAN_POINT('',(4.45,5.825,2.625));
#12053=CARTESIAN_POINT('Origin',(4.45,5.825,4.175));
#12054=CARTESIAN_POINT('',(4.75,5.825,4.175));
#12055=CARTESIAN_POINT('',(4.75,5.825,4.175));
#12056=CARTESIAN_POINT('',(4.45,5.825,4.175));
#12057=CARTESIAN_POINT('Origin',(4.45,7.775,4.175));
#12058=CARTESIAN_POINT('',(4.75,7.775,4.175));
#12059=CARTESIAN_POINT('Origin',(4.75,6.8,3.4));
#12060=CARTESIAN_POINT('',(0.,0.,0.));
#12061=CARTESIAN_POINT('Origin',(4.19,7.26,3.36));
#12062=CARTESIAN_POINT('',(3.39,7.26,3.43));
#12063=CARTESIAN_POINT('',(4.1,7.26,3.43));
#12064=CARTESIAN_POINT('',(3.845,7.26,3.43));
#12065=CARTESIAN_POINT('',(3.39,7.26,3.37));
#12066=CARTESIAN_POINT('',(3.39,7.26,3.36));
#12067=CARTESIAN_POINT('',(4.1,7.26,3.37));
#12068=CARTESIAN_POINT('',(3.845,7.26,3.37));
#12069=CARTESIAN_POINT('',(4.1,7.26,3.365));
#12070=CARTESIAN_POINT('Origin',(3.39,6.34,3.36));
#12071=CARTESIAN_POINT('',(4.1,6.34,3.43));
#12072=CARTESIAN_POINT('',(3.39,6.34,3.43));
#12073=CARTESIAN_POINT('',(3.445,6.34,3.43));
#12074=CARTESIAN_POINT('',(4.1,6.34,3.37));
#12075=CARTESIAN_POINT('',(4.1,6.34,3.365));
#12076=CARTESIAN_POINT('',(3.39,6.34,3.37));
#12077=CARTESIAN_POINT('',(3.445,6.34,3.37));
#12078=CARTESIAN_POINT('',(3.39,6.34,3.36));
#12079=CARTESIAN_POINT('Origin',(3.39,7.26,3.36));
#12080=CARTESIAN_POINT('',(3.39,7.03,3.43));
#12081=CARTESIAN_POINT('',(3.39,7.03,3.37));
#12082=CARTESIAN_POINT('Origin',(3.5,6.8,3.37));
#12083=CARTESIAN_POINT('',(4.1,6.,3.37));
#12084=CARTESIAN_POINT('',(4.1,6.,3.37));
#12085=CARTESIAN_POINT('',(2.9,6.,3.37));
#12086=CARTESIAN_POINT('',(2.9,6.,3.37));
#12087=CARTESIAN_POINT('',(2.9,7.6,3.37));
#12088=CARTESIAN_POINT('',(2.9,7.6,3.37));
#12089=CARTESIAN_POINT('',(4.1,7.6,3.37));
#12090=CARTESIAN_POINT('',(4.1,7.6,3.37));
#12091=CARTESIAN_POINT('',(4.1,6.,3.37));
#12092=CARTESIAN_POINT('Origin',(4.1,6.,3.37));
#12093=CARTESIAN_POINT('',(4.1,6.,3.43));
#12094=CARTESIAN_POINT('',(4.1,6.,3.43));
#12095=CARTESIAN_POINT('',(4.1,6.,3.37));
#12096=CARTESIAN_POINT('Origin',(4.1,6.,3.37));
#12097=CARTESIAN_POINT('',(4.1,7.6,3.43));
#12098=CARTESIAN_POINT('',(4.1,7.6,3.37));
#12099=CARTESIAN_POINT('',(4.1,6.,3.43));
#12100=CARTESIAN_POINT('Origin',(4.1,7.6,3.37));
#12101=CARTESIAN_POINT('',(2.9,7.6,3.43));
#12102=CARTESIAN_POINT('',(2.9,7.6,3.37));
#12103=CARTESIAN_POINT('',(4.1,7.6,3.43));
#12104=CARTESIAN_POINT('Origin',(2.9,6.,3.37));
#12105=CARTESIAN_POINT('',(2.9,6.,3.43));
#12106=CARTESIAN_POINT('',(2.9,6.,3.43));
#12107=CARTESIAN_POINT('',(2.9,6.,3.37));
#12108=CARTESIAN_POINT('Origin',(2.9,7.6,3.37));
#12109=CARTESIAN_POINT('',(2.9,7.6,3.43));
#12110=CARTESIAN_POINT('Origin',(3.5,6.8,3.43));
#12111=CARTESIAN_POINT('Origin',(4.75,7.25,3.25));
#12112=CARTESIAN_POINT('',(4.75,7.25,3.25));
#12113=CARTESIAN_POINT('',(3.4,7.25,3.25));
#12114=CARTESIAN_POINT('',(4.75,7.25,3.25));
#12115=CARTESIAN_POINT('',(3.4,7.25,3.55));
#12116=CARTESIAN_POINT('',(3.4,7.25,3.25));
#12117=CARTESIAN_POINT('',(4.75,7.25,3.55));
#12118=CARTESIAN_POINT('',(4.75,7.25,3.55));
#12119=CARTESIAN_POINT('',(4.75,7.25,3.25));
#12120=CARTESIAN_POINT('Origin',(4.75,6.35,3.25));
#12121=CARTESIAN_POINT('',(4.75,6.35,3.25));
#12122=CARTESIAN_POINT('',(4.75,6.35,3.25));
#12123=CARTESIAN_POINT('',(4.75,6.35,3.55));
#12124=CARTESIAN_POINT('',(4.75,6.35,3.55));
#12125=CARTESIAN_POINT('',(4.75,6.35,3.25));
#12126=CARTESIAN_POINT('Origin',(3.4,6.35,3.25));
#12127=CARTESIAN_POINT('',(3.4,6.35,3.25));
#12128=CARTESIAN_POINT('',(3.4,6.35,3.25));
#12129=CARTESIAN_POINT('',(3.4,6.35,3.55));
#12130=CARTESIAN_POINT('',(3.4,6.35,3.55));
#12131=CARTESIAN_POINT('',(3.4,6.35,3.25));
#12132=CARTESIAN_POINT('Origin',(3.4,7.25,3.25));
#12133=CARTESIAN_POINT('',(3.4,7.25,3.25));
#12134=CARTESIAN_POINT('',(3.4,7.25,3.55));
#12135=CARTESIAN_POINT('Origin',(4.075,6.8,3.55));
#12136=CARTESIAN_POINT('Origin',(4.075,6.8,3.25));
#12137=CARTESIAN_POINT('',(0.,0.,0.));
#12138=CARTESIAN_POINT('Origin',(-4.75,10.2,4.2));
#12139=CARTESIAN_POINT('',(-2.95,10.2,4.78));
#12140=CARTESIAN_POINT('Origin',(-2.95,10.2,4.2));
#12141=CARTESIAN_POINT('',(-4.75,10.2,4.78));
#12142=CARTESIAN_POINT('',(-4.75,10.2,4.78));
#12143=CARTESIAN_POINT('Origin',(-4.75,10.2,4.2));
#12144=CARTESIAN_POINT('Origin',(-2.95,10.2,4.2));
#12145=CARTESIAN_POINT('Origin',(-4.75,10.2,4.2));
#12146=CARTESIAN_POINT('Origin',(-4.9,10.2,4.2));
#12147=CARTESIAN_POINT('',(-4.75,10.2,4.9));
#12148=CARTESIAN_POINT('Origin',(-4.75,10.2,4.2));
#12149=CARTESIAN_POINT('',(-4.9,10.2,4.9));
#12150=CARTESIAN_POINT('',(-4.9,10.2,4.9));
#12151=CARTESIAN_POINT('Origin',(-4.9,10.2,4.2));
#12152=CARTESIAN_POINT('Origin',(-4.75,10.2,4.2));
#12153=CARTESIAN_POINT('Origin',(-4.9,10.2,4.2));
#12154=CARTESIAN_POINT('Origin',(-2.95,10.8,3.6));
#12155=CARTESIAN_POINT('',(-2.95,10.8,3.6));
#12156=CARTESIAN_POINT('',(-2.95,10.8,4.8));
#12157=CARTESIAN_POINT('',(-2.95,10.8,3.6));
#12158=CARTESIAN_POINT('',(-2.25,10.8,4.8));
#12159=CARTESIAN_POINT('',(-2.95,10.8,4.8));
#12160=CARTESIAN_POINT('',(-2.25,10.8,3.6));
#12161=CARTESIAN_POINT('',(-2.25,10.8,3.6));
#12162=CARTESIAN_POINT('',(-2.95,10.8,3.6));
#12163=CARTESIAN_POINT('Origin',(-2.95,9.6,3.6));
#12164=CARTESIAN_POINT('',(-2.95,9.6,3.6));
#12165=CARTESIAN_POINT('',(-2.95,9.6,3.6));
#12166=CARTESIAN_POINT('',(-2.25,9.6,3.6));
#12167=CARTESIAN_POINT('',(-2.25,9.6,3.6));
#12168=CARTESIAN_POINT('',(-2.95,9.6,3.6));
#12169=CARTESIAN_POINT('Origin',(-2.95,9.6,4.8));
#12170=CARTESIAN_POINT('',(-2.95,9.6,4.8));
#12171=CARTESIAN_POINT('',(-2.95,9.6,4.8));
#12172=CARTESIAN_POINT('',(-2.25,9.6,4.8));
#12173=CARTESIAN_POINT('',(-2.25,9.6,4.8));
#12174=CARTESIAN_POINT('',(-2.95,9.6,4.8));
#12175=CARTESIAN_POINT('Origin',(-2.95,10.8,4.8));
#12176=CARTESIAN_POINT('',(-2.95,10.8,4.8));
#12177=CARTESIAN_POINT('',(-2.25,10.8,4.8));
#12178=CARTESIAN_POINT('Origin',(-2.25,10.2,4.2));
#12179=CARTESIAN_POINT('Origin',(-2.95,10.2,4.2));
#12180=CARTESIAN_POINT('',(0.,0.,0.));
#12181=CARTESIAN_POINT('Origin',(0.5,13.2,4.8));
#12182=CARTESIAN_POINT('',(0.5,13.2,4.8));
#12183=CARTESIAN_POINT('',(-0.5,13.2,4.8));
#12184=CARTESIAN_POINT('',(0.5,13.2,4.8));
#12185=CARTESIAN_POINT('',(-0.5,13.2,5.3));
#12186=CARTESIAN_POINT('',(-0.5,13.2,4.8));
#12187=CARTESIAN_POINT('',(0.5,13.2,5.3));
#12188=CARTESIAN_POINT('',(0.5,13.2,5.3));
#12189=CARTESIAN_POINT('',(0.5,13.2,4.8));
#12190=CARTESIAN_POINT('Origin',(0.5,12.4,4.8));
#12191=CARTESIAN_POINT('',(0.5,12.4,4.8));
#12192=CARTESIAN_POINT('',(0.5,12.4,4.8));
#12193=CARTESIAN_POINT('',(0.5,12.4,5.3));
#12194=CARTESIAN_POINT('',(0.5,12.4,5.3));
#12195=CARTESIAN_POINT('',(0.5,12.4,4.8));
#12196=CARTESIAN_POINT('Origin',(-0.5,12.4,4.8));
#12197=CARTESIAN_POINT('',(-0.5,12.4,4.8));
#12198=CARTESIAN_POINT('',(-0.5,12.4,4.8));
#12199=CARTESIAN_POINT('',(-0.5,12.4,5.3));
#12200=CARTESIAN_POINT('',(-0.5,12.4,5.3));
#12201=CARTESIAN_POINT('',(-0.5,12.4,4.8));
#12202=CARTESIAN_POINT('Origin',(-0.5,13.2,4.8));
#12203=CARTESIAN_POINT('',(-0.5,13.2,4.8));
#12204=CARTESIAN_POINT('',(-0.5,13.2,5.3));
#12205=CARTESIAN_POINT('Origin',(0.,12.8,5.3));
#12206=CARTESIAN_POINT('Origin',(0.,12.8,4.8));
#12207=CARTESIAN_POINT('Origin',(3.2,12.2,4.8));
#12208=CARTESIAN_POINT('',(3.2,12.2,4.8));
#12209=CARTESIAN_POINT('',(2.6,12.2,4.8));
#12210=CARTESIAN_POINT('',(3.2,12.2,4.8));
#12211=CARTESIAN_POINT('',(2.6,12.2,5.3));
#12212=CARTESIAN_POINT('',(2.6,12.2,4.8));
#12213=CARTESIAN_POINT('',(3.2,12.2,5.3));
#12214=CARTESIAN_POINT('',(3.2,12.2,5.3));
#12215=CARTESIAN_POINT('',(3.2,12.2,4.8));
#12216=CARTESIAN_POINT('Origin',(3.2,4.2,4.8));
#12217=CARTESIAN_POINT('',(3.2,4.2,4.8));
#12218=CARTESIAN_POINT('',(3.2,4.2,4.8));
#12219=CARTESIAN_POINT('',(3.2,4.2,5.3));
#12220=CARTESIAN_POINT('',(3.2,4.2,5.3));
#12221=CARTESIAN_POINT('',(3.2,4.2,4.8));
#12222=CARTESIAN_POINT('Origin',(2.6,4.2,4.8));
#12223=CARTESIAN_POINT('',(2.6,4.2,4.8));
#12224=CARTESIAN_POINT('',(2.6,4.2,4.8));
#12225=CARTESIAN_POINT('',(2.6,4.2,5.3));
#12226=CARTESIAN_POINT('',(2.6,4.2,5.3));
#12227=CARTESIAN_POINT('',(2.6,4.2,4.8));
#12228=CARTESIAN_POINT('Origin',(2.6,12.2,4.8));
#12229=CARTESIAN_POINT('',(2.6,12.2,4.8));
#12230=CARTESIAN_POINT('',(2.6,12.2,5.3));
#12231=CARTESIAN_POINT('Origin',(2.9,8.2,5.3));
#12232=CARTESIAN_POINT('Origin',(2.9,8.2,4.8));
#12233=CARTESIAN_POINT('',(0.,0.,0.));
#12234=CARTESIAN_POINT('Origin',(0.9,15.35,1.55));
#12235=CARTESIAN_POINT('',(-0.565,15.35,4.725));
#12236=CARTESIAN_POINT('Origin',(0.9,15.35,4.725));
#12237=CARTESIAN_POINT('',(-0.565,15.35,1.55));
#12238=CARTESIAN_POINT('',(-0.565,15.35,1.55));
#12239=CARTESIAN_POINT('Origin',(0.9,15.35,1.55));
#12240=CARTESIAN_POINT('Origin',(0.9,15.35,4.725));
#12241=CARTESIAN_POINT('Origin',(0.9,15.35,1.55));
#12242=CARTESIAN_POINT('Origin',(0.9,15.35,0.9));
#12243=CARTESIAN_POINT('',(0.0999999999999999,15.35,1.55));
#12244=CARTESIAN_POINT('Origin',(0.9,15.35,1.55));
#12245=CARTESIAN_POINT('',(0.0999999999999999,15.35,0.9));
#12246=CARTESIAN_POINT('',(0.0999999999999999,15.35,0.9));
#12247=CARTESIAN_POINT('Origin',(0.9,15.35,0.9));
#12248=CARTESIAN_POINT('Origin',(0.9,15.35,1.55));
#12249=CARTESIAN_POINT('Origin',(0.9,15.35,0.9));
#12250=CARTESIAN_POINT('Origin',(1.4,15.85,4.725));
#12251=CARTESIAN_POINT('',(1.4,15.85,4.725));
#12252=CARTESIAN_POINT('',(0.4,15.85,4.725));
#12253=CARTESIAN_POINT('',(1.4,15.85,4.725));
#12254=CARTESIAN_POINT('',(0.4,15.85,5.375));
#12255=CARTESIAN_POINT('',(0.4,15.85,4.725));
#12256=CARTESIAN_POINT('',(1.4,15.85,5.375));
#12257=CARTESIAN_POINT('',(1.4,15.85,5.375));
#12258=CARTESIAN_POINT('',(1.4,15.85,4.725));
#12259=CARTESIAN_POINT('Origin',(1.4,14.85,4.725));
#12260=CARTESIAN_POINT('',(1.4,14.85,4.725));
#12261=CARTESIAN_POINT('',(1.4,14.85,4.725));
#12262=CARTESIAN_POINT('',(1.4,14.85,5.375));
#12263=CARTESIAN_POINT('',(1.4,14.85,5.375));
#12264=CARTESIAN_POINT('',(1.4,14.85,4.725));
#12265=CARTESIAN_POINT('Origin',(0.4,14.85,4.725));
#12266=CARTESIAN_POINT('',(0.4,14.85,4.725));
#12267=CARTESIAN_POINT('',(0.4,14.85,4.725));
#12268=CARTESIAN_POINT('',(0.4,14.85,5.375));
#12269=CARTESIAN_POINT('',(0.4,14.85,5.375));
#12270=CARTESIAN_POINT('',(0.4,14.85,4.725));
#12271=CARTESIAN_POINT('Origin',(0.4,15.85,4.725));
#12272=CARTESIAN_POINT('',(0.4,15.85,4.725));
#12273=CARTESIAN_POINT('',(0.4,15.85,5.375));
#12274=CARTESIAN_POINT('Origin',(0.9,15.35,5.375));
#12275=CARTESIAN_POINT('Origin',(0.9,15.35,4.725));
#12276=CARTESIAN_POINT('Origin',(-0.7,16.74,1.6));
#12277=CARTESIAN_POINT('',(-0.7,16.74,1.6));
#12278=CARTESIAN_POINT('',(-3.24,16.74,1.6));
#12279=CARTESIAN_POINT('',(-0.7,16.74,1.6));
#12280=CARTESIAN_POINT('',(-3.24,16.74,3.775));
#12281=CARTESIAN_POINT('',(-3.24,16.74,1.6));
#12282=CARTESIAN_POINT('',(-0.7,16.74,3.775));
#12283=CARTESIAN_POINT('',(-0.7,16.74,3.775));
#12284=CARTESIAN_POINT('',(-0.7,16.74,1.6));
#12285=CARTESIAN_POINT('Origin',(-0.7,14.5,1.6));
#12286=CARTESIAN_POINT('',(-0.7,14.5,1.6));
#12287=CARTESIAN_POINT('',(-0.7,14.5,1.6));
#12288=CARTESIAN_POINT('',(-0.7,14.5,3.775));
#12289=CARTESIAN_POINT('',(-0.7,14.5,3.775));
#12290=CARTESIAN_POINT('',(-0.7,14.5,1.6));
#12291=CARTESIAN_POINT('Origin',(-3.24,14.5,1.6));
#12292=CARTESIAN_POINT('',(-3.24,14.5,1.6));
#12293=CARTESIAN_POINT('',(-3.24,14.5,1.6));
#12294=CARTESIAN_POINT('',(-3.24,14.5,3.775));
#12295=CARTESIAN_POINT('',(-3.24,14.5,3.775));
#12296=CARTESIAN_POINT('',(-3.24,14.5,1.6));
#12297=CARTESIAN_POINT('Origin',(-3.24,16.74,1.6));
#12298=CARTESIAN_POINT('',(-3.24,16.74,1.6));
#12299=CARTESIAN_POINT('',(-3.24,16.74,3.775));
#12300=CARTESIAN_POINT('Origin',(-1.97,15.62,3.775));
#12301=CARTESIAN_POINT('Origin',(-1.97,15.62,1.6));
#12302=CARTESIAN_POINT('Origin',(-0.7,14.45,0.8));
#12303=CARTESIAN_POINT('',(-0.7,14.45,0.8));
#12304=CARTESIAN_POINT('',(-2.6,14.45,0.8));
#12305=CARTESIAN_POINT('',(-0.7,14.45,0.8));
#12306=CARTESIAN_POINT('',(-2.6,14.45,2.2));
#12307=CARTESIAN_POINT('',(-2.6,14.45,0.8));
#12308=CARTESIAN_POINT('',(-0.7,14.45,2.2));
#12309=CARTESIAN_POINT('',(-0.7,14.45,2.2));
#12310=CARTESIAN_POINT('',(-0.7,14.45,0.8));
#12311=CARTESIAN_POINT('Origin',(-0.7,13.5,0.8));
#12312=CARTESIAN_POINT('',(-0.7,13.5,0.8));
#12313=CARTESIAN_POINT('',(-0.7,13.5,0.8));
#12314=CARTESIAN_POINT('',(-0.7,13.5,2.2));
#12315=CARTESIAN_POINT('',(-0.7,13.5,2.2));
#12316=CARTESIAN_POINT('',(-0.7,13.5,0.8));
#12317=CARTESIAN_POINT('Origin',(-2.6,13.5,0.8));
#12318=CARTESIAN_POINT('',(-2.6,13.5,0.8));
#12319=CARTESIAN_POINT('',(-2.6,13.5,0.8));
#12320=CARTESIAN_POINT('',(-2.6,13.5,2.2));
#12321=CARTESIAN_POINT('',(-2.6,13.5,2.2));
#12322=CARTESIAN_POINT('',(-2.6,13.5,0.8));
#12323=CARTESIAN_POINT('Origin',(-2.6,14.45,0.8));
#12324=CARTESIAN_POINT('',(-2.6,14.45,0.8));
#12325=CARTESIAN_POINT('',(-2.6,14.45,2.2));
#12326=CARTESIAN_POINT('Origin',(-1.65,13.975,2.2));
#12327=CARTESIAN_POINT('Origin',(-1.65,13.975,0.8));
#12328=CARTESIAN_POINT('Origin',(-0.7,14.45,2.2));
#12329=CARTESIAN_POINT('',(-0.7,14.45,2.2));
#12330=CARTESIAN_POINT('',(-2.6,14.45,2.2));
#12331=CARTESIAN_POINT('',(-0.7,14.45,2.2));
#12332=CARTESIAN_POINT('',(-2.6,14.45,4.8));
#12333=CARTESIAN_POINT('',(-2.6,14.45,2.2));
#12334=CARTESIAN_POINT('',(-0.7,14.45,4.8));
#12335=CARTESIAN_POINT('',(-0.7,14.45,4.8));
#12336=CARTESIAN_POINT('',(-0.7,14.45,2.2));
#12337=CARTESIAN_POINT('Origin',(-0.7,13.5,2.2));
#12338=CARTESIAN_POINT('',(-0.7,13.5,2.2));
#12339=CARTESIAN_POINT('',(-0.7,13.5,2.2));
#12340=CARTESIAN_POINT('',(-0.7,13.5,4.8));
#12341=CARTESIAN_POINT('',(-0.7,13.5,4.8));
#12342=CARTESIAN_POINT('',(-0.7,13.5,2.2));
#12343=CARTESIAN_POINT('Origin',(-2.6,13.5,2.2));
#12344=CARTESIAN_POINT('',(-2.6,13.5,2.2));
#12345=CARTESIAN_POINT('',(-2.6,13.5,2.2));
#12346=CARTESIAN_POINT('',(-2.6,13.5,4.8));
#12347=CARTESIAN_POINT('',(-2.6,13.5,4.8));
#12348=CARTESIAN_POINT('',(-2.6,13.5,2.2));
#12349=CARTESIAN_POINT('Origin',(-2.6,14.45,2.2));
#12350=CARTESIAN_POINT('',(-2.6,14.45,2.2));
#12351=CARTESIAN_POINT('',(-2.6,14.45,4.8));
#12352=CARTESIAN_POINT('Origin',(-1.65,13.975,4.8));
#12353=CARTESIAN_POINT('Origin',(-1.65,13.975,2.2));
#12354=CARTESIAN_POINT('Origin',(3.,16.2,0.65));
#12355=CARTESIAN_POINT('',(3.,16.2,0.65));
#12356=CARTESIAN_POINT('',(1.8,16.2,0.65));
#12357=CARTESIAN_POINT('',(3.,16.2,0.65));
#12358=CARTESIAN_POINT('',(1.8,16.2,1.15));
#12359=CARTESIAN_POINT('',(1.8,16.2,0.65));
#12360=CARTESIAN_POINT('',(3.,16.2,1.15));
#12361=CARTESIAN_POINT('',(3.,16.2,1.15));
#12362=CARTESIAN_POINT('',(3.,16.2,0.65));
#12363=CARTESIAN_POINT('Origin',(3.,14.5,0.65));
#12364=CARTESIAN_POINT('',(3.,14.5,0.65));
#12365=CARTESIAN_POINT('',(3.,14.5,0.65));
#12366=CARTESIAN_POINT('',(3.,14.5,1.15));
#12367=CARTESIAN_POINT('',(3.,14.5,1.15));
#12368=CARTESIAN_POINT('',(3.,14.5,0.65));
#12369=CARTESIAN_POINT('Origin',(1.8,14.5,0.65));
#12370=CARTESIAN_POINT('',(1.8,14.5,0.65));
#12371=CARTESIAN_POINT('',(1.8,14.5,0.65));
#12372=CARTESIAN_POINT('',(1.8,14.5,1.15));
#12373=CARTESIAN_POINT('',(1.8,14.5,1.15));
#12374=CARTESIAN_POINT('',(1.8,14.5,0.65));
#12375=CARTESIAN_POINT('Origin',(1.8,16.2,0.65));
#12376=CARTESIAN_POINT('',(1.8,16.2,0.65));
#12377=CARTESIAN_POINT('',(1.8,16.2,1.15));
#12378=CARTESIAN_POINT('Origin',(2.4,15.35,1.15));
#12379=CARTESIAN_POINT('Origin',(2.4,15.35,0.65));
#12380=CARTESIAN_POINT('',(0.,0.,0.));
#12381=CARTESIAN_POINT('Origin',(-4.,0.8,5.2));
#12382=CARTESIAN_POINT('',(-4.155,0.8,5.2));
#12383=CARTESIAN_POINT('Origin',(-4.,0.8,5.2));
#12384=CARTESIAN_POINT('',(-4.155,0.8,5.7));
#12385=CARTESIAN_POINT('',(-4.155,0.8,5.2));
#12386=CARTESIAN_POINT('Origin',(-4.,0.8,5.7));
#12387=CARTESIAN_POINT('Origin',(-4.,0.8,5.2));
#12388=CARTESIAN_POINT('',(-4.21,0.8,5.7));
#12389=CARTESIAN_POINT('Origin',(-4.,0.8,5.7));
#12390=CARTESIAN_POINT('',(-4.21,0.8,5.2));
#12391=CARTESIAN_POINT('',(-4.21,0.8,5.2));
#12392=CARTESIAN_POINT('Origin',(-4.,0.8,5.2));
#12393=CARTESIAN_POINT('Origin',(-4.,0.8,5.7));
#12394=CARTESIAN_POINT('Origin',(-4.,0.8,5.2));
#12395=CARTESIAN_POINT('Origin',(-4.,0.8,5.42));
#12396=CARTESIAN_POINT('',(-4.145,0.8,5.82));
#12397=CARTESIAN_POINT('Origin',(-4.,0.8,5.82));
#12398=CARTESIAN_POINT('',(-4.145,0.8,5.42));
#12399=CARTESIAN_POINT('',(-4.145,0.8,5.42));
#12400=CARTESIAN_POINT('Origin',(-4.,0.8,5.42));
#12401=CARTESIAN_POINT('Origin',(-4.,0.8,5.82));
#12402=CARTESIAN_POINT('Origin',(-4.,0.8,5.42));
#12403=CARTESIAN_POINT('Origin',(-4.,0.8,5.82));
#12404=CARTESIAN_POINT('',(-4.275,0.8,6.));
#12405=CARTESIAN_POINT('Origin',(-4.,0.8,6.));
#12406=CARTESIAN_POINT('',(-4.275,0.8,5.82));
#12407=CARTESIAN_POINT('',(-4.275,0.8,5.82));
#12408=CARTESIAN_POINT('Origin',(-4.,0.8,5.82));
#12409=CARTESIAN_POINT('Origin',(-4.,0.8,6.));
#12410=CARTESIAN_POINT('Origin',(-4.,0.8,5.82));
#12411=CARTESIAN_POINT('Origin',(-4.,9.,5.2));
#12412=CARTESIAN_POINT('',(-4.155,9.,5.2));
#12413=CARTESIAN_POINT('Origin',(-4.,9.,5.2));
#12414=CARTESIAN_POINT('',(-4.155,9.,5.7));
#12415=CARTESIAN_POINT('',(-4.155,9.,5.2));
#12416=CARTESIAN_POINT('Origin',(-4.,9.,5.7));
#12417=CARTESIAN_POINT('Origin',(-4.,9.,5.2));
#12418=CARTESIAN_POINT('',(-4.21,9.,5.7));
#12419=CARTESIAN_POINT('Origin',(-4.,9.,5.7));
#12420=CARTESIAN_POINT('',(-4.21,9.,5.2));
#12421=CARTESIAN_POINT('',(-4.21,9.,5.2));
#12422=CARTESIAN_POINT('Origin',(-4.,9.,5.2));
#12423=CARTESIAN_POINT('Origin',(-4.,9.,5.7));
#12424=CARTESIAN_POINT('Origin',(-4.,9.,5.2));
#12425=CARTESIAN_POINT('Origin',(-4.,9.,5.42));
#12426=CARTESIAN_POINT('',(-4.145,9.,5.82));
#12427=CARTESIAN_POINT('Origin',(-4.,9.,5.82));
#12428=CARTESIAN_POINT('',(-4.145,9.,5.42));
#12429=CARTESIAN_POINT('',(-4.145,9.,5.42));
#12430=CARTESIAN_POINT('Origin',(-4.,9.,5.42));
#12431=CARTESIAN_POINT('Origin',(-4.,9.,5.82));
#12432=CARTESIAN_POINT('Origin',(-4.,9.,5.42));
#12433=CARTESIAN_POINT('Origin',(-4.,9.,5.82));
#12434=CARTESIAN_POINT('',(-4.275,9.,6.));
#12435=CARTESIAN_POINT('Origin',(-4.,9.,6.));
#12436=CARTESIAN_POINT('',(-4.275,9.,5.82));
#12437=CARTESIAN_POINT('',(-4.275,9.,5.82));
#12438=CARTESIAN_POINT('Origin',(-4.,9.,5.82));
#12439=CARTESIAN_POINT('Origin',(-4.,9.,6.));
#12440=CARTESIAN_POINT('Origin',(-4.,9.,5.82));
#12441=CARTESIAN_POINT('Origin',(-4.,17.2,5.2));
#12442=CARTESIAN_POINT('',(-4.155,17.2,5.2));
#12443=CARTESIAN_POINT('Origin',(-4.,17.2,5.2));
#12444=CARTESIAN_POINT('',(-4.155,17.2,5.7));
#12445=CARTESIAN_POINT('',(-4.155,17.2,5.2));
#12446=CARTESIAN_POINT('Origin',(-4.,17.2,5.7));
#12447=CARTESIAN_POINT('Origin',(-4.,17.2,5.2));
#12448=CARTESIAN_POINT('',(-4.21,17.2,5.7));
#12449=CARTESIAN_POINT('Origin',(-4.,17.2,5.7));
#12450=CARTESIAN_POINT('',(-4.21,17.2,5.2));
#12451=CARTESIAN_POINT('',(-4.21,17.2,5.2));
#12452=CARTESIAN_POINT('Origin',(-4.,17.2,5.2));
#12453=CARTESIAN_POINT('Origin',(-4.,17.2,5.7));
#12454=CARTESIAN_POINT('Origin',(-4.,17.2,5.2));
#12455=CARTESIAN_POINT('Origin',(-4.,17.2,5.42));
#12456=CARTESIAN_POINT('',(-4.145,17.2,5.82));
#12457=CARTESIAN_POINT('Origin',(-4.,17.2,5.82));
#12458=CARTESIAN_POINT('',(-4.145,17.2,5.42));
#12459=CARTESIAN_POINT('',(-4.145,17.2,5.42));
#12460=CARTESIAN_POINT('Origin',(-4.,17.2,5.42));
#12461=CARTESIAN_POINT('Origin',(-4.,17.2,5.82));
#12462=CARTESIAN_POINT('Origin',(-4.,17.2,5.42));
#12463=CARTESIAN_POINT('Origin',(-4.,17.2,5.82));
#12464=CARTESIAN_POINT('',(-4.275,17.2,6.));
#12465=CARTESIAN_POINT('Origin',(-4.,17.2,6.));
#12466=CARTESIAN_POINT('',(-4.275,17.2,5.82));
#12467=CARTESIAN_POINT('',(-4.275,17.2,5.82));
#12468=CARTESIAN_POINT('Origin',(-4.,17.2,5.82));
#12469=CARTESIAN_POINT('Origin',(-4.,17.2,6.));
#12470=CARTESIAN_POINT('Origin',(-4.,17.2,5.82));
#12471=CARTESIAN_POINT('Origin',(4.,0.8,5.2));
#12472=CARTESIAN_POINT('',(3.845,0.8,5.2));
#12473=CARTESIAN_POINT('Origin',(4.,0.8,5.2));
#12474=CARTESIAN_POINT('',(3.845,0.8,5.7));
#12475=CARTESIAN_POINT('',(3.845,0.8,5.2));
#12476=CARTESIAN_POINT('Origin',(4.,0.8,5.7));
#12477=CARTESIAN_POINT('Origin',(4.,0.8,5.2));
#12478=CARTESIAN_POINT('',(3.79,0.8,5.7));
#12479=CARTESIAN_POINT('Origin',(4.,0.8,5.7));
#12480=CARTESIAN_POINT('',(3.79,0.8,5.2));
#12481=CARTESIAN_POINT('',(3.79,0.8,5.2));
#12482=CARTESIAN_POINT('Origin',(4.,0.8,5.2));
#12483=CARTESIAN_POINT('Origin',(4.,0.8,5.7));
#12484=CARTESIAN_POINT('Origin',(4.,0.8,5.2));
#12485=CARTESIAN_POINT('Origin',(4.,0.8,5.42));
#12486=CARTESIAN_POINT('',(3.855,0.8,5.82));
#12487=CARTESIAN_POINT('Origin',(4.,0.8,5.82));
#12488=CARTESIAN_POINT('',(3.855,0.8,5.42));
#12489=CARTESIAN_POINT('',(3.855,0.8,5.42));
#12490=CARTESIAN_POINT('Origin',(4.,0.8,5.42));
#12491=CARTESIAN_POINT('Origin',(4.,0.8,5.82));
#12492=CARTESIAN_POINT('Origin',(4.,0.8,5.42));
#12493=CARTESIAN_POINT('Origin',(4.,0.8,5.82));
#12494=CARTESIAN_POINT('',(3.725,0.8,6.));
#12495=CARTESIAN_POINT('Origin',(4.,0.8,6.));
#12496=CARTESIAN_POINT('',(3.725,0.8,5.82));
#12497=CARTESIAN_POINT('',(3.725,0.8,5.82));
#12498=CARTESIAN_POINT('Origin',(4.,0.8,5.82));
#12499=CARTESIAN_POINT('Origin',(4.,0.8,6.));
#12500=CARTESIAN_POINT('Origin',(4.,0.8,5.82));
#12501=CARTESIAN_POINT('Origin',(4.,9.,5.2));
#12502=CARTESIAN_POINT('',(3.845,9.,5.2));
#12503=CARTESIAN_POINT('Origin',(4.,9.,5.2));
#12504=CARTESIAN_POINT('',(3.845,9.,5.7));
#12505=CARTESIAN_POINT('',(3.845,9.,5.2));
#12506=CARTESIAN_POINT('Origin',(4.,9.,5.7));
#12507=CARTESIAN_POINT('Origin',(4.,9.,5.2));
#12508=CARTESIAN_POINT('',(3.79,9.,5.7));
#12509=CARTESIAN_POINT('Origin',(4.,9.,5.7));
#12510=CARTESIAN_POINT('',(3.79,9.,5.2));
#12511=CARTESIAN_POINT('',(3.79,9.,5.2));
#12512=CARTESIAN_POINT('Origin',(4.,9.,5.2));
#12513=CARTESIAN_POINT('Origin',(4.,9.,5.7));
#12514=CARTESIAN_POINT('Origin',(4.,9.,5.2));
#12515=CARTESIAN_POINT('Origin',(4.,9.,5.42));
#12516=CARTESIAN_POINT('',(3.855,9.,5.82));
#12517=CARTESIAN_POINT('Origin',(4.,9.,5.82));
#12518=CARTESIAN_POINT('',(3.855,9.,5.42));
#12519=CARTESIAN_POINT('',(3.855,9.,5.42));
#12520=CARTESIAN_POINT('Origin',(4.,9.,5.42));
#12521=CARTESIAN_POINT('Origin',(4.,9.,5.82));
#12522=CARTESIAN_POINT('Origin',(4.,9.,5.42));
#12523=CARTESIAN_POINT('Origin',(4.,9.,5.82));
#12524=CARTESIAN_POINT('',(3.725,9.,6.));
#12525=CARTESIAN_POINT('Origin',(4.,9.,6.));
#12526=CARTESIAN_POINT('',(3.725,9.,5.82));
#12527=CARTESIAN_POINT('',(3.725,9.,5.82));
#12528=CARTESIAN_POINT('Origin',(4.,9.,5.82));
#12529=CARTESIAN_POINT('Origin',(4.,9.,6.));
#12530=CARTESIAN_POINT('Origin',(4.,9.,5.82));
#12531=CARTESIAN_POINT('Origin',(4.,17.2,5.2));
#12532=CARTESIAN_POINT('',(3.845,17.2,5.2));
#12533=CARTESIAN_POINT('Origin',(4.,17.2,5.2));
#12534=CARTESIAN_POINT('',(3.845,17.2,5.7));
#12535=CARTESIAN_POINT('',(3.845,17.2,5.2));
#12536=CARTESIAN_POINT('Origin',(4.,17.2,5.7));
#12537=CARTESIAN_POINT('Origin',(4.,17.2,5.2));
#12538=CARTESIAN_POINT('',(3.79,17.2,5.7));
#12539=CARTESIAN_POINT('Origin',(4.,17.2,5.7));
#12540=CARTESIAN_POINT('',(3.79,17.2,5.2));
#12541=CARTESIAN_POINT('',(3.79,17.2,5.2));
#12542=CARTESIAN_POINT('Origin',(4.,17.2,5.2));
#12543=CARTESIAN_POINT('Origin',(4.,17.2,5.7));
#12544=CARTESIAN_POINT('Origin',(4.,17.2,5.2));
#12545=CARTESIAN_POINT('Origin',(4.,17.2,5.42));
#12546=CARTESIAN_POINT('',(3.855,17.2,5.82));
#12547=CARTESIAN_POINT('Origin',(4.,17.2,5.82));
#12548=CARTESIAN_POINT('',(3.855,17.2,5.42));
#12549=CARTESIAN_POINT('',(3.855,17.2,5.42));
#12550=CARTESIAN_POINT('Origin',(4.,17.2,5.42));
#12551=CARTESIAN_POINT('Origin',(4.,17.2,5.82));
#12552=CARTESIAN_POINT('Origin',(4.,17.2,5.42));
#12553=CARTESIAN_POINT('Origin',(4.,17.2,5.82));
#12554=CARTESIAN_POINT('',(3.725,17.2,6.));
#12555=CARTESIAN_POINT('Origin',(4.,17.2,6.));
#12556=CARTESIAN_POINT('',(3.725,17.2,5.82));
#12557=CARTESIAN_POINT('',(3.725,17.2,5.82));
#12558=CARTESIAN_POINT('Origin',(4.,17.2,5.82));
#12559=CARTESIAN_POINT('Origin',(4.,17.2,6.));
#12560=CARTESIAN_POINT('Origin',(4.,17.2,5.82));
#12561=CARTESIAN_POINT('',(0.,0.,0.));
#12562=CARTESIAN_POINT('',(0.,0.,0.));
#12563=CARTESIAN_POINT('',(0.,0.,0.));
#12564=CARTESIAN_POINT('',(0.,0.,0.));
#12565=CARTESIAN_POINT('',(0.,0.,0.));
#12566=CARTESIAN_POINT('',(0.,0.,0.));
#12567=CARTESIAN_POINT('',(0.,0.,0.));
#12568=CARTESIAN_POINT('',(0.,0.,0.));
#12569=CARTESIAN_POINT('',(0.,0.,0.));
#12570=CARTESIAN_POINT('',(0.,0.,0.));
#12571=CARTESIAN_POINT('',(0.,0.,0.));
#12572=CARTESIAN_POINT('',(0.,0.,0.));
#12573=CARTESIAN_POINT('',(0.,0.,0.));
#12574=CARTESIAN_POINT('',(0.,0.,0.));
#12575=CARTESIAN_POINT('',(0.,0.,0.));
#12576=CARTESIAN_POINT('',(0.,0.,0.));
#12577=CARTESIAN_POINT('',(0.,0.,0.));
#12578=CARTESIAN_POINT('',(0.,0.,0.));
#12579=CARTESIAN_POINT('',(0.,0.,0.));
#12580=UNCERTAINTY_MEASURE_WITH_UNIT(LENGTH_MEASURE(0.001),#12622,
'DISTANCE_ACCURACY_VALUE',
'Maximum model space distance between geometric entities at asserted c
onnectivities');
#12581=UNCERTAINTY_MEASURE_WITH_UNIT(LENGTH_MEASURE(0.001),#12622,
'DISTANCE_ACCURACY_VALUE',
'Maximum model space distance between geometric entities at asserted c
onnectivities');
#12582=UNCERTAINTY_MEASURE_WITH_UNIT(LENGTH_MEASURE(0.001),#12622,
'DISTANCE_ACCURACY_VALUE',
'Maximum model space distance between geometric entities at asserted c
onnectivities');
#12583=UNCERTAINTY_MEASURE_WITH_UNIT(LENGTH_MEASURE(0.001),#12622,
'DISTANCE_ACCURACY_VALUE',
'Maximum model space distance between geometric entities at asserted c
onnectivities');
#12584=UNCERTAINTY_MEASURE_WITH_UNIT(LENGTH_MEASURE(0.001),#12622,
'DISTANCE_ACCURACY_VALUE',
'Maximum model space distance between geometric entities at asserted c
onnectivities');
#12585=UNCERTAINTY_MEASURE_WITH_UNIT(LENGTH_MEASURE(0.001),#12622,
'DISTANCE_ACCURACY_VALUE',
'Maximum model space distance between geometric entities at asserted c
onnectivities');
#12586=UNCERTAINTY_MEASURE_WITH_UNIT(LENGTH_MEASURE(0.001),#12622,
'DISTANCE_ACCURACY_VALUE',
'Maximum model space distance between geometric entities at asserted c
onnectivities');
#12587=UNCERTAINTY_MEASURE_WITH_UNIT(LENGTH_MEASURE(0.001),#12622,
'DISTANCE_ACCURACY_VALUE',
'Maximum model space distance between geometric entities at asserted c
onnectivities');
#12588=UNCERTAINTY_MEASURE_WITH_UNIT(LENGTH_MEASURE(0.001),#12622,
'DISTANCE_ACCURACY_VALUE',
'Maximum model space distance between geometric entities at asserted c
onnectivities');
#12589=UNCERTAINTY_MEASURE_WITH_UNIT(LENGTH_MEASURE(0.001),#12622,
'DISTANCE_ACCURACY_VALUE',
'Maximum model space distance between geometric entities at asserted c
onnectivities');
#12590=UNCERTAINTY_MEASURE_WITH_UNIT(LENGTH_MEASURE(0.001),#12622,
'DISTANCE_ACCURACY_VALUE',
'Maximum model space distance between geometric entities at asserted c
onnectivities');
#12591=UNCERTAINTY_MEASURE_WITH_UNIT(LENGTH_MEASURE(0.001),#12622,
'DISTANCE_ACCURACY_VALUE',
'Maximum model space distance between geometric entities at asserted c
onnectivities');
#12592=UNCERTAINTY_MEASURE_WITH_UNIT(LENGTH_MEASURE(0.001),#12622,
'DISTANCE_ACCURACY_VALUE',
'Maximum model space distance between geometric entities at asserted c
onnectivities');
#12593=UNCERTAINTY_MEASURE_WITH_UNIT(LENGTH_MEASURE(0.001),#12622,
'DISTANCE_ACCURACY_VALUE',
'Maximum model space distance between geometric entities at asserted c
onnectivities');
#12594=UNCERTAINTY_MEASURE_WITH_UNIT(LENGTH_MEASURE(0.001),#12622,
'DISTANCE_ACCURACY_VALUE',
'Maximum model space distance between geometric entities at asserted c
onnectivities');
#12595=UNCERTAINTY_MEASURE_WITH_UNIT(LENGTH_MEASURE(0.001),#12622,
'DISTANCE_ACCURACY_VALUE',
'Maximum model space distance between geometric entities at asserted c
onnectivities');
#12596=UNCERTAINTY_MEASURE_WITH_UNIT(LENGTH_MEASURE(0.001),#12622,
'DISTANCE_ACCURACY_VALUE',
'Maximum model space distance between geometric entities at asserted c
onnectivities');
#12597=UNCERTAINTY_MEASURE_WITH_UNIT(LENGTH_MEASURE(0.001),#12622,
'DISTANCE_ACCURACY_VALUE',
'Maximum model space distance between geometric entities at asserted c
onnectivities');
#12598=UNCERTAINTY_MEASURE_WITH_UNIT(LENGTH_MEASURE(0.001),#12622,
'DISTANCE_ACCURACY_VALUE',
'Maximum model space distance between geometric entities at asserted c
onnectivities');
#12599=UNCERTAINTY_MEASURE_WITH_UNIT(LENGTH_MEASURE(0.001),#12622,
'DISTANCE_ACCURACY_VALUE',
'Maximum model space distance between geometric entities at asserted c
onnectivities');
#12600=UNCERTAINTY_MEASURE_WITH_UNIT(LENGTH_MEASURE(0.001),#12622,
'DISTANCE_ACCURACY_VALUE',
'Maximum model space distance between geometric entities at asserted c
onnectivities');
#12601=(
GEOMETRIC_REPRESENTATION_CONTEXT(3)
GLOBAL_UNCERTAINTY_ASSIGNED_CONTEXT((#12580))
GLOBAL_UNIT_ASSIGNED_CONTEXT((#12622,#12624,#12625))
REPRESENTATION_CONTEXT('','3D')
);
#12602=(
GEOMETRIC_REPRESENTATION_CONTEXT(3)
GLOBAL_UNCERTAINTY_ASSIGNED_CONTEXT((#12581))
GLOBAL_UNIT_ASSIGNED_CONTEXT((#12622,#12624,#12625))
REPRESENTATION_CONTEXT('','3D')
);
#12603=(
GEOMETRIC_REPRESENTATION_CONTEXT(3)
GLOBAL_UNCERTAINTY_ASSIGNED_CONTEXT((#12582))
GLOBAL_UNIT_ASSIGNED_CONTEXT((#12622,#12624,#12625))
REPRESENTATION_CONTEXT('','3D')
);
#12604=(
GEOMETRIC_REPRESENTATION_CONTEXT(3)
GLOBAL_UNCERTAINTY_ASSIGNED_CONTEXT((#12583))
GLOBAL_UNIT_ASSIGNED_CONTEXT((#12622,#12624,#12625))
REPRESENTATION_CONTEXT('','3D')
);
#12605=(
GEOMETRIC_REPRESENTATION_CONTEXT(3)
GLOBAL_UNCERTAINTY_ASSIGNED_CONTEXT((#12584))
GLOBAL_UNIT_ASSIGNED_CONTEXT((#12622,#12624,#12625))
REPRESENTATION_CONTEXT('','3D')
);
#12606=(
GEOMETRIC_REPRESENTATION_CONTEXT(3)
GLOBAL_UNCERTAINTY_ASSIGNED_CONTEXT((#12585))
GLOBAL_UNIT_ASSIGNED_CONTEXT((#12622,#12624,#12625))
REPRESENTATION_CONTEXT('','3D')
);
#12607=(
GEOMETRIC_REPRESENTATION_CONTEXT(3)
GLOBAL_UNCERTAINTY_ASSIGNED_CONTEXT((#12586))
GLOBAL_UNIT_ASSIGNED_CONTEXT((#12622,#12624,#12625))
REPRESENTATION_CONTEXT('','3D')
);
#12608=(
GEOMETRIC_REPRESENTATION_CONTEXT(3)
GLOBAL_UNCERTAINTY_ASSIGNED_CONTEXT((#12587))
GLOBAL_UNIT_ASSIGNED_CONTEXT((#12622,#12624,#12625))
REPRESENTATION_CONTEXT('','3D')
);
#12609=(
GEOMETRIC_REPRESENTATION_CONTEXT(3)
GLOBAL_UNCERTAINTY_ASSIGNED_CONTEXT((#12588))
GLOBAL_UNIT_ASSIGNED_CONTEXT((#12622,#12624,#12625))
REPRESENTATION_CONTEXT('','3D')
);
#12610=(
GEOMETRIC_REPRESENTATION_CONTEXT(3)
GLOBAL_UNCERTAINTY_ASSIGNED_CONTEXT((#12589))
GLOBAL_UNIT_ASSIGNED_CONTEXT((#12622,#12624,#12625))
REPRESENTATION_CONTEXT('','3D')
);
#12611=(
GEOMETRIC_REPRESENTATION_CONTEXT(3)
GLOBAL_UNCERTAINTY_ASSIGNED_CONTEXT((#12590))
GLOBAL_UNIT_ASSIGNED_CONTEXT((#12622,#12624,#12625))
REPRESENTATION_CONTEXT('','3D')
);
#12612=(
GEOMETRIC_REPRESENTATION_CONTEXT(3)
GLOBAL_UNCERTAINTY_ASSIGNED_CONTEXT((#12591))
GLOBAL_UNIT_ASSIGNED_CONTEXT((#12622,#12624,#12625))
REPRESENTATION_CONTEXT('','3D')
);
#12613=(
GEOMETRIC_REPRESENTATION_CONTEXT(3)
GLOBAL_UNCERTAINTY_ASSIGNED_CONTEXT((#12592))
GLOBAL_UNIT_ASSIGNED_CONTEXT((#12622,#12624,#12625))
REPRESENTATION_CONTEXT('','3D')
);
#12614=(
GEOMETRIC_REPRESENTATION_CONTEXT(3)
GLOBAL_UNCERTAINTY_ASSIGNED_CONTEXT((#12593))
GLOBAL_UNIT_ASSIGNED_CONTEXT((#12622,#12624,#12625))
REPRESENTATION_CONTEXT('','3D')
);
#12615=(
GEOMETRIC_REPRESENTATION_CONTEXT(3)
GLOBAL_UNCERTAINTY_ASSIGNED_CONTEXT((#12594))
GLOBAL_UNIT_ASSIGNED_CONTEXT((#12622,#12624,#12625))
REPRESENTATION_CONTEXT('','3D')
);
#12616=(
GEOMETRIC_REPRESENTATION_CONTEXT(3)
GLOBAL_UNCERTAINTY_ASSIGNED_CONTEXT((#12595))
GLOBAL_UNIT_ASSIGNED_CONTEXT((#12622,#12624,#12625))
REPRESENTATION_CONTEXT('','3D')
);
#12617=(
GEOMETRIC_REPRESENTATION_CONTEXT(3)
GLOBAL_UNCERTAINTY_ASSIGNED_CONTEXT((#12596))
GLOBAL_UNIT_ASSIGNED_CONTEXT((#12622,#12624,#12625))
REPRESENTATION_CONTEXT('','3D')
);
#12618=(
GEOMETRIC_REPRESENTATION_CONTEXT(3)
GLOBAL_UNCERTAINTY_ASSIGNED_CONTEXT((#12597))
GLOBAL_UNIT_ASSIGNED_CONTEXT((#12622,#12624,#12625))
REPRESENTATION_CONTEXT('','3D')
);
#12619=(
GEOMETRIC_REPRESENTATION_CONTEXT(3)
GLOBAL_UNCERTAINTY_ASSIGNED_CONTEXT((#12598))
GLOBAL_UNIT_ASSIGNED_CONTEXT((#12622,#12624,#12625))
REPRESENTATION_CONTEXT('','3D')
);
#12620=(
GEOMETRIC_REPRESENTATION_CONTEXT(3)
GLOBAL_UNCERTAINTY_ASSIGNED_CONTEXT((#12599))
GLOBAL_UNIT_ASSIGNED_CONTEXT((#12622,#12624,#12625))
REPRESENTATION_CONTEXT('','3D')
);
#12621=(
GEOMETRIC_REPRESENTATION_CONTEXT(3)
GLOBAL_UNCERTAINTY_ASSIGNED_CONTEXT((#12600))
GLOBAL_UNIT_ASSIGNED_CONTEXT((#12622,#12624,#12625))
REPRESENTATION_CONTEXT('','3D')
);
#12622=(
LENGTH_UNIT()
NAMED_UNIT(*)
SI_UNIT(.CENTI.,.METRE.)
);
#12623=(
LENGTH_UNIT()
NAMED_UNIT(*)
SI_UNIT($,.METRE.)
);
#12624=(
NAMED_UNIT(*)
PLANE_ANGLE_UNIT()
SI_UNIT($,.RADIAN.)
);
#12625=(
NAMED_UNIT(*)
SI_UNIT($,.STERADIAN.)
SOLID_ANGLE_UNIT()
);
#12626=SHAPE_DEFINITION_REPRESENTATION(#12646,#12685);
#12627=SHAPE_DEFINITION_REPRESENTATION(#12647,#12686);
#12628=SHAPE_DEFINITION_REPRESENTATION(#12648,#12687);
#12629=SHAPE_DEFINITION_REPRESENTATION(#12649,#12688);
#12630=SHAPE_DEFINITION_REPRESENTATION(#12650,#12689);
#12631=SHAPE_DEFINITION_REPRESENTATION(#12651,#12690);
#12632=SHAPE_DEFINITION_REPRESENTATION(#12652,#12691);
#12633=SHAPE_DEFINITION_REPRESENTATION(#12653,#12692);
#12634=SHAPE_DEFINITION_REPRESENTATION(#12654,#12693);
#12635=SHAPE_DEFINITION_REPRESENTATION(#12655,#12694);
#12636=SHAPE_DEFINITION_REPRESENTATION(#12656,#12695);
#12637=SHAPE_DEFINITION_REPRESENTATION(#12657,#12696);
#12638=SHAPE_DEFINITION_REPRESENTATION(#12658,#12697);
#12639=SHAPE_DEFINITION_REPRESENTATION(#12659,#12698);
#12640=SHAPE_DEFINITION_REPRESENTATION(#12660,#12699);
#12641=SHAPE_DEFINITION_REPRESENTATION(#12661,#12700);
#12642=SHAPE_DEFINITION_REPRESENTATION(#12662,#12701);
#12643=SHAPE_DEFINITION_REPRESENTATION(#12663,#12702);
#12644=SHAPE_DEFINITION_REPRESENTATION(#12664,#12703);
#12645=SHAPE_DEFINITION_REPRESENTATION(#12665,#12704);
#12646=PRODUCT_DEFINITION_SHAPE('',$,#12706);
#12647=PRODUCT_DEFINITION_SHAPE('',$,#12707);
#12648=PRODUCT_DEFINITION_SHAPE('',$,#12708);
#12649=PRODUCT_DEFINITION_SHAPE('',$,#12709);
#12650=PRODUCT_DEFINITION_SHAPE('',$,#12710);
#12651=PRODUCT_DEFINITION_SHAPE('',$,#12711);
#12652=PRODUCT_DEFINITION_SHAPE('',$,#12712);
#12653=PRODUCT_DEFINITION_SHAPE('',$,#12713);
#12654=PRODUCT_DEFINITION_SHAPE('',$,#12714);
#12655=PRODUCT_DEFINITION_SHAPE('',$,#12715);
#12656=PRODUCT_DEFINITION_SHAPE('',$,#12716);
#12657=PRODUCT_DEFINITION_SHAPE('',$,#12717);
#12658=PRODUCT_DEFINITION_SHAPE('',$,#12718);
#12659=PRODUCT_DEFINITION_SHAPE('',$,#12719);
#12660=PRODUCT_DEFINITION_SHAPE('',$,#12720);
#12661=PRODUCT_DEFINITION_SHAPE('',$,#12721);
#12662=PRODUCT_DEFINITION_SHAPE('',$,#12722);
#12663=PRODUCT_DEFINITION_SHAPE('',$,#12723);
#12664=PRODUCT_DEFINITION_SHAPE('',$,#12724);
#12665=PRODUCT_DEFINITION_SHAPE('',$,#12725);
#12666=PRODUCT_DEFINITION_SHAPE($,$,#68);
#12667=PRODUCT_DEFINITION_SHAPE($,$,#69);
#12668=PRODUCT_DEFINITION_SHAPE($,$,#70);
#12669=PRODUCT_DEFINITION_SHAPE($,$,#71);
#12670=PRODUCT_DEFINITION_SHAPE($,$,#72);
#12671=PRODUCT_DEFINITION_SHAPE($,$,#73);
#12672=PRODUCT_DEFINITION_SHAPE($,$,#74);
#12673=PRODUCT_DEFINITION_SHAPE($,$,#75);
#12674=PRODUCT_DEFINITION_SHAPE($,$,#76);
#12675=PRODUCT_DEFINITION_SHAPE($,$,#77);
#12676=PRODUCT_DEFINITION_SHAPE($,$,#78);
#12677=PRODUCT_DEFINITION_SHAPE($,$,#79);
#12678=PRODUCT_DEFINITION_SHAPE($,$,#80);
#12679=PRODUCT_DEFINITION_SHAPE($,$,#81);
#12680=PRODUCT_DEFINITION_SHAPE($,$,#82);
#12681=PRODUCT_DEFINITION_SHAPE($,$,#83);
#12682=PRODUCT_DEFINITION_SHAPE($,$,#84);
#12683=PRODUCT_DEFINITION_SHAPE($,$,#85);
#12684=PRODUCT_DEFINITION_SHAPE($,$,#86);
#12685=SHAPE_REPRESENTATION('',(#7632,#8341,#8342,#8343,#8344,#8345,#8346,
#8347,#8348,#8349,#8350,#8351,#8352,#8353,#8354,#8355,#8356,#8357,#8358,
#8359),#12601);
#12686=SHAPE_REPRESENTATION('',(#7633),#12602);
#12687=SHAPE_REPRESENTATION('',(#7806),#12603);
#12688=SHAPE_REPRESENTATION('',(#7867),#12604);
#12689=SHAPE_REPRESENTATION('',(#7973),#12605);
#12690=SHAPE_REPRESENTATION('',(#7992),#12606);
#12691=SHAPE_REPRESENTATION('',(#7999),#12607);
#12692=SHAPE_REPRESENTATION('',(#8016),#12608);
#12693=SHAPE_REPRESENTATION('',(#8023),#12609);
#12694=SHAPE_REPRESENTATION('',(#8030),#12610);
#12695=SHAPE_REPRESENTATION('',(#8069),#12611);
#12696=SHAPE_REPRESENTATION('',(#8088),#12612);
#12697=SHAPE_REPRESENTATION('',(#8100),#12613);
#12698=SHAPE_REPRESENTATION('',(#8111),#12614);
#12699=SHAPE_REPRESENTATION('',(#8118),#12615);
#12700=SHAPE_REPRESENTATION('',(#8144),#12616);
#12701=SHAPE_REPRESENTATION('',(#8161),#12617);
#12702=SHAPE_REPRESENTATION('',(#8178),#12618);
#12703=SHAPE_REPRESENTATION('',(#8191),#12619);
#12704=SHAPE_REPRESENTATION('',(#8232),#12620);
#12705=PRODUCT_DEFINITION_CONTEXT('part definition',#12767,'design');
#12706=PRODUCT_DEFINITION('Trimix_Enclosure_A1',
'Trimix_Enclosure_A1 v1',#12726,#12705);
#12707=PRODUCT_DEFINITION('01 Main housing','01 Main housing',#12727,#12705);
#12708=PRODUCT_DEFINITION('02 Single rear cover','02 Single rear cover',
#12728,#12705);
#12709=PRODUCT_DEFINITION('03 Removable sampling chamber',
'03 Removable sampling chamber',#12729,#12705);
#12710=PRODUCT_DEFINITION('04 Internal chamber lid',
'04 Internal chamber lid',#12730,#12705);
#12711=PRODUCT_DEFINITION('05 Feedthrough seal envelope TBD',
'05 Feedthrough seal envelope TBD',#12731,#12705);
#12712=PRODUCT_DEFINITION('06 Gas fitting envelopes TBD',
'06 Gas fitting envelopes TBD',#12732,#12705);
#12713=PRODUCT_DEFINITION('07 Guition 4.3in envelope \X2\2014\X0\ dept
h TBD','07 Guition 4.3in envelope \X2\2014\X0\ depth TBD',#12733,#12705);
#12714=PRODUCT_DEFINITION('08 Active display reference',
'08 Active display reference',#12734,#12705);
#12715=PRODUCT_DEFINITION('09 Removable electronics carrier',
'09 Removable electronics carrier',#12735,#12705);
#12716=PRODUCT_DEFINITION('10 Future PCB and component envelope TBD',
'10 Future PCB and component envelope TBD',#12736,#12705);
#12717=PRODUCT_DEFINITION('11 Protected FMA holder envelope TBD',
'11 Protected FMA holder envelope TBD',#12737,#12705);
#12718=PRODUCT_DEFINITION('12 Two 18650 cell envelopes',
'12 Two 18650 cell envelopes',#12738,#12705);
#12719=PRODUCT_DEFINITION('13 Battery plug and cable clearance TBD',
'13 Battery plug and cable clearance TBD',#12739,#12705);
#12720=PRODUCT_DEFINITION('14 Supported USB-C mounting insert TBD',
'14 Supported USB-C mounting insert TBD',#12740,#12705);
#12721=PRODUCT_DEFINITION('15 USB daughterboard envelope 0.60mm',
'15 USB daughterboard envelope 0.60mm',#12741,#12705);
#12722=PRODUCT_DEFINITION('16 Right momentary button envelope TBD',
'16 Right momentary button envelope TBD',#12742,#12705);
#12723=PRODUCT_DEFINITION('18 Wiring route clearance envelopes',
'18 Wiring route clearance envelopes',#12743,#12705);
#12724=PRODUCT_DEFINITION('17 Chamber sensor envelopes TBD',
'17 Chamber sensor envelopes TBD',#12744,#12705);
#12725=PRODUCT_DEFINITION('19 Rear M3 fastener envelopes TBD',
'19 Rear M3 fastener envelopes TBD',#12745,#12705);
#12726=PRODUCT_DEFINITION_FORMATION('',$,#12769);
#12727=PRODUCT_DEFINITION_FORMATION('',$,#12770);
#12728=PRODUCT_DEFINITION_FORMATION('',$,#12771);
#12729=PRODUCT_DEFINITION_FORMATION('',$,#12772);
#12730=PRODUCT_DEFINITION_FORMATION('',$,#12773);
#12731=PRODUCT_DEFINITION_FORMATION('',$,#12774);
#12732=PRODUCT_DEFINITION_FORMATION('',$,#12775);
#12733=PRODUCT_DEFINITION_FORMATION('',$,#12776);
#12734=PRODUCT_DEFINITION_FORMATION('',$,#12777);
#12735=PRODUCT_DEFINITION_FORMATION('',$,#12778);
#12736=PRODUCT_DEFINITION_FORMATION('',$,#12779);
#12737=PRODUCT_DEFINITION_FORMATION('',$,#12780);
#12738=PRODUCT_DEFINITION_FORMATION('',$,#12781);
#12739=PRODUCT_DEFINITION_FORMATION('',$,#12782);
#12740=PRODUCT_DEFINITION_FORMATION('',$,#12783);
#12741=PRODUCT_DEFINITION_FORMATION('',$,#12784);
#12742=PRODUCT_DEFINITION_FORMATION('',$,#12785);
#12743=PRODUCT_DEFINITION_FORMATION('',$,#12786);
#12744=PRODUCT_DEFINITION_FORMATION('',$,#12787);
#12745=PRODUCT_DEFINITION_FORMATION('',$,#12788);
#12746=PRODUCT_RELATED_PRODUCT_CATEGORY('Trimix_Enclosure_A1 v1',
'Trimix_Enclosure_A1 v1',(#12769));
#12747=PRODUCT_RELATED_PRODUCT_CATEGORY('01 Main housing',
'01 Main housing',(#12770));
#12748=PRODUCT_RELATED_PRODUCT_CATEGORY('02 Single rear cover',
'02 Single rear cover',(#12771));
#12749=PRODUCT_RELATED_PRODUCT_CATEGORY('03 Removable sampling chamber',
'03 Removable sampling chamber',(#12772));
#12750=PRODUCT_RELATED_PRODUCT_CATEGORY('04 Internal chamber lid',
'04 Internal chamber lid',(#12773));
#12751=PRODUCT_RELATED_PRODUCT_CATEGORY(
'05 Feedthrough seal envelope TBD','05 Feedthrough seal envelope TBD',(#12774));
#12752=PRODUCT_RELATED_PRODUCT_CATEGORY('06 Gas fitting envelopes TBD',
'06 Gas fitting envelopes TBD',(#12775));
#12753=PRODUCT_RELATED_PRODUCT_CATEGORY(
'07 Guition 4.3in envelope \X2\2014\X0\ depth TBD',
'07 Guition 4.3in envelope \X2\2014\X0\ depth TBD',(#12776));
#12754=PRODUCT_RELATED_PRODUCT_CATEGORY('08 Active display reference',
'08 Active display reference',(#12777));
#12755=PRODUCT_RELATED_PRODUCT_CATEGORY(
'09 Removable electronics carrier','09 Removable electronics carrier',(#12778));
#12756=PRODUCT_RELATED_PRODUCT_CATEGORY(
'10 Future PCB and component envelope TBD',
'10 Future PCB and component envelope TBD',(#12779));
#12757=PRODUCT_RELATED_PRODUCT_CATEGORY(
'11 Protected FMA holder envelope TBD',
'11 Protected FMA holder envelope TBD',(#12780));
#12758=PRODUCT_RELATED_PRODUCT_CATEGORY('12 Two 18650 cell envelopes',
'12 Two 18650 cell envelopes',(#12781));
#12759=PRODUCT_RELATED_PRODUCT_CATEGORY(
'13 Battery plug and cable clearance TBD',
'13 Battery plug and cable clearance TBD',(#12782));
#12760=PRODUCT_RELATED_PRODUCT_CATEGORY(
'14 Supported USB-C mounting insert TBD',
'14 Supported USB-C mounting insert TBD',(#12783));
#12761=PRODUCT_RELATED_PRODUCT_CATEGORY(
'15 USB daughterboard envelope 0.60mm',
'15 USB daughterboard envelope 0.60mm',(#12784));
#12762=PRODUCT_RELATED_PRODUCT_CATEGORY(
'16 Right momentary button envelope TBD',
'16 Right momentary button envelope TBD',(#12785));
#12763=PRODUCT_RELATED_PRODUCT_CATEGORY(
'18 Wiring route clearance envelopes',
'18 Wiring route clearance envelopes',(#12786));
#12764=PRODUCT_RELATED_PRODUCT_CATEGORY(
'17 Chamber sensor envelopes TBD','17 Chamber sensor envelopes TBD',(#12787));
#12765=PRODUCT_RELATED_PRODUCT_CATEGORY(
'19 Rear M3 fastener envelopes TBD','19 Rear M3 fastener envelopes TBD',
(#12788));
#12766=APPLICATION_PROTOCOL_DEFINITION('international standard',
'automotive_design',2009,#12767);
#12767=APPLICATION_CONTEXT(
'Core Data for Automotive Mechanical Design Process');
#12768=PRODUCT_CONTEXT('part definition',#12767,'mechanical');
#12769=PRODUCT('Trimix_Enclosure_A1','Trimix_Enclosure_A1 v1',$,(#12768));
#12770=PRODUCT('01 Main housing','01 Main housing',$,(#12768));
#12771=PRODUCT('02 Single rear cover','02 Single rear cover',$,(#12768));
#12772=PRODUCT('03 Removable sampling chamber',
'03 Removable sampling chamber',$,(#12768));
#12773=PRODUCT('04 Internal chamber lid','04 Internal chamber lid',$,(#12768));
#12774=PRODUCT('05 Feedthrough seal envelope TBD',
'05 Feedthrough seal envelope TBD',$,(#12768));
#12775=PRODUCT('06 Gas fitting envelopes TBD',
'06 Gas fitting envelopes TBD',$,(#12768));
#12776=PRODUCT('07 Guition 4.3in envelope \X2\2014\X0\ depth TBD',
'07 Guition 4.3in envelope \X2\2014\X0\ depth TBD',$,(#12768));
#12777=PRODUCT('08 Active display reference',
'08 Active display reference',$,(#12768));
#12778=PRODUCT('09 Removable electronics carrier',
'09 Removable electronics carrier',$,(#12768));
#12779=PRODUCT('10 Future PCB and component envelope TBD',
'10 Future PCB and component envelope TBD',$,(#12768));
#12780=PRODUCT('11 Protected FMA holder envelope TBD',
'11 Protected FMA holder envelope TBD',$,(#12768));
#12781=PRODUCT('12 Two 18650 cell envelopes',
'12 Two 18650 cell envelopes',$,(#12768));
#12782=PRODUCT('13 Battery plug and cable clearance TBD',
'13 Battery plug and cable clearance TBD',$,(#12768));
#12783=PRODUCT('14 Supported USB-C mounting insert TBD',
'14 Supported USB-C mounting insert TBD',$,(#12768));
#12784=PRODUCT('15 USB daughterboard envelope 0.60mm',
'15 USB daughterboard envelope 0.60mm',$,(#12768));
#12785=PRODUCT('16 Right momentary button envelope TBD',
'16 Right momentary button envelope TBD',$,(#12768));
#12786=PRODUCT('18 Wiring route clearance envelopes',
'18 Wiring route clearance envelopes',$,(#12768));
#12787=PRODUCT('17 Chamber sensor envelopes TBD',
'17 Chamber sensor envelopes TBD',$,(#12768));
#12788=PRODUCT('19 Rear M3 fastener envelopes TBD',
'19 Rear M3 fastener envelopes TBD',$,(#12768));
#12789=PRESENTATION_STYLE_ASSIGNMENT((#12796));
#12790=PRESENTATION_STYLE_ASSIGNMENT((#12797));
#12791=PRESENTATION_STYLE_ASSIGNMENT((#12798));
#12792=PRESENTATION_STYLE_ASSIGNMENT((#12799));
#12793=PRESENTATION_STYLE_ASSIGNMENT((#12800));
#12794=PRESENTATION_STYLE_ASSIGNMENT((#12801));
#12795=PRESENTATION_STYLE_ASSIGNMENT((#12802));
#12796=SURFACE_STYLE_USAGE(.BOTH.,#12803);
#12797=SURFACE_STYLE_USAGE(.BOTH.,#12804);
#12798=SURFACE_STYLE_USAGE(.BOTH.,#12805);
#12799=SURFACE_STYLE_USAGE(.BOTH.,#12806);
#12800=SURFACE_STYLE_USAGE(.BOTH.,#12807);
#12801=SURFACE_STYLE_USAGE(.BOTH.,#12808);
#12802=SURFACE_STYLE_USAGE(.BOTH.,#12809);
#12803=SURFACE_SIDE_STYLE('',(#12810));
#12804=SURFACE_SIDE_STYLE('',(#12811));
#12805=SURFACE_SIDE_STYLE('',(#12812));
#12806=SURFACE_SIDE_STYLE('',(#12813));
#12807=SURFACE_SIDE_STYLE('',(#12814));
#12808=SURFACE_SIDE_STYLE('',(#12815));
#12809=SURFACE_SIDE_STYLE('',(#12816));
#12810=SURFACE_STYLE_FILL_AREA(#12817);
#12811=SURFACE_STYLE_FILL_AREA(#12818);
#12812=SURFACE_STYLE_FILL_AREA(#12819);
#12813=SURFACE_STYLE_FILL_AREA(#12820);
#12814=SURFACE_STYLE_FILL_AREA(#12821);
#12815=SURFACE_STYLE_FILL_AREA(#12822);
#12816=SURFACE_STYLE_FILL_AREA(#12823);
#12817=FILL_AREA_STYLE('Steel - Satin',(#12824));
#12818=FILL_AREA_STYLE('Trimix case',(#12825));
#12819=FILL_AREA_STYLE('Trimix blue',(#12826));
#12820=FILL_AREA_STYLE('Trimix dark',(#12827));
#12821=FILL_AREA_STYLE('Trimix green',(#12828));
#12822=FILL_AREA_STYLE('Trimix red',(#12829));
#12823=FILL_AREA_STYLE('Trimix brass',(#12830));
#12824=FILL_AREA_STYLE_COLOUR('Steel - Satin',#12831);
#12825=FILL_AREA_STYLE_COLOUR('Trimix case',#12832);
#12826=FILL_AREA_STYLE_COLOUR('Trimix blue',#12833);
#12827=FILL_AREA_STYLE_COLOUR('Trimix dark',#12834);
#12828=FILL_AREA_STYLE_COLOUR('Trimix green',#12835);
#12829=FILL_AREA_STYLE_COLOUR('Trimix red',#12836);
#12830=FILL_AREA_STYLE_COLOUR('Trimix brass',#12837);
#12831=COLOUR_RGB('Steel - Satin',0.627450980392157,0.627450980392157,0.627450980392157);
#12832=COLOUR_RGB('Trimix case',0.701960784313725,0.701960784313725,0.701960784313725);
#12833=COLOUR_RGB('Trimix blue',0.188235294117647,0.231372549019608,0.588235294117647);
#12834=COLOUR_RGB('Trimix dark',0.0980392156862745,0.0980392156862745,0.0980392156862745);
#12835=COLOUR_RGB('Trimix green',0.266666666666667,0.588235294117647,0.282352941176471);
#12836=COLOUR_RGB('Trimix red',0.768627450980392,0.207843137254902,0.152941176470588);
#12837=COLOUR_RGB('Trimix brass',0.952941176470588,0.796078431372549,0.486274509803922);
ENDSEC;
END-ISO-10303-21;
