pair_index,source,target,category,temperature_C,finished_height_mm,plating_um,geometry_case,trace_and_barrel_full_item_ohm,mV_per_A,mW_per_A_squared
0,J101.1,U115.5,source_trunk,20,1.44,20,native_nominal,0.024676580786750425,24.676580786750424,24.676580786750424
0,J101.1,U115.5,source_trunk,20,1.44,20,width_minus_25um_copper_80pct,0.03385576323977679,33.85576323977679,33.85576323977679
0,J101.1,U115.5,source_trunk,20,1.44,25,native_nominal,0.024655236804862778,24.655236804862778,24.655236804862778
0,J101.1,U115.5,source_trunk,20,1.44,25,width_minus_25um_copper_80pct,0.033834419257889145,33.834419257889145,33.834419257889145
0,J101.1,U115.5,source_trunk,20,1.6,20,native_nominal,0.02468775114764171,24.68775114764171,24.68775114764171
0,J101.1,U115.5,source_trunk,20,1.6,20,width_minus_25um_copper_80pct,0.03386693360066807,33.86693360066807,33.86693360066807
0,J101.1,U115.5,source_trunk,20,1.6,25,native_nominal,0.024664035612210988,24.664035612210988,24.664035612210988
0,J101.1,U115.5,source_trunk,20,1.6,25,width_minus_25um_copper_80pct,0.03384321806523735,33.84321806523735,33.84321806523735
0,J101.1,U115.5,source_trunk,20,1.76,20,native_nominal,0.024698921508532992,24.698921508532994,24.698921508532994
0,J101.1,U115.5,source_trunk,20,1.76,20,width_minus_25um_copper_80pct,0.03387810396155935,33.878103961559354,33.878103961559354
0,J101.1,U115.5,source_trunk,20,1.76,25,native_nominal,0.024672834419559198,24.672834419559198,24.672834419559198
0,J101.1,U115.5,source_trunk,20,1.76,25,width_minus_25um_copper_80pct,0.03385201687258556,33.85201687258556,33.85201687258556
0,J101.1,U115.5,source_trunk,60,1.44,20,native_nominal,0.02855573928642759,28.555739286427592,28.555739286427592
0,J101.1,U115.5,source_trunk,60,1.44,20,width_minus_25um_copper_80pct,0.039177889221069705,39.177889221069705,39.177889221069705
0,J101.1,U115.5,source_trunk,60,1.44,25,native_nominal,0.028531040030587203,28.531040030587203,28.531040030587203
0,J101.1,U115.5,source_trunk,60,1.44,25,width_minus_25um_copper_80pct,0.03915318996522932,39.153189965229316,39.153189965229316
0,J101.1,U115.5,source_trunk,60,1.6,20,native_nominal,0.028568665628050983,28.568665628050983,28.568665628050983
0,J101.1,U115.5,source_trunk,60,1.6,20,width_minus_25um_copper_80pct,0.0391908155626931,39.190815562693096,39.190815562693096
0,J101.1,U115.5,source_trunk,60,1.6,25,native_nominal,0.02854122201045055,28.54122201045055,28.54122201045055
0,J101.1,U115.5,source_trunk,60,1.6,25,width_minus_25um_copper_80pct,0.039163371945092666,39.16337194509266,39.16337194509266
0,J101.1,U115.5,source_trunk,60,1.76,20,native_nominal,0.028581591969674375,28.581591969674374,28.581591969674374
0,J101.1,U115.5,source_trunk,60,1.76,20,width_minus_25um_copper_80pct,0.03920374190431649,39.20374190431649,39.20374190431649
0,J101.1,U115.5,source_trunk,60,1.76,25,native_nominal,0.0285514039903139,28.5514039903139,28.5514039903139
0,J101.1,U115.5,source_trunk,60,1.76,25,width_minus_25um_copper_80pct,0.039173553924956014,39.17355392495602,39.17355392495602
0,J101.1,U115.5,source_trunk,85,1.44,20,native_nominal,0.030980213348725822,30.980213348725822,30.980213348725822
0,J101.1,U115.5,source_trunk,85,1.44,20,width_minus_25um_copper_80pct,0.04250421795937777,42.50421795937777,42.50421795937777
0,J101.1,U115.5,source_trunk,85,1.44,25,native_nominal,0.03095341704666497,30.95341704666497,30.95341704666497
0,J101.1,U115.5,source_trunk,85,1.44,25,width_minus_25um_copper_80pct,0.04247742165731691,42.47742165731691,42.47742165731691
0,J101.1,U115.5,source_trunk,85,1.6,20,native_nominal,0.030994237178306783,30.994237178306783,30.994237178306783
0,J101.1,U115.5,source_trunk,85,1.6,20,width_minus_25um_copper_80pct,0.04251824178895873,42.51824178895873,42.51824178895873
0,J101.1,U115.5,source_trunk,85,1.6,25,native_nominal,0.030964463509350282,30.96446350935028,30.96446350935028
0,J101.1,U115.5,source_trunk,85,1.6,25,width_minus_25um_copper_80pct,0.042488468120002225,42.488468120002224,42.488468120002224
0,J101.1,U115.5,source_trunk,85,1.76,20,native_nominal,0.03100826100788774,31.008261007887743,31.008261007887743
0,J101.1,U115.5,source_trunk,85,1.76,20,width_minus_25um_copper_80pct,0.042532265618539684,42.53226561853968,42.53226561853968
0,J101.1,U115.5,source_trunk,85,1.76,25,native_nominal,0.030975509972035593,30.975509972035592,30.975509972035592
0,J101.1,U115.5,source_trunk,85,1.76,25,width_minus_25um_copper_80pct,0.04249951458268754,42.49951458268754,42.49951458268754
1,J101.1,C115.1,source_trunk,20,1.44,20,native_nominal,0.018414911195311103,18.414911195311102,18.414911195311102
1,J101.1,C115.1,source_trunk,20,1.44,20,width_minus_25um_copper_80pct,0.024519703844407627,24.519703844407626,24.519703844407626
1,J101.1,C115.1,source_trunk,20,1.44,25,native_nominal,0.018393567213423456,18.393567213423456,18.393567213423456
1,J101.1,C115.1,source_trunk,20,1.44,25,width_minus_25um_copper_80pct,0.02449835986251998,24.49835986251998,24.49835986251998
1,J101.1,C115.1,source_trunk,20,1.6,20,native_nominal,0.018426081556202387,18.426081556202387,18.426081556202387
1,J101.1,C115.1,source_trunk,20,1.6,20,width_minus_25um_copper_80pct,0.02453087420529891,24.53087420529891,24.53087420529891
1,J101.1,C115.1,source_trunk,20,1.6,25,native_nominal,0.018402366020771666,18.402366020771666,18.402366020771666
1,J101.1,C115.1,source_trunk,20,1.6,25,width_minus_25um_copper_80pct,0.02450715866986819,24.50715866986819,24.50715866986819
1,J101.1,C115.1,source_trunk,20,1.76,20,native_nominal,0.01843725191709367,18.43725191709367,18.43725191709367
1,J101.1,C115.1,source_trunk,20,1.76,20,width_minus_25um_copper_80pct,0.024542044566190194,24.542044566190196,24.542044566190196
1,J101.1,C115.1,source_trunk,20,1.76,25,native_nominal,0.018411164828119875,18.411164828119876,18.411164828119876
1,J101.1,C115.1,source_trunk,20,1.76,25,width_minus_25um_copper_80pct,0.0245159574772164,24.5159574772164,24.5159574772164
1,J101.1,C115.1,source_trunk,60,1.44,20,native_nominal,0.021309735235214008,21.309735235214006,21.309735235214006
1,J101.1,C115.1,source_trunk,60,1.44,20,width_minus_25um_copper_80pct,0.028374201288748506,28.374201288748505,28.374201288748505
1,J101.1,C115.1,source_trunk,60,1.44,25,native_nominal,0.02128503597937362,21.28503597937362,21.28503597937362
1,J101.1,C115.1,source_trunk,60,1.44,25,width_minus_25um_copper_80pct,0.02834950203290812,28.34950203290812,28.34950203290812
1,J101.1,C115.1,source_trunk,60,1.6,20,native_nominal,0.0213226615768374,21.3226615768374,21.3226615768374
1,J101.1,C115.1,source_trunk,60,1.6,20,width_minus_25um_copper_80pct,0.0283871276303719,28.3871276303719,28.3871276303719
1,J101.1,C115.1,source_trunk,60,1.6,25,native_nominal,0.02129521795923697,21.295217959236968,21.295217959236968
1,J101.1,C115.1,source_trunk,60,1.6,25,width_minus_25um_copper_80pct,0.028359684012771467,28.359684012771467,28.359684012771467
1,J101.1,C115.1,source_trunk,60,1.76,20,native_nominal,0.021335587918460793,21.335587918460792,21.335587918460792
1,J101.1,C115.1,source_trunk,60,1.76,20,width_minus_25um_copper_80pct,0.02840005397199529,28.40005397199529,28.40005397199529
1,J101.1,C115.1,source_trunk,60,1.76,25,native_nominal,0.021305399939100318,21.30539993910032,21.30539993910032
1,J101.1,C115.1,source_trunk,60,1.76,25,width_minus_25um_copper_80pct,0.028369865992634816,28.369865992634814,28.369865992634814
1,J101.1,C115.1,source_trunk,85,1.44,20,native_nominal,0.023119000260153327,23.119000260153328,23.119000260153328
1,J101.1,C115.1,source_trunk,85,1.44,20,width_minus_25um_copper_80pct,0.030783262191461554,30.783262191461553,30.783262191461553
1,J101.1,C115.1,source_trunk,85,1.44,25,native_nominal,0.023092203958092476,23.092203958092476,23.092203958092476
1,J101.1,C115.1,source_trunk,85,1.44,25,width_minus_25um_copper_80pct,0.030756465889400703,30.7564658894007,30.7564658894007
1,J101.1,C115.1,source_trunk,85,1.6,20,native_nominal,0.023133024089734288,23.13302408973429,23.13302408973429
1,J101.1,C115.1,source_trunk,85,1.6,20,width_minus_25um_copper_80pct,0.030797286021042515,30.797286021042517,30.797286021042517
1,J101.1,C115.1,source_trunk,85,1.6,25,native_nominal,0.023103250420777786,23.103250420777787,23.103250420777787
1,J101.1,C115.1,source_trunk,85,1.6,25,width_minus_25um_copper_80pct,0.030767512352086013,30.767512352086012,30.767512352086012
1,J101.1,C115.1,source_trunk,85,1.76,20,native_nominal,0.023147047919315246,23.147047919315245,23.147047919315245
1,J101.1,C115.1,source_trunk,85,1.76,20,width_minus_25um_copper_80pct,0.030811309850623473,30.811309850623473,30.811309850623473
1,J101.1,C115.1,source_trunk,85,1.76,25,native_nominal,0.023114296883463097,23.114296883463098,23.114296883463098
1,J101.1,C115.1,source_trunk,85,1.76,25,width_minus_25um_copper_80pct,0.030778558814771324,30.778558814771323,30.778558814771323
2,U115.6,U114.2,source_trunk,20,1.44,20,native_nominal,0.014973180079863622,14.973180079863623,14.973180079863623
2,U115.6,U114.2,source_trunk,20,1.44,20,width_minus_25um_copper_80pct,0.019702381438795012,19.702381438795012,19.702381438795012
2,U115.6,U114.2,source_trunk,20,1.44,25,native_nominal,0.01465919415242632,14.65919415242632,14.65919415242632
2,U115.6,U114.2,source_trunk,20,1.44,25,width_minus_25um_copper_80pct,0.01938839551135771,19.388395511357707,19.388395511357707
2,U115.6,U114.2,source_trunk,20,1.6,20,native_nominal,0.015135790494261472,15.135790494261471,15.135790494261471
2,U115.6,U114.2,source_trunk,20,1.6,20,width_minus_25um_copper_80pct,0.019864991853192862,19.864991853192862,19.864991853192862
2,U115.6,U114.2,source_trunk,20,1.6,25,native_nominal,0.014786917241553359,14.78691724155336,14.78691724155336
2,U115.6,U114.2,source_trunk,20,1.6,25,width_minus_25um_copper_80pct,0.019516118600484748,19.51611860048475,19.51611860048475
2,U115.6,U114.2,source_trunk,20,1.76,20,native_nominal,0.015298400908659322,15.298400908659321,15.298400908659321
2,U115.6,U114.2,source_trunk,20,1.76,20,width_minus_25um_copper_80pct,0.020027602267590712,20.027602267590712,20.027602267590712
2,U115.6,U114.2,source_trunk,20,1.76,25,native_nominal,0.014914640330680396,14.914640330680395,14.914640330680395
2,U115.6,U114.2,source_trunk,20,1.76,25,width_minus_25um_copper_80pct,0.019643841689611787,19.643841689611786,19.643841689611786
2,U115.6,U114.2,source_trunk,60,1.44,20,native_nominal,0.017326963988418185,17.326963988418186,17.326963988418186
2,U115.6,U114.2,source_trunk,60,1.44,20,width_minus_25um_copper_80pct,0.022799595800973585,22.799595800973584,22.799595800973584
2,U115.6,U114.2,source_trunk,60,1.44,25,native_nominal,0.016963619473187738,16.963619473187737,16.963619473187737
2,U115.6,U114.2,source_trunk,60,1.44,25,width_minus_25um_copper_80pct,0.022436251285743135,22.436251285743136,22.436251285743136
2,U115.6,U114.2,source_trunk,60,1.6,20,native_nominal,0.017515136759959377,17.51513675995938,17.51513675995938
2,U115.6,U114.2,source_trunk,60,1.6,20,width_minus_25um_copper_80pct,0.022987768572514774,22.987768572514774,22.987768572514774
2,U115.6,U114.2,source_trunk,60,1.6,25,native_nominal,0.017111420631925545,17.111420631925544,17.111420631925544
2,U115.6,U114.2,source_trunk,60,1.6,25,width_minus_25um_copper_80pct,0.022584052444480945,22.584052444480946,22.584052444480946
2,U115.6,U114.2,source_trunk,60,1.76,20,native_nominal,0.01770330953150057,17.70330953150057,17.70330953150057
2,U115.6,U114.2,source_trunk,60,1.76,20,width_minus_25um_copper_80pct,0.023175941344055966,23.175941344055968,23.175941344055968
2,U115.6,U114.2,source_trunk,60,1.76,25,native_nominal,0.017259221790663356,17.259221790663357,17.259221790663357
2,U115.6,U114.2,source_trunk,60,1.76,25,width_minus_25um_copper_80pct,0.022731853603218756,22.731853603218756,22.731853603218756
2,U115.6,U114.2,source_trunk,85,1.44,20,native_nominal,0.018798078931264783,18.798078931264783,18.798078931264783
2,U115.6,U114.2,source_trunk,85,1.44,20,width_minus_25um_copper_80pct,0.024735354777335197,24.735354777335196,24.735354777335196
2,U115.6,U114.2,source_trunk,85,1.44,25,native_nominal,0.018403885298663623,18.403885298663624,18.403885298663624
2,U115.6,U114.2,source_trunk,85,1.44,25,width_minus_25um_copper_80pct,0.024341161144734034,24.341161144734034,24.341161144734034
2,U115.6,U114.2,source_trunk,85,1.6,20,native_nominal,0.01900222817602057,19.00222817602057,19.00222817602057
2,U115.6,U114.2,source_trunk,85,1.6,20,width_minus_25um_copper_80pct,0.024939504022090976,24.939504022090976,24.939504022090976
2,U115.6,U114.2,source_trunk,85,1.6,25,native_nominal,0.018564235250908168,18.56423525090817,18.56423525090817
2,U115.6,U114.2,source_trunk,85,1.6,25,width_minus_25um_copper_80pct,0.024501511096978575,24.501511096978575,24.501511096978575
2,U115.6,U114.2,source_trunk,85,1.76,20,native_nominal,0.019206377420776348,19.20637742077635,19.20637742077635
2,U115.6,U114.2,source_trunk,85,1.76,20,width_minus_25um_copper_80pct,0.025143653266846755,25.143653266846755,25.143653266846755
2,U115.6,U114.2,source_trunk,85,1.76,25,native_nominal,0.018724585203152705,18.724585203152706,18.724585203152706
2,U115.6,U114.2,source_trunk,85,1.76,25,width_minus_25um_copper_80pct,0.024661861049223115,24.661861049223116,24.661861049223116
3,U115.6,C114.1,source_trunk,20,1.44,20,native_nominal,0.020765352530747332,20.765352530747332,20.765352530747332
3,U115.6,C114.1,source_trunk,20,1.44,20,width_minus_25um_copper_80pct,0.02701367042852873,27.01367042852873,27.01367042852873
3,U115.6,C114.1,source_trunk,20,1.44,25,native_nominal,0.020189204216943802,20.189204216943804,20.189204216943804
3,U115.6,C114.1,source_trunk,20,1.44,25,width_minus_25um_copper_80pct,0.0264375221147252,26.4375221147252,26.4375221147252
3,U115.6,C114.1,source_trunk,20,1.6,20,native_nominal,0.02106516548229337,21.06516548229337,21.06516548229337
3,U115.6,C114.1,source_trunk,20,1.6,20,width_minus_25um_copper_80pct,0.027313483380074766,27.313483380074768,27.313483380074768
3,U115.6,C114.1,source_trunk,20,1.6,25,native_nominal,0.020425000689178335,20.425000689178333,20.425000689178333
3,U115.6,C114.1,source_trunk,20,1.6,25,width_minus_25um_copper_80pct,0.026673318586959732,26.67331858695973,26.67331858695973
3,U115.6,C114.1,source_trunk,20,1.76,20,native_nominal,0.0213649784338394,21.3649784338394,21.3649784338394
3,U115.6,C114.1,source_trunk,20,1.76,20,width_minus_25um_copper_80pct,0.0276132963316208,27.6132963316208,27.6132963316208
3,U115.6,C114.1,source_trunk,20,1.76,25,native_nominal,0.020660797161412867,20.660797161412866,20.660797161412866
3,U115.6,C114.1,source_trunk,20,1.76,25,width_minus_25um_copper_80pct,0.026909115059194265,26.909115059194264,26.909115059194264
3,U115.6,C114.1,source_trunk,60,1.44,20,native_nominal,0.02402966594858081,24.02966594858081,24.02966594858081
3,U115.6,C114.1,source_trunk,60,1.44,20,width_minus_25um_copper_80pct,0.031260219419893445,31.260219419893446,31.260219419893446
3,U115.6,C114.1,source_trunk,60,1.44,25,native_nominal,0.023362947119847367,23.362947119847366,23.362947119847366
3,U115.6,C114.1,source_trunk,60,1.44,25,width_minus_25um_copper_80pct,0.030593500591160002,30.59350059116,30.59350059116
3,U115.6,C114.1,source_trunk,60,1.6,20,native_nominal,0.024376609496109883,24.376609496109882,24.376609496109882
3,U115.6,C114.1,source_trunk,60,1.6,20,width_minus_25um_copper_80pct,0.03160716296742251,31.60716296742251,31.60716296742251
3,U115.6,C114.1,source_trunk,60,1.6,25,native_nominal,0.023635810797517167,23.635810797517166,23.635810797517166
3,U115.6,C114.1,source_trunk,60,1.6,25,width_minus_25um_copper_80pct,0.030866364268829802,30.866364268829802,30.866364268829802
3,U115.6,C114.1,source_trunk,60,1.76,20,native_nominal,0.024723553043638956,24.723553043638955,24.723553043638955
3,U115.6,C114.1,source_trunk,60,1.76,20,width_minus_25um_copper_80pct,0.03195410651495159,31.95410651495159,31.95410651495159
3,U115.6,C114.1,source_trunk,60,1.76,25,native_nominal,0.02390867447518697,23.90867447518697,23.90867447518697
3,U115.6,C114.1,source_trunk,60,1.76,25,width_minus_25um_copper_80pct,0.03113922794649961,31.13922794649961,31.13922794649961
3,U115.6,C114.1,source_trunk,85,1.44,20,native_nominal,0.02606986183472674,26.06986183472674,26.06986183472674
3,U115.6,C114.1,source_trunk,85,1.44,20,width_minus_25um_copper_80pct,0.033914312539496394,33.91431253949639,33.91431253949639
3,U115.6,C114.1,source_trunk,85,1.44,25,native_nominal,0.0253465364341621,25.3465364341621,25.3465364341621
3,U115.6,C114.1,source_trunk,85,1.44,25,width_minus_25um_copper_80pct,0.03319098713893175,33.19098713893175,33.19098713893175
3,U115.6,C114.1,source_trunk,85,1.6,20,native_nominal,0.02644626200474521,26.446262004745208,26.446262004745208
3,U115.6,C114.1,source_trunk,85,1.6,20,width_minus_25um_copper_80pct,0.034290712709514864,34.290712709514864,34.290712709514864
3,U115.6,C114.1,source_trunk,85,1.6,25,native_nominal,0.025642567115228946,25.642567115228946,25.642567115228946
3,U115.6,C114.1,source_trunk,85,1.6,25,width_minus_25um_copper_80pct,0.0334870178199986,33.4870178199986,33.4870178199986
3,U115.6,C114.1,source_trunk,85,1.76,20,native_nominal,0.02682266217476368,26.82266217476368,26.82266217476368
3,U115.6,C114.1,source_trunk,85,1.76,20,width_minus_25um_copper_80pct,0.03466711287953333,34.66711287953333,34.66711287953333
3,U115.6,C114.1,source_trunk,85,1.76,25,native_nominal,0.025938597796295787,25.938597796295788,25.938597796295788
3,U115.6,C114.1,source_trunk,85,1.76,25,width_minus_25um_copper_80pct,0.03378304850106544,33.783048501065444,33.783048501065444
4,U114.5,U101.1,source_trunk,20,1.44,20,native_nominal,0.041657899963617795,41.657899963617794,41.657899963617794
4,U114.5,U101.1,source_trunk,20,1.44,20,width_minus_25um_copper_80pct,0.05478767356061565,54.78767356061565,54.78767356061565
4,U114.5,U101.1,source_trunk,20,1.44,25,native_nominal,0.04117626315466066,41.17626315466066,41.17626315466066
4,U114.5,U101.1,source_trunk,20,1.44,25,width_minus_25um_copper_80pct,0.0543060367516585,54.3060367516585,54.3060367516585
4,U114.5,U101.1,source_trunk,20,1.6,20,native_nominal,0.04190996431613161,41.90996431613161,41.90996431613161
4,U114.5,U101.1,source_trunk,20,1.6,20,width_minus_25um_copper_80pct,0.055039737913129466,55.039737913129464,55.039737913129464
4,U114.5,U101.1,source_trunk,20,1.6,25,native_nominal,0.041374812306179225,41.37481230617922,41.37481230617922
4,U114.5,U101.1,source_trunk,20,1.6,25,width_minus_25um_copper_80pct,0.05450458590317707,54.504585903177066,54.504585903177066
4,U114.5,U101.1,source_trunk,20,1.76,20,native_nominal,0.04216202866864541,42.162028668645405,42.162028668645405
4,U114.5,U101.1,source_trunk,20,1.76,20,width_minus_25um_copper_80pct,0.055291802265643265,55.29180226564326,55.29180226564326
4,U114.5,U101.1,source_trunk,20,1.76,25,native_nominal,0.04157336145769779,41.57336145769779,41.57336145769779
4,U114.5,U101.1,source_trunk,20,1.76,25,width_minus_25um_copper_80pct,0.05470313505469564,54.703135054695636,54.703135054695636
4,U114.5,U101.1,source_trunk,60,1.44,20,native_nominal,0.04820652183789852,48.206521837898514,48.206521837898514
4,U114.5,U101.1,source_trunk,60,1.44,20,width_minus_25um_copper_80pct,0.06340029584434444,63.400295844344434,63.400295844344434
4,U114.5,U101.1,source_trunk,60,1.44,25,native_nominal,0.0476491717225733,47.6491717225733,47.6491717225733
4,U114.5,U101.1,source_trunk,60,1.44,25,width_minus_25um_copper_80pct,0.06284294572901922,62.84294572901922,62.84294572901922
4,U114.5,U101.1,source_trunk,60,1.6,20,native_nominal,0.04849821070662749,48.49821070662749,48.49821070662749
4,U114.5,U101.1,source_trunk,60,1.6,20,width_minus_25um_copper_80pct,0.06369198471307341,63.69198471307341,63.69198471307341
4,U114.5,U101.1,source_trunk,60,1.6,25,native_nominal,0.04787893280071058,47.87893280071058,47.87893280071058
4,U114.5,U101.1,source_trunk,60,1.6,25,width_minus_25um_copper_80pct,0.06307270680715651,63.072706807156514,63.072706807156514
4,U114.5,U101.1,source_trunk,60,1.76,20,native_nominal,0.04878989957535647,48.78989957535647,48.78989957535647
4,U114.5,U101.1,source_trunk,60,1.76,20,width_minus_25um_copper_80pct,0.06398367358180239,63.983673581802385,63.983673581802385
4,U114.5,U101.1,source_trunk,60,1.76,25,native_nominal,0.04810869387884787,48.10869387884787,48.10869387884787
4,U114.5,U101.1,source_trunk,60,1.76,25,width_minus_25um_copper_80pct,0.0633024678852938,63.3024678852938,63.3024678852938
4,U114.5,U101.1,source_trunk,85,1.44,20,native_nominal,0.052299410509323976,52.29941050932398,52.29941050932398
4,U114.5,U101.1,source_trunk,85,1.44,20,width_minus_25um_copper_80pct,0.06878318477167492,68.78318477167491,68.78318477167491
4,U114.5,U101.1,source_trunk,85,1.44,25,native_nominal,0.05169473957751872,51.69473957751872,51.69473957751872
4,U114.5,U101.1,source_trunk,85,1.44,25,width_minus_25um_copper_80pct,0.06817851383986967,68.17851383986967,68.17851383986967
4,U114.5,U101.1,source_trunk,85,1.6,20,native_nominal,0.05261586470068742,52.615864700687425,52.615864700687425
4,U114.5,U101.1,source_trunk,85,1.6,20,width_minus_25um_copper_80pct,0.06909963896303836,69.09963896303836,69.09963896303836
4,U114.5,U101.1,source_trunk,85,1.6,25,native_nominal,0.0519440081097927,51.944008109792705,51.944008109792705
4,U114.5,U101.1,source_trunk,85,1.6,25,width_minus_25um_copper_80pct,0.06842778237214366,68.42778237214365,68.42778237214365
4,U114.5,U101.1,source_trunk,85,1.76,20,native_nominal,0.052932318892050884,52.93231889205089,52.93231889205089
4,U114.5,U101.1,source_trunk,85,1.76,20,width_minus_25um_copper_80pct,0.06941609315440185,69.41609315440185,69.41609315440185
4,U114.5,U101.1,source_trunk,85,1.76,25,native_nominal,0.05219327664206669,52.193276642066685,52.193276642066685
4,U114.5,U101.1,source_trunk,85,1.76,25,width_minus_25um_copper_80pct,0.06867705090441763,68.67705090441763,68.67705090441763
5,U114.5,C101.1,source_trunk,20,1.44,20,native_nominal,0.042088934446376416,42.08893444637641,42.08893444637641
5,U114.5,C101.1,source_trunk,20,1.44,20,width_minus_25um_copper_80pct,0.05536238620429381,55.36238620429381,55.36238620429381
5,U114.5,C101.1,source_trunk,20,1.44,25,native_nominal,0.04160729763741928,41.60729763741928,41.60729763741928
5,U114.5,C101.1,source_trunk,20,1.44,25,width_minus_25um_copper_80pct,0.05488074939533666,54.88074939533666,54.88074939533666
5,U114.5,C101.1,source_trunk,20,1.6,20,native_nominal,0.04234099879889023,42.34099879889023,42.34099879889023
5,U114.5,C101.1,source_trunk,20,1.6,20,width_minus_25um_copper_80pct,0.055614450556807624,55.614450556807626,55.614450556807626
5,U114.5,C101.1,source_trunk,20,1.6,25,native_nominal,0.041805846788937846,41.80584678893785,41.80584678893785
5,U114.5,C101.1,source_trunk,20,1.6,25,width_minus_25um_copper_80pct,0.055079298546855227,55.07929854685523,55.07929854685523
5,U114.5,C101.1,source_trunk,20,1.76,20,native_nominal,0.04259306315140403,42.59306315140403,42.59306315140403
5,U114.5,C101.1,source_trunk,20,1.76,20,width_minus_25um_copper_80pct,0.05586651490932142,55.866514909321424,55.866514909321424
5,U114.5,C101.1,source_trunk,20,1.76,25,native_nominal,0.042004395940456414,42.00439594045641,42.00439594045641
5,U114.5,C101.1,source_trunk,20,1.76,25,width_minus_25um_copper_80pct,0.055277847698373794,55.2778476983738,55.2778476983738
5,U114.5,C101.1,source_trunk,60,1.44,20,native_nominal,0.04870531494134679,48.70531494134679,48.70531494134679
5,U114.5,C101.1,source_trunk,60,1.44,20,width_minus_25um_copper_80pct,0.06406535331560881,64.0653533156088,64.0653533156088
5,U114.5,C101.1,source_trunk,60,1.44,25,native_nominal,0.04814796482602157,48.14796482602157,48.14796482602157
5,U114.5,C101.1,source_trunk,60,1.44,25,width_minus_25um_copper_80pct,0.06350800320028359,63.50800320028359,63.50800320028359
5,U114.5,C101.1,source_trunk,60,1.6,20,native_nominal,0.04899700381007577,48.99700381007577,48.99700381007577
5,U114.5,C101.1,source_trunk,60,1.6,20,width_minus_25um_copper_80pct,0.06435704218433778,64.35704218433779,64.35704218433779
5,U114.5,C101.1,source_trunk,60,1.6,25,native_nominal,0.048377725904158855,48.37772590415886,48.37772590415886
5,U114.5,C101.1,source_trunk,60,1.6,25,width_minus_25um_copper_80pct,0.06373776427842087,63.73776427842087,63.73776427842087
5,U114.5,C101.1,source_trunk,60,1.76,20,native_nominal,0.049288692678804744,49.28869267880474,49.28869267880474
5,U114.5,C101.1,source_trunk,60,1.76,20,width_minus_25um_copper_80pct,0.06464873105306676,64.64873105306675,64.64873105306675
5,U114.5,C101.1,source_trunk,60,1.76,25,native_nominal,0.04860748698229615,48.60748698229615,48.60748698229615
5,U114.5,C101.1,source_trunk,60,1.76,25,width_minus_25um_copper_80pct,0.06396752535655817,63.96752535655817,63.96752535655817
5,U114.5,C101.1,source_trunk,85,1.44,20,native_nominal,0.05284055275070328,52.84055275070328,52.84055275070328
5,U114.5,C101.1,source_trunk,85,1.44,20,width_minus_25um_copper_80pct,0.06950470776018067,69.50470776018066,69.50470776018066
5,U114.5,C101.1,source_trunk,85,1.44,25,native_nominal,0.052235881818898024,52.23588181889802,52.23588181889802
5,U114.5,C101.1,source_trunk,85,1.44,25,width_minus_25um_copper_80pct,0.06890003682837542,68.90003682837542,68.90003682837542
5,U114.5,C101.1,source_trunk,85,1.6,20,native_nominal,0.05315700694206673,53.15700694206673,53.15700694206673
5,U114.5,C101.1,source_trunk,85,1.6,20,width_minus_25um_copper_80pct,0.06982116195154411,69.82116195154411,69.82116195154411
5,U114.5,C101.1,source_trunk,85,1.6,25,native_nominal,0.05248515035117201,52.48515035117201,52.48515035117201
5,U114.5,C101.1,source_trunk,85,1.6,25,width_minus_25um_copper_80pct,0.06914930536064941,69.14930536064941,69.14930536064941
5,U114.5,C101.1,source_trunk,85,1.76,20,native_nominal,0.05347346113343019,53.47346113343019,53.47346113343019
5,U114.5,C101.1,source_trunk,85,1.76,20,width_minus_25um_copper_80pct,0.0701376161429076,70.1376161429076,70.1376161429076
5,U114.5,C101.1,source_trunk,85,1.76,25,native_nominal,0.052734418883445995,52.734418883446,52.734418883446
5,U114.5,C101.1,source_trunk,85,1.76,25,width_minus_25um_copper_80pct,0.06939857389292338,69.39857389292338,69.39857389292338
6,U101.15,C105.1,source_trunk,20,1.44,20,native_nominal,0.057908907994787005,57.90890799478701,57.90890799478701
6,U101.15,C105.1,source_trunk,20,1.44,20,width_minus_25um_copper_80pct,0.07632514678611649,76.32514678611649,76.32514678611649
6,U101.15,C105.1,source_trunk,20,1.44,25,native_nominal,0.05730878331327057,57.308783313270574,57.308783313270574
6,U101.15,C105.1,source_trunk,20,1.44,25,width_minus_25um_copper_80pct,0.07572502210460004,75.72502210460004,75.72502210460004
6,U101.15,C105.1,source_trunk,20,1.6,20,native_nominal,0.05821825970014486,58.21825970014486,58.21825970014486
6,U101.15,C105.1,source_trunk,20,1.6,20,width_minus_25um_copper_80pct,0.07663449849147433,76.63449849147433,76.63449849147433
6,U101.15,C105.1,source_trunk,20,1.6,25,native_nominal,0.057551454498459935,57.55145449845993,57.55145449845993
6,U101.15,C105.1,source_trunk,20,1.6,25,width_minus_25um_copper_80pct,0.0759676932897894,75.96769328978941,75.96769328978941
6,U101.15,C105.1,source_trunk,20,1.76,20,native_nominal,0.058527611405502715,58.52761140550272,58.52761140550272
6,U101.15,C105.1,source_trunk,20,1.76,20,width_minus_25um_copper_80pct,0.07694385019683218,76.94385019683219,76.94385019683219
6,U101.15,C105.1,source_trunk,20,1.76,25,native_nominal,0.05779412568364929,57.79412568364929,57.79412568364929
6,U101.15,C105.1,source_trunk,20,1.76,25,width_minus_25um_copper_80pct,0.07621036447497877,76.21036447497876,76.21036447497876
6,U101.15,C105.1,source_trunk,60,1.44,20,native_nominal,0.06701218833156754,67.01218833156754,67.01218833156754
6,U101.15,C105.1,source_trunk,60,1.44,20,width_minus_25um_copper_80pct,0.08832345986089397,88.32345986089398,88.32345986089398
6,U101.15,C105.1,source_trunk,60,1.44,25,native_nominal,0.0663177240501167,66.3177240501167,66.3177240501167
6,U101.15,C105.1,source_trunk,60,1.44,25,width_minus_25um_copper_80pct,0.08762899557944315,87.62899557944314,87.62899557944314
6,U101.15,C105.1,source_trunk,60,1.6,20,native_nominal,0.06737017012500764,67.37017012500763,67.37017012500763
6,U101.15,C105.1,source_trunk,60,1.6,20,width_minus_25um_copper_80pct,0.08868144165433407,88.68144165433408,88.68144165433408
6,U101.15,C105.1,source_trunk,60,1.6,25,native_nominal,0.06659854314561783,66.59854314561784,66.59854314561784
6,U101.15,C105.1,source_trunk,60,1.6,25,width_minus_25um_copper_80pct,0.08790981467494428,87.90981467494429,87.90981467494429
6,U101.15,C105.1,source_trunk,60,1.76,20,native_nominal,0.06772815191844775,67.72815191844775,67.72815191844775
6,U101.15,C105.1,source_trunk,60,1.76,20,width_minus_25um_copper_80pct,0.08903942344777419,89.03942344777418,89.03942344777418
6,U101.15,C105.1,source_trunk,60,1.76,25,native_nominal,0.06687936224111897,66.87936224111897,66.87936224111897
6,U101.15,C105.1,source_trunk,60,1.76,25,width_minus_25um_copper_80pct,0.0881906337704454,88.1906337704454,88.1906337704454
6,U101.15,C105.1,source_trunk,85,1.44,20,native_nominal,0.07270173854205536,72.70173854205537,72.70173854205537
6,U101.15,C105.1,source_trunk,85,1.44,20,width_minus_25um_copper_80pct,0.0958224055326299,95.8224055326299,95.8224055326299
6,U101.15,C105.1,source_trunk,85,1.44,25,native_nominal,0.07194831201064554,71.94831201064554,71.94831201064554
6,U101.15,C105.1,source_trunk,85,1.44,25,width_minus_25um_copper_80pct,0.09506897900122009,95.06897900122009,95.06897900122009
6,U101.15,C105.1,source_trunk,85,1.6,20,native_nominal,0.07309011414054688,73.09011414054687,73.09011414054687
6,U101.15,C105.1,source_trunk,85,1.6,20,width_minus_25um_copper_80pct,0.0962107811311214,96.2107811311214,96.2107811311214
6,U101.15,C105.1,source_trunk,85,1.6,25,native_nominal,0.07225297355009153,72.25297355009153,72.25297355009153
6,U101.15,C105.1,source_trunk,85,1.6,25,width_minus_25um_copper_80pct,0.09537364054066608,95.37364054066607,95.37364054066607
6,U101.15,C105.1,source_trunk,85,1.76,20,native_nominal,0.0734784897390384,73.4784897390384,73.4784897390384
6,U101.15,C105.1,source_trunk,85,1.76,20,width_minus_25um_copper_80pct,0.09659915672961294,96.59915672961294,96.59915672961294
6,U101.15,C105.1,source_trunk,85,1.76,25,native_nominal,0.07255763508953751,72.55763508953751,72.55763508953751
6,U101.15,C105.1,source_trunk,85,1.76,25,width_minus_25um_copper_80pct,0.09567830208011205,95.67830208011205,95.67830208011205
7,U101.16,C105.1,source_trunk,20,1.44,20,native_nominal,0.058893342122361796,58.893342122361794,58.893342122361794
7,U101.16,C105.1,source_trunk,20,1.44,20,width_minus_25um_copper_80pct,0.0776922949806059,77.6922949806059,77.6922949806059
7,U101.16,C105.1,source_trunk,20,1.44,25,native_nominal,0.05829321744084536,58.29321744084536,58.29321744084536
7,U101.16,C105.1,source_trunk,20,1.44,25,width_minus_25um_copper_80pct,0.07709217029908945,77.09217029908945,77.09217029908945
7,U101.16,C105.1,source_trunk,20,1.6,20,native_nominal,0.059202693827719644,59.20269382771964,59.20269382771964
7,U101.16,C105.1,source_trunk,20,1.6,20,width_minus_25um_copper_80pct,0.07800164668596374,78.00164668596373,78.00164668596373
7,U101.16,C105.1,source_trunk,20,1.6,25,native_nominal,0.05853588862603472,58.53588862603472,58.53588862603472
7,U101.16,C105.1,source_trunk,20,1.6,25,width_minus_25um_copper_80pct,0.07733484148427881,77.33484148427881,77.33484148427881
7,U101.16,C105.1,source_trunk,20,1.76,20,native_nominal,0.059512045533077505,59.512045533077504,59.512045533077504
7,U101.16,C105.1,source_trunk,20,1.76,20,width_minus_25um_copper_80pct,0.07831099839132159,78.31099839132159,78.31099839132159
7,U101.16,C105.1,source_trunk,20,1.76,25,native_nominal,0.05877855981122408,58.778559811224085,58.778559811224085
7,U101.16,C105.1,source_trunk,20,1.76,25,width_minus_25um_copper_80pct,0.07757751266946818,77.57751266946818,77.57751266946818
7,U101.16,C105.1,source_trunk,60,1.44,20,native_nominal,0.06815137550399708,68.15137550399709,68.15137550399709
7,U101.16,C105.1,source_trunk,60,1.44,20,width_minus_25um_copper_80pct,0.08990552375155712,89.90552375155713,89.90552375155713
7,U101.16,C105.1,source_trunk,60,1.44,25,native_nominal,0.06745691122254624,67.45691122254624,67.45691122254624
7,U101.16,C105.1,source_trunk,60,1.44,25,width_minus_25um_copper_80pct,0.08921105947010628,89.21105947010628,89.21105947010628
7,U101.16,C105.1,source_trunk,60,1.6,20,native_nominal,0.06850935729743718,68.50935729743718,68.50935729743718
7,U101.16,C105.1,source_trunk,60,1.6,20,width_minus_25um_copper_80pct,0.09026350554499722,90.26350554499722,90.26350554499722
7,U101.16,C105.1,source_trunk,60,1.6,25,native_nominal,0.06773773031804738,67.73773031804738,67.73773031804738
7,U101.16,C105.1,source_trunk,60,1.6,25,width_minus_25um_copper_80pct,0.08949187856560742,89.49187856560742,89.49187856560742
7,U101.16,C105.1,source_trunk,60,1.76,20,native_nominal,0.06886733909087729,68.8673390908773,68.8673390908773
7,U101.16,C105.1,source_trunk,60,1.76,20,width_minus_25um_copper_80pct,0.09062148733843733,90.62148733843733,90.62148733843733
7,U101.16,C105.1,source_trunk,60,1.76,25,native_nominal,0.06801854941354851,68.01854941354851,68.01854941354851
7,U101.16,C105.1,source_trunk,60,1.76,25,width_minus_25um_copper_80pct,0.08977269766110856,89.77269766110855,89.77269766110855
7,U101.16,C105.1,source_trunk,85,1.44,20,native_nominal,0.07393764636751914,73.93764636751914,73.93764636751914
7,U101.16,C105.1,source_trunk,85,1.44,20,width_minus_25um_copper_80pct,0.09753879173340162,97.53879173340162,97.53879173340162
7,U101.16,C105.1,source_trunk,85,1.44,25,native_nominal,0.07318421983610932,73.18421983610932,73.18421983610932
7,U101.16,C105.1,source_trunk,85,1.44,25,width_minus_25um_copper_80pct,0.09678536520199181,96.78536520199181,96.78536520199181
7,U101.16,C105.1,source_trunk,85,1.6,20,native_nominal,0.07432602196601064,74.32602196601064,74.32602196601064
7,U101.16,C105.1,source_trunk,85,1.6,20,width_minus_25um_copper_80pct,0.09792716733189315,97.92716733189314,97.92716733189314
7,U101.16,C105.1,source_trunk,85,1.6,25,native_nominal,0.0734888813755553,73.4888813755553,73.4888813755553
7,U101.16,C105.1,source_trunk,85,1.6,25,width_minus_25um_copper_80pct,0.0970900267414378,97.0900267414378,97.0900267414378
7,U101.16,C105.1,source_trunk,85,1.76,20,native_nominal,0.07471439756450217,74.71439756450216,74.71439756450216
7,U101.16,C105.1,source_trunk,85,1.76,20,width_minus_25um_copper_80pct,0.09831554293038466,98.31554293038467,98.31554293038467
7,U101.16,C105.1,source_trunk,85,1.76,25,native_nominal,0.07379354291500127,73.79354291500127,73.79354291500127
7,U101.16,C105.1,source_trunk,85,1.76,25,width_minus_25um_copper_80pct,0.09739468828088377,97.39468828088377,97.39468828088377
8,C105.1,U201.10,source_trunk,20,1.44,20,native_nominal,0.11440646582417777,114.40646582417777,114.40646582417777
8,C105.1,U201.10,source_trunk,20,1.44,20,width_minus_25um_copper_80pct,0.15089264426203294,150.89264426203295,150.89264426203295
8,C105.1,U201.10,source_trunk,20,1.44,25,native_nominal,0.1135409877983548,113.54098779835479,113.54098779835479
8,C105.1,U201.10,source_trunk,20,1.44,25,width_minus_25um_copper_80pct,0.15002716623620999,150.02716623620998,150.02716623620998
8,C105.1,U201.10,source_trunk,20,1.6,20,native_nominal,0.11486111736884529,114.86111736884529,114.86111736884529
8,C105.1,U201.10,source_trunk,20,1.6,20,width_minus_25um_copper_80pct,0.15134729580670045,151.34729580670046,151.34729580670046
8,C105.1,U201.10,source_trunk,20,1.6,25,native_nominal,0.11389947511793092,113.89947511793092,113.89947511793092
8,C105.1,U201.10,source_trunk,20,1.6,25,width_minus_25um_copper_80pct,0.15038565355578606,150.38565355578606,150.38565355578606
8,C105.1,U201.10,source_trunk,20,1.76,20,native_nominal,0.11531576891351282,115.31576891351283,115.31576891351283
8,C105.1,U201.10,source_trunk,20,1.76,20,width_minus_25um_copper_80pct,0.15180194735136798,151.80194735136797,151.80194735136797
8,C105.1,U201.10,source_trunk,20,1.76,25,native_nominal,0.114257962437507,114.25796243750699,114.25796243750699
8,C105.1,U201.10,source_trunk,20,1.76,25,width_minus_25um_copper_80pct,0.15074414087536214,150.74414087536215,150.74414087536215
8,C105.1,U201.10,source_trunk,60,1.44,20,native_nominal,0.13239116225173853,132.39116225173854,132.39116225173854
8,C105.1,U201.10,source_trunk,60,1.44,20,width_minus_25um_copper_80pct,0.17461296794002448,174.61296794002448,174.61296794002448
8,C105.1,U201.10,source_trunk,60,1.44,25,native_nominal,0.1313896310802562,131.3896310802562,131.3896310802562
8,C105.1,U201.10,source_trunk,60,1.44,25,width_minus_25um_copper_80pct,0.17361143676854215,173.61143676854215,173.61143676854215
8,C105.1,U201.10,source_trunk,60,1.6,20,native_nominal,0.13291728501922778,132.9172850192278,132.9172850192278
8,C105.1,U201.10,source_trunk,60,1.6,20,width_minus_25um_copper_80pct,0.1751390907075137,175.1390907075137,175.1390907075137
8,C105.1,U201.10,source_trunk,60,1.6,25,native_nominal,0.13180447260646966,131.80447260646966,131.80447260646966
8,C105.1,U201.10,source_trunk,60,1.6,25,width_minus_25um_copper_80pct,0.1740262782947556,174.0262782947556,174.0262782947556
8,C105.1,U201.10,source_trunk,60,1.76,20,native_nominal,0.133443407786717,133.44340778671702,133.44340778671702
8,C105.1,U201.10,source_trunk,60,1.76,20,width_minus_25um_copper_80pct,0.17566521347500297,175.66521347500296,175.66521347500296
8,C105.1,U201.10,source_trunk,60,1.76,25,native_nominal,0.1322193141326831,132.21931413268308,132.21931413268308
8,C105.1,U201.10,source_trunk,60,1.76,25,width_minus_25um_copper_80pct,0.17444111982096902,174.44111982096902,174.44111982096902
8,C105.1,U201.10,source_trunk,85,1.44,20,native_nominal,0.14363159751896395,143.63159751896396,143.63159751896396
8,C105.1,U201.10,source_trunk,85,1.44,20,width_minus_25um_copper_80pct,0.1894381702387693,189.4381702387693,189.4381702387693
8,C105.1,U201.10,source_trunk,85,1.44,25,native_nominal,0.1425450331314445,142.5450331314445,142.5450331314445
8,C105.1,U201.10,source_trunk,85,1.44,25,width_minus_25um_copper_80pct,0.18835160585124985,188.35160585124984,188.35160585124984
8,C105.1,U201.10,source_trunk,85,1.6,20,native_nominal,0.14420238980071678,144.2023898007168,144.2023898007168
8,C105.1,U201.10,source_trunk,85,1.6,20,width_minus_25um_copper_80pct,0.19000896252052207,190.00896252052206,190.00896252052206
8,C105.1,U201.10,source_trunk,85,1.6,25,native_nominal,0.14299509603680632,142.99509603680633,142.99509603680633
8,C105.1,U201.10,source_trunk,85,1.6,25,width_minus_25um_copper_80pct,0.1888016687566116,188.8016687566116,188.8016687566116
8,C105.1,U201.10,source_trunk,85,1.76,20,native_nominal,0.14477318208246961,144.77318208246962,144.77318208246962
8,C105.1,U201.10,source_trunk,85,1.76,20,width_minus_25um_copper_80pct,0.19057975480227496,190.57975480227495,190.57975480227495
8,C105.1,U201.10,source_trunk,85,1.76,25,native_nominal,0.1434451589421681,143.44515894216812,143.44515894216812
8,C105.1,U201.10,source_trunk,85,1.76,25,width_minus_25um_copper_80pct,0.1892517316619734,189.2517316619734,189.2517316619734
9,C105.1,U201.11,source_trunk,20,1.44,20,native_nominal,0.11491658104877518,114.91658104877519,114.91658104877519
9,C105.1,U201.11,source_trunk,20,1.44,20,width_minus_25um_copper_80pct,0.1516213802971721,151.6213802971721,151.6213802971721
9,C105.1,U201.11,source_trunk,20,1.44,25,native_nominal,0.11405110302295221,114.0511030229522,114.0511030229522
9,C105.1,U201.11,source_trunk,20,1.44,25,width_minus_25um_copper_80pct,0.15075590227134913,150.75590227134913,150.75590227134913
9,C105.1,U201.11,source_trunk,20,1.6,20,native_nominal,0.1153712325934427,115.3712325934427,115.3712325934427
9,C105.1,U201.11,source_trunk,20,1.6,20,width_minus_25um_copper_80pct,0.1520760318418396,152.0760318418396,152.0760318418396
9,C105.1,U201.11,source_trunk,20,1.6,25,native_nominal,0.11440959034252833,114.40959034252833,114.40959034252833
9,C105.1,U201.11,source_trunk,20,1.6,25,width_minus_25um_copper_80pct,0.1511143895909252,151.1143895909252,151.1143895909252
9,C105.1,U201.11,source_trunk,20,1.76,20,native_nominal,0.11582588413811024,115.82588413811024,115.82588413811024
9,C105.1,U201.11,source_trunk,20,1.76,20,width_minus_25um_copper_80pct,0.15253068338650713,152.53068338650712,152.53068338650712
9,C105.1,U201.11,source_trunk,20,1.76,25,native_nominal,0.11476807766210441,114.7680776621044,114.7680776621044
9,C105.1,U201.11,source_trunk,20,1.76,25,width_minus_25um_copper_80pct,0.1514728769105013,151.4728769105013,151.4728769105013
9,C105.1,U201.11,source_trunk,60,1.44,20,native_nominal,0.13298146758964263,132.98146758964262,132.98146758964262
9,C105.1,U201.11,source_trunk,60,1.44,20,width_minus_25um_copper_80pct,0.1754562612798875,175.4562612798875,175.4562612798875
9,C105.1,U201.11,source_trunk,60,1.44,25,native_nominal,0.1319799364181603,131.9799364181603,131.9799364181603
9,C105.1,U201.11,source_trunk,60,1.44,25,width_minus_25um_copper_80pct,0.17445473010840518,174.4547301084052,174.4547301084052
9,C105.1,U201.11,source_trunk,60,1.6,20,native_nominal,0.1335075903571319,133.5075903571319,133.5075903571319
9,C105.1,U201.11,source_trunk,60,1.6,20,width_minus_25um_copper_80pct,0.17598238404737673,175.98238404737674,175.98238404737674
9,C105.1,U201.11,source_trunk,60,1.6,25,native_nominal,0.13239477794437376,132.39477794437377,132.39477794437377
9,C105.1,U201.11,source_trunk,60,1.6,25,width_minus_25um_copper_80pct,0.1748695716346186,174.8695716346186,174.8695716346186
9,C105.1,U201.11,source_trunk,60,1.76,20,native_nominal,0.13403371312462112,134.03371312462113,134.03371312462113
9,C105.1,U201.11,source_trunk,60,1.76,20,width_minus_25um_copper_80pct,0.176508506814866,176.508506814866,176.508506814866
9,C105.1,U201.11,source_trunk,60,1.76,25,native_nominal,0.1328096194705872,132.8096194705872,132.8096194705872
9,C105.1,U201.11,source_trunk,60,1.76,25,width_minus_25um_copper_80pct,0.17528441316083204,175.28441316083203,175.28441316083203
9,C105.1,U201.11,source_trunk,85,1.44,20,native_nominal,0.14427202167768477,144.27202167768476,144.27202167768476
9,C105.1,U201.11,source_trunk,85,1.44,20,width_minus_25um_copper_80pct,0.19035306189408477,190.35306189408476,190.35306189408476
9,C105.1,U201.11,source_trunk,85,1.44,25,native_nominal,0.14318545729016532,143.18545729016532,143.18545729016532
9,C105.1,U201.11,source_trunk,85,1.44,25,width_minus_25um_copper_80pct,0.18926649750656532,189.26649750656532,189.26649750656532
9,C105.1,U201.11,source_trunk,85,1.6,20,native_nominal,0.1448428139594376,144.8428139594376,144.8428139594376
9,C105.1,U201.11,source_trunk,85,1.6,20,width_minus_25um_copper_80pct,0.19092385417583754,190.92385417583753,190.92385417583753
9,C105.1,U201.11,source_trunk,85,1.6,25,native_nominal,0.14363552019552714,143.63552019552714,143.63552019552714
9,C105.1,U201.11,source_trunk,85,1.6,25,width_minus_25um_copper_80pct,0.18971656041192708,189.71656041192708,189.71656041192708
9,C105.1,U201.11,source_trunk,85,1.76,20,native_nominal,0.14541360624119043,145.41360624119042,145.41360624119042
9,C105.1,U201.11,source_trunk,85,1.76,20,width_minus_25um_copper_80pct,0.19149464645759043,191.49464645759042,191.49464645759042
9,C105.1,U201.11,source_trunk,85,1.76,25,native_nominal,0.14408558310088893,144.08558310088893,144.08558310088893
9,C105.1,U201.11,source_trunk,85,1.76,25,width_minus_25um_copper_80pct,0.19016662331728887,190.16662331728887,190.16662331728887
10,U201.4,C204.1,source_trunk,20,1.44,20,native_nominal,0.004702855213717031,4.702855213717031,4.702855213717031
10,U201.4,C204.1,source_trunk,20,1.44,20,width_minus_25um_copper_80pct,0.006613023321778756,6.613023321778757,6.613023321778757
10,U201.4,C204.1,source_trunk,20,1.44,25,native_nominal,0.004702855213717031,4.702855213717031,4.702855213717031
10,U201.4,C204.1,source_trunk,20,1.44,25,width_minus_25um_copper_80pct,0.006613023321778756,6.613023321778757,6.613023321778757
10,U201.4,C204.1,source_trunk,20,1.6,20,native_nominal,0.004702855213717031,4.702855213717031,4.702855213717031
10,U201.4,C204.1,source_trunk,20,1.6,20,width_minus_25um_copper_80pct,0.006613023321778756,6.613023321778757,6.613023321778757
10,U201.4,C204.1,source_trunk,20,1.6,25,native_nominal,0.004702855213717031,4.702855213717031,4.702855213717031
10,U201.4,C204.1,source_trunk,20,1.6,25,width_minus_25um_copper_80pct,0.006613023321778756,6.613023321778757,6.613023321778757
10,U201.4,C204.1,source_trunk,20,1.76,20,native_nominal,0.004702855213717031,4.702855213717031,4.702855213717031
10,U201.4,C204.1,source_trunk,20,1.76,20,width_minus_25um_copper_80pct,0.006613023321778756,6.613023321778757,6.613023321778757
10,U201.4,C204.1,source_trunk,20,1.76,25,native_nominal,0.004702855213717031,4.702855213717031,4.702855213717031
10,U201.4,C204.1,source_trunk,20,1.76,25,width_minus_25um_copper_80pct,0.006613023321778756,6.613023321778757,6.613023321778757
10,U201.4,C204.1,source_trunk,60,1.44,20,native_nominal,0.005442144053313348,5.442144053313348,5.442144053313348
10,U201.4,C204.1,source_trunk,60,1.44,20,width_minus_25um_copper_80pct,0.007652590587962377,7.652590587962377,7.652590587962377
10,U201.4,C204.1,source_trunk,60,1.44,25,native_nominal,0.005442144053313348,5.442144053313348,5.442144053313348
10,U201.4,C204.1,source_trunk,60,1.44,25,width_minus_25um_copper_80pct,0.007652590587962377,7.652590587962377,7.652590587962377
10,U201.4,C204.1,source_trunk,60,1.6,20,native_nominal,0.005442144053313348,5.442144053313348,5.442144053313348
10,U201.4,C204.1,source_trunk,60,1.6,20,width_minus_25um_copper_80pct,0.007652590587962377,7.652590587962377,7.652590587962377
10,U201.4,C204.1,source_trunk,60,1.6,25,native_nominal,0.005442144053313348,5.442144053313348,5.442144053313348
10,U201.4,C204.1,source_trunk,60,1.6,25,width_minus_25um_copper_80pct,0.007652590587962377,7.652590587962377,7.652590587962377
10,U201.4,C204.1,source_trunk,60,1.76,20,native_nominal,0.005442144053313348,5.442144053313348,5.442144053313348
10,U201.4,C204.1,source_trunk,60,1.76,20,width_minus_25um_copper_80pct,0.007652590587962377,7.652590587962377,7.652590587962377
10,U201.4,C204.1,source_trunk,60,1.76,25,native_nominal,0.005442144053313348,5.442144053313348,5.442144053313348
10,U201.4,C204.1,source_trunk,60,1.76,25,width_minus_25um_copper_80pct,0.007652590587962377,7.652590587962377,7.652590587962377
10,U201.4,C204.1,source_trunk,85,1.44,20,native_nominal,0.005904199578061045,5.904199578061045,5.904199578061045
10,U201.4,C204.1,source_trunk,85,1.44,20,width_minus_25um_copper_80pct,0.00830232012932714,8.30232012932714,8.30232012932714
10,U201.4,C204.1,source_trunk,85,1.44,25,native_nominal,0.005904199578061045,5.904199578061045,5.904199578061045
10,U201.4,C204.1,source_trunk,85,1.44,25,width_minus_25um_copper_80pct,0.00830232012932714,8.30232012932714,8.30232012932714
10,U201.4,C204.1,source_trunk,85,1.6,20,native_nominal,0.005904199578061045,5.904199578061045,5.904199578061045
10,U201.4,C204.1,source_trunk,85,1.6,20,width_minus_25um_copper_80pct,0.00830232012932714,8.30232012932714,8.30232012932714
10,U201.4,C204.1,source_trunk,85,1.6,25,native_nominal,0.005904199578061045,5.904199578061045,5.904199578061045
10,U201.4,C204.1,source_trunk,85,1.6,25,width_minus_25um_copper_80pct,0.00830232012932714,8.30232012932714,8.30232012932714
10,U201.4,C204.1,source_trunk,85,1.76,20,native_nominal,0.005904199578061045,5.904199578061045,5.904199578061045
10,U201.4,C204.1,source_trunk,85,1.76,20,width_minus_25um_copper_80pct,0.00830232012932714,8.30232012932714,8.30232012932714
10,U201.4,C204.1,source_trunk,85,1.76,25,native_nominal,0.005904199578061045,5.904199578061045,5.904199578061045
10,U201.4,C204.1,source_trunk,85,1.76,25,width_minus_25um_copper_80pct,0.00830232012932714,8.30232012932714,8.30232012932714
11,U201.4,C205.1,source_trunk,20,1.44,20,native_nominal,0.006479702504357425,6.479702504357425,6.479702504357425
11,U201.4,C205.1,source_trunk,20,1.44,20,width_minus_25um_copper_80pct,0.008905729503250233,8.905729503250232,8.905729503250232
11,U201.4,C205.1,source_trunk,20,1.44,25,native_nominal,0.006479702504357425,6.479702504357425,6.479702504357425
11,U201.4,C205.1,source_trunk,20,1.44,25,width_minus_25um_copper_80pct,0.008905729503250233,8.905729503250232,8.905729503250232
11,U201.4,C205.1,source_trunk,20,1.6,20,native_nominal,0.006479702504357425,6.479702504357425,6.479702504357425
11,U201.4,C205.1,source_trunk,20,1.6,20,width_minus_25um_copper_80pct,0.008905729503250233,8.905729503250232,8.905729503250232
11,U201.4,C205.1,source_trunk,20,1.6,25,native_nominal,0.006479702504357425,6.479702504357425,6.479702504357425
11,U201.4,C205.1,source_trunk,20,1.6,25,width_minus_25um_copper_80pct,0.008905729503250233,8.905729503250232,8.905729503250232
11,U201.4,C205.1,source_trunk,20,1.76,20,native_nominal,0.006479702504357425,6.479702504357425,6.479702504357425
11,U201.4,C205.1,source_trunk,20,1.76,20,width_minus_25um_copper_80pct,0.008905729503250233,8.905729503250232,8.905729503250232
11,U201.4,C205.1,source_trunk,20,1.76,25,native_nominal,0.006479702504357425,6.479702504357425,6.479702504357425
11,U201.4,C205.1,source_trunk,20,1.76,25,width_minus_25um_copper_80pct,0.008905729503250233,8.905729503250232,8.905729503250232
11,U201.4,C205.1,source_trunk,60,1.44,20,native_nominal,0.0074983117380424125,7.498311738042412,7.498311738042412
11,U201.4,C205.1,source_trunk,60,1.44,20,width_minus_25um_copper_80pct,0.010305710181161169,10.305710181161169,10.305710181161169
11,U201.4,C205.1,source_trunk,60,1.44,25,native_nominal,0.0074983117380424125,7.498311738042412,7.498311738042412
11,U201.4,C205.1,source_trunk,60,1.44,25,width_minus_25um_copper_80pct,0.010305710181161169,10.305710181161169,10.305710181161169
11,U201.4,C205.1,source_trunk,60,1.6,20,native_nominal,0.0074983117380424125,7.498311738042412,7.498311738042412
11,U201.4,C205.1,source_trunk,60,1.6,20,width_minus_25um_copper_80pct,0.010305710181161169,10.305710181161169,10.305710181161169
11,U201.4,C205.1,source_trunk,60,1.6,25,native_nominal,0.0074983117380424125,7.498311738042412,7.498311738042412
11,U201.4,C205.1,source_trunk,60,1.6,25,width_minus_25um_copper_80pct,0.010305710181161169,10.305710181161169,10.305710181161169
11,U201.4,C205.1,source_trunk,60,1.76,20,native_nominal,0.0074983117380424125,7.498311738042412,7.498311738042412
11,U201.4,C205.1,source_trunk,60,1.76,20,width_minus_25um_copper_80pct,0.010305710181161169,10.305710181161169,10.305710181161169
11,U201.4,C205.1,source_trunk,60,1.76,25,native_nominal,0.0074983117380424125,7.498311738042412,7.498311738042412
11,U201.4,C205.1,source_trunk,60,1.76,25,width_minus_25um_copper_80pct,0.010305710181161169,10.305710181161169,10.305710181161169
11,U201.4,C205.1,source_trunk,85,1.44,20,native_nominal,0.008134942509095527,8.134942509095527,8.134942509095527
11,U201.4,C205.1,source_trunk,85,1.44,20,width_minus_25um_copper_80pct,0.011180698104855504,11.180698104855503,11.180698104855503
11,U201.4,C205.1,source_trunk,85,1.44,25,native_nominal,0.008134942509095527,8.134942509095527,8.134942509095527
11,U201.4,C205.1,source_trunk,85,1.44,25,width_minus_25um_copper_80pct,0.011180698104855504,11.180698104855503,11.180698104855503
11,U201.4,C205.1,source_trunk,85,1.6,20,native_nominal,0.008134942509095527,8.134942509095527,8.134942509095527
11,U201.4,C205.1,source_trunk,85,1.6,20,width_minus_25um_copper_80pct,0.011180698104855504,11.180698104855503,11.180698104855503
11,U201.4,C205.1,source_trunk,85,1.6,25,native_nominal,0.008134942509095527,8.134942509095527,8.134942509095527
11,U201.4,C205.1,source_trunk,85,1.6,25,width_minus_25um_copper_80pct,0.011180698104855504,11.180698104855503,11.180698104855503
11,U201.4,C205.1,source_trunk,85,1.76,20,native_nominal,0.008134942509095527,8.134942509095527,8.134942509095527
11,U201.4,C205.1,source_trunk,85,1.76,20,width_minus_25um_copper_80pct,0.011180698104855504,11.180698104855503,11.180698104855503
11,U201.4,C205.1,source_trunk,85,1.76,25,native_nominal,0.008134942509095527,8.134942509095527,8.134942509095527
11,U201.4,C205.1,source_trunk,85,1.76,25,width_minus_25um_copper_80pct,0.011180698104855504,11.180698104855503,11.180698104855503
12,U201.4,C206.1,source_trunk,20,1.44,20,native_nominal,0.007672436494505208,7.672436494505208,7.672436494505208
12,U201.4,C206.1,source_trunk,20,1.44,20,width_minus_25um_copper_80pct,0.01044474110344092,10.44474110344092,10.44474110344092
12,U201.4,C206.1,source_trunk,20,1.44,25,native_nominal,0.007672436494505208,7.672436494505208,7.672436494505208
12,U201.4,C206.1,source_trunk,20,1.44,25,width_minus_25um_copper_80pct,0.01044474110344092,10.44474110344092,10.44474110344092
12,U201.4,C206.1,source_trunk,20,1.6,20,native_nominal,0.007672436494505208,7.672436494505208,7.672436494505208
12,U201.4,C206.1,source_trunk,20,1.6,20,width_minus_25um_copper_80pct,0.01044474110344092,10.44474110344092,10.44474110344092
12,U201.4,C206.1,source_trunk,20,1.6,25,native_nominal,0.007672436494505208,7.672436494505208,7.672436494505208
12,U201.4,C206.1,source_trunk,20,1.6,25,width_minus_25um_copper_80pct,0.01044474110344092,10.44474110344092,10.44474110344092
12,U201.4,C206.1,source_trunk,20,1.76,20,native_nominal,0.007672436494505208,7.672436494505208,7.672436494505208
12,U201.4,C206.1,source_trunk,20,1.76,20,width_minus_25um_copper_80pct,0.01044474110344092,10.44474110344092,10.44474110344092
12,U201.4,C206.1,source_trunk,20,1.76,25,native_nominal,0.007672436494505208,7.672436494505208,7.672436494505208
12,U201.4,C206.1,source_trunk,20,1.76,25,width_minus_25um_copper_80pct,0.01044474110344092,10.44474110344092,10.44474110344092
12,U201.4,C206.1,source_trunk,60,1.44,20,native_nominal,0.008878543511441427,8.878543511441427,8.878543511441427
12,U201.4,C206.1,source_trunk,60,1.44,20,width_minus_25um_copper_80pct,0.012086654404901833,12.086654404901832,12.086654404901832
12,U201.4,C206.1,source_trunk,60,1.44,25,native_nominal,0.008878543511441427,8.878543511441427,8.878543511441427
12,U201.4,C206.1,source_trunk,60,1.44,25,width_minus_25um_copper_80pct,0.012086654404901833,12.086654404901832,12.086654404901832
12,U201.4,C206.1,source_trunk,60,1.6,20,native_nominal,0.008878543511441427,8.878543511441427,8.878543511441427
12,U201.4,C206.1,source_trunk,60,1.6,20,width_minus_25um_copper_80pct,0.012086654404901833,12.086654404901832,12.086654404901832
12,U201.4,C206.1,source_trunk,60,1.6,25,native_nominal,0.008878543511441427,8.878543511441427,8.878543511441427
12,U201.4,C206.1,source_trunk,60,1.6,25,width_minus_25um_copper_80pct,0.012086654404901833,12.086654404901832,12.086654404901832
12,U201.4,C206.1,source_trunk,60,1.76,20,native_nominal,0.008878543511441427,8.878543511441427,8.878543511441427
12,U201.4,C206.1,source_trunk,60,1.76,20,width_minus_25um_copper_80pct,0.012086654404901833,12.086654404901832,12.086654404901832
12,U201.4,C206.1,source_trunk,60,1.76,25,native_nominal,0.008878543511441427,8.878543511441427,8.878543511441427
12,U201.4,C206.1,source_trunk,60,1.76,25,width_minus_25um_copper_80pct,0.012086654404901833,12.086654404901832,12.086654404901832
12,U201.4,C206.1,source_trunk,85,1.44,20,native_nominal,0.009632360397026562,9.632360397026563,9.632360397026563
12,U201.4,C206.1,source_trunk,85,1.44,20,width_minus_25um_copper_80pct,0.013112850218314903,13.112850218314904,13.112850218314904
12,U201.4,C206.1,source_trunk,85,1.44,25,native_nominal,0.009632360397026562,9.632360397026563,9.632360397026563
12,U201.4,C206.1,source_trunk,85,1.44,25,width_minus_25um_copper_80pct,0.013112850218314903,13.112850218314904,13.112850218314904
12,U201.4,C206.1,source_trunk,85,1.6,20,native_nominal,0.009632360397026562,9.632360397026563,9.632360397026563
12,U201.4,C206.1,source_trunk,85,1.6,20,width_minus_25um_copper_80pct,0.013112850218314903,13.112850218314904,13.112850218314904
12,U201.4,C206.1,source_trunk,85,1.6,25,native_nominal,0.009632360397026562,9.632360397026563,9.632360397026563
12,U201.4,C206.1,source_trunk,85,1.6,25,width_minus_25um_copper_80pct,0.013112850218314903,13.112850218314904,13.112850218314904
12,U201.4,C206.1,source_trunk,85,1.76,20,native_nominal,0.009632360397026562,9.632360397026563,9.632360397026563
12,U201.4,C206.1,source_trunk,85,1.76,20,width_minus_25um_copper_80pct,0.013112850218314903,13.112850218314904,13.112850218314904
12,U201.4,C206.1,source_trunk,85,1.76,25,native_nominal,0.009632360397026562,9.632360397026563,9.632360397026563
12,U201.4,C206.1,source_trunk,85,1.76,25,width_minus_25um_copper_80pct,0.013112850218314903,13.112850218314904,13.112850218314904
13,U201.5,C204.1,source_trunk,20,1.44,20,native_nominal,0.0034713281201209723,3.4713281201209725,3.4713281201209725
13,U201.5,C204.1,source_trunk,20,1.44,20,width_minus_25um_copper_80pct,0.004853698902355815,4.8536989023558155,4.8536989023558155
13,U201.5,C204.1,source_trunk,20,1.44,25,native_nominal,0.0034713281201209723,3.4713281201209725,3.4713281201209725
13,U201.5,C204.1,source_trunk,20,1.44,25,width_minus_25um_copper_80pct,0.004853698902355815,4.8536989023558155,4.8536989023558155
13,U201.5,C204.1,source_trunk,20,1.6,20,native_nominal,0.0034713281201209723,3.4713281201209725,3.4713281201209725
13,U201.5,C204.1,source_trunk,20,1.6,20,width_minus_25um_copper_80pct,0.004853698902355815,4.8536989023558155,4.8536989023558155
13,U201.5,C204.1,source_trunk,20,1.6,25,native_nominal,0.0034713281201209723,3.4713281201209725,3.4713281201209725
13,U201.5,C204.1,source_trunk,20,1.6,25,width_minus_25um_copper_80pct,0.004853698902355815,4.8536989023558155,4.8536989023558155
13,U201.5,C204.1,source_trunk,20,1.76,20,native_nominal,0.0034713281201209723,3.4713281201209725,3.4713281201209725
13,U201.5,C204.1,source_trunk,20,1.76,20,width_minus_25um_copper_80pct,0.004853698902355815,4.8536989023558155,4.8536989023558155
13,U201.5,C204.1,source_trunk,20,1.76,25,native_nominal,0.0034713281201209723,3.4713281201209725,3.4713281201209725
13,U201.5,C204.1,source_trunk,20,1.76,25,width_minus_25um_copper_80pct,0.004853698902355815,4.8536989023558155,4.8536989023558155
13,U201.5,C204.1,source_trunk,60,1.44,20,native_nominal,0.004017020900603989,4.017020900603988,4.017020900603988
13,U201.5,C204.1,source_trunk,60,1.44,20,width_minus_25um_copper_80pct,0.005616700369806149,5.616700369806149,5.616700369806149
13,U201.5,C204.1,source_trunk,60,1.44,25,native_nominal,0.004017020900603989,4.017020900603988,4.017020900603988
13,U201.5,C204.1,source_trunk,60,1.44,25,width_minus_25um_copper_80pct,0.005616700369806149,5.616700369806149,5.616700369806149
13,U201.5,C204.1,source_trunk,60,1.6,20,native_nominal,0.004017020900603989,4.017020900603988,4.017020900603988
13,U201.5,C204.1,source_trunk,60,1.6,20,width_minus_25um_copper_80pct,0.005616700369806149,5.616700369806149,5.616700369806149
13,U201.5,C204.1,source_trunk,60,1.6,25,native_nominal,0.004017020900603989,4.017020900603988,4.017020900603988
13,U201.5,C204.1,source_trunk,60,1.6,25,width_minus_25um_copper_80pct,0.005616700369806149,5.616700369806149,5.616700369806149
13,U201.5,C204.1,source_trunk,60,1.76,20,native_nominal,0.004017020900603989,4.017020900603988,4.017020900603988
13,U201.5,C204.1,source_trunk,60,1.76,20,width_minus_25um_copper_80pct,0.005616700369806149,5.616700369806149,5.616700369806149
13,U201.5,C204.1,source_trunk,60,1.76,25,native_nominal,0.004017020900603989,4.017020900603988,4.017020900603988
13,U201.5,C204.1,source_trunk,60,1.76,25,width_minus_25um_copper_80pct,0.005616700369806149,5.616700369806149,5.616700369806149
13,U201.5,C204.1,source_trunk,85,1.44,20,native_nominal,0.004358078888405874,4.358078888405873,4.358078888405873
13,U201.5,C204.1,source_trunk,85,1.44,20,width_minus_25um_copper_80pct,0.006093576286962607,6.093576286962607,6.093576286962607
13,U201.5,C204.1,source_trunk,85,1.44,25,native_nominal,0.004358078888405874,4.358078888405873,4.358078888405873
13,U201.5,C204.1,source_trunk,85,1.44,25,width_minus_25um_copper_80pct,0.006093576286962607,6.093576286962607,6.093576286962607
13,U201.5,C204.1,source_trunk,85,1.6,20,native_nominal,0.004358078888405874,4.358078888405873,4.358078888405873
13,U201.5,C204.1,source_trunk,85,1.6,20,width_minus_25um_copper_80pct,0.006093576286962607,6.093576286962607,6.093576286962607
13,U201.5,C204.1,source_trunk,85,1.6,25,native_nominal,0.004358078888405874,4.358078888405873,4.358078888405873
13,U201.5,C204.1,source_trunk,85,1.6,25,width_minus_25um_copper_80pct,0.006093576286962607,6.093576286962607,6.093576286962607
13,U201.5,C204.1,source_trunk,85,1.76,20,native_nominal,0.004358078888405874,4.358078888405873,4.358078888405873
13,U201.5,C204.1,source_trunk,85,1.76,20,width_minus_25um_copper_80pct,0.006093576286962607,6.093576286962607,6.093576286962607
13,U201.5,C204.1,source_trunk,85,1.76,25,native_nominal,0.004358078888405874,4.358078888405873,4.358078888405873
13,U201.5,C204.1,source_trunk,85,1.76,25,width_minus_25um_copper_80pct,0.006093576286962607,6.093576286962607,6.093576286962607
14,U201.5,C205.1,source_trunk,20,1.44,20,native_nominal,0.005248175410761367,5.248175410761367,5.248175410761367
14,U201.5,C205.1,source_trunk,20,1.44,20,width_minus_25um_copper_80pct,0.007146405083827291,7.1464050838272914,7.1464050838272914
14,U201.5,C205.1,source_trunk,20,1.44,25,native_nominal,0.005248175410761367,5.248175410761367,5.248175410761367
14,U201.5,C205.1,source_trunk,20,1.44,25,width_minus_25um_copper_80pct,0.007146405083827291,7.1464050838272914,7.1464050838272914
14,U201.5,C205.1,source_trunk,20,1.6,20,native_nominal,0.005248175410761367,5.248175410761367,5.248175410761367
14,U201.5,C205.1,source_trunk,20,1.6,20,width_minus_25um_copper_80pct,0.007146405083827291,7.1464050838272914,7.1464050838272914
14,U201.5,C205.1,source_trunk,20,1.6,25,native_nominal,0.005248175410761367,5.248175410761367,5.248175410761367
14,U201.5,C205.1,source_trunk,20,1.6,25,width_minus_25um_copper_80pct,0.007146405083827291,7.1464050838272914,7.1464050838272914
14,U201.5,C205.1,source_trunk,20,1.76,20,native_nominal,0.005248175410761367,5.248175410761367,5.248175410761367
14,U201.5,C205.1,source_trunk,20,1.76,20,width_minus_25um_copper_80pct,0.007146405083827291,7.1464050838272914,7.1464050838272914
14,U201.5,C205.1,source_trunk,20,1.76,25,native_nominal,0.005248175410761367,5.248175410761367,5.248175410761367
14,U201.5,C205.1,source_trunk,20,1.76,25,width_minus_25um_copper_80pct,0.007146405083827291,7.1464050838272914,7.1464050838272914
14,U201.5,C205.1,source_trunk,60,1.44,20,native_nominal,0.006073188585333053,6.073188585333053,6.073188585333053
14,U201.5,C205.1,source_trunk,60,1.44,20,width_minus_25um_copper_80pct,0.00826981996300494,8.269819963004942,8.269819963004942
14,U201.5,C205.1,source_trunk,60,1.44,25,native_nominal,0.006073188585333053,6.073188585333053,6.073188585333053
14,U201.5,C205.1,source_trunk,60,1.44,25,width_minus_25um_copper_80pct,0.00826981996300494,8.269819963004942,8.269819963004942
14,U201.5,C205.1,source_trunk,60,1.6,20,native_nominal,0.006073188585333053,6.073188585333053,6.073188585333053
14,U201.5,C205.1,source_trunk,60,1.6,20,width_minus_25um_copper_80pct,0.00826981996300494,8.269819963004942,8.269819963004942
14,U201.5,C205.1,source_trunk,60,1.6,25,native_nominal,0.006073188585333053,6.073188585333053,6.073188585333053
14,U201.5,C205.1,source_trunk,60,1.6,25,width_minus_25um_copper_80pct,0.00826981996300494,8.269819963004942,8.269819963004942
14,U201.5,C205.1,source_trunk,60,1.76,20,native_nominal,0.006073188585333053,6.073188585333053,6.073188585333053
14,U201.5,C205.1,source_trunk,60,1.76,20,width_minus_25um_copper_80pct,0.00826981996300494,8.269819963004942,8.269819963004942
14,U201.5,C205.1,source_trunk,60,1.76,25,native_nominal,0.006073188585333053,6.073188585333053,6.073188585333053
14,U201.5,C205.1,source_trunk,60,1.76,25,width_minus_25um_copper_80pct,0.00826981996300494,8.269819963004942,8.269819963004942
14,U201.5,C205.1,source_trunk,85,1.44,20,native_nominal,0.006588821819440356,6.588821819440356,6.588821819440356
14,U201.5,C205.1,source_trunk,85,1.44,20,width_minus_25um_copper_80pct,0.00897195426249097,8.971954262490971,8.971954262490971
14,U201.5,C205.1,source_trunk,85,1.44,25,native_nominal,0.006588821819440356,6.588821819440356,6.588821819440356
14,U201.5,C205.1,source_trunk,85,1.44,25,width_minus_25um_copper_80pct,0.00897195426249097,8.971954262490971,8.971954262490971
14,U201.5,C205.1,source_trunk,85,1.6,20,native_nominal,0.006588821819440356,6.588821819440356,6.588821819440356
14,U201.5,C205.1,source_trunk,85,1.6,20,width_minus_25um_copper_80pct,0.00897195426249097,8.971954262490971,8.971954262490971
14,U201.5,C205.1,source_trunk,85,1.6,25,native_nominal,0.006588821819440356,6.588821819440356,6.588821819440356
14,U201.5,C205.1,source_trunk,85,1.6,25,width_minus_25um_copper_80pct,0.00897195426249097,8.971954262490971,8.971954262490971
14,U201.5,C205.1,source_trunk,85,1.76,20,native_nominal,0.006588821819440356,6.588821819440356,6.588821819440356
14,U201.5,C205.1,source_trunk,85,1.76,20,width_minus_25um_copper_80pct,0.00897195426249097,8.971954262490971,8.971954262490971
14,U201.5,C205.1,source_trunk,85,1.76,25,native_nominal,0.006588821819440356,6.588821819440356,6.588821819440356
14,U201.5,C205.1,source_trunk,85,1.76,25,width_minus_25um_copper_80pct,0.00897195426249097,8.971954262490971,8.971954262490971
15,U201.5,C206.1,source_trunk,20,1.44,20,native_nominal,0.0064409094009091495,6.44090940090915,6.44090940090915
15,U201.5,C206.1,source_trunk,20,1.44,20,width_minus_25um_copper_80pct,0.008685416684017979,8.685416684017978,8.685416684017978
15,U201.5,C206.1,source_trunk,20,1.44,25,native_nominal,0.0064409094009091495,6.44090940090915,6.44090940090915
15,U201.5,C206.1,source_trunk,20,1.44,25,width_minus_25um_copper_80pct,0.008685416684017979,8.685416684017978,8.685416684017978
15,U201.5,C206.1,source_trunk,20,1.6,20,native_nominal,0.0064409094009091495,6.44090940090915,6.44090940090915
15,U201.5,C206.1,source_trunk,20,1.6,20,width_minus_25um_copper_80pct,0.008685416684017979,8.685416684017978,8.685416684017978
15,U201.5,C206.1,source_trunk,20,1.6,25,native_nominal,0.0064409094009091495,6.44090940090915,6.44090940090915
15,U201.5,C206.1,source_trunk,20,1.6,25,width_minus_25um_copper_80pct,0.008685416684017979,8.685416684017978,8.685416684017978
15,U201.5,C206.1,source_trunk,20,1.76,20,native_nominal,0.0064409094009091495,6.44090940090915,6.44090940090915
15,U201.5,C206.1,source_trunk,20,1.76,20,width_minus_25um_copper_80pct,0.008685416684017979,8.685416684017978,8.685416684017978
15,U201.5,C206.1,source_trunk,20,1.76,25,native_nominal,0.0064409094009091495,6.44090940090915,6.44090940090915
15,U201.5,C206.1,source_trunk,20,1.76,25,width_minus_25um_copper_80pct,0.008685416684017979,8.685416684017978,8.685416684017978
15,U201.5,C206.1,source_trunk,60,1.44,20,native_nominal,0.007453420358732068,7.453420358732068,7.453420358732068
15,U201.5,C206.1,source_trunk,60,1.44,20,width_minus_25um_copper_80pct,0.010050764186745605,10.050764186745605,10.050764186745605
15,U201.5,C206.1,source_trunk,60,1.44,25,native_nominal,0.007453420358732068,7.453420358732068,7.453420358732068
15,U201.5,C206.1,source_trunk,60,1.44,25,width_minus_25um_copper_80pct,0.010050764186745605,10.050764186745605,10.050764186745605
15,U201.5,C206.1,source_trunk,60,1.6,20,native_nominal,0.007453420358732068,7.453420358732068,7.453420358732068
15,U201.5,C206.1,source_trunk,60,1.6,20,width_minus_25um_copper_80pct,0.010050764186745605,10.050764186745605,10.050764186745605
15,U201.5,C206.1,source_trunk,60,1.6,25,native_nominal,0.007453420358732068,7.453420358732068,7.453420358732068
15,U201.5,C206.1,source_trunk,60,1.6,25,width_minus_25um_copper_80pct,0.010050764186745605,10.050764186745605,10.050764186745605
15,U201.5,C206.1,source_trunk,60,1.76,20,native_nominal,0.007453420358732068,7.453420358732068,7.453420358732068
15,U201.5,C206.1,source_trunk,60,1.76,20,width_minus_25um_copper_80pct,0.010050764186745605,10.050764186745605,10.050764186745605
15,U201.5,C206.1,source_trunk,60,1.76,25,native_nominal,0.007453420358732068,7.453420358732068,7.453420358732068
15,U201.5,C206.1,source_trunk,60,1.76,25,width_minus_25um_copper_80pct,0.010050764186745605,10.050764186745605,10.050764186745605
15,U201.5,C206.1,source_trunk,85,1.44,20,native_nominal,0.008086239707371391,8.08623970737139,8.08623970737139
15,U201.5,C206.1,source_trunk,85,1.44,20,width_minus_25um_copper_80pct,0.01090410637595037,10.90410637595037,10.90410637595037
15,U201.5,C206.1,source_trunk,85,1.44,25,native_nominal,0.008086239707371391,8.08623970737139,8.08623970737139
15,U201.5,C206.1,source_trunk,85,1.44,25,width_minus_25um_copper_80pct,0.01090410637595037,10.90410637595037,10.90410637595037
15,U201.5,C206.1,source_trunk,85,1.6,20,native_nominal,0.008086239707371391,8.08623970737139,8.08623970737139
15,U201.5,C206.1,source_trunk,85,1.6,20,width_minus_25um_copper_80pct,0.01090410637595037,10.90410637595037,10.90410637595037
15,U201.5,C206.1,source_trunk,85,1.6,25,native_nominal,0.008086239707371391,8.08623970737139,8.08623970737139
15,U201.5,C206.1,source_trunk,85,1.6,25,width_minus_25um_copper_80pct,0.01090410637595037,10.90410637595037,10.90410637595037
15,U201.5,C206.1,source_trunk,85,1.76,20,native_nominal,0.008086239707371391,8.08623970737139,8.08623970737139
15,U201.5,C206.1,source_trunk,85,1.76,20,width_minus_25um_copper_80pct,0.01090410637595037,10.90410637595037,10.90410637595037
15,U201.5,C206.1,source_trunk,85,1.76,25,native_nominal,0.008086239707371391,8.08623970737139,8.08623970737139
15,U201.5,C206.1,source_trunk,85,1.76,25,width_minus_25um_copper_80pct,0.01090410637595037,10.90410637595037,10.90410637595037
16,C204.1,U302.1,source_trunk,20,1.44,20,native_nominal,0.028954402712931145,28.954402712931145,28.954402712931145
16,C204.1,U302.1,source_trunk,20,1.44,20,width_minus_25um_copper_80pct,0.037780293550843023,37.78029355084303,37.78029355084303
16,C204.1,U302.1,source_trunk,20,1.44,25,native_nominal,0.028430077940198698,28.430077940198696,28.430077940198696
16,C204.1,U302.1,source_trunk,20,1.44,25,width_minus_25um_copper_80pct,0.037255968778110576,37.25596877811058,37.25596877811058
16,C204.1,U302.1,source_trunk,20,1.6,20,native_nominal,0.029228807787227522,29.22880778722752,29.22880778722752
16,C204.1,U302.1,source_trunk,20,1.6,20,width_minus_25um_copper_80pct,0.0380546986251394,38.0546986251394,38.0546986251394
16,C204.1,U302.1,source_trunk,20,1.6,25,native_nominal,0.028646224706413682,28.646224706413683,28.646224706413683
16,C204.1,U302.1,source_trunk,20,1.6,25,width_minus_25um_copper_80pct,0.03747211554432556,37.472115544325554,37.472115544325554
16,C204.1,U302.1,source_trunk,20,1.76,20,native_nominal,0.029503212861523888,29.503212861523888,29.503212861523888
16,C204.1,U302.1,source_trunk,20,1.76,20,width_minus_25um_copper_80pct,0.03832910369943576,38.32910369943576,38.32910369943576
16,C204.1,U302.1,source_trunk,20,1.76,25,native_nominal,0.028862371472628674,28.862371472628674,28.862371472628674
16,C204.1,U302.1,source_trunk,20,1.76,25,width_minus_25um_copper_80pct,0.03768826231054055,37.68826231054055,37.68826231054055
16,C204.1,U302.1,source_trunk,60,1.44,20,native_nominal,0.03350603481940393,33.50603481940393,33.50603481940393
16,C204.1,U302.1,source_trunk,60,1.44,20,width_minus_25um_copper_80pct,0.04371935569703555,43.719355697035546,43.719355697035546
16,C204.1,U302.1,source_trunk,60,1.44,25,native_nominal,0.03289928619239794,32.89928619239794,32.89928619239794
16,C204.1,U302.1,source_trunk,60,1.44,25,width_minus_25um_copper_80pct,0.043112607070029556,43.112607070029554,43.112607070029554
16,C204.1,U302.1,source_trunk,60,1.6,20,native_nominal,0.033823576371379685,33.82357637137969,33.82357637137969
16,C204.1,U302.1,source_trunk,60,1.6,20,width_minus_25um_copper_80pct,0.04403689724901131,44.03689724901131,44.03689724901131
16,C204.1,U302.1,source_trunk,60,1.6,25,native_nominal,0.03314941123026192,33.14941123026192,33.14941123026192
16,C204.1,U302.1,source_trunk,60,1.6,25,width_minus_25um_copper_80pct,0.043362732107893535,43.362732107893535,43.362732107893535
16,C204.1,U302.1,source_trunk,60,1.76,20,native_nominal,0.034141117923355446,34.141117923355445,34.141117923355445
16,C204.1,U302.1,source_trunk,60,1.76,20,width_minus_25um_copper_80pct,0.04435443880098707,44.35443880098707,44.35443880098707
16,C204.1,U302.1,source_trunk,60,1.76,25,native_nominal,0.0333995362681259,33.3995362681259,33.3995362681259
16,C204.1,U302.1,source_trunk,60,1.76,25,width_minus_25um_copper_80pct,0.043612857145757515,43.612857145757516,43.612857145757516
16,C204.1,U302.1,source_trunk,85,1.44,20,native_nominal,0.036350804885949405,36.3508048859494,36.3508048859494
16,C204.1,U302.1,source_trunk,85,1.44,20,width_minus_25um_copper_80pct,0.047431269538405874,47.43126953840587,47.43126953840587
16,C204.1,U302.1,source_trunk,85,1.44,25,native_nominal,0.03569254135002246,35.69254135002246,35.69254135002246
16,C204.1,U302.1,source_trunk,85,1.44,25,width_minus_25um_copper_80pct,0.04677300600247892,46.773006002478915,46.773006002478915
16,C204.1,U302.1,source_trunk,85,1.6,20,native_nominal,0.03669530673647479,36.69530673647479,36.69530673647479
16,C204.1,U302.1,source_trunk,85,1.6,20,width_minus_25um_copper_80pct,0.04777577138893126,47.775771388931254,47.775771388931254
16,C204.1,U302.1,source_trunk,85,1.6,25,native_nominal,0.03596390280766706,35.963902807667054,35.963902807667054
16,C204.1,U302.1,source_trunk,85,1.6,25,width_minus_25um_copper_80pct,0.047044367460123526,47.044367460123524,47.044367460123524
16,C204.1,U302.1,source_trunk,85,1.76,20,native_nominal,0.03703980858700017,37.039808587000174,37.039808587000174
16,C204.1,U302.1,source_trunk,85,1.76,20,width_minus_25um_copper_80pct,0.04812027323945663,48.12027323945663,48.12027323945663
16,C204.1,U302.1,source_trunk,85,1.76,25,native_nominal,0.03623526426531167,36.23526426531167,36.23526426531167
16,C204.1,U302.1,source_trunk,85,1.76,25,width_minus_25um_copper_80pct,0.047315728917768134,47.31572891776813,47.31572891776813
17,C205.1,U302.1,source_trunk,20,1.44,20,native_nominal,0.030731250003571544,30.731250003571542,30.731250003571542
17,C205.1,U302.1,source_trunk,20,1.44,20,width_minus_25um_copper_80pct,0.0400729997323145,40.0729997323145,40.0729997323145
17,C205.1,U302.1,source_trunk,20,1.44,25,native_nominal,0.03020692523083909,30.20692523083909,30.20692523083909
17,C205.1,U302.1,source_trunk,20,1.44,25,width_minus_25um_copper_80pct,0.03954867495958206,39.54867495958206,39.54867495958206
17,C205.1,U302.1,source_trunk,20,1.6,20,native_nominal,0.031005655077867914,31.005655077867914,31.005655077867914
17,C205.1,U302.1,source_trunk,20,1.6,20,width_minus_25um_copper_80pct,0.04034740480661087,40.347404806610875,40.347404806610875
17,C205.1,U302.1,source_trunk,20,1.6,25,native_nominal,0.03042307199705408,30.42307199705408,30.42307199705408
17,C205.1,U302.1,source_trunk,20,1.6,25,width_minus_25um_copper_80pct,0.03976482172579704,39.76482172579704,39.76482172579704
17,C205.1,U302.1,source_trunk,20,1.76,20,native_nominal,0.03128006015216429,31.280060152164285,31.280060152164285
17,C205.1,U302.1,source_trunk,20,1.76,20,width_minus_25um_copper_80pct,0.040621809880907245,40.62180988090724,40.62180988090724
17,C205.1,U302.1,source_trunk,20,1.76,25,native_nominal,0.030639218763269065,30.639218763269064,30.639218763269064
17,C205.1,U302.1,source_trunk,20,1.76,25,width_minus_25um_copper_80pct,0.03998096849201203,39.980968492012025,39.980968492012025
17,C205.1,U302.1,source_trunk,60,1.44,20,native_nominal,0.03556220250413299,35.56220250413299,35.56220250413299
17,C205.1,U302.1,source_trunk,60,1.44,20,width_minus_25um_copper_80pct,0.04637247529023434,46.37247529023434,46.37247529023434
17,C205.1,U302.1,source_trunk,60,1.44,25,native_nominal,0.034955453877127,34.955453877127,34.955453877127
17,C205.1,U302.1,source_trunk,60,1.44,25,width_minus_25um_copper_80pct,0.04576572666322835,45.76572666322835,45.76572666322835
17,C205.1,U302.1,source_trunk,60,1.6,20,native_nominal,0.035879744056108755,35.879744056108756,35.879744056108756
17,C205.1,U302.1,source_trunk,60,1.6,20,width_minus_25um_copper_80pct,0.0466900168422101,46.6900168422101,46.6900168422101
17,C205.1,U302.1,source_trunk,60,1.6,25,native_nominal,0.03520557891499098,35.20557891499098,35.20557891499098
17,C205.1,U302.1,source_trunk,60,1.6,25,width_minus_25um_copper_80pct,0.04601585170109233,46.01585170109232,46.01585170109232
17,C205.1,U302.1,source_trunk,60,1.76,20,native_nominal,0.036197285608084516,36.19728560808451,36.19728560808451
17,C205.1,U302.1,source_trunk,60,1.76,20,width_minus_25um_copper_80pct,0.04700755839418586,47.007558394185864,47.007558394185864
17,C205.1,U302.1,source_trunk,60,1.76,25,native_nominal,0.03545570395285496,35.45570395285496,35.45570395285496
17,C205.1,U302.1,source_trunk,60,1.76,25,width_minus_25um_copper_80pct,0.046265976738956306,46.265976738956304,46.265976738956304
17,C205.1,U302.1,source_trunk,85,1.44,20,native_nominal,0.03858154781698389,38.58154781698389,38.58154781698389
17,C205.1,U302.1,source_trunk,85,1.44,20,width_minus_25um_copper_80pct,0.050309647513934234,50.30964751393424,50.30964751393424
17,C205.1,U302.1,source_trunk,85,1.44,25,native_nominal,0.037923284281056936,37.92328428105694,37.92328428105694
17,C205.1,U302.1,source_trunk,85,1.44,25,width_minus_25um_copper_80pct,0.04965138397800728,49.65138397800728,49.65138397800728
17,C205.1,U302.1,source_trunk,85,1.6,20,native_nominal,0.038926049667509274,38.926049667509275,38.926049667509275
17,C205.1,U302.1,source_trunk,85,1.6,20,width_minus_25um_copper_80pct,0.05065414936445961,50.65414936445961,50.65414936445961
17,C205.1,U302.1,source_trunk,85,1.6,25,native_nominal,0.038194645738701544,38.194645738701546,38.194645738701546
17,C205.1,U302.1,source_trunk,85,1.6,25,width_minus_25um_copper_80pct,0.04992274543565188,49.92274543565188,49.92274543565188
17,C205.1,U302.1,source_trunk,85,1.76,20,native_nominal,0.03927055151803465,39.27055151803465,39.27055151803465
17,C205.1,U302.1,source_trunk,85,1.76,20,width_minus_25um_copper_80pct,0.050998651214984994,50.998651214984996,50.998651214984996
17,C205.1,U302.1,source_trunk,85,1.76,25,native_nominal,0.03846600719634615,38.46600719634615,38.46600719634615
17,C205.1,U302.1,source_trunk,85,1.76,25,width_minus_25um_copper_80pct,0.050194106893296495,50.19410689329649,50.19410689329649
18,C206.1,U302.1,source_trunk,20,1.44,20,native_nominal,0.03192398399371933,31.923983993719332,31.923983993719332
18,C206.1,U302.1,source_trunk,20,1.44,20,width_minus_25um_copper_80pct,0.04161201133250519,41.61201133250519,41.61201133250519
18,C206.1,U302.1,source_trunk,20,1.44,25,native_nominal,0.03139965922098688,31.399659220986877,31.399659220986877
18,C206.1,U302.1,source_trunk,20,1.44,25,width_minus_25um_copper_80pct,0.04108768655977274,41.08768655977274,41.08768655977274
18,C206.1,U302.1,source_trunk,20,1.6,20,native_nominal,0.0321983890680157,32.1983890680157,32.1983890680157
18,C206.1,U302.1,source_trunk,20,1.6,20,width_minus_25um_copper_80pct,0.04188641640680156,41.88641640680156,41.88641640680156
18,C206.1,U302.1,source_trunk,20,1.6,25,native_nominal,0.03161580598720186,31.61580598720186,31.61580598720186
18,C206.1,U302.1,source_trunk,20,1.6,25,width_minus_25um_copper_80pct,0.04130383332598772,41.30383332598772,41.30383332598772
18,C206.1,U302.1,source_trunk,20,1.76,20,native_nominal,0.032472794142312064,32.47279414231206,32.47279414231206
18,C206.1,U302.1,source_trunk,20,1.76,20,width_minus_25um_copper_80pct,0.042160821481097926,42.160821481097926,42.160821481097926
18,C206.1,U302.1,source_trunk,20,1.76,25,native_nominal,0.03183195275341685,31.831952753416854,31.831952753416854
18,C206.1,U302.1,source_trunk,20,1.76,25,width_minus_25um_copper_80pct,0.041519980092202716,41.519980092202715,41.519980092202715
18,C206.1,U302.1,source_trunk,60,1.44,20,native_nominal,0.03694243427753201,36.94243427753201,36.94243427753201
18,C206.1,U302.1,source_trunk,60,1.44,20,width_minus_25um_copper_80pct,0.048153419513975004,48.153419513975,48.153419513975
18,C206.1,U302.1,source_trunk,60,1.44,25,native_nominal,0.036335685650526015,36.33568565052602,36.33568565052602
18,C206.1,U302.1,source_trunk,60,1.44,25,width_minus_25um_copper_80pct,0.04754667088696901,47.54667088696901,47.54667088696901
18,C206.1,U302.1,source_trunk,60,1.6,20,native_nominal,0.03725997582950777,37.259975829507766,37.259975829507766
18,C206.1,U302.1,source_trunk,60,1.6,20,width_minus_25um_copper_80pct,0.048470961065950766,48.47096106595077,48.47096106595077
18,C206.1,U302.1,source_trunk,60,1.6,25,native_nominal,0.036585810688389994,36.58581068838999,36.58581068838999
18,C206.1,U302.1,source_trunk,60,1.6,25,width_minus_25um_copper_80pct,0.04779679592483299,47.79679592483299,47.79679592483299
18,C206.1,U302.1,source_trunk,60,1.76,20,native_nominal,0.03757751738148353,37.57751738148353,37.57751738148353
18,C206.1,U302.1,source_trunk,60,1.76,20,width_minus_25um_copper_80pct,0.04878850261792653,48.788502617926525,48.788502617926525
18,C206.1,U302.1,source_trunk,60,1.76,25,native_nominal,0.036835935726253974,36.83593572625397,36.83593572625397
18,C206.1,U302.1,source_trunk,60,1.76,25,width_minus_25um_copper_80pct,0.04804692096269697,48.04692096269697,48.04692096269697
18,C206.1,U302.1,source_trunk,85,1.44,20,native_nominal,0.040078965704914926,40.07896570491493,40.07896570491493
18,C206.1,U302.1,source_trunk,85,1.44,20,width_minus_25um_copper_80pct,0.05224179962739363,52.241799627393625,52.241799627393625
18,C206.1,U302.1,source_trunk,85,1.44,25,native_nominal,0.03942070216898797,39.42070216898797,39.42070216898797
18,C206.1,U302.1,source_trunk,85,1.44,25,width_minus_25um_copper_80pct,0.05158353609146668,51.583536091466684,51.583536091466684
18,C206.1,U302.1,source_trunk,85,1.6,20,native_nominal,0.04042346755544031,40.42346755544031,40.42346755544031
18,C206.1,U302.1,source_trunk,85,1.6,20,width_minus_25um_copper_80pct,0.05258630147791901,52.586301477919015,52.586301477919015
18,C206.1,U302.1,source_trunk,85,1.6,25,native_nominal,0.03969206362663258,39.69206362663258,39.69206362663258
18,C206.1,U302.1,source_trunk,85,1.6,25,width_minus_25um_copper_80pct,0.05185489754911128,51.85489754911128,51.85489754911128
18,C206.1,U302.1,source_trunk,85,1.76,20,native_nominal,0.040767969405965686,40.76796940596569,40.76796940596569
18,C206.1,U302.1,source_trunk,85,1.76,20,width_minus_25um_copper_80pct,0.052930803328444395,52.9308033284444,52.9308033284444
18,C206.1,U302.1,source_trunk,85,1.76,25,native_nominal,0.039963425084277186,39.96342508427718,39.96342508427718
18,C206.1,U302.1,source_trunk,85,1.76,25,width_minus_25um_copper_80pct,0.052126259006755896,52.126259006755895,52.126259006755895
19,U302.3,J301.2,source_trunk,20,1.44,20,native_nominal,0.033783490973188085,33.78349097318809,33.78349097318809
19,U302.3,J301.2,source_trunk,20,1.44,20,width_minus_25um_copper_80pct,0.04455180331042789,44.55180331042789,44.55180331042789
19,U302.3,J301.2,source_trunk,20,1.44,25,native_nominal,0.033443885152530196,33.4438851525302,33.4438851525302
19,U302.3,J301.2,source_trunk,20,1.44,25,width_minus_25um_copper_80pct,0.044212197489770004,44.212197489770006,44.212197489770006
19,U302.3,J301.2,source_trunk,20,1.6,20,native_nominal,0.033962909675612635,33.962909675612636,33.962909675612636
19,U302.3,J301.2,source_trunk,20,1.6,20,width_minus_25um_copper_80pct,0.04473122201285244,44.73122201285244,44.73122201285244
19,U302.3,J301.2,source_trunk,20,1.6,25,native_nominal,0.03358556987488165,33.58556987488165,33.58556987488165
19,U302.3,J301.2,source_trunk,20,1.6,25,width_minus_25um_copper_80pct,0.04435388221212145,44.35388221212145,44.35388221212145
19,U302.3,J301.2,source_trunk,20,1.76,20,native_nominal,0.03414232837803719,34.14232837803719,34.14232837803719
19,U302.3,J301.2,source_trunk,20,1.76,20,width_minus_25um_copper_80pct,0.04491064071527699,44.91064071527699,44.91064071527699
19,U302.3,J301.2,source_trunk,20,1.76,25,native_nominal,0.033727254597233094,33.72725459723309,33.72725459723309
19,U302.3,J301.2,source_trunk,20,1.76,25,width_minus_25um_copper_80pct,0.04449556693447291,44.49556693447291,44.49556693447291
19,U302.3,J301.2,source_trunk,60,1.44,20,native_nominal,0.03909425575417325,39.094255754173254,39.094255754173254
19,U302.3,J301.2,source_trunk,60,1.44,20,width_minus_25um_copper_80pct,0.051555346790827156,51.55534679082716,51.55534679082716
19,U302.3,J301.2,source_trunk,60,1.44,25,native_nominal,0.03870126389850794,38.70126389850794,38.70126389850794
19,U302.3,J301.2,source_trunk,60,1.44,25,width_minus_25um_copper_80pct,0.051162354935161844,51.162354935161844,51.162354935161844
19,U302.3,J301.2,source_trunk,60,1.6,20,native_nominal,0.03930187907661895,39.30187907661895,39.30187907661895
19,U302.3,J301.2,source_trunk,60,1.6,20,width_minus_25um_copper_80pct,0.05176297011327285,51.76297011327285,51.76297011327285
19,U302.3,J301.2,source_trunk,60,1.6,25,native_nominal,0.03886522145921305,38.865221459213046,38.865221459213046
19,U302.3,J301.2,source_trunk,60,1.6,25,width_minus_25um_copper_80pct,0.05132631249586695,51.32631249586695,51.32631249586695
19,U302.3,J301.2,source_trunk,60,1.76,20,native_nominal,0.03950950239906463,39.50950239906463,39.50950239906463
19,U302.3,J301.2,source_trunk,60,1.76,20,width_minus_25um_copper_80pct,0.05197059343571854,51.97059343571854,51.97059343571854
19,U302.3,J301.2,source_trunk,60,1.76,25,native_nominal,0.03902917901991814,39.02917901991814,39.02917901991814
19,U302.3,J301.2,source_trunk,60,1.76,25,width_minus_25um_copper_80pct,0.05149027005657204,51.490270056572044,51.490270056572044
19,U302.3,J301.2,source_trunk,85,1.44,20,native_nominal,0.04241348374228898,42.41348374228898,42.41348374228898
19,U302.3,J301.2,source_trunk,85,1.44,20,width_minus_25um_copper_80pct,0.0559325614660767,55.9325614660767,55.9325614660767
19,U302.3,J301.2,source_trunk,85,1.44,25,native_nominal,0.04198712561474404,41.98712561474404,41.98712561474404
19,U302.3,J301.2,source_trunk,85,1.44,25,width_minus_25um_copper_80pct,0.05550620333853175,55.50620333853175,55.50620333853175
19,U302.3,J301.2,source_trunk,85,1.6,20,native_nominal,0.04263873495224789,42.63873495224789,42.63873495224789
19,U302.3,J301.2,source_trunk,85,1.6,20,width_minus_25um_copper_80pct,0.056157812676035604,56.157812676035604,56.157812676035604
19,U302.3,J301.2,source_trunk,85,1.6,25,native_nominal,0.04216500369942016,42.16500369942016,42.16500369942016
19,U302.3,J301.2,source_trunk,85,1.6,25,width_minus_25um_copper_80pct,0.05568408142320787,55.68408142320787,55.68408142320787
19,U302.3,J301.2,source_trunk,85,1.76,20,native_nominal,0.04286398616220679,42.86398616220679,42.86398616220679
19,U302.3,J301.2,source_trunk,85,1.76,20,width_minus_25um_copper_80pct,0.0563830638859945,56.383063885994495,56.383063885994495
19,U302.3,J301.2,source_trunk,85,1.76,25,native_nominal,0.042342881784096294,42.34288178409629,42.34288178409629
19,U302.3,J301.2,source_trunk,85,1.76,25,width_minus_25um_copper_80pct,0.055861959507884,55.861959507884,55.861959507884
20,U302.3,J301.4,source_trunk,20,1.44,20,native_nominal,0.030275466667966815,30.275466667966814,30.275466667966814
20,U302.3,J301.4,source_trunk,20,1.44,20,width_minus_25um_copper_80pct,0.040001086065961956,40.00108606596196,40.00108606596196
20,U302.3,J301.4,source_trunk,20,1.44,25,native_nominal,0.030013304281600588,30.013304281600586,30.013304281600586
20,U302.3,J301.4,source_trunk,20,1.44,25,width_minus_25um_copper_80pct,0.039738923679595736,39.738923679595736,39.738923679595736
20,U302.3,J301.4,source_trunk,20,1.6,20,native_nominal,0.030412669205114998,30.412669205114998,30.412669205114998
20,U302.3,J301.4,source_trunk,20,1.6,20,width_minus_25um_copper_80pct,0.040138288603110146,40.13828860311015,40.13828860311015
20,U302.3,J301.4,source_trunk,20,1.6,25,native_nominal,0.030121377664708085,30.121377664708085,30.121377664708085
20,U302.3,J301.4,source_trunk,20,1.6,25,width_minus_25um_copper_80pct,0.03984699706270323,39.846997062703224,39.846997062703224
20,U302.3,J301.4,source_trunk,20,1.76,20,native_nominal,0.030549871742263188,30.54987174226319,30.54987174226319
20,U302.3,J301.4,source_trunk,20,1.76,20,width_minus_25um_copper_80pct,0.04027549114025833,40.27549114025833,40.27549114025833
20,U302.3,J301.4,source_trunk,20,1.76,25,native_nominal,0.030229451047815575,30.229451047815576,30.229451047815576
20,U302.3,J301.4,source_trunk,20,1.76,25,width_minus_25um_copper_80pct,0.039955070445810724,39.955070445810726,39.955070445810726
20,U302.3,J301.4,source_trunk,60,1.44,20,native_nominal,0.035034770028171194,35.034770028171195,35.034770028171195
20,U302.3,J301.4,source_trunk,60,1.44,20,width_minus_25um_copper_80pct,0.046289256795531177,46.28925679553117,46.28925679553117
20,U302.3,J301.4,source_trunk,60,1.44,25,native_nominal,0.0347313957146682,34.731395714668196,34.731395714668196
20,U302.3,J301.4,source_trunk,60,1.44,25,width_minus_25um_copper_80pct,0.04598588248202818,45.98588248202818,45.98588248202818
20,U302.3,J301.4,source_trunk,60,1.6,20,native_nominal,0.03519354080415908,35.193540804159085,35.193540804159085
20,U302.3,J301.4,source_trunk,60,1.6,20,width_minus_25um_copper_80pct,0.04644802757151906,46.448027571519056,46.448027571519056
20,U302.3,J301.4,source_trunk,60,1.6,25,native_nominal,0.034856458233600195,34.85645823360019,34.85645823360019
20,U302.3,J301.4,source_trunk,60,1.6,25,width_minus_25um_copper_80pct,0.04611094500096018,46.11094500096018,46.11094500096018
20,U302.3,J301.4,source_trunk,60,1.76,20,native_nominal,0.035352311580146956,35.35231158014695,35.35231158014695
20,U302.3,J301.4,source_trunk,60,1.76,20,width_minus_25um_copper_80pct,0.04660679834750694,46.60679834750694,46.60679834750694
20,U302.3,J301.4,source_trunk,60,1.76,25,native_nominal,0.034981520752532184,34.981520752532184,34.981520752532184
20,U302.3,J301.4,source_trunk,60,1.76,25,width_minus_25um_copper_80pct,0.04623600751989217,46.23600751989217,46.23600751989217
20,U302.3,J301.4,source_trunk,85,1.44,20,native_nominal,0.03800933462829893,38.00933462829893,38.00933462829893
20,U302.3,J301.4,source_trunk,85,1.44,20,width_minus_25um_copper_80pct,0.05021936350151193,50.219363501511936,50.219363501511936
20,U302.3,J301.4,source_trunk,85,1.44,25,native_nominal,0.037680202860335466,37.68020286033546,37.68020286033546
20,U302.3,J301.4,source_trunk,85,1.44,25,width_minus_25um_copper_80pct,0.049890231733548465,49.89023173354847,49.89023173354847
20,U302.3,J301.4,source_trunk,85,1.6,20,native_nominal,0.03818158555356163,38.18158555356163,38.18158555356163
20,U302.3,J301.4,source_trunk,85,1.6,20,width_minus_25um_copper_80pct,0.05039161442677463,50.39161442677463,50.39161442677463
20,U302.3,J301.4,source_trunk,85,1.6,25,native_nominal,0.03781588358915776,37.81588358915776,37.81588358915776
20,U302.3,J301.4,source_trunk,85,1.6,25,width_minus_25um_copper_80pct,0.05002591246237076,50.025912462370755,50.025912462370755
20,U302.3,J301.4,source_trunk,85,1.76,20,native_nominal,0.038353836478824316,38.35383647882431,38.35383647882431
20,U302.3,J301.4,source_trunk,85,1.76,20,width_minus_25um_copper_80pct,0.050563865352037315,50.56386535203732,50.56386535203732
20,U302.3,J301.4,source_trunk,85,1.76,25,native_nominal,0.037951564317980066,37.951564317980065,37.951564317980065
20,U302.3,J301.4,source_trunk,85,1.76,25,width_minus_25um_copper_80pct,0.050161593191193066,50.16159319119306,50.16159319119306
21,C204.1,U701.2,VOUT_branch,20,1.44,20,native_nominal,0.04295081550158504,42.95081550158504,42.95081550158504
21,C204.1,U701.2,VOUT_branch,20,1.44,20,width_minus_25um_copper_80pct,0.057069847354846374,57.069847354846374,57.069847354846374
21,C204.1,U701.2,VOUT_branch,20,1.44,25,native_nominal,0.042426490728852594,42.42649072885259,42.42649072885259
21,C204.1,U701.2,VOUT_branch,20,1.44,25,width_minus_25um_copper_80pct,0.05654552258211393,56.545522582113925,56.545522582113925
21,C204.1,U701.2,VOUT_branch,20,1.6,20,native_nominal,0.043225220575881414,43.225220575881416,43.225220575881416
21,C204.1,U701.2,VOUT_branch,20,1.6,20,width_minus_25um_copper_80pct,0.05734425242914275,57.34425242914275,57.34425242914275
21,C204.1,U701.2,VOUT_branch,20,1.6,25,native_nominal,0.042642637495067574,42.642637495067575,42.642637495067575
21,C204.1,U701.2,VOUT_branch,20,1.6,25,width_minus_25um_copper_80pct,0.05676166934832891,56.76166934832891,56.76166934832891
21,C204.1,U701.2,VOUT_branch,20,1.76,20,native_nominal,0.04349962565017778,43.49962565017778,43.49962565017778
21,C204.1,U701.2,VOUT_branch,20,1.76,20,width_minus_25um_copper_80pct,0.057618657503439114,57.61865750343912,57.61865750343912
21,C204.1,U701.2,VOUT_branch,20,1.76,25,native_nominal,0.04285878426128257,42.85878426128257,42.85878426128257
21,C204.1,U701.2,VOUT_branch,20,1.76,25,width_minus_25um_copper_80pct,0.0569778161145439,56.977816114543906,56.977816114543906
21,C204.1,U701.2,VOUT_branch,60,1.44,20,native_nominal,0.04970268369843421,49.702683698434214,49.702683698434214
21,C204.1,U701.2,VOUT_branch,60,1.44,20,width_minus_25um_copper_80pct,0.06604122735902823,66.04122735902823,66.04122735902823
21,C204.1,U701.2,VOUT_branch,60,1.44,25,native_nominal,0.04909593507142822,49.095935071428215,49.095935071428215
21,C204.1,U701.2,VOUT_branch,60,1.44,25,width_minus_25um_copper_80pct,0.06543447873202224,65.43447873202224,65.43447873202224
21,C204.1,U701.2,VOUT_branch,60,1.6,20,native_nominal,0.050020225250409965,50.020225250409965,50.020225250409965
21,C204.1,U701.2,VOUT_branch,60,1.6,20,width_minus_25um_copper_80pct,0.06635876891100399,66.35876891100399,66.35876891100399
21,C204.1,U701.2,VOUT_branch,60,1.6,25,native_nominal,0.0493460601092922,49.346060109292196,49.346060109292196
21,C204.1,U701.2,VOUT_branch,60,1.6,25,width_minus_25um_copper_80pct,0.06568460376988622,65.68460376988622,65.68460376988622
21,C204.1,U701.2,VOUT_branch,60,1.76,20,native_nominal,0.050337766802385726,50.33776680238573,50.33776680238573
21,C204.1,U701.2,VOUT_branch,60,1.76,20,width_minus_25um_copper_80pct,0.06667631046297975,66.67631046297976,66.67631046297976
21,C204.1,U701.2,VOUT_branch,60,1.76,25,native_nominal,0.04959618514715618,49.59618514715618,49.59618514715618
21,C204.1,U701.2,VOUT_branch,60,1.76,25,width_minus_25um_copper_80pct,0.0659347288077502,65.9347288077502,65.9347288077502
21,C204.1,U701.2,VOUT_branch,85,1.44,20,native_nominal,0.05392260132146494,53.92260132146494,53.92260132146494
21,C204.1,U701.2,VOUT_branch,85,1.44,20,width_minus_25um_copper_80pct,0.07164833986164187,71.64833986164187,71.64833986164187
21,C204.1,U701.2,VOUT_branch,85,1.44,25,native_nominal,0.053264337785537984,53.26433778553798,53.26433778553798
21,C204.1,U701.2,VOUT_branch,85,1.44,25,width_minus_25um_copper_80pct,0.07099007632571493,70.99007632571492,70.99007632571492
21,C204.1,U701.2,VOUT_branch,85,1.6,20,native_nominal,0.054267103171990315,54.267103171990314,54.267103171990314
21,C204.1,U701.2,VOUT_branch,85,1.6,20,width_minus_25um_copper_80pct,0.07199284171216726,71.99284171216726,71.99284171216726
21,C204.1,U701.2,VOUT_branch,85,1.6,25,native_nominal,0.053535699243182584,53.535699243182584,53.535699243182584
21,C204.1,U701.2,VOUT_branch,85,1.6,25,width_minus_25um_copper_80pct,0.07126143778335953,71.26143778335953,71.26143778335953
21,C204.1,U701.2,VOUT_branch,85,1.76,20,native_nominal,0.054611605022515705,54.611605022515704,54.611605022515704
21,C204.1,U701.2,VOUT_branch,85,1.76,20,width_minus_25um_copper_80pct,0.07233734356269264,72.33734356269264,72.33734356269264
21,C204.1,U701.2,VOUT_branch,85,1.76,25,native_nominal,0.0538070607008272,53.8070607008272,53.8070607008272
21,C204.1,U701.2,VOUT_branch,85,1.76,25,width_minus_25um_copper_80pct,0.07153279924100414,71.53279924100414,71.53279924100414
22,C204.1,U501.1,VOUT_branch,20,1.44,20,native_nominal,0.03690765290845089,36.90765290845089,36.90765290845089
22,C204.1,U501.1,VOUT_branch,20,1.44,20,width_minus_25um_copper_80pct,0.0483466861586525,48.3466861586525,48.3466861586525
22,C204.1,U501.1,VOUT_branch,20,1.44,25,native_nominal,0.03638332813571845,36.38332813571845,36.38332813571845
22,C204.1,U501.1,VOUT_branch,20,1.44,25,width_minus_25um_copper_80pct,0.047822361385920054,47.822361385920054,47.822361385920054
22,C204.1,U501.1,VOUT_branch,20,1.6,20,native_nominal,0.03718205798274727,37.18205798274727,37.18205798274727
22,C204.1,U501.1,VOUT_branch,20,1.6,20,width_minus_25um_copper_80pct,0.048621091232948874,48.62109123294887,48.62109123294887
22,C204.1,U501.1,VOUT_branch,20,1.6,25,native_nominal,0.03659947490193343,36.599474901933434,36.599474901933434
22,C204.1,U501.1,VOUT_branch,20,1.6,25,width_minus_25um_copper_80pct,0.048038508152135034,48.03850815213504,48.03850815213504
22,C204.1,U501.1,VOUT_branch,20,1.76,20,native_nominal,0.037456463057043636,37.456463057043635,37.456463057043635
22,C204.1,U501.1,VOUT_branch,20,1.76,20,width_minus_25um_copper_80pct,0.04889549630724524,48.89549630724524,48.89549630724524
22,C204.1,U501.1,VOUT_branch,20,1.76,25,native_nominal,0.036815621668148425,36.815621668148424,36.815621668148424
22,C204.1,U501.1,VOUT_branch,20,1.76,25,width_minus_25um_copper_80pct,0.04825465491835003,48.25465491835003,48.25465491835003
22,C204.1,U501.1,VOUT_branch,60,1.44,20,native_nominal,0.04270953594565938,42.709535945659375,42.709535945659375
22,C204.1,U501.1,VOUT_branch,60,1.44,20,width_minus_25um_copper_80pct,0.05594678522279268,55.94678522279268,55.94678522279268
22,C204.1,U501.1,VOUT_branch,60,1.44,25,native_nominal,0.042102787318653384,42.102787318653384,42.102787318653384
22,C204.1,U501.1,VOUT_branch,60,1.44,25,width_minus_25um_copper_80pct,0.055340036595786686,55.340036595786685,55.340036595786685
22,C204.1,U501.1,VOUT_branch,60,1.6,20,native_nominal,0.04302707749763513,43.02707749763513,43.02707749763513
22,C204.1,U501.1,VOUT_branch,60,1.6,20,width_minus_25um_copper_80pct,0.05626432677476843,56.264326774768435,56.264326774768435
22,C204.1,U501.1,VOUT_branch,60,1.6,25,native_nominal,0.042352912356517364,42.352912356517365,42.352912356517365
22,C204.1,U501.1,VOUT_branch,60,1.6,25,width_minus_25um_copper_80pct,0.055590161633650666,55.590161633650666,55.590161633650666
22,C204.1,U501.1,VOUT_branch,60,1.76,20,native_nominal,0.04334461904961089,43.34461904961089,43.34461904961089
22,C204.1,U501.1,VOUT_branch,60,1.76,20,width_minus_25um_copper_80pct,0.0565818683267442,56.5818683267442,56.5818683267442
22,C204.1,U501.1,VOUT_branch,60,1.76,25,native_nominal,0.04260303739438134,42.603037394381346,42.603037394381346
22,C204.1,U501.1,VOUT_branch,60,1.76,25,width_minus_25um_copper_80pct,0.055840286671514645,55.84028667151465,55.84028667151465
22,C204.1,U501.1,VOUT_branch,85,1.44,20,native_nominal,0.046335712843914675,46.33571284391468,46.33571284391468
22,C204.1,U501.1,VOUT_branch,85,1.44,20,width_minus_25um_copper_80pct,0.060696847137880296,60.6968471378803,60.6968471378803
22,C204.1,U501.1,VOUT_branch,85,1.44,25,native_nominal,0.04567744930798772,45.67744930798772,45.67744930798772
22,C204.1,U501.1,VOUT_branch,85,1.44,25,width_minus_25um_copper_80pct,0.06003858360195334,60.03858360195334,60.03858360195334
22,C204.1,U501.1,VOUT_branch,85,1.6,20,native_nominal,0.04668021469444005,46.68021469444005,46.68021469444005
22,C204.1,U501.1,VOUT_branch,85,1.6,20,width_minus_25um_copper_80pct,0.06104134898840567,61.04134898840567,61.04134898840567
22,C204.1,U501.1,VOUT_branch,85,1.6,25,native_nominal,0.04594881076563233,45.94881076563233,45.94881076563233
22,C204.1,U501.1,VOUT_branch,85,1.6,25,width_minus_25um_copper_80pct,0.06030994505959795,60.30994505959795,60.30994505959795
22,C204.1,U501.1,VOUT_branch,85,1.76,20,native_nominal,0.04702471654496544,47.02471654496544,47.02471654496544
22,C204.1,U501.1,VOUT_branch,85,1.76,20,width_minus_25um_copper_80pct,0.06138585083893105,61.38585083893105,61.38585083893105
22,C204.1,U501.1,VOUT_branch,85,1.76,25,native_nominal,0.04622017222327694,46.22017222327694,46.22017222327694
22,C204.1,U501.1,VOUT_branch,85,1.76,25,width_minus_25um_copper_80pct,0.06058130651724255,60.581306517242545,60.581306517242545
23,C204.1,U702.1,VOUT_branch,20,1.44,20,native_nominal,0.04257638718715084,42.576387187150836,42.576387187150836
23,C204.1,U702.1,VOUT_branch,20,1.44,20,width_minus_25um_copper_80pct,0.05590499853025242,55.90499853025242,55.90499853025242
23,C204.1,U702.1,VOUT_branch,20,1.44,25,native_nominal,0.04205206241441839,42.05206241441839,42.05206241441839
23,C204.1,U702.1,VOUT_branch,20,1.44,25,width_minus_25um_copper_80pct,0.05538067375751997,55.38067375751997,55.38067375751997
23,C204.1,U702.1,VOUT_branch,20,1.6,20,native_nominal,0.04285079226144721,42.85079226144721,42.85079226144721
23,C204.1,U702.1,VOUT_branch,20,1.6,20,width_minus_25um_copper_80pct,0.05617940360454879,56.17940360454879,56.17940360454879
23,C204.1,U702.1,VOUT_branch,20,1.6,25,native_nominal,0.04226820918063337,42.26820918063337,42.26820918063337
23,C204.1,U702.1,VOUT_branch,20,1.6,25,width_minus_25um_copper_80pct,0.05559682052373495,55.59682052373495,55.59682052373495
23,C204.1,U702.1,VOUT_branch,20,1.76,20,native_nominal,0.043125197335743576,43.12519733574358,43.12519733574358
23,C204.1,U702.1,VOUT_branch,20,1.76,20,width_minus_25um_copper_80pct,0.056453808678845155,56.45380867884516,56.45380867884516
23,C204.1,U702.1,VOUT_branch,20,1.76,25,native_nominal,0.042484355946848365,42.48435594684837,42.48435594684837
23,C204.1,U702.1,VOUT_branch,20,1.76,25,width_minus_25um_copper_80pct,0.055812967289949944,55.812967289949945,55.812967289949945
23,C204.1,U702.1,VOUT_branch,60,1.44,20,native_nominal,0.04926939525297095,49.26939525297095,49.26939525297095
23,C204.1,U702.1,VOUT_branch,60,1.44,20,width_minus_25um_copper_80pct,0.0646932642992081,64.69326429920811,64.69326429920811
23,C204.1,U702.1,VOUT_branch,60,1.44,25,native_nominal,0.04866264662596496,48.66264662596496,48.66264662596496
23,C204.1,U702.1,VOUT_branch,60,1.44,25,width_minus_25um_copper_80pct,0.06408651567220211,64.08651567220211,64.08651567220211
23,C204.1,U702.1,VOUT_branch,60,1.6,20,native_nominal,0.0495869368049467,49.586936804946696,49.586936804946696
23,C204.1,U702.1,VOUT_branch,60,1.6,20,width_minus_25um_copper_80pct,0.06501080585118386,65.01080585118386,65.01080585118386
23,C204.1,U702.1,VOUT_branch,60,1.6,25,native_nominal,0.04891277166382894,48.912771663828934,48.912771663828934
23,C204.1,U702.1,VOUT_branch,60,1.6,25,width_minus_25um_copper_80pct,0.06433664071006609,64.33664071006609,64.33664071006609
23,C204.1,U702.1,VOUT_branch,60,1.76,20,native_nominal,0.04990447835692246,49.90447835692246,49.90447835692246
23,C204.1,U702.1,VOUT_branch,60,1.76,20,width_minus_25um_copper_80pct,0.06532834740315963,65.32834740315963,65.32834740315963
23,C204.1,U702.1,VOUT_branch,60,1.76,25,native_nominal,0.04916289670169292,49.162896701692915,49.162896701692915
23,C204.1,U702.1,VOUT_branch,60,1.76,25,width_minus_25um_copper_80pct,0.06458676574793007,64.58676574793007,64.58676574793007
23,C204.1,U702.1,VOUT_branch,85,1.44,20,native_nominal,0.053452525294108516,53.45252529410852,53.45252529410852
23,C204.1,U702.1,VOUT_branch,85,1.44,20,width_minus_25um_copper_80pct,0.0701859304048054,70.1859304048054,70.1859304048054
23,C204.1,U702.1,VOUT_branch,85,1.44,25,native_nominal,0.052794261758181554,52.794261758181555,52.794261758181555
23,C204.1,U702.1,VOUT_branch,85,1.44,25,width_minus_25um_copper_80pct,0.06952766686887844,69.52766686887844,69.52766686887844
23,C204.1,U702.1,VOUT_branch,85,1.6,20,native_nominal,0.053797027144633885,53.79702714463389,53.79702714463389
23,C204.1,U702.1,VOUT_branch,85,1.6,20,width_minus_25um_copper_80pct,0.07053043225533079,70.5304322553308,70.5304322553308
23,C204.1,U702.1,VOUT_branch,85,1.6,25,native_nominal,0.053065623215826155,53.06562321582616,53.06562321582616
23,C204.1,U702.1,VOUT_branch,85,1.6,25,width_minus_25um_copper_80pct,0.06979902832652306,69.79902832652306,69.79902832652306
23,C204.1,U702.1,VOUT_branch,85,1.76,20,native_nominal,0.05414152899515928,54.141528995159284,54.141528995159284
23,C204.1,U702.1,VOUT_branch,85,1.76,20,width_minus_25um_copper_80pct,0.07087493410585616,70.87493410585616,70.87493410585616
23,C204.1,U702.1,VOUT_branch,85,1.76,25,native_nominal,0.05333698467347077,53.336984673470766,53.336984673470766
23,C204.1,U702.1,VOUT_branch,85,1.76,25,width_minus_25um_copper_80pct,0.07007038978416766,70.07038978416766,70.07038978416766
24,J102.1,U101.13,battery_trunk,20,1.44,20,native_nominal,0.026648687314597456,26.648687314597456,26.648687314597456
24,J102.1,U101.13,battery_trunk,20,1.44,20,width_minus_25um_copper_80pct,0.034548129628560395,34.548129628560396,34.548129628560396
24,J102.1,U101.13,battery_trunk,20,1.44,25,native_nominal,0.025995372967779675,25.995372967779677,25.995372967779677
24,J102.1,U101.13,battery_trunk,20,1.44,25,width_minus_25um_copper_80pct,0.03389481528174261,33.89481528174261,33.89481528174261
24,J102.1,U101.13,battery_trunk,20,1.6,20,native_nominal,0.02698545717850664,26.985457178506643,26.985457178506643
24,J102.1,U101.13,battery_trunk,20,1.6,20,width_minus_25um_copper_80pct,0.03488489949246958,34.884899492469586,34.884899492469586
24,J102.1,U101.13,battery_trunk,20,1.6,25,native_nominal,0.026259552348709105,26.259552348709104,26.259552348709104
24,J102.1,U101.13,battery_trunk,20,1.6,25,width_minus_25um_copper_80pct,0.03415899466267205,34.15899466267205,34.15899466267205
24,J102.1,U101.13,battery_trunk,20,1.76,20,native_nominal,0.027322227042415822,27.322227042415822,27.322227042415822
24,J102.1,U101.13,battery_trunk,20,1.76,20,width_minus_25um_copper_80pct,0.03522166935637876,35.221669356378754,35.221669356378754
24,J102.1,U101.13,battery_trunk,20,1.76,25,native_nominal,0.026523731729638535,26.523731729638534,26.523731729638534
24,J102.1,U101.13,battery_trunk,20,1.76,25,width_minus_25um_copper_80pct,0.03442317404360147,34.42317404360147,34.42317404360147
24,J102.1,U101.13,battery_trunk,60,1.44,20,native_nominal,0.030837860960452174,30.837860960452176,30.837860960452176
24,J102.1,U101.13,battery_trunk,60,1.44,20,width_minus_25um_copper_80pct,0.03997909560617008,39.97909560617008,39.97909560617008
24,J102.1,U101.13,battery_trunk,60,1.44,25,native_nominal,0.03008184559831464,30.08184559831464,30.08184559831464
24,J102.1,U101.13,battery_trunk,60,1.44,25,width_minus_25um_copper_80pct,0.039223080244032545,39.223080244032545,39.223080244032545
24,J102.1,U101.13,battery_trunk,60,1.6,20,native_nominal,0.031227571046967884,31.227571046967885,31.227571046967885
24,J102.1,U101.13,battery_trunk,60,1.6,20,width_minus_25um_copper_80pct,0.04036880569268578,40.368805692685775,40.368805692685775
24,J102.1,U101.13,battery_trunk,60,1.6,25,native_nominal,0.03038755397792618,30.387553977926178,30.387553977926178
24,J102.1,U101.13,battery_trunk,60,1.6,25,width_minus_25um_copper_80pct,0.039528788623644076,39.528788623644076,39.528788623644076
24,J102.1,U101.13,battery_trunk,60,1.76,20,native_nominal,0.03161728113348359,31.61728113348359,31.61728113348359
24,J102.1,U101.13,battery_trunk,60,1.76,20,width_minus_25um_copper_80pct,0.04075851577920149,40.75851577920149,40.75851577920149
24,J102.1,U101.13,battery_trunk,60,1.76,25,native_nominal,0.030693262357537714,30.693262357537712,30.693262357537712
24,J102.1,U101.13,battery_trunk,60,1.76,25,width_minus_25um_copper_80pct,0.039834497003255614,39.83449700325561,39.83449700325561
24,J102.1,U101.13,battery_trunk,85,1.44,20,native_nominal,0.03345609448911138,33.45609448911138,33.45609448911138
24,J102.1,U101.13,battery_trunk,85,1.44,20,width_minus_25um_copper_80pct,0.04337344934217614,43.373449342176144,43.373449342176144
24,J102.1,U101.13,battery_trunk,85,1.44,25,native_nominal,0.032635890992399,32.635890992399,32.635890992399
24,J102.1,U101.13,battery_trunk,85,1.44,25,width_minus_25um_copper_80pct,0.04255324584546377,42.55324584546377,42.55324584546377
24,J102.1,U101.13,battery_trunk,85,1.6,20,native_nominal,0.033878892214756165,33.87889221475616,33.87889221475616
24,J102.1,U101.13,battery_trunk,85,1.6,20,width_minus_25um_copper_80pct,0.043796247067820926,43.79624706782093,43.79624706782093
24,J102.1,U101.13,battery_trunk,85,1.6,25,native_nominal,0.03296755499618685,32.96755499618685,32.96755499618685
24,J102.1,U101.13,battery_trunk,85,1.6,25,width_minus_25um_copper_80pct,0.04288490984925161,42.88490984925161,42.88490984925161
24,J102.1,U101.13,battery_trunk,85,1.76,20,native_nominal,0.03430168994040095,34.30168994040095,34.30168994040095
24,J102.1,U101.13,battery_trunk,85,1.76,20,width_minus_25um_copper_80pct,0.04421904479346571,44.219044793465706,44.219044793465706
24,J102.1,U101.13,battery_trunk,85,1.76,25,native_nominal,0.0332992189999747,33.2992189999747,33.2992189999747
24,J102.1,U101.13,battery_trunk,85,1.76,25,width_minus_25um_copper_80pct,0.04321657385303947,43.21657385303946,43.21657385303946
25,J102.1,U101.14,battery_trunk,20,1.44,20,native_nominal,0.027633121442172243,27.633121442172243,27.633121442172243
25,J102.1,U101.14,battery_trunk,20,1.44,20,width_minus_25um_copper_80pct,0.035915277823049804,35.915277823049806,35.915277823049806
25,J102.1,U101.14,battery_trunk,20,1.44,25,native_nominal,0.026979807095354462,26.979807095354463,26.979807095354463
25,J102.1,U101.14,battery_trunk,20,1.44,25,width_minus_25um_copper_80pct,0.03526196347623202,35.26196347623202,35.26196347623202
25,J102.1,U101.14,battery_trunk,20,1.6,20,native_nominal,0.027969891306081428,27.96989130608143,27.96989130608143
25,J102.1,U101.14,battery_trunk,20,1.6,20,width_minus_25um_copper_80pct,0.03625204768695899,36.252047686958996,36.252047686958996
25,J102.1,U101.14,battery_trunk,20,1.6,25,native_nominal,0.027243986476283892,27.243986476283894,27.243986476283894
25,J102.1,U101.14,battery_trunk,20,1.6,25,width_minus_25um_copper_80pct,0.03552614285716146,35.52614285716145,35.52614285716145
25,J102.1,U101.14,battery_trunk,20,1.76,20,native_nominal,0.02830666116999061,28.30666116999061,28.30666116999061
25,J102.1,U101.14,battery_trunk,20,1.76,20,width_minus_25um_copper_80pct,0.036588817550868166,36.588817550868164,36.588817550868164
25,J102.1,U101.14,battery_trunk,20,1.76,25,native_nominal,0.027508165857213322,27.50816585721332,27.50816585721332
25,J102.1,U101.14,battery_trunk,20,1.76,25,width_minus_25um_copper_80pct,0.03579032223809088,35.79032223809088,35.79032223809088
25,J102.1,U101.14,battery_trunk,60,1.44,20,native_nominal,0.03197704813288172,31.97704813288172,31.97704813288172
25,J102.1,U101.14,battery_trunk,60,1.44,20,width_minus_25um_copper_80pct,0.04156115949683322,41.56115949683322,41.56115949683322
25,J102.1,U101.14,battery_trunk,60,1.44,25,native_nominal,0.031221032770744183,31.221032770744184,31.221032770744184
25,J102.1,U101.14,battery_trunk,60,1.44,25,width_minus_25um_copper_80pct,0.04080514413469569,40.80514413469569,40.80514413469569
25,J102.1,U101.14,battery_trunk,60,1.6,20,native_nominal,0.032366758219397426,32.366758219397425,32.366758219397425
25,J102.1,U101.14,battery_trunk,60,1.6,20,width_minus_25um_copper_80pct,0.04195086958334892,41.95086958334892,41.95086958334892
25,J102.1,U101.14,battery_trunk,60,1.6,25,native_nominal,0.031526741150355725,31.526741150355726,31.526741150355726
25,J102.1,U101.14,battery_trunk,60,1.6,25,width_minus_25um_copper_80pct,0.04111085251430722,41.11085251430722,41.11085251430722
25,J102.1,U101.14,battery_trunk,60,1.76,20,native_nominal,0.03275646830591313,32.75646830591313,32.75646830591313
25,J102.1,U101.14,battery_trunk,60,1.76,20,width_minus_25um_copper_80pct,0.04234057966986463,42.34057966986463,42.34057966986463
25,J102.1,U101.14,battery_trunk,60,1.76,25,native_nominal,0.031832449529967256,31.832449529967256,31.832449529967256
25,J102.1,U101.14,battery_trunk,60,1.76,25,width_minus_25um_copper_80pct,0.04141656089391876,41.416560893918756,41.416560893918756
25,J102.1,U101.14,battery_trunk,85,1.44,20,native_nominal,0.03469200231457515,34.69200231457515,34.69200231457515
25,J102.1,U101.14,battery_trunk,85,1.44,20,width_minus_25um_copper_80pct,0.04508983554294787,45.08983554294787,45.08983554294787
25,J102.1,U101.14,battery_trunk,85,1.44,25,native_nominal,0.033871798817862765,33.87179881786277,33.87179881786277
25,J102.1,U101.14,battery_trunk,85,1.44,25,width_minus_25um_copper_80pct,0.0442696320462355,44.2696320462355,44.2696320462355
25,J102.1,U101.14,battery_trunk,85,1.6,20,native_nominal,0.03511480004021993,35.11480004021993,35.11480004021993
25,J102.1,U101.14,battery_trunk,85,1.6,20,width_minus_25um_copper_80pct,0.04551263326859265,45.51263326859265,45.51263326859265
25,J102.1,U101.14,battery_trunk,85,1.6,25,native_nominal,0.03420346282165062,34.20346282165062,34.20346282165062
25,J102.1,U101.14,battery_trunk,85,1.6,25,width_minus_25um_copper_80pct,0.04460129605002334,44.601296050023336,44.601296050023336
25,J102.1,U101.14,battery_trunk,85,1.76,20,native_nominal,0.035537597765864716,35.53759776586472,35.53759776586472
25,J102.1,U101.14,battery_trunk,85,1.76,20,width_minus_25um_copper_80pct,0.045935430994237435,45.935430994237436,45.935430994237436
25,J102.1,U101.14,battery_trunk,85,1.76,25,native_nominal,0.03453512682543847,34.53512682543847,34.53512682543847
25,J102.1,U101.14,battery_trunk,85,1.76,25,width_minus_25um_copper_80pct,0.04493296005381119,44.93296005381119,44.93296005381119
26,J101.1,R110.1,voltage_sense_branch_not_load_trunk,20,1.44,20,native_nominal,0.11081481136354158,110.81481136354158,110.81481136354158
26,J101.1,R110.1,voltage_sense_branch_not_load_trunk,20,1.44,20,width_minus_25um_copper_80pct,0.1542812305527581,154.2812305527581,154.2812305527581
26,J101.1,R110.1,voltage_sense_branch_not_load_trunk,20,1.44,25,native_nominal,0.10903454288105993,109.03454288105993,109.03454288105993
26,J101.1,R110.1,voltage_sense_branch_not_load_trunk,20,1.44,25,width_minus_25um_copper_80pct,0.15250096207027647,152.50096207027647,152.50096207027647
26,J101.1,R110.1,voltage_sense_branch_not_load_trunk,20,1.6,20,native_nominal,0.11173965809542938,111.73965809542938,111.73965809542938
26,J101.1,R110.1,voltage_sense_branch_not_load_trunk,20,1.6,20,width_minus_25um_copper_80pct,0.1552060772846459,155.2060772846459,155.2060772846459
26,J101.1,R110.1,voltage_sense_branch_not_load_trunk,20,1.6,25,native_nominal,0.10976158200378307,109.76158200378306,109.76158200378306
26,J101.1,R110.1,voltage_sense_branch_not_load_trunk,20,1.6,25,width_minus_25um_copper_80pct,0.1532280011929996,153.22800119299959,153.22800119299959
26,J101.1,R110.1,voltage_sense_branch_not_load_trunk,20,1.76,20,native_nominal,0.11266450482731714,112.66450482731715,112.66450482731715
26,J101.1,R110.1,voltage_sense_branch_not_load_trunk,20,1.76,20,width_minus_25um_copper_80pct,0.15613092401653364,156.13092401653364,156.13092401653364
26,J101.1,R110.1,voltage_sense_branch_not_load_trunk,20,1.76,25,native_nominal,0.11048862112650622,110.48862112650622,110.48862112650622
26,J101.1,R110.1,voltage_sense_branch_not_load_trunk,20,1.76,25,width_minus_25um_copper_80pct,0.1539550403157227,153.95504031572273,153.95504031572273
26,J101.1,R110.1,voltage_sense_branch_not_load_trunk,60,1.44,20,native_nominal,0.1282348997098903,128.2348997098903,128.2348997098903
26,J101.1,R110.1,voltage_sense_branch_not_load_trunk,60,1.44,20,width_minus_25um_copper_80pct,0.17853423999565166,178.53423999565166,178.53423999565166
26,J101.1,R110.1,voltage_sense_branch_not_load_trunk,60,1.44,25,native_nominal,0.12617477302196253,126.17477302196254,126.17477302196254
26,J101.1,R110.1,voltage_sense_branch_not_load_trunk,60,1.44,25,width_minus_25um_copper_80pct,0.17647411330772392,176.4741133077239,176.4741133077239
26,J101.1,R110.1,voltage_sense_branch_not_load_trunk,60,1.6,20,native_nominal,0.12930513234803082,129.3051323480308,129.3051323480308
26,J101.1,R110.1,voltage_sense_branch_not_load_trunk,60,1.6,20,width_minus_25um_copper_80pct,0.1796044726337922,179.6044726337922,179.6044726337922
26,J101.1,R110.1,voltage_sense_branch_not_load_trunk,60,1.6,25,native_nominal,0.12701610269477775,127.01610269477776,127.01610269477776
26,J101.1,R110.1,voltage_sense_branch_not_load_trunk,60,1.6,25,width_minus_25um_copper_80pct,0.17731544298053914,177.31544298053913,177.31544298053913
26,J101.1,R110.1,voltage_sense_branch_not_load_trunk,60,1.76,20,native_nominal,0.1303753649861714,130.37536498617138,130.37536498617138
26,J101.1,R110.1,voltage_sense_branch_not_load_trunk,60,1.76,20,width_minus_25um_copper_80pct,0.18067470527193272,180.6747052719327,180.6747052719327
26,J101.1,R110.1,voltage_sense_branch_not_load_trunk,60,1.76,25,native_nominal,0.12785743236759298,127.85743236759298,127.85743236759298
26,J101.1,R110.1,voltage_sense_branch_not_load_trunk,60,1.76,25,width_minus_25um_copper_80pct,0.17815677265335433,178.15677265335432,178.15677265335432
26,J101.1,R110.1,voltage_sense_branch_not_load_trunk,85,1.44,20,native_nominal,0.13912245492635825,139.12245492635824,139.12245492635824
26,J101.1,R110.1,voltage_sense_branch_not_load_trunk,85,1.44,20,width_minus_25um_copper_80pct,0.19369237089746014,193.69237089746014,193.69237089746014
26,J101.1,R110.1,voltage_sense_branch_not_load_trunk,85,1.44,25,native_nominal,0.13688741686002667,136.88741686002666,136.88741686002666
26,J101.1,R110.1,voltage_sense_branch_not_load_trunk,85,1.44,25,width_minus_25um_copper_80pct,0.19145733283112853,191.45733283112853,191.45733283112853
26,J101.1,R110.1,voltage_sense_branch_not_load_trunk,85,1.6,20,native_nominal,0.14028355375590676,140.28355375590675,140.28355375590675
26,J101.1,R110.1,voltage_sense_branch_not_load_trunk,85,1.6,20,width_minus_25um_copper_80pct,0.19485346972700865,194.85346972700864,194.85346972700864
26,J101.1,R110.1,voltage_sense_branch_not_load_trunk,85,1.6,25,native_nominal,0.13780017812664944,137.80017812664943,137.80017812664943
26,J101.1,R110.1,voltage_sense_branch_not_load_trunk,85,1.6,25,width_minus_25um_copper_80pct,0.19237009409775133,192.37009409775132,192.37009409775132
26,J101.1,R110.1,voltage_sense_branch_not_load_trunk,85,1.76,20,native_nominal,0.14144465258545527,141.44465258545526,141.44465258545526
26,J101.1,R110.1,voltage_sense_branch_not_load_trunk,85,1.76,20,width_minus_25um_copper_80pct,0.19601456855655716,196.01456855655715,196.01456855655715
26,J101.1,R110.1,voltage_sense_branch_not_load_trunk,85,1.76,25,native_nominal,0.13871293939327217,138.71293939327217,138.71293939327217
26,J101.1,R110.1,voltage_sense_branch_not_load_trunk,85,1.76,25,width_minus_25um_copper_80pct,0.19328285536437406,193.28285536437406,193.28285536437406
27,J101.1,R121.1,voltage_sense_branch_not_load_trunk,20,1.44,20,native_nominal,0.15549870794795917,155.49870794795916,155.49870794795916
27,J101.1,R121.1,voltage_sense_branch_not_load_trunk,20,1.44,20,width_minus_25um_copper_80pct,0.21373880512049592,213.73880512049593,213.73880512049593
27,J101.1,R121.1,voltage_sense_branch_not_load_trunk,20,1.44,25,native_nominal,0.15345627707911128,153.4562770791113,153.4562770791113
27,J101.1,R121.1,voltage_sense_branch_not_load_trunk,20,1.44,25,width_minus_25um_copper_80pct,0.21169637425164806,211.69637425164805,211.69637425164805
27,J101.1,R121.1,voltage_sense_branch_not_load_trunk,20,1.6,20,native_nominal,0.15656075721699508,156.56075721699509,156.56075721699509
27,J101.1,R121.1,voltage_sense_branch_not_load_trunk,20,1.6,20,width_minus_25um_copper_80pct,0.21480085438953186,214.80085438953188,214.80085438953188
27,J101.1,R121.1,voltage_sense_branch_not_load_trunk,20,1.6,25,native_nominal,0.15429138958494187,154.29138958494187,154.29138958494187
27,J101.1,R121.1,voltage_sense_branch_not_load_trunk,20,1.6,25,width_minus_25um_copper_80pct,0.21253148675747865,212.53148675747866,212.53148675747866
27,J101.1,R121.1,voltage_sense_branch_not_load_trunk,20,1.76,20,native_nominal,0.15762280648603103,157.62280648603104,157.62280648603104
27,J101.1,R121.1,voltage_sense_branch_not_load_trunk,20,1.76,20,width_minus_25um_copper_80pct,0.2158629036585678,215.8629036585678,215.8629036585678
27,J101.1,R121.1,voltage_sense_branch_not_load_trunk,20,1.76,25,native_nominal,0.15512650209077253,155.12650209077253,155.12650209077253
27,J101.1,R121.1,voltage_sense_branch_not_load_trunk,20,1.76,25,width_minus_25um_copper_80pct,0.21336659926330928,213.36659926330927,213.36659926330927
27,J101.1,R121.1,voltage_sense_branch_not_load_trunk,60,1.44,20,native_nominal,0.17994310483737835,179.94310483737834,179.94310483737834
27,J101.1,R121.1,voltage_sense_branch_not_load_trunk,60,1.44,20,width_minus_25um_copper_80pct,0.2473385452854378,247.33854528543782,247.33854528543782
27,J101.1,R121.1,voltage_sense_branch_not_load_trunk,60,1.44,25,native_nominal,0.17757960383594756,177.57960383594755,177.57960383594755
27,J101.1,R121.1,voltage_sense_branch_not_load_trunk,60,1.44,25,width_minus_25um_copper_80pct,0.24497504428400707,244.97504428400708,244.97504428400708
27,J101.1,R121.1,voltage_sense_branch_not_load_trunk,60,1.6,20,native_nominal,0.1811721082515067,181.1721082515067,181.1721082515067
27,J101.1,R121.1,voltage_sense_branch_not_load_trunk,60,1.6,20,width_minus_25um_copper_80pct,0.2485675486995662,248.5675486995662,248.5675486995662
27,J101.1,R121.1,voltage_sense_branch_not_load_trunk,60,1.6,25,native_nominal,0.17854599602769478,178.54599602769477,178.54599602769477
27,J101.1,R121.1,voltage_sense_branch_not_load_trunk,60,1.6,25,width_minus_25um_copper_80pct,0.24594143647575428,245.94143647575427,245.94143647575427
27,J101.1,R121.1,voltage_sense_branch_not_load_trunk,60,1.76,20,native_nominal,0.18240111166563516,182.40111166563517,182.40111166563517
27,J101.1,R121.1,voltage_sense_branch_not_load_trunk,60,1.76,20,width_minus_25um_copper_80pct,0.24979655211369461,249.79655211369462,249.79655211369462
27,J101.1,R121.1,voltage_sense_branch_not_load_trunk,60,1.76,25,native_nominal,0.179512388219442,179.512388219442,179.512388219442
27,J101.1,R121.1,voltage_sense_branch_not_load_trunk,60,1.76,25,width_minus_25um_copper_80pct,0.2469078286675015,246.9078286675015,246.9078286675015
27,J101.1,R121.1,voltage_sense_branch_not_load_trunk,85,1.44,20,native_nominal,0.1952208528932654,195.2208528932654,195.2208528932654
27,J101.1,R121.1,voltage_sense_branch_not_load_trunk,85,1.44,20,width_minus_25um_copper_80pct,0.26833838288852657,268.33838288852655,268.33838288852655
27,J101.1,R121.1,voltage_sense_branch_not_load_trunk,85,1.44,25,native_nominal,0.19265668305897032,192.65668305897032,192.65668305897032
27,J101.1,R121.1,voltage_sense_branch_not_load_trunk,85,1.44,25,width_minus_25um_copper_80pct,0.2657742130542315,265.7742130542315,265.7742130542315
27,J101.1,R121.1,voltage_sense_branch_not_load_trunk,85,1.6,20,native_nominal,0.1965542026480766,196.5542026480766,196.5542026480766
27,J101.1,R121.1,voltage_sense_branch_not_load_trunk,85,1.6,20,width_minus_25um_copper_80pct,0.26967173264333777,269.67173264333775,269.67173264333775
27,J101.1,R121.1,voltage_sense_branch_not_load_trunk,85,1.6,25,native_nominal,0.1937051250544154,193.7051250544154,193.7051250544154
27,J101.1,R121.1,voltage_sense_branch_not_load_trunk,85,1.6,25,width_minus_25um_copper_80pct,0.26682265504967656,266.82265504967654,266.82265504967654
27,J101.1,R121.1,voltage_sense_branch_not_load_trunk,85,1.76,20,native_nominal,0.1978875524028878,197.8875524028878,197.8875524028878
27,J101.1,R121.1,voltage_sense_branch_not_load_trunk,85,1.76,20,width_minus_25um_copper_80pct,0.2710050823981489,271.0050823981489,271.0050823981489
27,J101.1,R121.1,voltage_sense_branch_not_load_trunk,85,1.76,25,native_nominal,0.1947535670498604,194.7535670498604,194.7535670498604
27,J101.1,R121.1,voltage_sense_branch_not_load_trunk,85,1.76,25,width_minus_25um_copper_80pct,0.2678710970451216,267.8710970451216,267.8710970451216
28,J101.1,R124.1,voltage_sense_branch_not_load_trunk,20,1.44,20,native_nominal,0.039701211328622345,39.70121132862234,39.70121132862234
28,J101.1,R124.1,voltage_sense_branch_not_load_trunk,20,1.44,20,width_minus_25um_copper_80pct,0.05639270905258467,56.39270905258467,56.39270905258467
28,J101.1,R124.1,voltage_sense_branch_not_load_trunk,20,1.44,25,native_nominal,0.0396798673467347,39.679867346734696,39.679867346734696
28,J101.1,R124.1,voltage_sense_branch_not_load_trunk,20,1.44,25,width_minus_25um_copper_80pct,0.056371365070697024,56.371365070697024,56.371365070697024
28,J101.1,R124.1,voltage_sense_branch_not_load_trunk,20,1.6,20,native_nominal,0.039712381689513625,39.71238168951363,39.71238168951363
28,J101.1,R124.1,voltage_sense_branch_not_load_trunk,20,1.6,20,width_minus_25um_copper_80pct,0.05640387941347595,56.40387941347595,56.40387941347595
28,J101.1,R124.1,voltage_sense_branch_not_load_trunk,20,1.6,25,native_nominal,0.039688666154082904,39.6886661540829,39.6886661540829
28,J101.1,R124.1,voltage_sense_branch_not_load_trunk,20,1.6,25,width_minus_25um_copper_80pct,0.05638016387804523,56.38016387804523,56.38016387804523
28,J101.1,R124.1,voltage_sense_branch_not_load_trunk,20,1.76,20,native_nominal,0.03972355205040491,39.72355205040491,39.72355205040491
28,J101.1,R124.1,voltage_sense_branch_not_load_trunk,20,1.76,20,width_minus_25um_copper_80pct,0.05641504977436723,56.41504977436723,56.41504977436723
28,J101.1,R124.1,voltage_sense_branch_not_load_trunk,20,1.76,25,native_nominal,0.03969746496143112,39.697464961431116,39.697464961431116
28,J101.1,R124.1,voltage_sense_branch_not_load_trunk,20,1.76,25,width_minus_25um_copper_80pct,0.05638896268539344,56.38896268539344,56.38896268539344
28,J101.1,R124.1,voltage_sense_branch_not_load_trunk,60,1.44,20,native_nominal,0.045942241749481784,45.94224174948178,45.94224174948178
28,J101.1,R124.1,voltage_sense_branch_not_load_trunk,60,1.44,20,width_minus_25um_copper_80pct,0.06525764291565099,65.25764291565099,65.25764291565099
28,J101.1,R124.1,voltage_sense_branch_not_load_trunk,60,1.44,25,native_nominal,0.0459175424936414,45.9175424936414,45.9175424936414
28,J101.1,R124.1,voltage_sense_branch_not_load_trunk,60,1.44,25,width_minus_25um_copper_80pct,0.0652329436598106,65.2329436598106,65.2329436598106
28,J101.1,R124.1,voltage_sense_branch_not_load_trunk,60,1.6,20,native_nominal,0.04595516809110518,45.95516809110518,45.95516809110518
28,J101.1,R124.1,voltage_sense_branch_not_load_trunk,60,1.6,20,width_minus_25um_copper_80pct,0.06527056925727438,65.27056925727439,65.27056925727439
28,J101.1,R124.1,voltage_sense_branch_not_load_trunk,60,1.6,25,native_nominal,0.045927724473504745,45.927724473504746,45.927724473504746
28,J101.1,R124.1,voltage_sense_branch_not_load_trunk,60,1.6,25,width_minus_25um_copper_80pct,0.06524312563967395,65.24312563967395,65.24312563967395
28,J101.1,R124.1,voltage_sense_branch_not_load_trunk,60,1.76,20,native_nominal,0.04596809443272857,45.96809443272857,45.96809443272857
28,J101.1,R124.1,voltage_sense_branch_not_load_trunk,60,1.76,20,width_minus_25um_copper_80pct,0.06528349559889778,65.28349559889777,65.28349559889777
28,J101.1,R124.1,voltage_sense_branch_not_load_trunk,60,1.76,25,native_nominal,0.045937906453368094,45.93790645336809,45.93790645336809
28,J101.1,R124.1,voltage_sense_branch_not_load_trunk,60,1.76,25,width_minus_25um_copper_80pct,0.06525330761953729,65.2533076195373,65.2533076195373
28,J101.1,R124.1,voltage_sense_branch_not_load_trunk,85,1.44,20,native_nominal,0.04984288576251892,49.84288576251892,49.84288576251892
28,J101.1,R124.1,voltage_sense_branch_not_load_trunk,85,1.44,20,width_minus_25um_copper_80pct,0.07079822658006743,70.79822658006744,70.79822658006744
28,J101.1,R124.1,voltage_sense_branch_not_load_trunk,85,1.44,25,native_nominal,0.04981608946045807,49.816089460458066,49.816089460458066
28,J101.1,R124.1,voltage_sense_branch_not_load_trunk,85,1.44,25,width_minus_25um_copper_80pct,0.07077143027800657,70.77143027800658,70.77143027800658
28,J101.1,R124.1,voltage_sense_branch_not_load_trunk,85,1.6,20,native_nominal,0.04985690959209988,49.85690959209988,49.85690959209988
28,J101.1,R124.1,voltage_sense_branch_not_load_trunk,85,1.6,20,width_minus_25um_copper_80pct,0.07081225040964839,70.81225040964839,70.81225040964839
28,J101.1,R124.1,voltage_sense_branch_not_load_trunk,85,1.6,25,native_nominal,0.049827135923143376,49.82713592314337,49.82713592314337
28,J101.1,R124.1,voltage_sense_branch_not_load_trunk,85,1.6,25,width_minus_25um_copper_80pct,0.07078247674069188,70.78247674069188,70.78247674069188
28,J101.1,R124.1,voltage_sense_branch_not_load_trunk,85,1.76,20,native_nominal,0.049870933421680835,49.87093342168084,49.87093342168084
28,J101.1,R124.1,voltage_sense_branch_not_load_trunk,85,1.76,20,width_minus_25um_copper_80pct,0.07082627423922934,70.82627423922933,70.82627423922933
28,J101.1,R124.1,voltage_sense_branch_not_load_trunk,85,1.76,25,native_nominal,0.04983818238582869,49.83818238582869,49.83818238582869
28,J101.1,R124.1,voltage_sense_branch_not_load_trunk,85,1.76,25,width_minus_25um_copper_80pct,0.0707935232033772,70.7935232033772,70.7935232033772
