ISO-10303-21;
HEADER;
FILE_DESCRIPTION(('KiCad electronic assembly'),'2;1');
FILE_NAME('main-component-frame.step','2026-09-06T20:47:52',('Pcbnew'),(
    'Kicad'),'Open CASCADE STEP processor 7.9','KiCad to STEP converter'
  ,'Unknown');
FILE_SCHEMA(('AUTOMOTIVE_DESIGN { 1 0 10303 214 1 1 1 1 }'));
ENDSEC;
DATA;
#1 = APPLICATION_PROTOCOL_DEFINITION('international standard',
  'automotive_design',2000,#2);
#2 = APPLICATION_CONTEXT(
  'core data for automotive mechanical design processes');
#3 = SHAPE_DEFINITION_REPRESENTATION(#4,#10);
#4 = PRODUCT_DEFINITION_SHAPE('','',#5);
#5 = PRODUCT_DEFINITION('design','',#6,#9);
#6 = PRODUCT_DEFINITION_FORMATION('','',#7);
#7 = PRODUCT('main-component-frame 1','main-component-frame 1','',(#8));
#8 = PRODUCT_CONTEXT('',#2,'mechanical');
#9 = PRODUCT_DEFINITION_CONTEXT('part definition',#2,'design');
#10 = SHAPE_REPRESENTATION('',(#11,#15),#19);
#11 = AXIS2_PLACEMENT_3D('',#12,#13,#14);
#12 = CARTESIAN_POINT('',(0.,0.,0.));
#13 = DIRECTION('',(0.,0.,1.));
#14 = DIRECTION('',(1.,0.,-0.));
#15 = AXIS2_PLACEMENT_3D('',#16,#17,#18);
#16 = CARTESIAN_POINT('',(24.725,-38.765,1.595));
#17 = DIRECTION('',(0.,0.,1.));
#18 = DIRECTION('',(1.,0.,0.));
#19 = ( GEOMETRIC_REPRESENTATION_CONTEXT(3) 
GLOBAL_UNCERTAINTY_ASSIGNED_CONTEXT((#23)) GLOBAL_UNIT_ASSIGNED_CONTEXT(
(#20,#21,#22)) REPRESENTATION_CONTEXT('Context #1',
  '3D Context with UNIT and UNCERTAINTY') );
#20 = ( LENGTH_UNIT() NAMED_UNIT(*) SI_UNIT(.MILLI.,.METRE.) );
#21 = ( NAMED_UNIT(*) PLANE_ANGLE_UNIT() SI_UNIT($,.RADIAN.) );
#22 = ( NAMED_UNIT(*) SI_UNIT($,.STERADIAN.) SOLID_ANGLE_UNIT() );
#23 = UNCERTAINTY_MEASURE_WITH_UNIT(LENGTH_MEASURE(1.E-07),#20,
  'distance_accuracy_value','confusion accuracy');
#24 = PRODUCT_RELATED_PRODUCT_CATEGORY('part',$,(#7));
#25 = SHAPE_DEFINITION_REPRESENTATION(#26,#32);
#26 = PRODUCT_DEFINITION_SHAPE('','',#27);
#27 = PRODUCT_DEFINITION('design','',#28,#31);
#28 = PRODUCT_DEFINITION_FORMATION('','',#29);
#29 = PRODUCT('PinHeader_2x13_P2.54mm_Vertical',
  'PinHeader_2x13_P2.54mm_Vertical','',(#30));
#30 = PRODUCT_CONTEXT('',#2,'mechanical');
#31 = PRODUCT_DEFINITION_CONTEXT('part definition',#2,'design');
#32 = SHAPE_REPRESENTATION('',(#11,#33),#37);
#33 = AXIS2_PLACEMENT_3D('',#34,#35,#36);
#34 = CARTESIAN_POINT('',(0.,0.,0.));
#35 = DIRECTION('',(0.,0.,1.));
#36 = DIRECTION('',(1.,0.,-0.));
#37 = ( GEOMETRIC_REPRESENTATION_CONTEXT(3) 
GLOBAL_UNCERTAINTY_ASSIGNED_CONTEXT((#41)) GLOBAL_UNIT_ASSIGNED_CONTEXT(
(#38,#39,#40)) REPRESENTATION_CONTEXT('Context #1',
  '3D Context with UNIT and UNCERTAINTY') );
#38 = ( LENGTH_UNIT() NAMED_UNIT(*) SI_UNIT(.MILLI.,.METRE.) );
#39 = ( NAMED_UNIT(*) PLANE_ANGLE_UNIT() SI_UNIT($,.RADIAN.) );
#40 = ( NAMED_UNIT(*) SI_UNIT($,.STERADIAN.) SOLID_ANGLE_UNIT() );
#41 = UNCERTAINTY_MEASURE_WITH_UNIT(LENGTH_MEASURE(1.E-07),#38,
  'distance_accuracy_value','confusion accuracy');
#42 = CONTEXT_DEPENDENT_SHAPE_REPRESENTATION(#43,#45);
#43 = ( REPRESENTATION_RELATIONSHIP('','',#32,#10) 
REPRESENTATION_RELATIONSHIP_WITH_TRANSFORMATION(#44) 
SHAPE_REPRESENTATION_RELATIONSHIP() );
#44 = ITEM_DEFINED_TRANSFORMATION('','',#11,#15);
#45 = PRODUCT_DEFINITION_SHAPE('Placement','Placement of an item',#46);
#46 = NEXT_ASSEMBLY_USAGE_OCCURRENCE('2','J301','',#5,#27,$);
#47 = PRODUCT_RELATED_PRODUCT_CATEGORY('part',$,(#29));
#48 = SHAPE_DEFINITION_REPRESENTATION(#49,#55);
#49 = PRODUCT_DEFINITION_SHAPE('','',#50);
#50 = PRODUCT_DEFINITION('design','',#51,#54);
#51 = PRODUCT_DEFINITION_FORMATION('','',#52);
#52 = PRODUCT('PinHeader_2x13_P254mm_Vertical',
  'PinHeader_2x13_P254mm_Vertical','',(#53));
#53 = PRODUCT_CONTEXT('',#2,'mechanical');
#54 = PRODUCT_DEFINITION_CONTEXT('part definition',#2,'design');
#55 = ADVANCED_BREP_SHAPE_REPRESENTATION('',(#11,#56),#15090);
#56 = MANIFOLD_SOLID_BREP('',#57);
#57 = CLOSED_SHELL('',(#58,#98,#129,#160,#1669,#3178,#3195,#3212,#3229,
    #3246,#3263,#3280,#3297,#3314,#3331,#3348,#3365,#3382,#3399,#3416,
    #3433,#3450,#3467,#3484,#3501,#3518,#3535,#3552,#3569,#3586,#3603,
    #3620,#3637,#3654,#3671,#3688,#3705,#3722,#3739,#3756,#3773,#3790,
    #3807,#3824,#3841,#3858,#3875,#3892,#3909,#3926,#3943,#3960,#3977,
    #3994,#4011,#4028,#4045,#4062,#4079,#4096,#4113,#4130,#4147,#4164,
    #4181,#4198,#4215,#4232,#4249,#4266,#4283,#4300,#4317,#4334,#4351,
    #4368,#4385,#4402,#4419,#4436,#4453,#4470,#4482,#4513,#4537,#4561,
    #4578,#4609,#4633,#4657,#4674,#4705,#4729,#4753,#4770,#4801,#4825,
    #4849,#4866,#4897,#4921,#4945,#4962,#4993,#5017,#5041,#5058,#5089,
    #5113,#5137,#5154,#5185,#5209,#5233,#5250,#5281,#5305,#5329,#5346,
    #5377,#5401,#5425,#5442,#5473,#5497,#5521,#5538,#5569,#5593,#5617,
    #5634,#5665,#5689,#5713,#5730,#5761,#5785,#5809,#5826,#5857,#5881,
    #5905,#5922,#5953,#5977,#6001,#6018,#6049,#6073,#6097,#6114,#6145,
    #6169,#6193,#6210,#6241,#6265,#6289,#6306,#6337,#6361,#6385,#6402,
    #6433,#6457,#6481,#6498,#6529,#6553,#6577,#6594,#6625,#6649,#6673,
    #6690,#6721,#6745,#6769,#6786,#6817,#6841,#6865,#6882,#6913,#6937,
    #6961,#6978,#7009,#7033,#7057,#7074,#7105,#7129,#7153,#7170,#7201,
    #7225,#7249,#7266,#7297,#7321,#7345,#7362,#7393,#7417,#7441,#7458,
    #7489,#7513,#7537,#7554,#7585,#7609,#7633,#7650,#7681,#7705,#7729,
    #7746,#7777,#7801,#7825,#7842,#7873,#7897,#7921,#7938,#7969,#7993,
    #8017,#8034,#8065,#8089,#8113,#8130,#8161,#8185,#8209,#8226,#8257,
    #8281,#8305,#8322,#8353,#8377,#8401,#8418,#8449,#8473,#8497,#8514,
    #8545,#8569,#8593,#8610,#8641,#8665,#8689,#8706,#8737,#8761,#8785,
    #8802,#8833,#8857,#8881,#8898,#8929,#8953,#8977,#8994,#9025,#9049,
    #9073,#9090,#9121,#9145,#9169,#9186,#9217,#9241,#9265,#9282,#9313,
    #9337,#9361,#9378,#9409,#9433,#9457,#9474,#9505,#9529,#9553,#9570,
    #9601,#9625,#9649,#9666,#9697,#9721,#9745,#9762,#9793,#9817,#9841,
    #9858,#9889,#9913,#9937,#9954,#9985,#10009,#10033,#10050,#10081,
    #10105,#10129,#10146,#10177,#10201,#10225,#10242,#10273,#10297,
    #10321,#10338,#10369,#10393,#10417,#10434,#10465,#10489,#10513,
    #10530,#10561,#10585,#10609,#10626,#10657,#10681,#10705,#10722,
    #10753,#10777,#10801,#10818,#10849,#10873,#10897,#10914,#10945,
    #10969,#10993,#11010,#11041,#11065,#11089,#11106,#11137,#11161,
    #11185,#11202,#11233,#11257,#11281,#11298,#11329,#11353,#11377,
    #11394,#11425,#11449,#11473,#11490,#11521,#11545,#11569,#11586,
    #11617,#11641,#11665,#11682,#11713,#11737,#11761,#11778,#11809,
    #11833,#11857,#11874,#11905,#11929,#11953,#11970,#12001,#12025,
    #12049,#12066,#12097,#12121,#12145,#12162,#12193,#12217,#12241,
    #12258,#12289,#12313,#12337,#12354,#12385,#12409,#12433,#12450,
    #12481,#12505,#12529,#12546,#12577,#12601,#12625,#12642,#12673,
    #12697,#12721,#12738,#12769,#12793,#12817,#12834,#12865,#12889,
    #12913,#12930,#12961,#12985,#13009,#13026,#13057,#13081,#13105,
    #13122,#13153,#13177,#13201,#13218,#13249,#13273,#13297,#13314,
    #13345,#13369,#13393,#13410,#13441,#13465,#13489,#13506,#13537,
    #13561,#13585,#13602,#13633,#13657,#13681,#13698,#13729,#13753,
    #13777,#13794,#13825,#13849,#13873,#13890,#13921,#13945,#13969,
    #13986,#14017,#14041,#14065,#14082,#14113,#14137,#14161,#14178,
    #14209,#14233,#14257,#14274,#14305,#14329,#14353,#14370,#14401,
    #14425,#14449,#14466,#14478,#14490,#14502,#14514,#14526,#14538,
    #14550,#14562,#14574,#14586,#14598,#14610,#14622,#14634,#14646,
    #14658,#14670,#14682,#14694,#14706,#14718,#14730,#14742,#14754,
    #14766,#14778,#14790,#14802,#14814,#14826,#14838,#14850,#14862,
    #14874,#14886,#14898,#14910,#14922,#14934,#14946,#14958,#14970,
    #14982,#14994,#15006,#15018,#15030,#15042,#15054,#15066,#15078));
#58 = ADVANCED_FACE('',(#59),#93,.F.);
#59 = FACE_BOUND('',#60,.F.);
#60 = EDGE_LOOP('',(#61,#71,#79,#87));
#61 = ORIENTED_EDGE('',*,*,#62,.T.);
#62 = EDGE_CURVE('',#63,#65,#67,.T.);
#63 = VERTEX_POINT('',#64);
#64 = CARTESIAN_POINT('',(-1.016,1.27,0.));
#65 = VERTEX_POINT('',#66);
#66 = CARTESIAN_POINT('',(-1.016,1.27,2.54));
#67 = LINE('',#68,#69);
#68 = CARTESIAN_POINT('',(-1.016,1.27,0.));
#69 = VECTOR('',#70,1.);
#70 = DIRECTION('',(0.,0.,1.));
#71 = ORIENTED_EDGE('',*,*,#72,.T.);
#72 = EDGE_CURVE('',#65,#73,#75,.T.);
#73 = VERTEX_POINT('',#74);
#74 = CARTESIAN_POINT('',(-1.27,1.016,2.54));
#75 = LINE('',#76,#77);
#76 = CARTESIAN_POINT('',(-1.016,1.27,2.54));
#77 = VECTOR('',#78,1.);
#78 = DIRECTION('',(-0.707106781187,-0.707106781187,0.));
#79 = ORIENTED_EDGE('',*,*,#80,.F.);
#80 = EDGE_CURVE('',#81,#73,#83,.T.);
#81 = VERTEX_POINT('',#82);
#82 = CARTESIAN_POINT('',(-1.27,1.016,0.));
#83 = LINE('',#84,#85);
#84 = CARTESIAN_POINT('',(-1.27,1.016,0.));
#85 = VECTOR('',#86,1.);
#86 = DIRECTION('',(0.,0.,1.));
#87 = ORIENTED_EDGE('',*,*,#88,.F.);
#88 = EDGE_CURVE('',#63,#81,#89,.T.);
#89 = LINE('',#90,#91);
#90 = CARTESIAN_POINT('',(-1.016,1.27,0.));
#91 = VECTOR('',#92,1.);
#92 = DIRECTION('',(-0.707106781187,-0.707106781187,0.));
#93 = PLANE('',#94);
#94 = AXIS2_PLACEMENT_3D('',#95,#96,#97);
#95 = CARTESIAN_POINT('',(-1.016,1.27,0.));
#96 = DIRECTION('',(0.707106781187,-0.707106781187,0.));
#97 = DIRECTION('',(-0.707106781187,-0.707106781187,0.));
#98 = ADVANCED_FACE('',(#99),#124,.F.);
#99 = FACE_BOUND('',#100,.F.);
#100 = EDGE_LOOP('',(#101,#111,#117,#118));
#101 = ORIENTED_EDGE('',*,*,#102,.T.);
#102 = EDGE_CURVE('',#103,#105,#107,.T.);
#103 = VERTEX_POINT('',#104);
#104 = CARTESIAN_POINT('',(3.556,1.27,0.));
#105 = VERTEX_POINT('',#106);
#106 = CARTESIAN_POINT('',(3.556,1.27,2.54));
#107 = LINE('',#108,#109);
#108 = CARTESIAN_POINT('',(3.556,1.27,0.));
#109 = VECTOR('',#110,1.);
#110 = DIRECTION('',(0.,0.,1.));
#111 = ORIENTED_EDGE('',*,*,#112,.T.);
#112 = EDGE_CURVE('',#105,#65,#113,.T.);
#113 = LINE('',#114,#115);
#114 = CARTESIAN_POINT('',(3.556,1.27,2.54));
#115 = VECTOR('',#116,1.);
#116 = DIRECTION('',(-1.,0.,0.));
#117 = ORIENTED_EDGE('',*,*,#62,.F.);
#118 = ORIENTED_EDGE('',*,*,#119,.F.);
#119 = EDGE_CURVE('',#103,#63,#120,.T.);
#120 = LINE('',#121,#122);
#121 = CARTESIAN_POINT('',(3.556,1.27,0.));
#122 = VECTOR('',#123,1.);
#123 = DIRECTION('',(-1.,0.,0.));
#124 = PLANE('',#125);
#125 = AXIS2_PLACEMENT_3D('',#126,#127,#128);
#126 = CARTESIAN_POINT('',(3.556,1.27,0.));
#127 = DIRECTION('',(0.,-1.,0.));
#128 = DIRECTION('',(-1.,0.,0.));
#129 = ADVANCED_FACE('',(#130),#155,.F.);
#130 = FACE_BOUND('',#131,.F.);
#131 = EDGE_LOOP('',(#132,#133,#141,#149));
#132 = ORIENTED_EDGE('',*,*,#80,.T.);
#133 = ORIENTED_EDGE('',*,*,#134,.T.);
#134 = EDGE_CURVE('',#73,#135,#137,.T.);
#135 = VERTEX_POINT('',#136);
#136 = CARTESIAN_POINT('',(-1.27,-1.016,2.54));
#137 = LINE('',#138,#139);
#138 = CARTESIAN_POINT('',(-1.27,1.016,2.54));
#139 = VECTOR('',#140,1.);
#140 = DIRECTION('',(0.,-1.,0.));
#141 = ORIENTED_EDGE('',*,*,#142,.F.);
#142 = EDGE_CURVE('',#143,#135,#145,.T.);
#143 = VERTEX_POINT('',#144);
#144 = CARTESIAN_POINT('',(-1.27,-1.016,0.));
#145 = LINE('',#146,#147);
#146 = CARTESIAN_POINT('',(-1.27,-1.016,0.));
#147 = VECTOR('',#148,1.);
#148 = DIRECTION('',(0.,0.,1.));
#149 = ORIENTED_EDGE('',*,*,#150,.F.);
#150 = EDGE_CURVE('',#81,#143,#151,.T.);
#151 = LINE('',#152,#153);
#152 = CARTESIAN_POINT('',(-1.27,1.016,0.));
#153 = VECTOR('',#154,1.);
#154 = DIRECTION('',(0.,-1.,0.));
#155 = PLANE('',#156);
#156 = AXIS2_PLACEMENT_3D('',#157,#158,#159);
#157 = CARTESIAN_POINT('',(-1.27,1.016,0.));
#158 = DIRECTION('',(1.,0.,0.));
#159 = DIRECTION('',(0.,-1.,0.));
#160 = ADVANCED_FACE('',(#161,#780,#814,#848,#882,#916,#950,#984,#1018,
    #1052,#1086,#1120,#1154,#1188,#1222,#1256,#1290,#1324,#1358,#1392,
    #1426,#1460,#1494,#1528,#1562,#1596,#1630),#1664,.F.);
#161 = FACE_BOUND('',#162,.F.);
#162 = EDGE_LOOP('',(#163,#164,#165,#173,#181,#189,#197,#205,#213,#221,
    #229,#237,#245,#253,#261,#269,#277,#285,#293,#301,#309,#317,#325,
    #333,#341,#349,#357,#365,#373,#381,#389,#397,#405,#413,#421,#429,
    #437,#445,#453,#461,#469,#477,#485,#493,#501,#509,#517,#525,#533,
    #541,#549,#557,#565,#573,#581,#589,#597,#605,#613,#621,#629,#637,
    #645,#653,#661,#669,#677,#685,#693,#701,#709,#717,#725,#733,#741,
    #749,#757,#765,#773,#779));
#163 = ORIENTED_EDGE('',*,*,#88,.T.);
#164 = ORIENTED_EDGE('',*,*,#150,.T.);
#165 = ORIENTED_EDGE('',*,*,#166,.T.);
#166 = EDGE_CURVE('',#143,#167,#169,.T.);
#167 = VERTEX_POINT('',#168);
#168 = CARTESIAN_POINT('',(-1.016,-1.27,0.));
#169 = LINE('',#170,#171);
#170 = CARTESIAN_POINT('',(-1.27,-1.016,0.));
#171 = VECTOR('',#172,1.);
#172 = DIRECTION('',(0.707106781187,-0.707106781187,0.));
#173 = ORIENTED_EDGE('',*,*,#174,.T.);
#174 = EDGE_CURVE('',#167,#175,#177,.T.);
#175 = VERTEX_POINT('',#176);
#176 = CARTESIAN_POINT('',(-1.27,-1.524,0.));
#177 = LINE('',#178,#179);
#178 = CARTESIAN_POINT('',(-1.016,-1.27,0.));
#179 = VECTOR('',#180,1.);
#180 = DIRECTION('',(-0.707106781187,-0.707106781187,0.));
#181 = ORIENTED_EDGE('',*,*,#182,.T.);
#182 = EDGE_CURVE('',#175,#183,#185,.T.);
#183 = VERTEX_POINT('',#184);
#184 = CARTESIAN_POINT('',(-1.27,-3.556,0.));
#185 = LINE('',#186,#187);
#186 = CARTESIAN_POINT('',(-1.27,-1.524,0.));
#187 = VECTOR('',#188,1.);
#188 = DIRECTION('',(0.,-1.,0.));
#189 = ORIENTED_EDGE('',*,*,#190,.T.);
#190 = EDGE_CURVE('',#183,#191,#193,.T.);
#191 = VERTEX_POINT('',#192);
#192 = CARTESIAN_POINT('',(-1.016,-3.81,0.));
#193 = LINE('',#194,#195);
#194 = CARTESIAN_POINT('',(-1.27,-3.556,0.));
#195 = VECTOR('',#196,1.);
#196 = DIRECTION('',(0.707106781187,-0.707106781187,0.));
#197 = ORIENTED_EDGE('',*,*,#198,.T.);
#198 = EDGE_CURVE('',#191,#199,#201,.T.);
#199 = VERTEX_POINT('',#200);
#200 = CARTESIAN_POINT('',(-1.27,-4.064,0.));
#201 = LINE('',#202,#203);
#202 = CARTESIAN_POINT('',(-1.016,-3.81,0.));
#203 = VECTOR('',#204,1.);
#204 = DIRECTION('',(-0.707106781187,-0.707106781187,0.));
#205 = ORIENTED_EDGE('',*,*,#206,.T.);
#206 = EDGE_CURVE('',#199,#207,#209,.T.);
#207 = VERTEX_POINT('',#208);
#208 = CARTESIAN_POINT('',(-1.27,-6.096,0.));
#209 = LINE('',#210,#211);
#210 = CARTESIAN_POINT('',(-1.27,-4.064,0.));
#211 = VECTOR('',#212,1.);
#212 = DIRECTION('',(0.,-1.,0.));
#213 = ORIENTED_EDGE('',*,*,#214,.T.);
#214 = EDGE_CURVE('',#207,#215,#217,.T.);
#215 = VERTEX_POINT('',#216);
#216 = CARTESIAN_POINT('',(-1.016,-6.35,0.));
#217 = LINE('',#218,#219);
#218 = CARTESIAN_POINT('',(-1.27,-6.096,0.));
#219 = VECTOR('',#220,1.);
#220 = DIRECTION('',(0.707106781187,-0.707106781187,0.));
#221 = ORIENTED_EDGE('',*,*,#222,.T.);
#222 = EDGE_CURVE('',#215,#223,#225,.T.);
#223 = VERTEX_POINT('',#224);
#224 = CARTESIAN_POINT('',(-1.27,-6.604,0.));
#225 = LINE('',#226,#227);
#226 = CARTESIAN_POINT('',(-1.016,-6.35,0.));
#227 = VECTOR('',#228,1.);
#228 = DIRECTION('',(-0.707106781187,-0.707106781187,0.));
#229 = ORIENTED_EDGE('',*,*,#230,.T.);
#230 = EDGE_CURVE('',#223,#231,#233,.T.);
#231 = VERTEX_POINT('',#232);
#232 = CARTESIAN_POINT('',(-1.27,-8.636,0.));
#233 = LINE('',#234,#235);
#234 = CARTESIAN_POINT('',(-1.27,-6.604,0.));
#235 = VECTOR('',#236,1.);
#236 = DIRECTION('',(0.,-1.,0.));
#237 = ORIENTED_EDGE('',*,*,#238,.T.);
#238 = EDGE_CURVE('',#231,#239,#241,.T.);
#239 = VERTEX_POINT('',#240);
#240 = CARTESIAN_POINT('',(-1.016,-8.89,0.));
#241 = LINE('',#242,#243);
#242 = CARTESIAN_POINT('',(-1.27,-8.636,0.));
#243 = VECTOR('',#244,1.);
#244 = DIRECTION('',(0.707106781187,-0.707106781187,0.));
#245 = ORIENTED_EDGE('',*,*,#246,.T.);
#246 = EDGE_CURVE('',#239,#247,#249,.T.);
#247 = VERTEX_POINT('',#248);
#248 = CARTESIAN_POINT('',(-1.27,-9.144,0.));
#249 = LINE('',#250,#251);
#250 = CARTESIAN_POINT('',(-1.016,-8.89,0.));
#251 = VECTOR('',#252,1.);
#252 = DIRECTION('',(-0.707106781187,-0.707106781187,0.));
#253 = ORIENTED_EDGE('',*,*,#254,.T.);
#254 = EDGE_CURVE('',#247,#255,#257,.T.);
#255 = VERTEX_POINT('',#256);
#256 = CARTESIAN_POINT('',(-1.27,-11.176,0.));
#257 = LINE('',#258,#259);
#258 = CARTESIAN_POINT('',(-1.27,-9.144,0.));
#259 = VECTOR('',#260,1.);
#260 = DIRECTION('',(0.,-1.,0.));
#261 = ORIENTED_EDGE('',*,*,#262,.T.);
#262 = EDGE_CURVE('',#255,#263,#265,.T.);
#263 = VERTEX_POINT('',#264);
#264 = CARTESIAN_POINT('',(-1.016,-11.43,0.));
#265 = LINE('',#266,#267);
#266 = CARTESIAN_POINT('',(-1.27,-11.176,0.));
#267 = VECTOR('',#268,1.);
#268 = DIRECTION('',(0.707106781187,-0.707106781187,0.));
#269 = ORIENTED_EDGE('',*,*,#270,.T.);
#270 = EDGE_CURVE('',#263,#271,#273,.T.);
#271 = VERTEX_POINT('',#272);
#272 = CARTESIAN_POINT('',(-1.27,-11.684,0.));
#273 = LINE('',#274,#275);
#274 = CARTESIAN_POINT('',(-1.016,-11.43,0.));
#275 = VECTOR('',#276,1.);
#276 = DIRECTION('',(-0.707106781187,-0.707106781187,0.));
#277 = ORIENTED_EDGE('',*,*,#278,.T.);
#278 = EDGE_CURVE('',#271,#279,#281,.T.);
#279 = VERTEX_POINT('',#280);
#280 = CARTESIAN_POINT('',(-1.27,-13.716,0.));
#281 = LINE('',#282,#283);
#282 = CARTESIAN_POINT('',(-1.27,-11.684,0.));
#283 = VECTOR('',#284,1.);
#284 = DIRECTION('',(0.,-1.,0.));
#285 = ORIENTED_EDGE('',*,*,#286,.T.);
#286 = EDGE_CURVE('',#279,#287,#289,.T.);
#287 = VERTEX_POINT('',#288);
#288 = CARTESIAN_POINT('',(-1.016,-13.97,0.));
#289 = LINE('',#290,#291);
#290 = CARTESIAN_POINT('',(-1.27,-13.716,0.));
#291 = VECTOR('',#292,1.);
#292 = DIRECTION('',(0.707106781187,-0.707106781187,0.));
#293 = ORIENTED_EDGE('',*,*,#294,.T.);
#294 = EDGE_CURVE('',#287,#295,#297,.T.);
#295 = VERTEX_POINT('',#296);
#296 = CARTESIAN_POINT('',(-1.27,-14.224,0.));
#297 = LINE('',#298,#299);
#298 = CARTESIAN_POINT('',(-1.016,-13.97,0.));
#299 = VECTOR('',#300,1.);
#300 = DIRECTION('',(-0.707106781187,-0.707106781187,0.));
#301 = ORIENTED_EDGE('',*,*,#302,.T.);
#302 = EDGE_CURVE('',#295,#303,#305,.T.);
#303 = VERTEX_POINT('',#304);
#304 = CARTESIAN_POINT('',(-1.27,-16.256,0.));
#305 = LINE('',#306,#307);
#306 = CARTESIAN_POINT('',(-1.27,-14.224,0.));
#307 = VECTOR('',#308,1.);
#308 = DIRECTION('',(0.,-1.,0.));
#309 = ORIENTED_EDGE('',*,*,#310,.T.);
#310 = EDGE_CURVE('',#303,#311,#313,.T.);
#311 = VERTEX_POINT('',#312);
#312 = CARTESIAN_POINT('',(-1.016,-16.51,0.));
#313 = LINE('',#314,#315);
#314 = CARTESIAN_POINT('',(-1.27,-16.256,0.));
#315 = VECTOR('',#316,1.);
#316 = DIRECTION('',(0.707106781187,-0.707106781187,0.));
#317 = ORIENTED_EDGE('',*,*,#318,.T.);
#318 = EDGE_CURVE('',#311,#319,#321,.T.);
#319 = VERTEX_POINT('',#320);
#320 = CARTESIAN_POINT('',(-1.27,-16.764,0.));
#321 = LINE('',#322,#323);
#322 = CARTESIAN_POINT('',(-1.016,-16.51,0.));
#323 = VECTOR('',#324,1.);
#324 = DIRECTION('',(-0.707106781187,-0.707106781187,0.));
#325 = ORIENTED_EDGE('',*,*,#326,.T.);
#326 = EDGE_CURVE('',#319,#327,#329,.T.);
#327 = VERTEX_POINT('',#328);
#328 = CARTESIAN_POINT('',(-1.27,-18.796,0.));
#329 = LINE('',#330,#331);
#330 = CARTESIAN_POINT('',(-1.27,-16.764,0.));
#331 = VECTOR('',#332,1.);
#332 = DIRECTION('',(0.,-1.,0.));
#333 = ORIENTED_EDGE('',*,*,#334,.T.);
#334 = EDGE_CURVE('',#327,#335,#337,.T.);
#335 = VERTEX_POINT('',#336);
#336 = CARTESIAN_POINT('',(-1.016,-19.05,0.));
#337 = LINE('',#338,#339);
#338 = CARTESIAN_POINT('',(-1.27,-18.796,0.));
#339 = VECTOR('',#340,1.);
#340 = DIRECTION('',(0.707106781187,-0.707106781187,0.));
#341 = ORIENTED_EDGE('',*,*,#342,.T.);
#342 = EDGE_CURVE('',#335,#343,#345,.T.);
#343 = VERTEX_POINT('',#344);
#344 = CARTESIAN_POINT('',(-1.27,-19.304,0.));
#345 = LINE('',#346,#347);
#346 = CARTESIAN_POINT('',(-1.016,-19.05,0.));
#347 = VECTOR('',#348,1.);
#348 = DIRECTION('',(-0.707106781187,-0.707106781187,0.));
#349 = ORIENTED_EDGE('',*,*,#350,.T.);
#350 = EDGE_CURVE('',#343,#351,#353,.T.);
#351 = VERTEX_POINT('',#352);
#352 = CARTESIAN_POINT('',(-1.27,-21.336,0.));
#353 = LINE('',#354,#355);
#354 = CARTESIAN_POINT('',(-1.27,-19.304,0.));
#355 = VECTOR('',#356,1.);
#356 = DIRECTION('',(0.,-1.,0.));
#357 = ORIENTED_EDGE('',*,*,#358,.T.);
#358 = EDGE_CURVE('',#351,#359,#361,.T.);
#359 = VERTEX_POINT('',#360);
#360 = CARTESIAN_POINT('',(-1.016,-21.59,0.));
#361 = LINE('',#362,#363);
#362 = CARTESIAN_POINT('',(-1.27,-21.336,0.));
#363 = VECTOR('',#364,1.);
#364 = DIRECTION('',(0.707106781187,-0.707106781187,0.));
#365 = ORIENTED_EDGE('',*,*,#366,.T.);
#366 = EDGE_CURVE('',#359,#367,#369,.T.);
#367 = VERTEX_POINT('',#368);
#368 = CARTESIAN_POINT('',(-1.27,-21.844,0.));
#369 = LINE('',#370,#371);
#370 = CARTESIAN_POINT('',(-1.016,-21.59,0.));
#371 = VECTOR('',#372,1.);
#372 = DIRECTION('',(-0.707106781187,-0.707106781187,0.));
#373 = ORIENTED_EDGE('',*,*,#374,.T.);
#374 = EDGE_CURVE('',#367,#375,#377,.T.);
#375 = VERTEX_POINT('',#376);
#376 = CARTESIAN_POINT('',(-1.27,-23.876,0.));
#377 = LINE('',#378,#379);
#378 = CARTESIAN_POINT('',(-1.27,-21.844,0.));
#379 = VECTOR('',#380,1.);
#380 = DIRECTION('',(0.,-1.,0.));
#381 = ORIENTED_EDGE('',*,*,#382,.T.);
#382 = EDGE_CURVE('',#375,#383,#385,.T.);
#383 = VERTEX_POINT('',#384);
#384 = CARTESIAN_POINT('',(-1.016,-24.13,0.));
#385 = LINE('',#386,#387);
#386 = CARTESIAN_POINT('',(-1.27,-23.876,0.));
#387 = VECTOR('',#388,1.);
#388 = DIRECTION('',(0.707106781187,-0.707106781187,0.));
#389 = ORIENTED_EDGE('',*,*,#390,.T.);
#390 = EDGE_CURVE('',#383,#391,#393,.T.);
#391 = VERTEX_POINT('',#392);
#392 = CARTESIAN_POINT('',(-1.27,-24.384,0.));
#393 = LINE('',#394,#395);
#394 = CARTESIAN_POINT('',(-1.016,-24.13,0.));
#395 = VECTOR('',#396,1.);
#396 = DIRECTION('',(-0.707106781187,-0.707106781187,0.));
#397 = ORIENTED_EDGE('',*,*,#398,.T.);
#398 = EDGE_CURVE('',#391,#399,#401,.T.);
#399 = VERTEX_POINT('',#400);
#400 = CARTESIAN_POINT('',(-1.27,-26.416,0.));
#401 = LINE('',#402,#403);
#402 = CARTESIAN_POINT('',(-1.27,-24.384,0.));
#403 = VECTOR('',#404,1.);
#404 = DIRECTION('',(0.,-1.,0.));
#405 = ORIENTED_EDGE('',*,*,#406,.T.);
#406 = EDGE_CURVE('',#399,#407,#409,.T.);
#407 = VERTEX_POINT('',#408);
#408 = CARTESIAN_POINT('',(-1.016,-26.67,0.));
#409 = LINE('',#410,#411);
#410 = CARTESIAN_POINT('',(-1.27,-26.416,0.));
#411 = VECTOR('',#412,1.);
#412 = DIRECTION('',(0.707106781187,-0.707106781187,0.));
#413 = ORIENTED_EDGE('',*,*,#414,.T.);
#414 = EDGE_CURVE('',#407,#415,#417,.T.);
#415 = VERTEX_POINT('',#416);
#416 = CARTESIAN_POINT('',(-1.27,-26.924,0.));
#417 = LINE('',#418,#419);
#418 = CARTESIAN_POINT('',(-1.016,-26.67,0.));
#419 = VECTOR('',#420,1.);
#420 = DIRECTION('',(-0.707106781187,-0.707106781187,0.));
#421 = ORIENTED_EDGE('',*,*,#422,.T.);
#422 = EDGE_CURVE('',#415,#423,#425,.T.);
#423 = VERTEX_POINT('',#424);
#424 = CARTESIAN_POINT('',(-1.27,-28.956,0.));
#425 = LINE('',#426,#427);
#426 = CARTESIAN_POINT('',(-1.27,-26.924,0.));
#427 = VECTOR('',#428,1.);
#428 = DIRECTION('',(0.,-1.,0.));
#429 = ORIENTED_EDGE('',*,*,#430,.T.);
#430 = EDGE_CURVE('',#423,#431,#433,.T.);
#431 = VERTEX_POINT('',#432);
#432 = CARTESIAN_POINT('',(-1.016,-29.21,0.));
#433 = LINE('',#434,#435);
#434 = CARTESIAN_POINT('',(-1.27,-28.956,0.));
#435 = VECTOR('',#436,1.);
#436 = DIRECTION('',(0.707106781187,-0.707106781187,0.));
#437 = ORIENTED_EDGE('',*,*,#438,.T.);
#438 = EDGE_CURVE('',#431,#439,#441,.T.);
#439 = VERTEX_POINT('',#440);
#440 = CARTESIAN_POINT('',(-1.27,-29.464,0.));
#441 = LINE('',#442,#443);
#442 = CARTESIAN_POINT('',(-1.016,-29.21,0.));
#443 = VECTOR('',#444,1.);
#444 = DIRECTION('',(-0.707106781187,-0.707106781187,0.));
#445 = ORIENTED_EDGE('',*,*,#446,.T.);
#446 = EDGE_CURVE('',#439,#447,#449,.T.);
#447 = VERTEX_POINT('',#448);
#448 = CARTESIAN_POINT('',(-1.27,-31.496,0.));
#449 = LINE('',#450,#451);
#450 = CARTESIAN_POINT('',(-1.27,-29.464,0.));
#451 = VECTOR('',#452,1.);
#452 = DIRECTION('',(0.,-1.,0.));
#453 = ORIENTED_EDGE('',*,*,#454,.T.);
#454 = EDGE_CURVE('',#447,#455,#457,.T.);
#455 = VERTEX_POINT('',#456);
#456 = CARTESIAN_POINT('',(-1.016,-31.75,0.));
#457 = LINE('',#458,#459);
#458 = CARTESIAN_POINT('',(-1.27,-31.496,0.));
#459 = VECTOR('',#460,1.);
#460 = DIRECTION('',(0.707106781187,-0.707106781187,0.));
#461 = ORIENTED_EDGE('',*,*,#462,.T.);
#462 = EDGE_CURVE('',#455,#463,#465,.T.);
#463 = VERTEX_POINT('',#464);
#464 = CARTESIAN_POINT('',(3.556,-31.75,0.));
#465 = LINE('',#466,#467);
#466 = CARTESIAN_POINT('',(-1.016,-31.75,0.));
#467 = VECTOR('',#468,1.);
#468 = DIRECTION('',(1.,0.,0.));
#469 = ORIENTED_EDGE('',*,*,#470,.T.);
#470 = EDGE_CURVE('',#463,#471,#473,.T.);
#471 = VERTEX_POINT('',#472);
#472 = CARTESIAN_POINT('',(3.81,-31.496,0.));
#473 = LINE('',#474,#475);
#474 = CARTESIAN_POINT('',(3.556,-31.75,0.));
#475 = VECTOR('',#476,1.);
#476 = DIRECTION('',(0.707106781187,0.707106781187,0.));
#477 = ORIENTED_EDGE('',*,*,#478,.T.);
#478 = EDGE_CURVE('',#471,#479,#481,.T.);
#479 = VERTEX_POINT('',#480);
#480 = CARTESIAN_POINT('',(3.81,-29.464,0.));
#481 = LINE('',#482,#483);
#482 = CARTESIAN_POINT('',(3.81,-31.496,0.));
#483 = VECTOR('',#484,1.);
#484 = DIRECTION('',(0.,1.,0.));
#485 = ORIENTED_EDGE('',*,*,#486,.T.);
#486 = EDGE_CURVE('',#479,#487,#489,.T.);
#487 = VERTEX_POINT('',#488);
#488 = CARTESIAN_POINT('',(3.556,-29.21,0.));
#489 = LINE('',#490,#491);
#490 = CARTESIAN_POINT('',(3.81,-29.464,0.));
#491 = VECTOR('',#492,1.);
#492 = DIRECTION('',(-0.707106781187,0.707106781187,0.));
#493 = ORIENTED_EDGE('',*,*,#494,.T.);
#494 = EDGE_CURVE('',#487,#495,#497,.T.);
#495 = VERTEX_POINT('',#496);
#496 = CARTESIAN_POINT('',(3.81,-28.956,0.));
#497 = LINE('',#498,#499);
#498 = CARTESIAN_POINT('',(3.556,-29.21,0.));
#499 = VECTOR('',#500,1.);
#500 = DIRECTION('',(0.707106781187,0.707106781187,0.));
#501 = ORIENTED_EDGE('',*,*,#502,.T.);
#502 = EDGE_CURVE('',#495,#503,#505,.T.);
#503 = VERTEX_POINT('',#504);
#504 = CARTESIAN_POINT('',(3.81,-26.924,0.));
#505 = LINE('',#506,#507);
#506 = CARTESIAN_POINT('',(3.81,-28.956,0.));
#507 = VECTOR('',#508,1.);
#508 = DIRECTION('',(0.,1.,0.));
#509 = ORIENTED_EDGE('',*,*,#510,.T.);
#510 = EDGE_CURVE('',#503,#511,#513,.T.);
#511 = VERTEX_POINT('',#512);
#512 = CARTESIAN_POINT('',(3.556,-26.67,0.));
#513 = LINE('',#514,#515);
#514 = CARTESIAN_POINT('',(3.81,-26.924,0.));
#515 = VECTOR('',#516,1.);
#516 = DIRECTION('',(-0.707106781187,0.707106781187,0.));
#517 = ORIENTED_EDGE('',*,*,#518,.T.);
#518 = EDGE_CURVE('',#511,#519,#521,.T.);
#519 = VERTEX_POINT('',#520);
#520 = CARTESIAN_POINT('',(3.81,-26.416,0.));
#521 = LINE('',#522,#523);
#522 = CARTESIAN_POINT('',(3.556,-26.67,0.));
#523 = VECTOR('',#524,1.);
#524 = DIRECTION('',(0.707106781187,0.707106781187,0.));
#525 = ORIENTED_EDGE('',*,*,#526,.T.);
#526 = EDGE_CURVE('',#519,#527,#529,.T.);
#527 = VERTEX_POINT('',#528);
#528 = CARTESIAN_POINT('',(3.81,-24.384,0.));
#529 = LINE('',#530,#531);
#530 = CARTESIAN_POINT('',(3.81,-26.416,0.));
#531 = VECTOR('',#532,1.);
#532 = DIRECTION('',(0.,1.,0.));
#533 = ORIENTED_EDGE('',*,*,#534,.T.);
#534 = EDGE_CURVE('',#527,#535,#537,.T.);
#535 = VERTEX_POINT('',#536);
#536 = CARTESIAN_POINT('',(3.556,-24.13,0.));
#537 = LINE('',#538,#539);
#538 = CARTESIAN_POINT('',(3.81,-24.384,0.));
#539 = VECTOR('',#540,1.);
#540 = DIRECTION('',(-0.707106781187,0.707106781187,0.));
#541 = ORIENTED_EDGE('',*,*,#542,.T.);
#542 = EDGE_CURVE('',#535,#543,#545,.T.);
#543 = VERTEX_POINT('',#544);
#544 = CARTESIAN_POINT('',(3.81,-23.876,0.));
#545 = LINE('',#546,#547);
#546 = CARTESIAN_POINT('',(3.556,-24.13,0.));
#547 = VECTOR('',#548,1.);
#548 = DIRECTION('',(0.707106781187,0.707106781187,0.));
#549 = ORIENTED_EDGE('',*,*,#550,.T.);
#550 = EDGE_CURVE('',#543,#551,#553,.T.);
#551 = VERTEX_POINT('',#552);
#552 = CARTESIAN_POINT('',(3.81,-21.844,0.));
#553 = LINE('',#554,#555);
#554 = CARTESIAN_POINT('',(3.81,-23.876,0.));
#555 = VECTOR('',#556,1.);
#556 = DIRECTION('',(0.,1.,0.));
#557 = ORIENTED_EDGE('',*,*,#558,.T.);
#558 = EDGE_CURVE('',#551,#559,#561,.T.);
#559 = VERTEX_POINT('',#560);
#560 = CARTESIAN_POINT('',(3.556,-21.59,0.));
#561 = LINE('',#562,#563);
#562 = CARTESIAN_POINT('',(3.81,-21.844,0.));
#563 = VECTOR('',#564,1.);
#564 = DIRECTION('',(-0.707106781187,0.707106781187,0.));
#565 = ORIENTED_EDGE('',*,*,#566,.T.);
#566 = EDGE_CURVE('',#559,#567,#569,.T.);
#567 = VERTEX_POINT('',#568);
#568 = CARTESIAN_POINT('',(3.81,-21.336,0.));
#569 = LINE('',#570,#571);
#570 = CARTESIAN_POINT('',(3.556,-21.59,0.));
#571 = VECTOR('',#572,1.);
#572 = DIRECTION('',(0.707106781187,0.707106781187,0.));
#573 = ORIENTED_EDGE('',*,*,#574,.T.);
#574 = EDGE_CURVE('',#567,#575,#577,.T.);
#575 = VERTEX_POINT('',#576);
#576 = CARTESIAN_POINT('',(3.81,-19.304,0.));
#577 = LINE('',#578,#579);
#578 = CARTESIAN_POINT('',(3.81,-21.336,0.));
#579 = VECTOR('',#580,1.);
#580 = DIRECTION('',(0.,1.,0.));
#581 = ORIENTED_EDGE('',*,*,#582,.T.);
#582 = EDGE_CURVE('',#575,#583,#585,.T.);
#583 = VERTEX_POINT('',#584);
#584 = CARTESIAN_POINT('',(3.556,-19.05,0.));
#585 = LINE('',#586,#587);
#586 = CARTESIAN_POINT('',(3.81,-19.304,0.));
#587 = VECTOR('',#588,1.);
#588 = DIRECTION('',(-0.707106781187,0.707106781187,0.));
#589 = ORIENTED_EDGE('',*,*,#590,.T.);
#590 = EDGE_CURVE('',#583,#591,#593,.T.);
#591 = VERTEX_POINT('',#592);
#592 = CARTESIAN_POINT('',(3.81,-18.796,0.));
#593 = LINE('',#594,#595);
#594 = CARTESIAN_POINT('',(3.556,-19.05,0.));
#595 = VECTOR('',#596,1.);
#596 = DIRECTION('',(0.707106781187,0.707106781187,0.));
#597 = ORIENTED_EDGE('',*,*,#598,.T.);
#598 = EDGE_CURVE('',#591,#599,#601,.T.);
#599 = VERTEX_POINT('',#600);
#600 = CARTESIAN_POINT('',(3.81,-16.764,0.));
#601 = LINE('',#602,#603);
#602 = CARTESIAN_POINT('',(3.81,-18.796,0.));
#603 = VECTOR('',#604,1.);
#604 = DIRECTION('',(0.,1.,0.));
#605 = ORIENTED_EDGE('',*,*,#606,.T.);
#606 = EDGE_CURVE('',#599,#607,#609,.T.);
#607 = VERTEX_POINT('',#608);
#608 = CARTESIAN_POINT('',(3.556,-16.51,0.));
#609 = LINE('',#610,#611);
#610 = CARTESIAN_POINT('',(3.81,-16.764,0.));
#611 = VECTOR('',#612,1.);
#612 = DIRECTION('',(-0.707106781187,0.707106781187,0.));
#613 = ORIENTED_EDGE('',*,*,#614,.T.);
#614 = EDGE_CURVE('',#607,#615,#617,.T.);
#615 = VERTEX_POINT('',#616);
#616 = CARTESIAN_POINT('',(3.81,-16.256,0.));
#617 = LINE('',#618,#619);
#618 = CARTESIAN_POINT('',(3.556,-16.51,0.));
#619 = VECTOR('',#620,1.);
#620 = DIRECTION('',(0.707106781187,0.707106781187,0.));
#621 = ORIENTED_EDGE('',*,*,#622,.T.);
#622 = EDGE_CURVE('',#615,#623,#625,.T.);
#623 = VERTEX_POINT('',#624);
#624 = CARTESIAN_POINT('',(3.81,-14.224,0.));
#625 = LINE('',#626,#627);
#626 = CARTESIAN_POINT('',(3.81,-16.256,0.));
#627 = VECTOR('',#628,1.);
#628 = DIRECTION('',(0.,1.,0.));
#629 = ORIENTED_EDGE('',*,*,#630,.T.);
#630 = EDGE_CURVE('',#623,#631,#633,.T.);
#631 = VERTEX_POINT('',#632);
#632 = CARTESIAN_POINT('',(3.556,-13.97,0.));
#633 = LINE('',#634,#635);
#634 = CARTESIAN_POINT('',(3.81,-14.224,0.));
#635 = VECTOR('',#636,1.);
#636 = DIRECTION('',(-0.707106781187,0.707106781187,0.));
#637 = ORIENTED_EDGE('',*,*,#638,.T.);
#638 = EDGE_CURVE('',#631,#639,#641,.T.);
#639 = VERTEX_POINT('',#640);
#640 = CARTESIAN_POINT('',(3.81,-13.716,0.));
#641 = LINE('',#642,#643);
#642 = CARTESIAN_POINT('',(3.556,-13.97,0.));
#643 = VECTOR('',#644,1.);
#644 = DIRECTION('',(0.707106781187,0.707106781187,0.));
#645 = ORIENTED_EDGE('',*,*,#646,.T.);
#646 = EDGE_CURVE('',#639,#647,#649,.T.);
#647 = VERTEX_POINT('',#648);
#648 = CARTESIAN_POINT('',(3.81,-11.684,0.));
#649 = LINE('',#650,#651);
#650 = CARTESIAN_POINT('',(3.81,-13.716,0.));
#651 = VECTOR('',#652,1.);
#652 = DIRECTION('',(0.,1.,0.));
#653 = ORIENTED_EDGE('',*,*,#654,.T.);
#654 = EDGE_CURVE('',#647,#655,#657,.T.);
#655 = VERTEX_POINT('',#656);
#656 = CARTESIAN_POINT('',(3.556,-11.43,0.));
#657 = LINE('',#658,#659);
#658 = CARTESIAN_POINT('',(3.81,-11.684,0.));
#659 = VECTOR('',#660,1.);
#660 = DIRECTION('',(-0.707106781187,0.707106781187,0.));
#661 = ORIENTED_EDGE('',*,*,#662,.T.);
#662 = EDGE_CURVE('',#655,#663,#665,.T.);
#663 = VERTEX_POINT('',#664);
#664 = CARTESIAN_POINT('',(3.81,-11.176,0.));
#665 = LINE('',#666,#667);
#666 = CARTESIAN_POINT('',(3.556,-11.43,0.));
#667 = VECTOR('',#668,1.);
#668 = DIRECTION('',(0.707106781187,0.707106781187,0.));
#669 = ORIENTED_EDGE('',*,*,#670,.T.);
#670 = EDGE_CURVE('',#663,#671,#673,.T.);
#671 = VERTEX_POINT('',#672);
#672 = CARTESIAN_POINT('',(3.81,-9.144,0.));
#673 = LINE('',#674,#675);
#674 = CARTESIAN_POINT('',(3.81,-11.176,0.));
#675 = VECTOR('',#676,1.);
#676 = DIRECTION('',(0.,1.,0.));
#677 = ORIENTED_EDGE('',*,*,#678,.T.);
#678 = EDGE_CURVE('',#671,#679,#681,.T.);
#679 = VERTEX_POINT('',#680);
#680 = CARTESIAN_POINT('',(3.556,-8.89,0.));
#681 = LINE('',#682,#683);
#682 = CARTESIAN_POINT('',(3.81,-9.144,0.));
#683 = VECTOR('',#684,1.);
#684 = DIRECTION('',(-0.707106781187,0.707106781187,0.));
#685 = ORIENTED_EDGE('',*,*,#686,.T.);
#686 = EDGE_CURVE('',#679,#687,#689,.T.);
#687 = VERTEX_POINT('',#688);
#688 = CARTESIAN_POINT('',(3.81,-8.636,0.));
#689 = LINE('',#690,#691);
#690 = CARTESIAN_POINT('',(3.556,-8.89,0.));
#691 = VECTOR('',#692,1.);
#692 = DIRECTION('',(0.707106781187,0.707106781187,0.));
#693 = ORIENTED_EDGE('',*,*,#694,.T.);
#694 = EDGE_CURVE('',#687,#695,#697,.T.);
#695 = VERTEX_POINT('',#696);
#696 = CARTESIAN_POINT('',(3.81,-6.604,0.));
#697 = LINE('',#698,#699);
#698 = CARTESIAN_POINT('',(3.81,-8.636,0.));
#699 = VECTOR('',#700,1.);
#700 = DIRECTION('',(0.,1.,0.));
#701 = ORIENTED_EDGE('',*,*,#702,.T.);
#702 = EDGE_CURVE('',#695,#703,#705,.T.);
#703 = VERTEX_POINT('',#704);
#704 = CARTESIAN_POINT('',(3.556,-6.35,0.));
#705 = LINE('',#706,#707);
#706 = CARTESIAN_POINT('',(3.81,-6.604,0.));
#707 = VECTOR('',#708,1.);
#708 = DIRECTION('',(-0.707106781187,0.707106781187,0.));
#709 = ORIENTED_EDGE('',*,*,#710,.T.);
#710 = EDGE_CURVE('',#703,#711,#713,.T.);
#711 = VERTEX_POINT('',#712);
#712 = CARTESIAN_POINT('',(3.81,-6.096,0.));
#713 = LINE('',#714,#715);
#714 = CARTESIAN_POINT('',(3.556,-6.35,0.));
#715 = VECTOR('',#716,1.);
#716 = DIRECTION('',(0.707106781187,0.707106781187,0.));
#717 = ORIENTED_EDGE('',*,*,#718,.T.);
#718 = EDGE_CURVE('',#711,#719,#721,.T.);
#719 = VERTEX_POINT('',#720);
#720 = CARTESIAN_POINT('',(3.81,-4.064,0.));
#721 = LINE('',#722,#723);
#722 = CARTESIAN_POINT('',(3.81,-6.096,0.));
#723 = VECTOR('',#724,1.);
#724 = DIRECTION('',(0.,1.,0.));
#725 = ORIENTED_EDGE('',*,*,#726,.T.);
#726 = EDGE_CURVE('',#719,#727,#729,.T.);
#727 = VERTEX_POINT('',#728);
#728 = CARTESIAN_POINT('',(3.556,-3.81,0.));
#729 = LINE('',#730,#731);
#730 = CARTESIAN_POINT('',(3.81,-4.064,0.));
#731 = VECTOR('',#732,1.);
#732 = DIRECTION('',(-0.707106781187,0.707106781187,0.));
#733 = ORIENTED_EDGE('',*,*,#734,.T.);
#734 = EDGE_CURVE('',#727,#735,#737,.T.);
#735 = VERTEX_POINT('',#736);
#736 = CARTESIAN_POINT('',(3.81,-3.556,0.));
#737 = LINE('',#738,#739);
#738 = CARTESIAN_POINT('',(3.556,-3.81,0.));
#739 = VECTOR('',#740,1.);
#740 = DIRECTION('',(0.707106781187,0.707106781187,0.));
#741 = ORIENTED_EDGE('',*,*,#742,.T.);
#742 = EDGE_CURVE('',#735,#743,#745,.T.);
#743 = VERTEX_POINT('',#744);
#744 = CARTESIAN_POINT('',(3.81,-1.524,0.));
#745 = LINE('',#746,#747);
#746 = CARTESIAN_POINT('',(3.81,-3.556,0.));
#747 = VECTOR('',#748,1.);
#748 = DIRECTION('',(0.,1.,0.));
#749 = ORIENTED_EDGE('',*,*,#750,.T.);
#750 = EDGE_CURVE('',#743,#751,#753,.T.);
#751 = VERTEX_POINT('',#752);
#752 = CARTESIAN_POINT('',(3.556,-1.27,0.));
#753 = LINE('',#754,#755);
#754 = CARTESIAN_POINT('',(3.81,-1.524,0.));
#755 = VECTOR('',#756,1.);
#756 = DIRECTION('',(-0.707106781187,0.707106781187,0.));
#757 = ORIENTED_EDGE('',*,*,#758,.T.);
#758 = EDGE_CURVE('',#751,#759,#761,.T.);
#759 = VERTEX_POINT('',#760);
#760 = CARTESIAN_POINT('',(3.81,-1.016,0.));
#761 = LINE('',#762,#763);
#762 = CARTESIAN_POINT('',(3.556,-1.27,0.));
#763 = VECTOR('',#764,1.);
#764 = DIRECTION('',(0.707106781187,0.707106781187,0.));
#765 = ORIENTED_EDGE('',*,*,#766,.T.);
#766 = EDGE_CURVE('',#759,#767,#769,.T.);
#767 = VERTEX_POINT('',#768);
#768 = CARTESIAN_POINT('',(3.81,1.016,0.));
#769 = LINE('',#770,#771);
#770 = CARTESIAN_POINT('',(3.81,-1.016,0.));
#771 = VECTOR('',#772,1.);
#772 = DIRECTION('',(0.,1.,0.));
#773 = ORIENTED_EDGE('',*,*,#774,.T.);
#774 = EDGE_CURVE('',#767,#103,#775,.T.);
#775 = LINE('',#776,#777);
#776 = CARTESIAN_POINT('',(3.81,1.016,0.));
#777 = VECTOR('',#778,1.);
#778 = DIRECTION('',(-0.707106781187,0.707106781187,0.));
#779 = ORIENTED_EDGE('',*,*,#119,.T.);
#780 = FACE_BOUND('',#781,.F.);
#781 = EDGE_LOOP('',(#782,#792,#800,#808));
#782 = ORIENTED_EDGE('',*,*,#783,.F.);
#783 = EDGE_CURVE('',#784,#786,#788,.T.);
#784 = VERTEX_POINT('',#785);
#785 = CARTESIAN_POINT('',(2.86,-13.02,0.));
#786 = VERTEX_POINT('',#787);
#787 = CARTESIAN_POINT('',(2.86,-12.38,0.));
#788 = LINE('',#789,#790);
#789 = CARTESIAN_POINT('',(2.86,-14.13,0.));
#790 = VECTOR('',#791,1.);
#791 = DIRECTION('',(0.,1.,0.));
#792 = ORIENTED_EDGE('',*,*,#793,.T.);
#793 = EDGE_CURVE('',#784,#794,#796,.T.);
#794 = VERTEX_POINT('',#795);
#795 = CARTESIAN_POINT('',(2.22,-13.02,0.));
#796 = LINE('',#797,#798);
#797 = CARTESIAN_POINT('',(1.745,-13.02,0.));
#798 = VECTOR('',#799,1.);
#799 = DIRECTION('',(-1.,0.,0.));
#800 = ORIENTED_EDGE('',*,*,#801,.T.);
#801 = EDGE_CURVE('',#794,#802,#804,.T.);
#802 = VERTEX_POINT('',#803);
#803 = CARTESIAN_POINT('',(2.22,-12.38,0.));
#804 = LINE('',#805,#806);
#805 = CARTESIAN_POINT('',(2.22,-14.13,0.));
#806 = VECTOR('',#807,1.);
#807 = DIRECTION('',(0.,1.,0.));
#808 = ORIENTED_EDGE('',*,*,#809,.F.);
#809 = EDGE_CURVE('',#786,#802,#810,.T.);
#810 = LINE('',#811,#812);
#811 = CARTESIAN_POINT('',(1.745,-12.38,0.));
#812 = VECTOR('',#813,1.);
#813 = DIRECTION('',(-1.,0.,0.));
#814 = FACE_BOUND('',#815,.F.);
#815 = EDGE_LOOP('',(#816,#826,#834,#842));
#816 = ORIENTED_EDGE('',*,*,#817,.F.);
#817 = EDGE_CURVE('',#818,#820,#822,.T.);
#818 = VERTEX_POINT('',#819);
#819 = CARTESIAN_POINT('',(0.32,-13.02,0.));
#820 = VERTEX_POINT('',#821);
#821 = CARTESIAN_POINT('',(0.32,-12.38,0.));
#822 = LINE('',#823,#824);
#823 = CARTESIAN_POINT('',(0.32,-14.13,0.));
#824 = VECTOR('',#825,1.);
#825 = DIRECTION('',(0.,1.,0.));
#826 = ORIENTED_EDGE('',*,*,#827,.T.);
#827 = EDGE_CURVE('',#818,#828,#830,.T.);
#828 = VERTEX_POINT('',#829);
#829 = CARTESIAN_POINT('',(-0.32,-13.02,0.));
#830 = LINE('',#831,#832);
#831 = CARTESIAN_POINT('',(0.475,-13.02,0.));
#832 = VECTOR('',#833,1.);
#833 = DIRECTION('',(-1.,0.,0.));
#834 = ORIENTED_EDGE('',*,*,#835,.T.);
#835 = EDGE_CURVE('',#828,#836,#838,.T.);
#836 = VERTEX_POINT('',#837);
#837 = CARTESIAN_POINT('',(-0.32,-12.38,0.));
#838 = LINE('',#839,#840);
#839 = CARTESIAN_POINT('',(-0.32,-14.13,0.));
#840 = VECTOR('',#841,1.);
#841 = DIRECTION('',(0.,1.,0.));
#842 = ORIENTED_EDGE('',*,*,#843,.F.);
#843 = EDGE_CURVE('',#820,#836,#844,.T.);
#844 = LINE('',#845,#846);
#845 = CARTESIAN_POINT('',(0.475,-12.38,0.));
#846 = VECTOR('',#847,1.);
#847 = DIRECTION('',(-1.,0.,0.));
#848 = FACE_BOUND('',#849,.F.);
#849 = EDGE_LOOP('',(#850,#860,#868,#876));
#850 = ORIENTED_EDGE('',*,*,#851,.F.);
#851 = EDGE_CURVE('',#852,#854,#856,.T.);
#852 = VERTEX_POINT('',#853);
#853 = CARTESIAN_POINT('',(2.86,-15.56,0.));
#854 = VERTEX_POINT('',#855);
#855 = CARTESIAN_POINT('',(2.86,-14.92,0.));
#856 = LINE('',#857,#858);
#857 = CARTESIAN_POINT('',(2.86,-15.4,0.));
#858 = VECTOR('',#859,1.);
#859 = DIRECTION('',(0.,1.,0.));
#860 = ORIENTED_EDGE('',*,*,#861,.T.);
#861 = EDGE_CURVE('',#852,#862,#864,.T.);
#862 = VERTEX_POINT('',#863);
#863 = CARTESIAN_POINT('',(2.22,-15.56,0.));
#864 = LINE('',#865,#866);
#865 = CARTESIAN_POINT('',(1.745,-15.56,0.));
#866 = VECTOR('',#867,1.);
#867 = DIRECTION('',(-1.,0.,0.));
#868 = ORIENTED_EDGE('',*,*,#869,.T.);
#869 = EDGE_CURVE('',#862,#870,#872,.T.);
#870 = VERTEX_POINT('',#871);
#871 = CARTESIAN_POINT('',(2.22,-14.92,0.));
#872 = LINE('',#873,#874);
#873 = CARTESIAN_POINT('',(2.22,-15.4,0.));
#874 = VECTOR('',#875,1.);
#875 = DIRECTION('',(0.,1.,0.));
#876 = ORIENTED_EDGE('',*,*,#877,.F.);
#877 = EDGE_CURVE('',#854,#870,#878,.T.);
#878 = LINE('',#879,#880);
#879 = CARTESIAN_POINT('',(1.745,-14.92,0.));
#880 = VECTOR('',#881,1.);
#881 = DIRECTION('',(-1.,0.,0.));
#882 = FACE_BOUND('',#883,.F.);
#883 = EDGE_LOOP('',(#884,#894,#902,#910));
#884 = ORIENTED_EDGE('',*,*,#885,.F.);
#885 = EDGE_CURVE('',#886,#888,#890,.T.);
#886 = VERTEX_POINT('',#887);
#887 = CARTESIAN_POINT('',(0.32,-14.92,0.));
#888 = VERTEX_POINT('',#889);
#889 = CARTESIAN_POINT('',(-0.32,-14.92,0.));
#890 = LINE('',#891,#892);
#891 = CARTESIAN_POINT('',(0.475,-14.92,0.));
#892 = VECTOR('',#893,1.);
#893 = DIRECTION('',(-1.,0.,0.));
#894 = ORIENTED_EDGE('',*,*,#895,.F.);
#895 = EDGE_CURVE('',#896,#886,#898,.T.);
#896 = VERTEX_POINT('',#897);
#897 = CARTESIAN_POINT('',(0.32,-15.56,0.));
#898 = LINE('',#899,#900);
#899 = CARTESIAN_POINT('',(0.32,-15.4,0.));
#900 = VECTOR('',#901,1.);
#901 = DIRECTION('',(0.,1.,0.));
#902 = ORIENTED_EDGE('',*,*,#903,.T.);
#903 = EDGE_CURVE('',#896,#904,#906,.T.);
#904 = VERTEX_POINT('',#905);
#905 = CARTESIAN_POINT('',(-0.32,-15.56,0.));
#906 = LINE('',#907,#908);
#907 = CARTESIAN_POINT('',(0.475,-15.56,0.));
#908 = VECTOR('',#909,1.);
#909 = DIRECTION('',(-1.,0.,0.));
#910 = ORIENTED_EDGE('',*,*,#911,.T.);
#911 = EDGE_CURVE('',#904,#888,#912,.T.);
#912 = LINE('',#913,#914);
#913 = CARTESIAN_POINT('',(-0.32,-15.4,0.));
#914 = VECTOR('',#915,1.);
#915 = DIRECTION('',(0.,1.,0.));
#916 = FACE_BOUND('',#917,.F.);
#917 = EDGE_LOOP('',(#918,#928,#936,#944));
#918 = ORIENTED_EDGE('',*,*,#919,.F.);
#919 = EDGE_CURVE('',#920,#922,#924,.T.);
#920 = VERTEX_POINT('',#921);
#921 = CARTESIAN_POINT('',(2.86,-18.1,0.));
#922 = VERTEX_POINT('',#923);
#923 = CARTESIAN_POINT('',(2.86,-17.46,0.));
#924 = LINE('',#925,#926);
#925 = CARTESIAN_POINT('',(2.86,-16.67,0.));
#926 = VECTOR('',#927,1.);
#927 = DIRECTION('',(0.,1.,0.));
#928 = ORIENTED_EDGE('',*,*,#929,.T.);
#929 = EDGE_CURVE('',#920,#930,#932,.T.);
#930 = VERTEX_POINT('',#931);
#931 = CARTESIAN_POINT('',(2.22,-18.1,0.));
#932 = LINE('',#933,#934);
#933 = CARTESIAN_POINT('',(1.745,-18.1,0.));
#934 = VECTOR('',#935,1.);
#935 = DIRECTION('',(-1.,0.,0.));
#936 = ORIENTED_EDGE('',*,*,#937,.T.);
#937 = EDGE_CURVE('',#930,#938,#940,.T.);
#938 = VERTEX_POINT('',#939);
#939 = CARTESIAN_POINT('',(2.22,-17.46,0.));
#940 = LINE('',#941,#942);
#941 = CARTESIAN_POINT('',(2.22,-16.67,0.));
#942 = VECTOR('',#943,1.);
#943 = DIRECTION('',(0.,1.,0.));
#944 = ORIENTED_EDGE('',*,*,#945,.F.);
#945 = EDGE_CURVE('',#922,#938,#946,.T.);
#946 = LINE('',#947,#948);
#947 = CARTESIAN_POINT('',(1.745,-17.46,0.));
#948 = VECTOR('',#949,1.);
#949 = DIRECTION('',(-1.,0.,0.));
#950 = FACE_BOUND('',#951,.F.);
#951 = EDGE_LOOP('',(#952,#962,#970,#978));
#952 = ORIENTED_EDGE('',*,*,#953,.F.);
#953 = EDGE_CURVE('',#954,#956,#958,.T.);
#954 = VERTEX_POINT('',#955);
#955 = CARTESIAN_POINT('',(0.32,-18.1,0.));
#956 = VERTEX_POINT('',#957);
#957 = CARTESIAN_POINT('',(0.32,-17.46,0.));
#958 = LINE('',#959,#960);
#959 = CARTESIAN_POINT('',(0.32,-16.67,0.));
#960 = VECTOR('',#961,1.);
#961 = DIRECTION('',(0.,1.,0.));
#962 = ORIENTED_EDGE('',*,*,#963,.T.);
#963 = EDGE_CURVE('',#954,#964,#966,.T.);
#964 = VERTEX_POINT('',#965);
#965 = CARTESIAN_POINT('',(-0.32,-18.1,0.));
#966 = LINE('',#967,#968);
#967 = CARTESIAN_POINT('',(0.475,-18.1,0.));
#968 = VECTOR('',#969,1.);
#969 = DIRECTION('',(-1.,0.,0.));
#970 = ORIENTED_EDGE('',*,*,#971,.T.);
#971 = EDGE_CURVE('',#964,#972,#974,.T.);
#972 = VERTEX_POINT('',#973);
#973 = CARTESIAN_POINT('',(-0.32,-17.46,0.));
#974 = LINE('',#975,#976);
#975 = CARTESIAN_POINT('',(-0.32,-16.67,0.));
#976 = VECTOR('',#977,1.);
#977 = DIRECTION('',(0.,1.,0.));
#978 = ORIENTED_EDGE('',*,*,#979,.F.);
#979 = EDGE_CURVE('',#956,#972,#980,.T.);
#980 = LINE('',#981,#982);
#981 = CARTESIAN_POINT('',(0.475,-17.46,0.));
#982 = VECTOR('',#983,1.);
#983 = DIRECTION('',(-1.,0.,0.));
#984 = FACE_BOUND('',#985,.F.);
#985 = EDGE_LOOP('',(#986,#996,#1004,#1012));
#986 = ORIENTED_EDGE('',*,*,#987,.T.);
#987 = EDGE_CURVE('',#988,#990,#992,.T.);
#988 = VERTEX_POINT('',#989);
#989 = CARTESIAN_POINT('',(2.86,-25.72,0.));
#990 = VERTEX_POINT('',#991);
#991 = CARTESIAN_POINT('',(2.22,-25.72,0.));
#992 = LINE('',#993,#994);
#993 = CARTESIAN_POINT('',(1.745,-25.72,0.));
#994 = VECTOR('',#995,1.);
#995 = DIRECTION('',(-1.,0.,0.));
#996 = ORIENTED_EDGE('',*,*,#997,.T.);
#997 = EDGE_CURVE('',#990,#998,#1000,.T.);
#998 = VERTEX_POINT('',#999);
#999 = CARTESIAN_POINT('',(2.22,-25.08,0.));
#1000 = LINE('',#1001,#1002);
#1001 = CARTESIAN_POINT('',(2.22,-20.48,0.));
#1002 = VECTOR('',#1003,1.);
#1003 = DIRECTION('',(0.,1.,0.));
#1004 = ORIENTED_EDGE('',*,*,#1005,.F.);
#1005 = EDGE_CURVE('',#1006,#998,#1008,.T.);
#1006 = VERTEX_POINT('',#1007);
#1007 = CARTESIAN_POINT('',(2.86,-25.08,0.));
#1008 = LINE('',#1009,#1010);
#1009 = CARTESIAN_POINT('',(1.745,-25.08,0.));
#1010 = VECTOR('',#1011,1.);
#1011 = DIRECTION('',(-1.,0.,0.));
#1012 = ORIENTED_EDGE('',*,*,#1013,.F.);
#1013 = EDGE_CURVE('',#988,#1006,#1014,.T.);
#1014 = LINE('',#1015,#1016);
#1015 = CARTESIAN_POINT('',(2.86,-20.48,0.));
#1016 = VECTOR('',#1017,1.);
#1017 = DIRECTION('',(0.,1.,0.));
#1018 = FACE_BOUND('',#1019,.F.);
#1019 = EDGE_LOOP('',(#1020,#1030,#1038,#1046));
#1020 = ORIENTED_EDGE('',*,*,#1021,.F.);
#1021 = EDGE_CURVE('',#1022,#1024,#1026,.T.);
#1022 = VERTEX_POINT('',#1023);
#1023 = CARTESIAN_POINT('',(2.86,-22.54,0.));
#1024 = VERTEX_POINT('',#1025);
#1025 = CARTESIAN_POINT('',(2.22,-22.54,0.));
#1026 = LINE('',#1027,#1028);
#1027 = CARTESIAN_POINT('',(1.745,-22.54,0.));
#1028 = VECTOR('',#1029,1.);
#1029 = DIRECTION('',(-1.,0.,0.));
#1030 = ORIENTED_EDGE('',*,*,#1031,.F.);
#1031 = EDGE_CURVE('',#1032,#1022,#1034,.T.);
#1032 = VERTEX_POINT('',#1033);
#1033 = CARTESIAN_POINT('',(2.86,-23.18,0.));
#1034 = LINE('',#1035,#1036);
#1035 = CARTESIAN_POINT('',(2.86,-19.21,0.));
#1036 = VECTOR('',#1037,1.);
#1037 = DIRECTION('',(0.,1.,0.));
#1038 = ORIENTED_EDGE('',*,*,#1039,.T.);
#1039 = EDGE_CURVE('',#1032,#1040,#1042,.T.);
#1040 = VERTEX_POINT('',#1041);
#1041 = CARTESIAN_POINT('',(2.22,-23.18,0.));
#1042 = LINE('',#1043,#1044);
#1043 = CARTESIAN_POINT('',(1.745,-23.18,0.));
#1044 = VECTOR('',#1045,1.);
#1045 = DIRECTION('',(-1.,0.,0.));
#1046 = ORIENTED_EDGE('',*,*,#1047,.T.);
#1047 = EDGE_CURVE('',#1040,#1024,#1048,.T.);
#1048 = LINE('',#1049,#1050);
#1049 = CARTESIAN_POINT('',(2.22,-19.21,0.));
#1050 = VECTOR('',#1051,1.);
#1051 = DIRECTION('',(0.,1.,0.));
#1052 = FACE_BOUND('',#1053,.F.);
#1053 = EDGE_LOOP('',(#1054,#1064,#1072,#1080));
#1054 = ORIENTED_EDGE('',*,*,#1055,.F.);
#1055 = EDGE_CURVE('',#1056,#1058,#1060,.T.);
#1056 = VERTEX_POINT('',#1057);
#1057 = CARTESIAN_POINT('',(0.32,-25.08,0.));
#1058 = VERTEX_POINT('',#1059);
#1059 = CARTESIAN_POINT('',(-0.32,-25.08,0.));
#1060 = LINE('',#1061,#1062);
#1061 = CARTESIAN_POINT('',(0.475,-25.08,0.));
#1062 = VECTOR('',#1063,1.);
#1063 = DIRECTION('',(-1.,0.,0.));
#1064 = ORIENTED_EDGE('',*,*,#1065,.F.);
#1065 = EDGE_CURVE('',#1066,#1056,#1068,.T.);
#1066 = VERTEX_POINT('',#1067);
#1067 = CARTESIAN_POINT('',(0.32,-25.72,0.));
#1068 = LINE('',#1069,#1070);
#1069 = CARTESIAN_POINT('',(0.32,-20.48,0.));
#1070 = VECTOR('',#1071,1.);
#1071 = DIRECTION('',(0.,1.,0.));
#1072 = ORIENTED_EDGE('',*,*,#1073,.T.);
#1073 = EDGE_CURVE('',#1066,#1074,#1076,.T.);
#1074 = VERTEX_POINT('',#1075);
#1075 = CARTESIAN_POINT('',(-0.32,-25.72,0.));
#1076 = LINE('',#1077,#1078);
#1077 = CARTESIAN_POINT('',(0.475,-25.72,0.));
#1078 = VECTOR('',#1079,1.);
#1079 = DIRECTION('',(-1.,0.,0.));
#1080 = ORIENTED_EDGE('',*,*,#1081,.T.);
#1081 = EDGE_CURVE('',#1074,#1058,#1082,.T.);
#1082 = LINE('',#1083,#1084);
#1083 = CARTESIAN_POINT('',(-0.32,-20.48,0.));
#1084 = VECTOR('',#1085,1.);
#1085 = DIRECTION('',(0.,1.,0.));
#1086 = FACE_BOUND('',#1087,.F.);
#1087 = EDGE_LOOP('',(#1088,#1098,#1106,#1114));
#1088 = ORIENTED_EDGE('',*,*,#1089,.F.);
#1089 = EDGE_CURVE('',#1090,#1092,#1094,.T.);
#1090 = VERTEX_POINT('',#1091);
#1091 = CARTESIAN_POINT('',(0.32,-20.64,0.));
#1092 = VERTEX_POINT('',#1093);
#1093 = CARTESIAN_POINT('',(0.32,-20.,0.));
#1094 = LINE('',#1095,#1096);
#1095 = CARTESIAN_POINT('',(0.32,-17.94,0.));
#1096 = VECTOR('',#1097,1.);
#1097 = DIRECTION('',(0.,1.,0.));
#1098 = ORIENTED_EDGE('',*,*,#1099,.T.);
#1099 = EDGE_CURVE('',#1090,#1100,#1102,.T.);
#1100 = VERTEX_POINT('',#1101);
#1101 = CARTESIAN_POINT('',(-0.32,-20.64,0.));
#1102 = LINE('',#1103,#1104);
#1103 = CARTESIAN_POINT('',(0.475,-20.64,0.));
#1104 = VECTOR('',#1105,1.);
#1105 = DIRECTION('',(-1.,0.,0.));
#1106 = ORIENTED_EDGE('',*,*,#1107,.T.);
#1107 = EDGE_CURVE('',#1100,#1108,#1110,.T.);
#1108 = VERTEX_POINT('',#1109);
#1109 = CARTESIAN_POINT('',(-0.32,-20.,0.));
#1110 = LINE('',#1111,#1112);
#1111 = CARTESIAN_POINT('',(-0.32,-17.94,0.));
#1112 = VECTOR('',#1113,1.);
#1113 = DIRECTION('',(0.,1.,0.));
#1114 = ORIENTED_EDGE('',*,*,#1115,.F.);
#1115 = EDGE_CURVE('',#1092,#1108,#1116,.T.);
#1116 = LINE('',#1117,#1118);
#1117 = CARTESIAN_POINT('',(0.475,-20.,0.));
#1118 = VECTOR('',#1119,1.);
#1119 = DIRECTION('',(-1.,0.,0.));
#1120 = FACE_BOUND('',#1121,.F.);
#1121 = EDGE_LOOP('',(#1122,#1132,#1140,#1148));
#1122 = ORIENTED_EDGE('',*,*,#1123,.F.);
#1123 = EDGE_CURVE('',#1124,#1126,#1128,.T.);
#1124 = VERTEX_POINT('',#1125);
#1125 = CARTESIAN_POINT('',(0.32,-22.54,0.));
#1126 = VERTEX_POINT('',#1127);
#1127 = CARTESIAN_POINT('',(-0.32,-22.54,0.));
#1128 = LINE('',#1129,#1130);
#1129 = CARTESIAN_POINT('',(0.475,-22.54,0.));
#1130 = VECTOR('',#1131,1.);
#1131 = DIRECTION('',(-1.,0.,0.));
#1132 = ORIENTED_EDGE('',*,*,#1133,.F.);
#1133 = EDGE_CURVE('',#1134,#1124,#1136,.T.);
#1134 = VERTEX_POINT('',#1135);
#1135 = CARTESIAN_POINT('',(0.32,-23.18,0.));
#1136 = LINE('',#1137,#1138);
#1137 = CARTESIAN_POINT('',(0.32,-19.21,0.));
#1138 = VECTOR('',#1139,1.);
#1139 = DIRECTION('',(0.,1.,0.));
#1140 = ORIENTED_EDGE('',*,*,#1141,.T.);
#1141 = EDGE_CURVE('',#1134,#1142,#1144,.T.);
#1142 = VERTEX_POINT('',#1143);
#1143 = CARTESIAN_POINT('',(-0.32,-23.18,0.));
#1144 = LINE('',#1145,#1146);
#1145 = CARTESIAN_POINT('',(0.475,-23.18,0.));
#1146 = VECTOR('',#1147,1.);
#1147 = DIRECTION('',(-1.,0.,0.));
#1148 = ORIENTED_EDGE('',*,*,#1149,.T.);
#1149 = EDGE_CURVE('',#1142,#1126,#1150,.T.);
#1150 = LINE('',#1151,#1152);
#1151 = CARTESIAN_POINT('',(-0.32,-19.21,0.));
#1152 = VECTOR('',#1153,1.);
#1153 = DIRECTION('',(0.,1.,0.));
#1154 = FACE_BOUND('',#1155,.F.);
#1155 = EDGE_LOOP('',(#1156,#1166,#1174,#1182));
#1156 = ORIENTED_EDGE('',*,*,#1157,.T.);
#1157 = EDGE_CURVE('',#1158,#1160,#1162,.T.);
#1158 = VERTEX_POINT('',#1159);
#1159 = CARTESIAN_POINT('',(2.86,-20.64,0.));
#1160 = VERTEX_POINT('',#1161);
#1161 = CARTESIAN_POINT('',(2.22,-20.64,0.));
#1162 = LINE('',#1163,#1164);
#1163 = CARTESIAN_POINT('',(1.745,-20.64,0.));
#1164 = VECTOR('',#1165,1.);
#1165 = DIRECTION('',(-1.,0.,0.));
#1166 = ORIENTED_EDGE('',*,*,#1167,.T.);
#1167 = EDGE_CURVE('',#1160,#1168,#1170,.T.);
#1168 = VERTEX_POINT('',#1169);
#1169 = CARTESIAN_POINT('',(2.22,-20.,0.));
#1170 = LINE('',#1171,#1172);
#1171 = CARTESIAN_POINT('',(2.22,-17.94,0.));
#1172 = VECTOR('',#1173,1.);
#1173 = DIRECTION('',(0.,1.,0.));
#1174 = ORIENTED_EDGE('',*,*,#1175,.F.);
#1175 = EDGE_CURVE('',#1176,#1168,#1178,.T.);
#1176 = VERTEX_POINT('',#1177);
#1177 = CARTESIAN_POINT('',(2.86,-20.,0.));
#1178 = LINE('',#1179,#1180);
#1179 = CARTESIAN_POINT('',(1.745,-20.,0.));
#1180 = VECTOR('',#1181,1.);
#1181 = DIRECTION('',(-1.,0.,0.));
#1182 = ORIENTED_EDGE('',*,*,#1183,.F.);
#1183 = EDGE_CURVE('',#1158,#1176,#1184,.T.);
#1184 = LINE('',#1185,#1186);
#1185 = CARTESIAN_POINT('',(2.86,-17.94,0.));
#1186 = VECTOR('',#1187,1.);
#1187 = DIRECTION('',(0.,1.,0.));
#1188 = FACE_BOUND('',#1189,.F.);
#1189 = EDGE_LOOP('',(#1190,#1200,#1208,#1216));
#1190 = ORIENTED_EDGE('',*,*,#1191,.T.);
#1191 = EDGE_CURVE('',#1192,#1194,#1196,.T.);
#1192 = VERTEX_POINT('',#1193);
#1193 = CARTESIAN_POINT('',(2.86,-30.8,0.));
#1194 = VERTEX_POINT('',#1195);
#1195 = CARTESIAN_POINT('',(2.22,-30.8,0.));
#1196 = LINE('',#1197,#1198);
#1197 = CARTESIAN_POINT('',(1.745,-30.8,0.));
#1198 = VECTOR('',#1199,1.);
#1199 = DIRECTION('',(-1.,0.,0.));
#1200 = ORIENTED_EDGE('',*,*,#1201,.T.);
#1201 = EDGE_CURVE('',#1194,#1202,#1204,.T.);
#1202 = VERTEX_POINT('',#1203);
#1203 = CARTESIAN_POINT('',(2.22,-30.16,0.));
#1204 = LINE('',#1205,#1206);
#1205 = CARTESIAN_POINT('',(2.22,-23.02,0.));
#1206 = VECTOR('',#1207,1.);
#1207 = DIRECTION('',(0.,1.,0.));
#1208 = ORIENTED_EDGE('',*,*,#1209,.F.);
#1209 = EDGE_CURVE('',#1210,#1202,#1212,.T.);
#1210 = VERTEX_POINT('',#1211);
#1211 = CARTESIAN_POINT('',(2.86,-30.16,0.));
#1212 = LINE('',#1213,#1214);
#1213 = CARTESIAN_POINT('',(1.745,-30.16,0.));
#1214 = VECTOR('',#1215,1.);
#1215 = DIRECTION('',(-1.,0.,0.));
#1216 = ORIENTED_EDGE('',*,*,#1217,.F.);
#1217 = EDGE_CURVE('',#1192,#1210,#1218,.T.);
#1218 = LINE('',#1219,#1220);
#1219 = CARTESIAN_POINT('',(2.86,-23.02,0.));
#1220 = VECTOR('',#1221,1.);
#1221 = DIRECTION('',(0.,1.,0.));
#1222 = FACE_BOUND('',#1223,.F.);
#1223 = EDGE_LOOP('',(#1224,#1234,#1242,#1250));
#1224 = ORIENTED_EDGE('',*,*,#1225,.F.);
#1225 = EDGE_CURVE('',#1226,#1228,#1230,.T.);
#1226 = VERTEX_POINT('',#1227);
#1227 = CARTESIAN_POINT('',(0.32,-30.16,0.));
#1228 = VERTEX_POINT('',#1229);
#1229 = CARTESIAN_POINT('',(-0.32,-30.16,0.));
#1230 = LINE('',#1231,#1232);
#1231 = CARTESIAN_POINT('',(0.475,-30.16,0.));
#1232 = VECTOR('',#1233,1.);
#1233 = DIRECTION('',(-1.,0.,0.));
#1234 = ORIENTED_EDGE('',*,*,#1235,.F.);
#1235 = EDGE_CURVE('',#1236,#1226,#1238,.T.);
#1236 = VERTEX_POINT('',#1237);
#1237 = CARTESIAN_POINT('',(0.32,-30.8,0.));
#1238 = LINE('',#1239,#1240);
#1239 = CARTESIAN_POINT('',(0.32,-23.02,0.));
#1240 = VECTOR('',#1241,1.);
#1241 = DIRECTION('',(0.,1.,0.));
#1242 = ORIENTED_EDGE('',*,*,#1243,.T.);
#1243 = EDGE_CURVE('',#1236,#1244,#1246,.T.);
#1244 = VERTEX_POINT('',#1245);
#1245 = CARTESIAN_POINT('',(-0.32,-30.8,0.));
#1246 = LINE('',#1247,#1248);
#1247 = CARTESIAN_POINT('',(0.475,-30.8,0.));
#1248 = VECTOR('',#1249,1.);
#1249 = DIRECTION('',(-1.,0.,0.));
#1250 = ORIENTED_EDGE('',*,*,#1251,.T.);
#1251 = EDGE_CURVE('',#1244,#1228,#1252,.T.);
#1252 = LINE('',#1253,#1254);
#1253 = CARTESIAN_POINT('',(-0.32,-23.02,0.));
#1254 = VECTOR('',#1255,1.);
#1255 = DIRECTION('',(0.,1.,0.));
#1256 = FACE_BOUND('',#1257,.F.);
#1257 = EDGE_LOOP('',(#1258,#1268,#1276,#1284));
#1258 = ORIENTED_EDGE('',*,*,#1259,.F.);
#1259 = EDGE_CURVE('',#1260,#1262,#1264,.T.);
#1260 = VERTEX_POINT('',#1261);
#1261 = CARTESIAN_POINT('',(2.86,-28.26,0.));
#1262 = VERTEX_POINT('',#1263);
#1263 = CARTESIAN_POINT('',(2.86,-27.62,0.));
#1264 = LINE('',#1265,#1266);
#1265 = CARTESIAN_POINT('',(2.86,-21.75,0.));
#1266 = VECTOR('',#1267,1.);
#1267 = DIRECTION('',(0.,1.,0.));
#1268 = ORIENTED_EDGE('',*,*,#1269,.T.);
#1269 = EDGE_CURVE('',#1260,#1270,#1272,.T.);
#1270 = VERTEX_POINT('',#1271);
#1271 = CARTESIAN_POINT('',(2.22,-28.26,0.));
#1272 = LINE('',#1273,#1274);
#1273 = CARTESIAN_POINT('',(1.745,-28.26,0.));
#1274 = VECTOR('',#1275,1.);
#1275 = DIRECTION('',(-1.,0.,0.));
#1276 = ORIENTED_EDGE('',*,*,#1277,.T.);
#1277 = EDGE_CURVE('',#1270,#1278,#1280,.T.);
#1278 = VERTEX_POINT('',#1279);
#1279 = CARTESIAN_POINT('',(2.22,-27.62,0.));
#1280 = LINE('',#1281,#1282);
#1281 = CARTESIAN_POINT('',(2.22,-21.75,0.));
#1282 = VECTOR('',#1283,1.);
#1283 = DIRECTION('',(0.,1.,0.));
#1284 = ORIENTED_EDGE('',*,*,#1285,.F.);
#1285 = EDGE_CURVE('',#1262,#1278,#1286,.T.);
#1286 = LINE('',#1287,#1288);
#1287 = CARTESIAN_POINT('',(1.745,-27.62,0.));
#1288 = VECTOR('',#1289,1.);
#1289 = DIRECTION('',(-1.,0.,0.));
#1290 = FACE_BOUND('',#1291,.F.);
#1291 = EDGE_LOOP('',(#1292,#1302,#1310,#1318));
#1292 = ORIENTED_EDGE('',*,*,#1293,.F.);
#1293 = EDGE_CURVE('',#1294,#1296,#1298,.T.);
#1294 = VERTEX_POINT('',#1295);
#1295 = CARTESIAN_POINT('',(0.32,-28.26,0.));
#1296 = VERTEX_POINT('',#1297);
#1297 = CARTESIAN_POINT('',(0.32,-27.62,0.));
#1298 = LINE('',#1299,#1300);
#1299 = CARTESIAN_POINT('',(0.32,-21.75,0.));
#1300 = VECTOR('',#1301,1.);
#1301 = DIRECTION('',(0.,1.,0.));
#1302 = ORIENTED_EDGE('',*,*,#1303,.T.);
#1303 = EDGE_CURVE('',#1294,#1304,#1306,.T.);
#1304 = VERTEX_POINT('',#1305);
#1305 = CARTESIAN_POINT('',(-0.32,-28.26,0.));
#1306 = LINE('',#1307,#1308);
#1307 = CARTESIAN_POINT('',(0.475,-28.26,0.));
#1308 = VECTOR('',#1309,1.);
#1309 = DIRECTION('',(-1.,0.,0.));
#1310 = ORIENTED_EDGE('',*,*,#1311,.T.);
#1311 = EDGE_CURVE('',#1304,#1312,#1314,.T.);
#1312 = VERTEX_POINT('',#1313);
#1313 = CARTESIAN_POINT('',(-0.32,-27.62,0.));
#1314 = LINE('',#1315,#1316);
#1315 = CARTESIAN_POINT('',(-0.32,-21.75,0.));
#1316 = VECTOR('',#1317,1.);
#1317 = DIRECTION('',(0.,1.,0.));
#1318 = ORIENTED_EDGE('',*,*,#1319,.F.);
#1319 = EDGE_CURVE('',#1296,#1312,#1320,.T.);
#1320 = LINE('',#1321,#1322);
#1321 = CARTESIAN_POINT('',(0.475,-27.62,0.));
#1322 = VECTOR('',#1323,1.);
#1323 = DIRECTION('',(-1.,0.,0.));
#1324 = FACE_BOUND('',#1325,.F.);
#1325 = EDGE_LOOP('',(#1326,#1336,#1344,#1352));
#1326 = ORIENTED_EDGE('',*,*,#1327,.F.);
#1327 = EDGE_CURVE('',#1328,#1330,#1332,.T.);
#1328 = VERTEX_POINT('',#1329);
#1329 = CARTESIAN_POINT('',(2.86,-10.48,0.));
#1330 = VERTEX_POINT('',#1331);
#1331 = CARTESIAN_POINT('',(2.86,-9.84,0.));
#1332 = LINE('',#1333,#1334);
#1333 = CARTESIAN_POINT('',(2.86,-12.86,0.));
#1334 = VECTOR('',#1335,1.);
#1335 = DIRECTION('',(0.,1.,0.));
#1336 = ORIENTED_EDGE('',*,*,#1337,.T.);
#1337 = EDGE_CURVE('',#1328,#1338,#1340,.T.);
#1338 = VERTEX_POINT('',#1339);
#1339 = CARTESIAN_POINT('',(2.22,-10.48,0.));
#1340 = LINE('',#1341,#1342);
#1341 = CARTESIAN_POINT('',(1.745,-10.48,0.));
#1342 = VECTOR('',#1343,1.);
#1343 = DIRECTION('',(-1.,0.,0.));
#1344 = ORIENTED_EDGE('',*,*,#1345,.T.);
#1345 = EDGE_CURVE('',#1338,#1346,#1348,.T.);
#1346 = VERTEX_POINT('',#1347);
#1347 = CARTESIAN_POINT('',(2.22,-9.84,0.));
#1348 = LINE('',#1349,#1350);
#1349 = CARTESIAN_POINT('',(2.22,-12.86,0.));
#1350 = VECTOR('',#1351,1.);
#1351 = DIRECTION('',(0.,1.,0.));
#1352 = ORIENTED_EDGE('',*,*,#1353,.F.);
#1353 = EDGE_CURVE('',#1330,#1346,#1354,.T.);
#1354 = LINE('',#1355,#1356);
#1355 = CARTESIAN_POINT('',(1.745,-9.84,0.));
#1356 = VECTOR('',#1357,1.);
#1357 = DIRECTION('',(-1.,0.,0.));
#1358 = FACE_BOUND('',#1359,.F.);
#1359 = EDGE_LOOP('',(#1360,#1370,#1378,#1386));
#1360 = ORIENTED_EDGE('',*,*,#1361,.F.);
#1361 = EDGE_CURVE('',#1362,#1364,#1366,.T.);
#1362 = VERTEX_POINT('',#1363);
#1363 = CARTESIAN_POINT('',(0.32,-10.48,0.));
#1364 = VERTEX_POINT('',#1365);
#1365 = CARTESIAN_POINT('',(0.32,-9.84,0.));
#1366 = LINE('',#1367,#1368);
#1367 = CARTESIAN_POINT('',(0.32,-12.86,0.));
#1368 = VECTOR('',#1369,1.);
#1369 = DIRECTION('',(0.,1.,0.));
#1370 = ORIENTED_EDGE('',*,*,#1371,.T.);
#1371 = EDGE_CURVE('',#1362,#1372,#1374,.T.);
#1372 = VERTEX_POINT('',#1373);
#1373 = CARTESIAN_POINT('',(-0.32,-10.48,0.));
#1374 = LINE('',#1375,#1376);
#1375 = CARTESIAN_POINT('',(0.475,-10.48,0.));
#1376 = VECTOR('',#1377,1.);
#1377 = DIRECTION('',(-1.,0.,0.));
#1378 = ORIENTED_EDGE('',*,*,#1379,.T.);
#1379 = EDGE_CURVE('',#1372,#1380,#1382,.T.);
#1380 = VERTEX_POINT('',#1381);
#1381 = CARTESIAN_POINT('',(-0.32,-9.84,0.));
#1382 = LINE('',#1383,#1384);
#1383 = CARTESIAN_POINT('',(-0.32,-12.86,0.));
#1384 = VECTOR('',#1385,1.);
#1385 = DIRECTION('',(0.,1.,0.));
#1386 = ORIENTED_EDGE('',*,*,#1387,.F.);
#1387 = EDGE_CURVE('',#1364,#1380,#1388,.T.);
#1388 = LINE('',#1389,#1390);
#1389 = CARTESIAN_POINT('',(0.475,-9.84,0.));
#1390 = VECTOR('',#1391,1.);
#1391 = DIRECTION('',(-1.,0.,0.));
#1392 = FACE_BOUND('',#1393,.F.);
#1393 = EDGE_LOOP('',(#1394,#1404,#1412,#1420));
#1394 = ORIENTED_EDGE('',*,*,#1395,.F.);
#1395 = EDGE_CURVE('',#1396,#1398,#1400,.T.);
#1396 = VERTEX_POINT('',#1397);
#1397 = CARTESIAN_POINT('',(2.86,-2.86,0.));
#1398 = VERTEX_POINT('',#1399);
#1399 = CARTESIAN_POINT('',(2.86,-2.22,0.));
#1400 = LINE('',#1401,#1402);
#1401 = CARTESIAN_POINT('',(2.86,-9.05,0.));
#1402 = VECTOR('',#1403,1.);
#1403 = DIRECTION('',(0.,1.,0.));
#1404 = ORIENTED_EDGE('',*,*,#1405,.T.);
#1405 = EDGE_CURVE('',#1396,#1406,#1408,.T.);
#1406 = VERTEX_POINT('',#1407);
#1407 = CARTESIAN_POINT('',(2.22,-2.86,0.));
#1408 = LINE('',#1409,#1410);
#1409 = CARTESIAN_POINT('',(1.745,-2.86,0.));
#1410 = VECTOR('',#1411,1.);
#1411 = DIRECTION('',(-1.,0.,0.));
#1412 = ORIENTED_EDGE('',*,*,#1413,.T.);
#1413 = EDGE_CURVE('',#1406,#1414,#1416,.T.);
#1414 = VERTEX_POINT('',#1415);
#1415 = CARTESIAN_POINT('',(2.22,-2.22,0.));
#1416 = LINE('',#1417,#1418);
#1417 = CARTESIAN_POINT('',(2.22,-9.05,0.));
#1418 = VECTOR('',#1419,1.);
#1419 = DIRECTION('',(0.,1.,0.));
#1420 = ORIENTED_EDGE('',*,*,#1421,.F.);
#1421 = EDGE_CURVE('',#1398,#1414,#1422,.T.);
#1422 = LINE('',#1423,#1424);
#1423 = CARTESIAN_POINT('',(1.745,-2.22,0.));
#1424 = VECTOR('',#1425,1.);
#1425 = DIRECTION('',(-1.,0.,0.));
#1426 = FACE_BOUND('',#1427,.F.);
#1427 = EDGE_LOOP('',(#1428,#1438,#1446,#1454));
#1428 = ORIENTED_EDGE('',*,*,#1429,.T.);
#1429 = EDGE_CURVE('',#1430,#1432,#1434,.T.);
#1430 = VERTEX_POINT('',#1431);
#1431 = CARTESIAN_POINT('',(0.32,-2.86,0.));
#1432 = VERTEX_POINT('',#1433);
#1433 = CARTESIAN_POINT('',(-0.32,-2.86,0.));
#1434 = LINE('',#1435,#1436);
#1435 = CARTESIAN_POINT('',(0.475,-2.86,0.));
#1436 = VECTOR('',#1437,1.);
#1437 = DIRECTION('',(-1.,0.,0.));
#1438 = ORIENTED_EDGE('',*,*,#1439,.T.);
#1439 = EDGE_CURVE('',#1432,#1440,#1442,.T.);
#1440 = VERTEX_POINT('',#1441);
#1441 = CARTESIAN_POINT('',(-0.32,-2.22,0.));
#1442 = LINE('',#1443,#1444);
#1443 = CARTESIAN_POINT('',(-0.32,-9.05,0.));
#1444 = VECTOR('',#1445,1.);
#1445 = DIRECTION('',(0.,1.,0.));
#1446 = ORIENTED_EDGE('',*,*,#1447,.F.);
#1447 = EDGE_CURVE('',#1448,#1440,#1450,.T.);
#1448 = VERTEX_POINT('',#1449);
#1449 = CARTESIAN_POINT('',(0.32,-2.22,0.));
#1450 = LINE('',#1451,#1452);
#1451 = CARTESIAN_POINT('',(0.475,-2.22,0.));
#1452 = VECTOR('',#1453,1.);
#1453 = DIRECTION('',(-1.,0.,0.));
#1454 = ORIENTED_EDGE('',*,*,#1455,.F.);
#1455 = EDGE_CURVE('',#1430,#1448,#1456,.T.);
#1456 = LINE('',#1457,#1458);
#1457 = CARTESIAN_POINT('',(0.32,-9.05,0.));
#1458 = VECTOR('',#1459,1.);
#1459 = DIRECTION('',(0.,1.,0.));
#1460 = FACE_BOUND('',#1461,.F.);
#1461 = EDGE_LOOP('',(#1462,#1472,#1480,#1488));
#1462 = ORIENTED_EDGE('',*,*,#1463,.F.);
#1463 = EDGE_CURVE('',#1464,#1466,#1468,.T.);
#1464 = VERTEX_POINT('',#1465);
#1465 = CARTESIAN_POINT('',(0.32,-5.4,0.));
#1466 = VERTEX_POINT('',#1467);
#1467 = CARTESIAN_POINT('',(0.32,-4.76,0.));
#1468 = LINE('',#1469,#1470);
#1469 = CARTESIAN_POINT('',(0.32,-10.32,0.));
#1470 = VECTOR('',#1471,1.);
#1471 = DIRECTION('',(0.,1.,0.));
#1472 = ORIENTED_EDGE('',*,*,#1473,.T.);
#1473 = EDGE_CURVE('',#1464,#1474,#1476,.T.);
#1474 = VERTEX_POINT('',#1475);
#1475 = CARTESIAN_POINT('',(-0.32,-5.4,0.));
#1476 = LINE('',#1477,#1478);
#1477 = CARTESIAN_POINT('',(0.475,-5.4,0.));
#1478 = VECTOR('',#1479,1.);
#1479 = DIRECTION('',(-1.,0.,0.));
#1480 = ORIENTED_EDGE('',*,*,#1481,.T.);
#1481 = EDGE_CURVE('',#1474,#1482,#1484,.T.);
#1482 = VERTEX_POINT('',#1483);
#1483 = CARTESIAN_POINT('',(-0.32,-4.76,0.));
#1484 = LINE('',#1485,#1486);
#1485 = CARTESIAN_POINT('',(-0.32,-10.32,0.));
#1486 = VECTOR('',#1487,1.);
#1487 = DIRECTION('',(0.,1.,0.));
#1488 = ORIENTED_EDGE('',*,*,#1489,.F.);
#1489 = EDGE_CURVE('',#1466,#1482,#1490,.T.);
#1490 = LINE('',#1491,#1492);
#1491 = CARTESIAN_POINT('',(0.475,-4.76,0.));
#1492 = VECTOR('',#1493,1.);
#1493 = DIRECTION('',(-1.,0.,0.));
#1494 = FACE_BOUND('',#1495,.F.);
#1495 = EDGE_LOOP('',(#1496,#1506,#1514,#1522));
#1496 = ORIENTED_EDGE('',*,*,#1497,.T.);
#1497 = EDGE_CURVE('',#1498,#1500,#1502,.T.);
#1498 = VERTEX_POINT('',#1499);
#1499 = CARTESIAN_POINT('',(2.86,-5.4,0.));
#1500 = VERTEX_POINT('',#1501);
#1501 = CARTESIAN_POINT('',(2.22,-5.4,0.));
#1502 = LINE('',#1503,#1504);
#1503 = CARTESIAN_POINT('',(1.745,-5.4,0.));
#1504 = VECTOR('',#1505,1.);
#1505 = DIRECTION('',(-1.,0.,0.));
#1506 = ORIENTED_EDGE('',*,*,#1507,.T.);
#1507 = EDGE_CURVE('',#1500,#1508,#1510,.T.);
#1508 = VERTEX_POINT('',#1509);
#1509 = CARTESIAN_POINT('',(2.22,-4.76,0.));
#1510 = LINE('',#1511,#1512);
#1511 = CARTESIAN_POINT('',(2.22,-10.32,0.));
#1512 = VECTOR('',#1513,1.);
#1513 = DIRECTION('',(0.,1.,0.));
#1514 = ORIENTED_EDGE('',*,*,#1515,.F.);
#1515 = EDGE_CURVE('',#1516,#1508,#1518,.T.);
#1516 = VERTEX_POINT('',#1517);
#1517 = CARTESIAN_POINT('',(2.86,-4.76,0.));
#1518 = LINE('',#1519,#1520);
#1519 = CARTESIAN_POINT('',(1.745,-4.76,0.));
#1520 = VECTOR('',#1521,1.);
#1521 = DIRECTION('',(-1.,0.,0.));
#1522 = ORIENTED_EDGE('',*,*,#1523,.F.);
#1523 = EDGE_CURVE('',#1498,#1516,#1524,.T.);
#1524 = LINE('',#1525,#1526);
#1525 = CARTESIAN_POINT('',(2.86,-10.32,0.));
#1526 = VECTOR('',#1527,1.);
#1527 = DIRECTION('',(0.,1.,0.));
#1528 = FACE_BOUND('',#1529,.F.);
#1529 = EDGE_LOOP('',(#1530,#1540,#1548,#1556));
#1530 = ORIENTED_EDGE('',*,*,#1531,.F.);
#1531 = EDGE_CURVE('',#1532,#1534,#1536,.T.);
#1532 = VERTEX_POINT('',#1533);
#1533 = CARTESIAN_POINT('',(0.32,-7.94,0.));
#1534 = VERTEX_POINT('',#1535);
#1535 = CARTESIAN_POINT('',(0.32,-7.3,0.));
#1536 = LINE('',#1537,#1538);
#1537 = CARTESIAN_POINT('',(0.32,-11.59,0.));
#1538 = VECTOR('',#1539,1.);
#1539 = DIRECTION('',(0.,1.,0.));
#1540 = ORIENTED_EDGE('',*,*,#1541,.T.);
#1541 = EDGE_CURVE('',#1532,#1542,#1544,.T.);
#1542 = VERTEX_POINT('',#1543);
#1543 = CARTESIAN_POINT('',(-0.32,-7.94,0.));
#1544 = LINE('',#1545,#1546);
#1545 = CARTESIAN_POINT('',(0.475,-7.94,0.));
#1546 = VECTOR('',#1547,1.);
#1547 = DIRECTION('',(-1.,0.,0.));
#1548 = ORIENTED_EDGE('',*,*,#1549,.T.);
#1549 = EDGE_CURVE('',#1542,#1550,#1552,.T.);
#1550 = VERTEX_POINT('',#1551);
#1551 = CARTESIAN_POINT('',(-0.32,-7.3,0.));
#1552 = LINE('',#1553,#1554);
#1553 = CARTESIAN_POINT('',(-0.32,-11.59,0.));
#1554 = VECTOR('',#1555,1.);
#1555 = DIRECTION('',(0.,1.,0.));
#1556 = ORIENTED_EDGE('',*,*,#1557,.F.);
#1557 = EDGE_CURVE('',#1534,#1550,#1558,.T.);
#1558 = LINE('',#1559,#1560);
#1559 = CARTESIAN_POINT('',(0.475,-7.3,0.));
#1560 = VECTOR('',#1561,1.);
#1561 = DIRECTION('',(-1.,0.,0.));
#1562 = FACE_BOUND('',#1563,.F.);
#1563 = EDGE_LOOP('',(#1564,#1574,#1582,#1590));
#1564 = ORIENTED_EDGE('',*,*,#1565,.F.);
#1565 = EDGE_CURVE('',#1566,#1568,#1570,.T.);
#1566 = VERTEX_POINT('',#1567);
#1567 = CARTESIAN_POINT('',(2.86,-7.94,0.));
#1568 = VERTEX_POINT('',#1569);
#1569 = CARTESIAN_POINT('',(2.86,-7.3,0.));
#1570 = LINE('',#1571,#1572);
#1571 = CARTESIAN_POINT('',(2.86,-11.59,0.));
#1572 = VECTOR('',#1573,1.);
#1573 = DIRECTION('',(0.,1.,0.));
#1574 = ORIENTED_EDGE('',*,*,#1575,.T.);
#1575 = EDGE_CURVE('',#1566,#1576,#1578,.T.);
#1576 = VERTEX_POINT('',#1577);
#1577 = CARTESIAN_POINT('',(2.22,-7.94,0.));
#1578 = LINE('',#1579,#1580);
#1579 = CARTESIAN_POINT('',(1.745,-7.94,0.));
#1580 = VECTOR('',#1581,1.);
#1581 = DIRECTION('',(-1.,0.,0.));
#1582 = ORIENTED_EDGE('',*,*,#1583,.T.);
#1583 = EDGE_CURVE('',#1576,#1584,#1586,.T.);
#1584 = VERTEX_POINT('',#1585);
#1585 = CARTESIAN_POINT('',(2.22,-7.3,0.));
#1586 = LINE('',#1587,#1588);
#1587 = CARTESIAN_POINT('',(2.22,-11.59,0.));
#1588 = VECTOR('',#1589,1.);
#1589 = DIRECTION('',(0.,1.,0.));
#1590 = ORIENTED_EDGE('',*,*,#1591,.F.);
#1591 = EDGE_CURVE('',#1568,#1584,#1592,.T.);
#1592 = LINE('',#1593,#1594);
#1593 = CARTESIAN_POINT('',(1.745,-7.3,0.));
#1594 = VECTOR('',#1595,1.);
#1595 = DIRECTION('',(-1.,0.,0.));
#1596 = FACE_BOUND('',#1597,.F.);
#1597 = EDGE_LOOP('',(#1598,#1608,#1616,#1624));
#1598 = ORIENTED_EDGE('',*,*,#1599,.F.);
#1599 = EDGE_CURVE('',#1600,#1602,#1604,.T.);
#1600 = VERTEX_POINT('',#1601);
#1601 = CARTESIAN_POINT('',(0.32,0.32,0.));
#1602 = VERTEX_POINT('',#1603);
#1603 = CARTESIAN_POINT('',(-0.32,0.32,0.));
#1604 = LINE('',#1605,#1606);
#1605 = CARTESIAN_POINT('',(0.475,0.32,0.));
#1606 = VECTOR('',#1607,1.);
#1607 = DIRECTION('',(-1.,0.,0.));
#1608 = ORIENTED_EDGE('',*,*,#1609,.F.);
#1609 = EDGE_CURVE('',#1610,#1600,#1612,.T.);
#1610 = VERTEX_POINT('',#1611);
#1611 = CARTESIAN_POINT('',(0.32,-0.32,0.));
#1612 = LINE('',#1613,#1614);
#1613 = CARTESIAN_POINT('',(0.32,-7.78,0.));
#1614 = VECTOR('',#1615,1.);
#1615 = DIRECTION('',(0.,1.,0.));
#1616 = ORIENTED_EDGE('',*,*,#1617,.T.);
#1617 = EDGE_CURVE('',#1610,#1618,#1620,.T.);
#1618 = VERTEX_POINT('',#1619);
#1619 = CARTESIAN_POINT('',(-0.32,-0.32,0.));
#1620 = LINE('',#1621,#1622);
#1621 = CARTESIAN_POINT('',(0.475,-0.32,0.));
#1622 = VECTOR('',#1623,1.);
#1623 = DIRECTION('',(-1.,0.,0.));
#1624 = ORIENTED_EDGE('',*,*,#1625,.T.);
#1625 = EDGE_CURVE('',#1618,#1602,#1626,.T.);
#1626 = LINE('',#1627,#1628);
#1627 = CARTESIAN_POINT('',(-0.32,-7.78,0.));
#1628 = VECTOR('',#1629,1.);
#1629 = DIRECTION('',(0.,1.,0.));
#1630 = FACE_BOUND('',#1631,.F.);
#1631 = EDGE_LOOP('',(#1632,#1642,#1650,#1658));
#1632 = ORIENTED_EDGE('',*,*,#1633,.F.);
#1633 = EDGE_CURVE('',#1634,#1636,#1638,.T.);
#1634 = VERTEX_POINT('',#1635);
#1635 = CARTESIAN_POINT('',(2.86,-0.32,0.));
#1636 = VERTEX_POINT('',#1637);
#1637 = CARTESIAN_POINT('',(2.86,0.32,0.));
#1638 = LINE('',#1639,#1640);
#1639 = CARTESIAN_POINT('',(2.86,-7.78,0.));
#1640 = VECTOR('',#1641,1.);
#1641 = DIRECTION('',(0.,1.,0.));
#1642 = ORIENTED_EDGE('',*,*,#1643,.T.);
#1643 = EDGE_CURVE('',#1634,#1644,#1646,.T.);
#1644 = VERTEX_POINT('',#1645);
#1645 = CARTESIAN_POINT('',(2.22,-0.32,0.));
#1646 = LINE('',#1647,#1648);
#1647 = CARTESIAN_POINT('',(1.745,-0.32,0.));
#1648 = VECTOR('',#1649,1.);
#1649 = DIRECTION('',(-1.,0.,0.));
#1650 = ORIENTED_EDGE('',*,*,#1651,.T.);
#1651 = EDGE_CURVE('',#1644,#1652,#1654,.T.);
#1652 = VERTEX_POINT('',#1653);
#1653 = CARTESIAN_POINT('',(2.22,0.32,0.));
#1654 = LINE('',#1655,#1656);
#1655 = CARTESIAN_POINT('',(2.22,-7.78,0.));
#1656 = VECTOR('',#1657,1.);
#1657 = DIRECTION('',(0.,1.,0.));
#1658 = ORIENTED_EDGE('',*,*,#1659,.F.);
#1659 = EDGE_CURVE('',#1636,#1652,#1660,.T.);
#1660 = LINE('',#1661,#1662);
#1661 = CARTESIAN_POINT('',(1.745,0.32,0.));
#1662 = VECTOR('',#1663,1.);
#1663 = DIRECTION('',(-1.,0.,0.));
#1664 = PLANE('',#1665);
#1665 = AXIS2_PLACEMENT_3D('',#1666,#1667,#1668);
#1666 = CARTESIAN_POINT('',(1.27,-15.24,0.));
#1667 = DIRECTION('',(0.,0.,1.));
#1668 = DIRECTION('',(1.,0.,-0.));
#1669 = ADVANCED_FACE('',(#1670,#2289,#2323,#2357,#2391,#2425,#2459,
    #2493,#2527,#2561,#2595,#2629,#2663,#2697,#2731,#2765,#2799,#2833,
    #2867,#2901,#2935,#2969,#3003,#3037,#3071,#3105,#3139),#3173,.T.);
#1670 = FACE_BOUND('',#1671,.T.);
#1671 = EDGE_LOOP('',(#1672,#1673,#1674,#1682,#1690,#1698,#1706,#1714,
    #1722,#1730,#1738,#1746,#1754,#1762,#1770,#1778,#1786,#1794,#1802,
    #1810,#1818,#1826,#1834,#1842,#1850,#1858,#1866,#1874,#1882,#1890,
    #1898,#1906,#1914,#1922,#1930,#1938,#1946,#1954,#1962,#1970,#1978,
    #1986,#1994,#2002,#2010,#2018,#2026,#2034,#2042,#2050,#2058,#2066,
    #2074,#2082,#2090,#2098,#2106,#2114,#2122,#2130,#2138,#2146,#2154,
    #2162,#2170,#2178,#2186,#2194,#2202,#2210,#2218,#2226,#2234,#2242,
    #2250,#2258,#2266,#2274,#2282,#2288));
#1672 = ORIENTED_EDGE('',*,*,#72,.T.);
#1673 = ORIENTED_EDGE('',*,*,#134,.T.);
#1674 = ORIENTED_EDGE('',*,*,#1675,.T.);
#1675 = EDGE_CURVE('',#135,#1676,#1678,.T.);
#1676 = VERTEX_POINT('',#1677);
#1677 = CARTESIAN_POINT('',(-1.016,-1.27,2.54));
#1678 = LINE('',#1679,#1680);
#1679 = CARTESIAN_POINT('',(-1.27,-1.016,2.54));
#1680 = VECTOR('',#1681,1.);
#1681 = DIRECTION('',(0.707106781187,-0.707106781187,0.));
#1682 = ORIENTED_EDGE('',*,*,#1683,.T.);
#1683 = EDGE_CURVE('',#1676,#1684,#1686,.T.);
#1684 = VERTEX_POINT('',#1685);
#1685 = CARTESIAN_POINT('',(-1.27,-1.524,2.54));
#1686 = LINE('',#1687,#1688);
#1687 = CARTESIAN_POINT('',(-1.016,-1.27,2.54));
#1688 = VECTOR('',#1689,1.);
#1689 = DIRECTION('',(-0.707106781187,-0.707106781187,0.));
#1690 = ORIENTED_EDGE('',*,*,#1691,.T.);
#1691 = EDGE_CURVE('',#1684,#1692,#1694,.T.);
#1692 = VERTEX_POINT('',#1693);
#1693 = CARTESIAN_POINT('',(-1.27,-3.556,2.54));
#1694 = LINE('',#1695,#1696);
#1695 = CARTESIAN_POINT('',(-1.27,-1.524,2.54));
#1696 = VECTOR('',#1697,1.);
#1697 = DIRECTION('',(0.,-1.,0.));
#1698 = ORIENTED_EDGE('',*,*,#1699,.T.);
#1699 = EDGE_CURVE('',#1692,#1700,#1702,.T.);
#1700 = VERTEX_POINT('',#1701);
#1701 = CARTESIAN_POINT('',(-1.016,-3.81,2.54));
#1702 = LINE('',#1703,#1704);
#1703 = CARTESIAN_POINT('',(-1.27,-3.556,2.54));
#1704 = VECTOR('',#1705,1.);
#1705 = DIRECTION('',(0.707106781187,-0.707106781187,0.));
#1706 = ORIENTED_EDGE('',*,*,#1707,.T.);
#1707 = EDGE_CURVE('',#1700,#1708,#1710,.T.);
#1708 = VERTEX_POINT('',#1709);
#1709 = CARTESIAN_POINT('',(-1.27,-4.064,2.54));
#1710 = LINE('',#1711,#1712);
#1711 = CARTESIAN_POINT('',(-1.016,-3.81,2.54));
#1712 = VECTOR('',#1713,1.);
#1713 = DIRECTION('',(-0.707106781187,-0.707106781187,0.));
#1714 = ORIENTED_EDGE('',*,*,#1715,.T.);
#1715 = EDGE_CURVE('',#1708,#1716,#1718,.T.);
#1716 = VERTEX_POINT('',#1717);
#1717 = CARTESIAN_POINT('',(-1.27,-6.096,2.54));
#1718 = LINE('',#1719,#1720);
#1719 = CARTESIAN_POINT('',(-1.27,-4.064,2.54));
#1720 = VECTOR('',#1721,1.);
#1721 = DIRECTION('',(0.,-1.,0.));
#1722 = ORIENTED_EDGE('',*,*,#1723,.T.);
#1723 = EDGE_CURVE('',#1716,#1724,#1726,.T.);
#1724 = VERTEX_POINT('',#1725);
#1725 = CARTESIAN_POINT('',(-1.016,-6.35,2.54));
#1726 = LINE('',#1727,#1728);
#1727 = CARTESIAN_POINT('',(-1.27,-6.096,2.54));
#1728 = VECTOR('',#1729,1.);
#1729 = DIRECTION('',(0.707106781187,-0.707106781187,0.));
#1730 = ORIENTED_EDGE('',*,*,#1731,.T.);
#1731 = EDGE_CURVE('',#1724,#1732,#1734,.T.);
#1732 = VERTEX_POINT('',#1733);
#1733 = CARTESIAN_POINT('',(-1.27,-6.604,2.54));
#1734 = LINE('',#1735,#1736);
#1735 = CARTESIAN_POINT('',(-1.016,-6.35,2.54));
#1736 = VECTOR('',#1737,1.);
#1737 = DIRECTION('',(-0.707106781187,-0.707106781187,0.));
#1738 = ORIENTED_EDGE('',*,*,#1739,.T.);
#1739 = EDGE_CURVE('',#1732,#1740,#1742,.T.);
#1740 = VERTEX_POINT('',#1741);
#1741 = CARTESIAN_POINT('',(-1.27,-8.636,2.54));
#1742 = LINE('',#1743,#1744);
#1743 = CARTESIAN_POINT('',(-1.27,-6.604,2.54));
#1744 = VECTOR('',#1745,1.);
#1745 = DIRECTION('',(0.,-1.,0.));
#1746 = ORIENTED_EDGE('',*,*,#1747,.T.);
#1747 = EDGE_CURVE('',#1740,#1748,#1750,.T.);
#1748 = VERTEX_POINT('',#1749);
#1749 = CARTESIAN_POINT('',(-1.016,-8.89,2.54));
#1750 = LINE('',#1751,#1752);
#1751 = CARTESIAN_POINT('',(-1.27,-8.636,2.54));
#1752 = VECTOR('',#1753,1.);
#1753 = DIRECTION('',(0.707106781187,-0.707106781187,0.));
#1754 = ORIENTED_EDGE('',*,*,#1755,.T.);
#1755 = EDGE_CURVE('',#1748,#1756,#1758,.T.);
#1756 = VERTEX_POINT('',#1757);
#1757 = CARTESIAN_POINT('',(-1.27,-9.144,2.54));
#1758 = LINE('',#1759,#1760);
#1759 = CARTESIAN_POINT('',(-1.016,-8.89,2.54));
#1760 = VECTOR('',#1761,1.);
#1761 = DIRECTION('',(-0.707106781187,-0.707106781187,0.));
#1762 = ORIENTED_EDGE('',*,*,#1763,.T.);
#1763 = EDGE_CURVE('',#1756,#1764,#1766,.T.);
#1764 = VERTEX_POINT('',#1765);
#1765 = CARTESIAN_POINT('',(-1.27,-11.176,2.54));
#1766 = LINE('',#1767,#1768);
#1767 = CARTESIAN_POINT('',(-1.27,-9.144,2.54));
#1768 = VECTOR('',#1769,1.);
#1769 = DIRECTION('',(0.,-1.,0.));
#1770 = ORIENTED_EDGE('',*,*,#1771,.T.);
#1771 = EDGE_CURVE('',#1764,#1772,#1774,.T.);
#1772 = VERTEX_POINT('',#1773);
#1773 = CARTESIAN_POINT('',(-1.016,-11.43,2.54));
#1774 = LINE('',#1775,#1776);
#1775 = CARTESIAN_POINT('',(-1.27,-11.176,2.54));
#1776 = VECTOR('',#1777,1.);
#1777 = DIRECTION('',(0.707106781187,-0.707106781187,0.));
#1778 = ORIENTED_EDGE('',*,*,#1779,.T.);
#1779 = EDGE_CURVE('',#1772,#1780,#1782,.T.);
#1780 = VERTEX_POINT('',#1781);
#1781 = CARTESIAN_POINT('',(-1.27,-11.684,2.54));
#1782 = LINE('',#1783,#1784);
#1783 = CARTESIAN_POINT('',(-1.016,-11.43,2.54));
#1784 = VECTOR('',#1785,1.);
#1785 = DIRECTION('',(-0.707106781187,-0.707106781187,0.));
#1786 = ORIENTED_EDGE('',*,*,#1787,.T.);
#1787 = EDGE_CURVE('',#1780,#1788,#1790,.T.);
#1788 = VERTEX_POINT('',#1789);
#1789 = CARTESIAN_POINT('',(-1.27,-13.716,2.54));
#1790 = LINE('',#1791,#1792);
#1791 = CARTESIAN_POINT('',(-1.27,-11.684,2.54));
#1792 = VECTOR('',#1793,1.);
#1793 = DIRECTION('',(0.,-1.,0.));
#1794 = ORIENTED_EDGE('',*,*,#1795,.T.);
#1795 = EDGE_CURVE('',#1788,#1796,#1798,.T.);
#1796 = VERTEX_POINT('',#1797);
#1797 = CARTESIAN_POINT('',(-1.016,-13.97,2.54));
#1798 = LINE('',#1799,#1800);
#1799 = CARTESIAN_POINT('',(-1.27,-13.716,2.54));
#1800 = VECTOR('',#1801,1.);
#1801 = DIRECTION('',(0.707106781187,-0.707106781187,0.));
#1802 = ORIENTED_EDGE('',*,*,#1803,.T.);
#1803 = EDGE_CURVE('',#1796,#1804,#1806,.T.);
#1804 = VERTEX_POINT('',#1805);
#1805 = CARTESIAN_POINT('',(-1.27,-14.224,2.54));
#1806 = LINE('',#1807,#1808);
#1807 = CARTESIAN_POINT('',(-1.016,-13.97,2.54));
#1808 = VECTOR('',#1809,1.);
#1809 = DIRECTION('',(-0.707106781187,-0.707106781187,0.));
#1810 = ORIENTED_EDGE('',*,*,#1811,.T.);
#1811 = EDGE_CURVE('',#1804,#1812,#1814,.T.);
#1812 = VERTEX_POINT('',#1813);
#1813 = CARTESIAN_POINT('',(-1.27,-16.256,2.54));
#1814 = LINE('',#1815,#1816);
#1815 = CARTESIAN_POINT('',(-1.27,-14.224,2.54));
#1816 = VECTOR('',#1817,1.);
#1817 = DIRECTION('',(0.,-1.,0.));
#1818 = ORIENTED_EDGE('',*,*,#1819,.T.);
#1819 = EDGE_CURVE('',#1812,#1820,#1822,.T.);
#1820 = VERTEX_POINT('',#1821);
#1821 = CARTESIAN_POINT('',(-1.016,-16.51,2.54));
#1822 = LINE('',#1823,#1824);
#1823 = CARTESIAN_POINT('',(-1.27,-16.256,2.54));
#1824 = VECTOR('',#1825,1.);
#1825 = DIRECTION('',(0.707106781187,-0.707106781187,0.));
#1826 = ORIENTED_EDGE('',*,*,#1827,.T.);
#1827 = EDGE_CURVE('',#1820,#1828,#1830,.T.);
#1828 = VERTEX_POINT('',#1829);
#1829 = CARTESIAN_POINT('',(-1.27,-16.764,2.54));
#1830 = LINE('',#1831,#1832);
#1831 = CARTESIAN_POINT('',(-1.016,-16.51,2.54));
#1832 = VECTOR('',#1833,1.);
#1833 = DIRECTION('',(-0.707106781187,-0.707106781187,0.));
#1834 = ORIENTED_EDGE('',*,*,#1835,.T.);
#1835 = EDGE_CURVE('',#1828,#1836,#1838,.T.);
#1836 = VERTEX_POINT('',#1837);
#1837 = CARTESIAN_POINT('',(-1.27,-18.796,2.54));
#1838 = LINE('',#1839,#1840);
#1839 = CARTESIAN_POINT('',(-1.27,-16.764,2.54));
#1840 = VECTOR('',#1841,1.);
#1841 = DIRECTION('',(0.,-1.,0.));
#1842 = ORIENTED_EDGE('',*,*,#1843,.T.);
#1843 = EDGE_CURVE('',#1836,#1844,#1846,.T.);
#1844 = VERTEX_POINT('',#1845);
#1845 = CARTESIAN_POINT('',(-1.016,-19.05,2.54));
#1846 = LINE('',#1847,#1848);
#1847 = CARTESIAN_POINT('',(-1.27,-18.796,2.54));
#1848 = VECTOR('',#1849,1.);
#1849 = DIRECTION('',(0.707106781187,-0.707106781187,0.));
#1850 = ORIENTED_EDGE('',*,*,#1851,.T.);
#1851 = EDGE_CURVE('',#1844,#1852,#1854,.T.);
#1852 = VERTEX_POINT('',#1853);
#1853 = CARTESIAN_POINT('',(-1.27,-19.304,2.54));
#1854 = LINE('',#1855,#1856);
#1855 = CARTESIAN_POINT('',(-1.016,-19.05,2.54));
#1856 = VECTOR('',#1857,1.);
#1857 = DIRECTION('',(-0.707106781187,-0.707106781187,0.));
#1858 = ORIENTED_EDGE('',*,*,#1859,.T.);
#1859 = EDGE_CURVE('',#1852,#1860,#1862,.T.);
#1860 = VERTEX_POINT('',#1861);
#1861 = CARTESIAN_POINT('',(-1.27,-21.336,2.54));
#1862 = LINE('',#1863,#1864);
#1863 = CARTESIAN_POINT('',(-1.27,-19.304,2.54));
#1864 = VECTOR('',#1865,1.);
#1865 = DIRECTION('',(0.,-1.,0.));
#1866 = ORIENTED_EDGE('',*,*,#1867,.T.);
#1867 = EDGE_CURVE('',#1860,#1868,#1870,.T.);
#1868 = VERTEX_POINT('',#1869);
#1869 = CARTESIAN_POINT('',(-1.016,-21.59,2.54));
#1870 = LINE('',#1871,#1872);
#1871 = CARTESIAN_POINT('',(-1.27,-21.336,2.54));
#1872 = VECTOR('',#1873,1.);
#1873 = DIRECTION('',(0.707106781187,-0.707106781187,0.));
#1874 = ORIENTED_EDGE('',*,*,#1875,.T.);
#1875 = EDGE_CURVE('',#1868,#1876,#1878,.T.);
#1876 = VERTEX_POINT('',#1877);
#1877 = CARTESIAN_POINT('',(-1.27,-21.844,2.54));
#1878 = LINE('',#1879,#1880);
#1879 = CARTESIAN_POINT('',(-1.016,-21.59,2.54));
#1880 = VECTOR('',#1881,1.);
#1881 = DIRECTION('',(-0.707106781187,-0.707106781187,0.));
#1882 = ORIENTED_EDGE('',*,*,#1883,.T.);
#1883 = EDGE_CURVE('',#1876,#1884,#1886,.T.);
#1884 = VERTEX_POINT('',#1885);
#1885 = CARTESIAN_POINT('',(-1.27,-23.876,2.54));
#1886 = LINE('',#1887,#1888);
#1887 = CARTESIAN_POINT('',(-1.27,-21.844,2.54));
#1888 = VECTOR('',#1889,1.);
#1889 = DIRECTION('',(0.,-1.,0.));
#1890 = ORIENTED_EDGE('',*,*,#1891,.T.);
#1891 = EDGE_CURVE('',#1884,#1892,#1894,.T.);
#1892 = VERTEX_POINT('',#1893);
#1893 = CARTESIAN_POINT('',(-1.016,-24.13,2.54));
#1894 = LINE('',#1895,#1896);
#1895 = CARTESIAN_POINT('',(-1.27,-23.876,2.54));
#1896 = VECTOR('',#1897,1.);
#1897 = DIRECTION('',(0.707106781187,-0.707106781187,0.));
#1898 = ORIENTED_EDGE('',*,*,#1899,.T.);
#1899 = EDGE_CURVE('',#1892,#1900,#1902,.T.);
#1900 = VERTEX_POINT('',#1901);
#1901 = CARTESIAN_POINT('',(-1.27,-24.384,2.54));
#1902 = LINE('',#1903,#1904);
#1903 = CARTESIAN_POINT('',(-1.016,-24.13,2.54));
#1904 = VECTOR('',#1905,1.);
#1905 = DIRECTION('',(-0.707106781187,-0.707106781187,0.));
#1906 = ORIENTED_EDGE('',*,*,#1907,.T.);
#1907 = EDGE_CURVE('',#1900,#1908,#1910,.T.);
#1908 = VERTEX_POINT('',#1909);
#1909 = CARTESIAN_POINT('',(-1.27,-26.416,2.54));
#1910 = LINE('',#1911,#1912);
#1911 = CARTESIAN_POINT('',(-1.27,-24.384,2.54));
#1912 = VECTOR('',#1913,1.);
#1913 = DIRECTION('',(0.,-1.,0.));
#1914 = ORIENTED_EDGE('',*,*,#1915,.T.);
#1915 = EDGE_CURVE('',#1908,#1916,#1918,.T.);
#1916 = VERTEX_POINT('',#1917);
#1917 = CARTESIAN_POINT('',(-1.016,-26.67,2.54));
#1918 = LINE('',#1919,#1920);
#1919 = CARTESIAN_POINT('',(-1.27,-26.416,2.54));
#1920 = VECTOR('',#1921,1.);
#1921 = DIRECTION('',(0.707106781187,-0.707106781187,0.));
#1922 = ORIENTED_EDGE('',*,*,#1923,.T.);
#1923 = EDGE_CURVE('',#1916,#1924,#1926,.T.);
#1924 = VERTEX_POINT('',#1925);
#1925 = CARTESIAN_POINT('',(-1.27,-26.924,2.54));
#1926 = LINE('',#1927,#1928);
#1927 = CARTESIAN_POINT('',(-1.016,-26.67,2.54));
#1928 = VECTOR('',#1929,1.);
#1929 = DIRECTION('',(-0.707106781187,-0.707106781187,0.));
#1930 = ORIENTED_EDGE('',*,*,#1931,.T.);
#1931 = EDGE_CURVE('',#1924,#1932,#1934,.T.);
#1932 = VERTEX_POINT('',#1933);
#1933 = CARTESIAN_POINT('',(-1.27,-28.956,2.54));
#1934 = LINE('',#1935,#1936);
#1935 = CARTESIAN_POINT('',(-1.27,-26.924,2.54));
#1936 = VECTOR('',#1937,1.);
#1937 = DIRECTION('',(0.,-1.,0.));
#1938 = ORIENTED_EDGE('',*,*,#1939,.T.);
#1939 = EDGE_CURVE('',#1932,#1940,#1942,.T.);
#1940 = VERTEX_POINT('',#1941);
#1941 = CARTESIAN_POINT('',(-1.016,-29.21,2.54));
#1942 = LINE('',#1943,#1944);
#1943 = CARTESIAN_POINT('',(-1.27,-28.956,2.54));
#1944 = VECTOR('',#1945,1.);
#1945 = DIRECTION('',(0.707106781187,-0.707106781187,0.));
#1946 = ORIENTED_EDGE('',*,*,#1947,.T.);
#1947 = EDGE_CURVE('',#1940,#1948,#1950,.T.);
#1948 = VERTEX_POINT('',#1949);
#1949 = CARTESIAN_POINT('',(-1.27,-29.464,2.54));
#1950 = LINE('',#1951,#1952);
#1951 = CARTESIAN_POINT('',(-1.016,-29.21,2.54));
#1952 = VECTOR('',#1953,1.);
#1953 = DIRECTION('',(-0.707106781187,-0.707106781187,0.));
#1954 = ORIENTED_EDGE('',*,*,#1955,.T.);
#1955 = EDGE_CURVE('',#1948,#1956,#1958,.T.);
#1956 = VERTEX_POINT('',#1957);
#1957 = CARTESIAN_POINT('',(-1.27,-31.496,2.54));
#1958 = LINE('',#1959,#1960);
#1959 = CARTESIAN_POINT('',(-1.27,-29.464,2.54));
#1960 = VECTOR('',#1961,1.);
#1961 = DIRECTION('',(0.,-1.,0.));
#1962 = ORIENTED_EDGE('',*,*,#1963,.T.);
#1963 = EDGE_CURVE('',#1956,#1964,#1966,.T.);
#1964 = VERTEX_POINT('',#1965);
#1965 = CARTESIAN_POINT('',(-1.016,-31.75,2.54));
#1966 = LINE('',#1967,#1968);
#1967 = CARTESIAN_POINT('',(-1.27,-31.496,2.54));
#1968 = VECTOR('',#1969,1.);
#1969 = DIRECTION('',(0.707106781187,-0.707106781187,0.));
#1970 = ORIENTED_EDGE('',*,*,#1971,.T.);
#1971 = EDGE_CURVE('',#1964,#1972,#1974,.T.);
#1972 = VERTEX_POINT('',#1973);
#1973 = CARTESIAN_POINT('',(3.556,-31.75,2.54));
#1974 = LINE('',#1975,#1976);
#1975 = CARTESIAN_POINT('',(-1.016,-31.75,2.54));
#1976 = VECTOR('',#1977,1.);
#1977 = DIRECTION('',(1.,0.,0.));
#1978 = ORIENTED_EDGE('',*,*,#1979,.T.);
#1979 = EDGE_CURVE('',#1972,#1980,#1982,.T.);
#1980 = VERTEX_POINT('',#1981);
#1981 = CARTESIAN_POINT('',(3.81,-31.496,2.54));
#1982 = LINE('',#1983,#1984);
#1983 = CARTESIAN_POINT('',(3.556,-31.75,2.54));
#1984 = VECTOR('',#1985,1.);
#1985 = DIRECTION('',(0.707106781187,0.707106781187,0.));
#1986 = ORIENTED_EDGE('',*,*,#1987,.T.);
#1987 = EDGE_CURVE('',#1980,#1988,#1990,.T.);
#1988 = VERTEX_POINT('',#1989);
#1989 = CARTESIAN_POINT('',(3.81,-29.464,2.54));
#1990 = LINE('',#1991,#1992);
#1991 = CARTESIAN_POINT('',(3.81,-31.496,2.54));
#1992 = VECTOR('',#1993,1.);
#1993 = DIRECTION('',(0.,1.,0.));
#1994 = ORIENTED_EDGE('',*,*,#1995,.T.);
#1995 = EDGE_CURVE('',#1988,#1996,#1998,.T.);
#1996 = VERTEX_POINT('',#1997);
#1997 = CARTESIAN_POINT('',(3.556,-29.21,2.54));
#1998 = LINE('',#1999,#2000);
#1999 = CARTESIAN_POINT('',(3.81,-29.464,2.54));
#2000 = VECTOR('',#2001,1.);
#2001 = DIRECTION('',(-0.707106781187,0.707106781187,0.));
#2002 = ORIENTED_EDGE('',*,*,#2003,.T.);
#2003 = EDGE_CURVE('',#1996,#2004,#2006,.T.);
#2004 = VERTEX_POINT('',#2005);
#2005 = CARTESIAN_POINT('',(3.81,-28.956,2.54));
#2006 = LINE('',#2007,#2008);
#2007 = CARTESIAN_POINT('',(3.556,-29.21,2.54));
#2008 = VECTOR('',#2009,1.);
#2009 = DIRECTION('',(0.707106781187,0.707106781187,0.));
#2010 = ORIENTED_EDGE('',*,*,#2011,.T.);
#2011 = EDGE_CURVE('',#2004,#2012,#2014,.T.);
#2012 = VERTEX_POINT('',#2013);
#2013 = CARTESIAN_POINT('',(3.81,-26.924,2.54));
#2014 = LINE('',#2015,#2016);
#2015 = CARTESIAN_POINT('',(3.81,-28.956,2.54));
#2016 = VECTOR('',#2017,1.);
#2017 = DIRECTION('',(0.,1.,0.));
#2018 = ORIENTED_EDGE('',*,*,#2019,.T.);
#2019 = EDGE_CURVE('',#2012,#2020,#2022,.T.);
#2020 = VERTEX_POINT('',#2021);
#2021 = CARTESIAN_POINT('',(3.556,-26.67,2.54));
#2022 = LINE('',#2023,#2024);
#2023 = CARTESIAN_POINT('',(3.81,-26.924,2.54));
#2024 = VECTOR('',#2025,1.);
#2025 = DIRECTION('',(-0.707106781187,0.707106781187,0.));
#2026 = ORIENTED_EDGE('',*,*,#2027,.T.);
#2027 = EDGE_CURVE('',#2020,#2028,#2030,.T.);
#2028 = VERTEX_POINT('',#2029);
#2029 = CARTESIAN_POINT('',(3.81,-26.416,2.54));
#2030 = LINE('',#2031,#2032);
#2031 = CARTESIAN_POINT('',(3.556,-26.67,2.54));
#2032 = VECTOR('',#2033,1.);
#2033 = DIRECTION('',(0.707106781187,0.707106781187,0.));
#2034 = ORIENTED_EDGE('',*,*,#2035,.T.);
#2035 = EDGE_CURVE('',#2028,#2036,#2038,.T.);
#2036 = VERTEX_POINT('',#2037);
#2037 = CARTESIAN_POINT('',(3.81,-24.384,2.54));
#2038 = LINE('',#2039,#2040);
#2039 = CARTESIAN_POINT('',(3.81,-26.416,2.54));
#2040 = VECTOR('',#2041,1.);
#2041 = DIRECTION('',(0.,1.,0.));
#2042 = ORIENTED_EDGE('',*,*,#2043,.T.);
#2043 = EDGE_CURVE('',#2036,#2044,#2046,.T.);
#2044 = VERTEX_POINT('',#2045);
#2045 = CARTESIAN_POINT('',(3.556,-24.13,2.54));
#2046 = LINE('',#2047,#2048);
#2047 = CARTESIAN_POINT('',(3.81,-24.384,2.54));
#2048 = VECTOR('',#2049,1.);
#2049 = DIRECTION('',(-0.707106781187,0.707106781187,0.));
#2050 = ORIENTED_EDGE('',*,*,#2051,.T.);
#2051 = EDGE_CURVE('',#2044,#2052,#2054,.T.);
#2052 = VERTEX_POINT('',#2053);
#2053 = CARTESIAN_POINT('',(3.81,-23.876,2.54));
#2054 = LINE('',#2055,#2056);
#2055 = CARTESIAN_POINT('',(3.556,-24.13,2.54));
#2056 = VECTOR('',#2057,1.);
#2057 = DIRECTION('',(0.707106781187,0.707106781187,0.));
#2058 = ORIENTED_EDGE('',*,*,#2059,.T.);
#2059 = EDGE_CURVE('',#2052,#2060,#2062,.T.);
#2060 = VERTEX_POINT('',#2061);
#2061 = CARTESIAN_POINT('',(3.81,-21.844,2.54));
#2062 = LINE('',#2063,#2064);
#2063 = CARTESIAN_POINT('',(3.81,-23.876,2.54));
#2064 = VECTOR('',#2065,1.);
#2065 = DIRECTION('',(0.,1.,0.));
#2066 = ORIENTED_EDGE('',*,*,#2067,.T.);
#2067 = EDGE_CURVE('',#2060,#2068,#2070,.T.);
#2068 = VERTEX_POINT('',#2069);
#2069 = CARTESIAN_POINT('',(3.556,-21.59,2.54));
#2070 = LINE('',#2071,#2072);
#2071 = CARTESIAN_POINT('',(3.81,-21.844,2.54));
#2072 = VECTOR('',#2073,1.);
#2073 = DIRECTION('',(-0.707106781187,0.707106781187,0.));
#2074 = ORIENTED_EDGE('',*,*,#2075,.T.);
#2075 = EDGE_CURVE('',#2068,#2076,#2078,.T.);
#2076 = VERTEX_POINT('',#2077);
#2077 = CARTESIAN_POINT('',(3.81,-21.336,2.54));
#2078 = LINE('',#2079,#2080);
#2079 = CARTESIAN_POINT('',(3.556,-21.59,2.54));
#2080 = VECTOR('',#2081,1.);
#2081 = DIRECTION('',(0.707106781187,0.707106781187,0.));
#2082 = ORIENTED_EDGE('',*,*,#2083,.T.);
#2083 = EDGE_CURVE('',#2076,#2084,#2086,.T.);
#2084 = VERTEX_POINT('',#2085);
#2085 = CARTESIAN_POINT('',(3.81,-19.304,2.54));
#2086 = LINE('',#2087,#2088);
#2087 = CARTESIAN_POINT('',(3.81,-21.336,2.54));
#2088 = VECTOR('',#2089,1.);
#2089 = DIRECTION('',(0.,1.,0.));
#2090 = ORIENTED_EDGE('',*,*,#2091,.T.);
#2091 = EDGE_CURVE('',#2084,#2092,#2094,.T.);
#2092 = VERTEX_POINT('',#2093);
#2093 = CARTESIAN_POINT('',(3.556,-19.05,2.54));
#2094 = LINE('',#2095,#2096);
#2095 = CARTESIAN_POINT('',(3.81,-19.304,2.54));
#2096 = VECTOR('',#2097,1.);
#2097 = DIRECTION('',(-0.707106781187,0.707106781187,0.));
#2098 = ORIENTED_EDGE('',*,*,#2099,.T.);
#2099 = EDGE_CURVE('',#2092,#2100,#2102,.T.);
#2100 = VERTEX_POINT('',#2101);
#2101 = CARTESIAN_POINT('',(3.81,-18.796,2.54));
#2102 = LINE('',#2103,#2104);
#2103 = CARTESIAN_POINT('',(3.556,-19.05,2.54));
#2104 = VECTOR('',#2105,1.);
#2105 = DIRECTION('',(0.707106781187,0.707106781187,0.));
#2106 = ORIENTED_EDGE('',*,*,#2107,.T.);
#2107 = EDGE_CURVE('',#2100,#2108,#2110,.T.);
#2108 = VERTEX_POINT('',#2109);
#2109 = CARTESIAN_POINT('',(3.81,-16.764,2.54));
#2110 = LINE('',#2111,#2112);
#2111 = CARTESIAN_POINT('',(3.81,-18.796,2.54));
#2112 = VECTOR('',#2113,1.);
#2113 = DIRECTION('',(0.,1.,0.));
#2114 = ORIENTED_EDGE('',*,*,#2115,.T.);
#2115 = EDGE_CURVE('',#2108,#2116,#2118,.T.);
#2116 = VERTEX_POINT('',#2117);
#2117 = CARTESIAN_POINT('',(3.556,-16.51,2.54));
#2118 = LINE('',#2119,#2120);
#2119 = CARTESIAN_POINT('',(3.81,-16.764,2.54));
#2120 = VECTOR('',#2121,1.);
#2121 = DIRECTION('',(-0.707106781187,0.707106781187,0.));
#2122 = ORIENTED_EDGE('',*,*,#2123,.T.);
#2123 = EDGE_CURVE('',#2116,#2124,#2126,.T.);
#2124 = VERTEX_POINT('',#2125);
#2125 = CARTESIAN_POINT('',(3.81,-16.256,2.54));
#2126 = LINE('',#2127,#2128);
#2127 = CARTESIAN_POINT('',(3.556,-16.51,2.54));
#2128 = VECTOR('',#2129,1.);
#2129 = DIRECTION('',(0.707106781187,0.707106781187,0.));
#2130 = ORIENTED_EDGE('',*,*,#2131,.T.);
#2131 = EDGE_CURVE('',#2124,#2132,#2134,.T.);
#2132 = VERTEX_POINT('',#2133);
#2133 = CARTESIAN_POINT('',(3.81,-14.224,2.54));
#2134 = LINE('',#2135,#2136);
#2135 = CARTESIAN_POINT('',(3.81,-16.256,2.54));
#2136 = VECTOR('',#2137,1.);
#2137 = DIRECTION('',(0.,1.,0.));
#2138 = ORIENTED_EDGE('',*,*,#2139,.T.);
#2139 = EDGE_CURVE('',#2132,#2140,#2142,.T.);
#2140 = VERTEX_POINT('',#2141);
#2141 = CARTESIAN_POINT('',(3.556,-13.97,2.54));
#2142 = LINE('',#2143,#2144);
#2143 = CARTESIAN_POINT('',(3.81,-14.224,2.54));
#2144 = VECTOR('',#2145,1.);
#2145 = DIRECTION('',(-0.707106781187,0.707106781187,0.));
#2146 = ORIENTED_EDGE('',*,*,#2147,.T.);
#2147 = EDGE_CURVE('',#2140,#2148,#2150,.T.);
#2148 = VERTEX_POINT('',#2149);
#2149 = CARTESIAN_POINT('',(3.81,-13.716,2.54));
#2150 = LINE('',#2151,#2152);
#2151 = CARTESIAN_POINT('',(3.556,-13.97,2.54));
#2152 = VECTOR('',#2153,1.);
#2153 = DIRECTION('',(0.707106781187,0.707106781187,0.));
#2154 = ORIENTED_EDGE('',*,*,#2155,.T.);
#2155 = EDGE_CURVE('',#2148,#2156,#2158,.T.);
#2156 = VERTEX_POINT('',#2157);
#2157 = CARTESIAN_POINT('',(3.81,-11.684,2.54));
#2158 = LINE('',#2159,#2160);
#2159 = CARTESIAN_POINT('',(3.81,-13.716,2.54));
#2160 = VECTOR('',#2161,1.);
#2161 = DIRECTION('',(0.,1.,0.));
#2162 = ORIENTED_EDGE('',*,*,#2163,.T.);
#2163 = EDGE_CURVE('',#2156,#2164,#2166,.T.);
#2164 = VERTEX_POINT('',#2165);
#2165 = CARTESIAN_POINT('',(3.556,-11.43,2.54));
#2166 = LINE('',#2167,#2168);
#2167 = CARTESIAN_POINT('',(3.81,-11.684,2.54));
#2168 = VECTOR('',#2169,1.);
#2169 = DIRECTION('',(-0.707106781187,0.707106781187,0.));
#2170 = ORIENTED_EDGE('',*,*,#2171,.T.);
#2171 = EDGE_CURVE('',#2164,#2172,#2174,.T.);
#2172 = VERTEX_POINT('',#2173);
#2173 = CARTESIAN_POINT('',(3.81,-11.176,2.54));
#2174 = LINE('',#2175,#2176);
#2175 = CARTESIAN_POINT('',(3.556,-11.43,2.54));
#2176 = VECTOR('',#2177,1.);
#2177 = DIRECTION('',(0.707106781187,0.707106781187,0.));
#2178 = ORIENTED_EDGE('',*,*,#2179,.T.);
#2179 = EDGE_CURVE('',#2172,#2180,#2182,.T.);
#2180 = VERTEX_POINT('',#2181);
#2181 = CARTESIAN_POINT('',(3.81,-9.144,2.54));
#2182 = LINE('',#2183,#2184);
#2183 = CARTESIAN_POINT('',(3.81,-11.176,2.54));
#2184 = VECTOR('',#2185,1.);
#2185 = DIRECTION('',(0.,1.,0.));
#2186 = ORIENTED_EDGE('',*,*,#2187,.T.);
#2187 = EDGE_CURVE('',#2180,#2188,#2190,.T.);
#2188 = VERTEX_POINT('',#2189);
#2189 = CARTESIAN_POINT('',(3.556,-8.89,2.54));
#2190 = LINE('',#2191,#2192);
#2191 = CARTESIAN_POINT('',(3.81,-9.144,2.54));
#2192 = VECTOR('',#2193,1.);
#2193 = DIRECTION('',(-0.707106781187,0.707106781187,0.));
#2194 = ORIENTED_EDGE('',*,*,#2195,.T.);
#2195 = EDGE_CURVE('',#2188,#2196,#2198,.T.);
#2196 = VERTEX_POINT('',#2197);
#2197 = CARTESIAN_POINT('',(3.81,-8.636,2.54));
#2198 = LINE('',#2199,#2200);
#2199 = CARTESIAN_POINT('',(3.556,-8.89,2.54));
#2200 = VECTOR('',#2201,1.);
#2201 = DIRECTION('',(0.707106781187,0.707106781187,0.));
#2202 = ORIENTED_EDGE('',*,*,#2203,.T.);
#2203 = EDGE_CURVE('',#2196,#2204,#2206,.T.);
#2204 = VERTEX_POINT('',#2205);
#2205 = CARTESIAN_POINT('',(3.81,-6.604,2.54));
#2206 = LINE('',#2207,#2208);
#2207 = CARTESIAN_POINT('',(3.81,-8.636,2.54));
#2208 = VECTOR('',#2209,1.);
#2209 = DIRECTION('',(0.,1.,0.));
#2210 = ORIENTED_EDGE('',*,*,#2211,.T.);
#2211 = EDGE_CURVE('',#2204,#2212,#2214,.T.);
#2212 = VERTEX_POINT('',#2213);
#2213 = CARTESIAN_POINT('',(3.556,-6.35,2.54));
#2214 = LINE('',#2215,#2216);
#2215 = CARTESIAN_POINT('',(3.81,-6.604,2.54));
#2216 = VECTOR('',#2217,1.);
#2217 = DIRECTION('',(-0.707106781187,0.707106781187,0.));
#2218 = ORIENTED_EDGE('',*,*,#2219,.T.);
#2219 = EDGE_CURVE('',#2212,#2220,#2222,.T.);
#2220 = VERTEX_POINT('',#2221);
#2221 = CARTESIAN_POINT('',(3.81,-6.096,2.54));
#2222 = LINE('',#2223,#2224);
#2223 = CARTESIAN_POINT('',(3.556,-6.35,2.54));
#2224 = VECTOR('',#2225,1.);
#2225 = DIRECTION('',(0.707106781187,0.707106781187,0.));
#2226 = ORIENTED_EDGE('',*,*,#2227,.T.);
#2227 = EDGE_CURVE('',#2220,#2228,#2230,.T.);
#2228 = VERTEX_POINT('',#2229);
#2229 = CARTESIAN_POINT('',(3.81,-4.064,2.54));
#2230 = LINE('',#2231,#2232);
#2231 = CARTESIAN_POINT('',(3.81,-6.096,2.54));
#2232 = VECTOR('',#2233,1.);
#2233 = DIRECTION('',(0.,1.,0.));
#2234 = ORIENTED_EDGE('',*,*,#2235,.T.);
#2235 = EDGE_CURVE('',#2228,#2236,#2238,.T.);
#2236 = VERTEX_POINT('',#2237);
#2237 = CARTESIAN_POINT('',(3.556,-3.81,2.54));
#2238 = LINE('',#2239,#2240);
#2239 = CARTESIAN_POINT('',(3.81,-4.064,2.54));
#2240 = VECTOR('',#2241,1.);
#2241 = DIRECTION('',(-0.707106781187,0.707106781187,0.));
#2242 = ORIENTED_EDGE('',*,*,#2243,.T.);
#2243 = EDGE_CURVE('',#2236,#2244,#2246,.T.);
#2244 = VERTEX_POINT('',#2245);
#2245 = CARTESIAN_POINT('',(3.81,-3.556,2.54));
#2246 = LINE('',#2247,#2248);
#2247 = CARTESIAN_POINT('',(3.556,-3.81,2.54));
#2248 = VECTOR('',#2249,1.);
#2249 = DIRECTION('',(0.707106781187,0.707106781187,0.));
#2250 = ORIENTED_EDGE('',*,*,#2251,.T.);
#2251 = EDGE_CURVE('',#2244,#2252,#2254,.T.);
#2252 = VERTEX_POINT('',#2253);
#2253 = CARTESIAN_POINT('',(3.81,-1.524,2.54));
#2254 = LINE('',#2255,#2256);
#2255 = CARTESIAN_POINT('',(3.81,-3.556,2.54));
#2256 = VECTOR('',#2257,1.);
#2257 = DIRECTION('',(0.,1.,0.));
#2258 = ORIENTED_EDGE('',*,*,#2259,.T.);
#2259 = EDGE_CURVE('',#2252,#2260,#2262,.T.);
#2260 = VERTEX_POINT('',#2261);
#2261 = CARTESIAN_POINT('',(3.556,-1.27,2.54));
#2262 = LINE('',#2263,#2264);
#2263 = CARTESIAN_POINT('',(3.81,-1.524,2.54));
#2264 = VECTOR('',#2265,1.);
#2265 = DIRECTION('',(-0.707106781187,0.707106781187,0.));
#2266 = ORIENTED_EDGE('',*,*,#2267,.T.);
#2267 = EDGE_CURVE('',#2260,#2268,#2270,.T.);
#2268 = VERTEX_POINT('',#2269);
#2269 = CARTESIAN_POINT('',(3.81,-1.016,2.54));
#2270 = LINE('',#2271,#2272);
#2271 = CARTESIAN_POINT('',(3.556,-1.27,2.54));
#2272 = VECTOR('',#2273,1.);
#2273 = DIRECTION('',(0.707106781187,0.707106781187,0.));
#2274 = ORIENTED_EDGE('',*,*,#2275,.T.);
#2275 = EDGE_CURVE('',#2268,#2276,#2278,.T.);
#2276 = VERTEX_POINT('',#2277);
#2277 = CARTESIAN_POINT('',(3.81,1.016,2.54));
#2278 = LINE('',#2279,#2280);
#2279 = CARTESIAN_POINT('',(3.81,-1.016,2.54));
#2280 = VECTOR('',#2281,1.);
#2281 = DIRECTION('',(0.,1.,0.));
#2282 = ORIENTED_EDGE('',*,*,#2283,.T.);
#2283 = EDGE_CURVE('',#2276,#105,#2284,.T.);
#2284 = LINE('',#2285,#2286);
#2285 = CARTESIAN_POINT('',(3.81,1.016,2.54));
#2286 = VECTOR('',#2287,1.);
#2287 = DIRECTION('',(-0.707106781187,0.707106781187,0.));
#2288 = ORIENTED_EDGE('',*,*,#112,.T.);
#2289 = FACE_BOUND('',#2290,.T.);
#2290 = EDGE_LOOP('',(#2291,#2301,#2309,#2317));
#2291 = ORIENTED_EDGE('',*,*,#2292,.F.);
#2292 = EDGE_CURVE('',#2293,#2295,#2297,.T.);
#2293 = VERTEX_POINT('',#2294);
#2294 = CARTESIAN_POINT('',(2.86,-13.02,2.54));
#2295 = VERTEX_POINT('',#2296);
#2296 = CARTESIAN_POINT('',(2.86,-12.38,2.54));
#2297 = LINE('',#2298,#2299);
#2298 = CARTESIAN_POINT('',(2.86,-14.13,2.54));
#2299 = VECTOR('',#2300,1.);
#2300 = DIRECTION('',(0.,1.,0.));
#2301 = ORIENTED_EDGE('',*,*,#2302,.T.);
#2302 = EDGE_CURVE('',#2293,#2303,#2305,.T.);
#2303 = VERTEX_POINT('',#2304);
#2304 = CARTESIAN_POINT('',(2.22,-13.02,2.54));
#2305 = LINE('',#2306,#2307);
#2306 = CARTESIAN_POINT('',(1.745,-13.02,2.54));
#2307 = VECTOR('',#2308,1.);
#2308 = DIRECTION('',(-1.,0.,0.));
#2309 = ORIENTED_EDGE('',*,*,#2310,.T.);
#2310 = EDGE_CURVE('',#2303,#2311,#2313,.T.);
#2311 = VERTEX_POINT('',#2312);
#2312 = CARTESIAN_POINT('',(2.22,-12.38,2.54));
#2313 = LINE('',#2314,#2315);
#2314 = CARTESIAN_POINT('',(2.22,-14.13,2.54));
#2315 = VECTOR('',#2316,1.);
#2316 = DIRECTION('',(0.,1.,0.));
#2317 = ORIENTED_EDGE('',*,*,#2318,.F.);
#2318 = EDGE_CURVE('',#2295,#2311,#2319,.T.);
#2319 = LINE('',#2320,#2321);
#2320 = CARTESIAN_POINT('',(1.745,-12.38,2.54));
#2321 = VECTOR('',#2322,1.);
#2322 = DIRECTION('',(-1.,0.,0.));
#2323 = FACE_BOUND('',#2324,.T.);
#2324 = EDGE_LOOP('',(#2325,#2335,#2343,#2351));
#2325 = ORIENTED_EDGE('',*,*,#2326,.F.);
#2326 = EDGE_CURVE('',#2327,#2329,#2331,.T.);
#2327 = VERTEX_POINT('',#2328);
#2328 = CARTESIAN_POINT('',(0.32,-13.02,2.54));
#2329 = VERTEX_POINT('',#2330);
#2330 = CARTESIAN_POINT('',(0.32,-12.38,2.54));
#2331 = LINE('',#2332,#2333);
#2332 = CARTESIAN_POINT('',(0.32,-14.13,2.54));
#2333 = VECTOR('',#2334,1.);
#2334 = DIRECTION('',(0.,1.,0.));
#2335 = ORIENTED_EDGE('',*,*,#2336,.T.);
#2336 = EDGE_CURVE('',#2327,#2337,#2339,.T.);
#2337 = VERTEX_POINT('',#2338);
#2338 = CARTESIAN_POINT('',(-0.32,-13.02,2.54));
#2339 = LINE('',#2340,#2341);
#2340 = CARTESIAN_POINT('',(0.475,-13.02,2.54));
#2341 = VECTOR('',#2342,1.);
#2342 = DIRECTION('',(-1.,0.,0.));
#2343 = ORIENTED_EDGE('',*,*,#2344,.T.);
#2344 = EDGE_CURVE('',#2337,#2345,#2347,.T.);
#2345 = VERTEX_POINT('',#2346);
#2346 = CARTESIAN_POINT('',(-0.32,-12.38,2.54));
#2347 = LINE('',#2348,#2349);
#2348 = CARTESIAN_POINT('',(-0.32,-14.13,2.54));
#2349 = VECTOR('',#2350,1.);
#2350 = DIRECTION('',(0.,1.,0.));
#2351 = ORIENTED_EDGE('',*,*,#2352,.F.);
#2352 = EDGE_CURVE('',#2329,#2345,#2353,.T.);
#2353 = LINE('',#2354,#2355);
#2354 = CARTESIAN_POINT('',(0.475,-12.38,2.54));
#2355 = VECTOR('',#2356,1.);
#2356 = DIRECTION('',(-1.,0.,0.));
#2357 = FACE_BOUND('',#2358,.T.);
#2358 = EDGE_LOOP('',(#2359,#2369,#2377,#2385));
#2359 = ORIENTED_EDGE('',*,*,#2360,.F.);
#2360 = EDGE_CURVE('',#2361,#2363,#2365,.T.);
#2361 = VERTEX_POINT('',#2362);
#2362 = CARTESIAN_POINT('',(2.86,-15.56,2.54));
#2363 = VERTEX_POINT('',#2364);
#2364 = CARTESIAN_POINT('',(2.86,-14.92,2.54));
#2365 = LINE('',#2366,#2367);
#2366 = CARTESIAN_POINT('',(2.86,-15.4,2.54));
#2367 = VECTOR('',#2368,1.);
#2368 = DIRECTION('',(0.,1.,0.));
#2369 = ORIENTED_EDGE('',*,*,#2370,.T.);
#2370 = EDGE_CURVE('',#2361,#2371,#2373,.T.);
#2371 = VERTEX_POINT('',#2372);
#2372 = CARTESIAN_POINT('',(2.22,-15.56,2.54));
#2373 = LINE('',#2374,#2375);
#2374 = CARTESIAN_POINT('',(1.745,-15.56,2.54));
#2375 = VECTOR('',#2376,1.);
#2376 = DIRECTION('',(-1.,0.,0.));
#2377 = ORIENTED_EDGE('',*,*,#2378,.T.);
#2378 = EDGE_CURVE('',#2371,#2379,#2381,.T.);
#2379 = VERTEX_POINT('',#2380);
#2380 = CARTESIAN_POINT('',(2.22,-14.92,2.54));
#2381 = LINE('',#2382,#2383);
#2382 = CARTESIAN_POINT('',(2.22,-15.4,2.54));
#2383 = VECTOR('',#2384,1.);
#2384 = DIRECTION('',(0.,1.,0.));
#2385 = ORIENTED_EDGE('',*,*,#2386,.F.);
#2386 = EDGE_CURVE('',#2363,#2379,#2387,.T.);
#2387 = LINE('',#2388,#2389);
#2388 = CARTESIAN_POINT('',(1.745,-14.92,2.54));
#2389 = VECTOR('',#2390,1.);
#2390 = DIRECTION('',(-1.,0.,0.));
#2391 = FACE_BOUND('',#2392,.T.);
#2392 = EDGE_LOOP('',(#2393,#2403,#2411,#2419));
#2393 = ORIENTED_EDGE('',*,*,#2394,.F.);
#2394 = EDGE_CURVE('',#2395,#2397,#2399,.T.);
#2395 = VERTEX_POINT('',#2396);
#2396 = CARTESIAN_POINT('',(0.32,-14.92,2.54));
#2397 = VERTEX_POINT('',#2398);
#2398 = CARTESIAN_POINT('',(-0.32,-14.92,2.54));
#2399 = LINE('',#2400,#2401);
#2400 = CARTESIAN_POINT('',(0.475,-14.92,2.54));
#2401 = VECTOR('',#2402,1.);
#2402 = DIRECTION('',(-1.,0.,0.));
#2403 = ORIENTED_EDGE('',*,*,#2404,.F.);
#2404 = EDGE_CURVE('',#2405,#2395,#2407,.T.);
#2405 = VERTEX_POINT('',#2406);
#2406 = CARTESIAN_POINT('',(0.32,-15.56,2.54));
#2407 = LINE('',#2408,#2409);
#2408 = CARTESIAN_POINT('',(0.32,-15.4,2.54));
#2409 = VECTOR('',#2410,1.);
#2410 = DIRECTION('',(0.,1.,0.));
#2411 = ORIENTED_EDGE('',*,*,#2412,.T.);
#2412 = EDGE_CURVE('',#2405,#2413,#2415,.T.);
#2413 = VERTEX_POINT('',#2414);
#2414 = CARTESIAN_POINT('',(-0.32,-15.56,2.54));
#2415 = LINE('',#2416,#2417);
#2416 = CARTESIAN_POINT('',(0.475,-15.56,2.54));
#2417 = VECTOR('',#2418,1.);
#2418 = DIRECTION('',(-1.,0.,0.));
#2419 = ORIENTED_EDGE('',*,*,#2420,.T.);
#2420 = EDGE_CURVE('',#2413,#2397,#2421,.T.);
#2421 = LINE('',#2422,#2423);
#2422 = CARTESIAN_POINT('',(-0.32,-15.4,2.54));
#2423 = VECTOR('',#2424,1.);
#2424 = DIRECTION('',(0.,1.,0.));
#2425 = FACE_BOUND('',#2426,.T.);
#2426 = EDGE_LOOP('',(#2427,#2437,#2445,#2453));
#2427 = ORIENTED_EDGE('',*,*,#2428,.F.);
#2428 = EDGE_CURVE('',#2429,#2431,#2433,.T.);
#2429 = VERTEX_POINT('',#2430);
#2430 = CARTESIAN_POINT('',(2.86,-18.1,2.54));
#2431 = VERTEX_POINT('',#2432);
#2432 = CARTESIAN_POINT('',(2.86,-17.46,2.54));
#2433 = LINE('',#2434,#2435);
#2434 = CARTESIAN_POINT('',(2.86,-16.67,2.54));
#2435 = VECTOR('',#2436,1.);
#2436 = DIRECTION('',(0.,1.,0.));
#2437 = ORIENTED_EDGE('',*,*,#2438,.T.);
#2438 = EDGE_CURVE('',#2429,#2439,#2441,.T.);
#2439 = VERTEX_POINT('',#2440);
#2440 = CARTESIAN_POINT('',(2.22,-18.1,2.54));
#2441 = LINE('',#2442,#2443);
#2442 = CARTESIAN_POINT('',(1.745,-18.1,2.54));
#2443 = VECTOR('',#2444,1.);
#2444 = DIRECTION('',(-1.,0.,0.));
#2445 = ORIENTED_EDGE('',*,*,#2446,.T.);
#2446 = EDGE_CURVE('',#2439,#2447,#2449,.T.);
#2447 = VERTEX_POINT('',#2448);
#2448 = CARTESIAN_POINT('',(2.22,-17.46,2.54));
#2449 = LINE('',#2450,#2451);
#2450 = CARTESIAN_POINT('',(2.22,-16.67,2.54));
#2451 = VECTOR('',#2452,1.);
#2452 = DIRECTION('',(0.,1.,0.));
#2453 = ORIENTED_EDGE('',*,*,#2454,.F.);
#2454 = EDGE_CURVE('',#2431,#2447,#2455,.T.);
#2455 = LINE('',#2456,#2457);
#2456 = CARTESIAN_POINT('',(1.745,-17.46,2.54));
#2457 = VECTOR('',#2458,1.);
#2458 = DIRECTION('',(-1.,0.,0.));
#2459 = FACE_BOUND('',#2460,.T.);
#2460 = EDGE_LOOP('',(#2461,#2471,#2479,#2487));
#2461 = ORIENTED_EDGE('',*,*,#2462,.F.);
#2462 = EDGE_CURVE('',#2463,#2465,#2467,.T.);
#2463 = VERTEX_POINT('',#2464);
#2464 = CARTESIAN_POINT('',(0.32,-18.1,2.54));
#2465 = VERTEX_POINT('',#2466);
#2466 = CARTESIAN_POINT('',(0.32,-17.46,2.54));
#2467 = LINE('',#2468,#2469);
#2468 = CARTESIAN_POINT('',(0.32,-16.67,2.54));
#2469 = VECTOR('',#2470,1.);
#2470 = DIRECTION('',(0.,1.,0.));
#2471 = ORIENTED_EDGE('',*,*,#2472,.T.);
#2472 = EDGE_CURVE('',#2463,#2473,#2475,.T.);
#2473 = VERTEX_POINT('',#2474);
#2474 = CARTESIAN_POINT('',(-0.32,-18.1,2.54));
#2475 = LINE('',#2476,#2477);
#2476 = CARTESIAN_POINT('',(0.475,-18.1,2.54));
#2477 = VECTOR('',#2478,1.);
#2478 = DIRECTION('',(-1.,0.,0.));
#2479 = ORIENTED_EDGE('',*,*,#2480,.T.);
#2480 = EDGE_CURVE('',#2473,#2481,#2483,.T.);
#2481 = VERTEX_POINT('',#2482);
#2482 = CARTESIAN_POINT('',(-0.32,-17.46,2.54));
#2483 = LINE('',#2484,#2485);
#2484 = CARTESIAN_POINT('',(-0.32,-16.67,2.54));
#2485 = VECTOR('',#2486,1.);
#2486 = DIRECTION('',(0.,1.,0.));
#2487 = ORIENTED_EDGE('',*,*,#2488,.F.);
#2488 = EDGE_CURVE('',#2465,#2481,#2489,.T.);
#2489 = LINE('',#2490,#2491);
#2490 = CARTESIAN_POINT('',(0.475,-17.46,2.54));
#2491 = VECTOR('',#2492,1.);
#2492 = DIRECTION('',(-1.,0.,0.));
#2493 = FACE_BOUND('',#2494,.T.);
#2494 = EDGE_LOOP('',(#2495,#2505,#2513,#2521));
#2495 = ORIENTED_EDGE('',*,*,#2496,.T.);
#2496 = EDGE_CURVE('',#2497,#2499,#2501,.T.);
#2497 = VERTEX_POINT('',#2498);
#2498 = CARTESIAN_POINT('',(2.86,-25.72,2.54));
#2499 = VERTEX_POINT('',#2500);
#2500 = CARTESIAN_POINT('',(2.22,-25.72,2.54));
#2501 = LINE('',#2502,#2503);
#2502 = CARTESIAN_POINT('',(1.745,-25.72,2.54));
#2503 = VECTOR('',#2504,1.);
#2504 = DIRECTION('',(-1.,0.,0.));
#2505 = ORIENTED_EDGE('',*,*,#2506,.T.);
#2506 = EDGE_CURVE('',#2499,#2507,#2509,.T.);
#2507 = VERTEX_POINT('',#2508);
#2508 = CARTESIAN_POINT('',(2.22,-25.08,2.54));
#2509 = LINE('',#2510,#2511);
#2510 = CARTESIAN_POINT('',(2.22,-20.48,2.54));
#2511 = VECTOR('',#2512,1.);
#2512 = DIRECTION('',(0.,1.,0.));
#2513 = ORIENTED_EDGE('',*,*,#2514,.F.);
#2514 = EDGE_CURVE('',#2515,#2507,#2517,.T.);
#2515 = VERTEX_POINT('',#2516);
#2516 = CARTESIAN_POINT('',(2.86,-25.08,2.54));
#2517 = LINE('',#2518,#2519);
#2518 = CARTESIAN_POINT('',(1.745,-25.08,2.54));
#2519 = VECTOR('',#2520,1.);
#2520 = DIRECTION('',(-1.,0.,0.));
#2521 = ORIENTED_EDGE('',*,*,#2522,.F.);
#2522 = EDGE_CURVE('',#2497,#2515,#2523,.T.);
#2523 = LINE('',#2524,#2525);
#2524 = CARTESIAN_POINT('',(2.86,-20.48,2.54));
#2525 = VECTOR('',#2526,1.);
#2526 = DIRECTION('',(0.,1.,0.));
#2527 = FACE_BOUND('',#2528,.T.);
#2528 = EDGE_LOOP('',(#2529,#2539,#2547,#2555));
#2529 = ORIENTED_EDGE('',*,*,#2530,.F.);
#2530 = EDGE_CURVE('',#2531,#2533,#2535,.T.);
#2531 = VERTEX_POINT('',#2532);
#2532 = CARTESIAN_POINT('',(2.86,-22.54,2.54));
#2533 = VERTEX_POINT('',#2534);
#2534 = CARTESIAN_POINT('',(2.22,-22.54,2.54));
#2535 = LINE('',#2536,#2537);
#2536 = CARTESIAN_POINT('',(1.745,-22.54,2.54));
#2537 = VECTOR('',#2538,1.);
#2538 = DIRECTION('',(-1.,0.,0.));
#2539 = ORIENTED_EDGE('',*,*,#2540,.F.);
#2540 = EDGE_CURVE('',#2541,#2531,#2543,.T.);
#2541 = VERTEX_POINT('',#2542);
#2542 = CARTESIAN_POINT('',(2.86,-23.18,2.54));
#2543 = LINE('',#2544,#2545);
#2544 = CARTESIAN_POINT('',(2.86,-19.21,2.54));
#2545 = VECTOR('',#2546,1.);
#2546 = DIRECTION('',(0.,1.,0.));
#2547 = ORIENTED_EDGE('',*,*,#2548,.T.);
#2548 = EDGE_CURVE('',#2541,#2549,#2551,.T.);
#2549 = VERTEX_POINT('',#2550);
#2550 = CARTESIAN_POINT('',(2.22,-23.18,2.54));
#2551 = LINE('',#2552,#2553);
#2552 = CARTESIAN_POINT('',(1.745,-23.18,2.54));
#2553 = VECTOR('',#2554,1.);
#2554 = DIRECTION('',(-1.,0.,0.));
#2555 = ORIENTED_EDGE('',*,*,#2556,.T.);
#2556 = EDGE_CURVE('',#2549,#2533,#2557,.T.);
#2557 = LINE('',#2558,#2559);
#2558 = CARTESIAN_POINT('',(2.22,-19.21,2.54));
#2559 = VECTOR('',#2560,1.);
#2560 = DIRECTION('',(0.,1.,0.));
#2561 = FACE_BOUND('',#2562,.T.);
#2562 = EDGE_LOOP('',(#2563,#2573,#2581,#2589));
#2563 = ORIENTED_EDGE('',*,*,#2564,.F.);
#2564 = EDGE_CURVE('',#2565,#2567,#2569,.T.);
#2565 = VERTEX_POINT('',#2566);
#2566 = CARTESIAN_POINT('',(0.32,-25.08,2.54));
#2567 = VERTEX_POINT('',#2568);
#2568 = CARTESIAN_POINT('',(-0.32,-25.08,2.54));
#2569 = LINE('',#2570,#2571);
#2570 = CARTESIAN_POINT('',(0.475,-25.08,2.54));
#2571 = VECTOR('',#2572,1.);
#2572 = DIRECTION('',(-1.,0.,0.));
#2573 = ORIENTED_EDGE('',*,*,#2574,.F.);
#2574 = EDGE_CURVE('',#2575,#2565,#2577,.T.);
#2575 = VERTEX_POINT('',#2576);
#2576 = CARTESIAN_POINT('',(0.32,-25.72,2.54));
#2577 = LINE('',#2578,#2579);
#2578 = CARTESIAN_POINT('',(0.32,-20.48,2.54));
#2579 = VECTOR('',#2580,1.);
#2580 = DIRECTION('',(0.,1.,0.));
#2581 = ORIENTED_EDGE('',*,*,#2582,.T.);
#2582 = EDGE_CURVE('',#2575,#2583,#2585,.T.);
#2583 = VERTEX_POINT('',#2584);
#2584 = CARTESIAN_POINT('',(-0.32,-25.72,2.54));
#2585 = LINE('',#2586,#2587);
#2586 = CARTESIAN_POINT('',(0.475,-25.72,2.54));
#2587 = VECTOR('',#2588,1.);
#2588 = DIRECTION('',(-1.,0.,0.));
#2589 = ORIENTED_EDGE('',*,*,#2590,.T.);
#2590 = EDGE_CURVE('',#2583,#2567,#2591,.T.);
#2591 = LINE('',#2592,#2593);
#2592 = CARTESIAN_POINT('',(-0.32,-20.48,2.54));
#2593 = VECTOR('',#2594,1.);
#2594 = DIRECTION('',(0.,1.,0.));
#2595 = FACE_BOUND('',#2596,.T.);
#2596 = EDGE_LOOP('',(#2597,#2607,#2615,#2623));
#2597 = ORIENTED_EDGE('',*,*,#2598,.F.);
#2598 = EDGE_CURVE('',#2599,#2601,#2603,.T.);
#2599 = VERTEX_POINT('',#2600);
#2600 = CARTESIAN_POINT('',(0.32,-20.64,2.54));
#2601 = VERTEX_POINT('',#2602);
#2602 = CARTESIAN_POINT('',(0.32,-20.,2.54));
#2603 = LINE('',#2604,#2605);
#2604 = CARTESIAN_POINT('',(0.32,-17.94,2.54));
#2605 = VECTOR('',#2606,1.);
#2606 = DIRECTION('',(0.,1.,0.));
#2607 = ORIENTED_EDGE('',*,*,#2608,.T.);
#2608 = EDGE_CURVE('',#2599,#2609,#2611,.T.);
#2609 = VERTEX_POINT('',#2610);
#2610 = CARTESIAN_POINT('',(-0.32,-20.64,2.54));
#2611 = LINE('',#2612,#2613);
#2612 = CARTESIAN_POINT('',(0.475,-20.64,2.54));
#2613 = VECTOR('',#2614,1.);
#2614 = DIRECTION('',(-1.,0.,0.));
#2615 = ORIENTED_EDGE('',*,*,#2616,.T.);
#2616 = EDGE_CURVE('',#2609,#2617,#2619,.T.);
#2617 = VERTEX_POINT('',#2618);
#2618 = CARTESIAN_POINT('',(-0.32,-20.,2.54));
#2619 = LINE('',#2620,#2621);
#2620 = CARTESIAN_POINT('',(-0.32,-17.94,2.54));
#2621 = VECTOR('',#2622,1.);
#2622 = DIRECTION('',(0.,1.,0.));
#2623 = ORIENTED_EDGE('',*,*,#2624,.F.);
#2624 = EDGE_CURVE('',#2601,#2617,#2625,.T.);
#2625 = LINE('',#2626,#2627);
#2626 = CARTESIAN_POINT('',(0.475,-20.,2.54));
#2627 = VECTOR('',#2628,1.);
#2628 = DIRECTION('',(-1.,0.,0.));
#2629 = FACE_BOUND('',#2630,.T.);
#2630 = EDGE_LOOP('',(#2631,#2641,#2649,#2657));
#2631 = ORIENTED_EDGE('',*,*,#2632,.F.);
#2632 = EDGE_CURVE('',#2633,#2635,#2637,.T.);
#2633 = VERTEX_POINT('',#2634);
#2634 = CARTESIAN_POINT('',(0.32,-22.54,2.54));
#2635 = VERTEX_POINT('',#2636);
#2636 = CARTESIAN_POINT('',(-0.32,-22.54,2.54));
#2637 = LINE('',#2638,#2639);
#2638 = CARTESIAN_POINT('',(0.475,-22.54,2.54));
#2639 = VECTOR('',#2640,1.);
#2640 = DIRECTION('',(-1.,0.,0.));
#2641 = ORIENTED_EDGE('',*,*,#2642,.F.);
#2642 = EDGE_CURVE('',#2643,#2633,#2645,.T.);
#2643 = VERTEX_POINT('',#2644);
#2644 = CARTESIAN_POINT('',(0.32,-23.18,2.54));
#2645 = LINE('',#2646,#2647);
#2646 = CARTESIAN_POINT('',(0.32,-19.21,2.54));
#2647 = VECTOR('',#2648,1.);
#2648 = DIRECTION('',(0.,1.,0.));
#2649 = ORIENTED_EDGE('',*,*,#2650,.T.);
#2650 = EDGE_CURVE('',#2643,#2651,#2653,.T.);
#2651 = VERTEX_POINT('',#2652);
#2652 = CARTESIAN_POINT('',(-0.32,-23.18,2.54));
#2653 = LINE('',#2654,#2655);
#2654 = CARTESIAN_POINT('',(0.475,-23.18,2.54));
#2655 = VECTOR('',#2656,1.);
#2656 = DIRECTION('',(-1.,0.,0.));
#2657 = ORIENTED_EDGE('',*,*,#2658,.T.);
#2658 = EDGE_CURVE('',#2651,#2635,#2659,.T.);
#2659 = LINE('',#2660,#2661);
#2660 = CARTESIAN_POINT('',(-0.32,-19.21,2.54));
#2661 = VECTOR('',#2662,1.);
#2662 = DIRECTION('',(0.,1.,0.));
#2663 = FACE_BOUND('',#2664,.T.);
#2664 = EDGE_LOOP('',(#2665,#2675,#2683,#2691));
#2665 = ORIENTED_EDGE('',*,*,#2666,.T.);
#2666 = EDGE_CURVE('',#2667,#2669,#2671,.T.);
#2667 = VERTEX_POINT('',#2668);
#2668 = CARTESIAN_POINT('',(2.86,-20.64,2.54));
#2669 = VERTEX_POINT('',#2670);
#2670 = CARTESIAN_POINT('',(2.22,-20.64,2.54));
#2671 = LINE('',#2672,#2673);
#2672 = CARTESIAN_POINT('',(1.745,-20.64,2.54));
#2673 = VECTOR('',#2674,1.);
#2674 = DIRECTION('',(-1.,0.,0.));
#2675 = ORIENTED_EDGE('',*,*,#2676,.T.);
#2676 = EDGE_CURVE('',#2669,#2677,#2679,.T.);
#2677 = VERTEX_POINT('',#2678);
#2678 = CARTESIAN_POINT('',(2.22,-20.,2.54));
#2679 = LINE('',#2680,#2681);
#2680 = CARTESIAN_POINT('',(2.22,-17.94,2.54));
#2681 = VECTOR('',#2682,1.);
#2682 = DIRECTION('',(0.,1.,0.));
#2683 = ORIENTED_EDGE('',*,*,#2684,.F.);
#2684 = EDGE_CURVE('',#2685,#2677,#2687,.T.);
#2685 = VERTEX_POINT('',#2686);
#2686 = CARTESIAN_POINT('',(2.86,-20.,2.54));
#2687 = LINE('',#2688,#2689);
#2688 = CARTESIAN_POINT('',(1.745,-20.,2.54));
#2689 = VECTOR('',#2690,1.);
#2690 = DIRECTION('',(-1.,0.,0.));
#2691 = ORIENTED_EDGE('',*,*,#2692,.F.);
#2692 = EDGE_CURVE('',#2667,#2685,#2693,.T.);
#2693 = LINE('',#2694,#2695);
#2694 = CARTESIAN_POINT('',(2.86,-17.94,2.54));
#2695 = VECTOR('',#2696,1.);
#2696 = DIRECTION('',(0.,1.,0.));
#2697 = FACE_BOUND('',#2698,.T.);
#2698 = EDGE_LOOP('',(#2699,#2709,#2717,#2725));
#2699 = ORIENTED_EDGE('',*,*,#2700,.T.);
#2700 = EDGE_CURVE('',#2701,#2703,#2705,.T.);
#2701 = VERTEX_POINT('',#2702);
#2702 = CARTESIAN_POINT('',(2.86,-30.8,2.54));
#2703 = VERTEX_POINT('',#2704);
#2704 = CARTESIAN_POINT('',(2.22,-30.8,2.54));
#2705 = LINE('',#2706,#2707);
#2706 = CARTESIAN_POINT('',(1.745,-30.8,2.54));
#2707 = VECTOR('',#2708,1.);
#2708 = DIRECTION('',(-1.,0.,0.));
#2709 = ORIENTED_EDGE('',*,*,#2710,.T.);
#2710 = EDGE_CURVE('',#2703,#2711,#2713,.T.);
#2711 = VERTEX_POINT('',#2712);
#2712 = CARTESIAN_POINT('',(2.22,-30.16,2.54));
#2713 = LINE('',#2714,#2715);
#2714 = CARTESIAN_POINT('',(2.22,-23.02,2.54));
#2715 = VECTOR('',#2716,1.);
#2716 = DIRECTION('',(0.,1.,0.));
#2717 = ORIENTED_EDGE('',*,*,#2718,.F.);
#2718 = EDGE_CURVE('',#2719,#2711,#2721,.T.);
#2719 = VERTEX_POINT('',#2720);
#2720 = CARTESIAN_POINT('',(2.86,-30.16,2.54));
#2721 = LINE('',#2722,#2723);
#2722 = CARTESIAN_POINT('',(1.745,-30.16,2.54));
#2723 = VECTOR('',#2724,1.);
#2724 = DIRECTION('',(-1.,0.,0.));
#2725 = ORIENTED_EDGE('',*,*,#2726,.F.);
#2726 = EDGE_CURVE('',#2701,#2719,#2727,.T.);
#2727 = LINE('',#2728,#2729);
#2728 = CARTESIAN_POINT('',(2.86,-23.02,2.54));
#2729 = VECTOR('',#2730,1.);
#2730 = DIRECTION('',(0.,1.,0.));
#2731 = FACE_BOUND('',#2732,.T.);
#2732 = EDGE_LOOP('',(#2733,#2743,#2751,#2759));
#2733 = ORIENTED_EDGE('',*,*,#2734,.F.);
#2734 = EDGE_CURVE('',#2735,#2737,#2739,.T.);
#2735 = VERTEX_POINT('',#2736);
#2736 = CARTESIAN_POINT('',(0.32,-30.16,2.54));
#2737 = VERTEX_POINT('',#2738);
#2738 = CARTESIAN_POINT('',(-0.32,-30.16,2.54));
#2739 = LINE('',#2740,#2741);
#2740 = CARTESIAN_POINT('',(0.475,-30.16,2.54));
#2741 = VECTOR('',#2742,1.);
#2742 = DIRECTION('',(-1.,0.,0.));
#2743 = ORIENTED_EDGE('',*,*,#2744,.F.);
#2744 = EDGE_CURVE('',#2745,#2735,#2747,.T.);
#2745 = VERTEX_POINT('',#2746);
#2746 = CARTESIAN_POINT('',(0.32,-30.8,2.54));
#2747 = LINE('',#2748,#2749);
#2748 = CARTESIAN_POINT('',(0.32,-23.02,2.54));
#2749 = VECTOR('',#2750,1.);
#2750 = DIRECTION('',(0.,1.,0.));
#2751 = ORIENTED_EDGE('',*,*,#2752,.T.);
#2752 = EDGE_CURVE('',#2745,#2753,#2755,.T.);
#2753 = VERTEX_POINT('',#2754);
#2754 = CARTESIAN_POINT('',(-0.32,-30.8,2.54));
#2755 = LINE('',#2756,#2757);
#2756 = CARTESIAN_POINT('',(0.475,-30.8,2.54));
#2757 = VECTOR('',#2758,1.);
#2758 = DIRECTION('',(-1.,0.,0.));
#2759 = ORIENTED_EDGE('',*,*,#2760,.T.);
#2760 = EDGE_CURVE('',#2753,#2737,#2761,.T.);
#2761 = LINE('',#2762,#2763);
#2762 = CARTESIAN_POINT('',(-0.32,-23.02,2.54));
#2763 = VECTOR('',#2764,1.);
#2764 = DIRECTION('',(0.,1.,0.));
#2765 = FACE_BOUND('',#2766,.T.);
#2766 = EDGE_LOOP('',(#2767,#2777,#2785,#2793));
#2767 = ORIENTED_EDGE('',*,*,#2768,.F.);
#2768 = EDGE_CURVE('',#2769,#2771,#2773,.T.);
#2769 = VERTEX_POINT('',#2770);
#2770 = CARTESIAN_POINT('',(2.86,-28.26,2.54));
#2771 = VERTEX_POINT('',#2772);
#2772 = CARTESIAN_POINT('',(2.86,-27.62,2.54));
#2773 = LINE('',#2774,#2775);
#2774 = CARTESIAN_POINT('',(2.86,-21.75,2.54));
#2775 = VECTOR('',#2776,1.);
#2776 = DIRECTION('',(0.,1.,0.));
#2777 = ORIENTED_EDGE('',*,*,#2778,.T.);
#2778 = EDGE_CURVE('',#2769,#2779,#2781,.T.);
#2779 = VERTEX_POINT('',#2780);
#2780 = CARTESIAN_POINT('',(2.22,-28.26,2.54));
#2781 = LINE('',#2782,#2783);
#2782 = CARTESIAN_POINT('',(1.745,-28.26,2.54));
#2783 = VECTOR('',#2784,1.);
#2784 = DIRECTION('',(-1.,0.,0.));
#2785 = ORIENTED_EDGE('',*,*,#2786,.T.);
#2786 = EDGE_CURVE('',#2779,#2787,#2789,.T.);
#2787 = VERTEX_POINT('',#2788);
#2788 = CARTESIAN_POINT('',(2.22,-27.62,2.54));
#2789 = LINE('',#2790,#2791);
#2790 = CARTESIAN_POINT('',(2.22,-21.75,2.54));
#2791 = VECTOR('',#2792,1.);
#2792 = DIRECTION('',(0.,1.,0.));
#2793 = ORIENTED_EDGE('',*,*,#2794,.F.);
#2794 = EDGE_CURVE('',#2771,#2787,#2795,.T.);
#2795 = LINE('',#2796,#2797);
#2796 = CARTESIAN_POINT('',(1.745,-27.62,2.54));
#2797 = VECTOR('',#2798,1.);
#2798 = DIRECTION('',(-1.,0.,0.));
#2799 = FACE_BOUND('',#2800,.T.);
#2800 = EDGE_LOOP('',(#2801,#2811,#2819,#2827));
#2801 = ORIENTED_EDGE('',*,*,#2802,.F.);
#2802 = EDGE_CURVE('',#2803,#2805,#2807,.T.);
#2803 = VERTEX_POINT('',#2804);
#2804 = CARTESIAN_POINT('',(0.32,-28.26,2.54));
#2805 = VERTEX_POINT('',#2806);
#2806 = CARTESIAN_POINT('',(0.32,-27.62,2.54));
#2807 = LINE('',#2808,#2809);
#2808 = CARTESIAN_POINT('',(0.32,-21.75,2.54));
#2809 = VECTOR('',#2810,1.);
#2810 = DIRECTION('',(0.,1.,0.));
#2811 = ORIENTED_EDGE('',*,*,#2812,.T.);
#2812 = EDGE_CURVE('',#2803,#2813,#2815,.T.);
#2813 = VERTEX_POINT('',#2814);
#2814 = CARTESIAN_POINT('',(-0.32,-28.26,2.54));
#2815 = LINE('',#2816,#2817);
#2816 = CARTESIAN_POINT('',(0.475,-28.26,2.54));
#2817 = VECTOR('',#2818,1.);
#2818 = DIRECTION('',(-1.,0.,0.));
#2819 = ORIENTED_EDGE('',*,*,#2820,.T.);
#2820 = EDGE_CURVE('',#2813,#2821,#2823,.T.);
#2821 = VERTEX_POINT('',#2822);
#2822 = CARTESIAN_POINT('',(-0.32,-27.62,2.54));
#2823 = LINE('',#2824,#2825);
#2824 = CARTESIAN_POINT('',(-0.32,-21.75,2.54));
#2825 = VECTOR('',#2826,1.);
#2826 = DIRECTION('',(0.,1.,0.));
#2827 = ORIENTED_EDGE('',*,*,#2828,.F.);
#2828 = EDGE_CURVE('',#2805,#2821,#2829,.T.);
#2829 = LINE('',#2830,#2831);
#2830 = CARTESIAN_POINT('',(0.475,-27.62,2.54));
#2831 = VECTOR('',#2832,1.);
#2832 = DIRECTION('',(-1.,0.,0.));
#2833 = FACE_BOUND('',#2834,.T.);
#2834 = EDGE_LOOP('',(#2835,#2845,#2853,#2861));
#2835 = ORIENTED_EDGE('',*,*,#2836,.F.);
#2836 = EDGE_CURVE('',#2837,#2839,#2841,.T.);
#2837 = VERTEX_POINT('',#2838);
#2838 = CARTESIAN_POINT('',(2.86,-10.48,2.54));
#2839 = VERTEX_POINT('',#2840);
#2840 = CARTESIAN_POINT('',(2.86,-9.84,2.54));
#2841 = LINE('',#2842,#2843);
#2842 = CARTESIAN_POINT('',(2.86,-12.86,2.54));
#2843 = VECTOR('',#2844,1.);
#2844 = DIRECTION('',(0.,1.,0.));
#2845 = ORIENTED_EDGE('',*,*,#2846,.T.);
#2846 = EDGE_CURVE('',#2837,#2847,#2849,.T.);
#2847 = VERTEX_POINT('',#2848);
#2848 = CARTESIAN_POINT('',(2.22,-10.48,2.54));
#2849 = LINE('',#2850,#2851);
#2850 = CARTESIAN_POINT('',(1.745,-10.48,2.54));
#2851 = VECTOR('',#2852,1.);
#2852 = DIRECTION('',(-1.,0.,0.));
#2853 = ORIENTED_EDGE('',*,*,#2854,.T.);
#2854 = EDGE_CURVE('',#2847,#2855,#2857,.T.);
#2855 = VERTEX_POINT('',#2856);
#2856 = CARTESIAN_POINT('',(2.22,-9.84,2.54));
#2857 = LINE('',#2858,#2859);
#2858 = CARTESIAN_POINT('',(2.22,-12.86,2.54));
#2859 = VECTOR('',#2860,1.);
#2860 = DIRECTION('',(0.,1.,0.));
#2861 = ORIENTED_EDGE('',*,*,#2862,.F.);
#2862 = EDGE_CURVE('',#2839,#2855,#2863,.T.);
#2863 = LINE('',#2864,#2865);
#2864 = CARTESIAN_POINT('',(1.745,-9.84,2.54));
#2865 = VECTOR('',#2866,1.);
#2866 = DIRECTION('',(-1.,0.,0.));
#2867 = FACE_BOUND('',#2868,.T.);
#2868 = EDGE_LOOP('',(#2869,#2879,#2887,#2895));
#2869 = ORIENTED_EDGE('',*,*,#2870,.F.);
#2870 = EDGE_CURVE('',#2871,#2873,#2875,.T.);
#2871 = VERTEX_POINT('',#2872);
#2872 = CARTESIAN_POINT('',(0.32,-10.48,2.54));
#2873 = VERTEX_POINT('',#2874);
#2874 = CARTESIAN_POINT('',(0.32,-9.84,2.54));
#2875 = LINE('',#2876,#2877);
#2876 = CARTESIAN_POINT('',(0.32,-12.86,2.54));
#2877 = VECTOR('',#2878,1.);
#2878 = DIRECTION('',(0.,1.,0.));
#2879 = ORIENTED_EDGE('',*,*,#2880,.T.);
#2880 = EDGE_CURVE('',#2871,#2881,#2883,.T.);
#2881 = VERTEX_POINT('',#2882);
#2882 = CARTESIAN_POINT('',(-0.32,-10.48,2.54));
#2883 = LINE('',#2884,#2885);
#2884 = CARTESIAN_POINT('',(0.475,-10.48,2.54));
#2885 = VECTOR('',#2886,1.);
#2886 = DIRECTION('',(-1.,0.,0.));
#2887 = ORIENTED_EDGE('',*,*,#2888,.T.);
#2888 = EDGE_CURVE('',#2881,#2889,#2891,.T.);
#2889 = VERTEX_POINT('',#2890);
#2890 = CARTESIAN_POINT('',(-0.32,-9.84,2.54));
#2891 = LINE('',#2892,#2893);
#2892 = CARTESIAN_POINT('',(-0.32,-12.86,2.54));
#2893 = VECTOR('',#2894,1.);
#2894 = DIRECTION('',(0.,1.,0.));
#2895 = ORIENTED_EDGE('',*,*,#2896,.F.);
#2896 = EDGE_CURVE('',#2873,#2889,#2897,.T.);
#2897 = LINE('',#2898,#2899);
#2898 = CARTESIAN_POINT('',(0.475,-9.84,2.54));
#2899 = VECTOR('',#2900,1.);
#2900 = DIRECTION('',(-1.,0.,0.));
#2901 = FACE_BOUND('',#2902,.T.);
#2902 = EDGE_LOOP('',(#2903,#2913,#2921,#2929));
#2903 = ORIENTED_EDGE('',*,*,#2904,.F.);
#2904 = EDGE_CURVE('',#2905,#2907,#2909,.T.);
#2905 = VERTEX_POINT('',#2906);
#2906 = CARTESIAN_POINT('',(2.86,-2.86,2.54));
#2907 = VERTEX_POINT('',#2908);
#2908 = CARTESIAN_POINT('',(2.86,-2.22,2.54));
#2909 = LINE('',#2910,#2911);
#2910 = CARTESIAN_POINT('',(2.86,-9.05,2.54));
#2911 = VECTOR('',#2912,1.);
#2912 = DIRECTION('',(0.,1.,0.));
#2913 = ORIENTED_EDGE('',*,*,#2914,.T.);
#2914 = EDGE_CURVE('',#2905,#2915,#2917,.T.);
#2915 = VERTEX_POINT('',#2916);
#2916 = CARTESIAN_POINT('',(2.22,-2.86,2.54));
#2917 = LINE('',#2918,#2919);
#2918 = CARTESIAN_POINT('',(1.745,-2.86,2.54));
#2919 = VECTOR('',#2920,1.);
#2920 = DIRECTION('',(-1.,0.,0.));
#2921 = ORIENTED_EDGE('',*,*,#2922,.T.);
#2922 = EDGE_CURVE('',#2915,#2923,#2925,.T.);
#2923 = VERTEX_POINT('',#2924);
#2924 = CARTESIAN_POINT('',(2.22,-2.22,2.54));
#2925 = LINE('',#2926,#2927);
#2926 = CARTESIAN_POINT('',(2.22,-9.05,2.54));
#2927 = VECTOR('',#2928,1.);
#2928 = DIRECTION('',(0.,1.,0.));
#2929 = ORIENTED_EDGE('',*,*,#2930,.F.);
#2930 = EDGE_CURVE('',#2907,#2923,#2931,.T.);
#2931 = LINE('',#2932,#2933);
#2932 = CARTESIAN_POINT('',(1.745,-2.22,2.54));
#2933 = VECTOR('',#2934,1.);
#2934 = DIRECTION('',(-1.,0.,0.));
#2935 = FACE_BOUND('',#2936,.T.);
#2936 = EDGE_LOOP('',(#2937,#2947,#2955,#2963));
#2937 = ORIENTED_EDGE('',*,*,#2938,.T.);
#2938 = EDGE_CURVE('',#2939,#2941,#2943,.T.);
#2939 = VERTEX_POINT('',#2940);
#2940 = CARTESIAN_POINT('',(0.32,-2.86,2.54));
#2941 = VERTEX_POINT('',#2942);
#2942 = CARTESIAN_POINT('',(-0.32,-2.86,2.54));
#2943 = LINE('',#2944,#2945);
#2944 = CARTESIAN_POINT('',(0.475,-2.86,2.54));
#2945 = VECTOR('',#2946,1.);
#2946 = DIRECTION('',(-1.,0.,0.));
#2947 = ORIENTED_EDGE('',*,*,#2948,.T.);
#2948 = EDGE_CURVE('',#2941,#2949,#2951,.T.);
#2949 = VERTEX_POINT('',#2950);
#2950 = CARTESIAN_POINT('',(-0.32,-2.22,2.54));
#2951 = LINE('',#2952,#2953);
#2952 = CARTESIAN_POINT('',(-0.32,-9.05,2.54));
#2953 = VECTOR('',#2954,1.);
#2954 = DIRECTION('',(0.,1.,0.));
#2955 = ORIENTED_EDGE('',*,*,#2956,.F.);
#2956 = EDGE_CURVE('',#2957,#2949,#2959,.T.);
#2957 = VERTEX_POINT('',#2958);
#2958 = CARTESIAN_POINT('',(0.32,-2.22,2.54));
#2959 = LINE('',#2960,#2961);
#2960 = CARTESIAN_POINT('',(0.475,-2.22,2.54));
#2961 = VECTOR('',#2962,1.);
#2962 = DIRECTION('',(-1.,0.,0.));
#2963 = ORIENTED_EDGE('',*,*,#2964,.F.);
#2964 = EDGE_CURVE('',#2939,#2957,#2965,.T.);
#2965 = LINE('',#2966,#2967);
#2966 = CARTESIAN_POINT('',(0.32,-9.05,2.54));
#2967 = VECTOR('',#2968,1.);
#2968 = DIRECTION('',(0.,1.,0.));
#2969 = FACE_BOUND('',#2970,.T.);
#2970 = EDGE_LOOP('',(#2971,#2981,#2989,#2997));
#2971 = ORIENTED_EDGE('',*,*,#2972,.F.);
#2972 = EDGE_CURVE('',#2973,#2975,#2977,.T.);
#2973 = VERTEX_POINT('',#2974);
#2974 = CARTESIAN_POINT('',(0.32,-5.4,2.54));
#2975 = VERTEX_POINT('',#2976);
#2976 = CARTESIAN_POINT('',(0.32,-4.76,2.54));
#2977 = LINE('',#2978,#2979);
#2978 = CARTESIAN_POINT('',(0.32,-10.32,2.54));
#2979 = VECTOR('',#2980,1.);
#2980 = DIRECTION('',(0.,1.,0.));
#2981 = ORIENTED_EDGE('',*,*,#2982,.T.);
#2982 = EDGE_CURVE('',#2973,#2983,#2985,.T.);
#2983 = VERTEX_POINT('',#2984);
#2984 = CARTESIAN_POINT('',(-0.32,-5.4,2.54));
#2985 = LINE('',#2986,#2987);
#2986 = CARTESIAN_POINT('',(0.475,-5.4,2.54));
#2987 = VECTOR('',#2988,1.);
#2988 = DIRECTION('',(-1.,0.,0.));
#2989 = ORIENTED_EDGE('',*,*,#2990,.T.);
#2990 = EDGE_CURVE('',#2983,#2991,#2993,.T.);
#2991 = VERTEX_POINT('',#2992);
#2992 = CARTESIAN_POINT('',(-0.32,-4.76,2.54));
#2993 = LINE('',#2994,#2995);
#2994 = CARTESIAN_POINT('',(-0.32,-10.32,2.54));
#2995 = VECTOR('',#2996,1.);
#2996 = DIRECTION('',(0.,1.,0.));
#2997 = ORIENTED_EDGE('',*,*,#2998,.F.);
#2998 = EDGE_CURVE('',#2975,#2991,#2999,.T.);
#2999 = LINE('',#3000,#3001);
#3000 = CARTESIAN_POINT('',(0.475,-4.76,2.54));
#3001 = VECTOR('',#3002,1.);
#3002 = DIRECTION('',(-1.,0.,0.));
#3003 = FACE_BOUND('',#3004,.T.);
#3004 = EDGE_LOOP('',(#3005,#3015,#3023,#3031));
#3005 = ORIENTED_EDGE('',*,*,#3006,.T.);
#3006 = EDGE_CURVE('',#3007,#3009,#3011,.T.);
#3007 = VERTEX_POINT('',#3008);
#3008 = CARTESIAN_POINT('',(2.86,-5.4,2.54));
#3009 = VERTEX_POINT('',#3010);
#3010 = CARTESIAN_POINT('',(2.22,-5.4,2.54));
#3011 = LINE('',#3012,#3013);
#3012 = CARTESIAN_POINT('',(1.745,-5.4,2.54));
#3013 = VECTOR('',#3014,1.);
#3014 = DIRECTION('',(-1.,0.,0.));
#3015 = ORIENTED_EDGE('',*,*,#3016,.T.);
#3016 = EDGE_CURVE('',#3009,#3017,#3019,.T.);
#3017 = VERTEX_POINT('',#3018);
#3018 = CARTESIAN_POINT('',(2.22,-4.76,2.54));
#3019 = LINE('',#3020,#3021);
#3020 = CARTESIAN_POINT('',(2.22,-10.32,2.54));
#3021 = VECTOR('',#3022,1.);
#3022 = DIRECTION('',(0.,1.,0.));
#3023 = ORIENTED_EDGE('',*,*,#3024,.F.);
#3024 = EDGE_CURVE('',#3025,#3017,#3027,.T.);
#3025 = VERTEX_POINT('',#3026);
#3026 = CARTESIAN_POINT('',(2.86,-4.76,2.54));
#3027 = LINE('',#3028,#3029);
#3028 = CARTESIAN_POINT('',(1.745,-4.76,2.54));
#3029 = VECTOR('',#3030,1.);
#3030 = DIRECTION('',(-1.,0.,0.));
#3031 = ORIENTED_EDGE('',*,*,#3032,.F.);
#3032 = EDGE_CURVE('',#3007,#3025,#3033,.T.);
#3033 = LINE('',#3034,#3035);
#3034 = CARTESIAN_POINT('',(2.86,-10.32,2.54));
#3035 = VECTOR('',#3036,1.);
#3036 = DIRECTION('',(0.,1.,0.));
#3037 = FACE_BOUND('',#3038,.T.);
#3038 = EDGE_LOOP('',(#3039,#3049,#3057,#3065));
#3039 = ORIENTED_EDGE('',*,*,#3040,.F.);
#3040 = EDGE_CURVE('',#3041,#3043,#3045,.T.);
#3041 = VERTEX_POINT('',#3042);
#3042 = CARTESIAN_POINT('',(0.32,-7.94,2.54));
#3043 = VERTEX_POINT('',#3044);
#3044 = CARTESIAN_POINT('',(0.32,-7.3,2.54));
#3045 = LINE('',#3046,#3047);
#3046 = CARTESIAN_POINT('',(0.32,-11.59,2.54));
#3047 = VECTOR('',#3048,1.);
#3048 = DIRECTION('',(0.,1.,0.));
#3049 = ORIENTED_EDGE('',*,*,#3050,.T.);
#3050 = EDGE_CURVE('',#3041,#3051,#3053,.T.);
#3051 = VERTEX_POINT('',#3052);
#3052 = CARTESIAN_POINT('',(-0.32,-7.94,2.54));
#3053 = LINE('',#3054,#3055);
#3054 = CARTESIAN_POINT('',(0.475,-7.94,2.54));
#3055 = VECTOR('',#3056,1.);
#3056 = DIRECTION('',(-1.,0.,0.));
#3057 = ORIENTED_EDGE('',*,*,#3058,.T.);
#3058 = EDGE_CURVE('',#3051,#3059,#3061,.T.);
#3059 = VERTEX_POINT('',#3060);
#3060 = CARTESIAN_POINT('',(-0.32,-7.3,2.54));
#3061 = LINE('',#3062,#3063);
#3062 = CARTESIAN_POINT('',(-0.32,-11.59,2.54));
#3063 = VECTOR('',#3064,1.);
#3064 = DIRECTION('',(0.,1.,0.));
#3065 = ORIENTED_EDGE('',*,*,#3066,.F.);
#3066 = EDGE_CURVE('',#3043,#3059,#3067,.T.);
#3067 = LINE('',#3068,#3069);
#3068 = CARTESIAN_POINT('',(0.475,-7.3,2.54));
#3069 = VECTOR('',#3070,1.);
#3070 = DIRECTION('',(-1.,0.,0.));
#3071 = FACE_BOUND('',#3072,.T.);
#3072 = EDGE_LOOP('',(#3073,#3083,#3091,#3099));
#3073 = ORIENTED_EDGE('',*,*,#3074,.F.);
#3074 = EDGE_CURVE('',#3075,#3077,#3079,.T.);
#3075 = VERTEX_POINT('',#3076);
#3076 = CARTESIAN_POINT('',(2.86,-7.94,2.54));
#3077 = VERTEX_POINT('',#3078);
#3078 = CARTESIAN_POINT('',(2.86,-7.3,2.54));
#3079 = LINE('',#3080,#3081);
#3080 = CARTESIAN_POINT('',(2.86,-11.59,2.54));
#3081 = VECTOR('',#3082,1.);
#3082 = DIRECTION('',(0.,1.,0.));
#3083 = ORIENTED_EDGE('',*,*,#3084,.T.);
#3084 = EDGE_CURVE('',#3075,#3085,#3087,.T.);
#3085 = VERTEX_POINT('',#3086);
#3086 = CARTESIAN_POINT('',(2.22,-7.94,2.54));
#3087 = LINE('',#3088,#3089);
#3088 = CARTESIAN_POINT('',(1.745,-7.94,2.54));
#3089 = VECTOR('',#3090,1.);
#3090 = DIRECTION('',(-1.,0.,0.));
#3091 = ORIENTED_EDGE('',*,*,#3092,.T.);
#3092 = EDGE_CURVE('',#3085,#3093,#3095,.T.);
#3093 = VERTEX_POINT('',#3094);
#3094 = CARTESIAN_POINT('',(2.22,-7.3,2.54));
#3095 = LINE('',#3096,#3097);
#3096 = CARTESIAN_POINT('',(2.22,-11.59,2.54));
#3097 = VECTOR('',#3098,1.);
#3098 = DIRECTION('',(0.,1.,0.));
#3099 = ORIENTED_EDGE('',*,*,#3100,.F.);
#3100 = EDGE_CURVE('',#3077,#3093,#3101,.T.);
#3101 = LINE('',#3102,#3103);
#3102 = CARTESIAN_POINT('',(1.745,-7.3,2.54));
#3103 = VECTOR('',#3104,1.);
#3104 = DIRECTION('',(-1.,0.,0.));
#3105 = FACE_BOUND('',#3106,.T.);
#3106 = EDGE_LOOP('',(#3107,#3117,#3125,#3133));
#3107 = ORIENTED_EDGE('',*,*,#3108,.F.);
#3108 = EDGE_CURVE('',#3109,#3111,#3113,.T.);
#3109 = VERTEX_POINT('',#3110);
#3110 = CARTESIAN_POINT('',(0.32,0.32,2.54));
#3111 = VERTEX_POINT('',#3112);
#3112 = CARTESIAN_POINT('',(-0.32,0.32,2.54));
#3113 = LINE('',#3114,#3115);
#3114 = CARTESIAN_POINT('',(0.475,0.32,2.54));
#3115 = VECTOR('',#3116,1.);
#3116 = DIRECTION('',(-1.,0.,0.));
#3117 = ORIENTED_EDGE('',*,*,#3118,.F.);
#3118 = EDGE_CURVE('',#3119,#3109,#3121,.T.);
#3119 = VERTEX_POINT('',#3120);
#3120 = CARTESIAN_POINT('',(0.32,-0.32,2.54));
#3121 = LINE('',#3122,#3123);
#3122 = CARTESIAN_POINT('',(0.32,-7.78,2.54));
#3123 = VECTOR('',#3124,1.);
#3124 = DIRECTION('',(0.,1.,0.));
#3125 = ORIENTED_EDGE('',*,*,#3126,.T.);
#3126 = EDGE_CURVE('',#3119,#3127,#3129,.T.);
#3127 = VERTEX_POINT('',#3128);
#3128 = CARTESIAN_POINT('',(-0.32,-0.32,2.54));
#3129 = LINE('',#3130,#3131);
#3130 = CARTESIAN_POINT('',(0.475,-0.32,2.54));
#3131 = VECTOR('',#3132,1.);
#3132 = DIRECTION('',(-1.,0.,0.));
#3133 = ORIENTED_EDGE('',*,*,#3134,.T.);
#3134 = EDGE_CURVE('',#3127,#3111,#3135,.T.);
#3135 = LINE('',#3136,#3137);
#3136 = CARTESIAN_POINT('',(-0.32,-7.78,2.54));
#3137 = VECTOR('',#3138,1.);
#3138 = DIRECTION('',(0.,1.,0.));
#3139 = FACE_BOUND('',#3140,.T.);
#3140 = EDGE_LOOP('',(#3141,#3151,#3159,#3167));
#3141 = ORIENTED_EDGE('',*,*,#3142,.F.);
#3142 = EDGE_CURVE('',#3143,#3145,#3147,.T.);
#3143 = VERTEX_POINT('',#3144);
#3144 = CARTESIAN_POINT('',(2.86,-0.32,2.54));
#3145 = VERTEX_POINT('',#3146);
#3146 = CARTESIAN_POINT('',(2.86,0.32,2.54));
#3147 = LINE('',#3148,#3149);
#3148 = CARTESIAN_POINT('',(2.86,-7.78,2.54));
#3149 = VECTOR('',#3150,1.);
#3150 = DIRECTION('',(0.,1.,0.));
#3151 = ORIENTED_EDGE('',*,*,#3152,.T.);
#3152 = EDGE_CURVE('',#3143,#3153,#3155,.T.);
#3153 = VERTEX_POINT('',#3154);
#3154 = CARTESIAN_POINT('',(2.22,-0.32,2.54));
#3155 = LINE('',#3156,#3157);
#3156 = CARTESIAN_POINT('',(1.745,-0.32,2.54));
#3157 = VECTOR('',#3158,1.);
#3158 = DIRECTION('',(-1.,0.,0.));
#3159 = ORIENTED_EDGE('',*,*,#3160,.T.);
#3160 = EDGE_CURVE('',#3153,#3161,#3163,.T.);
#3161 = VERTEX_POINT('',#3162);
#3162 = CARTESIAN_POINT('',(2.22,0.32,2.54));
#3163 = LINE('',#3164,#3165);
#3164 = CARTESIAN_POINT('',(2.22,-7.78,2.54));
#3165 = VECTOR('',#3166,1.);
#3166 = DIRECTION('',(0.,1.,0.));
#3167 = ORIENTED_EDGE('',*,*,#3168,.F.);
#3168 = EDGE_CURVE('',#3145,#3161,#3169,.T.);
#3169 = LINE('',#3170,#3171);
#3170 = CARTESIAN_POINT('',(1.745,0.32,2.54));
#3171 = VECTOR('',#3172,1.);
#3172 = DIRECTION('',(-1.,0.,0.));
#3173 = PLANE('',#3174);
#3174 = AXIS2_PLACEMENT_3D('',#3175,#3176,#3177);
#3175 = CARTESIAN_POINT('',(1.27,-15.24,2.54));
#3176 = DIRECTION('',(0.,0.,1.));
#3177 = DIRECTION('',(1.,0.,-0.));
#3178 = ADVANCED_FACE('',(#3179),#3190,.F.);
#3179 = FACE_BOUND('',#3180,.F.);
#3180 = EDGE_LOOP('',(#3181,#3187,#3188,#3189));
#3181 = ORIENTED_EDGE('',*,*,#3182,.T.);
#3182 = EDGE_CURVE('',#767,#2276,#3183,.T.);
#3183 = LINE('',#3184,#3185);
#3184 = CARTESIAN_POINT('',(3.81,1.016,0.));
#3185 = VECTOR('',#3186,1.);
#3186 = DIRECTION('',(0.,0.,1.));
#3187 = ORIENTED_EDGE('',*,*,#2283,.T.);
#3188 = ORIENTED_EDGE('',*,*,#102,.F.);
#3189 = ORIENTED_EDGE('',*,*,#774,.F.);
#3190 = PLANE('',#3191);
#3191 = AXIS2_PLACEMENT_3D('',#3192,#3193,#3194);
#3192 = CARTESIAN_POINT('',(3.81,1.016,0.));
#3193 = DIRECTION('',(-0.707106781187,-0.707106781187,0.));
#3194 = DIRECTION('',(-0.707106781187,0.707106781187,0.));
#3195 = ADVANCED_FACE('',(#3196),#3207,.F.);
#3196 = FACE_BOUND('',#3197,.F.);
#3197 = EDGE_LOOP('',(#3198,#3199,#3200,#3206));
#3198 = ORIENTED_EDGE('',*,*,#142,.T.);
#3199 = ORIENTED_EDGE('',*,*,#1675,.T.);
#3200 = ORIENTED_EDGE('',*,*,#3201,.F.);
#3201 = EDGE_CURVE('',#167,#1676,#3202,.T.);
#3202 = LINE('',#3203,#3204);
#3203 = CARTESIAN_POINT('',(-1.016,-1.27,0.));
#3204 = VECTOR('',#3205,1.);
#3205 = DIRECTION('',(0.,0.,1.));
#3206 = ORIENTED_EDGE('',*,*,#166,.F.);
#3207 = PLANE('',#3208);
#3208 = AXIS2_PLACEMENT_3D('',#3209,#3210,#3211);
#3209 = CARTESIAN_POINT('',(-1.27,-1.016,0.));
#3210 = DIRECTION('',(0.707106781187,0.707106781187,0.));
#3211 = DIRECTION('',(0.707106781187,-0.707106781187,0.));
#3212 = ADVANCED_FACE('',(#3213),#3224,.F.);
#3213 = FACE_BOUND('',#3214,.F.);
#3214 = EDGE_LOOP('',(#3215,#3221,#3222,#3223));
#3215 = ORIENTED_EDGE('',*,*,#3216,.T.);
#3216 = EDGE_CURVE('',#759,#2268,#3217,.T.);
#3217 = LINE('',#3218,#3219);
#3218 = CARTESIAN_POINT('',(3.81,-1.016,0.));
#3219 = VECTOR('',#3220,1.);
#3220 = DIRECTION('',(0.,0.,1.));
#3221 = ORIENTED_EDGE('',*,*,#2275,.T.);
#3222 = ORIENTED_EDGE('',*,*,#3182,.F.);
#3223 = ORIENTED_EDGE('',*,*,#766,.F.);
#3224 = PLANE('',#3225);
#3225 = AXIS2_PLACEMENT_3D('',#3226,#3227,#3228);
#3226 = CARTESIAN_POINT('',(3.81,-1.016,0.));
#3227 = DIRECTION('',(-1.,0.,0.));
#3228 = DIRECTION('',(0.,1.,0.));
#3229 = ADVANCED_FACE('',(#3230),#3241,.F.);
#3230 = FACE_BOUND('',#3231,.F.);
#3231 = EDGE_LOOP('',(#3232,#3233,#3234,#3240));
#3232 = ORIENTED_EDGE('',*,*,#3201,.T.);
#3233 = ORIENTED_EDGE('',*,*,#1683,.T.);
#3234 = ORIENTED_EDGE('',*,*,#3235,.F.);
#3235 = EDGE_CURVE('',#175,#1684,#3236,.T.);
#3236 = LINE('',#3237,#3238);
#3237 = CARTESIAN_POINT('',(-1.27,-1.524,0.));
#3238 = VECTOR('',#3239,1.);
#3239 = DIRECTION('',(0.,0.,1.));
#3240 = ORIENTED_EDGE('',*,*,#174,.F.);
#3241 = PLANE('',#3242);
#3242 = AXIS2_PLACEMENT_3D('',#3243,#3244,#3245);
#3243 = CARTESIAN_POINT('',(-1.016,-1.27,0.));
#3244 = DIRECTION('',(0.707106781187,-0.707106781187,0.));
#3245 = DIRECTION('',(-0.707106781187,-0.707106781187,0.));
#3246 = ADVANCED_FACE('',(#3247),#3258,.F.);
#3247 = FACE_BOUND('',#3248,.F.);
#3248 = EDGE_LOOP('',(#3249,#3255,#3256,#3257));
#3249 = ORIENTED_EDGE('',*,*,#3250,.T.);
#3250 = EDGE_CURVE('',#751,#2260,#3251,.T.);
#3251 = LINE('',#3252,#3253);
#3252 = CARTESIAN_POINT('',(3.556,-1.27,0.));
#3253 = VECTOR('',#3254,1.);
#3254 = DIRECTION('',(0.,0.,1.));
#3255 = ORIENTED_EDGE('',*,*,#2267,.T.);
#3256 = ORIENTED_EDGE('',*,*,#3216,.F.);
#3257 = ORIENTED_EDGE('',*,*,#758,.F.);
#3258 = PLANE('',#3259);
#3259 = AXIS2_PLACEMENT_3D('',#3260,#3261,#3262);
#3260 = CARTESIAN_POINT('',(3.556,-1.27,0.));
#3261 = DIRECTION('',(-0.707106781187,0.707106781187,0.));
#3262 = DIRECTION('',(0.707106781187,0.707106781187,0.));
#3263 = ADVANCED_FACE('',(#3264),#3275,.F.);
#3264 = FACE_BOUND('',#3265,.F.);
#3265 = EDGE_LOOP('',(#3266,#3267,#3268,#3274));
#3266 = ORIENTED_EDGE('',*,*,#3235,.T.);
#3267 = ORIENTED_EDGE('',*,*,#1691,.T.);
#3268 = ORIENTED_EDGE('',*,*,#3269,.F.);
#3269 = EDGE_CURVE('',#183,#1692,#3270,.T.);
#3270 = LINE('',#3271,#3272);
#3271 = CARTESIAN_POINT('',(-1.27,-3.556,0.));
#3272 = VECTOR('',#3273,1.);
#3273 = DIRECTION('',(0.,0.,1.));
#3274 = ORIENTED_EDGE('',*,*,#182,.F.);
#3275 = PLANE('',#3276);
#3276 = AXIS2_PLACEMENT_3D('',#3277,#3278,#3279);
#3277 = CARTESIAN_POINT('',(-1.27,-1.524,0.));
#3278 = DIRECTION('',(1.,0.,0.));
#3279 = DIRECTION('',(0.,-1.,0.));
#3280 = ADVANCED_FACE('',(#3281),#3292,.F.);
#3281 = FACE_BOUND('',#3282,.F.);
#3282 = EDGE_LOOP('',(#3283,#3289,#3290,#3291));
#3283 = ORIENTED_EDGE('',*,*,#3284,.T.);
#3284 = EDGE_CURVE('',#743,#2252,#3285,.T.);
#3285 = LINE('',#3286,#3287);
#3286 = CARTESIAN_POINT('',(3.81,-1.524,0.));
#3287 = VECTOR('',#3288,1.);
#3288 = DIRECTION('',(0.,0.,1.));
#3289 = ORIENTED_EDGE('',*,*,#2259,.T.);
#3290 = ORIENTED_EDGE('',*,*,#3250,.F.);
#3291 = ORIENTED_EDGE('',*,*,#750,.F.);
#3292 = PLANE('',#3293);
#3293 = AXIS2_PLACEMENT_3D('',#3294,#3295,#3296);
#3294 = CARTESIAN_POINT('',(3.81,-1.524,0.));
#3295 = DIRECTION('',(-0.707106781187,-0.707106781187,0.));
#3296 = DIRECTION('',(-0.707106781187,0.707106781187,0.));
#3297 = ADVANCED_FACE('',(#3298),#3309,.F.);
#3298 = FACE_BOUND('',#3299,.F.);
#3299 = EDGE_LOOP('',(#3300,#3301,#3302,#3308));
#3300 = ORIENTED_EDGE('',*,*,#3269,.T.);
#3301 = ORIENTED_EDGE('',*,*,#1699,.T.);
#3302 = ORIENTED_EDGE('',*,*,#3303,.F.);
#3303 = EDGE_CURVE('',#191,#1700,#3304,.T.);
#3304 = LINE('',#3305,#3306);
#3305 = CARTESIAN_POINT('',(-1.016,-3.81,0.));
#3306 = VECTOR('',#3307,1.);
#3307 = DIRECTION('',(0.,0.,1.));
#3308 = ORIENTED_EDGE('',*,*,#190,.F.);
#3309 = PLANE('',#3310);
#3310 = AXIS2_PLACEMENT_3D('',#3311,#3312,#3313);
#3311 = CARTESIAN_POINT('',(-1.27,-3.556,0.));
#3312 = DIRECTION('',(0.707106781187,0.707106781187,0.));
#3313 = DIRECTION('',(0.707106781187,-0.707106781187,0.));
#3314 = ADVANCED_FACE('',(#3315),#3326,.F.);
#3315 = FACE_BOUND('',#3316,.F.);
#3316 = EDGE_LOOP('',(#3317,#3323,#3324,#3325));
#3317 = ORIENTED_EDGE('',*,*,#3318,.T.);
#3318 = EDGE_CURVE('',#735,#2244,#3319,.T.);
#3319 = LINE('',#3320,#3321);
#3320 = CARTESIAN_POINT('',(3.81,-3.556,0.));
#3321 = VECTOR('',#3322,1.);
#3322 = DIRECTION('',(0.,0.,1.));
#3323 = ORIENTED_EDGE('',*,*,#2251,.T.);
#3324 = ORIENTED_EDGE('',*,*,#3284,.F.);
#3325 = ORIENTED_EDGE('',*,*,#742,.F.);
#3326 = PLANE('',#3327);
#3327 = AXIS2_PLACEMENT_3D('',#3328,#3329,#3330);
#3328 = CARTESIAN_POINT('',(3.81,-3.556,0.));
#3329 = DIRECTION('',(-1.,0.,0.));
#3330 = DIRECTION('',(0.,1.,0.));
#3331 = ADVANCED_FACE('',(#3332),#3343,.F.);
#3332 = FACE_BOUND('',#3333,.F.);
#3333 = EDGE_LOOP('',(#3334,#3335,#3336,#3342));
#3334 = ORIENTED_EDGE('',*,*,#3303,.T.);
#3335 = ORIENTED_EDGE('',*,*,#1707,.T.);
#3336 = ORIENTED_EDGE('',*,*,#3337,.F.);
#3337 = EDGE_CURVE('',#199,#1708,#3338,.T.);
#3338 = LINE('',#3339,#3340);
#3339 = CARTESIAN_POINT('',(-1.27,-4.064,0.));
#3340 = VECTOR('',#3341,1.);
#3341 = DIRECTION('',(0.,0.,1.));
#3342 = ORIENTED_EDGE('',*,*,#198,.F.);
#3343 = PLANE('',#3344);
#3344 = AXIS2_PLACEMENT_3D('',#3345,#3346,#3347);
#3345 = CARTESIAN_POINT('',(-1.016,-3.81,0.));
#3346 = DIRECTION('',(0.707106781187,-0.707106781187,0.));
#3347 = DIRECTION('',(-0.707106781187,-0.707106781187,0.));
#3348 = ADVANCED_FACE('',(#3349),#3360,.F.);
#3349 = FACE_BOUND('',#3350,.F.);
#3350 = EDGE_LOOP('',(#3351,#3357,#3358,#3359));
#3351 = ORIENTED_EDGE('',*,*,#3352,.T.);
#3352 = EDGE_CURVE('',#727,#2236,#3353,.T.);
#3353 = LINE('',#3354,#3355);
#3354 = CARTESIAN_POINT('',(3.556,-3.81,0.));
#3355 = VECTOR('',#3356,1.);
#3356 = DIRECTION('',(0.,0.,1.));
#3357 = ORIENTED_EDGE('',*,*,#2243,.T.);
#3358 = ORIENTED_EDGE('',*,*,#3318,.F.);
#3359 = ORIENTED_EDGE('',*,*,#734,.F.);
#3360 = PLANE('',#3361);
#3361 = AXIS2_PLACEMENT_3D('',#3362,#3363,#3364);
#3362 = CARTESIAN_POINT('',(3.556,-3.81,0.));
#3363 = DIRECTION('',(-0.707106781187,0.707106781187,0.));
#3364 = DIRECTION('',(0.707106781187,0.707106781187,0.));
#3365 = ADVANCED_FACE('',(#3366),#3377,.F.);
#3366 = FACE_BOUND('',#3367,.F.);
#3367 = EDGE_LOOP('',(#3368,#3369,#3370,#3376));
#3368 = ORIENTED_EDGE('',*,*,#3337,.T.);
#3369 = ORIENTED_EDGE('',*,*,#1715,.T.);
#3370 = ORIENTED_EDGE('',*,*,#3371,.F.);
#3371 = EDGE_CURVE('',#207,#1716,#3372,.T.);
#3372 = LINE('',#3373,#3374);
#3373 = CARTESIAN_POINT('',(-1.27,-6.096,0.));
#3374 = VECTOR('',#3375,1.);
#3375 = DIRECTION('',(0.,0.,1.));
#3376 = ORIENTED_EDGE('',*,*,#206,.F.);
#3377 = PLANE('',#3378);
#3378 = AXIS2_PLACEMENT_3D('',#3379,#3380,#3381);
#3379 = CARTESIAN_POINT('',(-1.27,-4.064,0.));
#3380 = DIRECTION('',(1.,0.,0.));
#3381 = DIRECTION('',(0.,-1.,0.));
#3382 = ADVANCED_FACE('',(#3383),#3394,.F.);
#3383 = FACE_BOUND('',#3384,.F.);
#3384 = EDGE_LOOP('',(#3385,#3391,#3392,#3393));
#3385 = ORIENTED_EDGE('',*,*,#3386,.T.);
#3386 = EDGE_CURVE('',#719,#2228,#3387,.T.);
#3387 = LINE('',#3388,#3389);
#3388 = CARTESIAN_POINT('',(3.81,-4.064,0.));
#3389 = VECTOR('',#3390,1.);
#3390 = DIRECTION('',(0.,0.,1.));
#3391 = ORIENTED_EDGE('',*,*,#2235,.T.);
#3392 = ORIENTED_EDGE('',*,*,#3352,.F.);
#3393 = ORIENTED_EDGE('',*,*,#726,.F.);
#3394 = PLANE('',#3395);
#3395 = AXIS2_PLACEMENT_3D('',#3396,#3397,#3398);
#3396 = CARTESIAN_POINT('',(3.81,-4.064,0.));
#3397 = DIRECTION('',(-0.707106781187,-0.707106781187,0.));
#3398 = DIRECTION('',(-0.707106781187,0.707106781187,0.));
#3399 = ADVANCED_FACE('',(#3400),#3411,.F.);
#3400 = FACE_BOUND('',#3401,.F.);
#3401 = EDGE_LOOP('',(#3402,#3403,#3404,#3410));
#3402 = ORIENTED_EDGE('',*,*,#3371,.T.);
#3403 = ORIENTED_EDGE('',*,*,#1723,.T.);
#3404 = ORIENTED_EDGE('',*,*,#3405,.F.);
#3405 = EDGE_CURVE('',#215,#1724,#3406,.T.);
#3406 = LINE('',#3407,#3408);
#3407 = CARTESIAN_POINT('',(-1.016,-6.35,0.));
#3408 = VECTOR('',#3409,1.);
#3409 = DIRECTION('',(0.,0.,1.));
#3410 = ORIENTED_EDGE('',*,*,#214,.F.);
#3411 = PLANE('',#3412);
#3412 = AXIS2_PLACEMENT_3D('',#3413,#3414,#3415);
#3413 = CARTESIAN_POINT('',(-1.27,-6.096,0.));
#3414 = DIRECTION('',(0.707106781187,0.707106781187,0.));
#3415 = DIRECTION('',(0.707106781187,-0.707106781187,0.));
#3416 = ADVANCED_FACE('',(#3417),#3428,.F.);
#3417 = FACE_BOUND('',#3418,.F.);
#3418 = EDGE_LOOP('',(#3419,#3425,#3426,#3427));
#3419 = ORIENTED_EDGE('',*,*,#3420,.T.);
#3420 = EDGE_CURVE('',#711,#2220,#3421,.T.);
#3421 = LINE('',#3422,#3423);
#3422 = CARTESIAN_POINT('',(3.81,-6.096,0.));
#3423 = VECTOR('',#3424,1.);
#3424 = DIRECTION('',(0.,0.,1.));
#3425 = ORIENTED_EDGE('',*,*,#2227,.T.);
#3426 = ORIENTED_EDGE('',*,*,#3386,.F.);
#3427 = ORIENTED_EDGE('',*,*,#718,.F.);
#3428 = PLANE('',#3429);
#3429 = AXIS2_PLACEMENT_3D('',#3430,#3431,#3432);
#3430 = CARTESIAN_POINT('',(3.81,-6.096,0.));
#3431 = DIRECTION('',(-1.,0.,0.));
#3432 = DIRECTION('',(0.,1.,0.));
#3433 = ADVANCED_FACE('',(#3434),#3445,.F.);
#3434 = FACE_BOUND('',#3435,.F.);
#3435 = EDGE_LOOP('',(#3436,#3437,#3438,#3444));
#3436 = ORIENTED_EDGE('',*,*,#3405,.T.);
#3437 = ORIENTED_EDGE('',*,*,#1731,.T.);
#3438 = ORIENTED_EDGE('',*,*,#3439,.F.);
#3439 = EDGE_CURVE('',#223,#1732,#3440,.T.);
#3440 = LINE('',#3441,#3442);
#3441 = CARTESIAN_POINT('',(-1.27,-6.604,0.));
#3442 = VECTOR('',#3443,1.);
#3443 = DIRECTION('',(0.,0.,1.));
#3444 = ORIENTED_EDGE('',*,*,#222,.F.);
#3445 = PLANE('',#3446);
#3446 = AXIS2_PLACEMENT_3D('',#3447,#3448,#3449);
#3447 = CARTESIAN_POINT('',(-1.016,-6.35,0.));
#3448 = DIRECTION('',(0.707106781187,-0.707106781187,0.));
#3449 = DIRECTION('',(-0.707106781187,-0.707106781187,0.));
#3450 = ADVANCED_FACE('',(#3451),#3462,.F.);
#3451 = FACE_BOUND('',#3452,.F.);
#3452 = EDGE_LOOP('',(#3453,#3459,#3460,#3461));
#3453 = ORIENTED_EDGE('',*,*,#3454,.T.);
#3454 = EDGE_CURVE('',#703,#2212,#3455,.T.);
#3455 = LINE('',#3456,#3457);
#3456 = CARTESIAN_POINT('',(3.556,-6.35,0.));
#3457 = VECTOR('',#3458,1.);
#3458 = DIRECTION('',(0.,0.,1.));
#3459 = ORIENTED_EDGE('',*,*,#2219,.T.);
#3460 = ORIENTED_EDGE('',*,*,#3420,.F.);
#3461 = ORIENTED_EDGE('',*,*,#710,.F.);
#3462 = PLANE('',#3463);
#3463 = AXIS2_PLACEMENT_3D('',#3464,#3465,#3466);
#3464 = CARTESIAN_POINT('',(3.556,-6.35,0.));
#3465 = DIRECTION('',(-0.707106781187,0.707106781187,0.));
#3466 = DIRECTION('',(0.707106781187,0.707106781187,0.));
#3467 = ADVANCED_FACE('',(#3468),#3479,.F.);
#3468 = FACE_BOUND('',#3469,.F.);
#3469 = EDGE_LOOP('',(#3470,#3471,#3472,#3478));
#3470 = ORIENTED_EDGE('',*,*,#3439,.T.);
#3471 = ORIENTED_EDGE('',*,*,#1739,.T.);
#3472 = ORIENTED_EDGE('',*,*,#3473,.F.);
#3473 = EDGE_CURVE('',#231,#1740,#3474,.T.);
#3474 = LINE('',#3475,#3476);
#3475 = CARTESIAN_POINT('',(-1.27,-8.636,0.));
#3476 = VECTOR('',#3477,1.);
#3477 = DIRECTION('',(0.,0.,1.));
#3478 = ORIENTED_EDGE('',*,*,#230,.F.);
#3479 = PLANE('',#3480);
#3480 = AXIS2_PLACEMENT_3D('',#3481,#3482,#3483);
#3481 = CARTESIAN_POINT('',(-1.27,-6.604,0.));
#3482 = DIRECTION('',(1.,0.,0.));
#3483 = DIRECTION('',(0.,-1.,0.));
#3484 = ADVANCED_FACE('',(#3485),#3496,.F.);
#3485 = FACE_BOUND('',#3486,.F.);
#3486 = EDGE_LOOP('',(#3487,#3493,#3494,#3495));
#3487 = ORIENTED_EDGE('',*,*,#3488,.T.);
#3488 = EDGE_CURVE('',#695,#2204,#3489,.T.);
#3489 = LINE('',#3490,#3491);
#3490 = CARTESIAN_POINT('',(3.81,-6.604,0.));
#3491 = VECTOR('',#3492,1.);
#3492 = DIRECTION('',(0.,0.,1.));
#3493 = ORIENTED_EDGE('',*,*,#2211,.T.);
#3494 = ORIENTED_EDGE('',*,*,#3454,.F.);
#3495 = ORIENTED_EDGE('',*,*,#702,.F.);
#3496 = PLANE('',#3497);
#3497 = AXIS2_PLACEMENT_3D('',#3498,#3499,#3500);
#3498 = CARTESIAN_POINT('',(3.81,-6.604,0.));
#3499 = DIRECTION('',(-0.707106781187,-0.707106781187,0.));
#3500 = DIRECTION('',(-0.707106781187,0.707106781187,0.));
#3501 = ADVANCED_FACE('',(#3502),#3513,.F.);
#3502 = FACE_BOUND('',#3503,.F.);
#3503 = EDGE_LOOP('',(#3504,#3505,#3506,#3512));
#3504 = ORIENTED_EDGE('',*,*,#3473,.T.);
#3505 = ORIENTED_EDGE('',*,*,#1747,.T.);
#3506 = ORIENTED_EDGE('',*,*,#3507,.F.);
#3507 = EDGE_CURVE('',#239,#1748,#3508,.T.);
#3508 = LINE('',#3509,#3510);
#3509 = CARTESIAN_POINT('',(-1.016,-8.89,0.));
#3510 = VECTOR('',#3511,1.);
#3511 = DIRECTION('',(0.,0.,1.));
#3512 = ORIENTED_EDGE('',*,*,#238,.F.);
#3513 = PLANE('',#3514);
#3514 = AXIS2_PLACEMENT_3D('',#3515,#3516,#3517);
#3515 = CARTESIAN_POINT('',(-1.27,-8.636,0.));
#3516 = DIRECTION('',(0.707106781187,0.707106781187,0.));
#3517 = DIRECTION('',(0.707106781187,-0.707106781187,0.));
#3518 = ADVANCED_FACE('',(#3519),#3530,.F.);
#3519 = FACE_BOUND('',#3520,.F.);
#3520 = EDGE_LOOP('',(#3521,#3527,#3528,#3529));
#3521 = ORIENTED_EDGE('',*,*,#3522,.T.);
#3522 = EDGE_CURVE('',#687,#2196,#3523,.T.);
#3523 = LINE('',#3524,#3525);
#3524 = CARTESIAN_POINT('',(3.81,-8.636,0.));
#3525 = VECTOR('',#3526,1.);
#3526 = DIRECTION('',(0.,0.,1.));
#3527 = ORIENTED_EDGE('',*,*,#2203,.T.);
#3528 = ORIENTED_EDGE('',*,*,#3488,.F.);
#3529 = ORIENTED_EDGE('',*,*,#694,.F.);
#3530 = PLANE('',#3531);
#3531 = AXIS2_PLACEMENT_3D('',#3532,#3533,#3534);
#3532 = CARTESIAN_POINT('',(3.81,-8.636,0.));
#3533 = DIRECTION('',(-1.,0.,0.));
#3534 = DIRECTION('',(0.,1.,0.));
#3535 = ADVANCED_FACE('',(#3536),#3547,.F.);
#3536 = FACE_BOUND('',#3537,.F.);
#3537 = EDGE_LOOP('',(#3538,#3539,#3540,#3546));
#3538 = ORIENTED_EDGE('',*,*,#3507,.T.);
#3539 = ORIENTED_EDGE('',*,*,#1755,.T.);
#3540 = ORIENTED_EDGE('',*,*,#3541,.F.);
#3541 = EDGE_CURVE('',#247,#1756,#3542,.T.);
#3542 = LINE('',#3543,#3544);
#3543 = CARTESIAN_POINT('',(-1.27,-9.144,0.));
#3544 = VECTOR('',#3545,1.);
#3545 = DIRECTION('',(0.,0.,1.));
#3546 = ORIENTED_EDGE('',*,*,#246,.F.);
#3547 = PLANE('',#3548);
#3548 = AXIS2_PLACEMENT_3D('',#3549,#3550,#3551);
#3549 = CARTESIAN_POINT('',(-1.016,-8.89,0.));
#3550 = DIRECTION('',(0.707106781187,-0.707106781187,0.));
#3551 = DIRECTION('',(-0.707106781187,-0.707106781187,0.));
#3552 = ADVANCED_FACE('',(#3553),#3564,.F.);
#3553 = FACE_BOUND('',#3554,.F.);
#3554 = EDGE_LOOP('',(#3555,#3561,#3562,#3563));
#3555 = ORIENTED_EDGE('',*,*,#3556,.T.);
#3556 = EDGE_CURVE('',#679,#2188,#3557,.T.);
#3557 = LINE('',#3558,#3559);
#3558 = CARTESIAN_POINT('',(3.556,-8.89,0.));
#3559 = VECTOR('',#3560,1.);
#3560 = DIRECTION('',(0.,0.,1.));
#3561 = ORIENTED_EDGE('',*,*,#2195,.T.);
#3562 = ORIENTED_EDGE('',*,*,#3522,.F.);
#3563 = ORIENTED_EDGE('',*,*,#686,.F.);
#3564 = PLANE('',#3565);
#3565 = AXIS2_PLACEMENT_3D('',#3566,#3567,#3568);
#3566 = CARTESIAN_POINT('',(3.556,-8.89,0.));
#3567 = DIRECTION('',(-0.707106781187,0.707106781187,0.));
#3568 = DIRECTION('',(0.707106781187,0.707106781187,0.));
#3569 = ADVANCED_FACE('',(#3570),#3581,.F.);
#3570 = FACE_BOUND('',#3571,.F.);
#3571 = EDGE_LOOP('',(#3572,#3573,#3574,#3580));
#3572 = ORIENTED_EDGE('',*,*,#3541,.T.);
#3573 = ORIENTED_EDGE('',*,*,#1763,.T.);
#3574 = ORIENTED_EDGE('',*,*,#3575,.F.);
#3575 = EDGE_CURVE('',#255,#1764,#3576,.T.);
#3576 = LINE('',#3577,#3578);
#3577 = CARTESIAN_POINT('',(-1.27,-11.176,0.));
#3578 = VECTOR('',#3579,1.);
#3579 = DIRECTION('',(0.,0.,1.));
#3580 = ORIENTED_EDGE('',*,*,#254,.F.);
#3581 = PLANE('',#3582);
#3582 = AXIS2_PLACEMENT_3D('',#3583,#3584,#3585);
#3583 = CARTESIAN_POINT('',(-1.27,-9.144,0.));
#3584 = DIRECTION('',(1.,0.,0.));
#3585 = DIRECTION('',(0.,-1.,0.));
#3586 = ADVANCED_FACE('',(#3587),#3598,.F.);
#3587 = FACE_BOUND('',#3588,.F.);
#3588 = EDGE_LOOP('',(#3589,#3595,#3596,#3597));
#3589 = ORIENTED_EDGE('',*,*,#3590,.T.);
#3590 = EDGE_CURVE('',#671,#2180,#3591,.T.);
#3591 = LINE('',#3592,#3593);
#3592 = CARTESIAN_POINT('',(3.81,-9.144,0.));
#3593 = VECTOR('',#3594,1.);
#3594 = DIRECTION('',(0.,0.,1.));
#3595 = ORIENTED_EDGE('',*,*,#2187,.T.);
#3596 = ORIENTED_EDGE('',*,*,#3556,.F.);
#3597 = ORIENTED_EDGE('',*,*,#678,.F.);
#3598 = PLANE('',#3599);
#3599 = AXIS2_PLACEMENT_3D('',#3600,#3601,#3602);
#3600 = CARTESIAN_POINT('',(3.81,-9.144,0.));
#3601 = DIRECTION('',(-0.707106781187,-0.707106781187,0.));
#3602 = DIRECTION('',(-0.707106781187,0.707106781187,0.));
#3603 = ADVANCED_FACE('',(#3604),#3615,.F.);
#3604 = FACE_BOUND('',#3605,.F.);
#3605 = EDGE_LOOP('',(#3606,#3607,#3608,#3614));
#3606 = ORIENTED_EDGE('',*,*,#3575,.T.);
#3607 = ORIENTED_EDGE('',*,*,#1771,.T.);
#3608 = ORIENTED_EDGE('',*,*,#3609,.F.);
#3609 = EDGE_CURVE('',#263,#1772,#3610,.T.);
#3610 = LINE('',#3611,#3612);
#3611 = CARTESIAN_POINT('',(-1.016,-11.43,0.));
#3612 = VECTOR('',#3613,1.);
#3613 = DIRECTION('',(0.,0.,1.));
#3614 = ORIENTED_EDGE('',*,*,#262,.F.);
#3615 = PLANE('',#3616);
#3616 = AXIS2_PLACEMENT_3D('',#3617,#3618,#3619);
#3617 = CARTESIAN_POINT('',(-1.27,-11.176,0.));
#3618 = DIRECTION('',(0.707106781187,0.707106781187,0.));
#3619 = DIRECTION('',(0.707106781187,-0.707106781187,0.));
#3620 = ADVANCED_FACE('',(#3621),#3632,.F.);
#3621 = FACE_BOUND('',#3622,.F.);
#3622 = EDGE_LOOP('',(#3623,#3629,#3630,#3631));
#3623 = ORIENTED_EDGE('',*,*,#3624,.T.);
#3624 = EDGE_CURVE('',#663,#2172,#3625,.T.);
#3625 = LINE('',#3626,#3627);
#3626 = CARTESIAN_POINT('',(3.81,-11.176,0.));
#3627 = VECTOR('',#3628,1.);
#3628 = DIRECTION('',(0.,0.,1.));
#3629 = ORIENTED_EDGE('',*,*,#2179,.T.);
#3630 = ORIENTED_EDGE('',*,*,#3590,.F.);
#3631 = ORIENTED_EDGE('',*,*,#670,.F.);
#3632 = PLANE('',#3633);
#3633 = AXIS2_PLACEMENT_3D('',#3634,#3635,#3636);
#3634 = CARTESIAN_POINT('',(3.81,-11.176,0.));
#3635 = DIRECTION('',(-1.,0.,0.));
#3636 = DIRECTION('',(0.,1.,0.));
#3637 = ADVANCED_FACE('',(#3638),#3649,.F.);
#3638 = FACE_BOUND('',#3639,.F.);
#3639 = EDGE_LOOP('',(#3640,#3641,#3642,#3648));
#3640 = ORIENTED_EDGE('',*,*,#3609,.T.);
#3641 = ORIENTED_EDGE('',*,*,#1779,.T.);
#3642 = ORIENTED_EDGE('',*,*,#3643,.F.);
#3643 = EDGE_CURVE('',#271,#1780,#3644,.T.);
#3644 = LINE('',#3645,#3646);
#3645 = CARTESIAN_POINT('',(-1.27,-11.684,0.));
#3646 = VECTOR('',#3647,1.);
#3647 = DIRECTION('',(0.,0.,1.));
#3648 = ORIENTED_EDGE('',*,*,#270,.F.);
#3649 = PLANE('',#3650);
#3650 = AXIS2_PLACEMENT_3D('',#3651,#3652,#3653);
#3651 = CARTESIAN_POINT('',(-1.016,-11.43,0.));
#3652 = DIRECTION('',(0.707106781187,-0.707106781187,0.));
#3653 = DIRECTION('',(-0.707106781187,-0.707106781187,0.));
#3654 = ADVANCED_FACE('',(#3655),#3666,.F.);
#3655 = FACE_BOUND('',#3656,.F.);
#3656 = EDGE_LOOP('',(#3657,#3663,#3664,#3665));
#3657 = ORIENTED_EDGE('',*,*,#3658,.T.);
#3658 = EDGE_CURVE('',#655,#2164,#3659,.T.);
#3659 = LINE('',#3660,#3661);
#3660 = CARTESIAN_POINT('',(3.556,-11.43,0.));
#3661 = VECTOR('',#3662,1.);
#3662 = DIRECTION('',(0.,0.,1.));
#3663 = ORIENTED_EDGE('',*,*,#2171,.T.);
#3664 = ORIENTED_EDGE('',*,*,#3624,.F.);
#3665 = ORIENTED_EDGE('',*,*,#662,.F.);
#3666 = PLANE('',#3667);
#3667 = AXIS2_PLACEMENT_3D('',#3668,#3669,#3670);
#3668 = CARTESIAN_POINT('',(3.556,-11.43,0.));
#3669 = DIRECTION('',(-0.707106781187,0.707106781187,0.));
#3670 = DIRECTION('',(0.707106781187,0.707106781187,0.));
#3671 = ADVANCED_FACE('',(#3672),#3683,.F.);
#3672 = FACE_BOUND('',#3673,.F.);
#3673 = EDGE_LOOP('',(#3674,#3675,#3676,#3682));
#3674 = ORIENTED_EDGE('',*,*,#3643,.T.);
#3675 = ORIENTED_EDGE('',*,*,#1787,.T.);
#3676 = ORIENTED_EDGE('',*,*,#3677,.F.);
#3677 = EDGE_CURVE('',#279,#1788,#3678,.T.);
#3678 = LINE('',#3679,#3680);
#3679 = CARTESIAN_POINT('',(-1.27,-13.716,0.));
#3680 = VECTOR('',#3681,1.);
#3681 = DIRECTION('',(0.,0.,1.));
#3682 = ORIENTED_EDGE('',*,*,#278,.F.);
#3683 = PLANE('',#3684);
#3684 = AXIS2_PLACEMENT_3D('',#3685,#3686,#3687);
#3685 = CARTESIAN_POINT('',(-1.27,-11.684,0.));
#3686 = DIRECTION('',(1.,0.,0.));
#3687 = DIRECTION('',(0.,-1.,0.));
#3688 = ADVANCED_FACE('',(#3689),#3700,.F.);
#3689 = FACE_BOUND('',#3690,.F.);
#3690 = EDGE_LOOP('',(#3691,#3697,#3698,#3699));
#3691 = ORIENTED_EDGE('',*,*,#3692,.T.);
#3692 = EDGE_CURVE('',#647,#2156,#3693,.T.);
#3693 = LINE('',#3694,#3695);
#3694 = CARTESIAN_POINT('',(3.81,-11.684,0.));
#3695 = VECTOR('',#3696,1.);
#3696 = DIRECTION('',(0.,0.,1.));
#3697 = ORIENTED_EDGE('',*,*,#2163,.T.);
#3698 = ORIENTED_EDGE('',*,*,#3658,.F.);
#3699 = ORIENTED_EDGE('',*,*,#654,.F.);
#3700 = PLANE('',#3701);
#3701 = AXIS2_PLACEMENT_3D('',#3702,#3703,#3704);
#3702 = CARTESIAN_POINT('',(3.81,-11.684,0.));
#3703 = DIRECTION('',(-0.707106781187,-0.707106781187,0.));
#3704 = DIRECTION('',(-0.707106781187,0.707106781187,0.));
#3705 = ADVANCED_FACE('',(#3706),#3717,.F.);
#3706 = FACE_BOUND('',#3707,.F.);
#3707 = EDGE_LOOP('',(#3708,#3709,#3710,#3716));
#3708 = ORIENTED_EDGE('',*,*,#3677,.T.);
#3709 = ORIENTED_EDGE('',*,*,#1795,.T.);
#3710 = ORIENTED_EDGE('',*,*,#3711,.F.);
#3711 = EDGE_CURVE('',#287,#1796,#3712,.T.);
#3712 = LINE('',#3713,#3714);
#3713 = CARTESIAN_POINT('',(-1.016,-13.97,0.));
#3714 = VECTOR('',#3715,1.);
#3715 = DIRECTION('',(0.,0.,1.));
#3716 = ORIENTED_EDGE('',*,*,#286,.F.);
#3717 = PLANE('',#3718);
#3718 = AXIS2_PLACEMENT_3D('',#3719,#3720,#3721);
#3719 = CARTESIAN_POINT('',(-1.27,-13.716,0.));
#3720 = DIRECTION('',(0.707106781187,0.707106781187,0.));
#3721 = DIRECTION('',(0.707106781187,-0.707106781187,0.));
#3722 = ADVANCED_FACE('',(#3723),#3734,.F.);
#3723 = FACE_BOUND('',#3724,.F.);
#3724 = EDGE_LOOP('',(#3725,#3731,#3732,#3733));
#3725 = ORIENTED_EDGE('',*,*,#3726,.T.);
#3726 = EDGE_CURVE('',#639,#2148,#3727,.T.);
#3727 = LINE('',#3728,#3729);
#3728 = CARTESIAN_POINT('',(3.81,-13.716,0.));
#3729 = VECTOR('',#3730,1.);
#3730 = DIRECTION('',(0.,0.,1.));
#3731 = ORIENTED_EDGE('',*,*,#2155,.T.);
#3732 = ORIENTED_EDGE('',*,*,#3692,.F.);
#3733 = ORIENTED_EDGE('',*,*,#646,.F.);
#3734 = PLANE('',#3735);
#3735 = AXIS2_PLACEMENT_3D('',#3736,#3737,#3738);
#3736 = CARTESIAN_POINT('',(3.81,-13.716,0.));
#3737 = DIRECTION('',(-1.,0.,0.));
#3738 = DIRECTION('',(0.,1.,0.));
#3739 = ADVANCED_FACE('',(#3740),#3751,.F.);
#3740 = FACE_BOUND('',#3741,.F.);
#3741 = EDGE_LOOP('',(#3742,#3743,#3744,#3750));
#3742 = ORIENTED_EDGE('',*,*,#3711,.T.);
#3743 = ORIENTED_EDGE('',*,*,#1803,.T.);
#3744 = ORIENTED_EDGE('',*,*,#3745,.F.);
#3745 = EDGE_CURVE('',#295,#1804,#3746,.T.);
#3746 = LINE('',#3747,#3748);
#3747 = CARTESIAN_POINT('',(-1.27,-14.224,0.));
#3748 = VECTOR('',#3749,1.);
#3749 = DIRECTION('',(0.,0.,1.));
#3750 = ORIENTED_EDGE('',*,*,#294,.F.);
#3751 = PLANE('',#3752);
#3752 = AXIS2_PLACEMENT_3D('',#3753,#3754,#3755);
#3753 = CARTESIAN_POINT('',(-1.016,-13.97,0.));
#3754 = DIRECTION('',(0.707106781187,-0.707106781187,0.));
#3755 = DIRECTION('',(-0.707106781187,-0.707106781187,0.));
#3756 = ADVANCED_FACE('',(#3757),#3768,.F.);
#3757 = FACE_BOUND('',#3758,.F.);
#3758 = EDGE_LOOP('',(#3759,#3765,#3766,#3767));
#3759 = ORIENTED_EDGE('',*,*,#3760,.T.);
#3760 = EDGE_CURVE('',#631,#2140,#3761,.T.);
#3761 = LINE('',#3762,#3763);
#3762 = CARTESIAN_POINT('',(3.556,-13.97,0.));
#3763 = VECTOR('',#3764,1.);
#3764 = DIRECTION('',(0.,0.,1.));
#3765 = ORIENTED_EDGE('',*,*,#2147,.T.);
#3766 = ORIENTED_EDGE('',*,*,#3726,.F.);
#3767 = ORIENTED_EDGE('',*,*,#638,.F.);
#3768 = PLANE('',#3769);
#3769 = AXIS2_PLACEMENT_3D('',#3770,#3771,#3772);
#3770 = CARTESIAN_POINT('',(3.556,-13.97,0.));
#3771 = DIRECTION('',(-0.707106781187,0.707106781187,0.));
#3772 = DIRECTION('',(0.707106781187,0.707106781187,0.));
#3773 = ADVANCED_FACE('',(#3774),#3785,.F.);
#3774 = FACE_BOUND('',#3775,.F.);
#3775 = EDGE_LOOP('',(#3776,#3777,#3778,#3784));
#3776 = ORIENTED_EDGE('',*,*,#3745,.T.);
#3777 = ORIENTED_EDGE('',*,*,#1811,.T.);
#3778 = ORIENTED_EDGE('',*,*,#3779,.F.);
#3779 = EDGE_CURVE('',#303,#1812,#3780,.T.);
#3780 = LINE('',#3781,#3782);
#3781 = CARTESIAN_POINT('',(-1.27,-16.256,0.));
#3782 = VECTOR('',#3783,1.);
#3783 = DIRECTION('',(0.,0.,1.));
#3784 = ORIENTED_EDGE('',*,*,#302,.F.);
#3785 = PLANE('',#3786);
#3786 = AXIS2_PLACEMENT_3D('',#3787,#3788,#3789);
#3787 = CARTESIAN_POINT('',(-1.27,-14.224,0.));
#3788 = DIRECTION('',(1.,0.,0.));
#3789 = DIRECTION('',(0.,-1.,0.));
#3790 = ADVANCED_FACE('',(#3791),#3802,.F.);
#3791 = FACE_BOUND('',#3792,.F.);
#3792 = EDGE_LOOP('',(#3793,#3799,#3800,#3801));
#3793 = ORIENTED_EDGE('',*,*,#3794,.T.);
#3794 = EDGE_CURVE('',#623,#2132,#3795,.T.);
#3795 = LINE('',#3796,#3797);
#3796 = CARTESIAN_POINT('',(3.81,-14.224,0.));
#3797 = VECTOR('',#3798,1.);
#3798 = DIRECTION('',(0.,0.,1.));
#3799 = ORIENTED_EDGE('',*,*,#2139,.T.);
#3800 = ORIENTED_EDGE('',*,*,#3760,.F.);
#3801 = ORIENTED_EDGE('',*,*,#630,.F.);
#3802 = PLANE('',#3803);
#3803 = AXIS2_PLACEMENT_3D('',#3804,#3805,#3806);
#3804 = CARTESIAN_POINT('',(3.81,-14.224,0.));
#3805 = DIRECTION('',(-0.707106781187,-0.707106781187,0.));
#3806 = DIRECTION('',(-0.707106781187,0.707106781187,0.));
#3807 = ADVANCED_FACE('',(#3808),#3819,.F.);
#3808 = FACE_BOUND('',#3809,.F.);
#3809 = EDGE_LOOP('',(#3810,#3811,#3812,#3818));
#3810 = ORIENTED_EDGE('',*,*,#3779,.T.);
#3811 = ORIENTED_EDGE('',*,*,#1819,.T.);
#3812 = ORIENTED_EDGE('',*,*,#3813,.F.);
#3813 = EDGE_CURVE('',#311,#1820,#3814,.T.);
#3814 = LINE('',#3815,#3816);
#3815 = CARTESIAN_POINT('',(-1.016,-16.51,0.));
#3816 = VECTOR('',#3817,1.);
#3817 = DIRECTION('',(0.,0.,1.));
#3818 = ORIENTED_EDGE('',*,*,#310,.F.);
#3819 = PLANE('',#3820);
#3820 = AXIS2_PLACEMENT_3D('',#3821,#3822,#3823);
#3821 = CARTESIAN_POINT('',(-1.27,-16.256,0.));
#3822 = DIRECTION('',(0.707106781187,0.707106781187,0.));
#3823 = DIRECTION('',(0.707106781187,-0.707106781187,0.));
#3824 = ADVANCED_FACE('',(#3825),#3836,.F.);
#3825 = FACE_BOUND('',#3826,.F.);
#3826 = EDGE_LOOP('',(#3827,#3833,#3834,#3835));
#3827 = ORIENTED_EDGE('',*,*,#3828,.T.);
#3828 = EDGE_CURVE('',#615,#2124,#3829,.T.);
#3829 = LINE('',#3830,#3831);
#3830 = CARTESIAN_POINT('',(3.81,-16.256,0.));
#3831 = VECTOR('',#3832,1.);
#3832 = DIRECTION('',(0.,0.,1.));
#3833 = ORIENTED_EDGE('',*,*,#2131,.T.);
#3834 = ORIENTED_EDGE('',*,*,#3794,.F.);
#3835 = ORIENTED_EDGE('',*,*,#622,.F.);
#3836 = PLANE('',#3837);
#3837 = AXIS2_PLACEMENT_3D('',#3838,#3839,#3840);
#3838 = CARTESIAN_POINT('',(3.81,-16.256,0.));
#3839 = DIRECTION('',(-1.,0.,0.));
#3840 = DIRECTION('',(0.,1.,0.));
#3841 = ADVANCED_FACE('',(#3842),#3853,.F.);
#3842 = FACE_BOUND('',#3843,.F.);
#3843 = EDGE_LOOP('',(#3844,#3845,#3846,#3852));
#3844 = ORIENTED_EDGE('',*,*,#3813,.T.);
#3845 = ORIENTED_EDGE('',*,*,#1827,.T.);
#3846 = ORIENTED_EDGE('',*,*,#3847,.F.);
#3847 = EDGE_CURVE('',#319,#1828,#3848,.T.);
#3848 = LINE('',#3849,#3850);
#3849 = CARTESIAN_POINT('',(-1.27,-16.764,0.));
#3850 = VECTOR('',#3851,1.);
#3851 = DIRECTION('',(0.,0.,1.));
#3852 = ORIENTED_EDGE('',*,*,#318,.F.);
#3853 = PLANE('',#3854);
#3854 = AXIS2_PLACEMENT_3D('',#3855,#3856,#3857);
#3855 = CARTESIAN_POINT('',(-1.016,-16.51,0.));
#3856 = DIRECTION('',(0.707106781187,-0.707106781187,0.));
#3857 = DIRECTION('',(-0.707106781187,-0.707106781187,0.));
#3858 = ADVANCED_FACE('',(#3859),#3870,.F.);
#3859 = FACE_BOUND('',#3860,.F.);
#3860 = EDGE_LOOP('',(#3861,#3867,#3868,#3869));
#3861 = ORIENTED_EDGE('',*,*,#3862,.T.);
#3862 = EDGE_CURVE('',#607,#2116,#3863,.T.);
#3863 = LINE('',#3864,#3865);
#3864 = CARTESIAN_POINT('',(3.556,-16.51,0.));
#3865 = VECTOR('',#3866,1.);
#3866 = DIRECTION('',(0.,0.,1.));
#3867 = ORIENTED_EDGE('',*,*,#2123,.T.);
#3868 = ORIENTED_EDGE('',*,*,#3828,.F.);
#3869 = ORIENTED_EDGE('',*,*,#614,.F.);
#3870 = PLANE('',#3871);
#3871 = AXIS2_PLACEMENT_3D('',#3872,#3873,#3874);
#3872 = CARTESIAN_POINT('',(3.556,-16.51,0.));
#3873 = DIRECTION('',(-0.707106781187,0.707106781187,0.));
#3874 = DIRECTION('',(0.707106781187,0.707106781187,0.));
#3875 = ADVANCED_FACE('',(#3876),#3887,.F.);
#3876 = FACE_BOUND('',#3877,.F.);
#3877 = EDGE_LOOP('',(#3878,#3879,#3880,#3886));
#3878 = ORIENTED_EDGE('',*,*,#3847,.T.);
#3879 = ORIENTED_EDGE('',*,*,#1835,.T.);
#3880 = ORIENTED_EDGE('',*,*,#3881,.F.);
#3881 = EDGE_CURVE('',#327,#1836,#3882,.T.);
#3882 = LINE('',#3883,#3884);
#3883 = CARTESIAN_POINT('',(-1.27,-18.796,0.));
#3884 = VECTOR('',#3885,1.);
#3885 = DIRECTION('',(0.,0.,1.));
#3886 = ORIENTED_EDGE('',*,*,#326,.F.);
#3887 = PLANE('',#3888);
#3888 = AXIS2_PLACEMENT_3D('',#3889,#3890,#3891);
#3889 = CARTESIAN_POINT('',(-1.27,-16.764,0.));
#3890 = DIRECTION('',(1.,0.,0.));
#3891 = DIRECTION('',(0.,-1.,0.));
#3892 = ADVANCED_FACE('',(#3893),#3904,.F.);
#3893 = FACE_BOUND('',#3894,.F.);
#3894 = EDGE_LOOP('',(#3895,#3901,#3902,#3903));
#3895 = ORIENTED_EDGE('',*,*,#3896,.T.);
#3896 = EDGE_CURVE('',#599,#2108,#3897,.T.);
#3897 = LINE('',#3898,#3899);
#3898 = CARTESIAN_POINT('',(3.81,-16.764,0.));
#3899 = VECTOR('',#3900,1.);
#3900 = DIRECTION('',(0.,0.,1.));
#3901 = ORIENTED_EDGE('',*,*,#2115,.T.);
#3902 = ORIENTED_EDGE('',*,*,#3862,.F.);
#3903 = ORIENTED_EDGE('',*,*,#606,.F.);
#3904 = PLANE('',#3905);
#3905 = AXIS2_PLACEMENT_3D('',#3906,#3907,#3908);
#3906 = CARTESIAN_POINT('',(3.81,-16.764,0.));
#3907 = DIRECTION('',(-0.707106781187,-0.707106781187,0.));
#3908 = DIRECTION('',(-0.707106781187,0.707106781187,0.));
#3909 = ADVANCED_FACE('',(#3910),#3921,.F.);
#3910 = FACE_BOUND('',#3911,.F.);
#3911 = EDGE_LOOP('',(#3912,#3913,#3914,#3920));
#3912 = ORIENTED_EDGE('',*,*,#3881,.T.);
#3913 = ORIENTED_EDGE('',*,*,#1843,.T.);
#3914 = ORIENTED_EDGE('',*,*,#3915,.F.);
#3915 = EDGE_CURVE('',#335,#1844,#3916,.T.);
#3916 = LINE('',#3917,#3918);
#3917 = CARTESIAN_POINT('',(-1.016,-19.05,0.));
#3918 = VECTOR('',#3919,1.);
#3919 = DIRECTION('',(0.,0.,1.));
#3920 = ORIENTED_EDGE('',*,*,#334,.F.);
#3921 = PLANE('',#3922);
#3922 = AXIS2_PLACEMENT_3D('',#3923,#3924,#3925);
#3923 = CARTESIAN_POINT('',(-1.27,-18.796,0.));
#3924 = DIRECTION('',(0.707106781187,0.707106781187,0.));
#3925 = DIRECTION('',(0.707106781187,-0.707106781187,0.));
#3926 = ADVANCED_FACE('',(#3927),#3938,.F.);
#3927 = FACE_BOUND('',#3928,.F.);
#3928 = EDGE_LOOP('',(#3929,#3935,#3936,#3937));
#3929 = ORIENTED_EDGE('',*,*,#3930,.T.);
#3930 = EDGE_CURVE('',#591,#2100,#3931,.T.);
#3931 = LINE('',#3932,#3933);
#3932 = CARTESIAN_POINT('',(3.81,-18.796,0.));
#3933 = VECTOR('',#3934,1.);
#3934 = DIRECTION('',(0.,0.,1.));
#3935 = ORIENTED_EDGE('',*,*,#2107,.T.);
#3936 = ORIENTED_EDGE('',*,*,#3896,.F.);
#3937 = ORIENTED_EDGE('',*,*,#598,.F.);
#3938 = PLANE('',#3939);
#3939 = AXIS2_PLACEMENT_3D('',#3940,#3941,#3942);
#3940 = CARTESIAN_POINT('',(3.81,-18.796,0.));
#3941 = DIRECTION('',(-1.,0.,0.));
#3942 = DIRECTION('',(0.,1.,0.));
#3943 = ADVANCED_FACE('',(#3944),#3955,.F.);
#3944 = FACE_BOUND('',#3945,.F.);
#3945 = EDGE_LOOP('',(#3946,#3947,#3948,#3954));
#3946 = ORIENTED_EDGE('',*,*,#3915,.T.);
#3947 = ORIENTED_EDGE('',*,*,#1851,.T.);
#3948 = ORIENTED_EDGE('',*,*,#3949,.F.);
#3949 = EDGE_CURVE('',#343,#1852,#3950,.T.);
#3950 = LINE('',#3951,#3952);
#3951 = CARTESIAN_POINT('',(-1.27,-19.304,0.));
#3952 = VECTOR('',#3953,1.);
#3953 = DIRECTION('',(0.,0.,1.));
#3954 = ORIENTED_EDGE('',*,*,#342,.F.);
#3955 = PLANE('',#3956);
#3956 = AXIS2_PLACEMENT_3D('',#3957,#3958,#3959);
#3957 = CARTESIAN_POINT('',(-1.016,-19.05,0.));
#3958 = DIRECTION('',(0.707106781187,-0.707106781187,0.));
#3959 = DIRECTION('',(-0.707106781187,-0.707106781187,0.));
#3960 = ADVANCED_FACE('',(#3961),#3972,.F.);
#3961 = FACE_BOUND('',#3962,.F.);
#3962 = EDGE_LOOP('',(#3963,#3969,#3970,#3971));
#3963 = ORIENTED_EDGE('',*,*,#3964,.T.);
#3964 = EDGE_CURVE('',#583,#2092,#3965,.T.);
#3965 = LINE('',#3966,#3967);
#3966 = CARTESIAN_POINT('',(3.556,-19.05,0.));
#3967 = VECTOR('',#3968,1.);
#3968 = DIRECTION('',(0.,0.,1.));
#3969 = ORIENTED_EDGE('',*,*,#2099,.T.);
#3970 = ORIENTED_EDGE('',*,*,#3930,.F.);
#3971 = ORIENTED_EDGE('',*,*,#590,.F.);
#3972 = PLANE('',#3973);
#3973 = AXIS2_PLACEMENT_3D('',#3974,#3975,#3976);
#3974 = CARTESIAN_POINT('',(3.556,-19.05,0.));
#3975 = DIRECTION('',(-0.707106781187,0.707106781187,0.));
#3976 = DIRECTION('',(0.707106781187,0.707106781187,0.));
#3977 = ADVANCED_FACE('',(#3978),#3989,.F.);
#3978 = FACE_BOUND('',#3979,.F.);
#3979 = EDGE_LOOP('',(#3980,#3981,#3982,#3988));
#3980 = ORIENTED_EDGE('',*,*,#3949,.T.);
#3981 = ORIENTED_EDGE('',*,*,#1859,.T.);
#3982 = ORIENTED_EDGE('',*,*,#3983,.F.);
#3983 = EDGE_CURVE('',#351,#1860,#3984,.T.);
#3984 = LINE('',#3985,#3986);
#3985 = CARTESIAN_POINT('',(-1.27,-21.336,0.));
#3986 = VECTOR('',#3987,1.);
#3987 = DIRECTION('',(0.,0.,1.));
#3988 = ORIENTED_EDGE('',*,*,#350,.F.);
#3989 = PLANE('',#3990);
#3990 = AXIS2_PLACEMENT_3D('',#3991,#3992,#3993);
#3991 = CARTESIAN_POINT('',(-1.27,-19.304,0.));
#3992 = DIRECTION('',(1.,0.,0.));
#3993 = DIRECTION('',(0.,-1.,0.));
#3994 = ADVANCED_FACE('',(#3995),#4006,.F.);
#3995 = FACE_BOUND('',#3996,.F.);
#3996 = EDGE_LOOP('',(#3997,#4003,#4004,#4005));
#3997 = ORIENTED_EDGE('',*,*,#3998,.T.);
#3998 = EDGE_CURVE('',#575,#2084,#3999,.T.);
#3999 = LINE('',#4000,#4001);
#4000 = CARTESIAN_POINT('',(3.81,-19.304,0.));
#4001 = VECTOR('',#4002,1.);
#4002 = DIRECTION('',(0.,0.,1.));
#4003 = ORIENTED_EDGE('',*,*,#2091,.T.);
#4004 = ORIENTED_EDGE('',*,*,#3964,.F.);
#4005 = ORIENTED_EDGE('',*,*,#582,.F.);
#4006 = PLANE('',#4007);
#4007 = AXIS2_PLACEMENT_3D('',#4008,#4009,#4010);
#4008 = CARTESIAN_POINT('',(3.81,-19.304,0.));
#4009 = DIRECTION('',(-0.707106781187,-0.707106781187,0.));
#4010 = DIRECTION('',(-0.707106781187,0.707106781187,0.));
#4011 = ADVANCED_FACE('',(#4012),#4023,.F.);
#4012 = FACE_BOUND('',#4013,.F.);
#4013 = EDGE_LOOP('',(#4014,#4015,#4016,#4022));
#4014 = ORIENTED_EDGE('',*,*,#3983,.T.);
#4015 = ORIENTED_EDGE('',*,*,#1867,.T.);
#4016 = ORIENTED_EDGE('',*,*,#4017,.F.);
#4017 = EDGE_CURVE('',#359,#1868,#4018,.T.);
#4018 = LINE('',#4019,#4020);
#4019 = CARTESIAN_POINT('',(-1.016,-21.59,0.));
#4020 = VECTOR('',#4021,1.);
#4021 = DIRECTION('',(0.,0.,1.));
#4022 = ORIENTED_EDGE('',*,*,#358,.F.);
#4023 = PLANE('',#4024);
#4024 = AXIS2_PLACEMENT_3D('',#4025,#4026,#4027);
#4025 = CARTESIAN_POINT('',(-1.27,-21.336,0.));
#4026 = DIRECTION('',(0.707106781187,0.707106781187,0.));
#4027 = DIRECTION('',(0.707106781187,-0.707106781187,0.));
#4028 = ADVANCED_FACE('',(#4029),#4040,.F.);
#4029 = FACE_BOUND('',#4030,.F.);
#4030 = EDGE_LOOP('',(#4031,#4037,#4038,#4039));
#4031 = ORIENTED_EDGE('',*,*,#4032,.T.);
#4032 = EDGE_CURVE('',#567,#2076,#4033,.T.);
#4033 = LINE('',#4034,#4035);
#4034 = CARTESIAN_POINT('',(3.81,-21.336,0.));
#4035 = VECTOR('',#4036,1.);
#4036 = DIRECTION('',(0.,0.,1.));
#4037 = ORIENTED_EDGE('',*,*,#2083,.T.);
#4038 = ORIENTED_EDGE('',*,*,#3998,.F.);
#4039 = ORIENTED_EDGE('',*,*,#574,.F.);
#4040 = PLANE('',#4041);
#4041 = AXIS2_PLACEMENT_3D('',#4042,#4043,#4044);
#4042 = CARTESIAN_POINT('',(3.81,-21.336,0.));
#4043 = DIRECTION('',(-1.,0.,0.));
#4044 = DIRECTION('',(0.,1.,0.));
#4045 = ADVANCED_FACE('',(#4046),#4057,.F.);
#4046 = FACE_BOUND('',#4047,.F.);
#4047 = EDGE_LOOP('',(#4048,#4049,#4050,#4056));
#4048 = ORIENTED_EDGE('',*,*,#4017,.T.);
#4049 = ORIENTED_EDGE('',*,*,#1875,.T.);
#4050 = ORIENTED_EDGE('',*,*,#4051,.F.);
#4051 = EDGE_CURVE('',#367,#1876,#4052,.T.);
#4052 = LINE('',#4053,#4054);
#4053 = CARTESIAN_POINT('',(-1.27,-21.844,0.));
#4054 = VECTOR('',#4055,1.);
#4055 = DIRECTION('',(0.,0.,1.));
#4056 = ORIENTED_EDGE('',*,*,#366,.F.);
#4057 = PLANE('',#4058);
#4058 = AXIS2_PLACEMENT_3D('',#4059,#4060,#4061);
#4059 = CARTESIAN_POINT('',(-1.016,-21.59,0.));
#4060 = DIRECTION('',(0.707106781187,-0.707106781187,0.));
#4061 = DIRECTION('',(-0.707106781187,-0.707106781187,0.));
#4062 = ADVANCED_FACE('',(#4063),#4074,.F.);
#4063 = FACE_BOUND('',#4064,.F.);
#4064 = EDGE_LOOP('',(#4065,#4071,#4072,#4073));
#4065 = ORIENTED_EDGE('',*,*,#4066,.T.);
#4066 = EDGE_CURVE('',#559,#2068,#4067,.T.);
#4067 = LINE('',#4068,#4069);
#4068 = CARTESIAN_POINT('',(3.556,-21.59,0.));
#4069 = VECTOR('',#4070,1.);
#4070 = DIRECTION('',(0.,0.,1.));
#4071 = ORIENTED_EDGE('',*,*,#2075,.T.);
#4072 = ORIENTED_EDGE('',*,*,#4032,.F.);
#4073 = ORIENTED_EDGE('',*,*,#566,.F.);
#4074 = PLANE('',#4075);
#4075 = AXIS2_PLACEMENT_3D('',#4076,#4077,#4078);
#4076 = CARTESIAN_POINT('',(3.556,-21.59,0.));
#4077 = DIRECTION('',(-0.707106781187,0.707106781187,0.));
#4078 = DIRECTION('',(0.707106781187,0.707106781187,0.));
#4079 = ADVANCED_FACE('',(#4080),#4091,.F.);
#4080 = FACE_BOUND('',#4081,.F.);
#4081 = EDGE_LOOP('',(#4082,#4083,#4084,#4090));
#4082 = ORIENTED_EDGE('',*,*,#4051,.T.);
#4083 = ORIENTED_EDGE('',*,*,#1883,.T.);
#4084 = ORIENTED_EDGE('',*,*,#4085,.F.);
#4085 = EDGE_CURVE('',#375,#1884,#4086,.T.);
#4086 = LINE('',#4087,#4088);
#4087 = CARTESIAN_POINT('',(-1.27,-23.876,0.));
#4088 = VECTOR('',#4089,1.);
#4089 = DIRECTION('',(0.,0.,1.));
#4090 = ORIENTED_EDGE('',*,*,#374,.F.);
#4091 = PLANE('',#4092);
#4092 = AXIS2_PLACEMENT_3D('',#4093,#4094,#4095);
#4093 = CARTESIAN_POINT('',(-1.27,-21.844,0.));
#4094 = DIRECTION('',(1.,0.,0.));
#4095 = DIRECTION('',(0.,-1.,0.));
#4096 = ADVANCED_FACE('',(#4097),#4108,.F.);
#4097 = FACE_BOUND('',#4098,.F.);
#4098 = EDGE_LOOP('',(#4099,#4105,#4106,#4107));
#4099 = ORIENTED_EDGE('',*,*,#4100,.T.);
#4100 = EDGE_CURVE('',#551,#2060,#4101,.T.);
#4101 = LINE('',#4102,#4103);
#4102 = CARTESIAN_POINT('',(3.81,-21.844,0.));
#4103 = VECTOR('',#4104,1.);
#4104 = DIRECTION('',(0.,0.,1.));
#4105 = ORIENTED_EDGE('',*,*,#2067,.T.);
#4106 = ORIENTED_EDGE('',*,*,#4066,.F.);
#4107 = ORIENTED_EDGE('',*,*,#558,.F.);
#4108 = PLANE('',#4109);
#4109 = AXIS2_PLACEMENT_3D('',#4110,#4111,#4112);
#4110 = CARTESIAN_POINT('',(3.81,-21.844,0.));
#4111 = DIRECTION('',(-0.707106781187,-0.707106781187,0.));
#4112 = DIRECTION('',(-0.707106781187,0.707106781187,0.));
#4113 = ADVANCED_FACE('',(#4114),#4125,.F.);
#4114 = FACE_BOUND('',#4115,.F.);
#4115 = EDGE_LOOP('',(#4116,#4117,#4118,#4124));
#4116 = ORIENTED_EDGE('',*,*,#4085,.T.);
#4117 = ORIENTED_EDGE('',*,*,#1891,.T.);
#4118 = ORIENTED_EDGE('',*,*,#4119,.F.);
#4119 = EDGE_CURVE('',#383,#1892,#4120,.T.);
#4120 = LINE('',#4121,#4122);
#4121 = CARTESIAN_POINT('',(-1.016,-24.13,0.));
#4122 = VECTOR('',#4123,1.);
#4123 = DIRECTION('',(0.,0.,1.));
#4124 = ORIENTED_EDGE('',*,*,#382,.F.);
#4125 = PLANE('',#4126);
#4126 = AXIS2_PLACEMENT_3D('',#4127,#4128,#4129);
#4127 = CARTESIAN_POINT('',(-1.27,-23.876,0.));
#4128 = DIRECTION('',(0.707106781187,0.707106781187,0.));
#4129 = DIRECTION('',(0.707106781187,-0.707106781187,0.));
#4130 = ADVANCED_FACE('',(#4131),#4142,.F.);
#4131 = FACE_BOUND('',#4132,.F.);
#4132 = EDGE_LOOP('',(#4133,#4139,#4140,#4141));
#4133 = ORIENTED_EDGE('',*,*,#4134,.T.);
#4134 = EDGE_CURVE('',#543,#2052,#4135,.T.);
#4135 = LINE('',#4136,#4137);
#4136 = CARTESIAN_POINT('',(3.81,-23.876,0.));
#4137 = VECTOR('',#4138,1.);
#4138 = DIRECTION('',(0.,0.,1.));
#4139 = ORIENTED_EDGE('',*,*,#2059,.T.);
#4140 = ORIENTED_EDGE('',*,*,#4100,.F.);
#4141 = ORIENTED_EDGE('',*,*,#550,.F.);
#4142 = PLANE('',#4143);
#4143 = AXIS2_PLACEMENT_3D('',#4144,#4145,#4146);
#4144 = CARTESIAN_POINT('',(3.81,-23.876,0.));
#4145 = DIRECTION('',(-1.,0.,0.));
#4146 = DIRECTION('',(0.,1.,0.));
#4147 = ADVANCED_FACE('',(#4148),#4159,.F.);
#4148 = FACE_BOUND('',#4149,.F.);
#4149 = EDGE_LOOP('',(#4150,#4151,#4152,#4158));
#4150 = ORIENTED_EDGE('',*,*,#4119,.T.);
#4151 = ORIENTED_EDGE('',*,*,#1899,.T.);
#4152 = ORIENTED_EDGE('',*,*,#4153,.F.);
#4153 = EDGE_CURVE('',#391,#1900,#4154,.T.);
#4154 = LINE('',#4155,#4156);
#4155 = CARTESIAN_POINT('',(-1.27,-24.384,0.));
#4156 = VECTOR('',#4157,1.);
#4157 = DIRECTION('',(0.,0.,1.));
#4158 = ORIENTED_EDGE('',*,*,#390,.F.);
#4159 = PLANE('',#4160);
#4160 = AXIS2_PLACEMENT_3D('',#4161,#4162,#4163);
#4161 = CARTESIAN_POINT('',(-1.016,-24.13,0.));
#4162 = DIRECTION('',(0.707106781187,-0.707106781187,0.));
#4163 = DIRECTION('',(-0.707106781187,-0.707106781187,0.));
#4164 = ADVANCED_FACE('',(#4165),#4176,.F.);
#4165 = FACE_BOUND('',#4166,.F.);
#4166 = EDGE_LOOP('',(#4167,#4173,#4174,#4175));
#4167 = ORIENTED_EDGE('',*,*,#4168,.T.);
#4168 = EDGE_CURVE('',#535,#2044,#4169,.T.);
#4169 = LINE('',#4170,#4171);
#4170 = CARTESIAN_POINT('',(3.556,-24.13,0.));
#4171 = VECTOR('',#4172,1.);
#4172 = DIRECTION('',(0.,0.,1.));
#4173 = ORIENTED_EDGE('',*,*,#2051,.T.);
#4174 = ORIENTED_EDGE('',*,*,#4134,.F.);
#4175 = ORIENTED_EDGE('',*,*,#542,.F.);
#4176 = PLANE('',#4177);
#4177 = AXIS2_PLACEMENT_3D('',#4178,#4179,#4180);
#4178 = CARTESIAN_POINT('',(3.556,-24.13,0.));
#4179 = DIRECTION('',(-0.707106781187,0.707106781187,0.));
#4180 = DIRECTION('',(0.707106781187,0.707106781187,0.));
#4181 = ADVANCED_FACE('',(#4182),#4193,.F.);
#4182 = FACE_BOUND('',#4183,.F.);
#4183 = EDGE_LOOP('',(#4184,#4185,#4186,#4192));
#4184 = ORIENTED_EDGE('',*,*,#4153,.T.);
#4185 = ORIENTED_EDGE('',*,*,#1907,.T.);
#4186 = ORIENTED_EDGE('',*,*,#4187,.F.);
#4187 = EDGE_CURVE('',#399,#1908,#4188,.T.);
#4188 = LINE('',#4189,#4190);
#4189 = CARTESIAN_POINT('',(-1.27,-26.416,0.));
#4190 = VECTOR('',#4191,1.);
#4191 = DIRECTION('',(0.,0.,1.));
#4192 = ORIENTED_EDGE('',*,*,#398,.F.);
#4193 = PLANE('',#4194);
#4194 = AXIS2_PLACEMENT_3D('',#4195,#4196,#4197);
#4195 = CARTESIAN_POINT('',(-1.27,-24.384,0.));
#4196 = DIRECTION('',(1.,0.,0.));
#4197 = DIRECTION('',(0.,-1.,0.));
#4198 = ADVANCED_FACE('',(#4199),#4210,.F.);
#4199 = FACE_BOUND('',#4200,.F.);
#4200 = EDGE_LOOP('',(#4201,#4207,#4208,#4209));
#4201 = ORIENTED_EDGE('',*,*,#4202,.T.);
#4202 = EDGE_CURVE('',#527,#2036,#4203,.T.);
#4203 = LINE('',#4204,#4205);
#4204 = CARTESIAN_POINT('',(3.81,-24.384,0.));
#4205 = VECTOR('',#4206,1.);
#4206 = DIRECTION('',(0.,0.,1.));
#4207 = ORIENTED_EDGE('',*,*,#2043,.T.);
#4208 = ORIENTED_EDGE('',*,*,#4168,.F.);
#4209 = ORIENTED_EDGE('',*,*,#534,.F.);
#4210 = PLANE('',#4211);
#4211 = AXIS2_PLACEMENT_3D('',#4212,#4213,#4214);
#4212 = CARTESIAN_POINT('',(3.81,-24.384,0.));
#4213 = DIRECTION('',(-0.707106781187,-0.707106781187,0.));
#4214 = DIRECTION('',(-0.707106781187,0.707106781187,0.));
#4215 = ADVANCED_FACE('',(#4216),#4227,.F.);
#4216 = FACE_BOUND('',#4217,.F.);
#4217 = EDGE_LOOP('',(#4218,#4219,#4220,#4226));
#4218 = ORIENTED_EDGE('',*,*,#4187,.T.);
#4219 = ORIENTED_EDGE('',*,*,#1915,.T.);
#4220 = ORIENTED_EDGE('',*,*,#4221,.F.);
#4221 = EDGE_CURVE('',#407,#1916,#4222,.T.);
#4222 = LINE('',#4223,#4224);
#4223 = CARTESIAN_POINT('',(-1.016,-26.67,0.));
#4224 = VECTOR('',#4225,1.);
#4225 = DIRECTION('',(0.,0.,1.));
#4226 = ORIENTED_EDGE('',*,*,#406,.F.);
#4227 = PLANE('',#4228);
#4228 = AXIS2_PLACEMENT_3D('',#4229,#4230,#4231);
#4229 = CARTESIAN_POINT('',(-1.27,-26.416,0.));
#4230 = DIRECTION('',(0.707106781187,0.707106781187,0.));
#4231 = DIRECTION('',(0.707106781187,-0.707106781187,0.));
#4232 = ADVANCED_FACE('',(#4233),#4244,.F.);
#4233 = FACE_BOUND('',#4234,.F.);
#4234 = EDGE_LOOP('',(#4235,#4241,#4242,#4243));
#4235 = ORIENTED_EDGE('',*,*,#4236,.T.);
#4236 = EDGE_CURVE('',#519,#2028,#4237,.T.);
#4237 = LINE('',#4238,#4239);
#4238 = CARTESIAN_POINT('',(3.81,-26.416,0.));
#4239 = VECTOR('',#4240,1.);
#4240 = DIRECTION('',(0.,0.,1.));
#4241 = ORIENTED_EDGE('',*,*,#2035,.T.);
#4242 = ORIENTED_EDGE('',*,*,#4202,.F.);
#4243 = ORIENTED_EDGE('',*,*,#526,.F.);
#4244 = PLANE('',#4245);
#4245 = AXIS2_PLACEMENT_3D('',#4246,#4247,#4248);
#4246 = CARTESIAN_POINT('',(3.81,-26.416,0.));
#4247 = DIRECTION('',(-1.,0.,0.));
#4248 = DIRECTION('',(0.,1.,0.));
#4249 = ADVANCED_FACE('',(#4250),#4261,.F.);
#4250 = FACE_BOUND('',#4251,.F.);
#4251 = EDGE_LOOP('',(#4252,#4253,#4254,#4260));
#4252 = ORIENTED_EDGE('',*,*,#4221,.T.);
#4253 = ORIENTED_EDGE('',*,*,#1923,.T.);
#4254 = ORIENTED_EDGE('',*,*,#4255,.F.);
#4255 = EDGE_CURVE('',#415,#1924,#4256,.T.);
#4256 = LINE('',#4257,#4258);
#4257 = CARTESIAN_POINT('',(-1.27,-26.924,0.));
#4258 = VECTOR('',#4259,1.);
#4259 = DIRECTION('',(0.,0.,1.));
#4260 = ORIENTED_EDGE('',*,*,#414,.F.);
#4261 = PLANE('',#4262);
#4262 = AXIS2_PLACEMENT_3D('',#4263,#4264,#4265);
#4263 = CARTESIAN_POINT('',(-1.016,-26.67,0.));
#4264 = DIRECTION('',(0.707106781187,-0.707106781187,0.));
#4265 = DIRECTION('',(-0.707106781187,-0.707106781187,0.));
#4266 = ADVANCED_FACE('',(#4267),#4278,.F.);
#4267 = FACE_BOUND('',#4268,.F.);
#4268 = EDGE_LOOP('',(#4269,#4275,#4276,#4277));
#4269 = ORIENTED_EDGE('',*,*,#4270,.T.);
#4270 = EDGE_CURVE('',#511,#2020,#4271,.T.);
#4271 = LINE('',#4272,#4273);
#4272 = CARTESIAN_POINT('',(3.556,-26.67,0.));
#4273 = VECTOR('',#4274,1.);
#4274 = DIRECTION('',(0.,0.,1.));
#4275 = ORIENTED_EDGE('',*,*,#2027,.T.);
#4276 = ORIENTED_EDGE('',*,*,#4236,.F.);
#4277 = ORIENTED_EDGE('',*,*,#518,.F.);
#4278 = PLANE('',#4279);
#4279 = AXIS2_PLACEMENT_3D('',#4280,#4281,#4282);
#4280 = CARTESIAN_POINT('',(3.556,-26.67,0.));
#4281 = DIRECTION('',(-0.707106781187,0.707106781187,0.));
#4282 = DIRECTION('',(0.707106781187,0.707106781187,0.));
#4283 = ADVANCED_FACE('',(#4284),#4295,.F.);
#4284 = FACE_BOUND('',#4285,.F.);
#4285 = EDGE_LOOP('',(#4286,#4287,#4288,#4294));
#4286 = ORIENTED_EDGE('',*,*,#4255,.T.);
#4287 = ORIENTED_EDGE('',*,*,#1931,.T.);
#4288 = ORIENTED_EDGE('',*,*,#4289,.F.);
#4289 = EDGE_CURVE('',#423,#1932,#4290,.T.);
#4290 = LINE('',#4291,#4292);
#4291 = CARTESIAN_POINT('',(-1.27,-28.956,0.));
#4292 = VECTOR('',#4293,1.);
#4293 = DIRECTION('',(0.,0.,1.));
#4294 = ORIENTED_EDGE('',*,*,#422,.F.);
#4295 = PLANE('',#4296);
#4296 = AXIS2_PLACEMENT_3D('',#4297,#4298,#4299);
#4297 = CARTESIAN_POINT('',(-1.27,-26.924,0.));
#4298 = DIRECTION('',(1.,0.,0.));
#4299 = DIRECTION('',(0.,-1.,0.));
#4300 = ADVANCED_FACE('',(#4301),#4312,.F.);
#4301 = FACE_BOUND('',#4302,.F.);
#4302 = EDGE_LOOP('',(#4303,#4309,#4310,#4311));
#4303 = ORIENTED_EDGE('',*,*,#4304,.T.);
#4304 = EDGE_CURVE('',#503,#2012,#4305,.T.);
#4305 = LINE('',#4306,#4307);
#4306 = CARTESIAN_POINT('',(3.81,-26.924,0.));
#4307 = VECTOR('',#4308,1.);
#4308 = DIRECTION('',(0.,0.,1.));
#4309 = ORIENTED_EDGE('',*,*,#2019,.T.);
#4310 = ORIENTED_EDGE('',*,*,#4270,.F.);
#4311 = ORIENTED_EDGE('',*,*,#510,.F.);
#4312 = PLANE('',#4313);
#4313 = AXIS2_PLACEMENT_3D('',#4314,#4315,#4316);
#4314 = CARTESIAN_POINT('',(3.81,-26.924,0.));
#4315 = DIRECTION('',(-0.707106781187,-0.707106781187,0.));
#4316 = DIRECTION('',(-0.707106781187,0.707106781187,0.));
#4317 = ADVANCED_FACE('',(#4318),#4329,.F.);
#4318 = FACE_BOUND('',#4319,.F.);
#4319 = EDGE_LOOP('',(#4320,#4321,#4322,#4328));
#4320 = ORIENTED_EDGE('',*,*,#4289,.T.);
#4321 = ORIENTED_EDGE('',*,*,#1939,.T.);
#4322 = ORIENTED_EDGE('',*,*,#4323,.F.);
#4323 = EDGE_CURVE('',#431,#1940,#4324,.T.);
#4324 = LINE('',#4325,#4326);
#4325 = CARTESIAN_POINT('',(-1.016,-29.21,0.));
#4326 = VECTOR('',#4327,1.);
#4327 = DIRECTION('',(0.,0.,1.));
#4328 = ORIENTED_EDGE('',*,*,#430,.F.);
#4329 = PLANE('',#4330);
#4330 = AXIS2_PLACEMENT_3D('',#4331,#4332,#4333);
#4331 = CARTESIAN_POINT('',(-1.27,-28.956,0.));
#4332 = DIRECTION('',(0.707106781187,0.707106781187,0.));
#4333 = DIRECTION('',(0.707106781187,-0.707106781187,0.));
#4334 = ADVANCED_FACE('',(#4335),#4346,.F.);
#4335 = FACE_BOUND('',#4336,.F.);
#4336 = EDGE_LOOP('',(#4337,#4343,#4344,#4345));
#4337 = ORIENTED_EDGE('',*,*,#4338,.T.);
#4338 = EDGE_CURVE('',#495,#2004,#4339,.T.);
#4339 = LINE('',#4340,#4341);
#4340 = CARTESIAN_POINT('',(3.81,-28.956,0.));
#4341 = VECTOR('',#4342,1.);
#4342 = DIRECTION('',(0.,0.,1.));
#4343 = ORIENTED_EDGE('',*,*,#2011,.T.);
#4344 = ORIENTED_EDGE('',*,*,#4304,.F.);
#4345 = ORIENTED_EDGE('',*,*,#502,.F.);
#4346 = PLANE('',#4347);
#4347 = AXIS2_PLACEMENT_3D('',#4348,#4349,#4350);
#4348 = CARTESIAN_POINT('',(3.81,-28.956,0.));
#4349 = DIRECTION('',(-1.,0.,0.));
#4350 = DIRECTION('',(0.,1.,0.));
#4351 = ADVANCED_FACE('',(#4352),#4363,.F.);
#4352 = FACE_BOUND('',#4353,.F.);
#4353 = EDGE_LOOP('',(#4354,#4355,#4356,#4362));
#4354 = ORIENTED_EDGE('',*,*,#4323,.T.);
#4355 = ORIENTED_EDGE('',*,*,#1947,.T.);
#4356 = ORIENTED_EDGE('',*,*,#4357,.F.);
#4357 = EDGE_CURVE('',#439,#1948,#4358,.T.);
#4358 = LINE('',#4359,#4360);
#4359 = CARTESIAN_POINT('',(-1.27,-29.464,0.));
#4360 = VECTOR('',#4361,1.);
#4361 = DIRECTION('',(0.,0.,1.));
#4362 = ORIENTED_EDGE('',*,*,#438,.F.);
#4363 = PLANE('',#4364);
#4364 = AXIS2_PLACEMENT_3D('',#4365,#4366,#4367);
#4365 = CARTESIAN_POINT('',(-1.016,-29.21,0.));
#4366 = DIRECTION('',(0.707106781187,-0.707106781187,0.));
#4367 = DIRECTION('',(-0.707106781187,-0.707106781187,0.));
#4368 = ADVANCED_FACE('',(#4369),#4380,.F.);
#4369 = FACE_BOUND('',#4370,.F.);
#4370 = EDGE_LOOP('',(#4371,#4377,#4378,#4379));
#4371 = ORIENTED_EDGE('',*,*,#4372,.T.);
#4372 = EDGE_CURVE('',#487,#1996,#4373,.T.);
#4373 = LINE('',#4374,#4375);
#4374 = CARTESIAN_POINT('',(3.556,-29.21,0.));
#4375 = VECTOR('',#4376,1.);
#4376 = DIRECTION('',(0.,0.,1.));
#4377 = ORIENTED_EDGE('',*,*,#2003,.T.);
#4378 = ORIENTED_EDGE('',*,*,#4338,.F.);
#4379 = ORIENTED_EDGE('',*,*,#494,.F.);
#4380 = PLANE('',#4381);
#4381 = AXIS2_PLACEMENT_3D('',#4382,#4383,#4384);
#4382 = CARTESIAN_POINT('',(3.556,-29.21,0.));
#4383 = DIRECTION('',(-0.707106781187,0.707106781187,0.));
#4384 = DIRECTION('',(0.707106781187,0.707106781187,0.));
#4385 = ADVANCED_FACE('',(#4386),#4397,.F.);
#4386 = FACE_BOUND('',#4387,.F.);
#4387 = EDGE_LOOP('',(#4388,#4389,#4390,#4396));
#4388 = ORIENTED_EDGE('',*,*,#4357,.T.);
#4389 = ORIENTED_EDGE('',*,*,#1955,.T.);
#4390 = ORIENTED_EDGE('',*,*,#4391,.F.);
#4391 = EDGE_CURVE('',#447,#1956,#4392,.T.);
#4392 = LINE('',#4393,#4394);
#4393 = CARTESIAN_POINT('',(-1.27,-31.496,0.));
#4394 = VECTOR('',#4395,1.);
#4395 = DIRECTION('',(0.,0.,1.));
#4396 = ORIENTED_EDGE('',*,*,#446,.F.);
#4397 = PLANE('',#4398);
#4398 = AXIS2_PLACEMENT_3D('',#4399,#4400,#4401);
#4399 = CARTESIAN_POINT('',(-1.27,-29.464,0.));
#4400 = DIRECTION('',(1.,0.,0.));
#4401 = DIRECTION('',(0.,-1.,0.));
#4402 = ADVANCED_FACE('',(#4403),#4414,.F.);
#4403 = FACE_BOUND('',#4404,.F.);
#4404 = EDGE_LOOP('',(#4405,#4411,#4412,#4413));
#4405 = ORIENTED_EDGE('',*,*,#4406,.T.);
#4406 = EDGE_CURVE('',#479,#1988,#4407,.T.);
#4407 = LINE('',#4408,#4409);
#4408 = CARTESIAN_POINT('',(3.81,-29.464,0.));
#4409 = VECTOR('',#4410,1.);
#4410 = DIRECTION('',(0.,0.,1.));
#4411 = ORIENTED_EDGE('',*,*,#1995,.T.);
#4412 = ORIENTED_EDGE('',*,*,#4372,.F.);
#4413 = ORIENTED_EDGE('',*,*,#486,.F.);
#4414 = PLANE('',#4415);
#4415 = AXIS2_PLACEMENT_3D('',#4416,#4417,#4418);
#4416 = CARTESIAN_POINT('',(3.81,-29.464,0.));
#4417 = DIRECTION('',(-0.707106781187,-0.707106781187,0.));
#4418 = DIRECTION('',(-0.707106781187,0.707106781187,0.));
#4419 = ADVANCED_FACE('',(#4420),#4431,.F.);
#4420 = FACE_BOUND('',#4421,.F.);
#4421 = EDGE_LOOP('',(#4422,#4423,#4424,#4430));
#4422 = ORIENTED_EDGE('',*,*,#4391,.T.);
#4423 = ORIENTED_EDGE('',*,*,#1963,.T.);
#4424 = ORIENTED_EDGE('',*,*,#4425,.F.);
#4425 = EDGE_CURVE('',#455,#1964,#4426,.T.);
#4426 = LINE('',#4427,#4428);
#4427 = CARTESIAN_POINT('',(-1.016,-31.75,0.));
#4428 = VECTOR('',#4429,1.);
#4429 = DIRECTION('',(0.,0.,1.));
#4430 = ORIENTED_EDGE('',*,*,#454,.F.);
#4431 = PLANE('',#4432);
#4432 = AXIS2_PLACEMENT_3D('',#4433,#4434,#4435);
#4433 = CARTESIAN_POINT('',(-1.27,-31.496,0.));
#4434 = DIRECTION('',(0.707106781187,0.707106781187,0.));
#4435 = DIRECTION('',(0.707106781187,-0.707106781187,0.));
#4436 = ADVANCED_FACE('',(#4437),#4448,.F.);
#4437 = FACE_BOUND('',#4438,.F.);
#4438 = EDGE_LOOP('',(#4439,#4445,#4446,#4447));
#4439 = ORIENTED_EDGE('',*,*,#4440,.T.);
#4440 = EDGE_CURVE('',#471,#1980,#4441,.T.);
#4441 = LINE('',#4442,#4443);
#4442 = CARTESIAN_POINT('',(3.81,-31.496,0.));
#4443 = VECTOR('',#4444,1.);
#4444 = DIRECTION('',(0.,0.,1.));
#4445 = ORIENTED_EDGE('',*,*,#1987,.T.);
#4446 = ORIENTED_EDGE('',*,*,#4406,.F.);
#4447 = ORIENTED_EDGE('',*,*,#478,.F.);
#4448 = PLANE('',#4449);
#4449 = AXIS2_PLACEMENT_3D('',#4450,#4451,#4452);
#4450 = CARTESIAN_POINT('',(3.81,-31.496,0.));
#4451 = DIRECTION('',(-1.,0.,0.));
#4452 = DIRECTION('',(0.,1.,0.));
#4453 = ADVANCED_FACE('',(#4454),#4465,.F.);
#4454 = FACE_BOUND('',#4455,.F.);
#4455 = EDGE_LOOP('',(#4456,#4457,#4458,#4464));
#4456 = ORIENTED_EDGE('',*,*,#4425,.T.);
#4457 = ORIENTED_EDGE('',*,*,#1971,.T.);
#4458 = ORIENTED_EDGE('',*,*,#4459,.F.);
#4459 = EDGE_CURVE('',#463,#1972,#4460,.T.);
#4460 = LINE('',#4461,#4462);
#4461 = CARTESIAN_POINT('',(3.556,-31.75,0.));
#4462 = VECTOR('',#4463,1.);
#4463 = DIRECTION('',(0.,0.,1.));
#4464 = ORIENTED_EDGE('',*,*,#462,.F.);
#4465 = PLANE('',#4466);
#4466 = AXIS2_PLACEMENT_3D('',#4467,#4468,#4469);
#4467 = CARTESIAN_POINT('',(-1.016,-31.75,0.));
#4468 = DIRECTION('',(0.,1.,0.));
#4469 = DIRECTION('',(1.,0.,0.));
#4470 = ADVANCED_FACE('',(#4471),#4477,.F.);
#4471 = FACE_BOUND('',#4472,.F.);
#4472 = EDGE_LOOP('',(#4473,#4474,#4475,#4476));
#4473 = ORIENTED_EDGE('',*,*,#4459,.T.);
#4474 = ORIENTED_EDGE('',*,*,#1979,.T.);
#4475 = ORIENTED_EDGE('',*,*,#4440,.F.);
#4476 = ORIENTED_EDGE('',*,*,#470,.F.);
#4477 = PLANE('',#4478);
#4478 = AXIS2_PLACEMENT_3D('',#4479,#4480,#4481);
#4479 = CARTESIAN_POINT('',(3.556,-31.75,0.));
#4480 = DIRECTION('',(-0.707106781187,0.707106781187,0.));
#4481 = DIRECTION('',(0.707106781187,0.707106781187,0.));
#4482 = ADVANCED_FACE('',(#4483),#4508,.T.);
#4483 = FACE_BOUND('',#4484,.T.);
#4484 = EDGE_LOOP('',(#4485,#4493,#4501,#4507));
#4485 = ORIENTED_EDGE('',*,*,#4486,.F.);
#4486 = EDGE_CURVE('',#4487,#784,#4489,.T.);
#4487 = VERTEX_POINT('',#4488);
#4488 = CARTESIAN_POINT('',(2.86,-13.02,-2.84));
#4489 = LINE('',#4490,#4491);
#4490 = CARTESIAN_POINT('',(2.86,-13.02,-3.));
#4491 = VECTOR('',#4492,1.);
#4492 = DIRECTION('',(0.,0.,1.));
#4493 = ORIENTED_EDGE('',*,*,#4494,.T.);
#4494 = EDGE_CURVE('',#4487,#4495,#4497,.T.);
#4495 = VERTEX_POINT('',#4496);
#4496 = CARTESIAN_POINT('',(2.86,-12.38,-2.84));
#4497 = LINE('',#4498,#4499);
#4498 = CARTESIAN_POINT('',(2.86,-13.02,-2.84));
#4499 = VECTOR('',#4500,1.);
#4500 = DIRECTION('',(0.,1.,0.));
#4501 = ORIENTED_EDGE('',*,*,#4502,.T.);
#4502 = EDGE_CURVE('',#4495,#786,#4503,.T.);
#4503 = LINE('',#4504,#4505);
#4504 = CARTESIAN_POINT('',(2.86,-12.38,-3.));
#4505 = VECTOR('',#4506,1.);
#4506 = DIRECTION('',(0.,0.,1.));
#4507 = ORIENTED_EDGE('',*,*,#783,.F.);
#4508 = PLANE('',#4509);
#4509 = AXIS2_PLACEMENT_3D('',#4510,#4511,#4512);
#4510 = CARTESIAN_POINT('',(2.86,-13.02,-3.));
#4511 = DIRECTION('',(1.,0.,0.));
#4512 = DIRECTION('',(0.,0.,1.));
#4513 = ADVANCED_FACE('',(#4514),#4532,.T.);
#4514 = FACE_BOUND('',#4515,.T.);
#4515 = EDGE_LOOP('',(#4516,#4517,#4525,#4531));
#4516 = ORIENTED_EDGE('',*,*,#4502,.F.);
#4517 = ORIENTED_EDGE('',*,*,#4518,.F.);
#4518 = EDGE_CURVE('',#4519,#4495,#4521,.T.);
#4519 = VERTEX_POINT('',#4520);
#4520 = CARTESIAN_POINT('',(2.22,-12.38,-2.84));
#4521 = LINE('',#4522,#4523);
#4522 = CARTESIAN_POINT('',(2.22,-12.38,-2.84));
#4523 = VECTOR('',#4524,1.);
#4524 = DIRECTION('',(1.,0.,0.));
#4525 = ORIENTED_EDGE('',*,*,#4526,.T.);
#4526 = EDGE_CURVE('',#4519,#802,#4527,.T.);
#4527 = LINE('',#4528,#4529);
#4528 = CARTESIAN_POINT('',(2.22,-12.38,-3.));
#4529 = VECTOR('',#4530,1.);
#4530 = DIRECTION('',(0.,0.,1.));
#4531 = ORIENTED_EDGE('',*,*,#809,.F.);
#4532 = PLANE('',#4533);
#4533 = AXIS2_PLACEMENT_3D('',#4534,#4535,#4536);
#4534 = CARTESIAN_POINT('',(2.22,-12.38,-3.));
#4535 = DIRECTION('',(0.,1.,0.));
#4536 = DIRECTION('',(0.,-0.,1.));
#4537 = ADVANCED_FACE('',(#4538),#4556,.F.);
#4538 = FACE_BOUND('',#4539,.F.);
#4539 = EDGE_LOOP('',(#4540,#4548,#4554,#4555));
#4540 = ORIENTED_EDGE('',*,*,#4541,.F.);
#4541 = EDGE_CURVE('',#4542,#794,#4544,.T.);
#4542 = VERTEX_POINT('',#4543);
#4543 = CARTESIAN_POINT('',(2.22,-13.02,-2.84));
#4544 = LINE('',#4545,#4546);
#4545 = CARTESIAN_POINT('',(2.22,-13.02,-3.));
#4546 = VECTOR('',#4547,1.);
#4547 = DIRECTION('',(0.,0.,1.));
#4548 = ORIENTED_EDGE('',*,*,#4549,.T.);
#4549 = EDGE_CURVE('',#4542,#4519,#4550,.T.);
#4550 = LINE('',#4551,#4552);
#4551 = CARTESIAN_POINT('',(2.22,-13.02,-2.84));
#4552 = VECTOR('',#4553,1.);
#4553 = DIRECTION('',(0.,1.,0.));
#4554 = ORIENTED_EDGE('',*,*,#4526,.T.);
#4555 = ORIENTED_EDGE('',*,*,#801,.F.);
#4556 = PLANE('',#4557);
#4557 = AXIS2_PLACEMENT_3D('',#4558,#4559,#4560);
#4558 = CARTESIAN_POINT('',(2.22,-13.02,-3.));
#4559 = DIRECTION('',(1.,0.,0.));
#4560 = DIRECTION('',(0.,0.,1.));
#4561 = ADVANCED_FACE('',(#4562),#4573,.F.);
#4562 = FACE_BOUND('',#4563,.F.);
#4563 = EDGE_LOOP('',(#4564,#4565,#4571,#4572));
#4564 = ORIENTED_EDGE('',*,*,#4486,.F.);
#4565 = ORIENTED_EDGE('',*,*,#4566,.F.);
#4566 = EDGE_CURVE('',#4542,#4487,#4567,.T.);
#4567 = LINE('',#4568,#4569);
#4568 = CARTESIAN_POINT('',(2.22,-13.02,-2.84));
#4569 = VECTOR('',#4570,1.);
#4570 = DIRECTION('',(1.,0.,0.));
#4571 = ORIENTED_EDGE('',*,*,#4541,.T.);
#4572 = ORIENTED_EDGE('',*,*,#793,.F.);
#4573 = PLANE('',#4574);
#4574 = AXIS2_PLACEMENT_3D('',#4575,#4576,#4577);
#4575 = CARTESIAN_POINT('',(2.22,-13.02,-3.));
#4576 = DIRECTION('',(0.,1.,0.));
#4577 = DIRECTION('',(0.,-0.,1.));
#4578 = ADVANCED_FACE('',(#4579),#4604,.T.);
#4579 = FACE_BOUND('',#4580,.T.);
#4580 = EDGE_LOOP('',(#4581,#4589,#4597,#4603));
#4581 = ORIENTED_EDGE('',*,*,#4582,.F.);
#4582 = EDGE_CURVE('',#4583,#818,#4585,.T.);
#4583 = VERTEX_POINT('',#4584);
#4584 = CARTESIAN_POINT('',(0.32,-13.02,-2.84));
#4585 = LINE('',#4586,#4587);
#4586 = CARTESIAN_POINT('',(0.32,-13.02,-3.));
#4587 = VECTOR('',#4588,1.);
#4588 = DIRECTION('',(0.,0.,1.));
#4589 = ORIENTED_EDGE('',*,*,#4590,.T.);
#4590 = EDGE_CURVE('',#4583,#4591,#4593,.T.);
#4591 = VERTEX_POINT('',#4592);
#4592 = CARTESIAN_POINT('',(0.32,-12.38,-2.84));
#4593 = LINE('',#4594,#4595);
#4594 = CARTESIAN_POINT('',(0.32,-13.02,-2.84));
#4595 = VECTOR('',#4596,1.);
#4596 = DIRECTION('',(0.,1.,0.));
#4597 = ORIENTED_EDGE('',*,*,#4598,.T.);
#4598 = EDGE_CURVE('',#4591,#820,#4599,.T.);
#4599 = LINE('',#4600,#4601);
#4600 = CARTESIAN_POINT('',(0.32,-12.38,-3.));
#4601 = VECTOR('',#4602,1.);
#4602 = DIRECTION('',(0.,0.,1.));
#4603 = ORIENTED_EDGE('',*,*,#817,.F.);
#4604 = PLANE('',#4605);
#4605 = AXIS2_PLACEMENT_3D('',#4606,#4607,#4608);
#4606 = CARTESIAN_POINT('',(0.32,-13.02,-3.));
#4607 = DIRECTION('',(1.,0.,0.));
#4608 = DIRECTION('',(0.,0.,1.));
#4609 = ADVANCED_FACE('',(#4610),#4628,.T.);
#4610 = FACE_BOUND('',#4611,.T.);
#4611 = EDGE_LOOP('',(#4612,#4613,#4621,#4627));
#4612 = ORIENTED_EDGE('',*,*,#4598,.F.);
#4613 = ORIENTED_EDGE('',*,*,#4614,.F.);
#4614 = EDGE_CURVE('',#4615,#4591,#4617,.T.);
#4615 = VERTEX_POINT('',#4616);
#4616 = CARTESIAN_POINT('',(-0.32,-12.38,-2.84));
#4617 = LINE('',#4618,#4619);
#4618 = CARTESIAN_POINT('',(-0.32,-12.38,-2.84));
#4619 = VECTOR('',#4620,1.);
#4620 = DIRECTION('',(1.,0.,0.));
#4621 = ORIENTED_EDGE('',*,*,#4622,.T.);
#4622 = EDGE_CURVE('',#4615,#836,#4623,.T.);
#4623 = LINE('',#4624,#4625);
#4624 = CARTESIAN_POINT('',(-0.32,-12.38,-3.));
#4625 = VECTOR('',#4626,1.);
#4626 = DIRECTION('',(0.,0.,1.));
#4627 = ORIENTED_EDGE('',*,*,#843,.F.);
#4628 = PLANE('',#4629);
#4629 = AXIS2_PLACEMENT_3D('',#4630,#4631,#4632);
#4630 = CARTESIAN_POINT('',(-0.32,-12.38,-3.));
#4631 = DIRECTION('',(0.,1.,0.));
#4632 = DIRECTION('',(0.,-0.,1.));
#4633 = ADVANCED_FACE('',(#4634),#4652,.F.);
#4634 = FACE_BOUND('',#4635,.F.);
#4635 = EDGE_LOOP('',(#4636,#4644,#4650,#4651));
#4636 = ORIENTED_EDGE('',*,*,#4637,.F.);
#4637 = EDGE_CURVE('',#4638,#828,#4640,.T.);
#4638 = VERTEX_POINT('',#4639);
#4639 = CARTESIAN_POINT('',(-0.32,-13.02,-2.84));
#4640 = LINE('',#4641,#4642);
#4641 = CARTESIAN_POINT('',(-0.32,-13.02,-3.));
#4642 = VECTOR('',#4643,1.);
#4643 = DIRECTION('',(0.,0.,1.));
#4644 = ORIENTED_EDGE('',*,*,#4645,.T.);
#4645 = EDGE_CURVE('',#4638,#4615,#4646,.T.);
#4646 = LINE('',#4647,#4648);
#4647 = CARTESIAN_POINT('',(-0.32,-13.02,-2.84));
#4648 = VECTOR('',#4649,1.);
#4649 = DIRECTION('',(0.,1.,0.));
#4650 = ORIENTED_EDGE('',*,*,#4622,.T.);
#4651 = ORIENTED_EDGE('',*,*,#835,.F.);
#4652 = PLANE('',#4653);
#4653 = AXIS2_PLACEMENT_3D('',#4654,#4655,#4656);
#4654 = CARTESIAN_POINT('',(-0.32,-13.02,-3.));
#4655 = DIRECTION('',(1.,0.,0.));
#4656 = DIRECTION('',(0.,0.,1.));
#4657 = ADVANCED_FACE('',(#4658),#4669,.F.);
#4658 = FACE_BOUND('',#4659,.F.);
#4659 = EDGE_LOOP('',(#4660,#4661,#4667,#4668));
#4660 = ORIENTED_EDGE('',*,*,#4582,.F.);
#4661 = ORIENTED_EDGE('',*,*,#4662,.F.);
#4662 = EDGE_CURVE('',#4638,#4583,#4663,.T.);
#4663 = LINE('',#4664,#4665);
#4664 = CARTESIAN_POINT('',(-0.32,-13.02,-2.84));
#4665 = VECTOR('',#4666,1.);
#4666 = DIRECTION('',(1.,0.,0.));
#4667 = ORIENTED_EDGE('',*,*,#4637,.T.);
#4668 = ORIENTED_EDGE('',*,*,#827,.F.);
#4669 = PLANE('',#4670);
#4670 = AXIS2_PLACEMENT_3D('',#4671,#4672,#4673);
#4671 = CARTESIAN_POINT('',(-0.32,-13.02,-3.));
#4672 = DIRECTION('',(0.,1.,0.));
#4673 = DIRECTION('',(0.,-0.,1.));
#4674 = ADVANCED_FACE('',(#4675),#4700,.T.);
#4675 = FACE_BOUND('',#4676,.T.);
#4676 = EDGE_LOOP('',(#4677,#4685,#4693,#4699));
#4677 = ORIENTED_EDGE('',*,*,#4678,.F.);
#4678 = EDGE_CURVE('',#4679,#852,#4681,.T.);
#4679 = VERTEX_POINT('',#4680);
#4680 = CARTESIAN_POINT('',(2.86,-15.56,-2.84));
#4681 = LINE('',#4682,#4683);
#4682 = CARTESIAN_POINT('',(2.86,-15.56,-3.));
#4683 = VECTOR('',#4684,1.);
#4684 = DIRECTION('',(0.,0.,1.));
#4685 = ORIENTED_EDGE('',*,*,#4686,.T.);
#4686 = EDGE_CURVE('',#4679,#4687,#4689,.T.);
#4687 = VERTEX_POINT('',#4688);
#4688 = CARTESIAN_POINT('',(2.86,-14.92,-2.84));
#4689 = LINE('',#4690,#4691);
#4690 = CARTESIAN_POINT('',(2.86,-15.56,-2.84));
#4691 = VECTOR('',#4692,1.);
#4692 = DIRECTION('',(0.,1.,0.));
#4693 = ORIENTED_EDGE('',*,*,#4694,.T.);
#4694 = EDGE_CURVE('',#4687,#854,#4695,.T.);
#4695 = LINE('',#4696,#4697);
#4696 = CARTESIAN_POINT('',(2.86,-14.92,-3.));
#4697 = VECTOR('',#4698,1.);
#4698 = DIRECTION('',(0.,0.,1.));
#4699 = ORIENTED_EDGE('',*,*,#851,.F.);
#4700 = PLANE('',#4701);
#4701 = AXIS2_PLACEMENT_3D('',#4702,#4703,#4704);
#4702 = CARTESIAN_POINT('',(2.86,-15.56,-3.));
#4703 = DIRECTION('',(1.,0.,0.));
#4704 = DIRECTION('',(0.,0.,1.));
#4705 = ADVANCED_FACE('',(#4706),#4724,.T.);
#4706 = FACE_BOUND('',#4707,.T.);
#4707 = EDGE_LOOP('',(#4708,#4709,#4717,#4723));
#4708 = ORIENTED_EDGE('',*,*,#4694,.F.);
#4709 = ORIENTED_EDGE('',*,*,#4710,.F.);
#4710 = EDGE_CURVE('',#4711,#4687,#4713,.T.);
#4711 = VERTEX_POINT('',#4712);
#4712 = CARTESIAN_POINT('',(2.22,-14.92,-2.84));
#4713 = LINE('',#4714,#4715);
#4714 = CARTESIAN_POINT('',(2.22,-14.92,-2.84));
#4715 = VECTOR('',#4716,1.);
#4716 = DIRECTION('',(1.,0.,0.));
#4717 = ORIENTED_EDGE('',*,*,#4718,.T.);
#4718 = EDGE_CURVE('',#4711,#870,#4719,.T.);
#4719 = LINE('',#4720,#4721);
#4720 = CARTESIAN_POINT('',(2.22,-14.92,-3.));
#4721 = VECTOR('',#4722,1.);
#4722 = DIRECTION('',(0.,0.,1.));
#4723 = ORIENTED_EDGE('',*,*,#877,.F.);
#4724 = PLANE('',#4725);
#4725 = AXIS2_PLACEMENT_3D('',#4726,#4727,#4728);
#4726 = CARTESIAN_POINT('',(2.22,-14.92,-3.));
#4727 = DIRECTION('',(0.,1.,0.));
#4728 = DIRECTION('',(0.,-0.,1.));
#4729 = ADVANCED_FACE('',(#4730),#4748,.F.);
#4730 = FACE_BOUND('',#4731,.F.);
#4731 = EDGE_LOOP('',(#4732,#4740,#4746,#4747));
#4732 = ORIENTED_EDGE('',*,*,#4733,.F.);
#4733 = EDGE_CURVE('',#4734,#862,#4736,.T.);
#4734 = VERTEX_POINT('',#4735);
#4735 = CARTESIAN_POINT('',(2.22,-15.56,-2.84));
#4736 = LINE('',#4737,#4738);
#4737 = CARTESIAN_POINT('',(2.22,-15.56,-3.));
#4738 = VECTOR('',#4739,1.);
#4739 = DIRECTION('',(0.,0.,1.));
#4740 = ORIENTED_EDGE('',*,*,#4741,.T.);
#4741 = EDGE_CURVE('',#4734,#4711,#4742,.T.);
#4742 = LINE('',#4743,#4744);
#4743 = CARTESIAN_POINT('',(2.22,-15.56,-2.84));
#4744 = VECTOR('',#4745,1.);
#4745 = DIRECTION('',(0.,1.,0.));
#4746 = ORIENTED_EDGE('',*,*,#4718,.T.);
#4747 = ORIENTED_EDGE('',*,*,#869,.F.);
#4748 = PLANE('',#4749);
#4749 = AXIS2_PLACEMENT_3D('',#4750,#4751,#4752);
#4750 = CARTESIAN_POINT('',(2.22,-15.56,-3.));
#4751 = DIRECTION('',(1.,0.,0.));
#4752 = DIRECTION('',(0.,0.,1.));
#4753 = ADVANCED_FACE('',(#4754),#4765,.F.);
#4754 = FACE_BOUND('',#4755,.F.);
#4755 = EDGE_LOOP('',(#4756,#4757,#4763,#4764));
#4756 = ORIENTED_EDGE('',*,*,#4678,.F.);
#4757 = ORIENTED_EDGE('',*,*,#4758,.F.);
#4758 = EDGE_CURVE('',#4734,#4679,#4759,.T.);
#4759 = LINE('',#4760,#4761);
#4760 = CARTESIAN_POINT('',(2.22,-15.56,-2.84));
#4761 = VECTOR('',#4762,1.);
#4762 = DIRECTION('',(1.,0.,0.));
#4763 = ORIENTED_EDGE('',*,*,#4733,.T.);
#4764 = ORIENTED_EDGE('',*,*,#861,.F.);
#4765 = PLANE('',#4766);
#4766 = AXIS2_PLACEMENT_3D('',#4767,#4768,#4769);
#4767 = CARTESIAN_POINT('',(2.22,-15.56,-3.));
#4768 = DIRECTION('',(0.,1.,0.));
#4769 = DIRECTION('',(0.,-0.,1.));
#4770 = ADVANCED_FACE('',(#4771),#4796,.T.);
#4771 = FACE_BOUND('',#4772,.T.);
#4772 = EDGE_LOOP('',(#4773,#4781,#4789,#4795));
#4773 = ORIENTED_EDGE('',*,*,#4774,.F.);
#4774 = EDGE_CURVE('',#4775,#886,#4777,.T.);
#4775 = VERTEX_POINT('',#4776);
#4776 = CARTESIAN_POINT('',(0.32,-14.92,-2.84));
#4777 = LINE('',#4778,#4779);
#4778 = CARTESIAN_POINT('',(0.32,-14.92,-3.));
#4779 = VECTOR('',#4780,1.);
#4780 = DIRECTION('',(0.,0.,1.));
#4781 = ORIENTED_EDGE('',*,*,#4782,.F.);
#4782 = EDGE_CURVE('',#4783,#4775,#4785,.T.);
#4783 = VERTEX_POINT('',#4784);
#4784 = CARTESIAN_POINT('',(-0.32,-14.92,-2.84));
#4785 = LINE('',#4786,#4787);
#4786 = CARTESIAN_POINT('',(-0.32,-14.92,-2.84));
#4787 = VECTOR('',#4788,1.);
#4788 = DIRECTION('',(1.,0.,0.));
#4789 = ORIENTED_EDGE('',*,*,#4790,.T.);
#4790 = EDGE_CURVE('',#4783,#888,#4791,.T.);
#4791 = LINE('',#4792,#4793);
#4792 = CARTESIAN_POINT('',(-0.32,-14.92,-3.));
#4793 = VECTOR('',#4794,1.);
#4794 = DIRECTION('',(0.,0.,1.));
#4795 = ORIENTED_EDGE('',*,*,#885,.F.);
#4796 = PLANE('',#4797);
#4797 = AXIS2_PLACEMENT_3D('',#4798,#4799,#4800);
#4798 = CARTESIAN_POINT('',(-0.32,-14.92,-3.));
#4799 = DIRECTION('',(0.,1.,0.));
#4800 = DIRECTION('',(0.,-0.,1.));
#4801 = ADVANCED_FACE('',(#4802),#4820,.F.);
#4802 = FACE_BOUND('',#4803,.F.);
#4803 = EDGE_LOOP('',(#4804,#4812,#4818,#4819));
#4804 = ORIENTED_EDGE('',*,*,#4805,.F.);
#4805 = EDGE_CURVE('',#4806,#904,#4808,.T.);
#4806 = VERTEX_POINT('',#4807);
#4807 = CARTESIAN_POINT('',(-0.32,-15.56,-2.84));
#4808 = LINE('',#4809,#4810);
#4809 = CARTESIAN_POINT('',(-0.32,-15.56,-3.));
#4810 = VECTOR('',#4811,1.);
#4811 = DIRECTION('',(0.,0.,1.));
#4812 = ORIENTED_EDGE('',*,*,#4813,.T.);
#4813 = EDGE_CURVE('',#4806,#4783,#4814,.T.);
#4814 = LINE('',#4815,#4816);
#4815 = CARTESIAN_POINT('',(-0.32,-15.56,-2.84));
#4816 = VECTOR('',#4817,1.);
#4817 = DIRECTION('',(0.,1.,0.));
#4818 = ORIENTED_EDGE('',*,*,#4790,.T.);
#4819 = ORIENTED_EDGE('',*,*,#911,.F.);
#4820 = PLANE('',#4821);
#4821 = AXIS2_PLACEMENT_3D('',#4822,#4823,#4824);
#4822 = CARTESIAN_POINT('',(-0.32,-15.56,-3.));
#4823 = DIRECTION('',(1.,0.,0.));
#4824 = DIRECTION('',(0.,0.,1.));
#4825 = ADVANCED_FACE('',(#4826),#4844,.F.);
#4826 = FACE_BOUND('',#4827,.F.);
#4827 = EDGE_LOOP('',(#4828,#4836,#4842,#4843));
#4828 = ORIENTED_EDGE('',*,*,#4829,.F.);
#4829 = EDGE_CURVE('',#4830,#896,#4832,.T.);
#4830 = VERTEX_POINT('',#4831);
#4831 = CARTESIAN_POINT('',(0.32,-15.56,-2.84));
#4832 = LINE('',#4833,#4834);
#4833 = CARTESIAN_POINT('',(0.32,-15.56,-3.));
#4834 = VECTOR('',#4835,1.);
#4835 = DIRECTION('',(0.,0.,1.));
#4836 = ORIENTED_EDGE('',*,*,#4837,.F.);
#4837 = EDGE_CURVE('',#4806,#4830,#4838,.T.);
#4838 = LINE('',#4839,#4840);
#4839 = CARTESIAN_POINT('',(-0.32,-15.56,-2.84));
#4840 = VECTOR('',#4841,1.);
#4841 = DIRECTION('',(1.,0.,0.));
#4842 = ORIENTED_EDGE('',*,*,#4805,.T.);
#4843 = ORIENTED_EDGE('',*,*,#903,.F.);
#4844 = PLANE('',#4845);
#4845 = AXIS2_PLACEMENT_3D('',#4846,#4847,#4848);
#4846 = CARTESIAN_POINT('',(-0.32,-15.56,-3.));
#4847 = DIRECTION('',(0.,1.,0.));
#4848 = DIRECTION('',(0.,-0.,1.));
#4849 = ADVANCED_FACE('',(#4850),#4861,.T.);
#4850 = FACE_BOUND('',#4851,.T.);
#4851 = EDGE_LOOP('',(#4852,#4853,#4859,#4860));
#4852 = ORIENTED_EDGE('',*,*,#4829,.F.);
#4853 = ORIENTED_EDGE('',*,*,#4854,.T.);
#4854 = EDGE_CURVE('',#4830,#4775,#4855,.T.);
#4855 = LINE('',#4856,#4857);
#4856 = CARTESIAN_POINT('',(0.32,-15.56,-2.84));
#4857 = VECTOR('',#4858,1.);
#4858 = DIRECTION('',(0.,1.,0.));
#4859 = ORIENTED_EDGE('',*,*,#4774,.T.);
#4860 = ORIENTED_EDGE('',*,*,#895,.F.);
#4861 = PLANE('',#4862);
#4862 = AXIS2_PLACEMENT_3D('',#4863,#4864,#4865);
#4863 = CARTESIAN_POINT('',(0.32,-15.56,-3.));
#4864 = DIRECTION('',(1.,0.,0.));
#4865 = DIRECTION('',(0.,0.,1.));
#4866 = ADVANCED_FACE('',(#4867),#4892,.T.);
#4867 = FACE_BOUND('',#4868,.T.);
#4868 = EDGE_LOOP('',(#4869,#4877,#4885,#4891));
#4869 = ORIENTED_EDGE('',*,*,#4870,.F.);
#4870 = EDGE_CURVE('',#4871,#920,#4873,.T.);
#4871 = VERTEX_POINT('',#4872);
#4872 = CARTESIAN_POINT('',(2.86,-18.1,-2.84));
#4873 = LINE('',#4874,#4875);
#4874 = CARTESIAN_POINT('',(2.86,-18.1,-3.));
#4875 = VECTOR('',#4876,1.);
#4876 = DIRECTION('',(0.,0.,1.));
#4877 = ORIENTED_EDGE('',*,*,#4878,.T.);
#4878 = EDGE_CURVE('',#4871,#4879,#4881,.T.);
#4879 = VERTEX_POINT('',#4880);
#4880 = CARTESIAN_POINT('',(2.86,-17.46,-2.84));
#4881 = LINE('',#4882,#4883);
#4882 = CARTESIAN_POINT('',(2.86,-18.1,-2.84));
#4883 = VECTOR('',#4884,1.);
#4884 = DIRECTION('',(0.,1.,0.));
#4885 = ORIENTED_EDGE('',*,*,#4886,.T.);
#4886 = EDGE_CURVE('',#4879,#922,#4887,.T.);
#4887 = LINE('',#4888,#4889);
#4888 = CARTESIAN_POINT('',(2.86,-17.46,-3.));
#4889 = VECTOR('',#4890,1.);
#4890 = DIRECTION('',(0.,0.,1.));
#4891 = ORIENTED_EDGE('',*,*,#919,.F.);
#4892 = PLANE('',#4893);
#4893 = AXIS2_PLACEMENT_3D('',#4894,#4895,#4896);
#4894 = CARTESIAN_POINT('',(2.86,-18.1,-3.));
#4895 = DIRECTION('',(1.,0.,0.));
#4896 = DIRECTION('',(0.,0.,1.));
#4897 = ADVANCED_FACE('',(#4898),#4916,.T.);
#4898 = FACE_BOUND('',#4899,.T.);
#4899 = EDGE_LOOP('',(#4900,#4901,#4909,#4915));
#4900 = ORIENTED_EDGE('',*,*,#4886,.F.);
#4901 = ORIENTED_EDGE('',*,*,#4902,.F.);
#4902 = EDGE_CURVE('',#4903,#4879,#4905,.T.);
#4903 = VERTEX_POINT('',#4904);
#4904 = CARTESIAN_POINT('',(2.22,-17.46,-2.84));
#4905 = LINE('',#4906,#4907);
#4906 = CARTESIAN_POINT('',(2.22,-17.46,-2.84));
#4907 = VECTOR('',#4908,1.);
#4908 = DIRECTION('',(1.,0.,0.));
#4909 = ORIENTED_EDGE('',*,*,#4910,.T.);
#4910 = EDGE_CURVE('',#4903,#938,#4911,.T.);
#4911 = LINE('',#4912,#4913);
#4912 = CARTESIAN_POINT('',(2.22,-17.46,-3.));
#4913 = VECTOR('',#4914,1.);
#4914 = DIRECTION('',(0.,0.,1.));
#4915 = ORIENTED_EDGE('',*,*,#945,.F.);
#4916 = PLANE('',#4917);
#4917 = AXIS2_PLACEMENT_3D('',#4918,#4919,#4920);
#4918 = CARTESIAN_POINT('',(2.22,-17.46,-3.));
#4919 = DIRECTION('',(0.,1.,0.));
#4920 = DIRECTION('',(0.,-0.,1.));
#4921 = ADVANCED_FACE('',(#4922),#4940,.F.);
#4922 = FACE_BOUND('',#4923,.F.);
#4923 = EDGE_LOOP('',(#4924,#4932,#4938,#4939));
#4924 = ORIENTED_EDGE('',*,*,#4925,.F.);
#4925 = EDGE_CURVE('',#4926,#930,#4928,.T.);
#4926 = VERTEX_POINT('',#4927);
#4927 = CARTESIAN_POINT('',(2.22,-18.1,-2.84));
#4928 = LINE('',#4929,#4930);
#4929 = CARTESIAN_POINT('',(2.22,-18.1,-3.));
#4930 = VECTOR('',#4931,1.);
#4931 = DIRECTION('',(0.,0.,1.));
#4932 = ORIENTED_EDGE('',*,*,#4933,.T.);
#4933 = EDGE_CURVE('',#4926,#4903,#4934,.T.);
#4934 = LINE('',#4935,#4936);
#4935 = CARTESIAN_POINT('',(2.22,-18.1,-2.84));
#4936 = VECTOR('',#4937,1.);
#4937 = DIRECTION('',(0.,1.,0.));
#4938 = ORIENTED_EDGE('',*,*,#4910,.T.);
#4939 = ORIENTED_EDGE('',*,*,#937,.F.);
#4940 = PLANE('',#4941);
#4941 = AXIS2_PLACEMENT_3D('',#4942,#4943,#4944);
#4942 = CARTESIAN_POINT('',(2.22,-18.1,-3.));
#4943 = DIRECTION('',(1.,0.,0.));
#4944 = DIRECTION('',(0.,0.,1.));
#4945 = ADVANCED_FACE('',(#4946),#4957,.F.);
#4946 = FACE_BOUND('',#4947,.F.);
#4947 = EDGE_LOOP('',(#4948,#4949,#4955,#4956));
#4948 = ORIENTED_EDGE('',*,*,#4870,.F.);
#4949 = ORIENTED_EDGE('',*,*,#4950,.F.);
#4950 = EDGE_CURVE('',#4926,#4871,#4951,.T.);
#4951 = LINE('',#4952,#4953);
#4952 = CARTESIAN_POINT('',(2.22,-18.1,-2.84));
#4953 = VECTOR('',#4954,1.);
#4954 = DIRECTION('',(1.,0.,0.));
#4955 = ORIENTED_EDGE('',*,*,#4925,.T.);
#4956 = ORIENTED_EDGE('',*,*,#929,.F.);
#4957 = PLANE('',#4958);
#4958 = AXIS2_PLACEMENT_3D('',#4959,#4960,#4961);
#4959 = CARTESIAN_POINT('',(2.22,-18.1,-3.));
#4960 = DIRECTION('',(0.,1.,0.));
#4961 = DIRECTION('',(0.,-0.,1.));
#4962 = ADVANCED_FACE('',(#4963),#4988,.T.);
#4963 = FACE_BOUND('',#4964,.T.);
#4964 = EDGE_LOOP('',(#4965,#4973,#4981,#4987));
#4965 = ORIENTED_EDGE('',*,*,#4966,.F.);
#4966 = EDGE_CURVE('',#4967,#954,#4969,.T.);
#4967 = VERTEX_POINT('',#4968);
#4968 = CARTESIAN_POINT('',(0.32,-18.1,-2.84));
#4969 = LINE('',#4970,#4971);
#4970 = CARTESIAN_POINT('',(0.32,-18.1,-3.));
#4971 = VECTOR('',#4972,1.);
#4972 = DIRECTION('',(0.,0.,1.));
#4973 = ORIENTED_EDGE('',*,*,#4974,.T.);
#4974 = EDGE_CURVE('',#4967,#4975,#4977,.T.);
#4975 = VERTEX_POINT('',#4976);
#4976 = CARTESIAN_POINT('',(0.32,-17.46,-2.84));
#4977 = LINE('',#4978,#4979);
#4978 = CARTESIAN_POINT('',(0.32,-18.1,-2.84));
#4979 = VECTOR('',#4980,1.);
#4980 = DIRECTION('',(0.,1.,0.));
#4981 = ORIENTED_EDGE('',*,*,#4982,.T.);
#4982 = EDGE_CURVE('',#4975,#956,#4983,.T.);
#4983 = LINE('',#4984,#4985);
#4984 = CARTESIAN_POINT('',(0.32,-17.46,-3.));
#4985 = VECTOR('',#4986,1.);
#4986 = DIRECTION('',(0.,0.,1.));
#4987 = ORIENTED_EDGE('',*,*,#953,.F.);
#4988 = PLANE('',#4989);
#4989 = AXIS2_PLACEMENT_3D('',#4990,#4991,#4992);
#4990 = CARTESIAN_POINT('',(0.32,-18.1,-3.));
#4991 = DIRECTION('',(1.,0.,0.));
#4992 = DIRECTION('',(0.,0.,1.));
#4993 = ADVANCED_FACE('',(#4994),#5012,.T.);
#4994 = FACE_BOUND('',#4995,.T.);
#4995 = EDGE_LOOP('',(#4996,#4997,#5005,#5011));
#4996 = ORIENTED_EDGE('',*,*,#4982,.F.);
#4997 = ORIENTED_EDGE('',*,*,#4998,.F.);
#4998 = EDGE_CURVE('',#4999,#4975,#5001,.T.);
#4999 = VERTEX_POINT('',#5000);
#5000 = CARTESIAN_POINT('',(-0.32,-17.46,-2.84));
#5001 = LINE('',#5002,#5003);
#5002 = CARTESIAN_POINT('',(-0.32,-17.46,-2.84));
#5003 = VECTOR('',#5004,1.);
#5004 = DIRECTION('',(1.,0.,0.));
#5005 = ORIENTED_EDGE('',*,*,#5006,.T.);
#5006 = EDGE_CURVE('',#4999,#972,#5007,.T.);
#5007 = LINE('',#5008,#5009);
#5008 = CARTESIAN_POINT('',(-0.32,-17.46,-3.));
#5009 = VECTOR('',#5010,1.);
#5010 = DIRECTION('',(0.,0.,1.));
#5011 = ORIENTED_EDGE('',*,*,#979,.F.);
#5012 = PLANE('',#5013);
#5013 = AXIS2_PLACEMENT_3D('',#5014,#5015,#5016);
#5014 = CARTESIAN_POINT('',(-0.32,-17.46,-3.));
#5015 = DIRECTION('',(0.,1.,0.));
#5016 = DIRECTION('',(0.,-0.,1.));
#5017 = ADVANCED_FACE('',(#5018),#5036,.F.);
#5018 = FACE_BOUND('',#5019,.F.);
#5019 = EDGE_LOOP('',(#5020,#5028,#5034,#5035));
#5020 = ORIENTED_EDGE('',*,*,#5021,.F.);
#5021 = EDGE_CURVE('',#5022,#964,#5024,.T.);
#5022 = VERTEX_POINT('',#5023);
#5023 = CARTESIAN_POINT('',(-0.32,-18.1,-2.84));
#5024 = LINE('',#5025,#5026);
#5025 = CARTESIAN_POINT('',(-0.32,-18.1,-3.));
#5026 = VECTOR('',#5027,1.);
#5027 = DIRECTION('',(0.,0.,1.));
#5028 = ORIENTED_EDGE('',*,*,#5029,.T.);
#5029 = EDGE_CURVE('',#5022,#4999,#5030,.T.);
#5030 = LINE('',#5031,#5032);
#5031 = CARTESIAN_POINT('',(-0.32,-18.1,-2.84));
#5032 = VECTOR('',#5033,1.);
#5033 = DIRECTION('',(0.,1.,0.));
#5034 = ORIENTED_EDGE('',*,*,#5006,.T.);
#5035 = ORIENTED_EDGE('',*,*,#971,.F.);
#5036 = PLANE('',#5037);
#5037 = AXIS2_PLACEMENT_3D('',#5038,#5039,#5040);
#5038 = CARTESIAN_POINT('',(-0.32,-18.1,-3.));
#5039 = DIRECTION('',(1.,0.,0.));
#5040 = DIRECTION('',(0.,0.,1.));
#5041 = ADVANCED_FACE('',(#5042),#5053,.F.);
#5042 = FACE_BOUND('',#5043,.F.);
#5043 = EDGE_LOOP('',(#5044,#5045,#5051,#5052));
#5044 = ORIENTED_EDGE('',*,*,#4966,.F.);
#5045 = ORIENTED_EDGE('',*,*,#5046,.F.);
#5046 = EDGE_CURVE('',#5022,#4967,#5047,.T.);
#5047 = LINE('',#5048,#5049);
#5048 = CARTESIAN_POINT('',(-0.32,-18.1,-2.84));
#5049 = VECTOR('',#5050,1.);
#5050 = DIRECTION('',(1.,0.,0.));
#5051 = ORIENTED_EDGE('',*,*,#5021,.T.);
#5052 = ORIENTED_EDGE('',*,*,#963,.F.);
#5053 = PLANE('',#5054);
#5054 = AXIS2_PLACEMENT_3D('',#5055,#5056,#5057);
#5055 = CARTESIAN_POINT('',(-0.32,-18.1,-3.));
#5056 = DIRECTION('',(0.,1.,0.));
#5057 = DIRECTION('',(0.,-0.,1.));
#5058 = ADVANCED_FACE('',(#5059),#5084,.F.);
#5059 = FACE_BOUND('',#5060,.F.);
#5060 = EDGE_LOOP('',(#5061,#5069,#5077,#5083));
#5061 = ORIENTED_EDGE('',*,*,#5062,.F.);
#5062 = EDGE_CURVE('',#5063,#988,#5065,.T.);
#5063 = VERTEX_POINT('',#5064);
#5064 = CARTESIAN_POINT('',(2.86,-25.72,-2.84));
#5065 = LINE('',#5066,#5067);
#5066 = CARTESIAN_POINT('',(2.86,-25.72,-3.));
#5067 = VECTOR('',#5068,1.);
#5068 = DIRECTION('',(0.,0.,1.));
#5069 = ORIENTED_EDGE('',*,*,#5070,.F.);
#5070 = EDGE_CURVE('',#5071,#5063,#5073,.T.);
#5071 = VERTEX_POINT('',#5072);
#5072 = CARTESIAN_POINT('',(2.22,-25.72,-2.84));
#5073 = LINE('',#5074,#5075);
#5074 = CARTESIAN_POINT('',(2.22,-25.72,-2.84));
#5075 = VECTOR('',#5076,1.);
#5076 = DIRECTION('',(1.,0.,0.));
#5077 = ORIENTED_EDGE('',*,*,#5078,.T.);
#5078 = EDGE_CURVE('',#5071,#990,#5079,.T.);
#5079 = LINE('',#5080,#5081);
#5080 = CARTESIAN_POINT('',(2.22,-25.72,-3.));
#5081 = VECTOR('',#5082,1.);
#5082 = DIRECTION('',(0.,0.,1.));
#5083 = ORIENTED_EDGE('',*,*,#987,.F.);
#5084 = PLANE('',#5085);
#5085 = AXIS2_PLACEMENT_3D('',#5086,#5087,#5088);
#5086 = CARTESIAN_POINT('',(2.22,-25.72,-3.));
#5087 = DIRECTION('',(0.,1.,0.));
#5088 = DIRECTION('',(0.,-0.,1.));
#5089 = ADVANCED_FACE('',(#5090),#5108,.T.);
#5090 = FACE_BOUND('',#5091,.T.);
#5091 = EDGE_LOOP('',(#5092,#5093,#5101,#5107));
#5092 = ORIENTED_EDGE('',*,*,#5062,.F.);
#5093 = ORIENTED_EDGE('',*,*,#5094,.T.);
#5094 = EDGE_CURVE('',#5063,#5095,#5097,.T.);
#5095 = VERTEX_POINT('',#5096);
#5096 = CARTESIAN_POINT('',(2.86,-25.08,-2.84));
#5097 = LINE('',#5098,#5099);
#5098 = CARTESIAN_POINT('',(2.86,-25.72,-2.84));
#5099 = VECTOR('',#5100,1.);
#5100 = DIRECTION('',(0.,1.,0.));
#5101 = ORIENTED_EDGE('',*,*,#5102,.T.);
#5102 = EDGE_CURVE('',#5095,#1006,#5103,.T.);
#5103 = LINE('',#5104,#5105);
#5104 = CARTESIAN_POINT('',(2.86,-25.08,-3.));
#5105 = VECTOR('',#5106,1.);
#5106 = DIRECTION('',(0.,0.,1.));
#5107 = ORIENTED_EDGE('',*,*,#1013,.F.);
#5108 = PLANE('',#5109);
#5109 = AXIS2_PLACEMENT_3D('',#5110,#5111,#5112);
#5110 = CARTESIAN_POINT('',(2.86,-25.72,-3.));
#5111 = DIRECTION('',(1.,0.,0.));
#5112 = DIRECTION('',(0.,0.,1.));
#5113 = ADVANCED_FACE('',(#5114),#5132,.T.);
#5114 = FACE_BOUND('',#5115,.T.);
#5115 = EDGE_LOOP('',(#5116,#5117,#5125,#5131));
#5116 = ORIENTED_EDGE('',*,*,#5102,.F.);
#5117 = ORIENTED_EDGE('',*,*,#5118,.F.);
#5118 = EDGE_CURVE('',#5119,#5095,#5121,.T.);
#5119 = VERTEX_POINT('',#5120);
#5120 = CARTESIAN_POINT('',(2.22,-25.08,-2.84));
#5121 = LINE('',#5122,#5123);
#5122 = CARTESIAN_POINT('',(2.22,-25.08,-2.84));
#5123 = VECTOR('',#5124,1.);
#5124 = DIRECTION('',(1.,0.,0.));
#5125 = ORIENTED_EDGE('',*,*,#5126,.T.);
#5126 = EDGE_CURVE('',#5119,#998,#5127,.T.);
#5127 = LINE('',#5128,#5129);
#5128 = CARTESIAN_POINT('',(2.22,-25.08,-3.));
#5129 = VECTOR('',#5130,1.);
#5130 = DIRECTION('',(0.,0.,1.));
#5131 = ORIENTED_EDGE('',*,*,#1005,.F.);
#5132 = PLANE('',#5133);
#5133 = AXIS2_PLACEMENT_3D('',#5134,#5135,#5136);
#5134 = CARTESIAN_POINT('',(2.22,-25.08,-3.));
#5135 = DIRECTION('',(0.,1.,0.));
#5136 = DIRECTION('',(0.,-0.,1.));
#5137 = ADVANCED_FACE('',(#5138),#5149,.F.);
#5138 = FACE_BOUND('',#5139,.F.);
#5139 = EDGE_LOOP('',(#5140,#5141,#5147,#5148));
#5140 = ORIENTED_EDGE('',*,*,#5078,.F.);
#5141 = ORIENTED_EDGE('',*,*,#5142,.T.);
#5142 = EDGE_CURVE('',#5071,#5119,#5143,.T.);
#5143 = LINE('',#5144,#5145);
#5144 = CARTESIAN_POINT('',(2.22,-25.72,-2.84));
#5145 = VECTOR('',#5146,1.);
#5146 = DIRECTION('',(0.,1.,0.));
#5147 = ORIENTED_EDGE('',*,*,#5126,.T.);
#5148 = ORIENTED_EDGE('',*,*,#997,.F.);
#5149 = PLANE('',#5150);
#5150 = AXIS2_PLACEMENT_3D('',#5151,#5152,#5153);
#5151 = CARTESIAN_POINT('',(2.22,-25.72,-3.));
#5152 = DIRECTION('',(1.,0.,0.));
#5153 = DIRECTION('',(0.,0.,1.));
#5154 = ADVANCED_FACE('',(#5155),#5180,.T.);
#5155 = FACE_BOUND('',#5156,.T.);
#5156 = EDGE_LOOP('',(#5157,#5165,#5173,#5179));
#5157 = ORIENTED_EDGE('',*,*,#5158,.F.);
#5158 = EDGE_CURVE('',#5159,#1022,#5161,.T.);
#5159 = VERTEX_POINT('',#5160);
#5160 = CARTESIAN_POINT('',(2.86,-22.54,-2.84));
#5161 = LINE('',#5162,#5163);
#5162 = CARTESIAN_POINT('',(2.86,-22.54,-3.));
#5163 = VECTOR('',#5164,1.);
#5164 = DIRECTION('',(0.,0.,1.));
#5165 = ORIENTED_EDGE('',*,*,#5166,.F.);
#5166 = EDGE_CURVE('',#5167,#5159,#5169,.T.);
#5167 = VERTEX_POINT('',#5168);
#5168 = CARTESIAN_POINT('',(2.22,-22.54,-2.84));
#5169 = LINE('',#5170,#5171);
#5170 = CARTESIAN_POINT('',(2.22,-22.54,-2.84));
#5171 = VECTOR('',#5172,1.);
#5172 = DIRECTION('',(1.,0.,0.));
#5173 = ORIENTED_EDGE('',*,*,#5174,.T.);
#5174 = EDGE_CURVE('',#5167,#1024,#5175,.T.);
#5175 = LINE('',#5176,#5177);
#5176 = CARTESIAN_POINT('',(2.22,-22.54,-3.));
#5177 = VECTOR('',#5178,1.);
#5178 = DIRECTION('',(0.,0.,1.));
#5179 = ORIENTED_EDGE('',*,*,#1021,.F.);
#5180 = PLANE('',#5181);
#5181 = AXIS2_PLACEMENT_3D('',#5182,#5183,#5184);
#5182 = CARTESIAN_POINT('',(2.22,-22.54,-3.));
#5183 = DIRECTION('',(0.,1.,0.));
#5184 = DIRECTION('',(0.,-0.,1.));
#5185 = ADVANCED_FACE('',(#5186),#5204,.F.);
#5186 = FACE_BOUND('',#5187,.F.);
#5187 = EDGE_LOOP('',(#5188,#5196,#5202,#5203));
#5188 = ORIENTED_EDGE('',*,*,#5189,.F.);
#5189 = EDGE_CURVE('',#5190,#1040,#5192,.T.);
#5190 = VERTEX_POINT('',#5191);
#5191 = CARTESIAN_POINT('',(2.22,-23.18,-2.84));
#5192 = LINE('',#5193,#5194);
#5193 = CARTESIAN_POINT('',(2.22,-23.18,-3.));
#5194 = VECTOR('',#5195,1.);
#5195 = DIRECTION('',(0.,0.,1.));
#5196 = ORIENTED_EDGE('',*,*,#5197,.T.);
#5197 = EDGE_CURVE('',#5190,#5167,#5198,.T.);
#5198 = LINE('',#5199,#5200);
#5199 = CARTESIAN_POINT('',(2.22,-23.18,-2.84));
#5200 = VECTOR('',#5201,1.);
#5201 = DIRECTION('',(0.,1.,0.));
#5202 = ORIENTED_EDGE('',*,*,#5174,.T.);
#5203 = ORIENTED_EDGE('',*,*,#1047,.F.);
#5204 = PLANE('',#5205);
#5205 = AXIS2_PLACEMENT_3D('',#5206,#5207,#5208);
#5206 = CARTESIAN_POINT('',(2.22,-23.18,-3.));
#5207 = DIRECTION('',(1.,0.,0.));
#5208 = DIRECTION('',(0.,0.,1.));
#5209 = ADVANCED_FACE('',(#5210),#5228,.F.);
#5210 = FACE_BOUND('',#5211,.F.);
#5211 = EDGE_LOOP('',(#5212,#5220,#5226,#5227));
#5212 = ORIENTED_EDGE('',*,*,#5213,.F.);
#5213 = EDGE_CURVE('',#5214,#1032,#5216,.T.);
#5214 = VERTEX_POINT('',#5215);
#5215 = CARTESIAN_POINT('',(2.86,-23.18,-2.84));
#5216 = LINE('',#5217,#5218);
#5217 = CARTESIAN_POINT('',(2.86,-23.18,-3.));
#5218 = VECTOR('',#5219,1.);
#5219 = DIRECTION('',(0.,0.,1.));
#5220 = ORIENTED_EDGE('',*,*,#5221,.F.);
#5221 = EDGE_CURVE('',#5190,#5214,#5222,.T.);
#5222 = LINE('',#5223,#5224);
#5223 = CARTESIAN_POINT('',(2.22,-23.18,-2.84));
#5224 = VECTOR('',#5225,1.);
#5225 = DIRECTION('',(1.,0.,0.));
#5226 = ORIENTED_EDGE('',*,*,#5189,.T.);
#5227 = ORIENTED_EDGE('',*,*,#1039,.F.);
#5228 = PLANE('',#5229);
#5229 = AXIS2_PLACEMENT_3D('',#5230,#5231,#5232);
#5230 = CARTESIAN_POINT('',(2.22,-23.18,-3.));
#5231 = DIRECTION('',(0.,1.,0.));
#5232 = DIRECTION('',(0.,-0.,1.));
#5233 = ADVANCED_FACE('',(#5234),#5245,.T.);
#5234 = FACE_BOUND('',#5235,.T.);
#5235 = EDGE_LOOP('',(#5236,#5237,#5243,#5244));
#5236 = ORIENTED_EDGE('',*,*,#5213,.F.);
#5237 = ORIENTED_EDGE('',*,*,#5238,.T.);
#5238 = EDGE_CURVE('',#5214,#5159,#5239,.T.);
#5239 = LINE('',#5240,#5241);
#5240 = CARTESIAN_POINT('',(2.86,-23.18,-2.84));
#5241 = VECTOR('',#5242,1.);
#5242 = DIRECTION('',(0.,1.,0.));
#5243 = ORIENTED_EDGE('',*,*,#5158,.T.);
#5244 = ORIENTED_EDGE('',*,*,#1031,.F.);
#5245 = PLANE('',#5246);
#5246 = AXIS2_PLACEMENT_3D('',#5247,#5248,#5249);
#5247 = CARTESIAN_POINT('',(2.86,-23.18,-3.));
#5248 = DIRECTION('',(1.,0.,0.));
#5249 = DIRECTION('',(0.,0.,1.));
#5250 = ADVANCED_FACE('',(#5251),#5276,.T.);
#5251 = FACE_BOUND('',#5252,.T.);
#5252 = EDGE_LOOP('',(#5253,#5261,#5269,#5275));
#5253 = ORIENTED_EDGE('',*,*,#5254,.F.);
#5254 = EDGE_CURVE('',#5255,#1056,#5257,.T.);
#5255 = VERTEX_POINT('',#5256);
#5256 = CARTESIAN_POINT('',(0.32,-25.08,-2.84));
#5257 = LINE('',#5258,#5259);
#5258 = CARTESIAN_POINT('',(0.32,-25.08,-3.));
#5259 = VECTOR('',#5260,1.);
#5260 = DIRECTION('',(0.,0.,1.));
#5261 = ORIENTED_EDGE('',*,*,#5262,.F.);
#5262 = EDGE_CURVE('',#5263,#5255,#5265,.T.);
#5263 = VERTEX_POINT('',#5264);
#5264 = CARTESIAN_POINT('',(-0.32,-25.08,-2.84));
#5265 = LINE('',#5266,#5267);
#5266 = CARTESIAN_POINT('',(-0.32,-25.08,-2.84));
#5267 = VECTOR('',#5268,1.);
#5268 = DIRECTION('',(1.,0.,0.));
#5269 = ORIENTED_EDGE('',*,*,#5270,.T.);
#5270 = EDGE_CURVE('',#5263,#1058,#5271,.T.);
#5271 = LINE('',#5272,#5273);
#5272 = CARTESIAN_POINT('',(-0.32,-25.08,-3.));
#5273 = VECTOR('',#5274,1.);
#5274 = DIRECTION('',(0.,0.,1.));
#5275 = ORIENTED_EDGE('',*,*,#1055,.F.);
#5276 = PLANE('',#5277);
#5277 = AXIS2_PLACEMENT_3D('',#5278,#5279,#5280);
#5278 = CARTESIAN_POINT('',(-0.32,-25.08,-3.));
#5279 = DIRECTION('',(0.,1.,0.));
#5280 = DIRECTION('',(0.,-0.,1.));
#5281 = ADVANCED_FACE('',(#5282),#5300,.F.);
#5282 = FACE_BOUND('',#5283,.F.);
#5283 = EDGE_LOOP('',(#5284,#5292,#5298,#5299));
#5284 = ORIENTED_EDGE('',*,*,#5285,.F.);
#5285 = EDGE_CURVE('',#5286,#1074,#5288,.T.);
#5286 = VERTEX_POINT('',#5287);
#5287 = CARTESIAN_POINT('',(-0.32,-25.72,-2.84));
#5288 = LINE('',#5289,#5290);
#5289 = CARTESIAN_POINT('',(-0.32,-25.72,-3.));
#5290 = VECTOR('',#5291,1.);
#5291 = DIRECTION('',(0.,0.,1.));
#5292 = ORIENTED_EDGE('',*,*,#5293,.T.);
#5293 = EDGE_CURVE('',#5286,#5263,#5294,.T.);
#5294 = LINE('',#5295,#5296);
#5295 = CARTESIAN_POINT('',(-0.32,-25.72,-2.84));
#5296 = VECTOR('',#5297,1.);
#5297 = DIRECTION('',(0.,1.,0.));
#5298 = ORIENTED_EDGE('',*,*,#5270,.T.);
#5299 = ORIENTED_EDGE('',*,*,#1081,.F.);
#5300 = PLANE('',#5301);
#5301 = AXIS2_PLACEMENT_3D('',#5302,#5303,#5304);
#5302 = CARTESIAN_POINT('',(-0.32,-25.72,-3.));
#5303 = DIRECTION('',(1.,0.,0.));
#5304 = DIRECTION('',(0.,0.,1.));
#5305 = ADVANCED_FACE('',(#5306),#5324,.F.);
#5306 = FACE_BOUND('',#5307,.F.);
#5307 = EDGE_LOOP('',(#5308,#5316,#5322,#5323));
#5308 = ORIENTED_EDGE('',*,*,#5309,.F.);
#5309 = EDGE_CURVE('',#5310,#1066,#5312,.T.);
#5310 = VERTEX_POINT('',#5311);
#5311 = CARTESIAN_POINT('',(0.32,-25.72,-2.84));
#5312 = LINE('',#5313,#5314);
#5313 = CARTESIAN_POINT('',(0.32,-25.72,-3.));
#5314 = VECTOR('',#5315,1.);
#5315 = DIRECTION('',(0.,0.,1.));
#5316 = ORIENTED_EDGE('',*,*,#5317,.F.);
#5317 = EDGE_CURVE('',#5286,#5310,#5318,.T.);
#5318 = LINE('',#5319,#5320);
#5319 = CARTESIAN_POINT('',(-0.32,-25.72,-2.84));
#5320 = VECTOR('',#5321,1.);
#5321 = DIRECTION('',(1.,0.,0.));
#5322 = ORIENTED_EDGE('',*,*,#5285,.T.);
#5323 = ORIENTED_EDGE('',*,*,#1073,.F.);
#5324 = PLANE('',#5325);
#5325 = AXIS2_PLACEMENT_3D('',#5326,#5327,#5328);
#5326 = CARTESIAN_POINT('',(-0.32,-25.72,-3.));
#5327 = DIRECTION('',(0.,1.,0.));
#5328 = DIRECTION('',(0.,-0.,1.));
#5329 = ADVANCED_FACE('',(#5330),#5341,.T.);
#5330 = FACE_BOUND('',#5331,.T.);
#5331 = EDGE_LOOP('',(#5332,#5333,#5339,#5340));
#5332 = ORIENTED_EDGE('',*,*,#5309,.F.);
#5333 = ORIENTED_EDGE('',*,*,#5334,.T.);
#5334 = EDGE_CURVE('',#5310,#5255,#5335,.T.);
#5335 = LINE('',#5336,#5337);
#5336 = CARTESIAN_POINT('',(0.32,-25.72,-2.84));
#5337 = VECTOR('',#5338,1.);
#5338 = DIRECTION('',(0.,1.,0.));
#5339 = ORIENTED_EDGE('',*,*,#5254,.T.);
#5340 = ORIENTED_EDGE('',*,*,#1065,.F.);
#5341 = PLANE('',#5342);
#5342 = AXIS2_PLACEMENT_3D('',#5343,#5344,#5345);
#5343 = CARTESIAN_POINT('',(0.32,-25.72,-3.));
#5344 = DIRECTION('',(1.,0.,0.));
#5345 = DIRECTION('',(0.,0.,1.));
#5346 = ADVANCED_FACE('',(#5347),#5372,.T.);
#5347 = FACE_BOUND('',#5348,.T.);
#5348 = EDGE_LOOP('',(#5349,#5357,#5365,#5371));
#5349 = ORIENTED_EDGE('',*,*,#5350,.F.);
#5350 = EDGE_CURVE('',#5351,#1090,#5353,.T.);
#5351 = VERTEX_POINT('',#5352);
#5352 = CARTESIAN_POINT('',(0.32,-20.64,-2.84));
#5353 = LINE('',#5354,#5355);
#5354 = CARTESIAN_POINT('',(0.32,-20.64,-3.));
#5355 = VECTOR('',#5356,1.);
#5356 = DIRECTION('',(0.,0.,1.));
#5357 = ORIENTED_EDGE('',*,*,#5358,.T.);
#5358 = EDGE_CURVE('',#5351,#5359,#5361,.T.);
#5359 = VERTEX_POINT('',#5360);
#5360 = CARTESIAN_POINT('',(0.32,-20.,-2.84));
#5361 = LINE('',#5362,#5363);
#5362 = CARTESIAN_POINT('',(0.32,-20.64,-2.84));
#5363 = VECTOR('',#5364,1.);
#5364 = DIRECTION('',(0.,1.,0.));
#5365 = ORIENTED_EDGE('',*,*,#5366,.T.);
#5366 = EDGE_CURVE('',#5359,#1092,#5367,.T.);
#5367 = LINE('',#5368,#5369);
#5368 = CARTESIAN_POINT('',(0.32,-20.,-3.));
#5369 = VECTOR('',#5370,1.);
#5370 = DIRECTION('',(0.,0.,1.));
#5371 = ORIENTED_EDGE('',*,*,#1089,.F.);
#5372 = PLANE('',#5373);
#5373 = AXIS2_PLACEMENT_3D('',#5374,#5375,#5376);
#5374 = CARTESIAN_POINT('',(0.32,-20.64,-3.));
#5375 = DIRECTION('',(1.,0.,0.));
#5376 = DIRECTION('',(0.,0.,1.));
#5377 = ADVANCED_FACE('',(#5378),#5396,.T.);
#5378 = FACE_BOUND('',#5379,.T.);
#5379 = EDGE_LOOP('',(#5380,#5381,#5389,#5395));
#5380 = ORIENTED_EDGE('',*,*,#5366,.F.);
#5381 = ORIENTED_EDGE('',*,*,#5382,.F.);
#5382 = EDGE_CURVE('',#5383,#5359,#5385,.T.);
#5383 = VERTEX_POINT('',#5384);
#5384 = CARTESIAN_POINT('',(-0.32,-20.,-2.84));
#5385 = LINE('',#5386,#5387);
#5386 = CARTESIAN_POINT('',(-0.32,-20.,-2.84));
#5387 = VECTOR('',#5388,1.);
#5388 = DIRECTION('',(1.,0.,0.));
#5389 = ORIENTED_EDGE('',*,*,#5390,.T.);
#5390 = EDGE_CURVE('',#5383,#1108,#5391,.T.);
#5391 = LINE('',#5392,#5393);
#5392 = CARTESIAN_POINT('',(-0.32,-20.,-3.));
#5393 = VECTOR('',#5394,1.);
#5394 = DIRECTION('',(0.,0.,1.));
#5395 = ORIENTED_EDGE('',*,*,#1115,.F.);
#5396 = PLANE('',#5397);
#5397 = AXIS2_PLACEMENT_3D('',#5398,#5399,#5400);
#5398 = CARTESIAN_POINT('',(-0.32,-20.,-3.));
#5399 = DIRECTION('',(0.,1.,0.));
#5400 = DIRECTION('',(0.,-0.,1.));
#5401 = ADVANCED_FACE('',(#5402),#5420,.F.);
#5402 = FACE_BOUND('',#5403,.F.);
#5403 = EDGE_LOOP('',(#5404,#5412,#5418,#5419));
#5404 = ORIENTED_EDGE('',*,*,#5405,.F.);
#5405 = EDGE_CURVE('',#5406,#1100,#5408,.T.);
#5406 = VERTEX_POINT('',#5407);
#5407 = CARTESIAN_POINT('',(-0.32,-20.64,-2.84));
#5408 = LINE('',#5409,#5410);
#5409 = CARTESIAN_POINT('',(-0.32,-20.64,-3.));
#5410 = VECTOR('',#5411,1.);
#5411 = DIRECTION('',(0.,0.,1.));
#5412 = ORIENTED_EDGE('',*,*,#5413,.T.);
#5413 = EDGE_CURVE('',#5406,#5383,#5414,.T.);
#5414 = LINE('',#5415,#5416);
#5415 = CARTESIAN_POINT('',(-0.32,-20.64,-2.84));
#5416 = VECTOR('',#5417,1.);
#5417 = DIRECTION('',(0.,1.,0.));
#5418 = ORIENTED_EDGE('',*,*,#5390,.T.);
#5419 = ORIENTED_EDGE('',*,*,#1107,.F.);
#5420 = PLANE('',#5421);
#5421 = AXIS2_PLACEMENT_3D('',#5422,#5423,#5424);
#5422 = CARTESIAN_POINT('',(-0.32,-20.64,-3.));
#5423 = DIRECTION('',(1.,0.,0.));
#5424 = DIRECTION('',(0.,0.,1.));
#5425 = ADVANCED_FACE('',(#5426),#5437,.F.);
#5426 = FACE_BOUND('',#5427,.F.);
#5427 = EDGE_LOOP('',(#5428,#5429,#5435,#5436));
#5428 = ORIENTED_EDGE('',*,*,#5350,.F.);
#5429 = ORIENTED_EDGE('',*,*,#5430,.F.);
#5430 = EDGE_CURVE('',#5406,#5351,#5431,.T.);
#5431 = LINE('',#5432,#5433);
#5432 = CARTESIAN_POINT('',(-0.32,-20.64,-2.84));
#5433 = VECTOR('',#5434,1.);
#5434 = DIRECTION('',(1.,0.,0.));
#5435 = ORIENTED_EDGE('',*,*,#5405,.T.);
#5436 = ORIENTED_EDGE('',*,*,#1099,.F.);
#5437 = PLANE('',#5438);
#5438 = AXIS2_PLACEMENT_3D('',#5439,#5440,#5441);
#5439 = CARTESIAN_POINT('',(-0.32,-20.64,-3.));
#5440 = DIRECTION('',(0.,1.,0.));
#5441 = DIRECTION('',(0.,-0.,1.));
#5442 = ADVANCED_FACE('',(#5443),#5468,.T.);
#5443 = FACE_BOUND('',#5444,.T.);
#5444 = EDGE_LOOP('',(#5445,#5453,#5461,#5467));
#5445 = ORIENTED_EDGE('',*,*,#5446,.F.);
#5446 = EDGE_CURVE('',#5447,#1124,#5449,.T.);
#5447 = VERTEX_POINT('',#5448);
#5448 = CARTESIAN_POINT('',(0.32,-22.54,-2.84));
#5449 = LINE('',#5450,#5451);
#5450 = CARTESIAN_POINT('',(0.32,-22.54,-3.));
#5451 = VECTOR('',#5452,1.);
#5452 = DIRECTION('',(0.,0.,1.));
#5453 = ORIENTED_EDGE('',*,*,#5454,.F.);
#5454 = EDGE_CURVE('',#5455,#5447,#5457,.T.);
#5455 = VERTEX_POINT('',#5456);
#5456 = CARTESIAN_POINT('',(-0.32,-22.54,-2.84));
#5457 = LINE('',#5458,#5459);
#5458 = CARTESIAN_POINT('',(-0.32,-22.54,-2.84));
#5459 = VECTOR('',#5460,1.);
#5460 = DIRECTION('',(1.,0.,0.));
#5461 = ORIENTED_EDGE('',*,*,#5462,.T.);
#5462 = EDGE_CURVE('',#5455,#1126,#5463,.T.);
#5463 = LINE('',#5464,#5465);
#5464 = CARTESIAN_POINT('',(-0.32,-22.54,-3.));
#5465 = VECTOR('',#5466,1.);
#5466 = DIRECTION('',(0.,0.,1.));
#5467 = ORIENTED_EDGE('',*,*,#1123,.F.);
#5468 = PLANE('',#5469);
#5469 = AXIS2_PLACEMENT_3D('',#5470,#5471,#5472);
#5470 = CARTESIAN_POINT('',(-0.32,-22.54,-3.));
#5471 = DIRECTION('',(0.,1.,0.));
#5472 = DIRECTION('',(0.,-0.,1.));
#5473 = ADVANCED_FACE('',(#5474),#5492,.F.);
#5474 = FACE_BOUND('',#5475,.F.);
#5475 = EDGE_LOOP('',(#5476,#5484,#5490,#5491));
#5476 = ORIENTED_EDGE('',*,*,#5477,.F.);
#5477 = EDGE_CURVE('',#5478,#1142,#5480,.T.);
#5478 = VERTEX_POINT('',#5479);
#5479 = CARTESIAN_POINT('',(-0.32,-23.18,-2.84));
#5480 = LINE('',#5481,#5482);
#5481 = CARTESIAN_POINT('',(-0.32,-23.18,-3.));
#5482 = VECTOR('',#5483,1.);
#5483 = DIRECTION('',(0.,0.,1.));
#5484 = ORIENTED_EDGE('',*,*,#5485,.T.);
#5485 = EDGE_CURVE('',#5478,#5455,#5486,.T.);
#5486 = LINE('',#5487,#5488);
#5487 = CARTESIAN_POINT('',(-0.32,-23.18,-2.84));
#5488 = VECTOR('',#5489,1.);
#5489 = DIRECTION('',(0.,1.,0.));
#5490 = ORIENTED_EDGE('',*,*,#5462,.T.);
#5491 = ORIENTED_EDGE('',*,*,#1149,.F.);
#5492 = PLANE('',#5493);
#5493 = AXIS2_PLACEMENT_3D('',#5494,#5495,#5496);
#5494 = CARTESIAN_POINT('',(-0.32,-23.18,-3.));
#5495 = DIRECTION('',(1.,0.,0.));
#5496 = DIRECTION('',(0.,0.,1.));
#5497 = ADVANCED_FACE('',(#5498),#5516,.F.);
#5498 = FACE_BOUND('',#5499,.F.);
#5499 = EDGE_LOOP('',(#5500,#5508,#5514,#5515));
#5500 = ORIENTED_EDGE('',*,*,#5501,.F.);
#5501 = EDGE_CURVE('',#5502,#1134,#5504,.T.);
#5502 = VERTEX_POINT('',#5503);
#5503 = CARTESIAN_POINT('',(0.32,-23.18,-2.84));
#5504 = LINE('',#5505,#5506);
#5505 = CARTESIAN_POINT('',(0.32,-23.18,-3.));
#5506 = VECTOR('',#5507,1.);
#5507 = DIRECTION('',(0.,0.,1.));
#5508 = ORIENTED_EDGE('',*,*,#5509,.F.);
#5509 = EDGE_CURVE('',#5478,#5502,#5510,.T.);
#5510 = LINE('',#5511,#5512);
#5511 = CARTESIAN_POINT('',(-0.32,-23.18,-2.84));
#5512 = VECTOR('',#5513,1.);
#5513 = DIRECTION('',(1.,0.,0.));
#5514 = ORIENTED_EDGE('',*,*,#5477,.T.);
#5515 = ORIENTED_EDGE('',*,*,#1141,.F.);
#5516 = PLANE('',#5517);
#5517 = AXIS2_PLACEMENT_3D('',#5518,#5519,#5520);
#5518 = CARTESIAN_POINT('',(-0.32,-23.18,-3.));
#5519 = DIRECTION('',(0.,1.,0.));
#5520 = DIRECTION('',(0.,-0.,1.));
#5521 = ADVANCED_FACE('',(#5522),#5533,.T.);
#5522 = FACE_BOUND('',#5523,.T.);
#5523 = EDGE_LOOP('',(#5524,#5525,#5531,#5532));
#5524 = ORIENTED_EDGE('',*,*,#5501,.F.);
#5525 = ORIENTED_EDGE('',*,*,#5526,.T.);
#5526 = EDGE_CURVE('',#5502,#5447,#5527,.T.);
#5527 = LINE('',#5528,#5529);
#5528 = CARTESIAN_POINT('',(0.32,-23.18,-2.84));
#5529 = VECTOR('',#5530,1.);
#5530 = DIRECTION('',(0.,1.,0.));
#5531 = ORIENTED_EDGE('',*,*,#5446,.T.);
#5532 = ORIENTED_EDGE('',*,*,#1133,.F.);
#5533 = PLANE('',#5534);
#5534 = AXIS2_PLACEMENT_3D('',#5535,#5536,#5537);
#5535 = CARTESIAN_POINT('',(0.32,-23.18,-3.));
#5536 = DIRECTION('',(1.,0.,0.));
#5537 = DIRECTION('',(0.,0.,1.));
#5538 = ADVANCED_FACE('',(#5539),#5564,.F.);
#5539 = FACE_BOUND('',#5540,.F.);
#5540 = EDGE_LOOP('',(#5541,#5549,#5557,#5563));
#5541 = ORIENTED_EDGE('',*,*,#5542,.F.);
#5542 = EDGE_CURVE('',#5543,#1158,#5545,.T.);
#5543 = VERTEX_POINT('',#5544);
#5544 = CARTESIAN_POINT('',(2.86,-20.64,-2.84));
#5545 = LINE('',#5546,#5547);
#5546 = CARTESIAN_POINT('',(2.86,-20.64,-3.));
#5547 = VECTOR('',#5548,1.);
#5548 = DIRECTION('',(0.,0.,1.));
#5549 = ORIENTED_EDGE('',*,*,#5550,.F.);
#5550 = EDGE_CURVE('',#5551,#5543,#5553,.T.);
#5551 = VERTEX_POINT('',#5552);
#5552 = CARTESIAN_POINT('',(2.22,-20.64,-2.84));
#5553 = LINE('',#5554,#5555);
#5554 = CARTESIAN_POINT('',(2.22,-20.64,-2.84));
#5555 = VECTOR('',#5556,1.);
#5556 = DIRECTION('',(1.,0.,0.));
#5557 = ORIENTED_EDGE('',*,*,#5558,.T.);
#5558 = EDGE_CURVE('',#5551,#1160,#5559,.T.);
#5559 = LINE('',#5560,#5561);
#5560 = CARTESIAN_POINT('',(2.22,-20.64,-3.));
#5561 = VECTOR('',#5562,1.);
#5562 = DIRECTION('',(0.,0.,1.));
#5563 = ORIENTED_EDGE('',*,*,#1157,.F.);
#5564 = PLANE('',#5565);
#5565 = AXIS2_PLACEMENT_3D('',#5566,#5567,#5568);
#5566 = CARTESIAN_POINT('',(2.22,-20.64,-3.));
#5567 = DIRECTION('',(0.,1.,0.));
#5568 = DIRECTION('',(0.,-0.,1.));
#5569 = ADVANCED_FACE('',(#5570),#5588,.T.);
#5570 = FACE_BOUND('',#5571,.T.);
#5571 = EDGE_LOOP('',(#5572,#5573,#5581,#5587));
#5572 = ORIENTED_EDGE('',*,*,#5542,.F.);
#5573 = ORIENTED_EDGE('',*,*,#5574,.T.);
#5574 = EDGE_CURVE('',#5543,#5575,#5577,.T.);
#5575 = VERTEX_POINT('',#5576);
#5576 = CARTESIAN_POINT('',(2.86,-20.,-2.84));
#5577 = LINE('',#5578,#5579);
#5578 = CARTESIAN_POINT('',(2.86,-20.64,-2.84));
#5579 = VECTOR('',#5580,1.);
#5580 = DIRECTION('',(0.,1.,0.));
#5581 = ORIENTED_EDGE('',*,*,#5582,.T.);
#5582 = EDGE_CURVE('',#5575,#1176,#5583,.T.);
#5583 = LINE('',#5584,#5585);
#5584 = CARTESIAN_POINT('',(2.86,-20.,-3.));
#5585 = VECTOR('',#5586,1.);
#5586 = DIRECTION('',(0.,0.,1.));
#5587 = ORIENTED_EDGE('',*,*,#1183,.F.);
#5588 = PLANE('',#5589);
#5589 = AXIS2_PLACEMENT_3D('',#5590,#5591,#5592);
#5590 = CARTESIAN_POINT('',(2.86,-20.64,-3.));
#5591 = DIRECTION('',(1.,0.,0.));
#5592 = DIRECTION('',(0.,0.,1.));
#5593 = ADVANCED_FACE('',(#5594),#5612,.T.);
#5594 = FACE_BOUND('',#5595,.T.);
#5595 = EDGE_LOOP('',(#5596,#5597,#5605,#5611));
#5596 = ORIENTED_EDGE('',*,*,#5582,.F.);
#5597 = ORIENTED_EDGE('',*,*,#5598,.F.);
#5598 = EDGE_CURVE('',#5599,#5575,#5601,.T.);
#5599 = VERTEX_POINT('',#5600);
#5600 = CARTESIAN_POINT('',(2.22,-20.,-2.84));
#5601 = LINE('',#5602,#5603);
#5602 = CARTESIAN_POINT('',(2.22,-20.,-2.84));
#5603 = VECTOR('',#5604,1.);
#5604 = DIRECTION('',(1.,0.,0.));
#5605 = ORIENTED_EDGE('',*,*,#5606,.T.);
#5606 = EDGE_CURVE('',#5599,#1168,#5607,.T.);
#5607 = LINE('',#5608,#5609);
#5608 = CARTESIAN_POINT('',(2.22,-20.,-3.));
#5609 = VECTOR('',#5610,1.);
#5610 = DIRECTION('',(0.,0.,1.));
#5611 = ORIENTED_EDGE('',*,*,#1175,.F.);
#5612 = PLANE('',#5613);
#5613 = AXIS2_PLACEMENT_3D('',#5614,#5615,#5616);
#5614 = CARTESIAN_POINT('',(2.22,-20.,-3.));
#5615 = DIRECTION('',(0.,1.,0.));
#5616 = DIRECTION('',(0.,-0.,1.));
#5617 = ADVANCED_FACE('',(#5618),#5629,.F.);
#5618 = FACE_BOUND('',#5619,.F.);
#5619 = EDGE_LOOP('',(#5620,#5621,#5627,#5628));
#5620 = ORIENTED_EDGE('',*,*,#5558,.F.);
#5621 = ORIENTED_EDGE('',*,*,#5622,.T.);
#5622 = EDGE_CURVE('',#5551,#5599,#5623,.T.);
#5623 = LINE('',#5624,#5625);
#5624 = CARTESIAN_POINT('',(2.22,-20.64,-2.84));
#5625 = VECTOR('',#5626,1.);
#5626 = DIRECTION('',(0.,1.,0.));
#5627 = ORIENTED_EDGE('',*,*,#5606,.T.);
#5628 = ORIENTED_EDGE('',*,*,#1167,.F.);
#5629 = PLANE('',#5630);
#5630 = AXIS2_PLACEMENT_3D('',#5631,#5632,#5633);
#5631 = CARTESIAN_POINT('',(2.22,-20.64,-3.));
#5632 = DIRECTION('',(1.,0.,0.));
#5633 = DIRECTION('',(0.,0.,1.));
#5634 = ADVANCED_FACE('',(#5635),#5660,.F.);
#5635 = FACE_BOUND('',#5636,.F.);
#5636 = EDGE_LOOP('',(#5637,#5645,#5653,#5659));
#5637 = ORIENTED_EDGE('',*,*,#5638,.F.);
#5638 = EDGE_CURVE('',#5639,#1192,#5641,.T.);
#5639 = VERTEX_POINT('',#5640);
#5640 = CARTESIAN_POINT('',(2.86,-30.8,-2.84));
#5641 = LINE('',#5642,#5643);
#5642 = CARTESIAN_POINT('',(2.86,-30.8,-3.));
#5643 = VECTOR('',#5644,1.);
#5644 = DIRECTION('',(0.,0.,1.));
#5645 = ORIENTED_EDGE('',*,*,#5646,.F.);
#5646 = EDGE_CURVE('',#5647,#5639,#5649,.T.);
#5647 = VERTEX_POINT('',#5648);
#5648 = CARTESIAN_POINT('',(2.22,-30.8,-2.84));
#5649 = LINE('',#5650,#5651);
#5650 = CARTESIAN_POINT('',(2.22,-30.8,-2.84));
#5651 = VECTOR('',#5652,1.);
#5652 = DIRECTION('',(1.,0.,0.));
#5653 = ORIENTED_EDGE('',*,*,#5654,.T.);
#5654 = EDGE_CURVE('',#5647,#1194,#5655,.T.);
#5655 = LINE('',#5656,#5657);
#5656 = CARTESIAN_POINT('',(2.22,-30.8,-3.));
#5657 = VECTOR('',#5658,1.);
#5658 = DIRECTION('',(0.,0.,1.));
#5659 = ORIENTED_EDGE('',*,*,#1191,.F.);
#5660 = PLANE('',#5661);
#5661 = AXIS2_PLACEMENT_3D('',#5662,#5663,#5664);
#5662 = CARTESIAN_POINT('',(2.22,-30.8,-3.));
#5663 = DIRECTION('',(0.,1.,0.));
#5664 = DIRECTION('',(0.,-0.,1.));
#5665 = ADVANCED_FACE('',(#5666),#5684,.T.);
#5666 = FACE_BOUND('',#5667,.T.);
#5667 = EDGE_LOOP('',(#5668,#5669,#5677,#5683));
#5668 = ORIENTED_EDGE('',*,*,#5638,.F.);
#5669 = ORIENTED_EDGE('',*,*,#5670,.T.);
#5670 = EDGE_CURVE('',#5639,#5671,#5673,.T.);
#5671 = VERTEX_POINT('',#5672);
#5672 = CARTESIAN_POINT('',(2.86,-30.16,-2.84));
#5673 = LINE('',#5674,#5675);
#5674 = CARTESIAN_POINT('',(2.86,-30.8,-2.84));
#5675 = VECTOR('',#5676,1.);
#5676 = DIRECTION('',(0.,1.,0.));
#5677 = ORIENTED_EDGE('',*,*,#5678,.T.);
#5678 = EDGE_CURVE('',#5671,#1210,#5679,.T.);
#5679 = LINE('',#5680,#5681);
#5680 = CARTESIAN_POINT('',(2.86,-30.16,-3.));
#5681 = VECTOR('',#5682,1.);
#5682 = DIRECTION('',(0.,0.,1.));
#5683 = ORIENTED_EDGE('',*,*,#1217,.F.);
#5684 = PLANE('',#5685);
#5685 = AXIS2_PLACEMENT_3D('',#5686,#5687,#5688);
#5686 = CARTESIAN_POINT('',(2.86,-30.8,-3.));
#5687 = DIRECTION('',(1.,0.,0.));
#5688 = DIRECTION('',(0.,0.,1.));
#5689 = ADVANCED_FACE('',(#5690),#5708,.T.);
#5690 = FACE_BOUND('',#5691,.T.);
#5691 = EDGE_LOOP('',(#5692,#5693,#5701,#5707));
#5692 = ORIENTED_EDGE('',*,*,#5678,.F.);
#5693 = ORIENTED_EDGE('',*,*,#5694,.F.);
#5694 = EDGE_CURVE('',#5695,#5671,#5697,.T.);
#5695 = VERTEX_POINT('',#5696);
#5696 = CARTESIAN_POINT('',(2.22,-30.16,-2.84));
#5697 = LINE('',#5698,#5699);
#5698 = CARTESIAN_POINT('',(2.22,-30.16,-2.84));
#5699 = VECTOR('',#5700,1.);
#5700 = DIRECTION('',(1.,0.,0.));
#5701 = ORIENTED_EDGE('',*,*,#5702,.T.);
#5702 = EDGE_CURVE('',#5695,#1202,#5703,.T.);
#5703 = LINE('',#5704,#5705);
#5704 = CARTESIAN_POINT('',(2.22,-30.16,-3.));
#5705 = VECTOR('',#5706,1.);
#5706 = DIRECTION('',(0.,0.,1.));
#5707 = ORIENTED_EDGE('',*,*,#1209,.F.);
#5708 = PLANE('',#5709);
#5709 = AXIS2_PLACEMENT_3D('',#5710,#5711,#5712);
#5710 = CARTESIAN_POINT('',(2.22,-30.16,-3.));
#5711 = DIRECTION('',(0.,1.,0.));
#5712 = DIRECTION('',(0.,-0.,1.));
#5713 = ADVANCED_FACE('',(#5714),#5725,.F.);
#5714 = FACE_BOUND('',#5715,.F.);
#5715 = EDGE_LOOP('',(#5716,#5717,#5723,#5724));
#5716 = ORIENTED_EDGE('',*,*,#5654,.F.);
#5717 = ORIENTED_EDGE('',*,*,#5718,.T.);
#5718 = EDGE_CURVE('',#5647,#5695,#5719,.T.);
#5719 = LINE('',#5720,#5721);
#5720 = CARTESIAN_POINT('',(2.22,-30.8,-2.84));
#5721 = VECTOR('',#5722,1.);
#5722 = DIRECTION('',(0.,1.,0.));
#5723 = ORIENTED_EDGE('',*,*,#5702,.T.);
#5724 = ORIENTED_EDGE('',*,*,#1201,.F.);
#5725 = PLANE('',#5726);
#5726 = AXIS2_PLACEMENT_3D('',#5727,#5728,#5729);
#5727 = CARTESIAN_POINT('',(2.22,-30.8,-3.));
#5728 = DIRECTION('',(1.,0.,0.));
#5729 = DIRECTION('',(0.,0.,1.));
#5730 = ADVANCED_FACE('',(#5731),#5756,.T.);
#5731 = FACE_BOUND('',#5732,.T.);
#5732 = EDGE_LOOP('',(#5733,#5741,#5749,#5755));
#5733 = ORIENTED_EDGE('',*,*,#5734,.F.);
#5734 = EDGE_CURVE('',#5735,#1226,#5737,.T.);
#5735 = VERTEX_POINT('',#5736);
#5736 = CARTESIAN_POINT('',(0.32,-30.16,-2.84));
#5737 = LINE('',#5738,#5739);
#5738 = CARTESIAN_POINT('',(0.32,-30.16,-3.));
#5739 = VECTOR('',#5740,1.);
#5740 = DIRECTION('',(0.,0.,1.));
#5741 = ORIENTED_EDGE('',*,*,#5742,.F.);
#5742 = EDGE_CURVE('',#5743,#5735,#5745,.T.);
#5743 = VERTEX_POINT('',#5744);
#5744 = CARTESIAN_POINT('',(-0.32,-30.16,-2.84));
#5745 = LINE('',#5746,#5747);
#5746 = CARTESIAN_POINT('',(-0.32,-30.16,-2.84));
#5747 = VECTOR('',#5748,1.);
#5748 = DIRECTION('',(1.,0.,0.));
#5749 = ORIENTED_EDGE('',*,*,#5750,.T.);
#5750 = EDGE_CURVE('',#5743,#1228,#5751,.T.);
#5751 = LINE('',#5752,#5753);
#5752 = CARTESIAN_POINT('',(-0.32,-30.16,-3.));
#5753 = VECTOR('',#5754,1.);
#5754 = DIRECTION('',(0.,0.,1.));
#5755 = ORIENTED_EDGE('',*,*,#1225,.F.);
#5756 = PLANE('',#5757);
#5757 = AXIS2_PLACEMENT_3D('',#5758,#5759,#5760);
#5758 = CARTESIAN_POINT('',(-0.32,-30.16,-3.));
#5759 = DIRECTION('',(0.,1.,0.));
#5760 = DIRECTION('',(0.,-0.,1.));
#5761 = ADVANCED_FACE('',(#5762),#5780,.F.);
#5762 = FACE_BOUND('',#5763,.F.);
#5763 = EDGE_LOOP('',(#5764,#5772,#5778,#5779));
#5764 = ORIENTED_EDGE('',*,*,#5765,.F.);
#5765 = EDGE_CURVE('',#5766,#1244,#5768,.T.);
#5766 = VERTEX_POINT('',#5767);
#5767 = CARTESIAN_POINT('',(-0.32,-30.8,-2.84));
#5768 = LINE('',#5769,#5770);
#5769 = CARTESIAN_POINT('',(-0.32,-30.8,-3.));
#5770 = VECTOR('',#5771,1.);
#5771 = DIRECTION('',(0.,0.,1.));
#5772 = ORIENTED_EDGE('',*,*,#5773,.T.);
#5773 = EDGE_CURVE('',#5766,#5743,#5774,.T.);
#5774 = LINE('',#5775,#5776);
#5775 = CARTESIAN_POINT('',(-0.32,-30.8,-2.84));
#5776 = VECTOR('',#5777,1.);
#5777 = DIRECTION('',(0.,1.,0.));
#5778 = ORIENTED_EDGE('',*,*,#5750,.T.);
#5779 = ORIENTED_EDGE('',*,*,#1251,.F.);
#5780 = PLANE('',#5781);
#5781 = AXIS2_PLACEMENT_3D('',#5782,#5783,#5784);
#5782 = CARTESIAN_POINT('',(-0.32,-30.8,-3.));
#5783 = DIRECTION('',(1.,0.,0.));
#5784 = DIRECTION('',(0.,0.,1.));
#5785 = ADVANCED_FACE('',(#5786),#5804,.F.);
#5786 = FACE_BOUND('',#5787,.F.);
#5787 = EDGE_LOOP('',(#5788,#5796,#5802,#5803));
#5788 = ORIENTED_EDGE('',*,*,#5789,.F.);
#5789 = EDGE_CURVE('',#5790,#1236,#5792,.T.);
#5790 = VERTEX_POINT('',#5791);
#5791 = CARTESIAN_POINT('',(0.32,-30.8,-2.84));
#5792 = LINE('',#5793,#5794);
#5793 = CARTESIAN_POINT('',(0.32,-30.8,-3.));
#5794 = VECTOR('',#5795,1.);
#5795 = DIRECTION('',(0.,0.,1.));
#5796 = ORIENTED_EDGE('',*,*,#5797,.F.);
#5797 = EDGE_CURVE('',#5766,#5790,#5798,.T.);
#5798 = LINE('',#5799,#5800);
#5799 = CARTESIAN_POINT('',(-0.32,-30.8,-2.84));
#5800 = VECTOR('',#5801,1.);
#5801 = DIRECTION('',(1.,0.,0.));
#5802 = ORIENTED_EDGE('',*,*,#5765,.T.);
#5803 = ORIENTED_EDGE('',*,*,#1243,.F.);
#5804 = PLANE('',#5805);
#5805 = AXIS2_PLACEMENT_3D('',#5806,#5807,#5808);
#5806 = CARTESIAN_POINT('',(-0.32,-30.8,-3.));
#5807 = DIRECTION('',(0.,1.,0.));
#5808 = DIRECTION('',(0.,-0.,1.));
#5809 = ADVANCED_FACE('',(#5810),#5821,.T.);
#5810 = FACE_BOUND('',#5811,.T.);
#5811 = EDGE_LOOP('',(#5812,#5813,#5819,#5820));
#5812 = ORIENTED_EDGE('',*,*,#5789,.F.);
#5813 = ORIENTED_EDGE('',*,*,#5814,.T.);
#5814 = EDGE_CURVE('',#5790,#5735,#5815,.T.);
#5815 = LINE('',#5816,#5817);
#5816 = CARTESIAN_POINT('',(0.32,-30.8,-2.84));
#5817 = VECTOR('',#5818,1.);
#5818 = DIRECTION('',(0.,1.,0.));
#5819 = ORIENTED_EDGE('',*,*,#5734,.T.);
#5820 = ORIENTED_EDGE('',*,*,#1235,.F.);
#5821 = PLANE('',#5822);
#5822 = AXIS2_PLACEMENT_3D('',#5823,#5824,#5825);
#5823 = CARTESIAN_POINT('',(0.32,-30.8,-3.));
#5824 = DIRECTION('',(1.,0.,0.));
#5825 = DIRECTION('',(0.,0.,1.));
#5826 = ADVANCED_FACE('',(#5827),#5852,.T.);
#5827 = FACE_BOUND('',#5828,.T.);
#5828 = EDGE_LOOP('',(#5829,#5837,#5845,#5851));
#5829 = ORIENTED_EDGE('',*,*,#5830,.F.);
#5830 = EDGE_CURVE('',#5831,#1260,#5833,.T.);
#5831 = VERTEX_POINT('',#5832);
#5832 = CARTESIAN_POINT('',(2.86,-28.26,-2.84));
#5833 = LINE('',#5834,#5835);
#5834 = CARTESIAN_POINT('',(2.86,-28.26,-3.));
#5835 = VECTOR('',#5836,1.);
#5836 = DIRECTION('',(0.,0.,1.));
#5837 = ORIENTED_EDGE('',*,*,#5838,.T.);
#5838 = EDGE_CURVE('',#5831,#5839,#5841,.T.);
#5839 = VERTEX_POINT('',#5840);
#5840 = CARTESIAN_POINT('',(2.86,-27.62,-2.84));
#5841 = LINE('',#5842,#5843);
#5842 = CARTESIAN_POINT('',(2.86,-28.26,-2.84));
#5843 = VECTOR('',#5844,1.);
#5844 = DIRECTION('',(0.,1.,0.));
#5845 = ORIENTED_EDGE('',*,*,#5846,.T.);
#5846 = EDGE_CURVE('',#5839,#1262,#5847,.T.);
#5847 = LINE('',#5848,#5849);
#5848 = CARTESIAN_POINT('',(2.86,-27.62,-3.));
#5849 = VECTOR('',#5850,1.);
#5850 = DIRECTION('',(0.,0.,1.));
#5851 = ORIENTED_EDGE('',*,*,#1259,.F.);
#5852 = PLANE('',#5853);
#5853 = AXIS2_PLACEMENT_3D('',#5854,#5855,#5856);
#5854 = CARTESIAN_POINT('',(2.86,-28.26,-3.));
#5855 = DIRECTION('',(1.,0.,0.));
#5856 = DIRECTION('',(0.,0.,1.));
#5857 = ADVANCED_FACE('',(#5858),#5876,.T.);
#5858 = FACE_BOUND('',#5859,.T.);
#5859 = EDGE_LOOP('',(#5860,#5861,#5869,#5875));
#5860 = ORIENTED_EDGE('',*,*,#5846,.F.);
#5861 = ORIENTED_EDGE('',*,*,#5862,.F.);
#5862 = EDGE_CURVE('',#5863,#5839,#5865,.T.);
#5863 = VERTEX_POINT('',#5864);
#5864 = CARTESIAN_POINT('',(2.22,-27.62,-2.84));
#5865 = LINE('',#5866,#5867);
#5866 = CARTESIAN_POINT('',(2.22,-27.62,-2.84));
#5867 = VECTOR('',#5868,1.);
#5868 = DIRECTION('',(1.,0.,0.));
#5869 = ORIENTED_EDGE('',*,*,#5870,.T.);
#5870 = EDGE_CURVE('',#5863,#1278,#5871,.T.);
#5871 = LINE('',#5872,#5873);
#5872 = CARTESIAN_POINT('',(2.22,-27.62,-3.));
#5873 = VECTOR('',#5874,1.);
#5874 = DIRECTION('',(0.,0.,1.));
#5875 = ORIENTED_EDGE('',*,*,#1285,.F.);
#5876 = PLANE('',#5877);
#5877 = AXIS2_PLACEMENT_3D('',#5878,#5879,#5880);
#5878 = CARTESIAN_POINT('',(2.22,-27.62,-3.));
#5879 = DIRECTION('',(0.,1.,0.));
#5880 = DIRECTION('',(0.,-0.,1.));
#5881 = ADVANCED_FACE('',(#5882),#5900,.F.);
#5882 = FACE_BOUND('',#5883,.F.);
#5883 = EDGE_LOOP('',(#5884,#5892,#5898,#5899));
#5884 = ORIENTED_EDGE('',*,*,#5885,.F.);
#5885 = EDGE_CURVE('',#5886,#1270,#5888,.T.);
#5886 = VERTEX_POINT('',#5887);
#5887 = CARTESIAN_POINT('',(2.22,-28.26,-2.84));
#5888 = LINE('',#5889,#5890);
#5889 = CARTESIAN_POINT('',(2.22,-28.26,-3.));
#5890 = VECTOR('',#5891,1.);
#5891 = DIRECTION('',(0.,0.,1.));
#5892 = ORIENTED_EDGE('',*,*,#5893,.T.);
#5893 = EDGE_CURVE('',#5886,#5863,#5894,.T.);
#5894 = LINE('',#5895,#5896);
#5895 = CARTESIAN_POINT('',(2.22,-28.26,-2.84));
#5896 = VECTOR('',#5897,1.);
#5897 = DIRECTION('',(0.,1.,0.));
#5898 = ORIENTED_EDGE('',*,*,#5870,.T.);
#5899 = ORIENTED_EDGE('',*,*,#1277,.F.);
#5900 = PLANE('',#5901);
#5901 = AXIS2_PLACEMENT_3D('',#5902,#5903,#5904);
#5902 = CARTESIAN_POINT('',(2.22,-28.26,-3.));
#5903 = DIRECTION('',(1.,0.,0.));
#5904 = DIRECTION('',(0.,0.,1.));
#5905 = ADVANCED_FACE('',(#5906),#5917,.F.);
#5906 = FACE_BOUND('',#5907,.F.);
#5907 = EDGE_LOOP('',(#5908,#5909,#5915,#5916));
#5908 = ORIENTED_EDGE('',*,*,#5830,.F.);
#5909 = ORIENTED_EDGE('',*,*,#5910,.F.);
#5910 = EDGE_CURVE('',#5886,#5831,#5911,.T.);
#5911 = LINE('',#5912,#5913);
#5912 = CARTESIAN_POINT('',(2.22,-28.26,-2.84));
#5913 = VECTOR('',#5914,1.);
#5914 = DIRECTION('',(1.,0.,0.));
#5915 = ORIENTED_EDGE('',*,*,#5885,.T.);
#5916 = ORIENTED_EDGE('',*,*,#1269,.F.);
#5917 = PLANE('',#5918);
#5918 = AXIS2_PLACEMENT_3D('',#5919,#5920,#5921);
#5919 = CARTESIAN_POINT('',(2.22,-28.26,-3.));
#5920 = DIRECTION('',(0.,1.,0.));
#5921 = DIRECTION('',(0.,-0.,1.));
#5922 = ADVANCED_FACE('',(#5923),#5948,.T.);
#5923 = FACE_BOUND('',#5924,.T.);
#5924 = EDGE_LOOP('',(#5925,#5933,#5941,#5947));
#5925 = ORIENTED_EDGE('',*,*,#5926,.F.);
#5926 = EDGE_CURVE('',#5927,#1294,#5929,.T.);
#5927 = VERTEX_POINT('',#5928);
#5928 = CARTESIAN_POINT('',(0.32,-28.26,-2.84));
#5929 = LINE('',#5930,#5931);
#5930 = CARTESIAN_POINT('',(0.32,-28.26,-3.));
#5931 = VECTOR('',#5932,1.);
#5932 = DIRECTION('',(0.,0.,1.));
#5933 = ORIENTED_EDGE('',*,*,#5934,.T.);
#5934 = EDGE_CURVE('',#5927,#5935,#5937,.T.);
#5935 = VERTEX_POINT('',#5936);
#5936 = CARTESIAN_POINT('',(0.32,-27.62,-2.84));
#5937 = LINE('',#5938,#5939);
#5938 = CARTESIAN_POINT('',(0.32,-28.26,-2.84));
#5939 = VECTOR('',#5940,1.);
#5940 = DIRECTION('',(0.,1.,0.));
#5941 = ORIENTED_EDGE('',*,*,#5942,.T.);
#5942 = EDGE_CURVE('',#5935,#1296,#5943,.T.);
#5943 = LINE('',#5944,#5945);
#5944 = CARTESIAN_POINT('',(0.32,-27.62,-3.));
#5945 = VECTOR('',#5946,1.);
#5946 = DIRECTION('',(0.,0.,1.));
#5947 = ORIENTED_EDGE('',*,*,#1293,.F.);
#5948 = PLANE('',#5949);
#5949 = AXIS2_PLACEMENT_3D('',#5950,#5951,#5952);
#5950 = CARTESIAN_POINT('',(0.32,-28.26,-3.));
#5951 = DIRECTION('',(1.,0.,0.));
#5952 = DIRECTION('',(0.,0.,1.));
#5953 = ADVANCED_FACE('',(#5954),#5972,.T.);
#5954 = FACE_BOUND('',#5955,.T.);
#5955 = EDGE_LOOP('',(#5956,#5957,#5965,#5971));
#5956 = ORIENTED_EDGE('',*,*,#5942,.F.);
#5957 = ORIENTED_EDGE('',*,*,#5958,.F.);
#5958 = EDGE_CURVE('',#5959,#5935,#5961,.T.);
#5959 = VERTEX_POINT('',#5960);
#5960 = CARTESIAN_POINT('',(-0.32,-27.62,-2.84));
#5961 = LINE('',#5962,#5963);
#5962 = CARTESIAN_POINT('',(-0.32,-27.62,-2.84));
#5963 = VECTOR('',#5964,1.);
#5964 = DIRECTION('',(1.,0.,0.));
#5965 = ORIENTED_EDGE('',*,*,#5966,.T.);
#5966 = EDGE_CURVE('',#5959,#1312,#5967,.T.);
#5967 = LINE('',#5968,#5969);
#5968 = CARTESIAN_POINT('',(-0.32,-27.62,-3.));
#5969 = VECTOR('',#5970,1.);
#5970 = DIRECTION('',(0.,0.,1.));
#5971 = ORIENTED_EDGE('',*,*,#1319,.F.);
#5972 = PLANE('',#5973);
#5973 = AXIS2_PLACEMENT_3D('',#5974,#5975,#5976);
#5974 = CARTESIAN_POINT('',(-0.32,-27.62,-3.));
#5975 = DIRECTION('',(0.,1.,0.));
#5976 = DIRECTION('',(0.,-0.,1.));
#5977 = ADVANCED_FACE('',(#5978),#5996,.F.);
#5978 = FACE_BOUND('',#5979,.F.);
#5979 = EDGE_LOOP('',(#5980,#5988,#5994,#5995));
#5980 = ORIENTED_EDGE('',*,*,#5981,.F.);
#5981 = EDGE_CURVE('',#5982,#1304,#5984,.T.);
#5982 = VERTEX_POINT('',#5983);
#5983 = CARTESIAN_POINT('',(-0.32,-28.26,-2.84));
#5984 = LINE('',#5985,#5986);
#5985 = CARTESIAN_POINT('',(-0.32,-28.26,-3.));
#5986 = VECTOR('',#5987,1.);
#5987 = DIRECTION('',(0.,0.,1.));
#5988 = ORIENTED_EDGE('',*,*,#5989,.T.);
#5989 = EDGE_CURVE('',#5982,#5959,#5990,.T.);
#5990 = LINE('',#5991,#5992);
#5991 = CARTESIAN_POINT('',(-0.32,-28.26,-2.84));
#5992 = VECTOR('',#5993,1.);
#5993 = DIRECTION('',(0.,1.,0.));
#5994 = ORIENTED_EDGE('',*,*,#5966,.T.);
#5995 = ORIENTED_EDGE('',*,*,#1311,.F.);
#5996 = PLANE('',#5997);
#5997 = AXIS2_PLACEMENT_3D('',#5998,#5999,#6000);
#5998 = CARTESIAN_POINT('',(-0.32,-28.26,-3.));
#5999 = DIRECTION('',(1.,0.,0.));
#6000 = DIRECTION('',(0.,0.,1.));
#6001 = ADVANCED_FACE('',(#6002),#6013,.F.);
#6002 = FACE_BOUND('',#6003,.F.);
#6003 = EDGE_LOOP('',(#6004,#6005,#6011,#6012));
#6004 = ORIENTED_EDGE('',*,*,#5926,.F.);
#6005 = ORIENTED_EDGE('',*,*,#6006,.F.);
#6006 = EDGE_CURVE('',#5982,#5927,#6007,.T.);
#6007 = LINE('',#6008,#6009);
#6008 = CARTESIAN_POINT('',(-0.32,-28.26,-2.84));
#6009 = VECTOR('',#6010,1.);
#6010 = DIRECTION('',(1.,0.,0.));
#6011 = ORIENTED_EDGE('',*,*,#5981,.T.);
#6012 = ORIENTED_EDGE('',*,*,#1303,.F.);
#6013 = PLANE('',#6014);
#6014 = AXIS2_PLACEMENT_3D('',#6015,#6016,#6017);
#6015 = CARTESIAN_POINT('',(-0.32,-28.26,-3.));
#6016 = DIRECTION('',(0.,1.,0.));
#6017 = DIRECTION('',(0.,-0.,1.));
#6018 = ADVANCED_FACE('',(#6019),#6044,.T.);
#6019 = FACE_BOUND('',#6020,.T.);
#6020 = EDGE_LOOP('',(#6021,#6029,#6037,#6043));
#6021 = ORIENTED_EDGE('',*,*,#6022,.F.);
#6022 = EDGE_CURVE('',#6023,#1328,#6025,.T.);
#6023 = VERTEX_POINT('',#6024);
#6024 = CARTESIAN_POINT('',(2.86,-10.48,-2.84));
#6025 = LINE('',#6026,#6027);
#6026 = CARTESIAN_POINT('',(2.86,-10.48,-3.));
#6027 = VECTOR('',#6028,1.);
#6028 = DIRECTION('',(0.,0.,1.));
#6029 = ORIENTED_EDGE('',*,*,#6030,.T.);
#6030 = EDGE_CURVE('',#6023,#6031,#6033,.T.);
#6031 = VERTEX_POINT('',#6032);
#6032 = CARTESIAN_POINT('',(2.86,-9.84,-2.84));
#6033 = LINE('',#6034,#6035);
#6034 = CARTESIAN_POINT('',(2.86,-10.48,-2.84));
#6035 = VECTOR('',#6036,1.);
#6036 = DIRECTION('',(0.,1.,0.));
#6037 = ORIENTED_EDGE('',*,*,#6038,.T.);
#6038 = EDGE_CURVE('',#6031,#1330,#6039,.T.);
#6039 = LINE('',#6040,#6041);
#6040 = CARTESIAN_POINT('',(2.86,-9.84,-3.));
#6041 = VECTOR('',#6042,1.);
#6042 = DIRECTION('',(0.,0.,1.));
#6043 = ORIENTED_EDGE('',*,*,#1327,.F.);
#6044 = PLANE('',#6045);
#6045 = AXIS2_PLACEMENT_3D('',#6046,#6047,#6048);
#6046 = CARTESIAN_POINT('',(2.86,-10.48,-3.));
#6047 = DIRECTION('',(1.,0.,0.));
#6048 = DIRECTION('',(0.,0.,1.));
#6049 = ADVANCED_FACE('',(#6050),#6068,.T.);
#6050 = FACE_BOUND('',#6051,.T.);
#6051 = EDGE_LOOP('',(#6052,#6053,#6061,#6067));
#6052 = ORIENTED_EDGE('',*,*,#6038,.F.);
#6053 = ORIENTED_EDGE('',*,*,#6054,.F.);
#6054 = EDGE_CURVE('',#6055,#6031,#6057,.T.);
#6055 = VERTEX_POINT('',#6056);
#6056 = CARTESIAN_POINT('',(2.22,-9.84,-2.84));
#6057 = LINE('',#6058,#6059);
#6058 = CARTESIAN_POINT('',(2.22,-9.84,-2.84));
#6059 = VECTOR('',#6060,1.);
#6060 = DIRECTION('',(1.,0.,0.));
#6061 = ORIENTED_EDGE('',*,*,#6062,.T.);
#6062 = EDGE_CURVE('',#6055,#1346,#6063,.T.);
#6063 = LINE('',#6064,#6065);
#6064 = CARTESIAN_POINT('',(2.22,-9.84,-3.));
#6065 = VECTOR('',#6066,1.);
#6066 = DIRECTION('',(0.,0.,1.));
#6067 = ORIENTED_EDGE('',*,*,#1353,.F.);
#6068 = PLANE('',#6069);
#6069 = AXIS2_PLACEMENT_3D('',#6070,#6071,#6072);
#6070 = CARTESIAN_POINT('',(2.22,-9.84,-3.));
#6071 = DIRECTION('',(0.,1.,0.));
#6072 = DIRECTION('',(0.,-0.,1.));
#6073 = ADVANCED_FACE('',(#6074),#6092,.F.);
#6074 = FACE_BOUND('',#6075,.F.);
#6075 = EDGE_LOOP('',(#6076,#6084,#6090,#6091));
#6076 = ORIENTED_EDGE('',*,*,#6077,.F.);
#6077 = EDGE_CURVE('',#6078,#1338,#6080,.T.);
#6078 = VERTEX_POINT('',#6079);
#6079 = CARTESIAN_POINT('',(2.22,-10.48,-2.84));
#6080 = LINE('',#6081,#6082);
#6081 = CARTESIAN_POINT('',(2.22,-10.48,-3.));
#6082 = VECTOR('',#6083,1.);
#6083 = DIRECTION('',(0.,0.,1.));
#6084 = ORIENTED_EDGE('',*,*,#6085,.T.);
#6085 = EDGE_CURVE('',#6078,#6055,#6086,.T.);
#6086 = LINE('',#6087,#6088);
#6087 = CARTESIAN_POINT('',(2.22,-10.48,-2.84));
#6088 = VECTOR('',#6089,1.);
#6089 = DIRECTION('',(0.,1.,0.));
#6090 = ORIENTED_EDGE('',*,*,#6062,.T.);
#6091 = ORIENTED_EDGE('',*,*,#1345,.F.);
#6092 = PLANE('',#6093);
#6093 = AXIS2_PLACEMENT_3D('',#6094,#6095,#6096);
#6094 = CARTESIAN_POINT('',(2.22,-10.48,-3.));
#6095 = DIRECTION('',(1.,0.,0.));
#6096 = DIRECTION('',(0.,0.,1.));
#6097 = ADVANCED_FACE('',(#6098),#6109,.F.);
#6098 = FACE_BOUND('',#6099,.F.);
#6099 = EDGE_LOOP('',(#6100,#6101,#6107,#6108));
#6100 = ORIENTED_EDGE('',*,*,#6022,.F.);
#6101 = ORIENTED_EDGE('',*,*,#6102,.F.);
#6102 = EDGE_CURVE('',#6078,#6023,#6103,.T.);
#6103 = LINE('',#6104,#6105);
#6104 = CARTESIAN_POINT('',(2.22,-10.48,-2.84));
#6105 = VECTOR('',#6106,1.);
#6106 = DIRECTION('',(1.,0.,0.));
#6107 = ORIENTED_EDGE('',*,*,#6077,.T.);
#6108 = ORIENTED_EDGE('',*,*,#1337,.F.);
#6109 = PLANE('',#6110);
#6110 = AXIS2_PLACEMENT_3D('',#6111,#6112,#6113);
#6111 = CARTESIAN_POINT('',(2.22,-10.48,-3.));
#6112 = DIRECTION('',(0.,1.,0.));
#6113 = DIRECTION('',(0.,-0.,1.));
#6114 = ADVANCED_FACE('',(#6115),#6140,.T.);
#6115 = FACE_BOUND('',#6116,.T.);
#6116 = EDGE_LOOP('',(#6117,#6125,#6133,#6139));
#6117 = ORIENTED_EDGE('',*,*,#6118,.F.);
#6118 = EDGE_CURVE('',#6119,#1362,#6121,.T.);
#6119 = VERTEX_POINT('',#6120);
#6120 = CARTESIAN_POINT('',(0.32,-10.48,-2.84));
#6121 = LINE('',#6122,#6123);
#6122 = CARTESIAN_POINT('',(0.32,-10.48,-3.));
#6123 = VECTOR('',#6124,1.);
#6124 = DIRECTION('',(0.,0.,1.));
#6125 = ORIENTED_EDGE('',*,*,#6126,.T.);
#6126 = EDGE_CURVE('',#6119,#6127,#6129,.T.);
#6127 = VERTEX_POINT('',#6128);
#6128 = CARTESIAN_POINT('',(0.32,-9.84,-2.84));
#6129 = LINE('',#6130,#6131);
#6130 = CARTESIAN_POINT('',(0.32,-10.48,-2.84));
#6131 = VECTOR('',#6132,1.);
#6132 = DIRECTION('',(0.,1.,0.));
#6133 = ORIENTED_EDGE('',*,*,#6134,.T.);
#6134 = EDGE_CURVE('',#6127,#1364,#6135,.T.);
#6135 = LINE('',#6136,#6137);
#6136 = CARTESIAN_POINT('',(0.32,-9.84,-3.));
#6137 = VECTOR('',#6138,1.);
#6138 = DIRECTION('',(0.,0.,1.));
#6139 = ORIENTED_EDGE('',*,*,#1361,.F.);
#6140 = PLANE('',#6141);
#6141 = AXIS2_PLACEMENT_3D('',#6142,#6143,#6144);
#6142 = CARTESIAN_POINT('',(0.32,-10.48,-3.));
#6143 = DIRECTION('',(1.,0.,0.));
#6144 = DIRECTION('',(0.,0.,1.));
#6145 = ADVANCED_FACE('',(#6146),#6164,.T.);
#6146 = FACE_BOUND('',#6147,.T.);
#6147 = EDGE_LOOP('',(#6148,#6149,#6157,#6163));
#6148 = ORIENTED_EDGE('',*,*,#6134,.F.);
#6149 = ORIENTED_EDGE('',*,*,#6150,.F.);
#6150 = EDGE_CURVE('',#6151,#6127,#6153,.T.);
#6151 = VERTEX_POINT('',#6152);
#6152 = CARTESIAN_POINT('',(-0.32,-9.84,-2.84));
#6153 = LINE('',#6154,#6155);
#6154 = CARTESIAN_POINT('',(-0.32,-9.84,-2.84));
#6155 = VECTOR('',#6156,1.);
#6156 = DIRECTION('',(1.,0.,0.));
#6157 = ORIENTED_EDGE('',*,*,#6158,.T.);
#6158 = EDGE_CURVE('',#6151,#1380,#6159,.T.);
#6159 = LINE('',#6160,#6161);
#6160 = CARTESIAN_POINT('',(-0.32,-9.84,-3.));
#6161 = VECTOR('',#6162,1.);
#6162 = DIRECTION('',(0.,0.,1.));
#6163 = ORIENTED_EDGE('',*,*,#1387,.F.);
#6164 = PLANE('',#6165);
#6165 = AXIS2_PLACEMENT_3D('',#6166,#6167,#6168);
#6166 = CARTESIAN_POINT('',(-0.32,-9.84,-3.));
#6167 = DIRECTION('',(0.,1.,0.));
#6168 = DIRECTION('',(0.,-0.,1.));
#6169 = ADVANCED_FACE('',(#6170),#6188,.F.);
#6170 = FACE_BOUND('',#6171,.F.);
#6171 = EDGE_LOOP('',(#6172,#6180,#6186,#6187));
#6172 = ORIENTED_EDGE('',*,*,#6173,.F.);
#6173 = EDGE_CURVE('',#6174,#1372,#6176,.T.);
#6174 = VERTEX_POINT('',#6175);
#6175 = CARTESIAN_POINT('',(-0.32,-10.48,-2.84));
#6176 = LINE('',#6177,#6178);
#6177 = CARTESIAN_POINT('',(-0.32,-10.48,-3.));
#6178 = VECTOR('',#6179,1.);
#6179 = DIRECTION('',(0.,0.,1.));
#6180 = ORIENTED_EDGE('',*,*,#6181,.T.);
#6181 = EDGE_CURVE('',#6174,#6151,#6182,.T.);
#6182 = LINE('',#6183,#6184);
#6183 = CARTESIAN_POINT('',(-0.32,-10.48,-2.84));
#6184 = VECTOR('',#6185,1.);
#6185 = DIRECTION('',(0.,1.,0.));
#6186 = ORIENTED_EDGE('',*,*,#6158,.T.);
#6187 = ORIENTED_EDGE('',*,*,#1379,.F.);
#6188 = PLANE('',#6189);
#6189 = AXIS2_PLACEMENT_3D('',#6190,#6191,#6192);
#6190 = CARTESIAN_POINT('',(-0.32,-10.48,-3.));
#6191 = DIRECTION('',(1.,0.,0.));
#6192 = DIRECTION('',(0.,0.,1.));
#6193 = ADVANCED_FACE('',(#6194),#6205,.F.);
#6194 = FACE_BOUND('',#6195,.F.);
#6195 = EDGE_LOOP('',(#6196,#6197,#6203,#6204));
#6196 = ORIENTED_EDGE('',*,*,#6118,.F.);
#6197 = ORIENTED_EDGE('',*,*,#6198,.F.);
#6198 = EDGE_CURVE('',#6174,#6119,#6199,.T.);
#6199 = LINE('',#6200,#6201);
#6200 = CARTESIAN_POINT('',(-0.32,-10.48,-2.84));
#6201 = VECTOR('',#6202,1.);
#6202 = DIRECTION('',(1.,0.,0.));
#6203 = ORIENTED_EDGE('',*,*,#6173,.T.);
#6204 = ORIENTED_EDGE('',*,*,#1371,.F.);
#6205 = PLANE('',#6206);
#6206 = AXIS2_PLACEMENT_3D('',#6207,#6208,#6209);
#6207 = CARTESIAN_POINT('',(-0.32,-10.48,-3.));
#6208 = DIRECTION('',(0.,1.,0.));
#6209 = DIRECTION('',(0.,-0.,1.));
#6210 = ADVANCED_FACE('',(#6211),#6236,.T.);
#6211 = FACE_BOUND('',#6212,.T.);
#6212 = EDGE_LOOP('',(#6213,#6221,#6229,#6235));
#6213 = ORIENTED_EDGE('',*,*,#6214,.F.);
#6214 = EDGE_CURVE('',#6215,#1396,#6217,.T.);
#6215 = VERTEX_POINT('',#6216);
#6216 = CARTESIAN_POINT('',(2.86,-2.86,-2.84));
#6217 = LINE('',#6218,#6219);
#6218 = CARTESIAN_POINT('',(2.86,-2.86,-3.));
#6219 = VECTOR('',#6220,1.);
#6220 = DIRECTION('',(0.,0.,1.));
#6221 = ORIENTED_EDGE('',*,*,#6222,.T.);
#6222 = EDGE_CURVE('',#6215,#6223,#6225,.T.);
#6223 = VERTEX_POINT('',#6224);
#6224 = CARTESIAN_POINT('',(2.86,-2.22,-2.84));
#6225 = LINE('',#6226,#6227);
#6226 = CARTESIAN_POINT('',(2.86,-2.86,-2.84));
#6227 = VECTOR('',#6228,1.);
#6228 = DIRECTION('',(0.,1.,0.));
#6229 = ORIENTED_EDGE('',*,*,#6230,.T.);
#6230 = EDGE_CURVE('',#6223,#1398,#6231,.T.);
#6231 = LINE('',#6232,#6233);
#6232 = CARTESIAN_POINT('',(2.86,-2.22,-3.));
#6233 = VECTOR('',#6234,1.);
#6234 = DIRECTION('',(0.,0.,1.));
#6235 = ORIENTED_EDGE('',*,*,#1395,.F.);
#6236 = PLANE('',#6237);
#6237 = AXIS2_PLACEMENT_3D('',#6238,#6239,#6240);
#6238 = CARTESIAN_POINT('',(2.86,-2.86,-3.));
#6239 = DIRECTION('',(1.,0.,0.));
#6240 = DIRECTION('',(0.,0.,1.));
#6241 = ADVANCED_FACE('',(#6242),#6260,.T.);
#6242 = FACE_BOUND('',#6243,.T.);
#6243 = EDGE_LOOP('',(#6244,#6245,#6253,#6259));
#6244 = ORIENTED_EDGE('',*,*,#6230,.F.);
#6245 = ORIENTED_EDGE('',*,*,#6246,.F.);
#6246 = EDGE_CURVE('',#6247,#6223,#6249,.T.);
#6247 = VERTEX_POINT('',#6248);
#6248 = CARTESIAN_POINT('',(2.22,-2.22,-2.84));
#6249 = LINE('',#6250,#6251);
#6250 = CARTESIAN_POINT('',(2.22,-2.22,-2.84));
#6251 = VECTOR('',#6252,1.);
#6252 = DIRECTION('',(1.,0.,0.));
#6253 = ORIENTED_EDGE('',*,*,#6254,.T.);
#6254 = EDGE_CURVE('',#6247,#1414,#6255,.T.);
#6255 = LINE('',#6256,#6257);
#6256 = CARTESIAN_POINT('',(2.22,-2.22,-3.));
#6257 = VECTOR('',#6258,1.);
#6258 = DIRECTION('',(0.,0.,1.));
#6259 = ORIENTED_EDGE('',*,*,#1421,.F.);
#6260 = PLANE('',#6261);
#6261 = AXIS2_PLACEMENT_3D('',#6262,#6263,#6264);
#6262 = CARTESIAN_POINT('',(2.22,-2.22,-3.));
#6263 = DIRECTION('',(0.,1.,0.));
#6264 = DIRECTION('',(0.,-0.,1.));
#6265 = ADVANCED_FACE('',(#6266),#6284,.F.);
#6266 = FACE_BOUND('',#6267,.F.);
#6267 = EDGE_LOOP('',(#6268,#6276,#6282,#6283));
#6268 = ORIENTED_EDGE('',*,*,#6269,.F.);
#6269 = EDGE_CURVE('',#6270,#1406,#6272,.T.);
#6270 = VERTEX_POINT('',#6271);
#6271 = CARTESIAN_POINT('',(2.22,-2.86,-2.84));
#6272 = LINE('',#6273,#6274);
#6273 = CARTESIAN_POINT('',(2.22,-2.86,-3.));
#6274 = VECTOR('',#6275,1.);
#6275 = DIRECTION('',(0.,0.,1.));
#6276 = ORIENTED_EDGE('',*,*,#6277,.T.);
#6277 = EDGE_CURVE('',#6270,#6247,#6278,.T.);
#6278 = LINE('',#6279,#6280);
#6279 = CARTESIAN_POINT('',(2.22,-2.86,-2.84));
#6280 = VECTOR('',#6281,1.);
#6281 = DIRECTION('',(0.,1.,0.));
#6282 = ORIENTED_EDGE('',*,*,#6254,.T.);
#6283 = ORIENTED_EDGE('',*,*,#1413,.F.);
#6284 = PLANE('',#6285);
#6285 = AXIS2_PLACEMENT_3D('',#6286,#6287,#6288);
#6286 = CARTESIAN_POINT('',(2.22,-2.86,-3.));
#6287 = DIRECTION('',(1.,0.,0.));
#6288 = DIRECTION('',(0.,0.,1.));
#6289 = ADVANCED_FACE('',(#6290),#6301,.F.);
#6290 = FACE_BOUND('',#6291,.F.);
#6291 = EDGE_LOOP('',(#6292,#6293,#6299,#6300));
#6292 = ORIENTED_EDGE('',*,*,#6214,.F.);
#6293 = ORIENTED_EDGE('',*,*,#6294,.F.);
#6294 = EDGE_CURVE('',#6270,#6215,#6295,.T.);
#6295 = LINE('',#6296,#6297);
#6296 = CARTESIAN_POINT('',(2.22,-2.86,-2.84));
#6297 = VECTOR('',#6298,1.);
#6298 = DIRECTION('',(1.,0.,0.));
#6299 = ORIENTED_EDGE('',*,*,#6269,.T.);
#6300 = ORIENTED_EDGE('',*,*,#1405,.F.);
#6301 = PLANE('',#6302);
#6302 = AXIS2_PLACEMENT_3D('',#6303,#6304,#6305);
#6303 = CARTESIAN_POINT('',(2.22,-2.86,-3.));
#6304 = DIRECTION('',(0.,1.,0.));
#6305 = DIRECTION('',(0.,-0.,1.));
#6306 = ADVANCED_FACE('',(#6307),#6332,.F.);
#6307 = FACE_BOUND('',#6308,.F.);
#6308 = EDGE_LOOP('',(#6309,#6317,#6325,#6331));
#6309 = ORIENTED_EDGE('',*,*,#6310,.F.);
#6310 = EDGE_CURVE('',#6311,#1430,#6313,.T.);
#6311 = VERTEX_POINT('',#6312);
#6312 = CARTESIAN_POINT('',(0.32,-2.86,-2.84));
#6313 = LINE('',#6314,#6315);
#6314 = CARTESIAN_POINT('',(0.32,-2.86,-3.));
#6315 = VECTOR('',#6316,1.);
#6316 = DIRECTION('',(0.,0.,1.));
#6317 = ORIENTED_EDGE('',*,*,#6318,.F.);
#6318 = EDGE_CURVE('',#6319,#6311,#6321,.T.);
#6319 = VERTEX_POINT('',#6320);
#6320 = CARTESIAN_POINT('',(-0.32,-2.86,-2.84));
#6321 = LINE('',#6322,#6323);
#6322 = CARTESIAN_POINT('',(-0.32,-2.86,-2.84));
#6323 = VECTOR('',#6324,1.);
#6324 = DIRECTION('',(1.,0.,0.));
#6325 = ORIENTED_EDGE('',*,*,#6326,.T.);
#6326 = EDGE_CURVE('',#6319,#1432,#6327,.T.);
#6327 = LINE('',#6328,#6329);
#6328 = CARTESIAN_POINT('',(-0.32,-2.86,-3.));
#6329 = VECTOR('',#6330,1.);
#6330 = DIRECTION('',(0.,0.,1.));
#6331 = ORIENTED_EDGE('',*,*,#1429,.F.);
#6332 = PLANE('',#6333);
#6333 = AXIS2_PLACEMENT_3D('',#6334,#6335,#6336);
#6334 = CARTESIAN_POINT('',(-0.32,-2.86,-3.));
#6335 = DIRECTION('',(0.,1.,0.));
#6336 = DIRECTION('',(0.,-0.,1.));
#6337 = ADVANCED_FACE('',(#6338),#6356,.T.);
#6338 = FACE_BOUND('',#6339,.T.);
#6339 = EDGE_LOOP('',(#6340,#6341,#6349,#6355));
#6340 = ORIENTED_EDGE('',*,*,#6310,.F.);
#6341 = ORIENTED_EDGE('',*,*,#6342,.T.);
#6342 = EDGE_CURVE('',#6311,#6343,#6345,.T.);
#6343 = VERTEX_POINT('',#6344);
#6344 = CARTESIAN_POINT('',(0.32,-2.22,-2.84));
#6345 = LINE('',#6346,#6347);
#6346 = CARTESIAN_POINT('',(0.32,-2.86,-2.84));
#6347 = VECTOR('',#6348,1.);
#6348 = DIRECTION('',(0.,1.,0.));
#6349 = ORIENTED_EDGE('',*,*,#6350,.T.);
#6350 = EDGE_CURVE('',#6343,#1448,#6351,.T.);
#6351 = LINE('',#6352,#6353);
#6352 = CARTESIAN_POINT('',(0.32,-2.22,-3.));
#6353 = VECTOR('',#6354,1.);
#6354 = DIRECTION('',(0.,0.,1.));
#6355 = ORIENTED_EDGE('',*,*,#1455,.F.);
#6356 = PLANE('',#6357);
#6357 = AXIS2_PLACEMENT_3D('',#6358,#6359,#6360);
#6358 = CARTESIAN_POINT('',(0.32,-2.86,-3.));
#6359 = DIRECTION('',(1.,0.,0.));
#6360 = DIRECTION('',(0.,0.,1.));
#6361 = ADVANCED_FACE('',(#6362),#6380,.T.);
#6362 = FACE_BOUND('',#6363,.T.);
#6363 = EDGE_LOOP('',(#6364,#6365,#6373,#6379));
#6364 = ORIENTED_EDGE('',*,*,#6350,.F.);
#6365 = ORIENTED_EDGE('',*,*,#6366,.F.);
#6366 = EDGE_CURVE('',#6367,#6343,#6369,.T.);
#6367 = VERTEX_POINT('',#6368);
#6368 = CARTESIAN_POINT('',(-0.32,-2.22,-2.84));
#6369 = LINE('',#6370,#6371);
#6370 = CARTESIAN_POINT('',(-0.32,-2.22,-2.84));
#6371 = VECTOR('',#6372,1.);
#6372 = DIRECTION('',(1.,0.,0.));
#6373 = ORIENTED_EDGE('',*,*,#6374,.T.);
#6374 = EDGE_CURVE('',#6367,#1440,#6375,.T.);
#6375 = LINE('',#6376,#6377);
#6376 = CARTESIAN_POINT('',(-0.32,-2.22,-3.));
#6377 = VECTOR('',#6378,1.);
#6378 = DIRECTION('',(0.,0.,1.));
#6379 = ORIENTED_EDGE('',*,*,#1447,.F.);
#6380 = PLANE('',#6381);
#6381 = AXIS2_PLACEMENT_3D('',#6382,#6383,#6384);
#6382 = CARTESIAN_POINT('',(-0.32,-2.22,-3.));
#6383 = DIRECTION('',(0.,1.,0.));
#6384 = DIRECTION('',(0.,-0.,1.));
#6385 = ADVANCED_FACE('',(#6386),#6397,.F.);
#6386 = FACE_BOUND('',#6387,.F.);
#6387 = EDGE_LOOP('',(#6388,#6389,#6395,#6396));
#6388 = ORIENTED_EDGE('',*,*,#6326,.F.);
#6389 = ORIENTED_EDGE('',*,*,#6390,.T.);
#6390 = EDGE_CURVE('',#6319,#6367,#6391,.T.);
#6391 = LINE('',#6392,#6393);
#6392 = CARTESIAN_POINT('',(-0.32,-2.86,-2.84));
#6393 = VECTOR('',#6394,1.);
#6394 = DIRECTION('',(0.,1.,0.));
#6395 = ORIENTED_EDGE('',*,*,#6374,.T.);
#6396 = ORIENTED_EDGE('',*,*,#1439,.F.);
#6397 = PLANE('',#6398);
#6398 = AXIS2_PLACEMENT_3D('',#6399,#6400,#6401);
#6399 = CARTESIAN_POINT('',(-0.32,-2.86,-3.));
#6400 = DIRECTION('',(1.,0.,0.));
#6401 = DIRECTION('',(0.,0.,1.));
#6402 = ADVANCED_FACE('',(#6403),#6428,.T.);
#6403 = FACE_BOUND('',#6404,.T.);
#6404 = EDGE_LOOP('',(#6405,#6413,#6421,#6427));
#6405 = ORIENTED_EDGE('',*,*,#6406,.F.);
#6406 = EDGE_CURVE('',#6407,#1464,#6409,.T.);
#6407 = VERTEX_POINT('',#6408);
#6408 = CARTESIAN_POINT('',(0.32,-5.4,-2.84));
#6409 = LINE('',#6410,#6411);
#6410 = CARTESIAN_POINT('',(0.32,-5.4,-3.));
#6411 = VECTOR('',#6412,1.);
#6412 = DIRECTION('',(0.,0.,1.));
#6413 = ORIENTED_EDGE('',*,*,#6414,.T.);
#6414 = EDGE_CURVE('',#6407,#6415,#6417,.T.);
#6415 = VERTEX_POINT('',#6416);
#6416 = CARTESIAN_POINT('',(0.32,-4.76,-2.84));
#6417 = LINE('',#6418,#6419);
#6418 = CARTESIAN_POINT('',(0.32,-5.4,-2.84));
#6419 = VECTOR('',#6420,1.);
#6420 = DIRECTION('',(0.,1.,0.));
#6421 = ORIENTED_EDGE('',*,*,#6422,.T.);
#6422 = EDGE_CURVE('',#6415,#1466,#6423,.T.);
#6423 = LINE('',#6424,#6425);
#6424 = CARTESIAN_POINT('',(0.32,-4.76,-3.));
#6425 = VECTOR('',#6426,1.);
#6426 = DIRECTION('',(0.,0.,1.));
#6427 = ORIENTED_EDGE('',*,*,#1463,.F.);
#6428 = PLANE('',#6429);
#6429 = AXIS2_PLACEMENT_3D('',#6430,#6431,#6432);
#6430 = CARTESIAN_POINT('',(0.32,-5.4,-3.));
#6431 = DIRECTION('',(1.,0.,0.));
#6432 = DIRECTION('',(0.,0.,1.));
#6433 = ADVANCED_FACE('',(#6434),#6452,.T.);
#6434 = FACE_BOUND('',#6435,.T.);
#6435 = EDGE_LOOP('',(#6436,#6437,#6445,#6451));
#6436 = ORIENTED_EDGE('',*,*,#6422,.F.);
#6437 = ORIENTED_EDGE('',*,*,#6438,.F.);
#6438 = EDGE_CURVE('',#6439,#6415,#6441,.T.);
#6439 = VERTEX_POINT('',#6440);
#6440 = CARTESIAN_POINT('',(-0.32,-4.76,-2.84));
#6441 = LINE('',#6442,#6443);
#6442 = CARTESIAN_POINT('',(-0.32,-4.76,-2.84));
#6443 = VECTOR('',#6444,1.);
#6444 = DIRECTION('',(1.,0.,0.));
#6445 = ORIENTED_EDGE('',*,*,#6446,.T.);
#6446 = EDGE_CURVE('',#6439,#1482,#6447,.T.);
#6447 = LINE('',#6448,#6449);
#6448 = CARTESIAN_POINT('',(-0.32,-4.76,-3.));
#6449 = VECTOR('',#6450,1.);
#6450 = DIRECTION('',(0.,0.,1.));
#6451 = ORIENTED_EDGE('',*,*,#1489,.F.);
#6452 = PLANE('',#6453);
#6453 = AXIS2_PLACEMENT_3D('',#6454,#6455,#6456);
#6454 = CARTESIAN_POINT('',(-0.32,-4.76,-3.));
#6455 = DIRECTION('',(0.,1.,0.));
#6456 = DIRECTION('',(0.,-0.,1.));
#6457 = ADVANCED_FACE('',(#6458),#6476,.F.);
#6458 = FACE_BOUND('',#6459,.F.);
#6459 = EDGE_LOOP('',(#6460,#6468,#6474,#6475));
#6460 = ORIENTED_EDGE('',*,*,#6461,.F.);
#6461 = EDGE_CURVE('',#6462,#1474,#6464,.T.);
#6462 = VERTEX_POINT('',#6463);
#6463 = CARTESIAN_POINT('',(-0.32,-5.4,-2.84));
#6464 = LINE('',#6465,#6466);
#6465 = CARTESIAN_POINT('',(-0.32,-5.4,-3.));
#6466 = VECTOR('',#6467,1.);
#6467 = DIRECTION('',(0.,0.,1.));
#6468 = ORIENTED_EDGE('',*,*,#6469,.T.);
#6469 = EDGE_CURVE('',#6462,#6439,#6470,.T.);
#6470 = LINE('',#6471,#6472);
#6471 = CARTESIAN_POINT('',(-0.32,-5.4,-2.84));
#6472 = VECTOR('',#6473,1.);
#6473 = DIRECTION('',(0.,1.,0.));
#6474 = ORIENTED_EDGE('',*,*,#6446,.T.);
#6475 = ORIENTED_EDGE('',*,*,#1481,.F.);
#6476 = PLANE('',#6477);
#6477 = AXIS2_PLACEMENT_3D('',#6478,#6479,#6480);
#6478 = CARTESIAN_POINT('',(-0.32,-5.4,-3.));
#6479 = DIRECTION('',(1.,0.,0.));
#6480 = DIRECTION('',(0.,0.,1.));
#6481 = ADVANCED_FACE('',(#6482),#6493,.F.);
#6482 = FACE_BOUND('',#6483,.F.);
#6483 = EDGE_LOOP('',(#6484,#6485,#6491,#6492));
#6484 = ORIENTED_EDGE('',*,*,#6406,.F.);
#6485 = ORIENTED_EDGE('',*,*,#6486,.F.);
#6486 = EDGE_CURVE('',#6462,#6407,#6487,.T.);
#6487 = LINE('',#6488,#6489);
#6488 = CARTESIAN_POINT('',(-0.32,-5.4,-2.84));
#6489 = VECTOR('',#6490,1.);
#6490 = DIRECTION('',(1.,0.,0.));
#6491 = ORIENTED_EDGE('',*,*,#6461,.T.);
#6492 = ORIENTED_EDGE('',*,*,#1473,.F.);
#6493 = PLANE('',#6494);
#6494 = AXIS2_PLACEMENT_3D('',#6495,#6496,#6497);
#6495 = CARTESIAN_POINT('',(-0.32,-5.4,-3.));
#6496 = DIRECTION('',(0.,1.,0.));
#6497 = DIRECTION('',(0.,-0.,1.));
#6498 = ADVANCED_FACE('',(#6499),#6524,.F.);
#6499 = FACE_BOUND('',#6500,.F.);
#6500 = EDGE_LOOP('',(#6501,#6509,#6517,#6523));
#6501 = ORIENTED_EDGE('',*,*,#6502,.F.);
#6502 = EDGE_CURVE('',#6503,#1498,#6505,.T.);
#6503 = VERTEX_POINT('',#6504);
#6504 = CARTESIAN_POINT('',(2.86,-5.4,-2.84));
#6505 = LINE('',#6506,#6507);
#6506 = CARTESIAN_POINT('',(2.86,-5.4,-3.));
#6507 = VECTOR('',#6508,1.);
#6508 = DIRECTION('',(0.,0.,1.));
#6509 = ORIENTED_EDGE('',*,*,#6510,.F.);
#6510 = EDGE_CURVE('',#6511,#6503,#6513,.T.);
#6511 = VERTEX_POINT('',#6512);
#6512 = CARTESIAN_POINT('',(2.22,-5.4,-2.84));
#6513 = LINE('',#6514,#6515);
#6514 = CARTESIAN_POINT('',(2.22,-5.4,-2.84));
#6515 = VECTOR('',#6516,1.);
#6516 = DIRECTION('',(1.,0.,0.));
#6517 = ORIENTED_EDGE('',*,*,#6518,.T.);
#6518 = EDGE_CURVE('',#6511,#1500,#6519,.T.);
#6519 = LINE('',#6520,#6521);
#6520 = CARTESIAN_POINT('',(2.22,-5.4,-3.));
#6521 = VECTOR('',#6522,1.);
#6522 = DIRECTION('',(0.,0.,1.));
#6523 = ORIENTED_EDGE('',*,*,#1497,.F.);
#6524 = PLANE('',#6525);
#6525 = AXIS2_PLACEMENT_3D('',#6526,#6527,#6528);
#6526 = CARTESIAN_POINT('',(2.22,-5.4,-3.));
#6527 = DIRECTION('',(0.,1.,0.));
#6528 = DIRECTION('',(0.,-0.,1.));
#6529 = ADVANCED_FACE('',(#6530),#6548,.T.);
#6530 = FACE_BOUND('',#6531,.T.);
#6531 = EDGE_LOOP('',(#6532,#6533,#6541,#6547));
#6532 = ORIENTED_EDGE('',*,*,#6502,.F.);
#6533 = ORIENTED_EDGE('',*,*,#6534,.T.);
#6534 = EDGE_CURVE('',#6503,#6535,#6537,.T.);
#6535 = VERTEX_POINT('',#6536);
#6536 = CARTESIAN_POINT('',(2.86,-4.76,-2.84));
#6537 = LINE('',#6538,#6539);
#6538 = CARTESIAN_POINT('',(2.86,-5.4,-2.84));
#6539 = VECTOR('',#6540,1.);
#6540 = DIRECTION('',(0.,1.,0.));
#6541 = ORIENTED_EDGE('',*,*,#6542,.T.);
#6542 = EDGE_CURVE('',#6535,#1516,#6543,.T.);
#6543 = LINE('',#6544,#6545);
#6544 = CARTESIAN_POINT('',(2.86,-4.76,-3.));
#6545 = VECTOR('',#6546,1.);
#6546 = DIRECTION('',(0.,0.,1.));
#6547 = ORIENTED_EDGE('',*,*,#1523,.F.);
#6548 = PLANE('',#6549);
#6549 = AXIS2_PLACEMENT_3D('',#6550,#6551,#6552);
#6550 = CARTESIAN_POINT('',(2.86,-5.4,-3.));
#6551 = DIRECTION('',(1.,0.,0.));
#6552 = DIRECTION('',(0.,0.,1.));
#6553 = ADVANCED_FACE('',(#6554),#6572,.T.);
#6554 = FACE_BOUND('',#6555,.T.);
#6555 = EDGE_LOOP('',(#6556,#6557,#6565,#6571));
#6556 = ORIENTED_EDGE('',*,*,#6542,.F.);
#6557 = ORIENTED_EDGE('',*,*,#6558,.F.);
#6558 = EDGE_CURVE('',#6559,#6535,#6561,.T.);
#6559 = VERTEX_POINT('',#6560);
#6560 = CARTESIAN_POINT('',(2.22,-4.76,-2.84));
#6561 = LINE('',#6562,#6563);
#6562 = CARTESIAN_POINT('',(2.22,-4.76,-2.84));
#6563 = VECTOR('',#6564,1.);
#6564 = DIRECTION('',(1.,0.,0.));
#6565 = ORIENTED_EDGE('',*,*,#6566,.T.);
#6566 = EDGE_CURVE('',#6559,#1508,#6567,.T.);
#6567 = LINE('',#6568,#6569);
#6568 = CARTESIAN_POINT('',(2.22,-4.76,-3.));
#6569 = VECTOR('',#6570,1.);
#6570 = DIRECTION('',(0.,0.,1.));
#6571 = ORIENTED_EDGE('',*,*,#1515,.F.);
#6572 = PLANE('',#6573);
#6573 = AXIS2_PLACEMENT_3D('',#6574,#6575,#6576);
#6574 = CARTESIAN_POINT('',(2.22,-4.76,-3.));
#6575 = DIRECTION('',(0.,1.,0.));
#6576 = DIRECTION('',(0.,-0.,1.));
#6577 = ADVANCED_FACE('',(#6578),#6589,.F.);
#6578 = FACE_BOUND('',#6579,.F.);
#6579 = EDGE_LOOP('',(#6580,#6581,#6587,#6588));
#6580 = ORIENTED_EDGE('',*,*,#6518,.F.);
#6581 = ORIENTED_EDGE('',*,*,#6582,.T.);
#6582 = EDGE_CURVE('',#6511,#6559,#6583,.T.);
#6583 = LINE('',#6584,#6585);
#6584 = CARTESIAN_POINT('',(2.22,-5.4,-2.84));
#6585 = VECTOR('',#6586,1.);
#6586 = DIRECTION('',(0.,1.,0.));
#6587 = ORIENTED_EDGE('',*,*,#6566,.T.);
#6588 = ORIENTED_EDGE('',*,*,#1507,.F.);
#6589 = PLANE('',#6590);
#6590 = AXIS2_PLACEMENT_3D('',#6591,#6592,#6593);
#6591 = CARTESIAN_POINT('',(2.22,-5.4,-3.));
#6592 = DIRECTION('',(1.,0.,0.));
#6593 = DIRECTION('',(0.,0.,1.));
#6594 = ADVANCED_FACE('',(#6595),#6620,.T.);
#6595 = FACE_BOUND('',#6596,.T.);
#6596 = EDGE_LOOP('',(#6597,#6605,#6613,#6619));
#6597 = ORIENTED_EDGE('',*,*,#6598,.F.);
#6598 = EDGE_CURVE('',#6599,#1532,#6601,.T.);
#6599 = VERTEX_POINT('',#6600);
#6600 = CARTESIAN_POINT('',(0.32,-7.94,-2.84));
#6601 = LINE('',#6602,#6603);
#6602 = CARTESIAN_POINT('',(0.32,-7.94,-3.));
#6603 = VECTOR('',#6604,1.);
#6604 = DIRECTION('',(0.,0.,1.));
#6605 = ORIENTED_EDGE('',*,*,#6606,.T.);
#6606 = EDGE_CURVE('',#6599,#6607,#6609,.T.);
#6607 = VERTEX_POINT('',#6608);
#6608 = CARTESIAN_POINT('',(0.32,-7.3,-2.84));
#6609 = LINE('',#6610,#6611);
#6610 = CARTESIAN_POINT('',(0.32,-7.94,-2.84));
#6611 = VECTOR('',#6612,1.);
#6612 = DIRECTION('',(0.,1.,0.));
#6613 = ORIENTED_EDGE('',*,*,#6614,.T.);
#6614 = EDGE_CURVE('',#6607,#1534,#6615,.T.);
#6615 = LINE('',#6616,#6617);
#6616 = CARTESIAN_POINT('',(0.32,-7.3,-3.));
#6617 = VECTOR('',#6618,1.);
#6618 = DIRECTION('',(0.,0.,1.));
#6619 = ORIENTED_EDGE('',*,*,#1531,.F.);
#6620 = PLANE('',#6621);
#6621 = AXIS2_PLACEMENT_3D('',#6622,#6623,#6624);
#6622 = CARTESIAN_POINT('',(0.32,-7.94,-3.));
#6623 = DIRECTION('',(1.,0.,0.));
#6624 = DIRECTION('',(0.,0.,1.));
#6625 = ADVANCED_FACE('',(#6626),#6644,.T.);
#6626 = FACE_BOUND('',#6627,.T.);
#6627 = EDGE_LOOP('',(#6628,#6629,#6637,#6643));
#6628 = ORIENTED_EDGE('',*,*,#6614,.F.);
#6629 = ORIENTED_EDGE('',*,*,#6630,.F.);
#6630 = EDGE_CURVE('',#6631,#6607,#6633,.T.);
#6631 = VERTEX_POINT('',#6632);
#6632 = CARTESIAN_POINT('',(-0.32,-7.3,-2.84));
#6633 = LINE('',#6634,#6635);
#6634 = CARTESIAN_POINT('',(-0.32,-7.3,-2.84));
#6635 = VECTOR('',#6636,1.);
#6636 = DIRECTION('',(1.,0.,0.));
#6637 = ORIENTED_EDGE('',*,*,#6638,.T.);
#6638 = EDGE_CURVE('',#6631,#1550,#6639,.T.);
#6639 = LINE('',#6640,#6641);
#6640 = CARTESIAN_POINT('',(-0.32,-7.3,-3.));
#6641 = VECTOR('',#6642,1.);
#6642 = DIRECTION('',(0.,0.,1.));
#6643 = ORIENTED_EDGE('',*,*,#1557,.F.);
#6644 = PLANE('',#6645);
#6645 = AXIS2_PLACEMENT_3D('',#6646,#6647,#6648);
#6646 = CARTESIAN_POINT('',(-0.32,-7.3,-3.));
#6647 = DIRECTION('',(0.,1.,0.));
#6648 = DIRECTION('',(0.,-0.,1.));
#6649 = ADVANCED_FACE('',(#6650),#6668,.F.);
#6650 = FACE_BOUND('',#6651,.F.);
#6651 = EDGE_LOOP('',(#6652,#6660,#6666,#6667));
#6652 = ORIENTED_EDGE('',*,*,#6653,.F.);
#6653 = EDGE_CURVE('',#6654,#1542,#6656,.T.);
#6654 = VERTEX_POINT('',#6655);
#6655 = CARTESIAN_POINT('',(-0.32,-7.94,-2.84));
#6656 = LINE('',#6657,#6658);
#6657 = CARTESIAN_POINT('',(-0.32,-7.94,-3.));
#6658 = VECTOR('',#6659,1.);
#6659 = DIRECTION('',(0.,0.,1.));
#6660 = ORIENTED_EDGE('',*,*,#6661,.T.);
#6661 = EDGE_CURVE('',#6654,#6631,#6662,.T.);
#6662 = LINE('',#6663,#6664);
#6663 = CARTESIAN_POINT('',(-0.32,-7.94,-2.84));
#6664 = VECTOR('',#6665,1.);
#6665 = DIRECTION('',(0.,1.,0.));
#6666 = ORIENTED_EDGE('',*,*,#6638,.T.);
#6667 = ORIENTED_EDGE('',*,*,#1549,.F.);
#6668 = PLANE('',#6669);
#6669 = AXIS2_PLACEMENT_3D('',#6670,#6671,#6672);
#6670 = CARTESIAN_POINT('',(-0.32,-7.94,-3.));
#6671 = DIRECTION('',(1.,0.,0.));
#6672 = DIRECTION('',(0.,0.,1.));
#6673 = ADVANCED_FACE('',(#6674),#6685,.F.);
#6674 = FACE_BOUND('',#6675,.F.);
#6675 = EDGE_LOOP('',(#6676,#6677,#6683,#6684));
#6676 = ORIENTED_EDGE('',*,*,#6598,.F.);
#6677 = ORIENTED_EDGE('',*,*,#6678,.F.);
#6678 = EDGE_CURVE('',#6654,#6599,#6679,.T.);
#6679 = LINE('',#6680,#6681);
#6680 = CARTESIAN_POINT('',(-0.32,-7.94,-2.84));
#6681 = VECTOR('',#6682,1.);
#6682 = DIRECTION('',(1.,0.,0.));
#6683 = ORIENTED_EDGE('',*,*,#6653,.T.);
#6684 = ORIENTED_EDGE('',*,*,#1541,.F.);
#6685 = PLANE('',#6686);
#6686 = AXIS2_PLACEMENT_3D('',#6687,#6688,#6689);
#6687 = CARTESIAN_POINT('',(-0.32,-7.94,-3.));
#6688 = DIRECTION('',(0.,1.,0.));
#6689 = DIRECTION('',(0.,-0.,1.));
#6690 = ADVANCED_FACE('',(#6691),#6716,.T.);
#6691 = FACE_BOUND('',#6692,.T.);
#6692 = EDGE_LOOP('',(#6693,#6701,#6709,#6715));
#6693 = ORIENTED_EDGE('',*,*,#6694,.F.);
#6694 = EDGE_CURVE('',#6695,#1566,#6697,.T.);
#6695 = VERTEX_POINT('',#6696);
#6696 = CARTESIAN_POINT('',(2.86,-7.94,-2.84));
#6697 = LINE('',#6698,#6699);
#6698 = CARTESIAN_POINT('',(2.86,-7.94,-3.));
#6699 = VECTOR('',#6700,1.);
#6700 = DIRECTION('',(0.,0.,1.));
#6701 = ORIENTED_EDGE('',*,*,#6702,.T.);
#6702 = EDGE_CURVE('',#6695,#6703,#6705,.T.);
#6703 = VERTEX_POINT('',#6704);
#6704 = CARTESIAN_POINT('',(2.86,-7.3,-2.84));
#6705 = LINE('',#6706,#6707);
#6706 = CARTESIAN_POINT('',(2.86,-7.94,-2.84));
#6707 = VECTOR('',#6708,1.);
#6708 = DIRECTION('',(0.,1.,0.));
#6709 = ORIENTED_EDGE('',*,*,#6710,.T.);
#6710 = EDGE_CURVE('',#6703,#1568,#6711,.T.);
#6711 = LINE('',#6712,#6713);
#6712 = CARTESIAN_POINT('',(2.86,-7.3,-3.));
#6713 = VECTOR('',#6714,1.);
#6714 = DIRECTION('',(0.,0.,1.));
#6715 = ORIENTED_EDGE('',*,*,#1565,.F.);
#6716 = PLANE('',#6717);
#6717 = AXIS2_PLACEMENT_3D('',#6718,#6719,#6720);
#6718 = CARTESIAN_POINT('',(2.86,-7.94,-3.));
#6719 = DIRECTION('',(1.,0.,0.));
#6720 = DIRECTION('',(0.,0.,1.));
#6721 = ADVANCED_FACE('',(#6722),#6740,.T.);
#6722 = FACE_BOUND('',#6723,.T.);
#6723 = EDGE_LOOP('',(#6724,#6725,#6733,#6739));
#6724 = ORIENTED_EDGE('',*,*,#6710,.F.);
#6725 = ORIENTED_EDGE('',*,*,#6726,.F.);
#6726 = EDGE_CURVE('',#6727,#6703,#6729,.T.);
#6727 = VERTEX_POINT('',#6728);
#6728 = CARTESIAN_POINT('',(2.22,-7.3,-2.84));
#6729 = LINE('',#6730,#6731);
#6730 = CARTESIAN_POINT('',(2.22,-7.3,-2.84));
#6731 = VECTOR('',#6732,1.);
#6732 = DIRECTION('',(1.,0.,0.));
#6733 = ORIENTED_EDGE('',*,*,#6734,.T.);
#6734 = EDGE_CURVE('',#6727,#1584,#6735,.T.);
#6735 = LINE('',#6736,#6737);
#6736 = CARTESIAN_POINT('',(2.22,-7.3,-3.));
#6737 = VECTOR('',#6738,1.);
#6738 = DIRECTION('',(0.,0.,1.));
#6739 = ORIENTED_EDGE('',*,*,#1591,.F.);
#6740 = PLANE('',#6741);
#6741 = AXIS2_PLACEMENT_3D('',#6742,#6743,#6744);
#6742 = CARTESIAN_POINT('',(2.22,-7.3,-3.));
#6743 = DIRECTION('',(0.,1.,0.));
#6744 = DIRECTION('',(0.,-0.,1.));
#6745 = ADVANCED_FACE('',(#6746),#6764,.F.);
#6746 = FACE_BOUND('',#6747,.F.);
#6747 = EDGE_LOOP('',(#6748,#6756,#6762,#6763));
#6748 = ORIENTED_EDGE('',*,*,#6749,.F.);
#6749 = EDGE_CURVE('',#6750,#1576,#6752,.T.);
#6750 = VERTEX_POINT('',#6751);
#6751 = CARTESIAN_POINT('',(2.22,-7.94,-2.84));
#6752 = LINE('',#6753,#6754);
#6753 = CARTESIAN_POINT('',(2.22,-7.94,-3.));
#6754 = VECTOR('',#6755,1.);
#6755 = DIRECTION('',(0.,0.,1.));
#6756 = ORIENTED_EDGE('',*,*,#6757,.T.);
#6757 = EDGE_CURVE('',#6750,#6727,#6758,.T.);
#6758 = LINE('',#6759,#6760);
#6759 = CARTESIAN_POINT('',(2.22,-7.94,-2.84));
#6760 = VECTOR('',#6761,1.);
#6761 = DIRECTION('',(0.,1.,0.));
#6762 = ORIENTED_EDGE('',*,*,#6734,.T.);
#6763 = ORIENTED_EDGE('',*,*,#1583,.F.);
#6764 = PLANE('',#6765);
#6765 = AXIS2_PLACEMENT_3D('',#6766,#6767,#6768);
#6766 = CARTESIAN_POINT('',(2.22,-7.94,-3.));
#6767 = DIRECTION('',(1.,0.,0.));
#6768 = DIRECTION('',(0.,0.,1.));
#6769 = ADVANCED_FACE('',(#6770),#6781,.F.);
#6770 = FACE_BOUND('',#6771,.F.);
#6771 = EDGE_LOOP('',(#6772,#6773,#6779,#6780));
#6772 = ORIENTED_EDGE('',*,*,#6694,.F.);
#6773 = ORIENTED_EDGE('',*,*,#6774,.F.);
#6774 = EDGE_CURVE('',#6750,#6695,#6775,.T.);
#6775 = LINE('',#6776,#6777);
#6776 = CARTESIAN_POINT('',(2.22,-7.94,-2.84));
#6777 = VECTOR('',#6778,1.);
#6778 = DIRECTION('',(1.,0.,0.));
#6779 = ORIENTED_EDGE('',*,*,#6749,.T.);
#6780 = ORIENTED_EDGE('',*,*,#1575,.F.);
#6781 = PLANE('',#6782);
#6782 = AXIS2_PLACEMENT_3D('',#6783,#6784,#6785);
#6783 = CARTESIAN_POINT('',(2.22,-7.94,-3.));
#6784 = DIRECTION('',(0.,1.,0.));
#6785 = DIRECTION('',(0.,-0.,1.));
#6786 = ADVANCED_FACE('',(#6787),#6812,.T.);
#6787 = FACE_BOUND('',#6788,.T.);
#6788 = EDGE_LOOP('',(#6789,#6797,#6805,#6811));
#6789 = ORIENTED_EDGE('',*,*,#6790,.F.);
#6790 = EDGE_CURVE('',#6791,#1600,#6793,.T.);
#6791 = VERTEX_POINT('',#6792);
#6792 = CARTESIAN_POINT('',(0.32,0.32,-2.84));
#6793 = LINE('',#6794,#6795);
#6794 = CARTESIAN_POINT('',(0.32,0.32,-3.));
#6795 = VECTOR('',#6796,1.);
#6796 = DIRECTION('',(0.,0.,1.));
#6797 = ORIENTED_EDGE('',*,*,#6798,.F.);
#6798 = EDGE_CURVE('',#6799,#6791,#6801,.T.);
#6799 = VERTEX_POINT('',#6800);
#6800 = CARTESIAN_POINT('',(-0.32,0.32,-2.84));
#6801 = LINE('',#6802,#6803);
#6802 = CARTESIAN_POINT('',(-0.32,0.32,-2.84));
#6803 = VECTOR('',#6804,1.);
#6804 = DIRECTION('',(1.,0.,0.));
#6805 = ORIENTED_EDGE('',*,*,#6806,.T.);
#6806 = EDGE_CURVE('',#6799,#1602,#6807,.T.);
#6807 = LINE('',#6808,#6809);
#6808 = CARTESIAN_POINT('',(-0.32,0.32,-3.));
#6809 = VECTOR('',#6810,1.);
#6810 = DIRECTION('',(0.,0.,1.));
#6811 = ORIENTED_EDGE('',*,*,#1599,.F.);
#6812 = PLANE('',#6813);
#6813 = AXIS2_PLACEMENT_3D('',#6814,#6815,#6816);
#6814 = CARTESIAN_POINT('',(-0.32,0.32,-3.));
#6815 = DIRECTION('',(0.,1.,0.));
#6816 = DIRECTION('',(0.,-0.,1.));
#6817 = ADVANCED_FACE('',(#6818),#6836,.F.);
#6818 = FACE_BOUND('',#6819,.F.);
#6819 = EDGE_LOOP('',(#6820,#6828,#6834,#6835));
#6820 = ORIENTED_EDGE('',*,*,#6821,.F.);
#6821 = EDGE_CURVE('',#6822,#1618,#6824,.T.);
#6822 = VERTEX_POINT('',#6823);
#6823 = CARTESIAN_POINT('',(-0.32,-0.32,-2.84));
#6824 = LINE('',#6825,#6826);
#6825 = CARTESIAN_POINT('',(-0.32,-0.32,-3.));
#6826 = VECTOR('',#6827,1.);
#6827 = DIRECTION('',(0.,0.,1.));
#6828 = ORIENTED_EDGE('',*,*,#6829,.T.);
#6829 = EDGE_CURVE('',#6822,#6799,#6830,.T.);
#6830 = LINE('',#6831,#6832);
#6831 = CARTESIAN_POINT('',(-0.32,-0.32,-2.84));
#6832 = VECTOR('',#6833,1.);
#6833 = DIRECTION('',(0.,1.,0.));
#6834 = ORIENTED_EDGE('',*,*,#6806,.T.);
#6835 = ORIENTED_EDGE('',*,*,#1625,.F.);
#6836 = PLANE('',#6837);
#6837 = AXIS2_PLACEMENT_3D('',#6838,#6839,#6840);
#6838 = CARTESIAN_POINT('',(-0.32,-0.32,-3.));
#6839 = DIRECTION('',(1.,0.,0.));
#6840 = DIRECTION('',(0.,0.,1.));
#6841 = ADVANCED_FACE('',(#6842),#6860,.F.);
#6842 = FACE_BOUND('',#6843,.F.);
#6843 = EDGE_LOOP('',(#6844,#6852,#6858,#6859));
#6844 = ORIENTED_EDGE('',*,*,#6845,.F.);
#6845 = EDGE_CURVE('',#6846,#1610,#6848,.T.);
#6846 = VERTEX_POINT('',#6847);
#6847 = CARTESIAN_POINT('',(0.32,-0.32,-2.84));
#6848 = LINE('',#6849,#6850);
#6849 = CARTESIAN_POINT('',(0.32,-0.32,-3.));
#6850 = VECTOR('',#6851,1.);
#6851 = DIRECTION('',(0.,0.,1.));
#6852 = ORIENTED_EDGE('',*,*,#6853,.F.);
#6853 = EDGE_CURVE('',#6822,#6846,#6854,.T.);
#6854 = LINE('',#6855,#6856);
#6855 = CARTESIAN_POINT('',(-0.32,-0.32,-2.84));
#6856 = VECTOR('',#6857,1.);
#6857 = DIRECTION('',(1.,0.,0.));
#6858 = ORIENTED_EDGE('',*,*,#6821,.T.);
#6859 = ORIENTED_EDGE('',*,*,#1617,.F.);
#6860 = PLANE('',#6861);
#6861 = AXIS2_PLACEMENT_3D('',#6862,#6863,#6864);
#6862 = CARTESIAN_POINT('',(-0.32,-0.32,-3.));
#6863 = DIRECTION('',(0.,1.,0.));
#6864 = DIRECTION('',(0.,-0.,1.));
#6865 = ADVANCED_FACE('',(#6866),#6877,.T.);
#6866 = FACE_BOUND('',#6867,.T.);
#6867 = EDGE_LOOP('',(#6868,#6869,#6875,#6876));
#6868 = ORIENTED_EDGE('',*,*,#6845,.F.);
#6869 = ORIENTED_EDGE('',*,*,#6870,.T.);
#6870 = EDGE_CURVE('',#6846,#6791,#6871,.T.);
#6871 = LINE('',#6872,#6873);
#6872 = CARTESIAN_POINT('',(0.32,-0.32,-2.84));
#6873 = VECTOR('',#6874,1.);
#6874 = DIRECTION('',(0.,1.,0.));
#6875 = ORIENTED_EDGE('',*,*,#6790,.T.);
#6876 = ORIENTED_EDGE('',*,*,#1609,.F.);
#6877 = PLANE('',#6878);
#6878 = AXIS2_PLACEMENT_3D('',#6879,#6880,#6881);
#6879 = CARTESIAN_POINT('',(0.32,-0.32,-3.));
#6880 = DIRECTION('',(1.,0.,0.));
#6881 = DIRECTION('',(0.,0.,1.));
#6882 = ADVANCED_FACE('',(#6883),#6908,.T.);
#6883 = FACE_BOUND('',#6884,.T.);
#6884 = EDGE_LOOP('',(#6885,#6893,#6901,#6907));
#6885 = ORIENTED_EDGE('',*,*,#6886,.F.);
#6886 = EDGE_CURVE('',#6887,#1634,#6889,.T.);
#6887 = VERTEX_POINT('',#6888);
#6888 = CARTESIAN_POINT('',(2.86,-0.32,-2.84));
#6889 = LINE('',#6890,#6891);
#6890 = CARTESIAN_POINT('',(2.86,-0.32,-3.));
#6891 = VECTOR('',#6892,1.);
#6892 = DIRECTION('',(0.,0.,1.));
#6893 = ORIENTED_EDGE('',*,*,#6894,.T.);
#6894 = EDGE_CURVE('',#6887,#6895,#6897,.T.);
#6895 = VERTEX_POINT('',#6896);
#6896 = CARTESIAN_POINT('',(2.86,0.32,-2.84));
#6897 = LINE('',#6898,#6899);
#6898 = CARTESIAN_POINT('',(2.86,-0.32,-2.84));
#6899 = VECTOR('',#6900,1.);
#6900 = DIRECTION('',(0.,1.,0.));
#6901 = ORIENTED_EDGE('',*,*,#6902,.T.);
#6902 = EDGE_CURVE('',#6895,#1636,#6903,.T.);
#6903 = LINE('',#6904,#6905);
#6904 = CARTESIAN_POINT('',(2.86,0.32,-3.));
#6905 = VECTOR('',#6906,1.);
#6906 = DIRECTION('',(0.,0.,1.));
#6907 = ORIENTED_EDGE('',*,*,#1633,.F.);
#6908 = PLANE('',#6909);
#6909 = AXIS2_PLACEMENT_3D('',#6910,#6911,#6912);
#6910 = CARTESIAN_POINT('',(2.86,-0.32,-3.));
#6911 = DIRECTION('',(1.,0.,0.));
#6912 = DIRECTION('',(0.,0.,1.));
#6913 = ADVANCED_FACE('',(#6914),#6932,.T.);
#6914 = FACE_BOUND('',#6915,.T.);
#6915 = EDGE_LOOP('',(#6916,#6917,#6925,#6931));
#6916 = ORIENTED_EDGE('',*,*,#6902,.F.);
#6917 = ORIENTED_EDGE('',*,*,#6918,.F.);
#6918 = EDGE_CURVE('',#6919,#6895,#6921,.T.);
#6919 = VERTEX_POINT('',#6920);
#6920 = CARTESIAN_POINT('',(2.22,0.32,-2.84));
#6921 = LINE('',#6922,#6923);
#6922 = CARTESIAN_POINT('',(2.22,0.32,-2.84));
#6923 = VECTOR('',#6924,1.);
#6924 = DIRECTION('',(1.,0.,0.));
#6925 = ORIENTED_EDGE('',*,*,#6926,.T.);
#6926 = EDGE_CURVE('',#6919,#1652,#6927,.T.);
#6927 = LINE('',#6928,#6929);
#6928 = CARTESIAN_POINT('',(2.22,0.32,-3.));
#6929 = VECTOR('',#6930,1.);
#6930 = DIRECTION('',(0.,0.,1.));
#6931 = ORIENTED_EDGE('',*,*,#1659,.F.);
#6932 = PLANE('',#6933);
#6933 = AXIS2_PLACEMENT_3D('',#6934,#6935,#6936);
#6934 = CARTESIAN_POINT('',(2.22,0.32,-3.));
#6935 = DIRECTION('',(0.,1.,0.));
#6936 = DIRECTION('',(0.,-0.,1.));
#6937 = ADVANCED_FACE('',(#6938),#6956,.F.);
#6938 = FACE_BOUND('',#6939,.F.);
#6939 = EDGE_LOOP('',(#6940,#6948,#6954,#6955));
#6940 = ORIENTED_EDGE('',*,*,#6941,.F.);
#6941 = EDGE_CURVE('',#6942,#1644,#6944,.T.);
#6942 = VERTEX_POINT('',#6943);
#6943 = CARTESIAN_POINT('',(2.22,-0.32,-2.84));
#6944 = LINE('',#6945,#6946);
#6945 = CARTESIAN_POINT('',(2.22,-0.32,-3.));
#6946 = VECTOR('',#6947,1.);
#6947 = DIRECTION('',(0.,0.,1.));
#6948 = ORIENTED_EDGE('',*,*,#6949,.T.);
#6949 = EDGE_CURVE('',#6942,#6919,#6950,.T.);
#6950 = LINE('',#6951,#6952);
#6951 = CARTESIAN_POINT('',(2.22,-0.32,-2.84));
#6952 = VECTOR('',#6953,1.);
#6953 = DIRECTION('',(0.,1.,0.));
#6954 = ORIENTED_EDGE('',*,*,#6926,.T.);
#6955 = ORIENTED_EDGE('',*,*,#1651,.F.);
#6956 = PLANE('',#6957);
#6957 = AXIS2_PLACEMENT_3D('',#6958,#6959,#6960);
#6958 = CARTESIAN_POINT('',(2.22,-0.32,-3.));
#6959 = DIRECTION('',(1.,0.,0.));
#6960 = DIRECTION('',(0.,0.,1.));
#6961 = ADVANCED_FACE('',(#6962),#6973,.F.);
#6962 = FACE_BOUND('',#6963,.F.);
#6963 = EDGE_LOOP('',(#6964,#6965,#6971,#6972));
#6964 = ORIENTED_EDGE('',*,*,#6886,.F.);
#6965 = ORIENTED_EDGE('',*,*,#6966,.F.);
#6966 = EDGE_CURVE('',#6942,#6887,#6967,.T.);
#6967 = LINE('',#6968,#6969);
#6968 = CARTESIAN_POINT('',(2.22,-0.32,-2.84));
#6969 = VECTOR('',#6970,1.);
#6970 = DIRECTION('',(1.,0.,0.));
#6971 = ORIENTED_EDGE('',*,*,#6941,.T.);
#6972 = ORIENTED_EDGE('',*,*,#1643,.F.);
#6973 = PLANE('',#6974);
#6974 = AXIS2_PLACEMENT_3D('',#6975,#6976,#6977);
#6975 = CARTESIAN_POINT('',(2.22,-0.32,-3.));
#6976 = DIRECTION('',(0.,1.,0.));
#6977 = DIRECTION('',(0.,-0.,1.));
#6978 = ADVANCED_FACE('',(#6979),#7004,.T.);
#6979 = FACE_BOUND('',#6980,.T.);
#6980 = EDGE_LOOP('',(#6981,#6989,#6990,#6998));
#6981 = ORIENTED_EDGE('',*,*,#6982,.F.);
#6982 = EDGE_CURVE('',#2293,#6983,#6985,.T.);
#6983 = VERTEX_POINT('',#6984);
#6984 = CARTESIAN_POINT('',(2.86,-13.02,8.38));
#6985 = LINE('',#6986,#6987);
#6986 = CARTESIAN_POINT('',(2.86,-13.02,-3.));
#6987 = VECTOR('',#6988,1.);
#6988 = DIRECTION('',(0.,0.,1.));
#6989 = ORIENTED_EDGE('',*,*,#2292,.T.);
#6990 = ORIENTED_EDGE('',*,*,#6991,.T.);
#6991 = EDGE_CURVE('',#2295,#6992,#6994,.T.);
#6992 = VERTEX_POINT('',#6993);
#6993 = CARTESIAN_POINT('',(2.86,-12.38,8.38));
#6994 = LINE('',#6995,#6996);
#6995 = CARTESIAN_POINT('',(2.86,-12.38,-3.));
#6996 = VECTOR('',#6997,1.);
#6997 = DIRECTION('',(0.,0.,1.));
#6998 = ORIENTED_EDGE('',*,*,#6999,.F.);
#6999 = EDGE_CURVE('',#6983,#6992,#7000,.T.);
#7000 = LINE('',#7001,#7002);
#7001 = CARTESIAN_POINT('',(2.86,-13.02,8.38));
#7002 = VECTOR('',#7003,1.);
#7003 = DIRECTION('',(0.,1.,0.));
#7004 = PLANE('',#7005);
#7005 = AXIS2_PLACEMENT_3D('',#7006,#7007,#7008);
#7006 = CARTESIAN_POINT('',(2.86,-13.02,-3.));
#7007 = DIRECTION('',(1.,0.,0.));
#7008 = DIRECTION('',(0.,0.,1.));
#7009 = ADVANCED_FACE('',(#7010),#7028,.T.);
#7010 = FACE_BOUND('',#7011,.T.);
#7011 = EDGE_LOOP('',(#7012,#7013,#7014,#7022));
#7012 = ORIENTED_EDGE('',*,*,#6991,.F.);
#7013 = ORIENTED_EDGE('',*,*,#2318,.T.);
#7014 = ORIENTED_EDGE('',*,*,#7015,.T.);
#7015 = EDGE_CURVE('',#2311,#7016,#7018,.T.);
#7016 = VERTEX_POINT('',#7017);
#7017 = CARTESIAN_POINT('',(2.22,-12.38,8.38));
#7018 = LINE('',#7019,#7020);
#7019 = CARTESIAN_POINT('',(2.22,-12.38,-3.));
#7020 = VECTOR('',#7021,1.);
#7021 = DIRECTION('',(0.,0.,1.));
#7022 = ORIENTED_EDGE('',*,*,#7023,.T.);
#7023 = EDGE_CURVE('',#7016,#6992,#7024,.T.);
#7024 = LINE('',#7025,#7026);
#7025 = CARTESIAN_POINT('',(2.22,-12.38,8.38));
#7026 = VECTOR('',#7027,1.);
#7027 = DIRECTION('',(1.,0.,0.));
#7028 = PLANE('',#7029);
#7029 = AXIS2_PLACEMENT_3D('',#7030,#7031,#7032);
#7030 = CARTESIAN_POINT('',(2.22,-12.38,-3.));
#7031 = DIRECTION('',(0.,1.,0.));
#7032 = DIRECTION('',(0.,-0.,1.));
#7033 = ADVANCED_FACE('',(#7034),#7052,.F.);
#7034 = FACE_BOUND('',#7035,.F.);
#7035 = EDGE_LOOP('',(#7036,#7044,#7045,#7046));
#7036 = ORIENTED_EDGE('',*,*,#7037,.F.);
#7037 = EDGE_CURVE('',#2303,#7038,#7040,.T.);
#7038 = VERTEX_POINT('',#7039);
#7039 = CARTESIAN_POINT('',(2.22,-13.02,8.38));
#7040 = LINE('',#7041,#7042);
#7041 = CARTESIAN_POINT('',(2.22,-13.02,-3.));
#7042 = VECTOR('',#7043,1.);
#7043 = DIRECTION('',(0.,0.,1.));
#7044 = ORIENTED_EDGE('',*,*,#2310,.T.);
#7045 = ORIENTED_EDGE('',*,*,#7015,.T.);
#7046 = ORIENTED_EDGE('',*,*,#7047,.F.);
#7047 = EDGE_CURVE('',#7038,#7016,#7048,.T.);
#7048 = LINE('',#7049,#7050);
#7049 = CARTESIAN_POINT('',(2.22,-13.02,8.38));
#7050 = VECTOR('',#7051,1.);
#7051 = DIRECTION('',(0.,1.,0.));
#7052 = PLANE('',#7053);
#7053 = AXIS2_PLACEMENT_3D('',#7054,#7055,#7056);
#7054 = CARTESIAN_POINT('',(2.22,-13.02,-3.));
#7055 = DIRECTION('',(1.,0.,0.));
#7056 = DIRECTION('',(0.,0.,1.));
#7057 = ADVANCED_FACE('',(#7058),#7069,.F.);
#7058 = FACE_BOUND('',#7059,.F.);
#7059 = EDGE_LOOP('',(#7060,#7061,#7062,#7063));
#7060 = ORIENTED_EDGE('',*,*,#6982,.F.);
#7061 = ORIENTED_EDGE('',*,*,#2302,.T.);
#7062 = ORIENTED_EDGE('',*,*,#7037,.T.);
#7063 = ORIENTED_EDGE('',*,*,#7064,.T.);
#7064 = EDGE_CURVE('',#7038,#6983,#7065,.T.);
#7065 = LINE('',#7066,#7067);
#7066 = CARTESIAN_POINT('',(2.22,-13.02,8.38));
#7067 = VECTOR('',#7068,1.);
#7068 = DIRECTION('',(1.,0.,0.));
#7069 = PLANE('',#7070);
#7070 = AXIS2_PLACEMENT_3D('',#7071,#7072,#7073);
#7071 = CARTESIAN_POINT('',(2.22,-13.02,-3.));
#7072 = DIRECTION('',(0.,1.,0.));
#7073 = DIRECTION('',(0.,-0.,1.));
#7074 = ADVANCED_FACE('',(#7075),#7100,.T.);
#7075 = FACE_BOUND('',#7076,.T.);
#7076 = EDGE_LOOP('',(#7077,#7085,#7086,#7094));
#7077 = ORIENTED_EDGE('',*,*,#7078,.F.);
#7078 = EDGE_CURVE('',#2327,#7079,#7081,.T.);
#7079 = VERTEX_POINT('',#7080);
#7080 = CARTESIAN_POINT('',(0.32,-13.02,8.38));
#7081 = LINE('',#7082,#7083);
#7082 = CARTESIAN_POINT('',(0.32,-13.02,-3.));
#7083 = VECTOR('',#7084,1.);
#7084 = DIRECTION('',(0.,0.,1.));
#7085 = ORIENTED_EDGE('',*,*,#2326,.T.);
#7086 = ORIENTED_EDGE('',*,*,#7087,.T.);
#7087 = EDGE_CURVE('',#2329,#7088,#7090,.T.);
#7088 = VERTEX_POINT('',#7089);
#7089 = CARTESIAN_POINT('',(0.32,-12.38,8.38));
#7090 = LINE('',#7091,#7092);
#7091 = CARTESIAN_POINT('',(0.32,-12.38,-3.));
#7092 = VECTOR('',#7093,1.);
#7093 = DIRECTION('',(0.,0.,1.));
#7094 = ORIENTED_EDGE('',*,*,#7095,.F.);
#7095 = EDGE_CURVE('',#7079,#7088,#7096,.T.);
#7096 = LINE('',#7097,#7098);
#7097 = CARTESIAN_POINT('',(0.32,-13.02,8.38));
#7098 = VECTOR('',#7099,1.);
#7099 = DIRECTION('',(0.,1.,0.));
#7100 = PLANE('',#7101);
#7101 = AXIS2_PLACEMENT_3D('',#7102,#7103,#7104);
#7102 = CARTESIAN_POINT('',(0.32,-13.02,-3.));
#7103 = DIRECTION('',(1.,0.,0.));
#7104 = DIRECTION('',(0.,0.,1.));
#7105 = ADVANCED_FACE('',(#7106),#7124,.T.);
#7106 = FACE_BOUND('',#7107,.T.);
#7107 = EDGE_LOOP('',(#7108,#7109,#7110,#7118));
#7108 = ORIENTED_EDGE('',*,*,#7087,.F.);
#7109 = ORIENTED_EDGE('',*,*,#2352,.T.);
#7110 = ORIENTED_EDGE('',*,*,#7111,.T.);
#7111 = EDGE_CURVE('',#2345,#7112,#7114,.T.);
#7112 = VERTEX_POINT('',#7113);
#7113 = CARTESIAN_POINT('',(-0.32,-12.38,8.38));
#7114 = LINE('',#7115,#7116);
#7115 = CARTESIAN_POINT('',(-0.32,-12.38,-3.));
#7116 = VECTOR('',#7117,1.);
#7117 = DIRECTION('',(0.,0.,1.));
#7118 = ORIENTED_EDGE('',*,*,#7119,.T.);
#7119 = EDGE_CURVE('',#7112,#7088,#7120,.T.);
#7120 = LINE('',#7121,#7122);
#7121 = CARTESIAN_POINT('',(-0.32,-12.38,8.38));
#7122 = VECTOR('',#7123,1.);
#7123 = DIRECTION('',(1.,0.,0.));
#7124 = PLANE('',#7125);
#7125 = AXIS2_PLACEMENT_3D('',#7126,#7127,#7128);
#7126 = CARTESIAN_POINT('',(-0.32,-12.38,-3.));
#7127 = DIRECTION('',(0.,1.,0.));
#7128 = DIRECTION('',(0.,-0.,1.));
#7129 = ADVANCED_FACE('',(#7130),#7148,.F.);
#7130 = FACE_BOUND('',#7131,.F.);
#7131 = EDGE_LOOP('',(#7132,#7140,#7141,#7142));
#7132 = ORIENTED_EDGE('',*,*,#7133,.F.);
#7133 = EDGE_CURVE('',#2337,#7134,#7136,.T.);
#7134 = VERTEX_POINT('',#7135);
#7135 = CARTESIAN_POINT('',(-0.32,-13.02,8.38));
#7136 = LINE('',#7137,#7138);
#7137 = CARTESIAN_POINT('',(-0.32,-13.02,-3.));
#7138 = VECTOR('',#7139,1.);
#7139 = DIRECTION('',(0.,0.,1.));
#7140 = ORIENTED_EDGE('',*,*,#2344,.T.);
#7141 = ORIENTED_EDGE('',*,*,#7111,.T.);
#7142 = ORIENTED_EDGE('',*,*,#7143,.F.);
#7143 = EDGE_CURVE('',#7134,#7112,#7144,.T.);
#7144 = LINE('',#7145,#7146);
#7145 = CARTESIAN_POINT('',(-0.32,-13.02,8.38));
#7146 = VECTOR('',#7147,1.);
#7147 = DIRECTION('',(0.,1.,0.));
#7148 = PLANE('',#7149);
#7149 = AXIS2_PLACEMENT_3D('',#7150,#7151,#7152);
#7150 = CARTESIAN_POINT('',(-0.32,-13.02,-3.));
#7151 = DIRECTION('',(1.,0.,0.));
#7152 = DIRECTION('',(0.,0.,1.));
#7153 = ADVANCED_FACE('',(#7154),#7165,.F.);
#7154 = FACE_BOUND('',#7155,.F.);
#7155 = EDGE_LOOP('',(#7156,#7157,#7158,#7159));
#7156 = ORIENTED_EDGE('',*,*,#7078,.F.);
#7157 = ORIENTED_EDGE('',*,*,#2336,.T.);
#7158 = ORIENTED_EDGE('',*,*,#7133,.T.);
#7159 = ORIENTED_EDGE('',*,*,#7160,.T.);
#7160 = EDGE_CURVE('',#7134,#7079,#7161,.T.);
#7161 = LINE('',#7162,#7163);
#7162 = CARTESIAN_POINT('',(-0.32,-13.02,8.38));
#7163 = VECTOR('',#7164,1.);
#7164 = DIRECTION('',(1.,0.,0.));
#7165 = PLANE('',#7166);
#7166 = AXIS2_PLACEMENT_3D('',#7167,#7168,#7169);
#7167 = CARTESIAN_POINT('',(-0.32,-13.02,-3.));
#7168 = DIRECTION('',(0.,1.,0.));
#7169 = DIRECTION('',(0.,-0.,1.));
#7170 = ADVANCED_FACE('',(#7171),#7196,.T.);
#7171 = FACE_BOUND('',#7172,.T.);
#7172 = EDGE_LOOP('',(#7173,#7181,#7182,#7190));
#7173 = ORIENTED_EDGE('',*,*,#7174,.F.);
#7174 = EDGE_CURVE('',#2361,#7175,#7177,.T.);
#7175 = VERTEX_POINT('',#7176);
#7176 = CARTESIAN_POINT('',(2.86,-15.56,8.38));
#7177 = LINE('',#7178,#7179);
#7178 = CARTESIAN_POINT('',(2.86,-15.56,-3.));
#7179 = VECTOR('',#7180,1.);
#7180 = DIRECTION('',(0.,0.,1.));
#7181 = ORIENTED_EDGE('',*,*,#2360,.T.);
#7182 = ORIENTED_EDGE('',*,*,#7183,.T.);
#7183 = EDGE_CURVE('',#2363,#7184,#7186,.T.);
#7184 = VERTEX_POINT('',#7185);
#7185 = CARTESIAN_POINT('',(2.86,-14.92,8.38));
#7186 = LINE('',#7187,#7188);
#7187 = CARTESIAN_POINT('',(2.86,-14.92,-3.));
#7188 = VECTOR('',#7189,1.);
#7189 = DIRECTION('',(0.,0.,1.));
#7190 = ORIENTED_EDGE('',*,*,#7191,.F.);
#7191 = EDGE_CURVE('',#7175,#7184,#7192,.T.);
#7192 = LINE('',#7193,#7194);
#7193 = CARTESIAN_POINT('',(2.86,-15.56,8.38));
#7194 = VECTOR('',#7195,1.);
#7195 = DIRECTION('',(0.,1.,0.));
#7196 = PLANE('',#7197);
#7197 = AXIS2_PLACEMENT_3D('',#7198,#7199,#7200);
#7198 = CARTESIAN_POINT('',(2.86,-15.56,-3.));
#7199 = DIRECTION('',(1.,0.,0.));
#7200 = DIRECTION('',(0.,0.,1.));
#7201 = ADVANCED_FACE('',(#7202),#7220,.T.);
#7202 = FACE_BOUND('',#7203,.T.);
#7203 = EDGE_LOOP('',(#7204,#7205,#7206,#7214));
#7204 = ORIENTED_EDGE('',*,*,#7183,.F.);
#7205 = ORIENTED_EDGE('',*,*,#2386,.T.);
#7206 = ORIENTED_EDGE('',*,*,#7207,.T.);
#7207 = EDGE_CURVE('',#2379,#7208,#7210,.T.);
#7208 = VERTEX_POINT('',#7209);
#7209 = CARTESIAN_POINT('',(2.22,-14.92,8.38));
#7210 = LINE('',#7211,#7212);
#7211 = CARTESIAN_POINT('',(2.22,-14.92,-3.));
#7212 = VECTOR('',#7213,1.);
#7213 = DIRECTION('',(0.,0.,1.));
#7214 = ORIENTED_EDGE('',*,*,#7215,.T.);
#7215 = EDGE_CURVE('',#7208,#7184,#7216,.T.);
#7216 = LINE('',#7217,#7218);
#7217 = CARTESIAN_POINT('',(2.22,-14.92,8.38));
#7218 = VECTOR('',#7219,1.);
#7219 = DIRECTION('',(1.,0.,0.));
#7220 = PLANE('',#7221);
#7221 = AXIS2_PLACEMENT_3D('',#7222,#7223,#7224);
#7222 = CARTESIAN_POINT('',(2.22,-14.92,-3.));
#7223 = DIRECTION('',(0.,1.,0.));
#7224 = DIRECTION('',(0.,-0.,1.));
#7225 = ADVANCED_FACE('',(#7226),#7244,.F.);
#7226 = FACE_BOUND('',#7227,.F.);
#7227 = EDGE_LOOP('',(#7228,#7236,#7237,#7238));
#7228 = ORIENTED_EDGE('',*,*,#7229,.F.);
#7229 = EDGE_CURVE('',#2371,#7230,#7232,.T.);
#7230 = VERTEX_POINT('',#7231);
#7231 = CARTESIAN_POINT('',(2.22,-15.56,8.38));
#7232 = LINE('',#7233,#7234);
#7233 = CARTESIAN_POINT('',(2.22,-15.56,-3.));
#7234 = VECTOR('',#7235,1.);
#7235 = DIRECTION('',(0.,0.,1.));
#7236 = ORIENTED_EDGE('',*,*,#2378,.T.);
#7237 = ORIENTED_EDGE('',*,*,#7207,.T.);
#7238 = ORIENTED_EDGE('',*,*,#7239,.F.);
#7239 = EDGE_CURVE('',#7230,#7208,#7240,.T.);
#7240 = LINE('',#7241,#7242);
#7241 = CARTESIAN_POINT('',(2.22,-15.56,8.38));
#7242 = VECTOR('',#7243,1.);
#7243 = DIRECTION('',(0.,1.,0.));
#7244 = PLANE('',#7245);
#7245 = AXIS2_PLACEMENT_3D('',#7246,#7247,#7248);
#7246 = CARTESIAN_POINT('',(2.22,-15.56,-3.));
#7247 = DIRECTION('',(1.,0.,0.));
#7248 = DIRECTION('',(0.,0.,1.));
#7249 = ADVANCED_FACE('',(#7250),#7261,.F.);
#7250 = FACE_BOUND('',#7251,.F.);
#7251 = EDGE_LOOP('',(#7252,#7253,#7254,#7255));
#7252 = ORIENTED_EDGE('',*,*,#7174,.F.);
#7253 = ORIENTED_EDGE('',*,*,#2370,.T.);
#7254 = ORIENTED_EDGE('',*,*,#7229,.T.);
#7255 = ORIENTED_EDGE('',*,*,#7256,.T.);
#7256 = EDGE_CURVE('',#7230,#7175,#7257,.T.);
#7257 = LINE('',#7258,#7259);
#7258 = CARTESIAN_POINT('',(2.22,-15.56,8.38));
#7259 = VECTOR('',#7260,1.);
#7260 = DIRECTION('',(1.,0.,0.));
#7261 = PLANE('',#7262);
#7262 = AXIS2_PLACEMENT_3D('',#7263,#7264,#7265);
#7263 = CARTESIAN_POINT('',(2.22,-15.56,-3.));
#7264 = DIRECTION('',(0.,1.,0.));
#7265 = DIRECTION('',(0.,-0.,1.));
#7266 = ADVANCED_FACE('',(#7267),#7292,.T.);
#7267 = FACE_BOUND('',#7268,.T.);
#7268 = EDGE_LOOP('',(#7269,#7277,#7278,#7286));
#7269 = ORIENTED_EDGE('',*,*,#7270,.F.);
#7270 = EDGE_CURVE('',#2395,#7271,#7273,.T.);
#7271 = VERTEX_POINT('',#7272);
#7272 = CARTESIAN_POINT('',(0.32,-14.92,8.38));
#7273 = LINE('',#7274,#7275);
#7274 = CARTESIAN_POINT('',(0.32,-14.92,-3.));
#7275 = VECTOR('',#7276,1.);
#7276 = DIRECTION('',(0.,0.,1.));
#7277 = ORIENTED_EDGE('',*,*,#2394,.T.);
#7278 = ORIENTED_EDGE('',*,*,#7279,.T.);
#7279 = EDGE_CURVE('',#2397,#7280,#7282,.T.);
#7280 = VERTEX_POINT('',#7281);
#7281 = CARTESIAN_POINT('',(-0.32,-14.92,8.38));
#7282 = LINE('',#7283,#7284);
#7283 = CARTESIAN_POINT('',(-0.32,-14.92,-3.));
#7284 = VECTOR('',#7285,1.);
#7285 = DIRECTION('',(0.,0.,1.));
#7286 = ORIENTED_EDGE('',*,*,#7287,.T.);
#7287 = EDGE_CURVE('',#7280,#7271,#7288,.T.);
#7288 = LINE('',#7289,#7290);
#7289 = CARTESIAN_POINT('',(-0.32,-14.92,8.38));
#7290 = VECTOR('',#7291,1.);
#7291 = DIRECTION('',(1.,0.,0.));
#7292 = PLANE('',#7293);
#7293 = AXIS2_PLACEMENT_3D('',#7294,#7295,#7296);
#7294 = CARTESIAN_POINT('',(-0.32,-14.92,-3.));
#7295 = DIRECTION('',(0.,1.,0.));
#7296 = DIRECTION('',(0.,-0.,1.));
#7297 = ADVANCED_FACE('',(#7298),#7316,.F.);
#7298 = FACE_BOUND('',#7299,.F.);
#7299 = EDGE_LOOP('',(#7300,#7308,#7309,#7310));
#7300 = ORIENTED_EDGE('',*,*,#7301,.F.);
#7301 = EDGE_CURVE('',#2413,#7302,#7304,.T.);
#7302 = VERTEX_POINT('',#7303);
#7303 = CARTESIAN_POINT('',(-0.32,-15.56,8.38));
#7304 = LINE('',#7305,#7306);
#7305 = CARTESIAN_POINT('',(-0.32,-15.56,-3.));
#7306 = VECTOR('',#7307,1.);
#7307 = DIRECTION('',(0.,0.,1.));
#7308 = ORIENTED_EDGE('',*,*,#2420,.T.);
#7309 = ORIENTED_EDGE('',*,*,#7279,.T.);
#7310 = ORIENTED_EDGE('',*,*,#7311,.F.);
#7311 = EDGE_CURVE('',#7302,#7280,#7312,.T.);
#7312 = LINE('',#7313,#7314);
#7313 = CARTESIAN_POINT('',(-0.32,-15.56,8.38));
#7314 = VECTOR('',#7315,1.);
#7315 = DIRECTION('',(0.,1.,0.));
#7316 = PLANE('',#7317);
#7317 = AXIS2_PLACEMENT_3D('',#7318,#7319,#7320);
#7318 = CARTESIAN_POINT('',(-0.32,-15.56,-3.));
#7319 = DIRECTION('',(1.,0.,0.));
#7320 = DIRECTION('',(0.,0.,1.));
#7321 = ADVANCED_FACE('',(#7322),#7340,.F.);
#7322 = FACE_BOUND('',#7323,.F.);
#7323 = EDGE_LOOP('',(#7324,#7332,#7333,#7334));
#7324 = ORIENTED_EDGE('',*,*,#7325,.F.);
#7325 = EDGE_CURVE('',#2405,#7326,#7328,.T.);
#7326 = VERTEX_POINT('',#7327);
#7327 = CARTESIAN_POINT('',(0.32,-15.56,8.38));
#7328 = LINE('',#7329,#7330);
#7329 = CARTESIAN_POINT('',(0.32,-15.56,-3.));
#7330 = VECTOR('',#7331,1.);
#7331 = DIRECTION('',(0.,0.,1.));
#7332 = ORIENTED_EDGE('',*,*,#2412,.T.);
#7333 = ORIENTED_EDGE('',*,*,#7301,.T.);
#7334 = ORIENTED_EDGE('',*,*,#7335,.T.);
#7335 = EDGE_CURVE('',#7302,#7326,#7336,.T.);
#7336 = LINE('',#7337,#7338);
#7337 = CARTESIAN_POINT('',(-0.32,-15.56,8.38));
#7338 = VECTOR('',#7339,1.);
#7339 = DIRECTION('',(1.,0.,0.));
#7340 = PLANE('',#7341);
#7341 = AXIS2_PLACEMENT_3D('',#7342,#7343,#7344);
#7342 = CARTESIAN_POINT('',(-0.32,-15.56,-3.));
#7343 = DIRECTION('',(0.,1.,0.));
#7344 = DIRECTION('',(0.,-0.,1.));
#7345 = ADVANCED_FACE('',(#7346),#7357,.T.);
#7346 = FACE_BOUND('',#7347,.T.);
#7347 = EDGE_LOOP('',(#7348,#7349,#7350,#7351));
#7348 = ORIENTED_EDGE('',*,*,#7325,.F.);
#7349 = ORIENTED_EDGE('',*,*,#2404,.T.);
#7350 = ORIENTED_EDGE('',*,*,#7270,.T.);
#7351 = ORIENTED_EDGE('',*,*,#7352,.F.);
#7352 = EDGE_CURVE('',#7326,#7271,#7353,.T.);
#7353 = LINE('',#7354,#7355);
#7354 = CARTESIAN_POINT('',(0.32,-15.56,8.38));
#7355 = VECTOR('',#7356,1.);
#7356 = DIRECTION('',(0.,1.,0.));
#7357 = PLANE('',#7358);
#7358 = AXIS2_PLACEMENT_3D('',#7359,#7360,#7361);
#7359 = CARTESIAN_POINT('',(0.32,-15.56,-3.));
#7360 = DIRECTION('',(1.,0.,0.));
#7361 = DIRECTION('',(0.,0.,1.));
#7362 = ADVANCED_FACE('',(#7363),#7388,.T.);
#7363 = FACE_BOUND('',#7364,.T.);
#7364 = EDGE_LOOP('',(#7365,#7373,#7374,#7382));
#7365 = ORIENTED_EDGE('',*,*,#7366,.F.);
#7366 = EDGE_CURVE('',#2429,#7367,#7369,.T.);
#7367 = VERTEX_POINT('',#7368);
#7368 = CARTESIAN_POINT('',(2.86,-18.1,8.38));
#7369 = LINE('',#7370,#7371);
#7370 = CARTESIAN_POINT('',(2.86,-18.1,-3.));
#7371 = VECTOR('',#7372,1.);
#7372 = DIRECTION('',(0.,0.,1.));
#7373 = ORIENTED_EDGE('',*,*,#2428,.T.);
#7374 = ORIENTED_EDGE('',*,*,#7375,.T.);
#7375 = EDGE_CURVE('',#2431,#7376,#7378,.T.);
#7376 = VERTEX_POINT('',#7377);
#7377 = CARTESIAN_POINT('',(2.86,-17.46,8.38));
#7378 = LINE('',#7379,#7380);
#7379 = CARTESIAN_POINT('',(2.86,-17.46,-3.));
#7380 = VECTOR('',#7381,1.);
#7381 = DIRECTION('',(0.,0.,1.));
#7382 = ORIENTED_EDGE('',*,*,#7383,.F.);
#7383 = EDGE_CURVE('',#7367,#7376,#7384,.T.);
#7384 = LINE('',#7385,#7386);
#7385 = CARTESIAN_POINT('',(2.86,-18.1,8.38));
#7386 = VECTOR('',#7387,1.);
#7387 = DIRECTION('',(0.,1.,0.));
#7388 = PLANE('',#7389);
#7389 = AXIS2_PLACEMENT_3D('',#7390,#7391,#7392);
#7390 = CARTESIAN_POINT('',(2.86,-18.1,-3.));
#7391 = DIRECTION('',(1.,0.,0.));
#7392 = DIRECTION('',(0.,0.,1.));
#7393 = ADVANCED_FACE('',(#7394),#7412,.T.);
#7394 = FACE_BOUND('',#7395,.T.);
#7395 = EDGE_LOOP('',(#7396,#7397,#7398,#7406));
#7396 = ORIENTED_EDGE('',*,*,#7375,.F.);
#7397 = ORIENTED_EDGE('',*,*,#2454,.T.);
#7398 = ORIENTED_EDGE('',*,*,#7399,.T.);
#7399 = EDGE_CURVE('',#2447,#7400,#7402,.T.);
#7400 = VERTEX_POINT('',#7401);
#7401 = CARTESIAN_POINT('',(2.22,-17.46,8.38));
#7402 = LINE('',#7403,#7404);
#7403 = CARTESIAN_POINT('',(2.22,-17.46,-3.));
#7404 = VECTOR('',#7405,1.);
#7405 = DIRECTION('',(0.,0.,1.));
#7406 = ORIENTED_EDGE('',*,*,#7407,.T.);
#7407 = EDGE_CURVE('',#7400,#7376,#7408,.T.);
#7408 = LINE('',#7409,#7410);
#7409 = CARTESIAN_POINT('',(2.22,-17.46,8.38));
#7410 = VECTOR('',#7411,1.);
#7411 = DIRECTION('',(1.,0.,0.));
#7412 = PLANE('',#7413);
#7413 = AXIS2_PLACEMENT_3D('',#7414,#7415,#7416);
#7414 = CARTESIAN_POINT('',(2.22,-17.46,-3.));
#7415 = DIRECTION('',(0.,1.,0.));
#7416 = DIRECTION('',(0.,-0.,1.));
#7417 = ADVANCED_FACE('',(#7418),#7436,.F.);
#7418 = FACE_BOUND('',#7419,.F.);
#7419 = EDGE_LOOP('',(#7420,#7428,#7429,#7430));
#7420 = ORIENTED_EDGE('',*,*,#7421,.F.);
#7421 = EDGE_CURVE('',#2439,#7422,#7424,.T.);
#7422 = VERTEX_POINT('',#7423);
#7423 = CARTESIAN_POINT('',(2.22,-18.1,8.38));
#7424 = LINE('',#7425,#7426);
#7425 = CARTESIAN_POINT('',(2.22,-18.1,-3.));
#7426 = VECTOR('',#7427,1.);
#7427 = DIRECTION('',(0.,0.,1.));
#7428 = ORIENTED_EDGE('',*,*,#2446,.T.);
#7429 = ORIENTED_EDGE('',*,*,#7399,.T.);
#7430 = ORIENTED_EDGE('',*,*,#7431,.F.);
#7431 = EDGE_CURVE('',#7422,#7400,#7432,.T.);
#7432 = LINE('',#7433,#7434);
#7433 = CARTESIAN_POINT('',(2.22,-18.1,8.38));
#7434 = VECTOR('',#7435,1.);
#7435 = DIRECTION('',(0.,1.,0.));
#7436 = PLANE('',#7437);
#7437 = AXIS2_PLACEMENT_3D('',#7438,#7439,#7440);
#7438 = CARTESIAN_POINT('',(2.22,-18.1,-3.));
#7439 = DIRECTION('',(1.,0.,0.));
#7440 = DIRECTION('',(0.,0.,1.));
#7441 = ADVANCED_FACE('',(#7442),#7453,.F.);
#7442 = FACE_BOUND('',#7443,.F.);
#7443 = EDGE_LOOP('',(#7444,#7445,#7446,#7447));
#7444 = ORIENTED_EDGE('',*,*,#7366,.F.);
#7445 = ORIENTED_EDGE('',*,*,#2438,.T.);
#7446 = ORIENTED_EDGE('',*,*,#7421,.T.);
#7447 = ORIENTED_EDGE('',*,*,#7448,.T.);
#7448 = EDGE_CURVE('',#7422,#7367,#7449,.T.);
#7449 = LINE('',#7450,#7451);
#7450 = CARTESIAN_POINT('',(2.22,-18.1,8.38));
#7451 = VECTOR('',#7452,1.);
#7452 = DIRECTION('',(1.,0.,0.));
#7453 = PLANE('',#7454);
#7454 = AXIS2_PLACEMENT_3D('',#7455,#7456,#7457);
#7455 = CARTESIAN_POINT('',(2.22,-18.1,-3.));
#7456 = DIRECTION('',(0.,1.,0.));
#7457 = DIRECTION('',(0.,-0.,1.));
#7458 = ADVANCED_FACE('',(#7459),#7484,.T.);
#7459 = FACE_BOUND('',#7460,.T.);
#7460 = EDGE_LOOP('',(#7461,#7469,#7470,#7478));
#7461 = ORIENTED_EDGE('',*,*,#7462,.F.);
#7462 = EDGE_CURVE('',#2463,#7463,#7465,.T.);
#7463 = VERTEX_POINT('',#7464);
#7464 = CARTESIAN_POINT('',(0.32,-18.1,8.38));
#7465 = LINE('',#7466,#7467);
#7466 = CARTESIAN_POINT('',(0.32,-18.1,-3.));
#7467 = VECTOR('',#7468,1.);
#7468 = DIRECTION('',(0.,0.,1.));
#7469 = ORIENTED_EDGE('',*,*,#2462,.T.);
#7470 = ORIENTED_EDGE('',*,*,#7471,.T.);
#7471 = EDGE_CURVE('',#2465,#7472,#7474,.T.);
#7472 = VERTEX_POINT('',#7473);
#7473 = CARTESIAN_POINT('',(0.32,-17.46,8.38));
#7474 = LINE('',#7475,#7476);
#7475 = CARTESIAN_POINT('',(0.32,-17.46,-3.));
#7476 = VECTOR('',#7477,1.);
#7477 = DIRECTION('',(0.,0.,1.));
#7478 = ORIENTED_EDGE('',*,*,#7479,.F.);
#7479 = EDGE_CURVE('',#7463,#7472,#7480,.T.);
#7480 = LINE('',#7481,#7482);
#7481 = CARTESIAN_POINT('',(0.32,-18.1,8.38));
#7482 = VECTOR('',#7483,1.);
#7483 = DIRECTION('',(0.,1.,0.));
#7484 = PLANE('',#7485);
#7485 = AXIS2_PLACEMENT_3D('',#7486,#7487,#7488);
#7486 = CARTESIAN_POINT('',(0.32,-18.1,-3.));
#7487 = DIRECTION('',(1.,0.,0.));
#7488 = DIRECTION('',(0.,0.,1.));
#7489 = ADVANCED_FACE('',(#7490),#7508,.T.);
#7490 = FACE_BOUND('',#7491,.T.);
#7491 = EDGE_LOOP('',(#7492,#7493,#7494,#7502));
#7492 = ORIENTED_EDGE('',*,*,#7471,.F.);
#7493 = ORIENTED_EDGE('',*,*,#2488,.T.);
#7494 = ORIENTED_EDGE('',*,*,#7495,.T.);
#7495 = EDGE_CURVE('',#2481,#7496,#7498,.T.);
#7496 = VERTEX_POINT('',#7497);
#7497 = CARTESIAN_POINT('',(-0.32,-17.46,8.38));
#7498 = LINE('',#7499,#7500);
#7499 = CARTESIAN_POINT('',(-0.32,-17.46,-3.));
#7500 = VECTOR('',#7501,1.);
#7501 = DIRECTION('',(0.,0.,1.));
#7502 = ORIENTED_EDGE('',*,*,#7503,.T.);
#7503 = EDGE_CURVE('',#7496,#7472,#7504,.T.);
#7504 = LINE('',#7505,#7506);
#7505 = CARTESIAN_POINT('',(-0.32,-17.46,8.38));
#7506 = VECTOR('',#7507,1.);
#7507 = DIRECTION('',(1.,0.,0.));
#7508 = PLANE('',#7509);
#7509 = AXIS2_PLACEMENT_3D('',#7510,#7511,#7512);
#7510 = CARTESIAN_POINT('',(-0.32,-17.46,-3.));
#7511 = DIRECTION('',(0.,1.,0.));
#7512 = DIRECTION('',(0.,-0.,1.));
#7513 = ADVANCED_FACE('',(#7514),#7532,.F.);
#7514 = FACE_BOUND('',#7515,.F.);
#7515 = EDGE_LOOP('',(#7516,#7524,#7525,#7526));
#7516 = ORIENTED_EDGE('',*,*,#7517,.F.);
#7517 = EDGE_CURVE('',#2473,#7518,#7520,.T.);
#7518 = VERTEX_POINT('',#7519);
#7519 = CARTESIAN_POINT('',(-0.32,-18.1,8.38));
#7520 = LINE('',#7521,#7522);
#7521 = CARTESIAN_POINT('',(-0.32,-18.1,-3.));
#7522 = VECTOR('',#7523,1.);
#7523 = DIRECTION('',(0.,0.,1.));
#7524 = ORIENTED_EDGE('',*,*,#2480,.T.);
#7525 = ORIENTED_EDGE('',*,*,#7495,.T.);
#7526 = ORIENTED_EDGE('',*,*,#7527,.F.);
#7527 = EDGE_CURVE('',#7518,#7496,#7528,.T.);
#7528 = LINE('',#7529,#7530);
#7529 = CARTESIAN_POINT('',(-0.32,-18.1,8.38));
#7530 = VECTOR('',#7531,1.);
#7531 = DIRECTION('',(0.,1.,0.));
#7532 = PLANE('',#7533);
#7533 = AXIS2_PLACEMENT_3D('',#7534,#7535,#7536);
#7534 = CARTESIAN_POINT('',(-0.32,-18.1,-3.));
#7535 = DIRECTION('',(1.,0.,0.));
#7536 = DIRECTION('',(0.,0.,1.));
#7537 = ADVANCED_FACE('',(#7538),#7549,.F.);
#7538 = FACE_BOUND('',#7539,.F.);
#7539 = EDGE_LOOP('',(#7540,#7541,#7542,#7543));
#7540 = ORIENTED_EDGE('',*,*,#7462,.F.);
#7541 = ORIENTED_EDGE('',*,*,#2472,.T.);
#7542 = ORIENTED_EDGE('',*,*,#7517,.T.);
#7543 = ORIENTED_EDGE('',*,*,#7544,.T.);
#7544 = EDGE_CURVE('',#7518,#7463,#7545,.T.);
#7545 = LINE('',#7546,#7547);
#7546 = CARTESIAN_POINT('',(-0.32,-18.1,8.38));
#7547 = VECTOR('',#7548,1.);
#7548 = DIRECTION('',(1.,0.,0.));
#7549 = PLANE('',#7550);
#7550 = AXIS2_PLACEMENT_3D('',#7551,#7552,#7553);
#7551 = CARTESIAN_POINT('',(-0.32,-18.1,-3.));
#7552 = DIRECTION('',(0.,1.,0.));
#7553 = DIRECTION('',(0.,-0.,1.));
#7554 = ADVANCED_FACE('',(#7555),#7580,.F.);
#7555 = FACE_BOUND('',#7556,.F.);
#7556 = EDGE_LOOP('',(#7557,#7565,#7566,#7574));
#7557 = ORIENTED_EDGE('',*,*,#7558,.F.);
#7558 = EDGE_CURVE('',#2497,#7559,#7561,.T.);
#7559 = VERTEX_POINT('',#7560);
#7560 = CARTESIAN_POINT('',(2.86,-25.72,8.38));
#7561 = LINE('',#7562,#7563);
#7562 = CARTESIAN_POINT('',(2.86,-25.72,-3.));
#7563 = VECTOR('',#7564,1.);
#7564 = DIRECTION('',(0.,0.,1.));
#7565 = ORIENTED_EDGE('',*,*,#2496,.T.);
#7566 = ORIENTED_EDGE('',*,*,#7567,.T.);
#7567 = EDGE_CURVE('',#2499,#7568,#7570,.T.);
#7568 = VERTEX_POINT('',#7569);
#7569 = CARTESIAN_POINT('',(2.22,-25.72,8.38));
#7570 = LINE('',#7571,#7572);
#7571 = CARTESIAN_POINT('',(2.22,-25.72,-3.));
#7572 = VECTOR('',#7573,1.);
#7573 = DIRECTION('',(0.,0.,1.));
#7574 = ORIENTED_EDGE('',*,*,#7575,.T.);
#7575 = EDGE_CURVE('',#7568,#7559,#7576,.T.);
#7576 = LINE('',#7577,#7578);
#7577 = CARTESIAN_POINT('',(2.22,-25.72,8.38));
#7578 = VECTOR('',#7579,1.);
#7579 = DIRECTION('',(1.,0.,0.));
#7580 = PLANE('',#7581);
#7581 = AXIS2_PLACEMENT_3D('',#7582,#7583,#7584);
#7582 = CARTESIAN_POINT('',(2.22,-25.72,-3.));
#7583 = DIRECTION('',(0.,1.,0.));
#7584 = DIRECTION('',(0.,-0.,1.));
#7585 = ADVANCED_FACE('',(#7586),#7604,.T.);
#7586 = FACE_BOUND('',#7587,.T.);
#7587 = EDGE_LOOP('',(#7588,#7589,#7590,#7598));
#7588 = ORIENTED_EDGE('',*,*,#7558,.F.);
#7589 = ORIENTED_EDGE('',*,*,#2522,.T.);
#7590 = ORIENTED_EDGE('',*,*,#7591,.T.);
#7591 = EDGE_CURVE('',#2515,#7592,#7594,.T.);
#7592 = VERTEX_POINT('',#7593);
#7593 = CARTESIAN_POINT('',(2.86,-25.08,8.38));
#7594 = LINE('',#7595,#7596);
#7595 = CARTESIAN_POINT('',(2.86,-25.08,-3.));
#7596 = VECTOR('',#7597,1.);
#7597 = DIRECTION('',(0.,0.,1.));
#7598 = ORIENTED_EDGE('',*,*,#7599,.F.);
#7599 = EDGE_CURVE('',#7559,#7592,#7600,.T.);
#7600 = LINE('',#7601,#7602);
#7601 = CARTESIAN_POINT('',(2.86,-25.72,8.38));
#7602 = VECTOR('',#7603,1.);
#7603 = DIRECTION('',(0.,1.,0.));
#7604 = PLANE('',#7605);
#7605 = AXIS2_PLACEMENT_3D('',#7606,#7607,#7608);
#7606 = CARTESIAN_POINT('',(2.86,-25.72,-3.));
#7607 = DIRECTION('',(1.,0.,0.));
#7608 = DIRECTION('',(0.,0.,1.));
#7609 = ADVANCED_FACE('',(#7610),#7628,.T.);
#7610 = FACE_BOUND('',#7611,.T.);
#7611 = EDGE_LOOP('',(#7612,#7613,#7614,#7622));
#7612 = ORIENTED_EDGE('',*,*,#7591,.F.);
#7613 = ORIENTED_EDGE('',*,*,#2514,.T.);
#7614 = ORIENTED_EDGE('',*,*,#7615,.T.);
#7615 = EDGE_CURVE('',#2507,#7616,#7618,.T.);
#7616 = VERTEX_POINT('',#7617);
#7617 = CARTESIAN_POINT('',(2.22,-25.08,8.38));
#7618 = LINE('',#7619,#7620);
#7619 = CARTESIAN_POINT('',(2.22,-25.08,-3.));
#7620 = VECTOR('',#7621,1.);
#7621 = DIRECTION('',(0.,0.,1.));
#7622 = ORIENTED_EDGE('',*,*,#7623,.T.);
#7623 = EDGE_CURVE('',#7616,#7592,#7624,.T.);
#7624 = LINE('',#7625,#7626);
#7625 = CARTESIAN_POINT('',(2.22,-25.08,8.38));
#7626 = VECTOR('',#7627,1.);
#7627 = DIRECTION('',(1.,0.,0.));
#7628 = PLANE('',#7629);
#7629 = AXIS2_PLACEMENT_3D('',#7630,#7631,#7632);
#7630 = CARTESIAN_POINT('',(2.22,-25.08,-3.));
#7631 = DIRECTION('',(0.,1.,0.));
#7632 = DIRECTION('',(0.,-0.,1.));
#7633 = ADVANCED_FACE('',(#7634),#7645,.F.);
#7634 = FACE_BOUND('',#7635,.F.);
#7635 = EDGE_LOOP('',(#7636,#7637,#7638,#7639));
#7636 = ORIENTED_EDGE('',*,*,#7567,.F.);
#7637 = ORIENTED_EDGE('',*,*,#2506,.T.);
#7638 = ORIENTED_EDGE('',*,*,#7615,.T.);
#7639 = ORIENTED_EDGE('',*,*,#7640,.F.);
#7640 = EDGE_CURVE('',#7568,#7616,#7641,.T.);
#7641 = LINE('',#7642,#7643);
#7642 = CARTESIAN_POINT('',(2.22,-25.72,8.38));
#7643 = VECTOR('',#7644,1.);
#7644 = DIRECTION('',(0.,1.,0.));
#7645 = PLANE('',#7646);
#7646 = AXIS2_PLACEMENT_3D('',#7647,#7648,#7649);
#7647 = CARTESIAN_POINT('',(2.22,-25.72,-3.));
#7648 = DIRECTION('',(1.,0.,0.));
#7649 = DIRECTION('',(0.,0.,1.));
#7650 = ADVANCED_FACE('',(#7651),#7676,.T.);
#7651 = FACE_BOUND('',#7652,.T.);
#7652 = EDGE_LOOP('',(#7653,#7661,#7662,#7670));
#7653 = ORIENTED_EDGE('',*,*,#7654,.F.);
#7654 = EDGE_CURVE('',#2531,#7655,#7657,.T.);
#7655 = VERTEX_POINT('',#7656);
#7656 = CARTESIAN_POINT('',(2.86,-22.54,8.38));
#7657 = LINE('',#7658,#7659);
#7658 = CARTESIAN_POINT('',(2.86,-22.54,-3.));
#7659 = VECTOR('',#7660,1.);
#7660 = DIRECTION('',(0.,0.,1.));
#7661 = ORIENTED_EDGE('',*,*,#2530,.T.);
#7662 = ORIENTED_EDGE('',*,*,#7663,.T.);
#7663 = EDGE_CURVE('',#2533,#7664,#7666,.T.);
#7664 = VERTEX_POINT('',#7665);
#7665 = CARTESIAN_POINT('',(2.22,-22.54,8.38));
#7666 = LINE('',#7667,#7668);
#7667 = CARTESIAN_POINT('',(2.22,-22.54,-3.));
#7668 = VECTOR('',#7669,1.);
#7669 = DIRECTION('',(0.,0.,1.));
#7670 = ORIENTED_EDGE('',*,*,#7671,.T.);
#7671 = EDGE_CURVE('',#7664,#7655,#7672,.T.);
#7672 = LINE('',#7673,#7674);
#7673 = CARTESIAN_POINT('',(2.22,-22.54,8.38));
#7674 = VECTOR('',#7675,1.);
#7675 = DIRECTION('',(1.,0.,0.));
#7676 = PLANE('',#7677);
#7677 = AXIS2_PLACEMENT_3D('',#7678,#7679,#7680);
#7678 = CARTESIAN_POINT('',(2.22,-22.54,-3.));
#7679 = DIRECTION('',(0.,1.,0.));
#7680 = DIRECTION('',(0.,-0.,1.));
#7681 = ADVANCED_FACE('',(#7682),#7700,.F.);
#7682 = FACE_BOUND('',#7683,.F.);
#7683 = EDGE_LOOP('',(#7684,#7692,#7693,#7694));
#7684 = ORIENTED_EDGE('',*,*,#7685,.F.);
#7685 = EDGE_CURVE('',#2549,#7686,#7688,.T.);
#7686 = VERTEX_POINT('',#7687);
#7687 = CARTESIAN_POINT('',(2.22,-23.18,8.38));
#7688 = LINE('',#7689,#7690);
#7689 = CARTESIAN_POINT('',(2.22,-23.18,-3.));
#7690 = VECTOR('',#7691,1.);
#7691 = DIRECTION('',(0.,0.,1.));
#7692 = ORIENTED_EDGE('',*,*,#2556,.T.);
#7693 = ORIENTED_EDGE('',*,*,#7663,.T.);
#7694 = ORIENTED_EDGE('',*,*,#7695,.F.);
#7695 = EDGE_CURVE('',#7686,#7664,#7696,.T.);
#7696 = LINE('',#7697,#7698);
#7697 = CARTESIAN_POINT('',(2.22,-23.18,8.38));
#7698 = VECTOR('',#7699,1.);
#7699 = DIRECTION('',(0.,1.,0.));
#7700 = PLANE('',#7701);
#7701 = AXIS2_PLACEMENT_3D('',#7702,#7703,#7704);
#7702 = CARTESIAN_POINT('',(2.22,-23.18,-3.));
#7703 = DIRECTION('',(1.,0.,0.));
#7704 = DIRECTION('',(0.,0.,1.));
#7705 = ADVANCED_FACE('',(#7706),#7724,.F.);
#7706 = FACE_BOUND('',#7707,.F.);
#7707 = EDGE_LOOP('',(#7708,#7716,#7717,#7718));
#7708 = ORIENTED_EDGE('',*,*,#7709,.F.);
#7709 = EDGE_CURVE('',#2541,#7710,#7712,.T.);
#7710 = VERTEX_POINT('',#7711);
#7711 = CARTESIAN_POINT('',(2.86,-23.18,8.38));
#7712 = LINE('',#7713,#7714);
#7713 = CARTESIAN_POINT('',(2.86,-23.18,-3.));
#7714 = VECTOR('',#7715,1.);
#7715 = DIRECTION('',(0.,0.,1.));
#7716 = ORIENTED_EDGE('',*,*,#2548,.T.);
#7717 = ORIENTED_EDGE('',*,*,#7685,.T.);
#7718 = ORIENTED_EDGE('',*,*,#7719,.T.);
#7719 = EDGE_CURVE('',#7686,#7710,#7720,.T.);
#7720 = LINE('',#7721,#7722);
#7721 = CARTESIAN_POINT('',(2.22,-23.18,8.38));
#7722 = VECTOR('',#7723,1.);
#7723 = DIRECTION('',(1.,0.,0.));
#7724 = PLANE('',#7725);
#7725 = AXIS2_PLACEMENT_3D('',#7726,#7727,#7728);
#7726 = CARTESIAN_POINT('',(2.22,-23.18,-3.));
#7727 = DIRECTION('',(0.,1.,0.));
#7728 = DIRECTION('',(0.,-0.,1.));
#7729 = ADVANCED_FACE('',(#7730),#7741,.T.);
#7730 = FACE_BOUND('',#7731,.T.);
#7731 = EDGE_LOOP('',(#7732,#7733,#7734,#7735));
#7732 = ORIENTED_EDGE('',*,*,#7709,.F.);
#7733 = ORIENTED_EDGE('',*,*,#2540,.T.);
#7734 = ORIENTED_EDGE('',*,*,#7654,.T.);
#7735 = ORIENTED_EDGE('',*,*,#7736,.F.);
#7736 = EDGE_CURVE('',#7710,#7655,#7737,.T.);
#7737 = LINE('',#7738,#7739);
#7738 = CARTESIAN_POINT('',(2.86,-23.18,8.38));
#7739 = VECTOR('',#7740,1.);
#7740 = DIRECTION('',(0.,1.,0.));
#7741 = PLANE('',#7742);
#7742 = AXIS2_PLACEMENT_3D('',#7743,#7744,#7745);
#7743 = CARTESIAN_POINT('',(2.86,-23.18,-3.));
#7744 = DIRECTION('',(1.,0.,0.));
#7745 = DIRECTION('',(0.,0.,1.));
#7746 = ADVANCED_FACE('',(#7747),#7772,.T.);
#7747 = FACE_BOUND('',#7748,.T.);
#7748 = EDGE_LOOP('',(#7749,#7757,#7758,#7766));
#7749 = ORIENTED_EDGE('',*,*,#7750,.F.);
#7750 = EDGE_CURVE('',#2565,#7751,#7753,.T.);
#7751 = VERTEX_POINT('',#7752);
#7752 = CARTESIAN_POINT('',(0.32,-25.08,8.38));
#7753 = LINE('',#7754,#7755);
#7754 = CARTESIAN_POINT('',(0.32,-25.08,-3.));
#7755 = VECTOR('',#7756,1.);
#7756 = DIRECTION('',(0.,0.,1.));
#7757 = ORIENTED_EDGE('',*,*,#2564,.T.);
#7758 = ORIENTED_EDGE('',*,*,#7759,.T.);
#7759 = EDGE_CURVE('',#2567,#7760,#7762,.T.);
#7760 = VERTEX_POINT('',#7761);
#7761 = CARTESIAN_POINT('',(-0.32,-25.08,8.38));
#7762 = LINE('',#7763,#7764);
#7763 = CARTESIAN_POINT('',(-0.32,-25.08,-3.));
#7764 = VECTOR('',#7765,1.);
#7765 = DIRECTION('',(0.,0.,1.));
#7766 = ORIENTED_EDGE('',*,*,#7767,.T.);
#7767 = EDGE_CURVE('',#7760,#7751,#7768,.T.);
#7768 = LINE('',#7769,#7770);
#7769 = CARTESIAN_POINT('',(-0.32,-25.08,8.38));
#7770 = VECTOR('',#7771,1.);
#7771 = DIRECTION('',(1.,0.,0.));
#7772 = PLANE('',#7773);
#7773 = AXIS2_PLACEMENT_3D('',#7774,#7775,#7776);
#7774 = CARTESIAN_POINT('',(-0.32,-25.08,-3.));
#7775 = DIRECTION('',(0.,1.,0.));
#7776 = DIRECTION('',(0.,-0.,1.));
#7777 = ADVANCED_FACE('',(#7778),#7796,.F.);
#7778 = FACE_BOUND('',#7779,.F.);
#7779 = EDGE_LOOP('',(#7780,#7788,#7789,#7790));
#7780 = ORIENTED_EDGE('',*,*,#7781,.F.);
#7781 = EDGE_CURVE('',#2583,#7782,#7784,.T.);
#7782 = VERTEX_POINT('',#7783);
#7783 = CARTESIAN_POINT('',(-0.32,-25.72,8.38));
#7784 = LINE('',#7785,#7786);
#7785 = CARTESIAN_POINT('',(-0.32,-25.72,-3.));
#7786 = VECTOR('',#7787,1.);
#7787 = DIRECTION('',(0.,0.,1.));
#7788 = ORIENTED_EDGE('',*,*,#2590,.T.);
#7789 = ORIENTED_EDGE('',*,*,#7759,.T.);
#7790 = ORIENTED_EDGE('',*,*,#7791,.F.);
#7791 = EDGE_CURVE('',#7782,#7760,#7792,.T.);
#7792 = LINE('',#7793,#7794);
#7793 = CARTESIAN_POINT('',(-0.32,-25.72,8.38));
#7794 = VECTOR('',#7795,1.);
#7795 = DIRECTION('',(0.,1.,0.));
#7796 = PLANE('',#7797);
#7797 = AXIS2_PLACEMENT_3D('',#7798,#7799,#7800);
#7798 = CARTESIAN_POINT('',(-0.32,-25.72,-3.));
#7799 = DIRECTION('',(1.,0.,0.));
#7800 = DIRECTION('',(0.,0.,1.));
#7801 = ADVANCED_FACE('',(#7802),#7820,.F.);
#7802 = FACE_BOUND('',#7803,.F.);
#7803 = EDGE_LOOP('',(#7804,#7812,#7813,#7814));
#7804 = ORIENTED_EDGE('',*,*,#7805,.F.);
#7805 = EDGE_CURVE('',#2575,#7806,#7808,.T.);
#7806 = VERTEX_POINT('',#7807);
#7807 = CARTESIAN_POINT('',(0.32,-25.72,8.38));
#7808 = LINE('',#7809,#7810);
#7809 = CARTESIAN_POINT('',(0.32,-25.72,-3.));
#7810 = VECTOR('',#7811,1.);
#7811 = DIRECTION('',(0.,0.,1.));
#7812 = ORIENTED_EDGE('',*,*,#2582,.T.);
#7813 = ORIENTED_EDGE('',*,*,#7781,.T.);
#7814 = ORIENTED_EDGE('',*,*,#7815,.T.);
#7815 = EDGE_CURVE('',#7782,#7806,#7816,.T.);
#7816 = LINE('',#7817,#7818);
#7817 = CARTESIAN_POINT('',(-0.32,-25.72,8.38));
#7818 = VECTOR('',#7819,1.);
#7819 = DIRECTION('',(1.,0.,0.));
#7820 = PLANE('',#7821);
#7821 = AXIS2_PLACEMENT_3D('',#7822,#7823,#7824);
#7822 = CARTESIAN_POINT('',(-0.32,-25.72,-3.));
#7823 = DIRECTION('',(0.,1.,0.));
#7824 = DIRECTION('',(0.,-0.,1.));
#7825 = ADVANCED_FACE('',(#7826),#7837,.T.);
#7826 = FACE_BOUND('',#7827,.T.);
#7827 = EDGE_LOOP('',(#7828,#7829,#7830,#7831));
#7828 = ORIENTED_EDGE('',*,*,#7805,.F.);
#7829 = ORIENTED_EDGE('',*,*,#2574,.T.);
#7830 = ORIENTED_EDGE('',*,*,#7750,.T.);
#7831 = ORIENTED_EDGE('',*,*,#7832,.F.);
#7832 = EDGE_CURVE('',#7806,#7751,#7833,.T.);
#7833 = LINE('',#7834,#7835);
#7834 = CARTESIAN_POINT('',(0.32,-25.72,8.38));
#7835 = VECTOR('',#7836,1.);
#7836 = DIRECTION('',(0.,1.,0.));
#7837 = PLANE('',#7838);
#7838 = AXIS2_PLACEMENT_3D('',#7839,#7840,#7841);
#7839 = CARTESIAN_POINT('',(0.32,-25.72,-3.));
#7840 = DIRECTION('',(1.,0.,0.));
#7841 = DIRECTION('',(0.,0.,1.));
#7842 = ADVANCED_FACE('',(#7843),#7868,.T.);
#7843 = FACE_BOUND('',#7844,.T.);
#7844 = EDGE_LOOP('',(#7845,#7853,#7854,#7862));
#7845 = ORIENTED_EDGE('',*,*,#7846,.F.);
#7846 = EDGE_CURVE('',#2599,#7847,#7849,.T.);
#7847 = VERTEX_POINT('',#7848);
#7848 = CARTESIAN_POINT('',(0.32,-20.64,8.38));
#7849 = LINE('',#7850,#7851);
#7850 = CARTESIAN_POINT('',(0.32,-20.64,-3.));
#7851 = VECTOR('',#7852,1.);
#7852 = DIRECTION('',(0.,0.,1.));
#7853 = ORIENTED_EDGE('',*,*,#2598,.T.);
#7854 = ORIENTED_EDGE('',*,*,#7855,.T.);
#7855 = EDGE_CURVE('',#2601,#7856,#7858,.T.);
#7856 = VERTEX_POINT('',#7857);
#7857 = CARTESIAN_POINT('',(0.32,-20.,8.38));
#7858 = LINE('',#7859,#7860);
#7859 = CARTESIAN_POINT('',(0.32,-20.,-3.));
#7860 = VECTOR('',#7861,1.);
#7861 = DIRECTION('',(0.,0.,1.));
#7862 = ORIENTED_EDGE('',*,*,#7863,.F.);
#7863 = EDGE_CURVE('',#7847,#7856,#7864,.T.);
#7864 = LINE('',#7865,#7866);
#7865 = CARTESIAN_POINT('',(0.32,-20.64,8.38));
#7866 = VECTOR('',#7867,1.);
#7867 = DIRECTION('',(0.,1.,0.));
#7868 = PLANE('',#7869);
#7869 = AXIS2_PLACEMENT_3D('',#7870,#7871,#7872);
#7870 = CARTESIAN_POINT('',(0.32,-20.64,-3.));
#7871 = DIRECTION('',(1.,0.,0.));
#7872 = DIRECTION('',(0.,0.,1.));
#7873 = ADVANCED_FACE('',(#7874),#7892,.T.);
#7874 = FACE_BOUND('',#7875,.T.);
#7875 = EDGE_LOOP('',(#7876,#7877,#7878,#7886));
#7876 = ORIENTED_EDGE('',*,*,#7855,.F.);
#7877 = ORIENTED_EDGE('',*,*,#2624,.T.);
#7878 = ORIENTED_EDGE('',*,*,#7879,.T.);
#7879 = EDGE_CURVE('',#2617,#7880,#7882,.T.);
#7880 = VERTEX_POINT('',#7881);
#7881 = CARTESIAN_POINT('',(-0.32,-20.,8.38));
#7882 = LINE('',#7883,#7884);
#7883 = CARTESIAN_POINT('',(-0.32,-20.,-3.));
#7884 = VECTOR('',#7885,1.);
#7885 = DIRECTION('',(0.,0.,1.));
#7886 = ORIENTED_EDGE('',*,*,#7887,.T.);
#7887 = EDGE_CURVE('',#7880,#7856,#7888,.T.);
#7888 = LINE('',#7889,#7890);
#7889 = CARTESIAN_POINT('',(-0.32,-20.,8.38));
#7890 = VECTOR('',#7891,1.);
#7891 = DIRECTION('',(1.,0.,0.));
#7892 = PLANE('',#7893);
#7893 = AXIS2_PLACEMENT_3D('',#7894,#7895,#7896);
#7894 = CARTESIAN_POINT('',(-0.32,-20.,-3.));
#7895 = DIRECTION('',(0.,1.,0.));
#7896 = DIRECTION('',(0.,-0.,1.));
#7897 = ADVANCED_FACE('',(#7898),#7916,.F.);
#7898 = FACE_BOUND('',#7899,.F.);
#7899 = EDGE_LOOP('',(#7900,#7908,#7909,#7910));
#7900 = ORIENTED_EDGE('',*,*,#7901,.F.);
#7901 = EDGE_CURVE('',#2609,#7902,#7904,.T.);
#7902 = VERTEX_POINT('',#7903);
#7903 = CARTESIAN_POINT('',(-0.32,-20.64,8.38));
#7904 = LINE('',#7905,#7906);
#7905 = CARTESIAN_POINT('',(-0.32,-20.64,-3.));
#7906 = VECTOR('',#7907,1.);
#7907 = DIRECTION('',(0.,0.,1.));
#7908 = ORIENTED_EDGE('',*,*,#2616,.T.);
#7909 = ORIENTED_EDGE('',*,*,#7879,.T.);
#7910 = ORIENTED_EDGE('',*,*,#7911,.F.);
#7911 = EDGE_CURVE('',#7902,#7880,#7912,.T.);
#7912 = LINE('',#7913,#7914);
#7913 = CARTESIAN_POINT('',(-0.32,-20.64,8.38));
#7914 = VECTOR('',#7915,1.);
#7915 = DIRECTION('',(0.,1.,0.));
#7916 = PLANE('',#7917);
#7917 = AXIS2_PLACEMENT_3D('',#7918,#7919,#7920);
#7918 = CARTESIAN_POINT('',(-0.32,-20.64,-3.));
#7919 = DIRECTION('',(1.,0.,0.));
#7920 = DIRECTION('',(0.,0.,1.));
#7921 = ADVANCED_FACE('',(#7922),#7933,.F.);
#7922 = FACE_BOUND('',#7923,.F.);
#7923 = EDGE_LOOP('',(#7924,#7925,#7926,#7927));
#7924 = ORIENTED_EDGE('',*,*,#7846,.F.);
#7925 = ORIENTED_EDGE('',*,*,#2608,.T.);
#7926 = ORIENTED_EDGE('',*,*,#7901,.T.);
#7927 = ORIENTED_EDGE('',*,*,#7928,.T.);
#7928 = EDGE_CURVE('',#7902,#7847,#7929,.T.);
#7929 = LINE('',#7930,#7931);
#7930 = CARTESIAN_POINT('',(-0.32,-20.64,8.38));
#7931 = VECTOR('',#7932,1.);
#7932 = DIRECTION('',(1.,0.,0.));
#7933 = PLANE('',#7934);
#7934 = AXIS2_PLACEMENT_3D('',#7935,#7936,#7937);
#7935 = CARTESIAN_POINT('',(-0.32,-20.64,-3.));
#7936 = DIRECTION('',(0.,1.,0.));
#7937 = DIRECTION('',(0.,-0.,1.));
#7938 = ADVANCED_FACE('',(#7939),#7964,.T.);
#7939 = FACE_BOUND('',#7940,.T.);
#7940 = EDGE_LOOP('',(#7941,#7949,#7950,#7958));
#7941 = ORIENTED_EDGE('',*,*,#7942,.F.);
#7942 = EDGE_CURVE('',#2633,#7943,#7945,.T.);
#7943 = VERTEX_POINT('',#7944);
#7944 = CARTESIAN_POINT('',(0.32,-22.54,8.38));
#7945 = LINE('',#7946,#7947);
#7946 = CARTESIAN_POINT('',(0.32,-22.54,-3.));
#7947 = VECTOR('',#7948,1.);
#7948 = DIRECTION('',(0.,0.,1.));
#7949 = ORIENTED_EDGE('',*,*,#2632,.T.);
#7950 = ORIENTED_EDGE('',*,*,#7951,.T.);
#7951 = EDGE_CURVE('',#2635,#7952,#7954,.T.);
#7952 = VERTEX_POINT('',#7953);
#7953 = CARTESIAN_POINT('',(-0.32,-22.54,8.38));
#7954 = LINE('',#7955,#7956);
#7955 = CARTESIAN_POINT('',(-0.32,-22.54,-3.));
#7956 = VECTOR('',#7957,1.);
#7957 = DIRECTION('',(0.,0.,1.));
#7958 = ORIENTED_EDGE('',*,*,#7959,.T.);
#7959 = EDGE_CURVE('',#7952,#7943,#7960,.T.);
#7960 = LINE('',#7961,#7962);
#7961 = CARTESIAN_POINT('',(-0.32,-22.54,8.38));
#7962 = VECTOR('',#7963,1.);
#7963 = DIRECTION('',(1.,0.,0.));
#7964 = PLANE('',#7965);
#7965 = AXIS2_PLACEMENT_3D('',#7966,#7967,#7968);
#7966 = CARTESIAN_POINT('',(-0.32,-22.54,-3.));
#7967 = DIRECTION('',(0.,1.,0.));
#7968 = DIRECTION('',(0.,-0.,1.));
#7969 = ADVANCED_FACE('',(#7970),#7988,.F.);
#7970 = FACE_BOUND('',#7971,.F.);
#7971 = EDGE_LOOP('',(#7972,#7980,#7981,#7982));
#7972 = ORIENTED_EDGE('',*,*,#7973,.F.);
#7973 = EDGE_CURVE('',#2651,#7974,#7976,.T.);
#7974 = VERTEX_POINT('',#7975);
#7975 = CARTESIAN_POINT('',(-0.32,-23.18,8.38));
#7976 = LINE('',#7977,#7978);
#7977 = CARTESIAN_POINT('',(-0.32,-23.18,-3.));
#7978 = VECTOR('',#7979,1.);
#7979 = DIRECTION('',(0.,0.,1.));
#7980 = ORIENTED_EDGE('',*,*,#2658,.T.);
#7981 = ORIENTED_EDGE('',*,*,#7951,.T.);
#7982 = ORIENTED_EDGE('',*,*,#7983,.F.);
#7983 = EDGE_CURVE('',#7974,#7952,#7984,.T.);
#7984 = LINE('',#7985,#7986);
#7985 = CARTESIAN_POINT('',(-0.32,-23.18,8.38));
#7986 = VECTOR('',#7987,1.);
#7987 = DIRECTION('',(0.,1.,0.));
#7988 = PLANE('',#7989);
#7989 = AXIS2_PLACEMENT_3D('',#7990,#7991,#7992);
#7990 = CARTESIAN_POINT('',(-0.32,-23.18,-3.));
#7991 = DIRECTION('',(1.,0.,0.));
#7992 = DIRECTION('',(0.,0.,1.));
#7993 = ADVANCED_FACE('',(#7994),#8012,.F.);
#7994 = FACE_BOUND('',#7995,.F.);
#7995 = EDGE_LOOP('',(#7996,#8004,#8005,#8006));
#7996 = ORIENTED_EDGE('',*,*,#7997,.F.);
#7997 = EDGE_CURVE('',#2643,#7998,#8000,.T.);
#7998 = VERTEX_POINT('',#7999);
#7999 = CARTESIAN_POINT('',(0.32,-23.18,8.38));
#8000 = LINE('',#8001,#8002);
#8001 = CARTESIAN_POINT('',(0.32,-23.18,-3.));
#8002 = VECTOR('',#8003,1.);
#8003 = DIRECTION('',(0.,0.,1.));
#8004 = ORIENTED_EDGE('',*,*,#2650,.T.);
#8005 = ORIENTED_EDGE('',*,*,#7973,.T.);
#8006 = ORIENTED_EDGE('',*,*,#8007,.T.);
#8007 = EDGE_CURVE('',#7974,#7998,#8008,.T.);
#8008 = LINE('',#8009,#8010);
#8009 = CARTESIAN_POINT('',(-0.32,-23.18,8.38));
#8010 = VECTOR('',#8011,1.);
#8011 = DIRECTION('',(1.,0.,0.));
#8012 = PLANE('',#8013);
#8013 = AXIS2_PLACEMENT_3D('',#8014,#8015,#8016);
#8014 = CARTESIAN_POINT('',(-0.32,-23.18,-3.));
#8015 = DIRECTION('',(0.,1.,0.));
#8016 = DIRECTION('',(0.,-0.,1.));
#8017 = ADVANCED_FACE('',(#8018),#8029,.T.);
#8018 = FACE_BOUND('',#8019,.T.);
#8019 = EDGE_LOOP('',(#8020,#8021,#8022,#8023));
#8020 = ORIENTED_EDGE('',*,*,#7997,.F.);
#8021 = ORIENTED_EDGE('',*,*,#2642,.T.);
#8022 = ORIENTED_EDGE('',*,*,#7942,.T.);
#8023 = ORIENTED_EDGE('',*,*,#8024,.F.);
#8024 = EDGE_CURVE('',#7998,#7943,#8025,.T.);
#8025 = LINE('',#8026,#8027);
#8026 = CARTESIAN_POINT('',(0.32,-23.18,8.38));
#8027 = VECTOR('',#8028,1.);
#8028 = DIRECTION('',(0.,1.,0.));
#8029 = PLANE('',#8030);
#8030 = AXIS2_PLACEMENT_3D('',#8031,#8032,#8033);
#8031 = CARTESIAN_POINT('',(0.32,-23.18,-3.));
#8032 = DIRECTION('',(1.,0.,0.));
#8033 = DIRECTION('',(0.,0.,1.));
#8034 = ADVANCED_FACE('',(#8035),#8060,.F.);
#8035 = FACE_BOUND('',#8036,.F.);
#8036 = EDGE_LOOP('',(#8037,#8045,#8046,#8054));
#8037 = ORIENTED_EDGE('',*,*,#8038,.F.);
#8038 = EDGE_CURVE('',#2667,#8039,#8041,.T.);
#8039 = VERTEX_POINT('',#8040);
#8040 = CARTESIAN_POINT('',(2.86,-20.64,8.38));
#8041 = LINE('',#8042,#8043);
#8042 = CARTESIAN_POINT('',(2.86,-20.64,-3.));
#8043 = VECTOR('',#8044,1.);
#8044 = DIRECTION('',(0.,0.,1.));
#8045 = ORIENTED_EDGE('',*,*,#2666,.T.);
#8046 = ORIENTED_EDGE('',*,*,#8047,.T.);
#8047 = EDGE_CURVE('',#2669,#8048,#8050,.T.);
#8048 = VERTEX_POINT('',#8049);
#8049 = CARTESIAN_POINT('',(2.22,-20.64,8.38));
#8050 = LINE('',#8051,#8052);
#8051 = CARTESIAN_POINT('',(2.22,-20.64,-3.));
#8052 = VECTOR('',#8053,1.);
#8053 = DIRECTION('',(0.,0.,1.));
#8054 = ORIENTED_EDGE('',*,*,#8055,.T.);
#8055 = EDGE_CURVE('',#8048,#8039,#8056,.T.);
#8056 = LINE('',#8057,#8058);
#8057 = CARTESIAN_POINT('',(2.22,-20.64,8.38));
#8058 = VECTOR('',#8059,1.);
#8059 = DIRECTION('',(1.,0.,0.));
#8060 = PLANE('',#8061);
#8061 = AXIS2_PLACEMENT_3D('',#8062,#8063,#8064);
#8062 = CARTESIAN_POINT('',(2.22,-20.64,-3.));
#8063 = DIRECTION('',(0.,1.,0.));
#8064 = DIRECTION('',(0.,-0.,1.));
#8065 = ADVANCED_FACE('',(#8066),#8084,.T.);
#8066 = FACE_BOUND('',#8067,.T.);
#8067 = EDGE_LOOP('',(#8068,#8069,#8070,#8078));
#8068 = ORIENTED_EDGE('',*,*,#8038,.F.);
#8069 = ORIENTED_EDGE('',*,*,#2692,.T.);
#8070 = ORIENTED_EDGE('',*,*,#8071,.T.);
#8071 = EDGE_CURVE('',#2685,#8072,#8074,.T.);
#8072 = VERTEX_POINT('',#8073);
#8073 = CARTESIAN_POINT('',(2.86,-20.,8.38));
#8074 = LINE('',#8075,#8076);
#8075 = CARTESIAN_POINT('',(2.86,-20.,-3.));
#8076 = VECTOR('',#8077,1.);
#8077 = DIRECTION('',(0.,0.,1.));
#8078 = ORIENTED_EDGE('',*,*,#8079,.F.);
#8079 = EDGE_CURVE('',#8039,#8072,#8080,.T.);
#8080 = LINE('',#8081,#8082);
#8081 = CARTESIAN_POINT('',(2.86,-20.64,8.38));
#8082 = VECTOR('',#8083,1.);
#8083 = DIRECTION('',(0.,1.,0.));
#8084 = PLANE('',#8085);
#8085 = AXIS2_PLACEMENT_3D('',#8086,#8087,#8088);
#8086 = CARTESIAN_POINT('',(2.86,-20.64,-3.));
#8087 = DIRECTION('',(1.,0.,0.));
#8088 = DIRECTION('',(0.,0.,1.));
#8089 = ADVANCED_FACE('',(#8090),#8108,.T.);
#8090 = FACE_BOUND('',#8091,.T.);
#8091 = EDGE_LOOP('',(#8092,#8093,#8094,#8102));
#8092 = ORIENTED_EDGE('',*,*,#8071,.F.);
#8093 = ORIENTED_EDGE('',*,*,#2684,.T.);
#8094 = ORIENTED_EDGE('',*,*,#8095,.T.);
#8095 = EDGE_CURVE('',#2677,#8096,#8098,.T.);
#8096 = VERTEX_POINT('',#8097);
#8097 = CARTESIAN_POINT('',(2.22,-20.,8.38));
#8098 = LINE('',#8099,#8100);
#8099 = CARTESIAN_POINT('',(2.22,-20.,-3.));
#8100 = VECTOR('',#8101,1.);
#8101 = DIRECTION('',(0.,0.,1.));
#8102 = ORIENTED_EDGE('',*,*,#8103,.T.);
#8103 = EDGE_CURVE('',#8096,#8072,#8104,.T.);
#8104 = LINE('',#8105,#8106);
#8105 = CARTESIAN_POINT('',(2.22,-20.,8.38));
#8106 = VECTOR('',#8107,1.);
#8107 = DIRECTION('',(1.,0.,0.));
#8108 = PLANE('',#8109);
#8109 = AXIS2_PLACEMENT_3D('',#8110,#8111,#8112);
#8110 = CARTESIAN_POINT('',(2.22,-20.,-3.));
#8111 = DIRECTION('',(0.,1.,0.));
#8112 = DIRECTION('',(0.,-0.,1.));
#8113 = ADVANCED_FACE('',(#8114),#8125,.F.);
#8114 = FACE_BOUND('',#8115,.F.);
#8115 = EDGE_LOOP('',(#8116,#8117,#8118,#8119));
#8116 = ORIENTED_EDGE('',*,*,#8047,.F.);
#8117 = ORIENTED_EDGE('',*,*,#2676,.T.);
#8118 = ORIENTED_EDGE('',*,*,#8095,.T.);
#8119 = ORIENTED_EDGE('',*,*,#8120,.F.);
#8120 = EDGE_CURVE('',#8048,#8096,#8121,.T.);
#8121 = LINE('',#8122,#8123);
#8122 = CARTESIAN_POINT('',(2.22,-20.64,8.38));
#8123 = VECTOR('',#8124,1.);
#8124 = DIRECTION('',(0.,1.,0.));
#8125 = PLANE('',#8126);
#8126 = AXIS2_PLACEMENT_3D('',#8127,#8128,#8129);
#8127 = CARTESIAN_POINT('',(2.22,-20.64,-3.));
#8128 = DIRECTION('',(1.,0.,0.));
#8129 = DIRECTION('',(0.,0.,1.));
#8130 = ADVANCED_FACE('',(#8131),#8156,.F.);
#8131 = FACE_BOUND('',#8132,.F.);
#8132 = EDGE_LOOP('',(#8133,#8141,#8142,#8150));
#8133 = ORIENTED_EDGE('',*,*,#8134,.F.);
#8134 = EDGE_CURVE('',#2701,#8135,#8137,.T.);
#8135 = VERTEX_POINT('',#8136);
#8136 = CARTESIAN_POINT('',(2.86,-30.8,8.38));
#8137 = LINE('',#8138,#8139);
#8138 = CARTESIAN_POINT('',(2.86,-30.8,-3.));
#8139 = VECTOR('',#8140,1.);
#8140 = DIRECTION('',(0.,0.,1.));
#8141 = ORIENTED_EDGE('',*,*,#2700,.T.);
#8142 = ORIENTED_EDGE('',*,*,#8143,.T.);
#8143 = EDGE_CURVE('',#2703,#8144,#8146,.T.);
#8144 = VERTEX_POINT('',#8145);
#8145 = CARTESIAN_POINT('',(2.22,-30.8,8.38));
#8146 = LINE('',#8147,#8148);
#8147 = CARTESIAN_POINT('',(2.22,-30.8,-3.));
#8148 = VECTOR('',#8149,1.);
#8149 = DIRECTION('',(0.,0.,1.));
#8150 = ORIENTED_EDGE('',*,*,#8151,.T.);
#8151 = EDGE_CURVE('',#8144,#8135,#8152,.T.);
#8152 = LINE('',#8153,#8154);
#8153 = CARTESIAN_POINT('',(2.22,-30.8,8.38));
#8154 = VECTOR('',#8155,1.);
#8155 = DIRECTION('',(1.,0.,0.));
#8156 = PLANE('',#8157);
#8157 = AXIS2_PLACEMENT_3D('',#8158,#8159,#8160);
#8158 = CARTESIAN_POINT('',(2.22,-30.8,-3.));
#8159 = DIRECTION('',(0.,1.,0.));
#8160 = DIRECTION('',(0.,-0.,1.));
#8161 = ADVANCED_FACE('',(#8162),#8180,.T.);
#8162 = FACE_BOUND('',#8163,.T.);
#8163 = EDGE_LOOP('',(#8164,#8165,#8166,#8174));
#8164 = ORIENTED_EDGE('',*,*,#8134,.F.);
#8165 = ORIENTED_EDGE('',*,*,#2726,.T.);
#8166 = ORIENTED_EDGE('',*,*,#8167,.T.);
#8167 = EDGE_CURVE('',#2719,#8168,#8170,.T.);
#8168 = VERTEX_POINT('',#8169);
#8169 = CARTESIAN_POINT('',(2.86,-30.16,8.38));
#8170 = LINE('',#8171,#8172);
#8171 = CARTESIAN_POINT('',(2.86,-30.16,-3.));
#8172 = VECTOR('',#8173,1.);
#8173 = DIRECTION('',(0.,0.,1.));
#8174 = ORIENTED_EDGE('',*,*,#8175,.F.);
#8175 = EDGE_CURVE('',#8135,#8168,#8176,.T.);
#8176 = LINE('',#8177,#8178);
#8177 = CARTESIAN_POINT('',(2.86,-30.8,8.38));
#8178 = VECTOR('',#8179,1.);
#8179 = DIRECTION('',(0.,1.,0.));
#8180 = PLANE('',#8181);
#8181 = AXIS2_PLACEMENT_3D('',#8182,#8183,#8184);
#8182 = CARTESIAN_POINT('',(2.86,-30.8,-3.));
#8183 = DIRECTION('',(1.,0.,0.));
#8184 = DIRECTION('',(0.,0.,1.));
#8185 = ADVANCED_FACE('',(#8186),#8204,.T.);
#8186 = FACE_BOUND('',#8187,.T.);
#8187 = EDGE_LOOP('',(#8188,#8189,#8190,#8198));
#8188 = ORIENTED_EDGE('',*,*,#8167,.F.);
#8189 = ORIENTED_EDGE('',*,*,#2718,.T.);
#8190 = ORIENTED_EDGE('',*,*,#8191,.T.);
#8191 = EDGE_CURVE('',#2711,#8192,#8194,.T.);
#8192 = VERTEX_POINT('',#8193);
#8193 = CARTESIAN_POINT('',(2.22,-30.16,8.38));
#8194 = LINE('',#8195,#8196);
#8195 = CARTESIAN_POINT('',(2.22,-30.16,-3.));
#8196 = VECTOR('',#8197,1.);
#8197 = DIRECTION('',(0.,0.,1.));
#8198 = ORIENTED_EDGE('',*,*,#8199,.T.);
#8199 = EDGE_CURVE('',#8192,#8168,#8200,.T.);
#8200 = LINE('',#8201,#8202);
#8201 = CARTESIAN_POINT('',(2.22,-30.16,8.38));
#8202 = VECTOR('',#8203,1.);
#8203 = DIRECTION('',(1.,0.,0.));
#8204 = PLANE('',#8205);
#8205 = AXIS2_PLACEMENT_3D('',#8206,#8207,#8208);
#8206 = CARTESIAN_POINT('',(2.22,-30.16,-3.));
#8207 = DIRECTION('',(0.,1.,0.));
#8208 = DIRECTION('',(0.,-0.,1.));
#8209 = ADVANCED_FACE('',(#8210),#8221,.F.);
#8210 = FACE_BOUND('',#8211,.F.);
#8211 = EDGE_LOOP('',(#8212,#8213,#8214,#8215));
#8212 = ORIENTED_EDGE('',*,*,#8143,.F.);
#8213 = ORIENTED_EDGE('',*,*,#2710,.T.);
#8214 = ORIENTED_EDGE('',*,*,#8191,.T.);
#8215 = ORIENTED_EDGE('',*,*,#8216,.F.);
#8216 = EDGE_CURVE('',#8144,#8192,#8217,.T.);
#8217 = LINE('',#8218,#8219);
#8218 = CARTESIAN_POINT('',(2.22,-30.8,8.38));
#8219 = VECTOR('',#8220,1.);
#8220 = DIRECTION('',(0.,1.,0.));
#8221 = PLANE('',#8222);
#8222 = AXIS2_PLACEMENT_3D('',#8223,#8224,#8225);
#8223 = CARTESIAN_POINT('',(2.22,-30.8,-3.));
#8224 = DIRECTION('',(1.,0.,0.));
#8225 = DIRECTION('',(0.,0.,1.));
#8226 = ADVANCED_FACE('',(#8227),#8252,.T.);
#8227 = FACE_BOUND('',#8228,.T.);
#8228 = EDGE_LOOP('',(#8229,#8237,#8238,#8246));
#8229 = ORIENTED_EDGE('',*,*,#8230,.F.);
#8230 = EDGE_CURVE('',#2735,#8231,#8233,.T.);
#8231 = VERTEX_POINT('',#8232);
#8232 = CARTESIAN_POINT('',(0.32,-30.16,8.38));
#8233 = LINE('',#8234,#8235);
#8234 = CARTESIAN_POINT('',(0.32,-30.16,-3.));
#8235 = VECTOR('',#8236,1.);
#8236 = DIRECTION('',(0.,0.,1.));
#8237 = ORIENTED_EDGE('',*,*,#2734,.T.);
#8238 = ORIENTED_EDGE('',*,*,#8239,.T.);
#8239 = EDGE_CURVE('',#2737,#8240,#8242,.T.);
#8240 = VERTEX_POINT('',#8241);
#8241 = CARTESIAN_POINT('',(-0.32,-30.16,8.38));
#8242 = LINE('',#8243,#8244);
#8243 = CARTESIAN_POINT('',(-0.32,-30.16,-3.));
#8244 = VECTOR('',#8245,1.);
#8245 = DIRECTION('',(0.,0.,1.));
#8246 = ORIENTED_EDGE('',*,*,#8247,.T.);
#8247 = EDGE_CURVE('',#8240,#8231,#8248,.T.);
#8248 = LINE('',#8249,#8250);
#8249 = CARTESIAN_POINT('',(-0.32,-30.16,8.38));
#8250 = VECTOR('',#8251,1.);
#8251 = DIRECTION('',(1.,0.,0.));
#8252 = PLANE('',#8253);
#8253 = AXIS2_PLACEMENT_3D('',#8254,#8255,#8256);
#8254 = CARTESIAN_POINT('',(-0.32,-30.16,-3.));
#8255 = DIRECTION('',(0.,1.,0.));
#8256 = DIRECTION('',(0.,-0.,1.));
#8257 = ADVANCED_FACE('',(#8258),#8276,.F.);
#8258 = FACE_BOUND('',#8259,.F.);
#8259 = EDGE_LOOP('',(#8260,#8268,#8269,#8270));
#8260 = ORIENTED_EDGE('',*,*,#8261,.F.);
#8261 = EDGE_CURVE('',#2753,#8262,#8264,.T.);
#8262 = VERTEX_POINT('',#8263);
#8263 = CARTESIAN_POINT('',(-0.32,-30.8,8.38));
#8264 = LINE('',#8265,#8266);
#8265 = CARTESIAN_POINT('',(-0.32,-30.8,-3.));
#8266 = VECTOR('',#8267,1.);
#8267 = DIRECTION('',(0.,0.,1.));
#8268 = ORIENTED_EDGE('',*,*,#2760,.T.);
#8269 = ORIENTED_EDGE('',*,*,#8239,.T.);
#8270 = ORIENTED_EDGE('',*,*,#8271,.F.);
#8271 = EDGE_CURVE('',#8262,#8240,#8272,.T.);
#8272 = LINE('',#8273,#8274);
#8273 = CARTESIAN_POINT('',(-0.32,-30.8,8.38));
#8274 = VECTOR('',#8275,1.);
#8275 = DIRECTION('',(0.,1.,0.));
#8276 = PLANE('',#8277);
#8277 = AXIS2_PLACEMENT_3D('',#8278,#8279,#8280);
#8278 = CARTESIAN_POINT('',(-0.32,-30.8,-3.));
#8279 = DIRECTION('',(1.,0.,0.));
#8280 = DIRECTION('',(0.,0.,1.));
#8281 = ADVANCED_FACE('',(#8282),#8300,.F.);
#8282 = FACE_BOUND('',#8283,.F.);
#8283 = EDGE_LOOP('',(#8284,#8292,#8293,#8294));
#8284 = ORIENTED_EDGE('',*,*,#8285,.F.);
#8285 = EDGE_CURVE('',#2745,#8286,#8288,.T.);
#8286 = VERTEX_POINT('',#8287);
#8287 = CARTESIAN_POINT('',(0.32,-30.8,8.38));
#8288 = LINE('',#8289,#8290);
#8289 = CARTESIAN_POINT('',(0.32,-30.8,-3.));
#8290 = VECTOR('',#8291,1.);
#8291 = DIRECTION('',(0.,0.,1.));
#8292 = ORIENTED_EDGE('',*,*,#2752,.T.);
#8293 = ORIENTED_EDGE('',*,*,#8261,.T.);
#8294 = ORIENTED_EDGE('',*,*,#8295,.T.);
#8295 = EDGE_CURVE('',#8262,#8286,#8296,.T.);
#8296 = LINE('',#8297,#8298);
#8297 = CARTESIAN_POINT('',(-0.32,-30.8,8.38));
#8298 = VECTOR('',#8299,1.);
#8299 = DIRECTION('',(1.,0.,0.));
#8300 = PLANE('',#8301);
#8301 = AXIS2_PLACEMENT_3D('',#8302,#8303,#8304);
#8302 = CARTESIAN_POINT('',(-0.32,-30.8,-3.));
#8303 = DIRECTION('',(0.,1.,0.));
#8304 = DIRECTION('',(0.,-0.,1.));
#8305 = ADVANCED_FACE('',(#8306),#8317,.T.);
#8306 = FACE_BOUND('',#8307,.T.);
#8307 = EDGE_LOOP('',(#8308,#8309,#8310,#8311));
#8308 = ORIENTED_EDGE('',*,*,#8285,.F.);
#8309 = ORIENTED_EDGE('',*,*,#2744,.T.);
#8310 = ORIENTED_EDGE('',*,*,#8230,.T.);
#8311 = ORIENTED_EDGE('',*,*,#8312,.F.);
#8312 = EDGE_CURVE('',#8286,#8231,#8313,.T.);
#8313 = LINE('',#8314,#8315);
#8314 = CARTESIAN_POINT('',(0.32,-30.8,8.38));
#8315 = VECTOR('',#8316,1.);
#8316 = DIRECTION('',(0.,1.,0.));
#8317 = PLANE('',#8318);
#8318 = AXIS2_PLACEMENT_3D('',#8319,#8320,#8321);
#8319 = CARTESIAN_POINT('',(0.32,-30.8,-3.));
#8320 = DIRECTION('',(1.,0.,0.));
#8321 = DIRECTION('',(0.,0.,1.));
#8322 = ADVANCED_FACE('',(#8323),#8348,.T.);
#8323 = FACE_BOUND('',#8324,.T.);
#8324 = EDGE_LOOP('',(#8325,#8333,#8334,#8342));
#8325 = ORIENTED_EDGE('',*,*,#8326,.F.);
#8326 = EDGE_CURVE('',#2769,#8327,#8329,.T.);
#8327 = VERTEX_POINT('',#8328);
#8328 = CARTESIAN_POINT('',(2.86,-28.26,8.38));
#8329 = LINE('',#8330,#8331);
#8330 = CARTESIAN_POINT('',(2.86,-28.26,-3.));
#8331 = VECTOR('',#8332,1.);
#8332 = DIRECTION('',(0.,0.,1.));
#8333 = ORIENTED_EDGE('',*,*,#2768,.T.);
#8334 = ORIENTED_EDGE('',*,*,#8335,.T.);
#8335 = EDGE_CURVE('',#2771,#8336,#8338,.T.);
#8336 = VERTEX_POINT('',#8337);
#8337 = CARTESIAN_POINT('',(2.86,-27.62,8.38));
#8338 = LINE('',#8339,#8340);
#8339 = CARTESIAN_POINT('',(2.86,-27.62,-3.));
#8340 = VECTOR('',#8341,1.);
#8341 = DIRECTION('',(0.,0.,1.));
#8342 = ORIENTED_EDGE('',*,*,#8343,.F.);
#8343 = EDGE_CURVE('',#8327,#8336,#8344,.T.);
#8344 = LINE('',#8345,#8346);
#8345 = CARTESIAN_POINT('',(2.86,-28.26,8.38));
#8346 = VECTOR('',#8347,1.);
#8347 = DIRECTION('',(0.,1.,0.));
#8348 = PLANE('',#8349);
#8349 = AXIS2_PLACEMENT_3D('',#8350,#8351,#8352);
#8350 = CARTESIAN_POINT('',(2.86,-28.26,-3.));
#8351 = DIRECTION('',(1.,0.,0.));
#8352 = DIRECTION('',(0.,0.,1.));
#8353 = ADVANCED_FACE('',(#8354),#8372,.T.);
#8354 = FACE_BOUND('',#8355,.T.);
#8355 = EDGE_LOOP('',(#8356,#8357,#8358,#8366));
#8356 = ORIENTED_EDGE('',*,*,#8335,.F.);
#8357 = ORIENTED_EDGE('',*,*,#2794,.T.);
#8358 = ORIENTED_EDGE('',*,*,#8359,.T.);
#8359 = EDGE_CURVE('',#2787,#8360,#8362,.T.);
#8360 = VERTEX_POINT('',#8361);
#8361 = CARTESIAN_POINT('',(2.22,-27.62,8.38));
#8362 = LINE('',#8363,#8364);
#8363 = CARTESIAN_POINT('',(2.22,-27.62,-3.));
#8364 = VECTOR('',#8365,1.);
#8365 = DIRECTION('',(0.,0.,1.));
#8366 = ORIENTED_EDGE('',*,*,#8367,.T.);
#8367 = EDGE_CURVE('',#8360,#8336,#8368,.T.);
#8368 = LINE('',#8369,#8370);
#8369 = CARTESIAN_POINT('',(2.22,-27.62,8.38));
#8370 = VECTOR('',#8371,1.);
#8371 = DIRECTION('',(1.,0.,0.));
#8372 = PLANE('',#8373);
#8373 = AXIS2_PLACEMENT_3D('',#8374,#8375,#8376);
#8374 = CARTESIAN_POINT('',(2.22,-27.62,-3.));
#8375 = DIRECTION('',(0.,1.,0.));
#8376 = DIRECTION('',(0.,-0.,1.));
#8377 = ADVANCED_FACE('',(#8378),#8396,.F.);
#8378 = FACE_BOUND('',#8379,.F.);
#8379 = EDGE_LOOP('',(#8380,#8388,#8389,#8390));
#8380 = ORIENTED_EDGE('',*,*,#8381,.F.);
#8381 = EDGE_CURVE('',#2779,#8382,#8384,.T.);
#8382 = VERTEX_POINT('',#8383);
#8383 = CARTESIAN_POINT('',(2.22,-28.26,8.38));
#8384 = LINE('',#8385,#8386);
#8385 = CARTESIAN_POINT('',(2.22,-28.26,-3.));
#8386 = VECTOR('',#8387,1.);
#8387 = DIRECTION('',(0.,0.,1.));
#8388 = ORIENTED_EDGE('',*,*,#2786,.T.);
#8389 = ORIENTED_EDGE('',*,*,#8359,.T.);
#8390 = ORIENTED_EDGE('',*,*,#8391,.F.);
#8391 = EDGE_CURVE('',#8382,#8360,#8392,.T.);
#8392 = LINE('',#8393,#8394);
#8393 = CARTESIAN_POINT('',(2.22,-28.26,8.38));
#8394 = VECTOR('',#8395,1.);
#8395 = DIRECTION('',(0.,1.,0.));
#8396 = PLANE('',#8397);
#8397 = AXIS2_PLACEMENT_3D('',#8398,#8399,#8400);
#8398 = CARTESIAN_POINT('',(2.22,-28.26,-3.));
#8399 = DIRECTION('',(1.,0.,0.));
#8400 = DIRECTION('',(0.,0.,1.));
#8401 = ADVANCED_FACE('',(#8402),#8413,.F.);
#8402 = FACE_BOUND('',#8403,.F.);
#8403 = EDGE_LOOP('',(#8404,#8405,#8406,#8407));
#8404 = ORIENTED_EDGE('',*,*,#8326,.F.);
#8405 = ORIENTED_EDGE('',*,*,#2778,.T.);
#8406 = ORIENTED_EDGE('',*,*,#8381,.T.);
#8407 = ORIENTED_EDGE('',*,*,#8408,.T.);
#8408 = EDGE_CURVE('',#8382,#8327,#8409,.T.);
#8409 = LINE('',#8410,#8411);
#8410 = CARTESIAN_POINT('',(2.22,-28.26,8.38));
#8411 = VECTOR('',#8412,1.);
#8412 = DIRECTION('',(1.,0.,0.));
#8413 = PLANE('',#8414);
#8414 = AXIS2_PLACEMENT_3D('',#8415,#8416,#8417);
#8415 = CARTESIAN_POINT('',(2.22,-28.26,-3.));
#8416 = DIRECTION('',(0.,1.,0.));
#8417 = DIRECTION('',(0.,-0.,1.));
#8418 = ADVANCED_FACE('',(#8419),#8444,.T.);
#8419 = FACE_BOUND('',#8420,.T.);
#8420 = EDGE_LOOP('',(#8421,#8429,#8430,#8438));
#8421 = ORIENTED_EDGE('',*,*,#8422,.F.);
#8422 = EDGE_CURVE('',#2803,#8423,#8425,.T.);
#8423 = VERTEX_POINT('',#8424);
#8424 = CARTESIAN_POINT('',(0.32,-28.26,8.38));
#8425 = LINE('',#8426,#8427);
#8426 = CARTESIAN_POINT('',(0.32,-28.26,-3.));
#8427 = VECTOR('',#8428,1.);
#8428 = DIRECTION('',(0.,0.,1.));
#8429 = ORIENTED_EDGE('',*,*,#2802,.T.);
#8430 = ORIENTED_EDGE('',*,*,#8431,.T.);
#8431 = EDGE_CURVE('',#2805,#8432,#8434,.T.);
#8432 = VERTEX_POINT('',#8433);
#8433 = CARTESIAN_POINT('',(0.32,-27.62,8.38));
#8434 = LINE('',#8435,#8436);
#8435 = CARTESIAN_POINT('',(0.32,-27.62,-3.));
#8436 = VECTOR('',#8437,1.);
#8437 = DIRECTION('',(0.,0.,1.));
#8438 = ORIENTED_EDGE('',*,*,#8439,.F.);
#8439 = EDGE_CURVE('',#8423,#8432,#8440,.T.);
#8440 = LINE('',#8441,#8442);
#8441 = CARTESIAN_POINT('',(0.32,-28.26,8.38));
#8442 = VECTOR('',#8443,1.);
#8443 = DIRECTION('',(0.,1.,0.));
#8444 = PLANE('',#8445);
#8445 = AXIS2_PLACEMENT_3D('',#8446,#8447,#8448);
#8446 = CARTESIAN_POINT('',(0.32,-28.26,-3.));
#8447 = DIRECTION('',(1.,0.,0.));
#8448 = DIRECTION('',(0.,0.,1.));
#8449 = ADVANCED_FACE('',(#8450),#8468,.T.);
#8450 = FACE_BOUND('',#8451,.T.);
#8451 = EDGE_LOOP('',(#8452,#8453,#8454,#8462));
#8452 = ORIENTED_EDGE('',*,*,#8431,.F.);
#8453 = ORIENTED_EDGE('',*,*,#2828,.T.);
#8454 = ORIENTED_EDGE('',*,*,#8455,.T.);
#8455 = EDGE_CURVE('',#2821,#8456,#8458,.T.);
#8456 = VERTEX_POINT('',#8457);
#8457 = CARTESIAN_POINT('',(-0.32,-27.62,8.38));
#8458 = LINE('',#8459,#8460);
#8459 = CARTESIAN_POINT('',(-0.32,-27.62,-3.));
#8460 = VECTOR('',#8461,1.);
#8461 = DIRECTION('',(0.,0.,1.));
#8462 = ORIENTED_EDGE('',*,*,#8463,.T.);
#8463 = EDGE_CURVE('',#8456,#8432,#8464,.T.);
#8464 = LINE('',#8465,#8466);
#8465 = CARTESIAN_POINT('',(-0.32,-27.62,8.38));
#8466 = VECTOR('',#8467,1.);
#8467 = DIRECTION('',(1.,0.,0.));
#8468 = PLANE('',#8469);
#8469 = AXIS2_PLACEMENT_3D('',#8470,#8471,#8472);
#8470 = CARTESIAN_POINT('',(-0.32,-27.62,-3.));
#8471 = DIRECTION('',(0.,1.,0.));
#8472 = DIRECTION('',(0.,-0.,1.));
#8473 = ADVANCED_FACE('',(#8474),#8492,.F.);
#8474 = FACE_BOUND('',#8475,.F.);
#8475 = EDGE_LOOP('',(#8476,#8484,#8485,#8486));
#8476 = ORIENTED_EDGE('',*,*,#8477,.F.);
#8477 = EDGE_CURVE('',#2813,#8478,#8480,.T.);
#8478 = VERTEX_POINT('',#8479);
#8479 = CARTESIAN_POINT('',(-0.32,-28.26,8.38));
#8480 = LINE('',#8481,#8482);
#8481 = CARTESIAN_POINT('',(-0.32,-28.26,-3.));
#8482 = VECTOR('',#8483,1.);
#8483 = DIRECTION('',(0.,0.,1.));
#8484 = ORIENTED_EDGE('',*,*,#2820,.T.);
#8485 = ORIENTED_EDGE('',*,*,#8455,.T.);
#8486 = ORIENTED_EDGE('',*,*,#8487,.F.);
#8487 = EDGE_CURVE('',#8478,#8456,#8488,.T.);
#8488 = LINE('',#8489,#8490);
#8489 = CARTESIAN_POINT('',(-0.32,-28.26,8.38));
#8490 = VECTOR('',#8491,1.);
#8491 = DIRECTION('',(0.,1.,0.));
#8492 = PLANE('',#8493);
#8493 = AXIS2_PLACEMENT_3D('',#8494,#8495,#8496);
#8494 = CARTESIAN_POINT('',(-0.32,-28.26,-3.));
#8495 = DIRECTION('',(1.,0.,0.));
#8496 = DIRECTION('',(0.,0.,1.));
#8497 = ADVANCED_FACE('',(#8498),#8509,.F.);
#8498 = FACE_BOUND('',#8499,.F.);
#8499 = EDGE_LOOP('',(#8500,#8501,#8502,#8503));
#8500 = ORIENTED_EDGE('',*,*,#8422,.F.);
#8501 = ORIENTED_EDGE('',*,*,#2812,.T.);
#8502 = ORIENTED_EDGE('',*,*,#8477,.T.);
#8503 = ORIENTED_EDGE('',*,*,#8504,.T.);
#8504 = EDGE_CURVE('',#8478,#8423,#8505,.T.);
#8505 = LINE('',#8506,#8507);
#8506 = CARTESIAN_POINT('',(-0.32,-28.26,8.38));
#8507 = VECTOR('',#8508,1.);
#8508 = DIRECTION('',(1.,0.,0.));
#8509 = PLANE('',#8510);
#8510 = AXIS2_PLACEMENT_3D('',#8511,#8512,#8513);
#8511 = CARTESIAN_POINT('',(-0.32,-28.26,-3.));
#8512 = DIRECTION('',(0.,1.,0.));
#8513 = DIRECTION('',(0.,-0.,1.));
#8514 = ADVANCED_FACE('',(#8515),#8540,.T.);
#8515 = FACE_BOUND('',#8516,.T.);
#8516 = EDGE_LOOP('',(#8517,#8525,#8526,#8534));
#8517 = ORIENTED_EDGE('',*,*,#8518,.F.);
#8518 = EDGE_CURVE('',#2837,#8519,#8521,.T.);
#8519 = VERTEX_POINT('',#8520);
#8520 = CARTESIAN_POINT('',(2.86,-10.48,8.38));
#8521 = LINE('',#8522,#8523);
#8522 = CARTESIAN_POINT('',(2.86,-10.48,-3.));
#8523 = VECTOR('',#8524,1.);
#8524 = DIRECTION('',(0.,0.,1.));
#8525 = ORIENTED_EDGE('',*,*,#2836,.T.);
#8526 = ORIENTED_EDGE('',*,*,#8527,.T.);
#8527 = EDGE_CURVE('',#2839,#8528,#8530,.T.);
#8528 = VERTEX_POINT('',#8529);
#8529 = CARTESIAN_POINT('',(2.86,-9.84,8.38));
#8530 = LINE('',#8531,#8532);
#8531 = CARTESIAN_POINT('',(2.86,-9.84,-3.));
#8532 = VECTOR('',#8533,1.);
#8533 = DIRECTION('',(0.,0.,1.));
#8534 = ORIENTED_EDGE('',*,*,#8535,.F.);
#8535 = EDGE_CURVE('',#8519,#8528,#8536,.T.);
#8536 = LINE('',#8537,#8538);
#8537 = CARTESIAN_POINT('',(2.86,-10.48,8.38));
#8538 = VECTOR('',#8539,1.);
#8539 = DIRECTION('',(0.,1.,0.));
#8540 = PLANE('',#8541);
#8541 = AXIS2_PLACEMENT_3D('',#8542,#8543,#8544);
#8542 = CARTESIAN_POINT('',(2.86,-10.48,-3.));
#8543 = DIRECTION('',(1.,0.,0.));
#8544 = DIRECTION('',(0.,0.,1.));
#8545 = ADVANCED_FACE('',(#8546),#8564,.T.);
#8546 = FACE_BOUND('',#8547,.T.);
#8547 = EDGE_LOOP('',(#8548,#8549,#8550,#8558));
#8548 = ORIENTED_EDGE('',*,*,#8527,.F.);
#8549 = ORIENTED_EDGE('',*,*,#2862,.T.);
#8550 = ORIENTED_EDGE('',*,*,#8551,.T.);
#8551 = EDGE_CURVE('',#2855,#8552,#8554,.T.);
#8552 = VERTEX_POINT('',#8553);
#8553 = CARTESIAN_POINT('',(2.22,-9.84,8.38));
#8554 = LINE('',#8555,#8556);
#8555 = CARTESIAN_POINT('',(2.22,-9.84,-3.));
#8556 = VECTOR('',#8557,1.);
#8557 = DIRECTION('',(0.,0.,1.));
#8558 = ORIENTED_EDGE('',*,*,#8559,.T.);
#8559 = EDGE_CURVE('',#8552,#8528,#8560,.T.);
#8560 = LINE('',#8561,#8562);
#8561 = CARTESIAN_POINT('',(2.22,-9.84,8.38));
#8562 = VECTOR('',#8563,1.);
#8563 = DIRECTION('',(1.,0.,0.));
#8564 = PLANE('',#8565);
#8565 = AXIS2_PLACEMENT_3D('',#8566,#8567,#8568);
#8566 = CARTESIAN_POINT('',(2.22,-9.84,-3.));
#8567 = DIRECTION('',(0.,1.,0.));
#8568 = DIRECTION('',(0.,-0.,1.));
#8569 = ADVANCED_FACE('',(#8570),#8588,.F.);
#8570 = FACE_BOUND('',#8571,.F.);
#8571 = EDGE_LOOP('',(#8572,#8580,#8581,#8582));
#8572 = ORIENTED_EDGE('',*,*,#8573,.F.);
#8573 = EDGE_CURVE('',#2847,#8574,#8576,.T.);
#8574 = VERTEX_POINT('',#8575);
#8575 = CARTESIAN_POINT('',(2.22,-10.48,8.38));
#8576 = LINE('',#8577,#8578);
#8577 = CARTESIAN_POINT('',(2.22,-10.48,-3.));
#8578 = VECTOR('',#8579,1.);
#8579 = DIRECTION('',(0.,0.,1.));
#8580 = ORIENTED_EDGE('',*,*,#2854,.T.);
#8581 = ORIENTED_EDGE('',*,*,#8551,.T.);
#8582 = ORIENTED_EDGE('',*,*,#8583,.F.);
#8583 = EDGE_CURVE('',#8574,#8552,#8584,.T.);
#8584 = LINE('',#8585,#8586);
#8585 = CARTESIAN_POINT('',(2.22,-10.48,8.38));
#8586 = VECTOR('',#8587,1.);
#8587 = DIRECTION('',(0.,1.,0.));
#8588 = PLANE('',#8589);
#8589 = AXIS2_PLACEMENT_3D('',#8590,#8591,#8592);
#8590 = CARTESIAN_POINT('',(2.22,-10.48,-3.));
#8591 = DIRECTION('',(1.,0.,0.));
#8592 = DIRECTION('',(0.,0.,1.));
#8593 = ADVANCED_FACE('',(#8594),#8605,.F.);
#8594 = FACE_BOUND('',#8595,.F.);
#8595 = EDGE_LOOP('',(#8596,#8597,#8598,#8599));
#8596 = ORIENTED_EDGE('',*,*,#8518,.F.);
#8597 = ORIENTED_EDGE('',*,*,#2846,.T.);
#8598 = ORIENTED_EDGE('',*,*,#8573,.T.);
#8599 = ORIENTED_EDGE('',*,*,#8600,.T.);
#8600 = EDGE_CURVE('',#8574,#8519,#8601,.T.);
#8601 = LINE('',#8602,#8603);
#8602 = CARTESIAN_POINT('',(2.22,-10.48,8.38));
#8603 = VECTOR('',#8604,1.);
#8604 = DIRECTION('',(1.,0.,0.));
#8605 = PLANE('',#8606);
#8606 = AXIS2_PLACEMENT_3D('',#8607,#8608,#8609);
#8607 = CARTESIAN_POINT('',(2.22,-10.48,-3.));
#8608 = DIRECTION('',(0.,1.,0.));
#8609 = DIRECTION('',(0.,-0.,1.));
#8610 = ADVANCED_FACE('',(#8611),#8636,.T.);
#8611 = FACE_BOUND('',#8612,.T.);
#8612 = EDGE_LOOP('',(#8613,#8621,#8622,#8630));
#8613 = ORIENTED_EDGE('',*,*,#8614,.F.);
#8614 = EDGE_CURVE('',#2871,#8615,#8617,.T.);
#8615 = VERTEX_POINT('',#8616);
#8616 = CARTESIAN_POINT('',(0.32,-10.48,8.38));
#8617 = LINE('',#8618,#8619);
#8618 = CARTESIAN_POINT('',(0.32,-10.48,-3.));
#8619 = VECTOR('',#8620,1.);
#8620 = DIRECTION('',(0.,0.,1.));
#8621 = ORIENTED_EDGE('',*,*,#2870,.T.);
#8622 = ORIENTED_EDGE('',*,*,#8623,.T.);
#8623 = EDGE_CURVE('',#2873,#8624,#8626,.T.);
#8624 = VERTEX_POINT('',#8625);
#8625 = CARTESIAN_POINT('',(0.32,-9.84,8.38));
#8626 = LINE('',#8627,#8628);
#8627 = CARTESIAN_POINT('',(0.32,-9.84,-3.));
#8628 = VECTOR('',#8629,1.);
#8629 = DIRECTION('',(0.,0.,1.));
#8630 = ORIENTED_EDGE('',*,*,#8631,.F.);
#8631 = EDGE_CURVE('',#8615,#8624,#8632,.T.);
#8632 = LINE('',#8633,#8634);
#8633 = CARTESIAN_POINT('',(0.32,-10.48,8.38));
#8634 = VECTOR('',#8635,1.);
#8635 = DIRECTION('',(0.,1.,0.));
#8636 = PLANE('',#8637);
#8637 = AXIS2_PLACEMENT_3D('',#8638,#8639,#8640);
#8638 = CARTESIAN_POINT('',(0.32,-10.48,-3.));
#8639 = DIRECTION('',(1.,0.,0.));
#8640 = DIRECTION('',(0.,0.,1.));
#8641 = ADVANCED_FACE('',(#8642),#8660,.T.);
#8642 = FACE_BOUND('',#8643,.T.);
#8643 = EDGE_LOOP('',(#8644,#8645,#8646,#8654));
#8644 = ORIENTED_EDGE('',*,*,#8623,.F.);
#8645 = ORIENTED_EDGE('',*,*,#2896,.T.);
#8646 = ORIENTED_EDGE('',*,*,#8647,.T.);
#8647 = EDGE_CURVE('',#2889,#8648,#8650,.T.);
#8648 = VERTEX_POINT('',#8649);
#8649 = CARTESIAN_POINT('',(-0.32,-9.84,8.38));
#8650 = LINE('',#8651,#8652);
#8651 = CARTESIAN_POINT('',(-0.32,-9.84,-3.));
#8652 = VECTOR('',#8653,1.);
#8653 = DIRECTION('',(0.,0.,1.));
#8654 = ORIENTED_EDGE('',*,*,#8655,.T.);
#8655 = EDGE_CURVE('',#8648,#8624,#8656,.T.);
#8656 = LINE('',#8657,#8658);
#8657 = CARTESIAN_POINT('',(-0.32,-9.84,8.38));
#8658 = VECTOR('',#8659,1.);
#8659 = DIRECTION('',(1.,0.,0.));
#8660 = PLANE('',#8661);
#8661 = AXIS2_PLACEMENT_3D('',#8662,#8663,#8664);
#8662 = CARTESIAN_POINT('',(-0.32,-9.84,-3.));
#8663 = DIRECTION('',(0.,1.,0.));
#8664 = DIRECTION('',(0.,-0.,1.));
#8665 = ADVANCED_FACE('',(#8666),#8684,.F.);
#8666 = FACE_BOUND('',#8667,.F.);
#8667 = EDGE_LOOP('',(#8668,#8676,#8677,#8678));
#8668 = ORIENTED_EDGE('',*,*,#8669,.F.);
#8669 = EDGE_CURVE('',#2881,#8670,#8672,.T.);
#8670 = VERTEX_POINT('',#8671);
#8671 = CARTESIAN_POINT('',(-0.32,-10.48,8.38));
#8672 = LINE('',#8673,#8674);
#8673 = CARTESIAN_POINT('',(-0.32,-10.48,-3.));
#8674 = VECTOR('',#8675,1.);
#8675 = DIRECTION('',(0.,0.,1.));
#8676 = ORIENTED_EDGE('',*,*,#2888,.T.);
#8677 = ORIENTED_EDGE('',*,*,#8647,.T.);
#8678 = ORIENTED_EDGE('',*,*,#8679,.F.);
#8679 = EDGE_CURVE('',#8670,#8648,#8680,.T.);
#8680 = LINE('',#8681,#8682);
#8681 = CARTESIAN_POINT('',(-0.32,-10.48,8.38));
#8682 = VECTOR('',#8683,1.);
#8683 = DIRECTION('',(0.,1.,0.));
#8684 = PLANE('',#8685);
#8685 = AXIS2_PLACEMENT_3D('',#8686,#8687,#8688);
#8686 = CARTESIAN_POINT('',(-0.32,-10.48,-3.));
#8687 = DIRECTION('',(1.,0.,0.));
#8688 = DIRECTION('',(0.,0.,1.));
#8689 = ADVANCED_FACE('',(#8690),#8701,.F.);
#8690 = FACE_BOUND('',#8691,.F.);
#8691 = EDGE_LOOP('',(#8692,#8693,#8694,#8695));
#8692 = ORIENTED_EDGE('',*,*,#8614,.F.);
#8693 = ORIENTED_EDGE('',*,*,#2880,.T.);
#8694 = ORIENTED_EDGE('',*,*,#8669,.T.);
#8695 = ORIENTED_EDGE('',*,*,#8696,.T.);
#8696 = EDGE_CURVE('',#8670,#8615,#8697,.T.);
#8697 = LINE('',#8698,#8699);
#8698 = CARTESIAN_POINT('',(-0.32,-10.48,8.38));
#8699 = VECTOR('',#8700,1.);
#8700 = DIRECTION('',(1.,0.,0.));
#8701 = PLANE('',#8702);
#8702 = AXIS2_PLACEMENT_3D('',#8703,#8704,#8705);
#8703 = CARTESIAN_POINT('',(-0.32,-10.48,-3.));
#8704 = DIRECTION('',(0.,1.,0.));
#8705 = DIRECTION('',(0.,-0.,1.));
#8706 = ADVANCED_FACE('',(#8707),#8732,.T.);
#8707 = FACE_BOUND('',#8708,.T.);
#8708 = EDGE_LOOP('',(#8709,#8717,#8718,#8726));
#8709 = ORIENTED_EDGE('',*,*,#8710,.F.);
#8710 = EDGE_CURVE('',#2905,#8711,#8713,.T.);
#8711 = VERTEX_POINT('',#8712);
#8712 = CARTESIAN_POINT('',(2.86,-2.86,8.38));
#8713 = LINE('',#8714,#8715);
#8714 = CARTESIAN_POINT('',(2.86,-2.86,-3.));
#8715 = VECTOR('',#8716,1.);
#8716 = DIRECTION('',(0.,0.,1.));
#8717 = ORIENTED_EDGE('',*,*,#2904,.T.);
#8718 = ORIENTED_EDGE('',*,*,#8719,.T.);
#8719 = EDGE_CURVE('',#2907,#8720,#8722,.T.);
#8720 = VERTEX_POINT('',#8721);
#8721 = CARTESIAN_POINT('',(2.86,-2.22,8.38));
#8722 = LINE('',#8723,#8724);
#8723 = CARTESIAN_POINT('',(2.86,-2.22,-3.));
#8724 = VECTOR('',#8725,1.);
#8725 = DIRECTION('',(0.,0.,1.));
#8726 = ORIENTED_EDGE('',*,*,#8727,.F.);
#8727 = EDGE_CURVE('',#8711,#8720,#8728,.T.);
#8728 = LINE('',#8729,#8730);
#8729 = CARTESIAN_POINT('',(2.86,-2.86,8.38));
#8730 = VECTOR('',#8731,1.);
#8731 = DIRECTION('',(0.,1.,0.));
#8732 = PLANE('',#8733);
#8733 = AXIS2_PLACEMENT_3D('',#8734,#8735,#8736);
#8734 = CARTESIAN_POINT('',(2.86,-2.86,-3.));
#8735 = DIRECTION('',(1.,0.,0.));
#8736 = DIRECTION('',(0.,0.,1.));
#8737 = ADVANCED_FACE('',(#8738),#8756,.T.);
#8738 = FACE_BOUND('',#8739,.T.);
#8739 = EDGE_LOOP('',(#8740,#8741,#8742,#8750));
#8740 = ORIENTED_EDGE('',*,*,#8719,.F.);
#8741 = ORIENTED_EDGE('',*,*,#2930,.T.);
#8742 = ORIENTED_EDGE('',*,*,#8743,.T.);
#8743 = EDGE_CURVE('',#2923,#8744,#8746,.T.);
#8744 = VERTEX_POINT('',#8745);
#8745 = CARTESIAN_POINT('',(2.22,-2.22,8.38));
#8746 = LINE('',#8747,#8748);
#8747 = CARTESIAN_POINT('',(2.22,-2.22,-3.));
#8748 = VECTOR('',#8749,1.);
#8749 = DIRECTION('',(0.,0.,1.));
#8750 = ORIENTED_EDGE('',*,*,#8751,.T.);
#8751 = EDGE_CURVE('',#8744,#8720,#8752,.T.);
#8752 = LINE('',#8753,#8754);
#8753 = CARTESIAN_POINT('',(2.22,-2.22,8.38));
#8754 = VECTOR('',#8755,1.);
#8755 = DIRECTION('',(1.,0.,0.));
#8756 = PLANE('',#8757);
#8757 = AXIS2_PLACEMENT_3D('',#8758,#8759,#8760);
#8758 = CARTESIAN_POINT('',(2.22,-2.22,-3.));
#8759 = DIRECTION('',(0.,1.,0.));
#8760 = DIRECTION('',(0.,-0.,1.));
#8761 = ADVANCED_FACE('',(#8762),#8780,.F.);
#8762 = FACE_BOUND('',#8763,.F.);
#8763 = EDGE_LOOP('',(#8764,#8772,#8773,#8774));
#8764 = ORIENTED_EDGE('',*,*,#8765,.F.);
#8765 = EDGE_CURVE('',#2915,#8766,#8768,.T.);
#8766 = VERTEX_POINT('',#8767);
#8767 = CARTESIAN_POINT('',(2.22,-2.86,8.38));
#8768 = LINE('',#8769,#8770);
#8769 = CARTESIAN_POINT('',(2.22,-2.86,-3.));
#8770 = VECTOR('',#8771,1.);
#8771 = DIRECTION('',(0.,0.,1.));
#8772 = ORIENTED_EDGE('',*,*,#2922,.T.);
#8773 = ORIENTED_EDGE('',*,*,#8743,.T.);
#8774 = ORIENTED_EDGE('',*,*,#8775,.F.);
#8775 = EDGE_CURVE('',#8766,#8744,#8776,.T.);
#8776 = LINE('',#8777,#8778);
#8777 = CARTESIAN_POINT('',(2.22,-2.86,8.38));
#8778 = VECTOR('',#8779,1.);
#8779 = DIRECTION('',(0.,1.,0.));
#8780 = PLANE('',#8781);
#8781 = AXIS2_PLACEMENT_3D('',#8782,#8783,#8784);
#8782 = CARTESIAN_POINT('',(2.22,-2.86,-3.));
#8783 = DIRECTION('',(1.,0.,0.));
#8784 = DIRECTION('',(0.,0.,1.));
#8785 = ADVANCED_FACE('',(#8786),#8797,.F.);
#8786 = FACE_BOUND('',#8787,.F.);
#8787 = EDGE_LOOP('',(#8788,#8789,#8790,#8791));
#8788 = ORIENTED_EDGE('',*,*,#8710,.F.);
#8789 = ORIENTED_EDGE('',*,*,#2914,.T.);
#8790 = ORIENTED_EDGE('',*,*,#8765,.T.);
#8791 = ORIENTED_EDGE('',*,*,#8792,.T.);
#8792 = EDGE_CURVE('',#8766,#8711,#8793,.T.);
#8793 = LINE('',#8794,#8795);
#8794 = CARTESIAN_POINT('',(2.22,-2.86,8.38));
#8795 = VECTOR('',#8796,1.);
#8796 = DIRECTION('',(1.,0.,0.));
#8797 = PLANE('',#8798);
#8798 = AXIS2_PLACEMENT_3D('',#8799,#8800,#8801);
#8799 = CARTESIAN_POINT('',(2.22,-2.86,-3.));
#8800 = DIRECTION('',(0.,1.,0.));
#8801 = DIRECTION('',(0.,-0.,1.));
#8802 = ADVANCED_FACE('',(#8803),#8828,.F.);
#8803 = FACE_BOUND('',#8804,.F.);
#8804 = EDGE_LOOP('',(#8805,#8813,#8814,#8822));
#8805 = ORIENTED_EDGE('',*,*,#8806,.F.);
#8806 = EDGE_CURVE('',#2939,#8807,#8809,.T.);
#8807 = VERTEX_POINT('',#8808);
#8808 = CARTESIAN_POINT('',(0.32,-2.86,8.38));
#8809 = LINE('',#8810,#8811);
#8810 = CARTESIAN_POINT('',(0.32,-2.86,-3.));
#8811 = VECTOR('',#8812,1.);
#8812 = DIRECTION('',(0.,0.,1.));
#8813 = ORIENTED_EDGE('',*,*,#2938,.T.);
#8814 = ORIENTED_EDGE('',*,*,#8815,.T.);
#8815 = EDGE_CURVE('',#2941,#8816,#8818,.T.);
#8816 = VERTEX_POINT('',#8817);
#8817 = CARTESIAN_POINT('',(-0.32,-2.86,8.38));
#8818 = LINE('',#8819,#8820);
#8819 = CARTESIAN_POINT('',(-0.32,-2.86,-3.));
#8820 = VECTOR('',#8821,1.);
#8821 = DIRECTION('',(0.,0.,1.));
#8822 = ORIENTED_EDGE('',*,*,#8823,.T.);
#8823 = EDGE_CURVE('',#8816,#8807,#8824,.T.);
#8824 = LINE('',#8825,#8826);
#8825 = CARTESIAN_POINT('',(-0.32,-2.86,8.38));
#8826 = VECTOR('',#8827,1.);
#8827 = DIRECTION('',(1.,0.,0.));
#8828 = PLANE('',#8829);
#8829 = AXIS2_PLACEMENT_3D('',#8830,#8831,#8832);
#8830 = CARTESIAN_POINT('',(-0.32,-2.86,-3.));
#8831 = DIRECTION('',(0.,1.,0.));
#8832 = DIRECTION('',(0.,-0.,1.));
#8833 = ADVANCED_FACE('',(#8834),#8852,.T.);
#8834 = FACE_BOUND('',#8835,.T.);
#8835 = EDGE_LOOP('',(#8836,#8837,#8838,#8846));
#8836 = ORIENTED_EDGE('',*,*,#8806,.F.);
#8837 = ORIENTED_EDGE('',*,*,#2964,.T.);
#8838 = ORIENTED_EDGE('',*,*,#8839,.T.);
#8839 = EDGE_CURVE('',#2957,#8840,#8842,.T.);
#8840 = VERTEX_POINT('',#8841);
#8841 = CARTESIAN_POINT('',(0.32,-2.22,8.38));
#8842 = LINE('',#8843,#8844);
#8843 = CARTESIAN_POINT('',(0.32,-2.22,-3.));
#8844 = VECTOR('',#8845,1.);
#8845 = DIRECTION('',(0.,0.,1.));
#8846 = ORIENTED_EDGE('',*,*,#8847,.F.);
#8847 = EDGE_CURVE('',#8807,#8840,#8848,.T.);
#8848 = LINE('',#8849,#8850);
#8849 = CARTESIAN_POINT('',(0.32,-2.86,8.38));
#8850 = VECTOR('',#8851,1.);
#8851 = DIRECTION('',(0.,1.,0.));
#8852 = PLANE('',#8853);
#8853 = AXIS2_PLACEMENT_3D('',#8854,#8855,#8856);
#8854 = CARTESIAN_POINT('',(0.32,-2.86,-3.));
#8855 = DIRECTION('',(1.,0.,0.));
#8856 = DIRECTION('',(0.,0.,1.));
#8857 = ADVANCED_FACE('',(#8858),#8876,.T.);
#8858 = FACE_BOUND('',#8859,.T.);
#8859 = EDGE_LOOP('',(#8860,#8861,#8862,#8870));
#8860 = ORIENTED_EDGE('',*,*,#8839,.F.);
#8861 = ORIENTED_EDGE('',*,*,#2956,.T.);
#8862 = ORIENTED_EDGE('',*,*,#8863,.T.);
#8863 = EDGE_CURVE('',#2949,#8864,#8866,.T.);
#8864 = VERTEX_POINT('',#8865);
#8865 = CARTESIAN_POINT('',(-0.32,-2.22,8.38));
#8866 = LINE('',#8867,#8868);
#8867 = CARTESIAN_POINT('',(-0.32,-2.22,-3.));
#8868 = VECTOR('',#8869,1.);
#8869 = DIRECTION('',(0.,0.,1.));
#8870 = ORIENTED_EDGE('',*,*,#8871,.T.);
#8871 = EDGE_CURVE('',#8864,#8840,#8872,.T.);
#8872 = LINE('',#8873,#8874);
#8873 = CARTESIAN_POINT('',(-0.32,-2.22,8.38));
#8874 = VECTOR('',#8875,1.);
#8875 = DIRECTION('',(1.,0.,0.));
#8876 = PLANE('',#8877);
#8877 = AXIS2_PLACEMENT_3D('',#8878,#8879,#8880);
#8878 = CARTESIAN_POINT('',(-0.32,-2.22,-3.));
#8879 = DIRECTION('',(0.,1.,0.));
#8880 = DIRECTION('',(0.,-0.,1.));
#8881 = ADVANCED_FACE('',(#8882),#8893,.F.);
#8882 = FACE_BOUND('',#8883,.F.);
#8883 = EDGE_LOOP('',(#8884,#8885,#8886,#8887));
#8884 = ORIENTED_EDGE('',*,*,#8815,.F.);
#8885 = ORIENTED_EDGE('',*,*,#2948,.T.);
#8886 = ORIENTED_EDGE('',*,*,#8863,.T.);
#8887 = ORIENTED_EDGE('',*,*,#8888,.F.);
#8888 = EDGE_CURVE('',#8816,#8864,#8889,.T.);
#8889 = LINE('',#8890,#8891);
#8890 = CARTESIAN_POINT('',(-0.32,-2.86,8.38));
#8891 = VECTOR('',#8892,1.);
#8892 = DIRECTION('',(0.,1.,0.));
#8893 = PLANE('',#8894);
#8894 = AXIS2_PLACEMENT_3D('',#8895,#8896,#8897);
#8895 = CARTESIAN_POINT('',(-0.32,-2.86,-3.));
#8896 = DIRECTION('',(1.,0.,0.));
#8897 = DIRECTION('',(0.,0.,1.));
#8898 = ADVANCED_FACE('',(#8899),#8924,.T.);
#8899 = FACE_BOUND('',#8900,.T.);
#8900 = EDGE_LOOP('',(#8901,#8909,#8910,#8918));
#8901 = ORIENTED_EDGE('',*,*,#8902,.F.);
#8902 = EDGE_CURVE('',#2973,#8903,#8905,.T.);
#8903 = VERTEX_POINT('',#8904);
#8904 = CARTESIAN_POINT('',(0.32,-5.4,8.38));
#8905 = LINE('',#8906,#8907);
#8906 = CARTESIAN_POINT('',(0.32,-5.4,-3.));
#8907 = VECTOR('',#8908,1.);
#8908 = DIRECTION('',(0.,0.,1.));
#8909 = ORIENTED_EDGE('',*,*,#2972,.T.);
#8910 = ORIENTED_EDGE('',*,*,#8911,.T.);
#8911 = EDGE_CURVE('',#2975,#8912,#8914,.T.);
#8912 = VERTEX_POINT('',#8913);
#8913 = CARTESIAN_POINT('',(0.32,-4.76,8.38));
#8914 = LINE('',#8915,#8916);
#8915 = CARTESIAN_POINT('',(0.32,-4.76,-3.));
#8916 = VECTOR('',#8917,1.);
#8917 = DIRECTION('',(0.,0.,1.));
#8918 = ORIENTED_EDGE('',*,*,#8919,.F.);
#8919 = EDGE_CURVE('',#8903,#8912,#8920,.T.);
#8920 = LINE('',#8921,#8922);
#8921 = CARTESIAN_POINT('',(0.32,-5.4,8.38));
#8922 = VECTOR('',#8923,1.);
#8923 = DIRECTION('',(0.,1.,0.));
#8924 = PLANE('',#8925);
#8925 = AXIS2_PLACEMENT_3D('',#8926,#8927,#8928);
#8926 = CARTESIAN_POINT('',(0.32,-5.4,-3.));
#8927 = DIRECTION('',(1.,0.,0.));
#8928 = DIRECTION('',(0.,0.,1.));
#8929 = ADVANCED_FACE('',(#8930),#8948,.T.);
#8930 = FACE_BOUND('',#8931,.T.);
#8931 = EDGE_LOOP('',(#8932,#8933,#8934,#8942));
#8932 = ORIENTED_EDGE('',*,*,#8911,.F.);
#8933 = ORIENTED_EDGE('',*,*,#2998,.T.);
#8934 = ORIENTED_EDGE('',*,*,#8935,.T.);
#8935 = EDGE_CURVE('',#2991,#8936,#8938,.T.);
#8936 = VERTEX_POINT('',#8937);
#8937 = CARTESIAN_POINT('',(-0.32,-4.76,8.38));
#8938 = LINE('',#8939,#8940);
#8939 = CARTESIAN_POINT('',(-0.32,-4.76,-3.));
#8940 = VECTOR('',#8941,1.);
#8941 = DIRECTION('',(0.,0.,1.));
#8942 = ORIENTED_EDGE('',*,*,#8943,.T.);
#8943 = EDGE_CURVE('',#8936,#8912,#8944,.T.);
#8944 = LINE('',#8945,#8946);
#8945 = CARTESIAN_POINT('',(-0.32,-4.76,8.38));
#8946 = VECTOR('',#8947,1.);
#8947 = DIRECTION('',(1.,0.,0.));
#8948 = PLANE('',#8949);
#8949 = AXIS2_PLACEMENT_3D('',#8950,#8951,#8952);
#8950 = CARTESIAN_POINT('',(-0.32,-4.76,-3.));
#8951 = DIRECTION('',(0.,1.,0.));
#8952 = DIRECTION('',(0.,-0.,1.));
#8953 = ADVANCED_FACE('',(#8954),#8972,.F.);
#8954 = FACE_BOUND('',#8955,.F.);
#8955 = EDGE_LOOP('',(#8956,#8964,#8965,#8966));
#8956 = ORIENTED_EDGE('',*,*,#8957,.F.);
#8957 = EDGE_CURVE('',#2983,#8958,#8960,.T.);
#8958 = VERTEX_POINT('',#8959);
#8959 = CARTESIAN_POINT('',(-0.32,-5.4,8.38));
#8960 = LINE('',#8961,#8962);
#8961 = CARTESIAN_POINT('',(-0.32,-5.4,-3.));
#8962 = VECTOR('',#8963,1.);
#8963 = DIRECTION('',(0.,0.,1.));
#8964 = ORIENTED_EDGE('',*,*,#2990,.T.);
#8965 = ORIENTED_EDGE('',*,*,#8935,.T.);
#8966 = ORIENTED_EDGE('',*,*,#8967,.F.);
#8967 = EDGE_CURVE('',#8958,#8936,#8968,.T.);
#8968 = LINE('',#8969,#8970);
#8969 = CARTESIAN_POINT('',(-0.32,-5.4,8.38));
#8970 = VECTOR('',#8971,1.);
#8971 = DIRECTION('',(0.,1.,0.));
#8972 = PLANE('',#8973);
#8973 = AXIS2_PLACEMENT_3D('',#8974,#8975,#8976);
#8974 = CARTESIAN_POINT('',(-0.32,-5.4,-3.));
#8975 = DIRECTION('',(1.,0.,0.));
#8976 = DIRECTION('',(0.,0.,1.));
#8977 = ADVANCED_FACE('',(#8978),#8989,.F.);
#8978 = FACE_BOUND('',#8979,.F.);
#8979 = EDGE_LOOP('',(#8980,#8981,#8982,#8983));
#8980 = ORIENTED_EDGE('',*,*,#8902,.F.);
#8981 = ORIENTED_EDGE('',*,*,#2982,.T.);
#8982 = ORIENTED_EDGE('',*,*,#8957,.T.);
#8983 = ORIENTED_EDGE('',*,*,#8984,.T.);
#8984 = EDGE_CURVE('',#8958,#8903,#8985,.T.);
#8985 = LINE('',#8986,#8987);
#8986 = CARTESIAN_POINT('',(-0.32,-5.4,8.38));
#8987 = VECTOR('',#8988,1.);
#8988 = DIRECTION('',(1.,0.,0.));
#8989 = PLANE('',#8990);
#8990 = AXIS2_PLACEMENT_3D('',#8991,#8992,#8993);
#8991 = CARTESIAN_POINT('',(-0.32,-5.4,-3.));
#8992 = DIRECTION('',(0.,1.,0.));
#8993 = DIRECTION('',(0.,-0.,1.));
#8994 = ADVANCED_FACE('',(#8995),#9020,.F.);
#8995 = FACE_BOUND('',#8996,.F.);
#8996 = EDGE_LOOP('',(#8997,#9005,#9006,#9014));
#8997 = ORIENTED_EDGE('',*,*,#8998,.F.);
#8998 = EDGE_CURVE('',#3007,#8999,#9001,.T.);
#8999 = VERTEX_POINT('',#9000);
#9000 = CARTESIAN_POINT('',(2.86,-5.4,8.38));
#9001 = LINE('',#9002,#9003);
#9002 = CARTESIAN_POINT('',(2.86,-5.4,-3.));
#9003 = VECTOR('',#9004,1.);
#9004 = DIRECTION('',(0.,0.,1.));
#9005 = ORIENTED_EDGE('',*,*,#3006,.T.);
#9006 = ORIENTED_EDGE('',*,*,#9007,.T.);
#9007 = EDGE_CURVE('',#3009,#9008,#9010,.T.);
#9008 = VERTEX_POINT('',#9009);
#9009 = CARTESIAN_POINT('',(2.22,-5.4,8.38));
#9010 = LINE('',#9011,#9012);
#9011 = CARTESIAN_POINT('',(2.22,-5.4,-3.));
#9012 = VECTOR('',#9013,1.);
#9013 = DIRECTION('',(0.,0.,1.));
#9014 = ORIENTED_EDGE('',*,*,#9015,.T.);
#9015 = EDGE_CURVE('',#9008,#8999,#9016,.T.);
#9016 = LINE('',#9017,#9018);
#9017 = CARTESIAN_POINT('',(2.22,-5.4,8.38));
#9018 = VECTOR('',#9019,1.);
#9019 = DIRECTION('',(1.,0.,0.));
#9020 = PLANE('',#9021);
#9021 = AXIS2_PLACEMENT_3D('',#9022,#9023,#9024);
#9022 = CARTESIAN_POINT('',(2.22,-5.4,-3.));
#9023 = DIRECTION('',(0.,1.,0.));
#9024 = DIRECTION('',(0.,-0.,1.));
#9025 = ADVANCED_FACE('',(#9026),#9044,.T.);
#9026 = FACE_BOUND('',#9027,.T.);
#9027 = EDGE_LOOP('',(#9028,#9029,#9030,#9038));
#9028 = ORIENTED_EDGE('',*,*,#8998,.F.);
#9029 = ORIENTED_EDGE('',*,*,#3032,.T.);
#9030 = ORIENTED_EDGE('',*,*,#9031,.T.);
#9031 = EDGE_CURVE('',#3025,#9032,#9034,.T.);
#9032 = VERTEX_POINT('',#9033);
#9033 = CARTESIAN_POINT('',(2.86,-4.76,8.38));
#9034 = LINE('',#9035,#9036);
#9035 = CARTESIAN_POINT('',(2.86,-4.76,-3.));
#9036 = VECTOR('',#9037,1.);
#9037 = DIRECTION('',(0.,0.,1.));
#9038 = ORIENTED_EDGE('',*,*,#9039,.F.);
#9039 = EDGE_CURVE('',#8999,#9032,#9040,.T.);
#9040 = LINE('',#9041,#9042);
#9041 = CARTESIAN_POINT('',(2.86,-5.4,8.38));
#9042 = VECTOR('',#9043,1.);
#9043 = DIRECTION('',(0.,1.,0.));
#9044 = PLANE('',#9045);
#9045 = AXIS2_PLACEMENT_3D('',#9046,#9047,#9048);
#9046 = CARTESIAN_POINT('',(2.86,-5.4,-3.));
#9047 = DIRECTION('',(1.,0.,0.));
#9048 = DIRECTION('',(0.,0.,1.));
#9049 = ADVANCED_FACE('',(#9050),#9068,.T.);
#9050 = FACE_BOUND('',#9051,.T.);
#9051 = EDGE_LOOP('',(#9052,#9053,#9054,#9062));
#9052 = ORIENTED_EDGE('',*,*,#9031,.F.);
#9053 = ORIENTED_EDGE('',*,*,#3024,.T.);
#9054 = ORIENTED_EDGE('',*,*,#9055,.T.);
#9055 = EDGE_CURVE('',#3017,#9056,#9058,.T.);
#9056 = VERTEX_POINT('',#9057);
#9057 = CARTESIAN_POINT('',(2.22,-4.76,8.38));
#9058 = LINE('',#9059,#9060);
#9059 = CARTESIAN_POINT('',(2.22,-4.76,-3.));
#9060 = VECTOR('',#9061,1.);
#9061 = DIRECTION('',(0.,0.,1.));
#9062 = ORIENTED_EDGE('',*,*,#9063,.T.);
#9063 = EDGE_CURVE('',#9056,#9032,#9064,.T.);
#9064 = LINE('',#9065,#9066);
#9065 = CARTESIAN_POINT('',(2.22,-4.76,8.38));
#9066 = VECTOR('',#9067,1.);
#9067 = DIRECTION('',(1.,0.,0.));
#9068 = PLANE('',#9069);
#9069 = AXIS2_PLACEMENT_3D('',#9070,#9071,#9072);
#9070 = CARTESIAN_POINT('',(2.22,-4.76,-3.));
#9071 = DIRECTION('',(0.,1.,0.));
#9072 = DIRECTION('',(0.,-0.,1.));
#9073 = ADVANCED_FACE('',(#9074),#9085,.F.);
#9074 = FACE_BOUND('',#9075,.F.);
#9075 = EDGE_LOOP('',(#9076,#9077,#9078,#9079));
#9076 = ORIENTED_EDGE('',*,*,#9007,.F.);
#9077 = ORIENTED_EDGE('',*,*,#3016,.T.);
#9078 = ORIENTED_EDGE('',*,*,#9055,.T.);
#9079 = ORIENTED_EDGE('',*,*,#9080,.F.);
#9080 = EDGE_CURVE('',#9008,#9056,#9081,.T.);
#9081 = LINE('',#9082,#9083);
#9082 = CARTESIAN_POINT('',(2.22,-5.4,8.38));
#9083 = VECTOR('',#9084,1.);
#9084 = DIRECTION('',(0.,1.,0.));
#9085 = PLANE('',#9086);
#9086 = AXIS2_PLACEMENT_3D('',#9087,#9088,#9089);
#9087 = CARTESIAN_POINT('',(2.22,-5.4,-3.));
#9088 = DIRECTION('',(1.,0.,0.));
#9089 = DIRECTION('',(0.,0.,1.));
#9090 = ADVANCED_FACE('',(#9091),#9116,.T.);
#9091 = FACE_BOUND('',#9092,.T.);
#9092 = EDGE_LOOP('',(#9093,#9101,#9102,#9110));
#9093 = ORIENTED_EDGE('',*,*,#9094,.F.);
#9094 = EDGE_CURVE('',#3041,#9095,#9097,.T.);
#9095 = VERTEX_POINT('',#9096);
#9096 = CARTESIAN_POINT('',(0.32,-7.94,8.38));
#9097 = LINE('',#9098,#9099);
#9098 = CARTESIAN_POINT('',(0.32,-7.94,-3.));
#9099 = VECTOR('',#9100,1.);
#9100 = DIRECTION('',(0.,0.,1.));
#9101 = ORIENTED_EDGE('',*,*,#3040,.T.);
#9102 = ORIENTED_EDGE('',*,*,#9103,.T.);
#9103 = EDGE_CURVE('',#3043,#9104,#9106,.T.);
#9104 = VERTEX_POINT('',#9105);
#9105 = CARTESIAN_POINT('',(0.32,-7.3,8.38));
#9106 = LINE('',#9107,#9108);
#9107 = CARTESIAN_POINT('',(0.32,-7.3,-3.));
#9108 = VECTOR('',#9109,1.);
#9109 = DIRECTION('',(0.,0.,1.));
#9110 = ORIENTED_EDGE('',*,*,#9111,.F.);
#9111 = EDGE_CURVE('',#9095,#9104,#9112,.T.);
#9112 = LINE('',#9113,#9114);
#9113 = CARTESIAN_POINT('',(0.32,-7.94,8.38));
#9114 = VECTOR('',#9115,1.);
#9115 = DIRECTION('',(0.,1.,0.));
#9116 = PLANE('',#9117);
#9117 = AXIS2_PLACEMENT_3D('',#9118,#9119,#9120);
#9118 = CARTESIAN_POINT('',(0.32,-7.94,-3.));
#9119 = DIRECTION('',(1.,0.,0.));
#9120 = DIRECTION('',(0.,0.,1.));
#9121 = ADVANCED_FACE('',(#9122),#9140,.T.);
#9122 = FACE_BOUND('',#9123,.T.);
#9123 = EDGE_LOOP('',(#9124,#9125,#9126,#9134));
#9124 = ORIENTED_EDGE('',*,*,#9103,.F.);
#9125 = ORIENTED_EDGE('',*,*,#3066,.T.);
#9126 = ORIENTED_EDGE('',*,*,#9127,.T.);
#9127 = EDGE_CURVE('',#3059,#9128,#9130,.T.);
#9128 = VERTEX_POINT('',#9129);
#9129 = CARTESIAN_POINT('',(-0.32,-7.3,8.38));
#9130 = LINE('',#9131,#9132);
#9131 = CARTESIAN_POINT('',(-0.32,-7.3,-3.));
#9132 = VECTOR('',#9133,1.);
#9133 = DIRECTION('',(0.,0.,1.));
#9134 = ORIENTED_EDGE('',*,*,#9135,.T.);
#9135 = EDGE_CURVE('',#9128,#9104,#9136,.T.);
#9136 = LINE('',#9137,#9138);
#9137 = CARTESIAN_POINT('',(-0.32,-7.3,8.38));
#9138 = VECTOR('',#9139,1.);
#9139 = DIRECTION('',(1.,0.,0.));
#9140 = PLANE('',#9141);
#9141 = AXIS2_PLACEMENT_3D('',#9142,#9143,#9144);
#9142 = CARTESIAN_POINT('',(-0.32,-7.3,-3.));
#9143 = DIRECTION('',(0.,1.,0.));
#9144 = DIRECTION('',(0.,-0.,1.));
#9145 = ADVANCED_FACE('',(#9146),#9164,.F.);
#9146 = FACE_BOUND('',#9147,.F.);
#9147 = EDGE_LOOP('',(#9148,#9156,#9157,#9158));
#9148 = ORIENTED_EDGE('',*,*,#9149,.F.);
#9149 = EDGE_CURVE('',#3051,#9150,#9152,.T.);
#9150 = VERTEX_POINT('',#9151);
#9151 = CARTESIAN_POINT('',(-0.32,-7.94,8.38));
#9152 = LINE('',#9153,#9154);
#9153 = CARTESIAN_POINT('',(-0.32,-7.94,-3.));
#9154 = VECTOR('',#9155,1.);
#9155 = DIRECTION('',(0.,0.,1.));
#9156 = ORIENTED_EDGE('',*,*,#3058,.T.);
#9157 = ORIENTED_EDGE('',*,*,#9127,.T.);
#9158 = ORIENTED_EDGE('',*,*,#9159,.F.);
#9159 = EDGE_CURVE('',#9150,#9128,#9160,.T.);
#9160 = LINE('',#9161,#9162);
#9161 = CARTESIAN_POINT('',(-0.32,-7.94,8.38));
#9162 = VECTOR('',#9163,1.);
#9163 = DIRECTION('',(0.,1.,0.));
#9164 = PLANE('',#9165);
#9165 = AXIS2_PLACEMENT_3D('',#9166,#9167,#9168);
#9166 = CARTESIAN_POINT('',(-0.32,-7.94,-3.));
#9167 = DIRECTION('',(1.,0.,0.));
#9168 = DIRECTION('',(0.,0.,1.));
#9169 = ADVANCED_FACE('',(#9170),#9181,.F.);
#9170 = FACE_BOUND('',#9171,.F.);
#9171 = EDGE_LOOP('',(#9172,#9173,#9174,#9175));
#9172 = ORIENTED_EDGE('',*,*,#9094,.F.);
#9173 = ORIENTED_EDGE('',*,*,#3050,.T.);
#9174 = ORIENTED_EDGE('',*,*,#9149,.T.);
#9175 = ORIENTED_EDGE('',*,*,#9176,.T.);
#9176 = EDGE_CURVE('',#9150,#9095,#9177,.T.);
#9177 = LINE('',#9178,#9179);
#9178 = CARTESIAN_POINT('',(-0.32,-7.94,8.38));
#9179 = VECTOR('',#9180,1.);
#9180 = DIRECTION('',(1.,0.,0.));
#9181 = PLANE('',#9182);
#9182 = AXIS2_PLACEMENT_3D('',#9183,#9184,#9185);
#9183 = CARTESIAN_POINT('',(-0.32,-7.94,-3.));
#9184 = DIRECTION('',(0.,1.,0.));
#9185 = DIRECTION('',(0.,-0.,1.));
#9186 = ADVANCED_FACE('',(#9187),#9212,.T.);
#9187 = FACE_BOUND('',#9188,.T.);
#9188 = EDGE_LOOP('',(#9189,#9197,#9198,#9206));
#9189 = ORIENTED_EDGE('',*,*,#9190,.F.);
#9190 = EDGE_CURVE('',#3075,#9191,#9193,.T.);
#9191 = VERTEX_POINT('',#9192);
#9192 = CARTESIAN_POINT('',(2.86,-7.94,8.38));
#9193 = LINE('',#9194,#9195);
#9194 = CARTESIAN_POINT('',(2.86,-7.94,-3.));
#9195 = VECTOR('',#9196,1.);
#9196 = DIRECTION('',(0.,0.,1.));
#9197 = ORIENTED_EDGE('',*,*,#3074,.T.);
#9198 = ORIENTED_EDGE('',*,*,#9199,.T.);
#9199 = EDGE_CURVE('',#3077,#9200,#9202,.T.);
#9200 = VERTEX_POINT('',#9201);
#9201 = CARTESIAN_POINT('',(2.86,-7.3,8.38));
#9202 = LINE('',#9203,#9204);
#9203 = CARTESIAN_POINT('',(2.86,-7.3,-3.));
#9204 = VECTOR('',#9205,1.);
#9205 = DIRECTION('',(0.,0.,1.));
#9206 = ORIENTED_EDGE('',*,*,#9207,.F.);
#9207 = EDGE_CURVE('',#9191,#9200,#9208,.T.);
#9208 = LINE('',#9209,#9210);
#9209 = CARTESIAN_POINT('',(2.86,-7.94,8.38));
#9210 = VECTOR('',#9211,1.);
#9211 = DIRECTION('',(0.,1.,0.));
#9212 = PLANE('',#9213);
#9213 = AXIS2_PLACEMENT_3D('',#9214,#9215,#9216);
#9214 = CARTESIAN_POINT('',(2.86,-7.94,-3.));
#9215 = DIRECTION('',(1.,0.,0.));
#9216 = DIRECTION('',(0.,0.,1.));
#9217 = ADVANCED_FACE('',(#9218),#9236,.T.);
#9218 = FACE_BOUND('',#9219,.T.);
#9219 = EDGE_LOOP('',(#9220,#9221,#9222,#9230));
#9220 = ORIENTED_EDGE('',*,*,#9199,.F.);
#9221 = ORIENTED_EDGE('',*,*,#3100,.T.);
#9222 = ORIENTED_EDGE('',*,*,#9223,.T.);
#9223 = EDGE_CURVE('',#3093,#9224,#9226,.T.);
#9224 = VERTEX_POINT('',#9225);
#9225 = CARTESIAN_POINT('',(2.22,-7.3,8.38));
#9226 = LINE('',#9227,#9228);
#9227 = CARTESIAN_POINT('',(2.22,-7.3,-3.));
#9228 = VECTOR('',#9229,1.);
#9229 = DIRECTION('',(0.,0.,1.));
#9230 = ORIENTED_EDGE('',*,*,#9231,.T.);
#9231 = EDGE_CURVE('',#9224,#9200,#9232,.T.);
#9232 = LINE('',#9233,#9234);
#9233 = CARTESIAN_POINT('',(2.22,-7.3,8.38));
#9234 = VECTOR('',#9235,1.);
#9235 = DIRECTION('',(1.,0.,0.));
#9236 = PLANE('',#9237);
#9237 = AXIS2_PLACEMENT_3D('',#9238,#9239,#9240);
#9238 = CARTESIAN_POINT('',(2.22,-7.3,-3.));
#9239 = DIRECTION('',(0.,1.,0.));
#9240 = DIRECTION('',(0.,-0.,1.));
#9241 = ADVANCED_FACE('',(#9242),#9260,.F.);
#9242 = FACE_BOUND('',#9243,.F.);
#9243 = EDGE_LOOP('',(#9244,#9252,#9253,#9254));
#9244 = ORIENTED_EDGE('',*,*,#9245,.F.);
#9245 = EDGE_CURVE('',#3085,#9246,#9248,.T.);
#9246 = VERTEX_POINT('',#9247);
#9247 = CARTESIAN_POINT('',(2.22,-7.94,8.38));
#9248 = LINE('',#9249,#9250);
#9249 = CARTESIAN_POINT('',(2.22,-7.94,-3.));
#9250 = VECTOR('',#9251,1.);
#9251 = DIRECTION('',(0.,0.,1.));
#9252 = ORIENTED_EDGE('',*,*,#3092,.T.);
#9253 = ORIENTED_EDGE('',*,*,#9223,.T.);
#9254 = ORIENTED_EDGE('',*,*,#9255,.F.);
#9255 = EDGE_CURVE('',#9246,#9224,#9256,.T.);
#9256 = LINE('',#9257,#9258);
#9257 = CARTESIAN_POINT('',(2.22,-7.94,8.38));
#9258 = VECTOR('',#9259,1.);
#9259 = DIRECTION('',(0.,1.,0.));
#9260 = PLANE('',#9261);
#9261 = AXIS2_PLACEMENT_3D('',#9262,#9263,#9264);
#9262 = CARTESIAN_POINT('',(2.22,-7.94,-3.));
#9263 = DIRECTION('',(1.,0.,0.));
#9264 = DIRECTION('',(0.,0.,1.));
#9265 = ADVANCED_FACE('',(#9266),#9277,.F.);
#9266 = FACE_BOUND('',#9267,.F.);
#9267 = EDGE_LOOP('',(#9268,#9269,#9270,#9271));
#9268 = ORIENTED_EDGE('',*,*,#9190,.F.);
#9269 = ORIENTED_EDGE('',*,*,#3084,.T.);
#9270 = ORIENTED_EDGE('',*,*,#9245,.T.);
#9271 = ORIENTED_EDGE('',*,*,#9272,.T.);
#9272 = EDGE_CURVE('',#9246,#9191,#9273,.T.);
#9273 = LINE('',#9274,#9275);
#9274 = CARTESIAN_POINT('',(2.22,-7.94,8.38));
#9275 = VECTOR('',#9276,1.);
#9276 = DIRECTION('',(1.,0.,0.));
#9277 = PLANE('',#9278);
#9278 = AXIS2_PLACEMENT_3D('',#9279,#9280,#9281);
#9279 = CARTESIAN_POINT('',(2.22,-7.94,-3.));
#9280 = DIRECTION('',(0.,1.,0.));
#9281 = DIRECTION('',(0.,-0.,1.));
#9282 = ADVANCED_FACE('',(#9283),#9308,.T.);
#9283 = FACE_BOUND('',#9284,.T.);
#9284 = EDGE_LOOP('',(#9285,#9293,#9294,#9302));
#9285 = ORIENTED_EDGE('',*,*,#9286,.F.);
#9286 = EDGE_CURVE('',#3109,#9287,#9289,.T.);
#9287 = VERTEX_POINT('',#9288);
#9288 = CARTESIAN_POINT('',(0.32,0.32,8.38));
#9289 = LINE('',#9290,#9291);
#9290 = CARTESIAN_POINT('',(0.32,0.32,-3.));
#9291 = VECTOR('',#9292,1.);
#9292 = DIRECTION('',(0.,0.,1.));
#9293 = ORIENTED_EDGE('',*,*,#3108,.T.);
#9294 = ORIENTED_EDGE('',*,*,#9295,.T.);
#9295 = EDGE_CURVE('',#3111,#9296,#9298,.T.);
#9296 = VERTEX_POINT('',#9297);
#9297 = CARTESIAN_POINT('',(-0.32,0.32,8.38));
#9298 = LINE('',#9299,#9300);
#9299 = CARTESIAN_POINT('',(-0.32,0.32,-3.));
#9300 = VECTOR('',#9301,1.);
#9301 = DIRECTION('',(0.,0.,1.));
#9302 = ORIENTED_EDGE('',*,*,#9303,.T.);
#9303 = EDGE_CURVE('',#9296,#9287,#9304,.T.);
#9304 = LINE('',#9305,#9306);
#9305 = CARTESIAN_POINT('',(-0.32,0.32,8.38));
#9306 = VECTOR('',#9307,1.);
#9307 = DIRECTION('',(1.,0.,0.));
#9308 = PLANE('',#9309);
#9309 = AXIS2_PLACEMENT_3D('',#9310,#9311,#9312);
#9310 = CARTESIAN_POINT('',(-0.32,0.32,-3.));
#9311 = DIRECTION('',(0.,1.,0.));
#9312 = DIRECTION('',(0.,-0.,1.));
#9313 = ADVANCED_FACE('',(#9314),#9332,.F.);
#9314 = FACE_BOUND('',#9315,.F.);
#9315 = EDGE_LOOP('',(#9316,#9324,#9325,#9326));
#9316 = ORIENTED_EDGE('',*,*,#9317,.F.);
#9317 = EDGE_CURVE('',#3127,#9318,#9320,.T.);
#9318 = VERTEX_POINT('',#9319);
#9319 = CARTESIAN_POINT('',(-0.32,-0.32,8.38));
#9320 = LINE('',#9321,#9322);
#9321 = CARTESIAN_POINT('',(-0.32,-0.32,-3.));
#9322 = VECTOR('',#9323,1.);
#9323 = DIRECTION('',(0.,0.,1.));
#9324 = ORIENTED_EDGE('',*,*,#3134,.T.);
#9325 = ORIENTED_EDGE('',*,*,#9295,.T.);
#9326 = ORIENTED_EDGE('',*,*,#9327,.F.);
#9327 = EDGE_CURVE('',#9318,#9296,#9328,.T.);
#9328 = LINE('',#9329,#9330);
#9329 = CARTESIAN_POINT('',(-0.32,-0.32,8.38));
#9330 = VECTOR('',#9331,1.);
#9331 = DIRECTION('',(0.,1.,0.));
#9332 = PLANE('',#9333);
#9333 = AXIS2_PLACEMENT_3D('',#9334,#9335,#9336);
#9334 = CARTESIAN_POINT('',(-0.32,-0.32,-3.));
#9335 = DIRECTION('',(1.,0.,0.));
#9336 = DIRECTION('',(0.,0.,1.));
#9337 = ADVANCED_FACE('',(#9338),#9356,.F.);
#9338 = FACE_BOUND('',#9339,.F.);
#9339 = EDGE_LOOP('',(#9340,#9348,#9349,#9350));
#9340 = ORIENTED_EDGE('',*,*,#9341,.F.);
#9341 = EDGE_CURVE('',#3119,#9342,#9344,.T.);
#9342 = VERTEX_POINT('',#9343);
#9343 = CARTESIAN_POINT('',(0.32,-0.32,8.38));
#9344 = LINE('',#9345,#9346);
#9345 = CARTESIAN_POINT('',(0.32,-0.32,-3.));
#9346 = VECTOR('',#9347,1.);
#9347 = DIRECTION('',(0.,0.,1.));
#9348 = ORIENTED_EDGE('',*,*,#3126,.T.);
#9349 = ORIENTED_EDGE('',*,*,#9317,.T.);
#9350 = ORIENTED_EDGE('',*,*,#9351,.T.);
#9351 = EDGE_CURVE('',#9318,#9342,#9352,.T.);
#9352 = LINE('',#9353,#9354);
#9353 = CARTESIAN_POINT('',(-0.32,-0.32,8.38));
#9354 = VECTOR('',#9355,1.);
#9355 = DIRECTION('',(1.,0.,0.));
#9356 = PLANE('',#9357);
#9357 = AXIS2_PLACEMENT_3D('',#9358,#9359,#9360);
#9358 = CARTESIAN_POINT('',(-0.32,-0.32,-3.));
#9359 = DIRECTION('',(0.,1.,0.));
#9360 = DIRECTION('',(0.,-0.,1.));
#9361 = ADVANCED_FACE('',(#9362),#9373,.T.);
#9362 = FACE_BOUND('',#9363,.T.);
#9363 = EDGE_LOOP('',(#9364,#9365,#9366,#9367));
#9364 = ORIENTED_EDGE('',*,*,#9341,.F.);
#9365 = ORIENTED_EDGE('',*,*,#3118,.T.);
#9366 = ORIENTED_EDGE('',*,*,#9286,.T.);
#9367 = ORIENTED_EDGE('',*,*,#9368,.F.);
#9368 = EDGE_CURVE('',#9342,#9287,#9369,.T.);
#9369 = LINE('',#9370,#9371);
#9370 = CARTESIAN_POINT('',(0.32,-0.32,8.38));
#9371 = VECTOR('',#9372,1.);
#9372 = DIRECTION('',(0.,1.,0.));
#9373 = PLANE('',#9374);
#9374 = AXIS2_PLACEMENT_3D('',#9375,#9376,#9377);
#9375 = CARTESIAN_POINT('',(0.32,-0.32,-3.));
#9376 = DIRECTION('',(1.,0.,0.));
#9377 = DIRECTION('',(0.,0.,1.));
#9378 = ADVANCED_FACE('',(#9379),#9404,.T.);
#9379 = FACE_BOUND('',#9380,.T.);
#9380 = EDGE_LOOP('',(#9381,#9389,#9390,#9398));
#9381 = ORIENTED_EDGE('',*,*,#9382,.F.);
#9382 = EDGE_CURVE('',#3143,#9383,#9385,.T.);
#9383 = VERTEX_POINT('',#9384);
#9384 = CARTESIAN_POINT('',(2.86,-0.32,8.38));
#9385 = LINE('',#9386,#9387);
#9386 = CARTESIAN_POINT('',(2.86,-0.32,-3.));
#9387 = VECTOR('',#9388,1.);
#9388 = DIRECTION('',(0.,0.,1.));
#9389 = ORIENTED_EDGE('',*,*,#3142,.T.);
#9390 = ORIENTED_EDGE('',*,*,#9391,.T.);
#9391 = EDGE_CURVE('',#3145,#9392,#9394,.T.);
#9392 = VERTEX_POINT('',#9393);
#9393 = CARTESIAN_POINT('',(2.86,0.32,8.38));
#9394 = LINE('',#9395,#9396);
#9395 = CARTESIAN_POINT('',(2.86,0.32,-3.));
#9396 = VECTOR('',#9397,1.);
#9397 = DIRECTION('',(0.,0.,1.));
#9398 = ORIENTED_EDGE('',*,*,#9399,.F.);
#9399 = EDGE_CURVE('',#9383,#9392,#9400,.T.);
#9400 = LINE('',#9401,#9402);
#9401 = CARTESIAN_POINT('',(2.86,-0.32,8.38));
#9402 = VECTOR('',#9403,1.);
#9403 = DIRECTION('',(0.,1.,0.));
#9404 = PLANE('',#9405);
#9405 = AXIS2_PLACEMENT_3D('',#9406,#9407,#9408);
#9406 = CARTESIAN_POINT('',(2.86,-0.32,-3.));
#9407 = DIRECTION('',(1.,0.,0.));
#9408 = DIRECTION('',(0.,0.,1.));
#9409 = ADVANCED_FACE('',(#9410),#9428,.T.);
#9410 = FACE_BOUND('',#9411,.T.);
#9411 = EDGE_LOOP('',(#9412,#9413,#9414,#9422));
#9412 = ORIENTED_EDGE('',*,*,#9391,.F.);
#9413 = ORIENTED_EDGE('',*,*,#3168,.T.);
#9414 = ORIENTED_EDGE('',*,*,#9415,.T.);
#9415 = EDGE_CURVE('',#3161,#9416,#9418,.T.);
#9416 = VERTEX_POINT('',#9417);
#9417 = CARTESIAN_POINT('',(2.22,0.32,8.38));
#9418 = LINE('',#9419,#9420);
#9419 = CARTESIAN_POINT('',(2.22,0.32,-3.));
#9420 = VECTOR('',#9421,1.);
#9421 = DIRECTION('',(0.,0.,1.));
#9422 = ORIENTED_EDGE('',*,*,#9423,.T.);
#9423 = EDGE_CURVE('',#9416,#9392,#9424,.T.);
#9424 = LINE('',#9425,#9426);
#9425 = CARTESIAN_POINT('',(2.22,0.32,8.38));
#9426 = VECTOR('',#9427,1.);
#9427 = DIRECTION('',(1.,0.,0.));
#9428 = PLANE('',#9429);
#9429 = AXIS2_PLACEMENT_3D('',#9430,#9431,#9432);
#9430 = CARTESIAN_POINT('',(2.22,0.32,-3.));
#9431 = DIRECTION('',(0.,1.,0.));
#9432 = DIRECTION('',(0.,-0.,1.));
#9433 = ADVANCED_FACE('',(#9434),#9452,.F.);
#9434 = FACE_BOUND('',#9435,.F.);
#9435 = EDGE_LOOP('',(#9436,#9444,#9445,#9446));
#9436 = ORIENTED_EDGE('',*,*,#9437,.F.);
#9437 = EDGE_CURVE('',#3153,#9438,#9440,.T.);
#9438 = VERTEX_POINT('',#9439);
#9439 = CARTESIAN_POINT('',(2.22,-0.32,8.38));
#9440 = LINE('',#9441,#9442);
#9441 = CARTESIAN_POINT('',(2.22,-0.32,-3.));
#9442 = VECTOR('',#9443,1.);
#9443 = DIRECTION('',(0.,0.,1.));
#9444 = ORIENTED_EDGE('',*,*,#3160,.T.);
#9445 = ORIENTED_EDGE('',*,*,#9415,.T.);
#9446 = ORIENTED_EDGE('',*,*,#9447,.F.);
#9447 = EDGE_CURVE('',#9438,#9416,#9448,.T.);
#9448 = LINE('',#9449,#9450);
#9449 = CARTESIAN_POINT('',(2.22,-0.32,8.38));
#9450 = VECTOR('',#9451,1.);
#9451 = DIRECTION('',(0.,1.,0.));
#9452 = PLANE('',#9453);
#9453 = AXIS2_PLACEMENT_3D('',#9454,#9455,#9456);
#9454 = CARTESIAN_POINT('',(2.22,-0.32,-3.));
#9455 = DIRECTION('',(1.,0.,0.));
#9456 = DIRECTION('',(0.,0.,1.));
#9457 = ADVANCED_FACE('',(#9458),#9469,.F.);
#9458 = FACE_BOUND('',#9459,.F.);
#9459 = EDGE_LOOP('',(#9460,#9461,#9462,#9463));
#9460 = ORIENTED_EDGE('',*,*,#9382,.F.);
#9461 = ORIENTED_EDGE('',*,*,#3152,.T.);
#9462 = ORIENTED_EDGE('',*,*,#9437,.T.);
#9463 = ORIENTED_EDGE('',*,*,#9464,.T.);
#9464 = EDGE_CURVE('',#9438,#9383,#9465,.T.);
#9465 = LINE('',#9466,#9467);
#9466 = CARTESIAN_POINT('',(2.22,-0.32,8.38));
#9467 = VECTOR('',#9468,1.);
#9468 = DIRECTION('',(1.,0.,0.));
#9469 = PLANE('',#9470);
#9470 = AXIS2_PLACEMENT_3D('',#9471,#9472,#9473);
#9471 = CARTESIAN_POINT('',(2.22,-0.32,-3.));
#9472 = DIRECTION('',(0.,1.,0.));
#9473 = DIRECTION('',(0.,-0.,1.));
#9474 = ADVANCED_FACE('',(#9475),#9500,.F.);
#9475 = FACE_BOUND('',#9476,.F.);
#9476 = EDGE_LOOP('',(#9477,#9485,#9486,#9494));
#9477 = ORIENTED_EDGE('',*,*,#9478,.F.);
#9478 = EDGE_CURVE('',#4487,#9479,#9481,.T.);
#9479 = VERTEX_POINT('',#9480);
#9480 = CARTESIAN_POINT('',(2.7,-12.86,-3.));
#9481 = LINE('',#9482,#9483);
#9482 = CARTESIAN_POINT('',(2.7,-12.86,-3.));
#9483 = VECTOR('',#9484,1.);
#9484 = DIRECTION('',(-0.57735026919,0.57735026919,-0.57735026919));
#9485 = ORIENTED_EDGE('',*,*,#4494,.T.);
#9486 = ORIENTED_EDGE('',*,*,#9487,.T.);
#9487 = EDGE_CURVE('',#4495,#9488,#9490,.T.);
#9488 = VERTEX_POINT('',#9489);
#9489 = CARTESIAN_POINT('',(2.7,-12.54,-3.));
#9490 = LINE('',#9491,#9492);
#9491 = CARTESIAN_POINT('',(2.593333333333,-12.64666666666,
    -3.106666666667));
#9492 = VECTOR('',#9493,1.);
#9493 = DIRECTION('',(-0.57735026919,-0.57735026919,-0.57735026919));
#9494 = ORIENTED_EDGE('',*,*,#9495,.F.);
#9495 = EDGE_CURVE('',#9479,#9488,#9496,.T.);
#9496 = LINE('',#9497,#9498);
#9497 = CARTESIAN_POINT('',(2.7,-13.02,-3.));
#9498 = VECTOR('',#9499,1.);
#9499 = DIRECTION('',(0.,1.,0.));
#9500 = PLANE('',#9501);
#9501 = AXIS2_PLACEMENT_3D('',#9502,#9503,#9504);
#9502 = CARTESIAN_POINT('',(2.78,-13.02,-2.92));
#9503 = DIRECTION('',(-0.707106781187,1.735167508357E-18,0.707106781187)
  );
#9504 = DIRECTION('',(1.226948711654E-18,1.,-1.226948711654E-18));
#9505 = ADVANCED_FACE('',(#9506),#9524,.F.);
#9506 = FACE_BOUND('',#9507,.T.);
#9507 = EDGE_LOOP('',(#9508,#9516,#9517,#9518));
#9508 = ORIENTED_EDGE('',*,*,#9509,.F.);
#9509 = EDGE_CURVE('',#4519,#9510,#9512,.T.);
#9510 = VERTEX_POINT('',#9511);
#9511 = CARTESIAN_POINT('',(2.38,-12.54,-3.));
#9512 = LINE('',#9513,#9514);
#9513 = CARTESIAN_POINT('',(2.38,-12.54,-3.));
#9514 = VECTOR('',#9515,1.);
#9515 = DIRECTION('',(0.57735026919,-0.57735026919,-0.57735026919));
#9516 = ORIENTED_EDGE('',*,*,#4518,.T.);
#9517 = ORIENTED_EDGE('',*,*,#9487,.T.);
#9518 = ORIENTED_EDGE('',*,*,#9519,.F.);
#9519 = EDGE_CURVE('',#9510,#9488,#9520,.T.);
#9520 = LINE('',#9521,#9522);
#9521 = CARTESIAN_POINT('',(2.22,-12.54,-3.));
#9522 = VECTOR('',#9523,1.);
#9523 = DIRECTION('',(1.,0.,0.));
#9524 = PLANE('',#9525);
#9525 = AXIS2_PLACEMENT_3D('',#9526,#9527,#9528);
#9526 = CARTESIAN_POINT('',(2.22,-12.46,-2.92));
#9527 = DIRECTION('',(-1.735167508357E-18,-0.707106781187,0.707106781187
    ));
#9528 = DIRECTION('',(-1.,1.226948711654E-18,-1.226948711654E-18));
#9529 = ADVANCED_FACE('',(#9530),#9548,.T.);
#9530 = FACE_BOUND('',#9531,.T.);
#9531 = EDGE_LOOP('',(#9532,#9540,#9541,#9542));
#9532 = ORIENTED_EDGE('',*,*,#9533,.F.);
#9533 = EDGE_CURVE('',#4542,#9534,#9536,.T.);
#9534 = VERTEX_POINT('',#9535);
#9535 = CARTESIAN_POINT('',(2.38,-12.86,-3.));
#9536 = LINE('',#9537,#9538);
#9537 = CARTESIAN_POINT('',(2.273333333333,-12.96666666666,
    -2.893333333333));
#9538 = VECTOR('',#9539,1.);
#9539 = DIRECTION('',(0.57735026919,0.57735026919,-0.57735026919));
#9540 = ORIENTED_EDGE('',*,*,#4549,.T.);
#9541 = ORIENTED_EDGE('',*,*,#9509,.T.);
#9542 = ORIENTED_EDGE('',*,*,#9543,.F.);
#9543 = EDGE_CURVE('',#9534,#9510,#9544,.T.);
#9544 = LINE('',#9545,#9546);
#9545 = CARTESIAN_POINT('',(2.38,-13.02,-3.));
#9546 = VECTOR('',#9547,1.);
#9547 = DIRECTION('',(0.,1.,0.));
#9548 = PLANE('',#9549);
#9549 = AXIS2_PLACEMENT_3D('',#9550,#9551,#9552);
#9550 = CARTESIAN_POINT('',(2.3,-13.02,-2.92));
#9551 = DIRECTION('',(-0.707106781187,-1.735167508357E-18,
    -0.707106781187));
#9552 = DIRECTION('',(-1.226948711654E-18,1.,-1.226948711654E-18));
#9553 = ADVANCED_FACE('',(#9554),#9565,.T.);
#9554 = FACE_BOUND('',#9555,.F.);
#9555 = EDGE_LOOP('',(#9556,#9557,#9558,#9559));
#9556 = ORIENTED_EDGE('',*,*,#9533,.F.);
#9557 = ORIENTED_EDGE('',*,*,#4566,.T.);
#9558 = ORIENTED_EDGE('',*,*,#9478,.T.);
#9559 = ORIENTED_EDGE('',*,*,#9560,.F.);
#9560 = EDGE_CURVE('',#9534,#9479,#9561,.T.);
#9561 = LINE('',#9562,#9563);
#9562 = CARTESIAN_POINT('',(2.22,-12.86,-3.));
#9563 = VECTOR('',#9564,1.);
#9564 = DIRECTION('',(1.,0.,0.));
#9565 = PLANE('',#9566);
#9566 = AXIS2_PLACEMENT_3D('',#9567,#9568,#9569);
#9567 = CARTESIAN_POINT('',(2.22,-12.94,-2.92));
#9568 = DIRECTION('',(1.735167508357E-18,-0.707106781187,-0.707106781187
    ));
#9569 = DIRECTION('',(-1.,-1.226948711654E-18,-1.226948711654E-18));
#9570 = ADVANCED_FACE('',(#9571),#9596,.F.);
#9571 = FACE_BOUND('',#9572,.F.);
#9572 = EDGE_LOOP('',(#9573,#9581,#9582,#9590));
#9573 = ORIENTED_EDGE('',*,*,#9574,.F.);
#9574 = EDGE_CURVE('',#4583,#9575,#9577,.T.);
#9575 = VERTEX_POINT('',#9576);
#9576 = CARTESIAN_POINT('',(0.16,-12.86,-3.));
#9577 = LINE('',#9578,#9579);
#9578 = CARTESIAN_POINT('',(0.16,-12.86,-3.));
#9579 = VECTOR('',#9580,1.);
#9580 = DIRECTION('',(-0.57735026919,0.57735026919,-0.57735026919));
#9581 = ORIENTED_EDGE('',*,*,#4590,.T.);
#9582 = ORIENTED_EDGE('',*,*,#9583,.T.);
#9583 = EDGE_CURVE('',#4591,#9584,#9586,.T.);
#9584 = VERTEX_POINT('',#9585);
#9585 = CARTESIAN_POINT('',(0.16,-12.54,-3.));
#9586 = LINE('',#9587,#9588);
#9587 = CARTESIAN_POINT('',(5.333333333333E-02,-12.64666666666,
    -3.106666666667));
#9588 = VECTOR('',#9589,1.);
#9589 = DIRECTION('',(-0.57735026919,-0.57735026919,-0.57735026919));
#9590 = ORIENTED_EDGE('',*,*,#9591,.F.);
#9591 = EDGE_CURVE('',#9575,#9584,#9592,.T.);
#9592 = LINE('',#9593,#9594);
#9593 = CARTESIAN_POINT('',(0.16,-13.02,-3.));
#9594 = VECTOR('',#9595,1.);
#9595 = DIRECTION('',(0.,1.,0.));
#9596 = PLANE('',#9597);
#9597 = AXIS2_PLACEMENT_3D('',#9598,#9599,#9600);
#9598 = CARTESIAN_POINT('',(0.24,-13.02,-2.92));
#9599 = DIRECTION('',(-0.707106781187,1.735167508357E-18,0.707106781187)
  );
#9600 = DIRECTION('',(1.226948711654E-18,1.,-1.226948711654E-18));
#9601 = ADVANCED_FACE('',(#9602),#9620,.F.);
#9602 = FACE_BOUND('',#9603,.T.);
#9603 = EDGE_LOOP('',(#9604,#9612,#9613,#9614));
#9604 = ORIENTED_EDGE('',*,*,#9605,.F.);
#9605 = EDGE_CURVE('',#4615,#9606,#9608,.T.);
#9606 = VERTEX_POINT('',#9607);
#9607 = CARTESIAN_POINT('',(-0.16,-12.54,-3.));
#9608 = LINE('',#9609,#9610);
#9609 = CARTESIAN_POINT('',(-0.16,-12.54,-3.));
#9610 = VECTOR('',#9611,1.);
#9611 = DIRECTION('',(0.57735026919,-0.57735026919,-0.57735026919));
#9612 = ORIENTED_EDGE('',*,*,#4614,.T.);
#9613 = ORIENTED_EDGE('',*,*,#9583,.T.);
#9614 = ORIENTED_EDGE('',*,*,#9615,.F.);
#9615 = EDGE_CURVE('',#9606,#9584,#9616,.T.);
#9616 = LINE('',#9617,#9618);
#9617 = CARTESIAN_POINT('',(-0.32,-12.54,-3.));
#9618 = VECTOR('',#9619,1.);
#9619 = DIRECTION('',(1.,0.,0.));
#9620 = PLANE('',#9621);
#9621 = AXIS2_PLACEMENT_3D('',#9622,#9623,#9624);
#9622 = CARTESIAN_POINT('',(-0.32,-12.46,-2.92));
#9623 = DIRECTION('',(-1.735167508357E-18,-0.707106781187,0.707106781187
    ));
#9624 = DIRECTION('',(-1.,1.226948711654E-18,-1.226948711654E-18));
#9625 = ADVANCED_FACE('',(#9626),#9644,.T.);
#9626 = FACE_BOUND('',#9627,.T.);
#9627 = EDGE_LOOP('',(#9628,#9636,#9637,#9638));
#9628 = ORIENTED_EDGE('',*,*,#9629,.F.);
#9629 = EDGE_CURVE('',#4638,#9630,#9632,.T.);
#9630 = VERTEX_POINT('',#9631);
#9631 = CARTESIAN_POINT('',(-0.16,-12.86,-3.));
#9632 = LINE('',#9633,#9634);
#9633 = CARTESIAN_POINT('',(-0.266666666667,-12.96666666666,
    -2.893333333333));
#9634 = VECTOR('',#9635,1.);
#9635 = DIRECTION('',(0.57735026919,0.57735026919,-0.57735026919));
#9636 = ORIENTED_EDGE('',*,*,#4645,.T.);
#9637 = ORIENTED_EDGE('',*,*,#9605,.T.);
#9638 = ORIENTED_EDGE('',*,*,#9639,.F.);
#9639 = EDGE_CURVE('',#9630,#9606,#9640,.T.);
#9640 = LINE('',#9641,#9642);
#9641 = CARTESIAN_POINT('',(-0.16,-13.02,-3.));
#9642 = VECTOR('',#9643,1.);
#9643 = DIRECTION('',(0.,1.,0.));
#9644 = PLANE('',#9645);
#9645 = AXIS2_PLACEMENT_3D('',#9646,#9647,#9648);
#9646 = CARTESIAN_POINT('',(-0.24,-13.02,-2.92));
#9647 = DIRECTION('',(-0.707106781187,-1.735167508357E-18,
    -0.707106781187));
#9648 = DIRECTION('',(-1.226948711654E-18,1.,-1.226948711654E-18));
#9649 = ADVANCED_FACE('',(#9650),#9661,.T.);
#9650 = FACE_BOUND('',#9651,.F.);
#9651 = EDGE_LOOP('',(#9652,#9653,#9654,#9655));
#9652 = ORIENTED_EDGE('',*,*,#9629,.F.);
#9653 = ORIENTED_EDGE('',*,*,#4662,.T.);
#9654 = ORIENTED_EDGE('',*,*,#9574,.T.);
#9655 = ORIENTED_EDGE('',*,*,#9656,.F.);
#9656 = EDGE_CURVE('',#9630,#9575,#9657,.T.);
#9657 = LINE('',#9658,#9659);
#9658 = CARTESIAN_POINT('',(-0.32,-12.86,-3.));
#9659 = VECTOR('',#9660,1.);
#9660 = DIRECTION('',(1.,0.,0.));
#9661 = PLANE('',#9662);
#9662 = AXIS2_PLACEMENT_3D('',#9663,#9664,#9665);
#9663 = CARTESIAN_POINT('',(-0.32,-12.94,-2.92));
#9664 = DIRECTION('',(1.735167508357E-18,-0.707106781187,-0.707106781187
    ));
#9665 = DIRECTION('',(-1.,-1.226948711654E-18,-1.226948711654E-18));
#9666 = ADVANCED_FACE('',(#9667),#9692,.F.);
#9667 = FACE_BOUND('',#9668,.F.);
#9668 = EDGE_LOOP('',(#9669,#9677,#9678,#9686));
#9669 = ORIENTED_EDGE('',*,*,#9670,.F.);
#9670 = EDGE_CURVE('',#4679,#9671,#9673,.T.);
#9671 = VERTEX_POINT('',#9672);
#9672 = CARTESIAN_POINT('',(2.7,-15.4,-3.));
#9673 = LINE('',#9674,#9675);
#9674 = CARTESIAN_POINT('',(2.7,-15.4,-3.));
#9675 = VECTOR('',#9676,1.);
#9676 = DIRECTION('',(-0.57735026919,0.57735026919,-0.57735026919));
#9677 = ORIENTED_EDGE('',*,*,#4686,.T.);
#9678 = ORIENTED_EDGE('',*,*,#9679,.T.);
#9679 = EDGE_CURVE('',#4687,#9680,#9682,.T.);
#9680 = VERTEX_POINT('',#9681);
#9681 = CARTESIAN_POINT('',(2.7,-15.08,-3.));
#9682 = LINE('',#9683,#9684);
#9683 = CARTESIAN_POINT('',(2.593333333333,-15.18666666666,
    -3.106666666667));
#9684 = VECTOR('',#9685,1.);
#9685 = DIRECTION('',(-0.57735026919,-0.57735026919,-0.57735026919));
#9686 = ORIENTED_EDGE('',*,*,#9687,.F.);
#9687 = EDGE_CURVE('',#9671,#9680,#9688,.T.);
#9688 = LINE('',#9689,#9690);
#9689 = CARTESIAN_POINT('',(2.7,-15.56,-3.));
#9690 = VECTOR('',#9691,1.);
#9691 = DIRECTION('',(0.,1.,0.));
#9692 = PLANE('',#9693);
#9693 = AXIS2_PLACEMENT_3D('',#9694,#9695,#9696);
#9694 = CARTESIAN_POINT('',(2.78,-15.56,-2.92));
#9695 = DIRECTION('',(-0.707106781187,1.735167508357E-18,0.707106781187)
  );
#9696 = DIRECTION('',(1.226948711654E-18,1.,-1.226948711654E-18));
#9697 = ADVANCED_FACE('',(#9698),#9716,.F.);
#9698 = FACE_BOUND('',#9699,.T.);
#9699 = EDGE_LOOP('',(#9700,#9708,#9709,#9710));
#9700 = ORIENTED_EDGE('',*,*,#9701,.F.);
#9701 = EDGE_CURVE('',#4711,#9702,#9704,.T.);
#9702 = VERTEX_POINT('',#9703);
#9703 = CARTESIAN_POINT('',(2.38,-15.08,-3.));
#9704 = LINE('',#9705,#9706);
#9705 = CARTESIAN_POINT('',(2.38,-15.08,-3.));
#9706 = VECTOR('',#9707,1.);
#9707 = DIRECTION('',(0.57735026919,-0.57735026919,-0.57735026919));
#9708 = ORIENTED_EDGE('',*,*,#4710,.T.);
#9709 = ORIENTED_EDGE('',*,*,#9679,.T.);
#9710 = ORIENTED_EDGE('',*,*,#9711,.F.);
#9711 = EDGE_CURVE('',#9702,#9680,#9712,.T.);
#9712 = LINE('',#9713,#9714);
#9713 = CARTESIAN_POINT('',(2.22,-15.08,-3.));
#9714 = VECTOR('',#9715,1.);
#9715 = DIRECTION('',(1.,0.,0.));
#9716 = PLANE('',#9717);
#9717 = AXIS2_PLACEMENT_3D('',#9718,#9719,#9720);
#9718 = CARTESIAN_POINT('',(2.22,-15.,-2.92));
#9719 = DIRECTION('',(-1.735167508357E-18,-0.707106781187,0.707106781187
    ));
#9720 = DIRECTION('',(-1.,1.226948711654E-18,-1.226948711654E-18));
#9721 = ADVANCED_FACE('',(#9722),#9740,.T.);
#9722 = FACE_BOUND('',#9723,.T.);
#9723 = EDGE_LOOP('',(#9724,#9732,#9733,#9734));
#9724 = ORIENTED_EDGE('',*,*,#9725,.F.);
#9725 = EDGE_CURVE('',#4734,#9726,#9728,.T.);
#9726 = VERTEX_POINT('',#9727);
#9727 = CARTESIAN_POINT('',(2.38,-15.4,-3.));
#9728 = LINE('',#9729,#9730);
#9729 = CARTESIAN_POINT('',(2.273333333333,-15.50666666666,
    -2.893333333333));
#9730 = VECTOR('',#9731,1.);
#9731 = DIRECTION('',(0.57735026919,0.57735026919,-0.57735026919));
#9732 = ORIENTED_EDGE('',*,*,#4741,.T.);
#9733 = ORIENTED_EDGE('',*,*,#9701,.T.);
#9734 = ORIENTED_EDGE('',*,*,#9735,.F.);
#9735 = EDGE_CURVE('',#9726,#9702,#9736,.T.);
#9736 = LINE('',#9737,#9738);
#9737 = CARTESIAN_POINT('',(2.38,-15.56,-3.));
#9738 = VECTOR('',#9739,1.);
#9739 = DIRECTION('',(0.,1.,0.));
#9740 = PLANE('',#9741);
#9741 = AXIS2_PLACEMENT_3D('',#9742,#9743,#9744);
#9742 = CARTESIAN_POINT('',(2.3,-15.56,-2.92));
#9743 = DIRECTION('',(-0.707106781187,-1.735167508357E-18,
    -0.707106781187));
#9744 = DIRECTION('',(-1.226948711654E-18,1.,-1.226948711654E-18));
#9745 = ADVANCED_FACE('',(#9746),#9757,.T.);
#9746 = FACE_BOUND('',#9747,.F.);
#9747 = EDGE_LOOP('',(#9748,#9749,#9750,#9751));
#9748 = ORIENTED_EDGE('',*,*,#9725,.F.);
#9749 = ORIENTED_EDGE('',*,*,#4758,.T.);
#9750 = ORIENTED_EDGE('',*,*,#9670,.T.);
#9751 = ORIENTED_EDGE('',*,*,#9752,.F.);
#9752 = EDGE_CURVE('',#9726,#9671,#9753,.T.);
#9753 = LINE('',#9754,#9755);
#9754 = CARTESIAN_POINT('',(2.22,-15.4,-3.));
#9755 = VECTOR('',#9756,1.);
#9756 = DIRECTION('',(1.,0.,0.));
#9757 = PLANE('',#9758);
#9758 = AXIS2_PLACEMENT_3D('',#9759,#9760,#9761);
#9759 = CARTESIAN_POINT('',(2.22,-15.48,-2.92));
#9760 = DIRECTION('',(1.735167508357E-18,-0.707106781187,-0.707106781187
    ));
#9761 = DIRECTION('',(-1.,-1.226948711654E-18,-1.226948711654E-18));
#9762 = ADVANCED_FACE('',(#9763),#9788,.F.);
#9763 = FACE_BOUND('',#9764,.T.);
#9764 = EDGE_LOOP('',(#9765,#9773,#9774,#9782));
#9765 = ORIENTED_EDGE('',*,*,#9766,.F.);
#9766 = EDGE_CURVE('',#4783,#9767,#9769,.T.);
#9767 = VERTEX_POINT('',#9768);
#9768 = CARTESIAN_POINT('',(-0.16,-15.08,-3.));
#9769 = LINE('',#9770,#9771);
#9770 = CARTESIAN_POINT('',(-0.16,-15.08,-3.));
#9771 = VECTOR('',#9772,1.);
#9772 = DIRECTION('',(0.57735026919,-0.57735026919,-0.57735026919));
#9773 = ORIENTED_EDGE('',*,*,#4782,.T.);
#9774 = ORIENTED_EDGE('',*,*,#9775,.T.);
#9775 = EDGE_CURVE('',#4775,#9776,#9778,.T.);
#9776 = VERTEX_POINT('',#9777);
#9777 = CARTESIAN_POINT('',(0.16,-15.08,-3.));
#9778 = LINE('',#9779,#9780);
#9779 = CARTESIAN_POINT('',(5.333333333333E-02,-15.18666666666,
    -3.106666666667));
#9780 = VECTOR('',#9781,1.);
#9781 = DIRECTION('',(-0.57735026919,-0.57735026919,-0.57735026919));
#9782 = ORIENTED_EDGE('',*,*,#9783,.F.);
#9783 = EDGE_CURVE('',#9767,#9776,#9784,.T.);
#9784 = LINE('',#9785,#9786);
#9785 = CARTESIAN_POINT('',(-0.32,-15.08,-3.));
#9786 = VECTOR('',#9787,1.);
#9787 = DIRECTION('',(1.,0.,0.));
#9788 = PLANE('',#9789);
#9789 = AXIS2_PLACEMENT_3D('',#9790,#9791,#9792);
#9790 = CARTESIAN_POINT('',(-0.32,-15.,-2.92));
#9791 = DIRECTION('',(-1.735167508357E-18,-0.707106781187,0.707106781187
    ));
#9792 = DIRECTION('',(-1.,1.226948711654E-18,-1.226948711654E-18));
#9793 = ADVANCED_FACE('',(#9794),#9812,.T.);
#9794 = FACE_BOUND('',#9795,.T.);
#9795 = EDGE_LOOP('',(#9796,#9804,#9805,#9806));
#9796 = ORIENTED_EDGE('',*,*,#9797,.F.);
#9797 = EDGE_CURVE('',#4806,#9798,#9800,.T.);
#9798 = VERTEX_POINT('',#9799);
#9799 = CARTESIAN_POINT('',(-0.16,-15.4,-3.));
#9800 = LINE('',#9801,#9802);
#9801 = CARTESIAN_POINT('',(-0.266666666667,-15.50666666666,
    -2.893333333333));
#9802 = VECTOR('',#9803,1.);
#9803 = DIRECTION('',(0.57735026919,0.57735026919,-0.57735026919));
#9804 = ORIENTED_EDGE('',*,*,#4813,.T.);
#9805 = ORIENTED_EDGE('',*,*,#9766,.T.);
#9806 = ORIENTED_EDGE('',*,*,#9807,.F.);
#9807 = EDGE_CURVE('',#9798,#9767,#9808,.T.);
#9808 = LINE('',#9809,#9810);
#9809 = CARTESIAN_POINT('',(-0.16,-15.56,-3.));
#9810 = VECTOR('',#9811,1.);
#9811 = DIRECTION('',(0.,1.,0.));
#9812 = PLANE('',#9813);
#9813 = AXIS2_PLACEMENT_3D('',#9814,#9815,#9816);
#9814 = CARTESIAN_POINT('',(-0.24,-15.56,-2.92));
#9815 = DIRECTION('',(-0.707106781187,-1.735167508357E-18,
    -0.707106781187));
#9816 = DIRECTION('',(-1.226948711654E-18,1.,-1.226948711654E-18));
#9817 = ADVANCED_FACE('',(#9818),#9836,.T.);
#9818 = FACE_BOUND('',#9819,.F.);
#9819 = EDGE_LOOP('',(#9820,#9821,#9822,#9830));
#9820 = ORIENTED_EDGE('',*,*,#9797,.F.);
#9821 = ORIENTED_EDGE('',*,*,#4837,.T.);
#9822 = ORIENTED_EDGE('',*,*,#9823,.T.);
#9823 = EDGE_CURVE('',#4830,#9824,#9826,.T.);
#9824 = VERTEX_POINT('',#9825);
#9825 = CARTESIAN_POINT('',(0.16,-15.4,-3.));
#9826 = LINE('',#9827,#9828);
#9827 = CARTESIAN_POINT('',(0.16,-15.4,-3.));
#9828 = VECTOR('',#9829,1.);
#9829 = DIRECTION('',(-0.57735026919,0.57735026919,-0.57735026919));
#9830 = ORIENTED_EDGE('',*,*,#9831,.F.);
#9831 = EDGE_CURVE('',#9798,#9824,#9832,.T.);
#9832 = LINE('',#9833,#9834);
#9833 = CARTESIAN_POINT('',(-0.32,-15.4,-3.));
#9834 = VECTOR('',#9835,1.);
#9835 = DIRECTION('',(1.,0.,0.));
#9836 = PLANE('',#9837);
#9837 = AXIS2_PLACEMENT_3D('',#9838,#9839,#9840);
#9838 = CARTESIAN_POINT('',(-0.32,-15.48,-2.92));
#9839 = DIRECTION('',(1.735167508357E-18,-0.707106781187,-0.707106781187
    ));
#9840 = DIRECTION('',(-1.,-1.226948711654E-18,-1.226948711654E-18));
#9841 = ADVANCED_FACE('',(#9842),#9853,.F.);
#9842 = FACE_BOUND('',#9843,.F.);
#9843 = EDGE_LOOP('',(#9844,#9845,#9846,#9847));
#9844 = ORIENTED_EDGE('',*,*,#9823,.F.);
#9845 = ORIENTED_EDGE('',*,*,#4854,.T.);
#9846 = ORIENTED_EDGE('',*,*,#9775,.T.);
#9847 = ORIENTED_EDGE('',*,*,#9848,.F.);
#9848 = EDGE_CURVE('',#9824,#9776,#9849,.T.);
#9849 = LINE('',#9850,#9851);
#9850 = CARTESIAN_POINT('',(0.16,-15.56,-3.));
#9851 = VECTOR('',#9852,1.);
#9852 = DIRECTION('',(0.,1.,0.));
#9853 = PLANE('',#9854);
#9854 = AXIS2_PLACEMENT_3D('',#9855,#9856,#9857);
#9855 = CARTESIAN_POINT('',(0.24,-15.56,-2.92));
#9856 = DIRECTION('',(-0.707106781187,1.735167508357E-18,0.707106781187)
  );
#9857 = DIRECTION('',(1.226948711654E-18,1.,-1.226948711654E-18));
#9858 = ADVANCED_FACE('',(#9859),#9884,.F.);
#9859 = FACE_BOUND('',#9860,.F.);
#9860 = EDGE_LOOP('',(#9861,#9869,#9870,#9878));
#9861 = ORIENTED_EDGE('',*,*,#9862,.F.);
#9862 = EDGE_CURVE('',#4871,#9863,#9865,.T.);
#9863 = VERTEX_POINT('',#9864);
#9864 = CARTESIAN_POINT('',(2.7,-17.94,-3.));
#9865 = LINE('',#9866,#9867);
#9866 = CARTESIAN_POINT('',(2.7,-17.94,-3.));
#9867 = VECTOR('',#9868,1.);
#9868 = DIRECTION('',(-0.57735026919,0.57735026919,-0.57735026919));
#9869 = ORIENTED_EDGE('',*,*,#4878,.T.);
#9870 = ORIENTED_EDGE('',*,*,#9871,.T.);
#9871 = EDGE_CURVE('',#4879,#9872,#9874,.T.);
#9872 = VERTEX_POINT('',#9873);
#9873 = CARTESIAN_POINT('',(2.7,-17.62,-3.));
#9874 = LINE('',#9875,#9876);
#9875 = CARTESIAN_POINT('',(2.593333333333,-17.72666666666,
    -3.106666666667));
#9876 = VECTOR('',#9877,1.);
#9877 = DIRECTION('',(-0.57735026919,-0.57735026919,-0.57735026919));
#9878 = ORIENTED_EDGE('',*,*,#9879,.F.);
#9879 = EDGE_CURVE('',#9863,#9872,#9880,.T.);
#9880 = LINE('',#9881,#9882);
#9881 = CARTESIAN_POINT('',(2.7,-18.1,-3.));
#9882 = VECTOR('',#9883,1.);
#9883 = DIRECTION('',(0.,1.,0.));
#9884 = PLANE('',#9885);
#9885 = AXIS2_PLACEMENT_3D('',#9886,#9887,#9888);
#9886 = CARTESIAN_POINT('',(2.78,-18.1,-2.92));
#9887 = DIRECTION('',(-0.707106781187,1.735167508357E-18,0.707106781187)
  );
#9888 = DIRECTION('',(1.226948711654E-18,1.,-1.226948711654E-18));
#9889 = ADVANCED_FACE('',(#9890),#9908,.F.);
#9890 = FACE_BOUND('',#9891,.T.);
#9891 = EDGE_LOOP('',(#9892,#9900,#9901,#9902));
#9892 = ORIENTED_EDGE('',*,*,#9893,.F.);
#9893 = EDGE_CURVE('',#4903,#9894,#9896,.T.);
#9894 = VERTEX_POINT('',#9895);
#9895 = CARTESIAN_POINT('',(2.38,-17.62,-3.));
#9896 = LINE('',#9897,#9898);
#9897 = CARTESIAN_POINT('',(2.38,-17.62,-3.));
#9898 = VECTOR('',#9899,1.);
#9899 = DIRECTION('',(0.57735026919,-0.57735026919,-0.57735026919));
#9900 = ORIENTED_EDGE('',*,*,#4902,.T.);
#9901 = ORIENTED_EDGE('',*,*,#9871,.T.);
#9902 = ORIENTED_EDGE('',*,*,#9903,.F.);
#9903 = EDGE_CURVE('',#9894,#9872,#9904,.T.);
#9904 = LINE('',#9905,#9906);
#9905 = CARTESIAN_POINT('',(2.22,-17.62,-3.));
#9906 = VECTOR('',#9907,1.);
#9907 = DIRECTION('',(1.,0.,0.));
#9908 = PLANE('',#9909);
#9909 = AXIS2_PLACEMENT_3D('',#9910,#9911,#9912);
#9910 = CARTESIAN_POINT('',(2.22,-17.54,-2.92));
#9911 = DIRECTION('',(-1.735167508357E-18,-0.707106781187,0.707106781187
    ));
#9912 = DIRECTION('',(-1.,1.226948711654E-18,-1.226948711654E-18));
#9913 = ADVANCED_FACE('',(#9914),#9932,.T.);
#9914 = FACE_BOUND('',#9915,.T.);
#9915 = EDGE_LOOP('',(#9916,#9924,#9925,#9926));
#9916 = ORIENTED_EDGE('',*,*,#9917,.F.);
#9917 = EDGE_CURVE('',#4926,#9918,#9920,.T.);
#9918 = VERTEX_POINT('',#9919);
#9919 = CARTESIAN_POINT('',(2.38,-17.94,-3.));
#9920 = LINE('',#9921,#9922);
#9921 = CARTESIAN_POINT('',(2.273333333333,-18.04666666666,
    -2.893333333333));
#9922 = VECTOR('',#9923,1.);
#9923 = DIRECTION('',(0.57735026919,0.57735026919,-0.57735026919));
#9924 = ORIENTED_EDGE('',*,*,#4933,.T.);
#9925 = ORIENTED_EDGE('',*,*,#9893,.T.);
#9926 = ORIENTED_EDGE('',*,*,#9927,.F.);
#9927 = EDGE_CURVE('',#9918,#9894,#9928,.T.);
#9928 = LINE('',#9929,#9930);
#9929 = CARTESIAN_POINT('',(2.38,-18.1,-3.));
#9930 = VECTOR('',#9931,1.);
#9931 = DIRECTION('',(0.,1.,0.));
#9932 = PLANE('',#9933);
#9933 = AXIS2_PLACEMENT_3D('',#9934,#9935,#9936);
#9934 = CARTESIAN_POINT('',(2.3,-18.1,-2.92));
#9935 = DIRECTION('',(-0.707106781187,-1.735167508357E-18,
    -0.707106781187));
#9936 = DIRECTION('',(-1.226948711654E-18,1.,-1.226948711654E-18));
#9937 = ADVANCED_FACE('',(#9938),#9949,.T.);
#9938 = FACE_BOUND('',#9939,.F.);
#9939 = EDGE_LOOP('',(#9940,#9941,#9942,#9943));
#9940 = ORIENTED_EDGE('',*,*,#9917,.F.);
#9941 = ORIENTED_EDGE('',*,*,#4950,.T.);
#9942 = ORIENTED_EDGE('',*,*,#9862,.T.);
#9943 = ORIENTED_EDGE('',*,*,#9944,.F.);
#9944 = EDGE_CURVE('',#9918,#9863,#9945,.T.);
#9945 = LINE('',#9946,#9947);
#9946 = CARTESIAN_POINT('',(2.22,-17.94,-3.));
#9947 = VECTOR('',#9948,1.);
#9948 = DIRECTION('',(1.,0.,0.));
#9949 = PLANE('',#9950);
#9950 = AXIS2_PLACEMENT_3D('',#9951,#9952,#9953);
#9951 = CARTESIAN_POINT('',(2.22,-18.02,-2.92));
#9952 = DIRECTION('',(1.735167508357E-18,-0.707106781187,-0.707106781187
    ));
#9953 = DIRECTION('',(-1.,-1.226948711654E-18,-1.226948711654E-18));
#9954 = ADVANCED_FACE('',(#9955),#9980,.F.);
#9955 = FACE_BOUND('',#9956,.F.);
#9956 = EDGE_LOOP('',(#9957,#9965,#9966,#9974));
#9957 = ORIENTED_EDGE('',*,*,#9958,.F.);
#9958 = EDGE_CURVE('',#4967,#9959,#9961,.T.);
#9959 = VERTEX_POINT('',#9960);
#9960 = CARTESIAN_POINT('',(0.16,-17.94,-3.));
#9961 = LINE('',#9962,#9963);
#9962 = CARTESIAN_POINT('',(0.16,-17.94,-3.));
#9963 = VECTOR('',#9964,1.);
#9964 = DIRECTION('',(-0.57735026919,0.57735026919,-0.57735026919));
#9965 = ORIENTED_EDGE('',*,*,#4974,.T.);
#9966 = ORIENTED_EDGE('',*,*,#9967,.T.);
#9967 = EDGE_CURVE('',#4975,#9968,#9970,.T.);
#9968 = VERTEX_POINT('',#9969);
#9969 = CARTESIAN_POINT('',(0.16,-17.62,-3.));
#9970 = LINE('',#9971,#9972);
#9971 = CARTESIAN_POINT('',(5.333333333333E-02,-17.72666666666,
    -3.106666666667));
#9972 = VECTOR('',#9973,1.);
#9973 = DIRECTION('',(-0.57735026919,-0.57735026919,-0.57735026919));
#9974 = ORIENTED_EDGE('',*,*,#9975,.F.);
#9975 = EDGE_CURVE('',#9959,#9968,#9976,.T.);
#9976 = LINE('',#9977,#9978);
#9977 = CARTESIAN_POINT('',(0.16,-18.1,-3.));
#9978 = VECTOR('',#9979,1.);
#9979 = DIRECTION('',(0.,1.,0.));
#9980 = PLANE('',#9981);
#9981 = AXIS2_PLACEMENT_3D('',#9982,#9983,#9984);
#9982 = CARTESIAN_POINT('',(0.24,-18.1,-2.92));
#9983 = DIRECTION('',(-0.707106781187,1.735167508357E-18,0.707106781187)
  );
#9984 = DIRECTION('',(1.226948711654E-18,1.,-1.226948711654E-18));
#9985 = ADVANCED_FACE('',(#9986),#10004,.F.);
#9986 = FACE_BOUND('',#9987,.T.);
#9987 = EDGE_LOOP('',(#9988,#9996,#9997,#9998));
#9988 = ORIENTED_EDGE('',*,*,#9989,.F.);
#9989 = EDGE_CURVE('',#4999,#9990,#9992,.T.);
#9990 = VERTEX_POINT('',#9991);
#9991 = CARTESIAN_POINT('',(-0.16,-17.62,-3.));
#9992 = LINE('',#9993,#9994);
#9993 = CARTESIAN_POINT('',(-0.16,-17.62,-3.));
#9994 = VECTOR('',#9995,1.);
#9995 = DIRECTION('',(0.57735026919,-0.57735026919,-0.57735026919));
#9996 = ORIENTED_EDGE('',*,*,#4998,.T.);
#9997 = ORIENTED_EDGE('',*,*,#9967,.T.);
#9998 = ORIENTED_EDGE('',*,*,#9999,.F.);
#9999 = EDGE_CURVE('',#9990,#9968,#10000,.T.);
#10000 = LINE('',#10001,#10002);
#10001 = CARTESIAN_POINT('',(-0.32,-17.62,-3.));
#10002 = VECTOR('',#10003,1.);
#10003 = DIRECTION('',(1.,0.,0.));
#10004 = PLANE('',#10005);
#10005 = AXIS2_PLACEMENT_3D('',#10006,#10007,#10008);
#10006 = CARTESIAN_POINT('',(-0.32,-17.54,-2.92));
#10007 = DIRECTION('',(-1.735167508357E-18,-0.707106781187,
    0.707106781187));
#10008 = DIRECTION('',(-1.,1.226948711654E-18,-1.226948711654E-18));
#10009 = ADVANCED_FACE('',(#10010),#10028,.T.);
#10010 = FACE_BOUND('',#10011,.T.);
#10011 = EDGE_LOOP('',(#10012,#10020,#10021,#10022));
#10012 = ORIENTED_EDGE('',*,*,#10013,.F.);
#10013 = EDGE_CURVE('',#5022,#10014,#10016,.T.);
#10014 = VERTEX_POINT('',#10015);
#10015 = CARTESIAN_POINT('',(-0.16,-17.94,-3.));
#10016 = LINE('',#10017,#10018);
#10017 = CARTESIAN_POINT('',(-0.266666666667,-18.04666666666,
    -2.893333333333));
#10018 = VECTOR('',#10019,1.);
#10019 = DIRECTION('',(0.57735026919,0.57735026919,-0.57735026919));
#10020 = ORIENTED_EDGE('',*,*,#5029,.T.);
#10021 = ORIENTED_EDGE('',*,*,#9989,.T.);
#10022 = ORIENTED_EDGE('',*,*,#10023,.F.);
#10023 = EDGE_CURVE('',#10014,#9990,#10024,.T.);
#10024 = LINE('',#10025,#10026);
#10025 = CARTESIAN_POINT('',(-0.16,-18.1,-3.));
#10026 = VECTOR('',#10027,1.);
#10027 = DIRECTION('',(0.,1.,0.));
#10028 = PLANE('',#10029);
#10029 = AXIS2_PLACEMENT_3D('',#10030,#10031,#10032);
#10030 = CARTESIAN_POINT('',(-0.24,-18.1,-2.92));
#10031 = DIRECTION('',(-0.707106781187,-1.735167508357E-18,
    -0.707106781187));
#10032 = DIRECTION('',(-1.226948711654E-18,1.,-1.226948711654E-18));
#10033 = ADVANCED_FACE('',(#10034),#10045,.T.);
#10034 = FACE_BOUND('',#10035,.F.);
#10035 = EDGE_LOOP('',(#10036,#10037,#10038,#10039));
#10036 = ORIENTED_EDGE('',*,*,#10013,.F.);
#10037 = ORIENTED_EDGE('',*,*,#5046,.T.);
#10038 = ORIENTED_EDGE('',*,*,#9958,.T.);
#10039 = ORIENTED_EDGE('',*,*,#10040,.F.);
#10040 = EDGE_CURVE('',#10014,#9959,#10041,.T.);
#10041 = LINE('',#10042,#10043);
#10042 = CARTESIAN_POINT('',(-0.32,-17.94,-3.));
#10043 = VECTOR('',#10044,1.);
#10044 = DIRECTION('',(1.,0.,0.));
#10045 = PLANE('',#10046);
#10046 = AXIS2_PLACEMENT_3D('',#10047,#10048,#10049);
#10047 = CARTESIAN_POINT('',(-0.32,-18.02,-2.92));
#10048 = DIRECTION('',(1.735167508357E-18,-0.707106781187,
    -0.707106781187));
#10049 = DIRECTION('',(-1.,-1.226948711654E-18,-1.226948711654E-18));
#10050 = ADVANCED_FACE('',(#10051),#10076,.T.);
#10051 = FACE_BOUND('',#10052,.F.);
#10052 = EDGE_LOOP('',(#10053,#10061,#10062,#10070));
#10053 = ORIENTED_EDGE('',*,*,#10054,.F.);
#10054 = EDGE_CURVE('',#5071,#10055,#10057,.T.);
#10055 = VERTEX_POINT('',#10056);
#10056 = CARTESIAN_POINT('',(2.38,-25.56,-3.));
#10057 = LINE('',#10058,#10059);
#10058 = CARTESIAN_POINT('',(2.273333333333,-25.66666666666,
    -2.893333333333));
#10059 = VECTOR('',#10060,1.);
#10060 = DIRECTION('',(0.57735026919,0.57735026919,-0.57735026919));
#10061 = ORIENTED_EDGE('',*,*,#5070,.T.);
#10062 = ORIENTED_EDGE('',*,*,#10063,.T.);
#10063 = EDGE_CURVE('',#5063,#10064,#10066,.T.);
#10064 = VERTEX_POINT('',#10065);
#10065 = CARTESIAN_POINT('',(2.7,-25.56,-3.));
#10066 = LINE('',#10067,#10068);
#10067 = CARTESIAN_POINT('',(2.7,-25.56,-3.));
#10068 = VECTOR('',#10069,1.);
#10069 = DIRECTION('',(-0.57735026919,0.57735026919,-0.57735026919));
#10070 = ORIENTED_EDGE('',*,*,#10071,.F.);
#10071 = EDGE_CURVE('',#10055,#10064,#10072,.T.);
#10072 = LINE('',#10073,#10074);
#10073 = CARTESIAN_POINT('',(2.22,-25.56,-3.));
#10074 = VECTOR('',#10075,1.);
#10075 = DIRECTION('',(1.,0.,0.));
#10076 = PLANE('',#10077);
#10077 = AXIS2_PLACEMENT_3D('',#10078,#10079,#10080);
#10078 = CARTESIAN_POINT('',(2.22,-25.64,-2.92));
#10079 = DIRECTION('',(1.735167508357E-18,-0.707106781187,
    -0.707106781187));
#10080 = DIRECTION('',(-1.,-1.226948711654E-18,-1.226948711654E-18));
#10081 = ADVANCED_FACE('',(#10082),#10100,.F.);
#10082 = FACE_BOUND('',#10083,.F.);
#10083 = EDGE_LOOP('',(#10084,#10085,#10086,#10094));
#10084 = ORIENTED_EDGE('',*,*,#10063,.F.);
#10085 = ORIENTED_EDGE('',*,*,#5094,.T.);
#10086 = ORIENTED_EDGE('',*,*,#10087,.T.);
#10087 = EDGE_CURVE('',#5095,#10088,#10090,.T.);
#10088 = VERTEX_POINT('',#10089);
#10089 = CARTESIAN_POINT('',(2.7,-25.24,-3.));
#10090 = LINE('',#10091,#10092);
#10091 = CARTESIAN_POINT('',(2.593333333333,-25.34666666666,
    -3.106666666667));
#10092 = VECTOR('',#10093,1.);
#10093 = DIRECTION('',(-0.57735026919,-0.57735026919,-0.57735026919));
#10094 = ORIENTED_EDGE('',*,*,#10095,.F.);
#10095 = EDGE_CURVE('',#10064,#10088,#10096,.T.);
#10096 = LINE('',#10097,#10098);
#10097 = CARTESIAN_POINT('',(2.7,-25.72,-3.));
#10098 = VECTOR('',#10099,1.);
#10099 = DIRECTION('',(0.,1.,0.));
#10100 = PLANE('',#10101);
#10101 = AXIS2_PLACEMENT_3D('',#10102,#10103,#10104);
#10102 = CARTESIAN_POINT('',(2.78,-25.72,-2.92));
#10103 = DIRECTION('',(-0.707106781187,1.735167508357E-18,0.707106781187
    ));
#10104 = DIRECTION('',(1.226948711654E-18,1.,-1.226948711654E-18));
#10105 = ADVANCED_FACE('',(#10106),#10124,.F.);
#10106 = FACE_BOUND('',#10107,.T.);
#10107 = EDGE_LOOP('',(#10108,#10116,#10117,#10118));
#10108 = ORIENTED_EDGE('',*,*,#10109,.F.);
#10109 = EDGE_CURVE('',#5119,#10110,#10112,.T.);
#10110 = VERTEX_POINT('',#10111);
#10111 = CARTESIAN_POINT('',(2.38,-25.24,-3.));
#10112 = LINE('',#10113,#10114);
#10113 = CARTESIAN_POINT('',(2.38,-25.24,-3.));
#10114 = VECTOR('',#10115,1.);
#10115 = DIRECTION('',(0.57735026919,-0.57735026919,-0.57735026919));
#10116 = ORIENTED_EDGE('',*,*,#5118,.T.);
#10117 = ORIENTED_EDGE('',*,*,#10087,.T.);
#10118 = ORIENTED_EDGE('',*,*,#10119,.F.);
#10119 = EDGE_CURVE('',#10110,#10088,#10120,.T.);
#10120 = LINE('',#10121,#10122);
#10121 = CARTESIAN_POINT('',(2.22,-25.24,-3.));
#10122 = VECTOR('',#10123,1.);
#10123 = DIRECTION('',(1.,0.,0.));
#10124 = PLANE('',#10125);
#10125 = AXIS2_PLACEMENT_3D('',#10126,#10127,#10128);
#10126 = CARTESIAN_POINT('',(2.22,-25.16,-2.92));
#10127 = DIRECTION('',(-1.735167508357E-18,-0.707106781187,
    0.707106781187));
#10128 = DIRECTION('',(-1.,1.226948711654E-18,-1.226948711654E-18));
#10129 = ADVANCED_FACE('',(#10130),#10141,.T.);
#10130 = FACE_BOUND('',#10131,.T.);
#10131 = EDGE_LOOP('',(#10132,#10133,#10134,#10135));
#10132 = ORIENTED_EDGE('',*,*,#10054,.F.);
#10133 = ORIENTED_EDGE('',*,*,#5142,.T.);
#10134 = ORIENTED_EDGE('',*,*,#10109,.T.);
#10135 = ORIENTED_EDGE('',*,*,#10136,.F.);
#10136 = EDGE_CURVE('',#10055,#10110,#10137,.T.);
#10137 = LINE('',#10138,#10139);
#10138 = CARTESIAN_POINT('',(2.38,-25.72,-3.));
#10139 = VECTOR('',#10140,1.);
#10140 = DIRECTION('',(0.,1.,0.));
#10141 = PLANE('',#10142);
#10142 = AXIS2_PLACEMENT_3D('',#10143,#10144,#10145);
#10143 = CARTESIAN_POINT('',(2.3,-25.72,-2.92));
#10144 = DIRECTION('',(-0.707106781187,-1.735167508357E-18,
    -0.707106781187));
#10145 = DIRECTION('',(-1.226948711654E-18,1.,-1.226948711654E-18));
#10146 = ADVANCED_FACE('',(#10147),#10172,.F.);
#10147 = FACE_BOUND('',#10148,.T.);
#10148 = EDGE_LOOP('',(#10149,#10157,#10158,#10166));
#10149 = ORIENTED_EDGE('',*,*,#10150,.F.);
#10150 = EDGE_CURVE('',#5167,#10151,#10153,.T.);
#10151 = VERTEX_POINT('',#10152);
#10152 = CARTESIAN_POINT('',(2.38,-22.7,-3.));
#10153 = LINE('',#10154,#10155);
#10154 = CARTESIAN_POINT('',(2.38,-22.7,-3.));
#10155 = VECTOR('',#10156,1.);
#10156 = DIRECTION('',(0.57735026919,-0.57735026919,-0.57735026919));
#10157 = ORIENTED_EDGE('',*,*,#5166,.T.);
#10158 = ORIENTED_EDGE('',*,*,#10159,.T.);
#10159 = EDGE_CURVE('',#5159,#10160,#10162,.T.);
#10160 = VERTEX_POINT('',#10161);
#10161 = CARTESIAN_POINT('',(2.7,-22.7,-3.));
#10162 = LINE('',#10163,#10164);
#10163 = CARTESIAN_POINT('',(2.593333333333,-22.80666666666,
    -3.106666666667));
#10164 = VECTOR('',#10165,1.);
#10165 = DIRECTION('',(-0.57735026919,-0.57735026919,-0.57735026919));
#10166 = ORIENTED_EDGE('',*,*,#10167,.F.);
#10167 = EDGE_CURVE('',#10151,#10160,#10168,.T.);
#10168 = LINE('',#10169,#10170);
#10169 = CARTESIAN_POINT('',(2.22,-22.7,-3.));
#10170 = VECTOR('',#10171,1.);
#10171 = DIRECTION('',(1.,0.,0.));
#10172 = PLANE('',#10173);
#10173 = AXIS2_PLACEMENT_3D('',#10174,#10175,#10176);
#10174 = CARTESIAN_POINT('',(2.22,-22.62,-2.92));
#10175 = DIRECTION('',(-1.735167508357E-18,-0.707106781187,
    0.707106781187));
#10176 = DIRECTION('',(-1.,1.226948711654E-18,-1.226948711654E-18));
#10177 = ADVANCED_FACE('',(#10178),#10196,.T.);
#10178 = FACE_BOUND('',#10179,.T.);
#10179 = EDGE_LOOP('',(#10180,#10188,#10189,#10190));
#10180 = ORIENTED_EDGE('',*,*,#10181,.F.);
#10181 = EDGE_CURVE('',#5190,#10182,#10184,.T.);
#10182 = VERTEX_POINT('',#10183);
#10183 = CARTESIAN_POINT('',(2.38,-23.02,-3.));
#10184 = LINE('',#10185,#10186);
#10185 = CARTESIAN_POINT('',(2.273333333333,-23.12666666666,
    -2.893333333333));
#10186 = VECTOR('',#10187,1.);
#10187 = DIRECTION('',(0.57735026919,0.57735026919,-0.57735026919));
#10188 = ORIENTED_EDGE('',*,*,#5197,.T.);
#10189 = ORIENTED_EDGE('',*,*,#10150,.T.);
#10190 = ORIENTED_EDGE('',*,*,#10191,.F.);
#10191 = EDGE_CURVE('',#10182,#10151,#10192,.T.);
#10192 = LINE('',#10193,#10194);
#10193 = CARTESIAN_POINT('',(2.38,-23.18,-3.));
#10194 = VECTOR('',#10195,1.);
#10195 = DIRECTION('',(0.,1.,0.));
#10196 = PLANE('',#10197);
#10197 = AXIS2_PLACEMENT_3D('',#10198,#10199,#10200);
#10198 = CARTESIAN_POINT('',(2.3,-23.18,-2.92));
#10199 = DIRECTION('',(-0.707106781187,-1.735167508357E-18,
    -0.707106781187));
#10200 = DIRECTION('',(-1.226948711654E-18,1.,-1.226948711654E-18));
#10201 = ADVANCED_FACE('',(#10202),#10220,.T.);
#10202 = FACE_BOUND('',#10203,.F.);
#10203 = EDGE_LOOP('',(#10204,#10205,#10206,#10214));
#10204 = ORIENTED_EDGE('',*,*,#10181,.F.);
#10205 = ORIENTED_EDGE('',*,*,#5221,.T.);
#10206 = ORIENTED_EDGE('',*,*,#10207,.T.);
#10207 = EDGE_CURVE('',#5214,#10208,#10210,.T.);
#10208 = VERTEX_POINT('',#10209);
#10209 = CARTESIAN_POINT('',(2.7,-23.02,-3.));
#10210 = LINE('',#10211,#10212);
#10211 = CARTESIAN_POINT('',(2.7,-23.02,-3.));
#10212 = VECTOR('',#10213,1.);
#10213 = DIRECTION('',(-0.57735026919,0.57735026919,-0.57735026919));
#10214 = ORIENTED_EDGE('',*,*,#10215,.F.);
#10215 = EDGE_CURVE('',#10182,#10208,#10216,.T.);
#10216 = LINE('',#10217,#10218);
#10217 = CARTESIAN_POINT('',(2.22,-23.02,-3.));
#10218 = VECTOR('',#10219,1.);
#10219 = DIRECTION('',(1.,0.,0.));
#10220 = PLANE('',#10221);
#10221 = AXIS2_PLACEMENT_3D('',#10222,#10223,#10224);
#10222 = CARTESIAN_POINT('',(2.22,-23.1,-2.92));
#10223 = DIRECTION('',(1.735167508357E-18,-0.707106781187,
    -0.707106781187));
#10224 = DIRECTION('',(-1.,-1.226948711654E-18,-1.226948711654E-18));
#10225 = ADVANCED_FACE('',(#10226),#10237,.F.);
#10226 = FACE_BOUND('',#10227,.F.);
#10227 = EDGE_LOOP('',(#10228,#10229,#10230,#10231));
#10228 = ORIENTED_EDGE('',*,*,#10207,.F.);
#10229 = ORIENTED_EDGE('',*,*,#5238,.T.);
#10230 = ORIENTED_EDGE('',*,*,#10159,.T.);
#10231 = ORIENTED_EDGE('',*,*,#10232,.F.);
#10232 = EDGE_CURVE('',#10208,#10160,#10233,.T.);
#10233 = LINE('',#10234,#10235);
#10234 = CARTESIAN_POINT('',(2.7,-23.18,-3.));
#10235 = VECTOR('',#10236,1.);
#10236 = DIRECTION('',(0.,1.,0.));
#10237 = PLANE('',#10238);
#10238 = AXIS2_PLACEMENT_3D('',#10239,#10240,#10241);
#10239 = CARTESIAN_POINT('',(2.78,-23.18,-2.92));
#10240 = DIRECTION('',(-0.707106781187,1.735167508357E-18,0.707106781187
    ));
#10241 = DIRECTION('',(1.226948711654E-18,1.,-1.226948711654E-18));
#10242 = ADVANCED_FACE('',(#10243),#10268,.F.);
#10243 = FACE_BOUND('',#10244,.T.);
#10244 = EDGE_LOOP('',(#10245,#10253,#10254,#10262));
#10245 = ORIENTED_EDGE('',*,*,#10246,.F.);
#10246 = EDGE_CURVE('',#5263,#10247,#10249,.T.);
#10247 = VERTEX_POINT('',#10248);
#10248 = CARTESIAN_POINT('',(-0.16,-25.24,-3.));
#10249 = LINE('',#10250,#10251);
#10250 = CARTESIAN_POINT('',(-0.16,-25.24,-3.));
#10251 = VECTOR('',#10252,1.);
#10252 = DIRECTION('',(0.57735026919,-0.57735026919,-0.57735026919));
#10253 = ORIENTED_EDGE('',*,*,#5262,.T.);
#10254 = ORIENTED_EDGE('',*,*,#10255,.T.);
#10255 = EDGE_CURVE('',#5255,#10256,#10258,.T.);
#10256 = VERTEX_POINT('',#10257);
#10257 = CARTESIAN_POINT('',(0.16,-25.24,-3.));
#10258 = LINE('',#10259,#10260);
#10259 = CARTESIAN_POINT('',(5.333333333333E-02,-25.34666666666,
    -3.106666666667));
#10260 = VECTOR('',#10261,1.);
#10261 = DIRECTION('',(-0.57735026919,-0.57735026919,-0.57735026919));
#10262 = ORIENTED_EDGE('',*,*,#10263,.F.);
#10263 = EDGE_CURVE('',#10247,#10256,#10264,.T.);
#10264 = LINE('',#10265,#10266);
#10265 = CARTESIAN_POINT('',(-0.32,-25.24,-3.));
#10266 = VECTOR('',#10267,1.);
#10267 = DIRECTION('',(1.,0.,0.));
#10268 = PLANE('',#10269);
#10269 = AXIS2_PLACEMENT_3D('',#10270,#10271,#10272);
#10270 = CARTESIAN_POINT('',(-0.32,-25.16,-2.92));
#10271 = DIRECTION('',(-1.735167508357E-18,-0.707106781187,
    0.707106781187));
#10272 = DIRECTION('',(-1.,1.226948711654E-18,-1.226948711654E-18));
#10273 = ADVANCED_FACE('',(#10274),#10292,.T.);
#10274 = FACE_BOUND('',#10275,.T.);
#10275 = EDGE_LOOP('',(#10276,#10284,#10285,#10286));
#10276 = ORIENTED_EDGE('',*,*,#10277,.F.);
#10277 = EDGE_CURVE('',#5286,#10278,#10280,.T.);
#10278 = VERTEX_POINT('',#10279);
#10279 = CARTESIAN_POINT('',(-0.16,-25.56,-3.));
#10280 = LINE('',#10281,#10282);
#10281 = CARTESIAN_POINT('',(-0.266666666667,-25.66666666666,
    -2.893333333333));
#10282 = VECTOR('',#10283,1.);
#10283 = DIRECTION('',(0.57735026919,0.57735026919,-0.57735026919));
#10284 = ORIENTED_EDGE('',*,*,#5293,.T.);
#10285 = ORIENTED_EDGE('',*,*,#10246,.T.);
#10286 = ORIENTED_EDGE('',*,*,#10287,.F.);
#10287 = EDGE_CURVE('',#10278,#10247,#10288,.T.);
#10288 = LINE('',#10289,#10290);
#10289 = CARTESIAN_POINT('',(-0.16,-25.72,-3.));
#10290 = VECTOR('',#10291,1.);
#10291 = DIRECTION('',(0.,1.,0.));
#10292 = PLANE('',#10293);
#10293 = AXIS2_PLACEMENT_3D('',#10294,#10295,#10296);
#10294 = CARTESIAN_POINT('',(-0.24,-25.72,-2.92));
#10295 = DIRECTION('',(-0.707106781187,-1.735167508357E-18,
    -0.707106781187));
#10296 = DIRECTION('',(-1.226948711654E-18,1.,-1.226948711654E-18));
#10297 = ADVANCED_FACE('',(#10298),#10316,.T.);
#10298 = FACE_BOUND('',#10299,.F.);
#10299 = EDGE_LOOP('',(#10300,#10301,#10302,#10310));
#10300 = ORIENTED_EDGE('',*,*,#10277,.F.);
#10301 = ORIENTED_EDGE('',*,*,#5317,.T.);
#10302 = ORIENTED_EDGE('',*,*,#10303,.T.);
#10303 = EDGE_CURVE('',#5310,#10304,#10306,.T.);
#10304 = VERTEX_POINT('',#10305);
#10305 = CARTESIAN_POINT('',(0.16,-25.56,-3.));
#10306 = LINE('',#10307,#10308);
#10307 = CARTESIAN_POINT('',(0.16,-25.56,-3.));
#10308 = VECTOR('',#10309,1.);
#10309 = DIRECTION('',(-0.57735026919,0.57735026919,-0.57735026919));
#10310 = ORIENTED_EDGE('',*,*,#10311,.F.);
#10311 = EDGE_CURVE('',#10278,#10304,#10312,.T.);
#10312 = LINE('',#10313,#10314);
#10313 = CARTESIAN_POINT('',(-0.32,-25.56,-3.));
#10314 = VECTOR('',#10315,1.);
#10315 = DIRECTION('',(1.,0.,0.));
#10316 = PLANE('',#10317);
#10317 = AXIS2_PLACEMENT_3D('',#10318,#10319,#10320);
#10318 = CARTESIAN_POINT('',(-0.32,-25.64,-2.92));
#10319 = DIRECTION('',(1.735167508357E-18,-0.707106781187,
    -0.707106781187));
#10320 = DIRECTION('',(-1.,-1.226948711654E-18,-1.226948711654E-18));
#10321 = ADVANCED_FACE('',(#10322),#10333,.F.);
#10322 = FACE_BOUND('',#10323,.F.);
#10323 = EDGE_LOOP('',(#10324,#10325,#10326,#10327));
#10324 = ORIENTED_EDGE('',*,*,#10303,.F.);
#10325 = ORIENTED_EDGE('',*,*,#5334,.T.);
#10326 = ORIENTED_EDGE('',*,*,#10255,.T.);
#10327 = ORIENTED_EDGE('',*,*,#10328,.F.);
#10328 = EDGE_CURVE('',#10304,#10256,#10329,.T.);
#10329 = LINE('',#10330,#10331);
#10330 = CARTESIAN_POINT('',(0.16,-25.72,-3.));
#10331 = VECTOR('',#10332,1.);
#10332 = DIRECTION('',(0.,1.,0.));
#10333 = PLANE('',#10334);
#10334 = AXIS2_PLACEMENT_3D('',#10335,#10336,#10337);
#10335 = CARTESIAN_POINT('',(0.24,-25.72,-2.92));
#10336 = DIRECTION('',(-0.707106781187,1.735167508357E-18,0.707106781187
    ));
#10337 = DIRECTION('',(1.226948711654E-18,1.,-1.226948711654E-18));
#10338 = ADVANCED_FACE('',(#10339),#10364,.F.);
#10339 = FACE_BOUND('',#10340,.F.);
#10340 = EDGE_LOOP('',(#10341,#10349,#10350,#10358));
#10341 = ORIENTED_EDGE('',*,*,#10342,.F.);
#10342 = EDGE_CURVE('',#5351,#10343,#10345,.T.);
#10343 = VERTEX_POINT('',#10344);
#10344 = CARTESIAN_POINT('',(0.16,-20.48,-3.));
#10345 = LINE('',#10346,#10347);
#10346 = CARTESIAN_POINT('',(0.16,-20.48,-3.));
#10347 = VECTOR('',#10348,1.);
#10348 = DIRECTION('',(-0.57735026919,0.57735026919,-0.57735026919));
#10349 = ORIENTED_EDGE('',*,*,#5358,.T.);
#10350 = ORIENTED_EDGE('',*,*,#10351,.T.);
#10351 = EDGE_CURVE('',#5359,#10352,#10354,.T.);
#10352 = VERTEX_POINT('',#10353);
#10353 = CARTESIAN_POINT('',(0.16,-20.16,-3.));
#10354 = LINE('',#10355,#10356);
#10355 = CARTESIAN_POINT('',(5.333333333333E-02,-20.26666666666,
    -3.106666666667));
#10356 = VECTOR('',#10357,1.);
#10357 = DIRECTION('',(-0.57735026919,-0.57735026919,-0.57735026919));
#10358 = ORIENTED_EDGE('',*,*,#10359,.F.);
#10359 = EDGE_CURVE('',#10343,#10352,#10360,.T.);
#10360 = LINE('',#10361,#10362);
#10361 = CARTESIAN_POINT('',(0.16,-20.64,-3.));
#10362 = VECTOR('',#10363,1.);
#10363 = DIRECTION('',(0.,1.,0.));
#10364 = PLANE('',#10365);
#10365 = AXIS2_PLACEMENT_3D('',#10366,#10367,#10368);
#10366 = CARTESIAN_POINT('',(0.24,-20.64,-2.92));
#10367 = DIRECTION('',(-0.707106781187,1.735167508357E-18,0.707106781187
    ));
#10368 = DIRECTION('',(1.226948711654E-18,1.,-1.226948711654E-18));
#10369 = ADVANCED_FACE('',(#10370),#10388,.F.);
#10370 = FACE_BOUND('',#10371,.T.);
#10371 = EDGE_LOOP('',(#10372,#10380,#10381,#10382));
#10372 = ORIENTED_EDGE('',*,*,#10373,.F.);
#10373 = EDGE_CURVE('',#5383,#10374,#10376,.T.);
#10374 = VERTEX_POINT('',#10375);
#10375 = CARTESIAN_POINT('',(-0.16,-20.16,-3.));
#10376 = LINE('',#10377,#10378);
#10377 = CARTESIAN_POINT('',(-0.16,-20.16,-3.));
#10378 = VECTOR('',#10379,1.);
#10379 = DIRECTION('',(0.57735026919,-0.57735026919,-0.57735026919));
#10380 = ORIENTED_EDGE('',*,*,#5382,.T.);
#10381 = ORIENTED_EDGE('',*,*,#10351,.T.);
#10382 = ORIENTED_EDGE('',*,*,#10383,.F.);
#10383 = EDGE_CURVE('',#10374,#10352,#10384,.T.);
#10384 = LINE('',#10385,#10386);
#10385 = CARTESIAN_POINT('',(-0.32,-20.16,-3.));
#10386 = VECTOR('',#10387,1.);
#10387 = DIRECTION('',(1.,0.,0.));
#10388 = PLANE('',#10389);
#10389 = AXIS2_PLACEMENT_3D('',#10390,#10391,#10392);
#10390 = CARTESIAN_POINT('',(-0.32,-20.08,-2.92));
#10391 = DIRECTION('',(-1.735167508357E-18,-0.707106781187,
    0.707106781187));
#10392 = DIRECTION('',(-1.,1.226948711654E-18,-1.226948711654E-18));
#10393 = ADVANCED_FACE('',(#10394),#10412,.T.);
#10394 = FACE_BOUND('',#10395,.T.);
#10395 = EDGE_LOOP('',(#10396,#10404,#10405,#10406));
#10396 = ORIENTED_EDGE('',*,*,#10397,.F.);
#10397 = EDGE_CURVE('',#5406,#10398,#10400,.T.);
#10398 = VERTEX_POINT('',#10399);
#10399 = CARTESIAN_POINT('',(-0.16,-20.48,-3.));
#10400 = LINE('',#10401,#10402);
#10401 = CARTESIAN_POINT('',(-0.266666666667,-20.58666666666,
    -2.893333333333));
#10402 = VECTOR('',#10403,1.);
#10403 = DIRECTION('',(0.57735026919,0.57735026919,-0.57735026919));
#10404 = ORIENTED_EDGE('',*,*,#5413,.T.);
#10405 = ORIENTED_EDGE('',*,*,#10373,.T.);
#10406 = ORIENTED_EDGE('',*,*,#10407,.F.);
#10407 = EDGE_CURVE('',#10398,#10374,#10408,.T.);
#10408 = LINE('',#10409,#10410);
#10409 = CARTESIAN_POINT('',(-0.16,-20.64,-3.));
#10410 = VECTOR('',#10411,1.);
#10411 = DIRECTION('',(0.,1.,0.));
#10412 = PLANE('',#10413);
#10413 = AXIS2_PLACEMENT_3D('',#10414,#10415,#10416);
#10414 = CARTESIAN_POINT('',(-0.24,-20.64,-2.92));
#10415 = DIRECTION('',(-0.707106781187,-1.735167508357E-18,
    -0.707106781187));
#10416 = DIRECTION('',(-1.226948711654E-18,1.,-1.226948711654E-18));
#10417 = ADVANCED_FACE('',(#10418),#10429,.T.);
#10418 = FACE_BOUND('',#10419,.F.);
#10419 = EDGE_LOOP('',(#10420,#10421,#10422,#10423));
#10420 = ORIENTED_EDGE('',*,*,#10397,.F.);
#10421 = ORIENTED_EDGE('',*,*,#5430,.T.);
#10422 = ORIENTED_EDGE('',*,*,#10342,.T.);
#10423 = ORIENTED_EDGE('',*,*,#10424,.F.);
#10424 = EDGE_CURVE('',#10398,#10343,#10425,.T.);
#10425 = LINE('',#10426,#10427);
#10426 = CARTESIAN_POINT('',(-0.32,-20.48,-3.));
#10427 = VECTOR('',#10428,1.);
#10428 = DIRECTION('',(1.,0.,0.));
#10429 = PLANE('',#10430);
#10430 = AXIS2_PLACEMENT_3D('',#10431,#10432,#10433);
#10431 = CARTESIAN_POINT('',(-0.32,-20.56,-2.92));
#10432 = DIRECTION('',(1.735167508357E-18,-0.707106781187,
    -0.707106781187));
#10433 = DIRECTION('',(-1.,-1.226948711654E-18,-1.226948711654E-18));
#10434 = ADVANCED_FACE('',(#10435),#10460,.F.);
#10435 = FACE_BOUND('',#10436,.T.);
#10436 = EDGE_LOOP('',(#10437,#10445,#10446,#10454));
#10437 = ORIENTED_EDGE('',*,*,#10438,.F.);
#10438 = EDGE_CURVE('',#5455,#10439,#10441,.T.);
#10439 = VERTEX_POINT('',#10440);
#10440 = CARTESIAN_POINT('',(-0.16,-22.7,-3.));
#10441 = LINE('',#10442,#10443);
#10442 = CARTESIAN_POINT('',(-0.16,-22.7,-3.));
#10443 = VECTOR('',#10444,1.);
#10444 = DIRECTION('',(0.57735026919,-0.57735026919,-0.57735026919));
#10445 = ORIENTED_EDGE('',*,*,#5454,.T.);
#10446 = ORIENTED_EDGE('',*,*,#10447,.T.);
#10447 = EDGE_CURVE('',#5447,#10448,#10450,.T.);
#10448 = VERTEX_POINT('',#10449);
#10449 = CARTESIAN_POINT('',(0.16,-22.7,-3.));
#10450 = LINE('',#10451,#10452);
#10451 = CARTESIAN_POINT('',(5.333333333333E-02,-22.80666666666,
    -3.106666666667));
#10452 = VECTOR('',#10453,1.);
#10453 = DIRECTION('',(-0.57735026919,-0.57735026919,-0.57735026919));
#10454 = ORIENTED_EDGE('',*,*,#10455,.F.);
#10455 = EDGE_CURVE('',#10439,#10448,#10456,.T.);
#10456 = LINE('',#10457,#10458);
#10457 = CARTESIAN_POINT('',(-0.32,-22.7,-3.));
#10458 = VECTOR('',#10459,1.);
#10459 = DIRECTION('',(1.,0.,0.));
#10460 = PLANE('',#10461);
#10461 = AXIS2_PLACEMENT_3D('',#10462,#10463,#10464);
#10462 = CARTESIAN_POINT('',(-0.32,-22.62,-2.92));
#10463 = DIRECTION('',(-1.735167508357E-18,-0.707106781187,
    0.707106781187));
#10464 = DIRECTION('',(-1.,1.226948711654E-18,-1.226948711654E-18));
#10465 = ADVANCED_FACE('',(#10466),#10484,.T.);
#10466 = FACE_BOUND('',#10467,.T.);
#10467 = EDGE_LOOP('',(#10468,#10476,#10477,#10478));
#10468 = ORIENTED_EDGE('',*,*,#10469,.F.);
#10469 = EDGE_CURVE('',#5478,#10470,#10472,.T.);
#10470 = VERTEX_POINT('',#10471);
#10471 = CARTESIAN_POINT('',(-0.16,-23.02,-3.));
#10472 = LINE('',#10473,#10474);
#10473 = CARTESIAN_POINT('',(-0.266666666667,-23.12666666666,
    -2.893333333333));
#10474 = VECTOR('',#10475,1.);
#10475 = DIRECTION('',(0.57735026919,0.57735026919,-0.57735026919));
#10476 = ORIENTED_EDGE('',*,*,#5485,.T.);
#10477 = ORIENTED_EDGE('',*,*,#10438,.T.);
#10478 = ORIENTED_EDGE('',*,*,#10479,.F.);
#10479 = EDGE_CURVE('',#10470,#10439,#10480,.T.);
#10480 = LINE('',#10481,#10482);
#10481 = CARTESIAN_POINT('',(-0.16,-23.18,-3.));
#10482 = VECTOR('',#10483,1.);
#10483 = DIRECTION('',(0.,1.,0.));
#10484 = PLANE('',#10485);
#10485 = AXIS2_PLACEMENT_3D('',#10486,#10487,#10488);
#10486 = CARTESIAN_POINT('',(-0.24,-23.18,-2.92));
#10487 = DIRECTION('',(-0.707106781187,-1.735167508357E-18,
    -0.707106781187));
#10488 = DIRECTION('',(-1.226948711654E-18,1.,-1.226948711654E-18));
#10489 = ADVANCED_FACE('',(#10490),#10508,.T.);
#10490 = FACE_BOUND('',#10491,.F.);
#10491 = EDGE_LOOP('',(#10492,#10493,#10494,#10502));
#10492 = ORIENTED_EDGE('',*,*,#10469,.F.);
#10493 = ORIENTED_EDGE('',*,*,#5509,.T.);
#10494 = ORIENTED_EDGE('',*,*,#10495,.T.);
#10495 = EDGE_CURVE('',#5502,#10496,#10498,.T.);
#10496 = VERTEX_POINT('',#10497);
#10497 = CARTESIAN_POINT('',(0.16,-23.02,-3.));
#10498 = LINE('',#10499,#10500);
#10499 = CARTESIAN_POINT('',(0.16,-23.02,-3.));
#10500 = VECTOR('',#10501,1.);
#10501 = DIRECTION('',(-0.57735026919,0.57735026919,-0.57735026919));
#10502 = ORIENTED_EDGE('',*,*,#10503,.F.);
#10503 = EDGE_CURVE('',#10470,#10496,#10504,.T.);
#10504 = LINE('',#10505,#10506);
#10505 = CARTESIAN_POINT('',(-0.32,-23.02,-3.));
#10506 = VECTOR('',#10507,1.);
#10507 = DIRECTION('',(1.,0.,0.));
#10508 = PLANE('',#10509);
#10509 = AXIS2_PLACEMENT_3D('',#10510,#10511,#10512);
#10510 = CARTESIAN_POINT('',(-0.32,-23.1,-2.92));
#10511 = DIRECTION('',(1.735167508357E-18,-0.707106781187,
    -0.707106781187));
#10512 = DIRECTION('',(-1.,-1.226948711654E-18,-1.226948711654E-18));
#10513 = ADVANCED_FACE('',(#10514),#10525,.F.);
#10514 = FACE_BOUND('',#10515,.F.);
#10515 = EDGE_LOOP('',(#10516,#10517,#10518,#10519));
#10516 = ORIENTED_EDGE('',*,*,#10495,.F.);
#10517 = ORIENTED_EDGE('',*,*,#5526,.T.);
#10518 = ORIENTED_EDGE('',*,*,#10447,.T.);
#10519 = ORIENTED_EDGE('',*,*,#10520,.F.);
#10520 = EDGE_CURVE('',#10496,#10448,#10521,.T.);
#10521 = LINE('',#10522,#10523);
#10522 = CARTESIAN_POINT('',(0.16,-23.18,-3.));
#10523 = VECTOR('',#10524,1.);
#10524 = DIRECTION('',(0.,1.,0.));
#10525 = PLANE('',#10526);
#10526 = AXIS2_PLACEMENT_3D('',#10527,#10528,#10529);
#10527 = CARTESIAN_POINT('',(0.24,-23.18,-2.92));
#10528 = DIRECTION('',(-0.707106781187,1.735167508357E-18,0.707106781187
    ));
#10529 = DIRECTION('',(1.226948711654E-18,1.,-1.226948711654E-18));
#10530 = ADVANCED_FACE('',(#10531),#10556,.T.);
#10531 = FACE_BOUND('',#10532,.F.);
#10532 = EDGE_LOOP('',(#10533,#10541,#10542,#10550));
#10533 = ORIENTED_EDGE('',*,*,#10534,.F.);
#10534 = EDGE_CURVE('',#5551,#10535,#10537,.T.);
#10535 = VERTEX_POINT('',#10536);
#10536 = CARTESIAN_POINT('',(2.38,-20.48,-3.));
#10537 = LINE('',#10538,#10539);
#10538 = CARTESIAN_POINT('',(2.273333333333,-20.58666666666,
    -2.893333333333));
#10539 = VECTOR('',#10540,1.);
#10540 = DIRECTION('',(0.57735026919,0.57735026919,-0.57735026919));
#10541 = ORIENTED_EDGE('',*,*,#5550,.T.);
#10542 = ORIENTED_EDGE('',*,*,#10543,.T.);
#10543 = EDGE_CURVE('',#5543,#10544,#10546,.T.);
#10544 = VERTEX_POINT('',#10545);
#10545 = CARTESIAN_POINT('',(2.7,-20.48,-3.));
#10546 = LINE('',#10547,#10548);
#10547 = CARTESIAN_POINT('',(2.7,-20.48,-3.));
#10548 = VECTOR('',#10549,1.);
#10549 = DIRECTION('',(-0.57735026919,0.57735026919,-0.57735026919));
#10550 = ORIENTED_EDGE('',*,*,#10551,.F.);
#10551 = EDGE_CURVE('',#10535,#10544,#10552,.T.);
#10552 = LINE('',#10553,#10554);
#10553 = CARTESIAN_POINT('',(2.22,-20.48,-3.));
#10554 = VECTOR('',#10555,1.);
#10555 = DIRECTION('',(1.,0.,0.));
#10556 = PLANE('',#10557);
#10557 = AXIS2_PLACEMENT_3D('',#10558,#10559,#10560);
#10558 = CARTESIAN_POINT('',(2.22,-20.56,-2.92));
#10559 = DIRECTION('',(1.735167508357E-18,-0.707106781187,
    -0.707106781187));
#10560 = DIRECTION('',(-1.,-1.226948711654E-18,-1.226948711654E-18));
#10561 = ADVANCED_FACE('',(#10562),#10580,.F.);
#10562 = FACE_BOUND('',#10563,.F.);
#10563 = EDGE_LOOP('',(#10564,#10565,#10566,#10574));
#10564 = ORIENTED_EDGE('',*,*,#10543,.F.);
#10565 = ORIENTED_EDGE('',*,*,#5574,.T.);
#10566 = ORIENTED_EDGE('',*,*,#10567,.T.);
#10567 = EDGE_CURVE('',#5575,#10568,#10570,.T.);
#10568 = VERTEX_POINT('',#10569);
#10569 = CARTESIAN_POINT('',(2.7,-20.16,-3.));
#10570 = LINE('',#10571,#10572);
#10571 = CARTESIAN_POINT('',(2.593333333333,-20.26666666666,
    -3.106666666667));
#10572 = VECTOR('',#10573,1.);
#10573 = DIRECTION('',(-0.57735026919,-0.57735026919,-0.57735026919));
#10574 = ORIENTED_EDGE('',*,*,#10575,.F.);
#10575 = EDGE_CURVE('',#10544,#10568,#10576,.T.);
#10576 = LINE('',#10577,#10578);
#10577 = CARTESIAN_POINT('',(2.7,-20.64,-3.));
#10578 = VECTOR('',#10579,1.);
#10579 = DIRECTION('',(0.,1.,0.));
#10580 = PLANE('',#10581);
#10581 = AXIS2_PLACEMENT_3D('',#10582,#10583,#10584);
#10582 = CARTESIAN_POINT('',(2.78,-20.64,-2.92));
#10583 = DIRECTION('',(-0.707106781187,1.735167508357E-18,0.707106781187
    ));
#10584 = DIRECTION('',(1.226948711654E-18,1.,-1.226948711654E-18));
#10585 = ADVANCED_FACE('',(#10586),#10604,.F.);
#10586 = FACE_BOUND('',#10587,.T.);
#10587 = EDGE_LOOP('',(#10588,#10596,#10597,#10598));
#10588 = ORIENTED_EDGE('',*,*,#10589,.F.);
#10589 = EDGE_CURVE('',#5599,#10590,#10592,.T.);
#10590 = VERTEX_POINT('',#10591);
#10591 = CARTESIAN_POINT('',(2.38,-20.16,-3.));
#10592 = LINE('',#10593,#10594);
#10593 = CARTESIAN_POINT('',(2.38,-20.16,-3.));
#10594 = VECTOR('',#10595,1.);
#10595 = DIRECTION('',(0.57735026919,-0.57735026919,-0.57735026919));
#10596 = ORIENTED_EDGE('',*,*,#5598,.T.);
#10597 = ORIENTED_EDGE('',*,*,#10567,.T.);
#10598 = ORIENTED_EDGE('',*,*,#10599,.F.);
#10599 = EDGE_CURVE('',#10590,#10568,#10600,.T.);
#10600 = LINE('',#10601,#10602);
#10601 = CARTESIAN_POINT('',(2.22,-20.16,-3.));
#10602 = VECTOR('',#10603,1.);
#10603 = DIRECTION('',(1.,0.,0.));
#10604 = PLANE('',#10605);
#10605 = AXIS2_PLACEMENT_3D('',#10606,#10607,#10608);
#10606 = CARTESIAN_POINT('',(2.22,-20.08,-2.92));
#10607 = DIRECTION('',(-1.735167508357E-18,-0.707106781187,
    0.707106781187));
#10608 = DIRECTION('',(-1.,1.226948711654E-18,-1.226948711654E-18));
#10609 = ADVANCED_FACE('',(#10610),#10621,.T.);
#10610 = FACE_BOUND('',#10611,.T.);
#10611 = EDGE_LOOP('',(#10612,#10613,#10614,#10615));
#10612 = ORIENTED_EDGE('',*,*,#10534,.F.);
#10613 = ORIENTED_EDGE('',*,*,#5622,.T.);
#10614 = ORIENTED_EDGE('',*,*,#10589,.T.);
#10615 = ORIENTED_EDGE('',*,*,#10616,.F.);
#10616 = EDGE_CURVE('',#10535,#10590,#10617,.T.);
#10617 = LINE('',#10618,#10619);
#10618 = CARTESIAN_POINT('',(2.38,-20.64,-3.));
#10619 = VECTOR('',#10620,1.);
#10620 = DIRECTION('',(0.,1.,0.));
#10621 = PLANE('',#10622);
#10622 = AXIS2_PLACEMENT_3D('',#10623,#10624,#10625);
#10623 = CARTESIAN_POINT('',(2.3,-20.64,-2.92));
#10624 = DIRECTION('',(-0.707106781187,-1.735167508357E-18,
    -0.707106781187));
#10625 = DIRECTION('',(-1.226948711654E-18,1.,-1.226948711654E-18));
#10626 = ADVANCED_FACE('',(#10627),#10652,.T.);
#10627 = FACE_BOUND('',#10628,.F.);
#10628 = EDGE_LOOP('',(#10629,#10637,#10638,#10646));
#10629 = ORIENTED_EDGE('',*,*,#10630,.F.);
#10630 = EDGE_CURVE('',#5647,#10631,#10633,.T.);
#10631 = VERTEX_POINT('',#10632);
#10632 = CARTESIAN_POINT('',(2.38,-30.64,-3.));
#10633 = LINE('',#10634,#10635);
#10634 = CARTESIAN_POINT('',(2.273333333333,-30.74666666666,
    -2.893333333333));
#10635 = VECTOR('',#10636,1.);
#10636 = DIRECTION('',(0.57735026919,0.57735026919,-0.57735026919));
#10637 = ORIENTED_EDGE('',*,*,#5646,.T.);
#10638 = ORIENTED_EDGE('',*,*,#10639,.T.);
#10639 = EDGE_CURVE('',#5639,#10640,#10642,.T.);
#10640 = VERTEX_POINT('',#10641);
#10641 = CARTESIAN_POINT('',(2.7,-30.64,-3.));
#10642 = LINE('',#10643,#10644);
#10643 = CARTESIAN_POINT('',(2.7,-30.64,-3.));
#10644 = VECTOR('',#10645,1.);
#10645 = DIRECTION('',(-0.57735026919,0.57735026919,-0.57735026919));
#10646 = ORIENTED_EDGE('',*,*,#10647,.F.);
#10647 = EDGE_CURVE('',#10631,#10640,#10648,.T.);
#10648 = LINE('',#10649,#10650);
#10649 = CARTESIAN_POINT('',(2.22,-30.64,-3.));
#10650 = VECTOR('',#10651,1.);
#10651 = DIRECTION('',(1.,0.,0.));
#10652 = PLANE('',#10653);
#10653 = AXIS2_PLACEMENT_3D('',#10654,#10655,#10656);
#10654 = CARTESIAN_POINT('',(2.22,-30.72,-2.92));
#10655 = DIRECTION('',(1.735167508357E-18,-0.707106781187,
    -0.707106781187));
#10656 = DIRECTION('',(-1.,-1.226948711654E-18,-1.226948711654E-18));
#10657 = ADVANCED_FACE('',(#10658),#10676,.F.);
#10658 = FACE_BOUND('',#10659,.F.);
#10659 = EDGE_LOOP('',(#10660,#10661,#10662,#10670));
#10660 = ORIENTED_EDGE('',*,*,#10639,.F.);
#10661 = ORIENTED_EDGE('',*,*,#5670,.T.);
#10662 = ORIENTED_EDGE('',*,*,#10663,.T.);
#10663 = EDGE_CURVE('',#5671,#10664,#10666,.T.);
#10664 = VERTEX_POINT('',#10665);
#10665 = CARTESIAN_POINT('',(2.7,-30.32,-3.));
#10666 = LINE('',#10667,#10668);
#10667 = CARTESIAN_POINT('',(2.593333333333,-30.42666666666,
    -3.106666666667));
#10668 = VECTOR('',#10669,1.);
#10669 = DIRECTION('',(-0.57735026919,-0.57735026919,-0.57735026919));
#10670 = ORIENTED_EDGE('',*,*,#10671,.F.);
#10671 = EDGE_CURVE('',#10640,#10664,#10672,.T.);
#10672 = LINE('',#10673,#10674);
#10673 = CARTESIAN_POINT('',(2.7,-30.8,-3.));
#10674 = VECTOR('',#10675,1.);
#10675 = DIRECTION('',(0.,1.,0.));
#10676 = PLANE('',#10677);
#10677 = AXIS2_PLACEMENT_3D('',#10678,#10679,#10680);
#10678 = CARTESIAN_POINT('',(2.78,-30.8,-2.92));
#10679 = DIRECTION('',(-0.707106781187,1.735167508357E-18,0.707106781187
    ));
#10680 = DIRECTION('',(1.226948711654E-18,1.,-1.226948711654E-18));
#10681 = ADVANCED_FACE('',(#10682),#10700,.F.);
#10682 = FACE_BOUND('',#10683,.T.);
#10683 = EDGE_LOOP('',(#10684,#10692,#10693,#10694));
#10684 = ORIENTED_EDGE('',*,*,#10685,.F.);
#10685 = EDGE_CURVE('',#5695,#10686,#10688,.T.);
#10686 = VERTEX_POINT('',#10687);
#10687 = CARTESIAN_POINT('',(2.38,-30.32,-3.));
#10688 = LINE('',#10689,#10690);
#10689 = CARTESIAN_POINT('',(2.38,-30.32,-3.));
#10690 = VECTOR('',#10691,1.);
#10691 = DIRECTION('',(0.57735026919,-0.57735026919,-0.57735026919));
#10692 = ORIENTED_EDGE('',*,*,#5694,.T.);
#10693 = ORIENTED_EDGE('',*,*,#10663,.T.);
#10694 = ORIENTED_EDGE('',*,*,#10695,.F.);
#10695 = EDGE_CURVE('',#10686,#10664,#10696,.T.);
#10696 = LINE('',#10697,#10698);
#10697 = CARTESIAN_POINT('',(2.22,-30.32,-3.));
#10698 = VECTOR('',#10699,1.);
#10699 = DIRECTION('',(1.,0.,0.));
#10700 = PLANE('',#10701);
#10701 = AXIS2_PLACEMENT_3D('',#10702,#10703,#10704);
#10702 = CARTESIAN_POINT('',(2.22,-30.24,-2.92));
#10703 = DIRECTION('',(-1.735167508357E-18,-0.707106781187,
    0.707106781187));
#10704 = DIRECTION('',(-1.,1.226948711654E-18,-1.226948711654E-18));
#10705 = ADVANCED_FACE('',(#10706),#10717,.T.);
#10706 = FACE_BOUND('',#10707,.T.);
#10707 = EDGE_LOOP('',(#10708,#10709,#10710,#10711));
#10708 = ORIENTED_EDGE('',*,*,#10630,.F.);
#10709 = ORIENTED_EDGE('',*,*,#5718,.T.);
#10710 = ORIENTED_EDGE('',*,*,#10685,.T.);
#10711 = ORIENTED_EDGE('',*,*,#10712,.F.);
#10712 = EDGE_CURVE('',#10631,#10686,#10713,.T.);
#10713 = LINE('',#10714,#10715);
#10714 = CARTESIAN_POINT('',(2.38,-30.8,-3.));
#10715 = VECTOR('',#10716,1.);
#10716 = DIRECTION('',(0.,1.,0.));
#10717 = PLANE('',#10718);
#10718 = AXIS2_PLACEMENT_3D('',#10719,#10720,#10721);
#10719 = CARTESIAN_POINT('',(2.3,-30.8,-2.92));
#10720 = DIRECTION('',(-0.707106781187,-1.735167508357E-18,
    -0.707106781187));
#10721 = DIRECTION('',(-1.226948711654E-18,1.,-1.226948711654E-18));
#10722 = ADVANCED_FACE('',(#10723),#10748,.F.);
#10723 = FACE_BOUND('',#10724,.T.);
#10724 = EDGE_LOOP('',(#10725,#10733,#10734,#10742));
#10725 = ORIENTED_EDGE('',*,*,#10726,.F.);
#10726 = EDGE_CURVE('',#5743,#10727,#10729,.T.);
#10727 = VERTEX_POINT('',#10728);
#10728 = CARTESIAN_POINT('',(-0.16,-30.32,-3.));
#10729 = LINE('',#10730,#10731);
#10730 = CARTESIAN_POINT('',(-0.16,-30.32,-3.));
#10731 = VECTOR('',#10732,1.);
#10732 = DIRECTION('',(0.57735026919,-0.57735026919,-0.57735026919));
#10733 = ORIENTED_EDGE('',*,*,#5742,.T.);
#10734 = ORIENTED_EDGE('',*,*,#10735,.T.);
#10735 = EDGE_CURVE('',#5735,#10736,#10738,.T.);
#10736 = VERTEX_POINT('',#10737);
#10737 = CARTESIAN_POINT('',(0.16,-30.32,-3.));
#10738 = LINE('',#10739,#10740);
#10739 = CARTESIAN_POINT('',(5.333333333333E-02,-30.42666666666,
    -3.106666666667));
#10740 = VECTOR('',#10741,1.);
#10741 = DIRECTION('',(-0.57735026919,-0.57735026919,-0.57735026919));
#10742 = ORIENTED_EDGE('',*,*,#10743,.F.);
#10743 = EDGE_CURVE('',#10727,#10736,#10744,.T.);
#10744 = LINE('',#10745,#10746);
#10745 = CARTESIAN_POINT('',(-0.32,-30.32,-3.));
#10746 = VECTOR('',#10747,1.);
#10747 = DIRECTION('',(1.,0.,0.));
#10748 = PLANE('',#10749);
#10749 = AXIS2_PLACEMENT_3D('',#10750,#10751,#10752);
#10750 = CARTESIAN_POINT('',(-0.32,-30.24,-2.92));
#10751 = DIRECTION('',(-1.735167508357E-18,-0.707106781187,
    0.707106781187));
#10752 = DIRECTION('',(-1.,1.226948711654E-18,-1.226948711654E-18));
#10753 = ADVANCED_FACE('',(#10754),#10772,.T.);
#10754 = FACE_BOUND('',#10755,.T.);
#10755 = EDGE_LOOP('',(#10756,#10764,#10765,#10766));
#10756 = ORIENTED_EDGE('',*,*,#10757,.F.);
#10757 = EDGE_CURVE('',#5766,#10758,#10760,.T.);
#10758 = VERTEX_POINT('',#10759);
#10759 = CARTESIAN_POINT('',(-0.16,-30.64,-3.));
#10760 = LINE('',#10761,#10762);
#10761 = CARTESIAN_POINT('',(-0.266666666667,-30.74666666666,
    -2.893333333333));
#10762 = VECTOR('',#10763,1.);
#10763 = DIRECTION('',(0.57735026919,0.57735026919,-0.57735026919));
#10764 = ORIENTED_EDGE('',*,*,#5773,.T.);
#10765 = ORIENTED_EDGE('',*,*,#10726,.T.);
#10766 = ORIENTED_EDGE('',*,*,#10767,.F.);
#10767 = EDGE_CURVE('',#10758,#10727,#10768,.T.);
#10768 = LINE('',#10769,#10770);
#10769 = CARTESIAN_POINT('',(-0.16,-30.8,-3.));
#10770 = VECTOR('',#10771,1.);
#10771 = DIRECTION('',(0.,1.,0.));
#10772 = PLANE('',#10773);
#10773 = AXIS2_PLACEMENT_3D('',#10774,#10775,#10776);
#10774 = CARTESIAN_POINT('',(-0.24,-30.8,-2.92));
#10775 = DIRECTION('',(-0.707106781187,-1.735167508357E-18,
    -0.707106781187));
#10776 = DIRECTION('',(-1.226948711654E-18,1.,-1.226948711654E-18));
#10777 = ADVANCED_FACE('',(#10778),#10796,.T.);
#10778 = FACE_BOUND('',#10779,.F.);
#10779 = EDGE_LOOP('',(#10780,#10781,#10782,#10790));
#10780 = ORIENTED_EDGE('',*,*,#10757,.F.);
#10781 = ORIENTED_EDGE('',*,*,#5797,.T.);
#10782 = ORIENTED_EDGE('',*,*,#10783,.T.);
#10783 = EDGE_CURVE('',#5790,#10784,#10786,.T.);
#10784 = VERTEX_POINT('',#10785);
#10785 = CARTESIAN_POINT('',(0.16,-30.64,-3.));
#10786 = LINE('',#10787,#10788);
#10787 = CARTESIAN_POINT('',(0.16,-30.64,-3.));
#10788 = VECTOR('',#10789,1.);
#10789 = DIRECTION('',(-0.57735026919,0.57735026919,-0.57735026919));
#10790 = ORIENTED_EDGE('',*,*,#10791,.F.);
#10791 = EDGE_CURVE('',#10758,#10784,#10792,.T.);
#10792 = LINE('',#10793,#10794);
#10793 = CARTESIAN_POINT('',(-0.32,-30.64,-3.));
#10794 = VECTOR('',#10795,1.);
#10795 = DIRECTION('',(1.,0.,0.));
#10796 = PLANE('',#10797);
#10797 = AXIS2_PLACEMENT_3D('',#10798,#10799,#10800);
#10798 = CARTESIAN_POINT('',(-0.32,-30.72,-2.92));
#10799 = DIRECTION('',(1.735167508357E-18,-0.707106781187,
    -0.707106781187));
#10800 = DIRECTION('',(-1.,-1.226948711654E-18,-1.226948711654E-18));
#10801 = ADVANCED_FACE('',(#10802),#10813,.F.);
#10802 = FACE_BOUND('',#10803,.F.);
#10803 = EDGE_LOOP('',(#10804,#10805,#10806,#10807));
#10804 = ORIENTED_EDGE('',*,*,#10783,.F.);
#10805 = ORIENTED_EDGE('',*,*,#5814,.T.);
#10806 = ORIENTED_EDGE('',*,*,#10735,.T.);
#10807 = ORIENTED_EDGE('',*,*,#10808,.F.);
#10808 = EDGE_CURVE('',#10784,#10736,#10809,.T.);
#10809 = LINE('',#10810,#10811);
#10810 = CARTESIAN_POINT('',(0.16,-30.8,-3.));
#10811 = VECTOR('',#10812,1.);
#10812 = DIRECTION('',(0.,1.,0.));
#10813 = PLANE('',#10814);
#10814 = AXIS2_PLACEMENT_3D('',#10815,#10816,#10817);
#10815 = CARTESIAN_POINT('',(0.24,-30.8,-2.92));
#10816 = DIRECTION('',(-0.707106781187,1.735167508357E-18,0.707106781187
    ));
#10817 = DIRECTION('',(1.226948711654E-18,1.,-1.226948711654E-18));
#10818 = ADVANCED_FACE('',(#10819),#10844,.F.);
#10819 = FACE_BOUND('',#10820,.F.);
#10820 = EDGE_LOOP('',(#10821,#10829,#10830,#10838));
#10821 = ORIENTED_EDGE('',*,*,#10822,.F.);
#10822 = EDGE_CURVE('',#5831,#10823,#10825,.T.);
#10823 = VERTEX_POINT('',#10824);
#10824 = CARTESIAN_POINT('',(2.7,-28.1,-3.));
#10825 = LINE('',#10826,#10827);
#10826 = CARTESIAN_POINT('',(2.7,-28.1,-3.));
#10827 = VECTOR('',#10828,1.);
#10828 = DIRECTION('',(-0.57735026919,0.57735026919,-0.57735026919));
#10829 = ORIENTED_EDGE('',*,*,#5838,.T.);
#10830 = ORIENTED_EDGE('',*,*,#10831,.T.);
#10831 = EDGE_CURVE('',#5839,#10832,#10834,.T.);
#10832 = VERTEX_POINT('',#10833);
#10833 = CARTESIAN_POINT('',(2.7,-27.78,-3.));
#10834 = LINE('',#10835,#10836);
#10835 = CARTESIAN_POINT('',(2.593333333333,-27.88666666666,
    -3.106666666667));
#10836 = VECTOR('',#10837,1.);
#10837 = DIRECTION('',(-0.57735026919,-0.57735026919,-0.57735026919));
#10838 = ORIENTED_EDGE('',*,*,#10839,.F.);
#10839 = EDGE_CURVE('',#10823,#10832,#10840,.T.);
#10840 = LINE('',#10841,#10842);
#10841 = CARTESIAN_POINT('',(2.7,-28.26,-3.));
#10842 = VECTOR('',#10843,1.);
#10843 = DIRECTION('',(0.,1.,0.));
#10844 = PLANE('',#10845);
#10845 = AXIS2_PLACEMENT_3D('',#10846,#10847,#10848);
#10846 = CARTESIAN_POINT('',(2.78,-28.26,-2.92));
#10847 = DIRECTION('',(-0.707106781187,1.735167508357E-18,0.707106781187
    ));
#10848 = DIRECTION('',(1.226948711654E-18,1.,-1.226948711654E-18));
#10849 = ADVANCED_FACE('',(#10850),#10868,.F.);
#10850 = FACE_BOUND('',#10851,.T.);
#10851 = EDGE_LOOP('',(#10852,#10860,#10861,#10862));
#10852 = ORIENTED_EDGE('',*,*,#10853,.F.);
#10853 = EDGE_CURVE('',#5863,#10854,#10856,.T.);
#10854 = VERTEX_POINT('',#10855);
#10855 = CARTESIAN_POINT('',(2.38,-27.78,-3.));
#10856 = LINE('',#10857,#10858);
#10857 = CARTESIAN_POINT('',(2.38,-27.78,-3.));
#10858 = VECTOR('',#10859,1.);
#10859 = DIRECTION('',(0.57735026919,-0.57735026919,-0.57735026919));
#10860 = ORIENTED_EDGE('',*,*,#5862,.T.);
#10861 = ORIENTED_EDGE('',*,*,#10831,.T.);
#10862 = ORIENTED_EDGE('',*,*,#10863,.F.);
#10863 = EDGE_CURVE('',#10854,#10832,#10864,.T.);
#10864 = LINE('',#10865,#10866);
#10865 = CARTESIAN_POINT('',(2.22,-27.78,-3.));
#10866 = VECTOR('',#10867,1.);
#10867 = DIRECTION('',(1.,0.,0.));
#10868 = PLANE('',#10869);
#10869 = AXIS2_PLACEMENT_3D('',#10870,#10871,#10872);
#10870 = CARTESIAN_POINT('',(2.22,-27.7,-2.92));
#10871 = DIRECTION('',(-1.735167508357E-18,-0.707106781187,
    0.707106781187));
#10872 = DIRECTION('',(-1.,1.226948711654E-18,-1.226948711654E-18));
#10873 = ADVANCED_FACE('',(#10874),#10892,.T.);
#10874 = FACE_BOUND('',#10875,.T.);
#10875 = EDGE_LOOP('',(#10876,#10884,#10885,#10886));
#10876 = ORIENTED_EDGE('',*,*,#10877,.F.);
#10877 = EDGE_CURVE('',#5886,#10878,#10880,.T.);
#10878 = VERTEX_POINT('',#10879);
#10879 = CARTESIAN_POINT('',(2.38,-28.1,-3.));
#10880 = LINE('',#10881,#10882);
#10881 = CARTESIAN_POINT('',(2.273333333333,-28.20666666666,
    -2.893333333333));
#10882 = VECTOR('',#10883,1.);
#10883 = DIRECTION('',(0.57735026919,0.57735026919,-0.57735026919));
#10884 = ORIENTED_EDGE('',*,*,#5893,.T.);
#10885 = ORIENTED_EDGE('',*,*,#10853,.T.);
#10886 = ORIENTED_EDGE('',*,*,#10887,.F.);
#10887 = EDGE_CURVE('',#10878,#10854,#10888,.T.);
#10888 = LINE('',#10889,#10890);
#10889 = CARTESIAN_POINT('',(2.38,-28.26,-3.));
#10890 = VECTOR('',#10891,1.);
#10891 = DIRECTION('',(0.,1.,0.));
#10892 = PLANE('',#10893);
#10893 = AXIS2_PLACEMENT_3D('',#10894,#10895,#10896);
#10894 = CARTESIAN_POINT('',(2.3,-28.26,-2.92));
#10895 = DIRECTION('',(-0.707106781187,-1.735167508357E-18,
    -0.707106781187));
#10896 = DIRECTION('',(-1.226948711654E-18,1.,-1.226948711654E-18));
#10897 = ADVANCED_FACE('',(#10898),#10909,.T.);
#10898 = FACE_BOUND('',#10899,.F.);
#10899 = EDGE_LOOP('',(#10900,#10901,#10902,#10903));
#10900 = ORIENTED_EDGE('',*,*,#10877,.F.);
#10901 = ORIENTED_EDGE('',*,*,#5910,.T.);
#10902 = ORIENTED_EDGE('',*,*,#10822,.T.);
#10903 = ORIENTED_EDGE('',*,*,#10904,.F.);
#10904 = EDGE_CURVE('',#10878,#10823,#10905,.T.);
#10905 = LINE('',#10906,#10907);
#10906 = CARTESIAN_POINT('',(2.22,-28.1,-3.));
#10907 = VECTOR('',#10908,1.);
#10908 = DIRECTION('',(1.,0.,0.));
#10909 = PLANE('',#10910);
#10910 = AXIS2_PLACEMENT_3D('',#10911,#10912,#10913);
#10911 = CARTESIAN_POINT('',(2.22,-28.18,-2.92));
#10912 = DIRECTION('',(1.735167508357E-18,-0.707106781187,
    -0.707106781187));
#10913 = DIRECTION('',(-1.,-1.226948711654E-18,-1.226948711654E-18));
#10914 = ADVANCED_FACE('',(#10915),#10940,.F.);
#10915 = FACE_BOUND('',#10916,.F.);
#10916 = EDGE_LOOP('',(#10917,#10925,#10926,#10934));
#10917 = ORIENTED_EDGE('',*,*,#10918,.F.);
#10918 = EDGE_CURVE('',#5927,#10919,#10921,.T.);
#10919 = VERTEX_POINT('',#10920);
#10920 = CARTESIAN_POINT('',(0.16,-28.1,-3.));
#10921 = LINE('',#10922,#10923);
#10922 = CARTESIAN_POINT('',(0.16,-28.1,-3.));
#10923 = VECTOR('',#10924,1.);
#10924 = DIRECTION('',(-0.57735026919,0.57735026919,-0.57735026919));
#10925 = ORIENTED_EDGE('',*,*,#5934,.T.);
#10926 = ORIENTED_EDGE('',*,*,#10927,.T.);
#10927 = EDGE_CURVE('',#5935,#10928,#10930,.T.);
#10928 = VERTEX_POINT('',#10929);
#10929 = CARTESIAN_POINT('',(0.16,-27.78,-3.));
#10930 = LINE('',#10931,#10932);
#10931 = CARTESIAN_POINT('',(5.333333333333E-02,-27.88666666666,
    -3.106666666667));
#10932 = VECTOR('',#10933,1.);
#10933 = DIRECTION('',(-0.57735026919,-0.57735026919,-0.57735026919));
#10934 = ORIENTED_EDGE('',*,*,#10935,.F.);
#10935 = EDGE_CURVE('',#10919,#10928,#10936,.T.);
#10936 = LINE('',#10937,#10938);
#10937 = CARTESIAN_POINT('',(0.16,-28.26,-3.));
#10938 = VECTOR('',#10939,1.);
#10939 = DIRECTION('',(0.,1.,0.));
#10940 = PLANE('',#10941);
#10941 = AXIS2_PLACEMENT_3D('',#10942,#10943,#10944);
#10942 = CARTESIAN_POINT('',(0.24,-28.26,-2.92));
#10943 = DIRECTION('',(-0.707106781187,1.735167508357E-18,0.707106781187
    ));
#10944 = DIRECTION('',(1.226948711654E-18,1.,-1.226948711654E-18));
#10945 = ADVANCED_FACE('',(#10946),#10964,.F.);
#10946 = FACE_BOUND('',#10947,.T.);
#10947 = EDGE_LOOP('',(#10948,#10956,#10957,#10958));
#10948 = ORIENTED_EDGE('',*,*,#10949,.F.);
#10949 = EDGE_CURVE('',#5959,#10950,#10952,.T.);
#10950 = VERTEX_POINT('',#10951);
#10951 = CARTESIAN_POINT('',(-0.16,-27.78,-3.));
#10952 = LINE('',#10953,#10954);
#10953 = CARTESIAN_POINT('',(-0.16,-27.78,-3.));
#10954 = VECTOR('',#10955,1.);
#10955 = DIRECTION('',(0.57735026919,-0.57735026919,-0.57735026919));
#10956 = ORIENTED_EDGE('',*,*,#5958,.T.);
#10957 = ORIENTED_EDGE('',*,*,#10927,.T.);
#10958 = ORIENTED_EDGE('',*,*,#10959,.F.);
#10959 = EDGE_CURVE('',#10950,#10928,#10960,.T.);
#10960 = LINE('',#10961,#10962);
#10961 = CARTESIAN_POINT('',(-0.32,-27.78,-3.));
#10962 = VECTOR('',#10963,1.);
#10963 = DIRECTION('',(1.,0.,0.));
#10964 = PLANE('',#10965);
#10965 = AXIS2_PLACEMENT_3D('',#10966,#10967,#10968);
#10966 = CARTESIAN_POINT('',(-0.32,-27.7,-2.92));
#10967 = DIRECTION('',(-1.735167508357E-18,-0.707106781187,
    0.707106781187));
#10968 = DIRECTION('',(-1.,1.226948711654E-18,-1.226948711654E-18));
#10969 = ADVANCED_FACE('',(#10970),#10988,.T.);
#10970 = FACE_BOUND('',#10971,.T.);
#10971 = EDGE_LOOP('',(#10972,#10980,#10981,#10982));
#10972 = ORIENTED_EDGE('',*,*,#10973,.F.);
#10973 = EDGE_CURVE('',#5982,#10974,#10976,.T.);
#10974 = VERTEX_POINT('',#10975);
#10975 = CARTESIAN_POINT('',(-0.16,-28.1,-3.));
#10976 = LINE('',#10977,#10978);
#10977 = CARTESIAN_POINT('',(-0.266666666667,-28.20666666666,
    -2.893333333333));
#10978 = VECTOR('',#10979,1.);
#10979 = DIRECTION('',(0.57735026919,0.57735026919,-0.57735026919));
#10980 = ORIENTED_EDGE('',*,*,#5989,.T.);
#10981 = ORIENTED_EDGE('',*,*,#10949,.T.);
#10982 = ORIENTED_EDGE('',*,*,#10983,.F.);
#10983 = EDGE_CURVE('',#10974,#10950,#10984,.T.);
#10984 = LINE('',#10985,#10986);
#10985 = CARTESIAN_POINT('',(-0.16,-28.26,-3.));
#10986 = VECTOR('',#10987,1.);
#10987 = DIRECTION('',(0.,1.,0.));
#10988 = PLANE('',#10989);
#10989 = AXIS2_PLACEMENT_3D('',#10990,#10991,#10992);
#10990 = CARTESIAN_POINT('',(-0.24,-28.26,-2.92));
#10991 = DIRECTION('',(-0.707106781187,-1.735167508357E-18,
    -0.707106781187));
#10992 = DIRECTION('',(-1.226948711654E-18,1.,-1.226948711654E-18));
#10993 = ADVANCED_FACE('',(#10994),#11005,.T.);
#10994 = FACE_BOUND('',#10995,.F.);
#10995 = EDGE_LOOP('',(#10996,#10997,#10998,#10999));
#10996 = ORIENTED_EDGE('',*,*,#10973,.F.);
#10997 = ORIENTED_EDGE('',*,*,#6006,.T.);
#10998 = ORIENTED_EDGE('',*,*,#10918,.T.);
#10999 = ORIENTED_EDGE('',*,*,#11000,.F.);
#11000 = EDGE_CURVE('',#10974,#10919,#11001,.T.);
#11001 = LINE('',#11002,#11003);
#11002 = CARTESIAN_POINT('',(-0.32,-28.1,-3.));
#11003 = VECTOR('',#11004,1.);
#11004 = DIRECTION('',(1.,0.,0.));
#11005 = PLANE('',#11006);
#11006 = AXIS2_PLACEMENT_3D('',#11007,#11008,#11009);
#11007 = CARTESIAN_POINT('',(-0.32,-28.18,-2.92));
#11008 = DIRECTION('',(1.735167508357E-18,-0.707106781187,
    -0.707106781187));
#11009 = DIRECTION('',(-1.,-1.226948711654E-18,-1.226948711654E-18));
#11010 = ADVANCED_FACE('',(#11011),#11036,.F.);
#11011 = FACE_BOUND('',#11012,.F.);
#11012 = EDGE_LOOP('',(#11013,#11021,#11022,#11030));
#11013 = ORIENTED_EDGE('',*,*,#11014,.F.);
#11014 = EDGE_CURVE('',#6023,#11015,#11017,.T.);
#11015 = VERTEX_POINT('',#11016);
#11016 = CARTESIAN_POINT('',(2.7,-10.32,-3.));
#11017 = LINE('',#11018,#11019);
#11018 = CARTESIAN_POINT('',(2.7,-10.32,-3.));
#11019 = VECTOR('',#11020,1.);
#11020 = DIRECTION('',(-0.57735026919,0.57735026919,-0.57735026919));
#11021 = ORIENTED_EDGE('',*,*,#6030,.T.);
#11022 = ORIENTED_EDGE('',*,*,#11023,.T.);
#11023 = EDGE_CURVE('',#6031,#11024,#11026,.T.);
#11024 = VERTEX_POINT('',#11025);
#11025 = CARTESIAN_POINT('',(2.7,-10.,-3.));
#11026 = LINE('',#11027,#11028);
#11027 = CARTESIAN_POINT('',(2.593333333333,-10.10666666666,
    -3.106666666667));
#11028 = VECTOR('',#11029,1.);
#11029 = DIRECTION('',(-0.57735026919,-0.57735026919,-0.57735026919));
#11030 = ORIENTED_EDGE('',*,*,#11031,.F.);
#11031 = EDGE_CURVE('',#11015,#11024,#11032,.T.);
#11032 = LINE('',#11033,#11034);
#11033 = CARTESIAN_POINT('',(2.7,-10.48,-3.));
#11034 = VECTOR('',#11035,1.);
#11035 = DIRECTION('',(0.,1.,0.));
#11036 = PLANE('',#11037);
#11037 = AXIS2_PLACEMENT_3D('',#11038,#11039,#11040);
#11038 = CARTESIAN_POINT('',(2.78,-10.48,-2.92));
#11039 = DIRECTION('',(-0.707106781187,1.735167508357E-18,0.707106781187
    ));
#11040 = DIRECTION('',(1.226948711654E-18,1.,-1.226948711654E-18));
#11041 = ADVANCED_FACE('',(#11042),#11060,.F.);
#11042 = FACE_BOUND('',#11043,.T.);
#11043 = EDGE_LOOP('',(#11044,#11052,#11053,#11054));
#11044 = ORIENTED_EDGE('',*,*,#11045,.F.);
#11045 = EDGE_CURVE('',#6055,#11046,#11048,.T.);
#11046 = VERTEX_POINT('',#11047);
#11047 = CARTESIAN_POINT('',(2.38,-10.,-3.));
#11048 = LINE('',#11049,#11050);
#11049 = CARTESIAN_POINT('',(2.38,-10.,-3.));
#11050 = VECTOR('',#11051,1.);
#11051 = DIRECTION('',(0.57735026919,-0.57735026919,-0.57735026919));
#11052 = ORIENTED_EDGE('',*,*,#6054,.T.);
#11053 = ORIENTED_EDGE('',*,*,#11023,.T.);
#11054 = ORIENTED_EDGE('',*,*,#11055,.F.);
#11055 = EDGE_CURVE('',#11046,#11024,#11056,.T.);
#11056 = LINE('',#11057,#11058);
#11057 = CARTESIAN_POINT('',(2.22,-10.,-3.));
#11058 = VECTOR('',#11059,1.);
#11059 = DIRECTION('',(1.,0.,0.));
#11060 = PLANE('',#11061);
#11061 = AXIS2_PLACEMENT_3D('',#11062,#11063,#11064);
#11062 = CARTESIAN_POINT('',(2.22,-9.92,-2.92));
#11063 = DIRECTION('',(-1.735167508357E-18,-0.707106781187,
    0.707106781187));
#11064 = DIRECTION('',(-1.,1.226948711654E-18,-1.226948711654E-18));
#11065 = ADVANCED_FACE('',(#11066),#11084,.T.);
#11066 = FACE_BOUND('',#11067,.T.);
#11067 = EDGE_LOOP('',(#11068,#11076,#11077,#11078));
#11068 = ORIENTED_EDGE('',*,*,#11069,.F.);
#11069 = EDGE_CURVE('',#6078,#11070,#11072,.T.);
#11070 = VERTEX_POINT('',#11071);
#11071 = CARTESIAN_POINT('',(2.38,-10.32,-3.));
#11072 = LINE('',#11073,#11074);
#11073 = CARTESIAN_POINT('',(2.273333333333,-10.42666666666,
    -2.893333333333));
#11074 = VECTOR('',#11075,1.);
#11075 = DIRECTION('',(0.57735026919,0.57735026919,-0.57735026919));
#11076 = ORIENTED_EDGE('',*,*,#6085,.T.);
#11077 = ORIENTED_EDGE('',*,*,#11045,.T.);
#11078 = ORIENTED_EDGE('',*,*,#11079,.F.);
#11079 = EDGE_CURVE('',#11070,#11046,#11080,.T.);
#11080 = LINE('',#11081,#11082);
#11081 = CARTESIAN_POINT('',(2.38,-10.48,-3.));
#11082 = VECTOR('',#11083,1.);
#11083 = DIRECTION('',(0.,1.,0.));
#11084 = PLANE('',#11085);
#11085 = AXIS2_PLACEMENT_3D('',#11086,#11087,#11088);
#11086 = CARTESIAN_POINT('',(2.3,-10.48,-2.92));
#11087 = DIRECTION('',(-0.707106781187,-1.735167508357E-18,
    -0.707106781187));
#11088 = DIRECTION('',(-1.226948711654E-18,1.,-1.226948711654E-18));
#11089 = ADVANCED_FACE('',(#11090),#11101,.T.);
#11090 = FACE_BOUND('',#11091,.F.);
#11091 = EDGE_LOOP('',(#11092,#11093,#11094,#11095));
#11092 = ORIENTED_EDGE('',*,*,#11069,.F.);
#11093 = ORIENTED_EDGE('',*,*,#6102,.T.);
#11094 = ORIENTED_EDGE('',*,*,#11014,.T.);
#11095 = ORIENTED_EDGE('',*,*,#11096,.F.);
#11096 = EDGE_CURVE('',#11070,#11015,#11097,.T.);
#11097 = LINE('',#11098,#11099);
#11098 = CARTESIAN_POINT('',(2.22,-10.32,-3.));
#11099 = VECTOR('',#11100,1.);
#11100 = DIRECTION('',(1.,0.,0.));
#11101 = PLANE('',#11102);
#11102 = AXIS2_PLACEMENT_3D('',#11103,#11104,#11105);
#11103 = CARTESIAN_POINT('',(2.22,-10.4,-2.92));
#11104 = DIRECTION('',(1.735167508357E-18,-0.707106781187,
    -0.707106781187));
#11105 = DIRECTION('',(-1.,-1.226948711654E-18,-1.226948711654E-18));
#11106 = ADVANCED_FACE('',(#11107),#11132,.F.);
#11107 = FACE_BOUND('',#11108,.F.);
#11108 = EDGE_LOOP('',(#11109,#11117,#11118,#11126));
#11109 = ORIENTED_EDGE('',*,*,#11110,.F.);
#11110 = EDGE_CURVE('',#6119,#11111,#11113,.T.);
#11111 = VERTEX_POINT('',#11112);
#11112 = CARTESIAN_POINT('',(0.16,-10.32,-3.));
#11113 = LINE('',#11114,#11115);
#11114 = CARTESIAN_POINT('',(0.16,-10.32,-3.));
#11115 = VECTOR('',#11116,1.);
#11116 = DIRECTION('',(-0.57735026919,0.57735026919,-0.57735026919));
#11117 = ORIENTED_EDGE('',*,*,#6126,.T.);
#11118 = ORIENTED_EDGE('',*,*,#11119,.T.);
#11119 = EDGE_CURVE('',#6127,#11120,#11122,.T.);
#11120 = VERTEX_POINT('',#11121);
#11121 = CARTESIAN_POINT('',(0.16,-10.,-3.));
#11122 = LINE('',#11123,#11124);
#11123 = CARTESIAN_POINT('',(5.333333333333E-02,-10.10666666666,
    -3.106666666667));
#11124 = VECTOR('',#11125,1.);
#11125 = DIRECTION('',(-0.57735026919,-0.57735026919,-0.57735026919));
#11126 = ORIENTED_EDGE('',*,*,#11127,.F.);
#11127 = EDGE_CURVE('',#11111,#11120,#11128,.T.);
#11128 = LINE('',#11129,#11130);
#11129 = CARTESIAN_POINT('',(0.16,-10.48,-3.));
#11130 = VECTOR('',#11131,1.);
#11131 = DIRECTION('',(0.,1.,0.));
#11132 = PLANE('',#11133);
#11133 = AXIS2_PLACEMENT_3D('',#11134,#11135,#11136);
#11134 = CARTESIAN_POINT('',(0.24,-10.48,-2.92));
#11135 = DIRECTION('',(-0.707106781187,1.735167508357E-18,0.707106781187
    ));
#11136 = DIRECTION('',(1.226948711654E-18,1.,-1.226948711654E-18));
#11137 = ADVANCED_FACE('',(#11138),#11156,.F.);
#11138 = FACE_BOUND('',#11139,.T.);
#11139 = EDGE_LOOP('',(#11140,#11148,#11149,#11150));
#11140 = ORIENTED_EDGE('',*,*,#11141,.F.);
#11141 = EDGE_CURVE('',#6151,#11142,#11144,.T.);
#11142 = VERTEX_POINT('',#11143);
#11143 = CARTESIAN_POINT('',(-0.16,-10.,-3.));
#11144 = LINE('',#11145,#11146);
#11145 = CARTESIAN_POINT('',(-0.16,-10.,-3.));
#11146 = VECTOR('',#11147,1.);
#11147 = DIRECTION('',(0.57735026919,-0.57735026919,-0.57735026919));
#11148 = ORIENTED_EDGE('',*,*,#6150,.T.);
#11149 = ORIENTED_EDGE('',*,*,#11119,.T.);
#11150 = ORIENTED_EDGE('',*,*,#11151,.F.);
#11151 = EDGE_CURVE('',#11142,#11120,#11152,.T.);
#11152 = LINE('',#11153,#11154);
#11153 = CARTESIAN_POINT('',(-0.32,-10.,-3.));
#11154 = VECTOR('',#11155,1.);
#11155 = DIRECTION('',(1.,0.,0.));
#11156 = PLANE('',#11157);
#11157 = AXIS2_PLACEMENT_3D('',#11158,#11159,#11160);
#11158 = CARTESIAN_POINT('',(-0.32,-9.92,-2.92));
#11159 = DIRECTION('',(-1.735167508357E-18,-0.707106781187,
    0.707106781187));
#11160 = DIRECTION('',(-1.,1.226948711654E-18,-1.226948711654E-18));
#11161 = ADVANCED_FACE('',(#11162),#11180,.T.);
#11162 = FACE_BOUND('',#11163,.T.);
#11163 = EDGE_LOOP('',(#11164,#11172,#11173,#11174));
#11164 = ORIENTED_EDGE('',*,*,#11165,.F.);
#11165 = EDGE_CURVE('',#6174,#11166,#11168,.T.);
#11166 = VERTEX_POINT('',#11167);
#11167 = CARTESIAN_POINT('',(-0.16,-10.32,-3.));
#11168 = LINE('',#11169,#11170);
#11169 = CARTESIAN_POINT('',(-0.266666666667,-10.42666666666,
    -2.893333333333));
#11170 = VECTOR('',#11171,1.);
#11171 = DIRECTION('',(0.57735026919,0.57735026919,-0.57735026919));
#11172 = ORIENTED_EDGE('',*,*,#6181,.T.);
#11173 = ORIENTED_EDGE('',*,*,#11141,.T.);
#11174 = ORIENTED_EDGE('',*,*,#11175,.F.);
#11175 = EDGE_CURVE('',#11166,#11142,#11176,.T.);
#11176 = LINE('',#11177,#11178);
#11177 = CARTESIAN_POINT('',(-0.16,-10.48,-3.));
#11178 = VECTOR('',#11179,1.);
#11179 = DIRECTION('',(0.,1.,0.));
#11180 = PLANE('',#11181);
#11181 = AXIS2_PLACEMENT_3D('',#11182,#11183,#11184);
#11182 = CARTESIAN_POINT('',(-0.24,-10.48,-2.92));
#11183 = DIRECTION('',(-0.707106781187,-1.735167508357E-18,
    -0.707106781187));
#11184 = DIRECTION('',(-1.226948711654E-18,1.,-1.226948711654E-18));
#11185 = ADVANCED_FACE('',(#11186),#11197,.T.);
#11186 = FACE_BOUND('',#11187,.F.);
#11187 = EDGE_LOOP('',(#11188,#11189,#11190,#11191));
#11188 = ORIENTED_EDGE('',*,*,#11165,.F.);
#11189 = ORIENTED_EDGE('',*,*,#6198,.T.);
#11190 = ORIENTED_EDGE('',*,*,#11110,.T.);
#11191 = ORIENTED_EDGE('',*,*,#11192,.F.);
#11192 = EDGE_CURVE('',#11166,#11111,#11193,.T.);
#11193 = LINE('',#11194,#11195);
#11194 = CARTESIAN_POINT('',(-0.32,-10.32,-3.));
#11195 = VECTOR('',#11196,1.);
#11196 = DIRECTION('',(1.,0.,0.));
#11197 = PLANE('',#11198);
#11198 = AXIS2_PLACEMENT_3D('',#11199,#11200,#11201);
#11199 = CARTESIAN_POINT('',(-0.32,-10.4,-2.92));
#11200 = DIRECTION('',(1.735167508357E-18,-0.707106781187,
    -0.707106781187));
#11201 = DIRECTION('',(-1.,-1.226948711654E-18,-1.226948711654E-18));
#11202 = ADVANCED_FACE('',(#11203),#11228,.F.);
#11203 = FACE_BOUND('',#11204,.F.);
#11204 = EDGE_LOOP('',(#11205,#11213,#11214,#11222));
#11205 = ORIENTED_EDGE('',*,*,#11206,.F.);
#11206 = EDGE_CURVE('',#6215,#11207,#11209,.T.);
#11207 = VERTEX_POINT('',#11208);
#11208 = CARTESIAN_POINT('',(2.7,-2.7,-3.));
#11209 = LINE('',#11210,#11211);
#11210 = CARTESIAN_POINT('',(2.7,-2.7,-3.));
#11211 = VECTOR('',#11212,1.);
#11212 = DIRECTION('',(-0.57735026919,0.57735026919,-0.57735026919));
#11213 = ORIENTED_EDGE('',*,*,#6222,.T.);
#11214 = ORIENTED_EDGE('',*,*,#11215,.T.);
#11215 = EDGE_CURVE('',#6223,#11216,#11218,.T.);
#11216 = VERTEX_POINT('',#11217);
#11217 = CARTESIAN_POINT('',(2.7,-2.38,-3.));
#11218 = LINE('',#11219,#11220);
#11219 = CARTESIAN_POINT('',(2.593333333333,-2.486666666667,
    -3.106666666667));
#11220 = VECTOR('',#11221,1.);
#11221 = DIRECTION('',(-0.57735026919,-0.57735026919,-0.57735026919));
#11222 = ORIENTED_EDGE('',*,*,#11223,.F.);
#11223 = EDGE_CURVE('',#11207,#11216,#11224,.T.);
#11224 = LINE('',#11225,#11226);
#11225 = CARTESIAN_POINT('',(2.7,-2.86,-3.));
#11226 = VECTOR('',#11227,1.);
#11227 = DIRECTION('',(0.,1.,0.));
#11228 = PLANE('',#11229);
#11229 = AXIS2_PLACEMENT_3D('',#11230,#11231,#11232);
#11230 = CARTESIAN_POINT('',(2.78,-2.86,-2.92));
#11231 = DIRECTION('',(-0.707106781187,1.735167508357E-18,0.707106781187
    ));
#11232 = DIRECTION('',(1.226948711654E-18,1.,-1.226948711654E-18));
#11233 = ADVANCED_FACE('',(#11234),#11252,.F.);
#11234 = FACE_BOUND('',#11235,.T.);
#11235 = EDGE_LOOP('',(#11236,#11244,#11245,#11246));
#11236 = ORIENTED_EDGE('',*,*,#11237,.F.);
#11237 = EDGE_CURVE('',#6247,#11238,#11240,.T.);
#11238 = VERTEX_POINT('',#11239);
#11239 = CARTESIAN_POINT('',(2.38,-2.38,-3.));
#11240 = LINE('',#11241,#11242);
#11241 = CARTESIAN_POINT('',(2.38,-2.38,-3.));
#11242 = VECTOR('',#11243,1.);
#11243 = DIRECTION('',(0.57735026919,-0.57735026919,-0.57735026919));
#11244 = ORIENTED_EDGE('',*,*,#6246,.T.);
#11245 = ORIENTED_EDGE('',*,*,#11215,.T.);
#11246 = ORIENTED_EDGE('',*,*,#11247,.F.);
#11247 = EDGE_CURVE('',#11238,#11216,#11248,.T.);
#11248 = LINE('',#11249,#11250);
#11249 = CARTESIAN_POINT('',(2.22,-2.38,-3.));
#11250 = VECTOR('',#11251,1.);
#11251 = DIRECTION('',(1.,0.,0.));
#11252 = PLANE('',#11253);
#11253 = AXIS2_PLACEMENT_3D('',#11254,#11255,#11256);
#11254 = CARTESIAN_POINT('',(2.22,-2.3,-2.92));
#11255 = DIRECTION('',(-1.735167508357E-18,-0.707106781187,
    0.707106781187));
#11256 = DIRECTION('',(-1.,1.226948711654E-18,-1.226948711654E-18));
#11257 = ADVANCED_FACE('',(#11258),#11276,.T.);
#11258 = FACE_BOUND('',#11259,.T.);
#11259 = EDGE_LOOP('',(#11260,#11268,#11269,#11270));
#11260 = ORIENTED_EDGE('',*,*,#11261,.F.);
#11261 = EDGE_CURVE('',#6270,#11262,#11264,.T.);
#11262 = VERTEX_POINT('',#11263);
#11263 = CARTESIAN_POINT('',(2.38,-2.7,-3.));
#11264 = LINE('',#11265,#11266);
#11265 = CARTESIAN_POINT('',(2.273333333333,-2.806666666667,
    -2.893333333333));
#11266 = VECTOR('',#11267,1.);
#11267 = DIRECTION('',(0.57735026919,0.57735026919,-0.57735026919));
#11268 = ORIENTED_EDGE('',*,*,#6277,.T.);
#11269 = ORIENTED_EDGE('',*,*,#11237,.T.);
#11270 = ORIENTED_EDGE('',*,*,#11271,.F.);
#11271 = EDGE_CURVE('',#11262,#11238,#11272,.T.);
#11272 = LINE('',#11273,#11274);
#11273 = CARTESIAN_POINT('',(2.38,-2.86,-3.));
#11274 = VECTOR('',#11275,1.);
#11275 = DIRECTION('',(0.,1.,0.));
#11276 = PLANE('',#11277);
#11277 = AXIS2_PLACEMENT_3D('',#11278,#11279,#11280);
#11278 = CARTESIAN_POINT('',(2.3,-2.86,-2.92));
#11279 = DIRECTION('',(-0.707106781187,-1.735167508357E-18,
    -0.707106781187));
#11280 = DIRECTION('',(-1.226948711654E-18,1.,-1.226948711654E-18));
#11281 = ADVANCED_FACE('',(#11282),#11293,.T.);
#11282 = FACE_BOUND('',#11283,.F.);
#11283 = EDGE_LOOP('',(#11284,#11285,#11286,#11287));
#11284 = ORIENTED_EDGE('',*,*,#11261,.F.);
#11285 = ORIENTED_EDGE('',*,*,#6294,.T.);
#11286 = ORIENTED_EDGE('',*,*,#11206,.T.);
#11287 = ORIENTED_EDGE('',*,*,#11288,.F.);
#11288 = EDGE_CURVE('',#11262,#11207,#11289,.T.);
#11289 = LINE('',#11290,#11291);
#11290 = CARTESIAN_POINT('',(2.22,-2.7,-3.));
#11291 = VECTOR('',#11292,1.);
#11292 = DIRECTION('',(1.,0.,0.));
#11293 = PLANE('',#11294);
#11294 = AXIS2_PLACEMENT_3D('',#11295,#11296,#11297);
#11295 = CARTESIAN_POINT('',(2.22,-2.78,-2.92));
#11296 = DIRECTION('',(1.735167508357E-18,-0.707106781187,
    -0.707106781187));
#11297 = DIRECTION('',(-1.,-1.226948711654E-18,-1.226948711654E-18));
#11298 = ADVANCED_FACE('',(#11299),#11324,.T.);
#11299 = FACE_BOUND('',#11300,.F.);
#11300 = EDGE_LOOP('',(#11301,#11309,#11310,#11318));
#11301 = ORIENTED_EDGE('',*,*,#11302,.F.);
#11302 = EDGE_CURVE('',#6319,#11303,#11305,.T.);
#11303 = VERTEX_POINT('',#11304);
#11304 = CARTESIAN_POINT('',(-0.16,-2.7,-3.));
#11305 = LINE('',#11306,#11307);
#11306 = CARTESIAN_POINT('',(-0.266666666667,-2.806666666667,
    -2.893333333333));
#11307 = VECTOR('',#11308,1.);
#11308 = DIRECTION('',(0.57735026919,0.57735026919,-0.57735026919));
#11309 = ORIENTED_EDGE('',*,*,#6318,.T.);
#11310 = ORIENTED_EDGE('',*,*,#11311,.T.);
#11311 = EDGE_CURVE('',#6311,#11312,#11314,.T.);
#11312 = VERTEX_POINT('',#11313);
#11313 = CARTESIAN_POINT('',(0.16,-2.7,-3.));
#11314 = LINE('',#11315,#11316);
#11315 = CARTESIAN_POINT('',(0.16,-2.7,-3.));
#11316 = VECTOR('',#11317,1.);
#11317 = DIRECTION('',(-0.57735026919,0.57735026919,-0.57735026919));
#11318 = ORIENTED_EDGE('',*,*,#11319,.F.);
#11319 = EDGE_CURVE('',#11303,#11312,#11320,.T.);
#11320 = LINE('',#11321,#11322);
#11321 = CARTESIAN_POINT('',(-0.32,-2.7,-3.));
#11322 = VECTOR('',#11323,1.);
#11323 = DIRECTION('',(1.,0.,0.));
#11324 = PLANE('',#11325);
#11325 = AXIS2_PLACEMENT_3D('',#11326,#11327,#11328);
#11326 = CARTESIAN_POINT('',(-0.32,-2.78,-2.92));
#11327 = DIRECTION('',(1.735167508357E-18,-0.707106781187,
    -0.707106781187));
#11328 = DIRECTION('',(-1.,-1.226948711654E-18,-1.226948711654E-18));
#11329 = ADVANCED_FACE('',(#11330),#11348,.F.);
#11330 = FACE_BOUND('',#11331,.F.);
#11331 = EDGE_LOOP('',(#11332,#11333,#11334,#11342));
#11332 = ORIENTED_EDGE('',*,*,#11311,.F.);
#11333 = ORIENTED_EDGE('',*,*,#6342,.T.);
#11334 = ORIENTED_EDGE('',*,*,#11335,.T.);
#11335 = EDGE_CURVE('',#6343,#11336,#11338,.T.);
#11336 = VERTEX_POINT('',#11337);
#11337 = CARTESIAN_POINT('',(0.16,-2.38,-3.));
#11338 = LINE('',#11339,#11340);
#11339 = CARTESIAN_POINT('',(5.333333333333E-02,-2.486666666667,
    -3.106666666667));
#11340 = VECTOR('',#11341,1.);
#11341 = DIRECTION('',(-0.57735026919,-0.57735026919,-0.57735026919));
#11342 = ORIENTED_EDGE('',*,*,#11343,.F.);
#11343 = EDGE_CURVE('',#11312,#11336,#11344,.T.);
#11344 = LINE('',#11345,#11346);
#11345 = CARTESIAN_POINT('',(0.16,-2.86,-3.));
#11346 = VECTOR('',#11347,1.);
#11347 = DIRECTION('',(0.,1.,0.));
#11348 = PLANE('',#11349);
#11349 = AXIS2_PLACEMENT_3D('',#11350,#11351,#11352);
#11350 = CARTESIAN_POINT('',(0.24,-2.86,-2.92));
#11351 = DIRECTION('',(-0.707106781187,1.735167508357E-18,0.707106781187
    ));
#11352 = DIRECTION('',(1.226948711654E-18,1.,-1.226948711654E-18));
#11353 = ADVANCED_FACE('',(#11354),#11372,.F.);
#11354 = FACE_BOUND('',#11355,.T.);
#11355 = EDGE_LOOP('',(#11356,#11364,#11365,#11366));
#11356 = ORIENTED_EDGE('',*,*,#11357,.F.);
#11357 = EDGE_CURVE('',#6367,#11358,#11360,.T.);
#11358 = VERTEX_POINT('',#11359);
#11359 = CARTESIAN_POINT('',(-0.16,-2.38,-3.));
#11360 = LINE('',#11361,#11362);
#11361 = CARTESIAN_POINT('',(-0.16,-2.38,-3.));
#11362 = VECTOR('',#11363,1.);
#11363 = DIRECTION('',(0.57735026919,-0.57735026919,-0.57735026919));
#11364 = ORIENTED_EDGE('',*,*,#6366,.T.);
#11365 = ORIENTED_EDGE('',*,*,#11335,.T.);
#11366 = ORIENTED_EDGE('',*,*,#11367,.F.);
#11367 = EDGE_CURVE('',#11358,#11336,#11368,.T.);
#11368 = LINE('',#11369,#11370);
#11369 = CARTESIAN_POINT('',(-0.32,-2.38,-3.));
#11370 = VECTOR('',#11371,1.);
#11371 = DIRECTION('',(1.,0.,0.));
#11372 = PLANE('',#11373);
#11373 = AXIS2_PLACEMENT_3D('',#11374,#11375,#11376);
#11374 = CARTESIAN_POINT('',(-0.32,-2.3,-2.92));
#11375 = DIRECTION('',(-1.735167508357E-18,-0.707106781187,
    0.707106781187));
#11376 = DIRECTION('',(-1.,1.226948711654E-18,-1.226948711654E-18));
#11377 = ADVANCED_FACE('',(#11378),#11389,.T.);
#11378 = FACE_BOUND('',#11379,.T.);
#11379 = EDGE_LOOP('',(#11380,#11381,#11382,#11383));
#11380 = ORIENTED_EDGE('',*,*,#11302,.F.);
#11381 = ORIENTED_EDGE('',*,*,#6390,.T.);
#11382 = ORIENTED_EDGE('',*,*,#11357,.T.);
#11383 = ORIENTED_EDGE('',*,*,#11384,.F.);
#11384 = EDGE_CURVE('',#11303,#11358,#11385,.T.);
#11385 = LINE('',#11386,#11387);
#11386 = CARTESIAN_POINT('',(-0.16,-2.86,-3.));
#11387 = VECTOR('',#11388,1.);
#11388 = DIRECTION('',(0.,1.,0.));
#11389 = PLANE('',#11390);
#11390 = AXIS2_PLACEMENT_3D('',#11391,#11392,#11393);
#11391 = CARTESIAN_POINT('',(-0.24,-2.86,-2.92));
#11392 = DIRECTION('',(-0.707106781187,-1.735167508357E-18,
    -0.707106781187));
#11393 = DIRECTION('',(-1.226948711654E-18,1.,-1.226948711654E-18));
#11394 = ADVANCED_FACE('',(#11395),#11420,.F.);
#11395 = FACE_BOUND('',#11396,.F.);
#11396 = EDGE_LOOP('',(#11397,#11405,#11406,#11414));
#11397 = ORIENTED_EDGE('',*,*,#11398,.F.);
#11398 = EDGE_CURVE('',#6407,#11399,#11401,.T.);
#11399 = VERTEX_POINT('',#11400);
#11400 = CARTESIAN_POINT('',(0.16,-5.24,-3.));
#11401 = LINE('',#11402,#11403);
#11402 = CARTESIAN_POINT('',(0.16,-5.24,-3.));
#11403 = VECTOR('',#11404,1.);
#11404 = DIRECTION('',(-0.57735026919,0.57735026919,-0.57735026919));
#11405 = ORIENTED_EDGE('',*,*,#6414,.T.);
#11406 = ORIENTED_EDGE('',*,*,#11407,.T.);
#11407 = EDGE_CURVE('',#6415,#11408,#11410,.T.);
#11408 = VERTEX_POINT('',#11409);
#11409 = CARTESIAN_POINT('',(0.16,-4.92,-3.));
#11410 = LINE('',#11411,#11412);
#11411 = CARTESIAN_POINT('',(5.333333333333E-02,-5.026666666667,
    -3.106666666667));
#11412 = VECTOR('',#11413,1.);
#11413 = DIRECTION('',(-0.57735026919,-0.57735026919,-0.57735026919));
#11414 = ORIENTED_EDGE('',*,*,#11415,.F.);
#11415 = EDGE_CURVE('',#11399,#11408,#11416,.T.);
#11416 = LINE('',#11417,#11418);
#11417 = CARTESIAN_POINT('',(0.16,-5.4,-3.));
#11418 = VECTOR('',#11419,1.);
#11419 = DIRECTION('',(0.,1.,0.));
#11420 = PLANE('',#11421);
#11421 = AXIS2_PLACEMENT_3D('',#11422,#11423,#11424);
#11422 = CARTESIAN_POINT('',(0.24,-5.4,-2.92));
#11423 = DIRECTION('',(-0.707106781187,1.735167508357E-18,0.707106781187
    ));
#11424 = DIRECTION('',(1.226948711654E-18,1.,-1.226948711654E-18));
#11425 = ADVANCED_FACE('',(#11426),#11444,.F.);
#11426 = FACE_BOUND('',#11427,.T.);
#11427 = EDGE_LOOP('',(#11428,#11436,#11437,#11438));
#11428 = ORIENTED_EDGE('',*,*,#11429,.F.);
#11429 = EDGE_CURVE('',#6439,#11430,#11432,.T.);
#11430 = VERTEX_POINT('',#11431);
#11431 = CARTESIAN_POINT('',(-0.16,-4.92,-3.));
#11432 = LINE('',#11433,#11434);
#11433 = CARTESIAN_POINT('',(-0.16,-4.92,-3.));
#11434 = VECTOR('',#11435,1.);
#11435 = DIRECTION('',(0.57735026919,-0.57735026919,-0.57735026919));
#11436 = ORIENTED_EDGE('',*,*,#6438,.T.);
#11437 = ORIENTED_EDGE('',*,*,#11407,.T.);
#11438 = ORIENTED_EDGE('',*,*,#11439,.F.);
#11439 = EDGE_CURVE('',#11430,#11408,#11440,.T.);
#11440 = LINE('',#11441,#11442);
#11441 = CARTESIAN_POINT('',(-0.32,-4.92,-3.));
#11442 = VECTOR('',#11443,1.);
#11443 = DIRECTION('',(1.,0.,0.));
#11444 = PLANE('',#11445);
#11445 = AXIS2_PLACEMENT_3D('',#11446,#11447,#11448);
#11446 = CARTESIAN_POINT('',(-0.32,-4.84,-2.92));
#11447 = DIRECTION('',(-1.735167508357E-18,-0.707106781187,
    0.707106781187));
#11448 = DIRECTION('',(-1.,1.226948711654E-18,-1.226948711654E-18));
#11449 = ADVANCED_FACE('',(#11450),#11468,.T.);
#11450 = FACE_BOUND('',#11451,.T.);
#11451 = EDGE_LOOP('',(#11452,#11460,#11461,#11462));
#11452 = ORIENTED_EDGE('',*,*,#11453,.F.);
#11453 = EDGE_CURVE('',#6462,#11454,#11456,.T.);
#11454 = VERTEX_POINT('',#11455);
#11455 = CARTESIAN_POINT('',(-0.16,-5.24,-3.));
#11456 = LINE('',#11457,#11458);
#11457 = CARTESIAN_POINT('',(-0.266666666667,-5.346666666667,
    -2.893333333333));
#11458 = VECTOR('',#11459,1.);
#11459 = DIRECTION('',(0.57735026919,0.57735026919,-0.57735026919));
#11460 = ORIENTED_EDGE('',*,*,#6469,.T.);
#11461 = ORIENTED_EDGE('',*,*,#11429,.T.);
#11462 = ORIENTED_EDGE('',*,*,#11463,.F.);
#11463 = EDGE_CURVE('',#11454,#11430,#11464,.T.);
#11464 = LINE('',#11465,#11466);
#11465 = CARTESIAN_POINT('',(-0.16,-5.4,-3.));
#11466 = VECTOR('',#11467,1.);
#11467 = DIRECTION('',(0.,1.,0.));
#11468 = PLANE('',#11469);
#11469 = AXIS2_PLACEMENT_3D('',#11470,#11471,#11472);
#11470 = CARTESIAN_POINT('',(-0.24,-5.4,-2.92));
#11471 = DIRECTION('',(-0.707106781187,-1.735167508357E-18,
    -0.707106781187));
#11472 = DIRECTION('',(-1.226948711654E-18,1.,-1.226948711654E-18));
#11473 = ADVANCED_FACE('',(#11474),#11485,.T.);
#11474 = FACE_BOUND('',#11475,.F.);
#11475 = EDGE_LOOP('',(#11476,#11477,#11478,#11479));
#11476 = ORIENTED_EDGE('',*,*,#11453,.F.);
#11477 = ORIENTED_EDGE('',*,*,#6486,.T.);
#11478 = ORIENTED_EDGE('',*,*,#11398,.T.);
#11479 = ORIENTED_EDGE('',*,*,#11480,.F.);
#11480 = EDGE_CURVE('',#11454,#11399,#11481,.T.);
#11481 = LINE('',#11482,#11483);
#11482 = CARTESIAN_POINT('',(-0.32,-5.24,-3.));
#11483 = VECTOR('',#11484,1.);
#11484 = DIRECTION('',(1.,0.,0.));
#11485 = PLANE('',#11486);
#11486 = AXIS2_PLACEMENT_3D('',#11487,#11488,#11489);
#11487 = CARTESIAN_POINT('',(-0.32,-5.32,-2.92));
#11488 = DIRECTION('',(1.735167508357E-18,-0.707106781187,
    -0.707106781187));
#11489 = DIRECTION('',(-1.,-1.226948711654E-18,-1.226948711654E-18));
#11490 = ADVANCED_FACE('',(#11491),#11516,.T.);
#11491 = FACE_BOUND('',#11492,.F.);
#11492 = EDGE_LOOP('',(#11493,#11501,#11502,#11510));
#11493 = ORIENTED_EDGE('',*,*,#11494,.F.);
#11494 = EDGE_CURVE('',#6511,#11495,#11497,.T.);
#11495 = VERTEX_POINT('',#11496);
#11496 = CARTESIAN_POINT('',(2.38,-5.24,-3.));
#11497 = LINE('',#11498,#11499);
#11498 = CARTESIAN_POINT('',(2.273333333333,-5.346666666667,
    -2.893333333333));
#11499 = VECTOR('',#11500,1.);
#11500 = DIRECTION('',(0.57735026919,0.57735026919,-0.57735026919));
#11501 = ORIENTED_EDGE('',*,*,#6510,.T.);
#11502 = ORIENTED_EDGE('',*,*,#11503,.T.);
#11503 = EDGE_CURVE('',#6503,#11504,#11506,.T.);
#11504 = VERTEX_POINT('',#11505);
#11505 = CARTESIAN_POINT('',(2.7,-5.24,-3.));
#11506 = LINE('',#11507,#11508);
#11507 = CARTESIAN_POINT('',(2.7,-5.24,-3.));
#11508 = VECTOR('',#11509,1.);
#11509 = DIRECTION('',(-0.57735026919,0.57735026919,-0.57735026919));
#11510 = ORIENTED_EDGE('',*,*,#11511,.F.);
#11511 = EDGE_CURVE('',#11495,#11504,#11512,.T.);
#11512 = LINE('',#11513,#11514);
#11513 = CARTESIAN_POINT('',(2.22,-5.24,-3.));
#11514 = VECTOR('',#11515,1.);
#11515 = DIRECTION('',(1.,0.,0.));
#11516 = PLANE('',#11517);
#11517 = AXIS2_PLACEMENT_3D('',#11518,#11519,#11520);
#11518 = CARTESIAN_POINT('',(2.22,-5.32,-2.92));
#11519 = DIRECTION('',(1.735167508357E-18,-0.707106781187,
    -0.707106781187));
#11520 = DIRECTION('',(-1.,-1.226948711654E-18,-1.226948711654E-18));
#11521 = ADVANCED_FACE('',(#11522),#11540,.F.);
#11522 = FACE_BOUND('',#11523,.F.);
#11523 = EDGE_LOOP('',(#11524,#11525,#11526,#11534));
#11524 = ORIENTED_EDGE('',*,*,#11503,.F.);
#11525 = ORIENTED_EDGE('',*,*,#6534,.T.);
#11526 = ORIENTED_EDGE('',*,*,#11527,.T.);
#11527 = EDGE_CURVE('',#6535,#11528,#11530,.T.);
#11528 = VERTEX_POINT('',#11529);
#11529 = CARTESIAN_POINT('',(2.7,-4.92,-3.));
#11530 = LINE('',#11531,#11532);
#11531 = CARTESIAN_POINT('',(2.593333333333,-5.026666666667,
    -3.106666666667));
#11532 = VECTOR('',#11533,1.);
#11533 = DIRECTION('',(-0.57735026919,-0.57735026919,-0.57735026919));
#11534 = ORIENTED_EDGE('',*,*,#11535,.F.);
#11535 = EDGE_CURVE('',#11504,#11528,#11536,.T.);
#11536 = LINE('',#11537,#11538);
#11537 = CARTESIAN_POINT('',(2.7,-5.4,-3.));
#11538 = VECTOR('',#11539,1.);
#11539 = DIRECTION('',(0.,1.,0.));
#11540 = PLANE('',#11541);
#11541 = AXIS2_PLACEMENT_3D('',#11542,#11543,#11544);
#11542 = CARTESIAN_POINT('',(2.78,-5.4,-2.92));
#11543 = DIRECTION('',(-0.707106781187,1.735167508357E-18,0.707106781187
    ));
#11544 = DIRECTION('',(1.226948711654E-18,1.,-1.226948711654E-18));
#11545 = ADVANCED_FACE('',(#11546),#11564,.F.);
#11546 = FACE_BOUND('',#11547,.T.);
#11547 = EDGE_LOOP('',(#11548,#11556,#11557,#11558));
#11548 = ORIENTED_EDGE('',*,*,#11549,.F.);
#11549 = EDGE_CURVE('',#6559,#11550,#11552,.T.);
#11550 = VERTEX_POINT('',#11551);
#11551 = CARTESIAN_POINT('',(2.38,-4.92,-3.));
#11552 = LINE('',#11553,#11554);
#11553 = CARTESIAN_POINT('',(2.38,-4.92,-3.));
#11554 = VECTOR('',#11555,1.);
#11555 = DIRECTION('',(0.57735026919,-0.57735026919,-0.57735026919));
#11556 = ORIENTED_EDGE('',*,*,#6558,.T.);
#11557 = ORIENTED_EDGE('',*,*,#11527,.T.);
#11558 = ORIENTED_EDGE('',*,*,#11559,.F.);
#11559 = EDGE_CURVE('',#11550,#11528,#11560,.T.);
#11560 = LINE('',#11561,#11562);
#11561 = CARTESIAN_POINT('',(2.22,-4.92,-3.));
#11562 = VECTOR('',#11563,1.);
#11563 = DIRECTION('',(1.,0.,0.));
#11564 = PLANE('',#11565);
#11565 = AXIS2_PLACEMENT_3D('',#11566,#11567,#11568);
#11566 = CARTESIAN_POINT('',(2.22,-4.84,-2.92));
#11567 = DIRECTION('',(-1.735167508357E-18,-0.707106781187,
    0.707106781187));
#11568 = DIRECTION('',(-1.,1.226948711654E-18,-1.226948711654E-18));
#11569 = ADVANCED_FACE('',(#11570),#11581,.T.);
#11570 = FACE_BOUND('',#11571,.T.);
#11571 = EDGE_LOOP('',(#11572,#11573,#11574,#11575));
#11572 = ORIENTED_EDGE('',*,*,#11494,.F.);
#11573 = ORIENTED_EDGE('',*,*,#6582,.T.);
#11574 = ORIENTED_EDGE('',*,*,#11549,.T.);
#11575 = ORIENTED_EDGE('',*,*,#11576,.F.);
#11576 = EDGE_CURVE('',#11495,#11550,#11577,.T.);
#11577 = LINE('',#11578,#11579);
#11578 = CARTESIAN_POINT('',(2.38,-5.4,-3.));
#11579 = VECTOR('',#11580,1.);
#11580 = DIRECTION('',(0.,1.,0.));
#11581 = PLANE('',#11582);
#11582 = AXIS2_PLACEMENT_3D('',#11583,#11584,#11585);
#11583 = CARTESIAN_POINT('',(2.3,-5.4,-2.92));
#11584 = DIRECTION('',(-0.707106781187,-1.735167508357E-18,
    -0.707106781187));
#11585 = DIRECTION('',(-1.226948711654E-18,1.,-1.226948711654E-18));
#11586 = ADVANCED_FACE('',(#11587),#11612,.F.);
#11587 = FACE_BOUND('',#11588,.F.);
#11588 = EDGE_LOOP('',(#11589,#11597,#11598,#11606));
#11589 = ORIENTED_EDGE('',*,*,#11590,.F.);
#11590 = EDGE_CURVE('',#6599,#11591,#11593,.T.);
#11591 = VERTEX_POINT('',#11592);
#11592 = CARTESIAN_POINT('',(0.16,-7.78,-3.));
#11593 = LINE('',#11594,#11595);
#11594 = CARTESIAN_POINT('',(0.16,-7.78,-3.));
#11595 = VECTOR('',#11596,1.);
#11596 = DIRECTION('',(-0.57735026919,0.57735026919,-0.57735026919));
#11597 = ORIENTED_EDGE('',*,*,#6606,.T.);
#11598 = ORIENTED_EDGE('',*,*,#11599,.T.);
#11599 = EDGE_CURVE('',#6607,#11600,#11602,.T.);
#11600 = VERTEX_POINT('',#11601);
#11601 = CARTESIAN_POINT('',(0.16,-7.46,-3.));
#11602 = LINE('',#11603,#11604);
#11603 = CARTESIAN_POINT('',(5.333333333333E-02,-7.566666666667,
    -3.106666666667));
#11604 = VECTOR('',#11605,1.);
#11605 = DIRECTION('',(-0.57735026919,-0.57735026919,-0.57735026919));
#11606 = ORIENTED_EDGE('',*,*,#11607,.F.);
#11607 = EDGE_CURVE('',#11591,#11600,#11608,.T.);
#11608 = LINE('',#11609,#11610);
#11609 = CARTESIAN_POINT('',(0.16,-7.94,-3.));
#11610 = VECTOR('',#11611,1.);
#11611 = DIRECTION('',(0.,1.,0.));
#11612 = PLANE('',#11613);
#11613 = AXIS2_PLACEMENT_3D('',#11614,#11615,#11616);
#11614 = CARTESIAN_POINT('',(0.24,-7.94,-2.92));
#11615 = DIRECTION('',(-0.707106781187,1.735167508357E-18,0.707106781187
    ));
#11616 = DIRECTION('',(1.226948711654E-18,1.,-1.226948711654E-18));
#11617 = ADVANCED_FACE('',(#11618),#11636,.F.);
#11618 = FACE_BOUND('',#11619,.T.);
#11619 = EDGE_LOOP('',(#11620,#11628,#11629,#11630));
#11620 = ORIENTED_EDGE('',*,*,#11621,.F.);
#11621 = EDGE_CURVE('',#6631,#11622,#11624,.T.);
#11622 = VERTEX_POINT('',#11623);
#11623 = CARTESIAN_POINT('',(-0.16,-7.46,-3.));
#11624 = LINE('',#11625,#11626);
#11625 = CARTESIAN_POINT('',(-0.16,-7.46,-3.));
#11626 = VECTOR('',#11627,1.);
#11627 = DIRECTION('',(0.57735026919,-0.57735026919,-0.57735026919));
#11628 = ORIENTED_EDGE('',*,*,#6630,.T.);
#11629 = ORIENTED_EDGE('',*,*,#11599,.T.);
#11630 = ORIENTED_EDGE('',*,*,#11631,.F.);
#11631 = EDGE_CURVE('',#11622,#11600,#11632,.T.);
#11632 = LINE('',#11633,#11634);
#11633 = CARTESIAN_POINT('',(-0.32,-7.46,-3.));
#11634 = VECTOR('',#11635,1.);
#11635 = DIRECTION('',(1.,0.,0.));
#11636 = PLANE('',#11637);
#11637 = AXIS2_PLACEMENT_3D('',#11638,#11639,#11640);
#11638 = CARTESIAN_POINT('',(-0.32,-7.38,-2.92));
#11639 = DIRECTION('',(-1.735167508357E-18,-0.707106781187,
    0.707106781187));
#11640 = DIRECTION('',(-1.,1.226948711654E-18,-1.226948711654E-18));
#11641 = ADVANCED_FACE('',(#11642),#11660,.T.);
#11642 = FACE_BOUND('',#11643,.T.);
#11643 = EDGE_LOOP('',(#11644,#11652,#11653,#11654));
#11644 = ORIENTED_EDGE('',*,*,#11645,.F.);
#11645 = EDGE_CURVE('',#6654,#11646,#11648,.T.);
#11646 = VERTEX_POINT('',#11647);
#11647 = CARTESIAN_POINT('',(-0.16,-7.78,-3.));
#11648 = LINE('',#11649,#11650);
#11649 = CARTESIAN_POINT('',(-0.266666666667,-7.886666666667,
    -2.893333333333));
#11650 = VECTOR('',#11651,1.);
#11651 = DIRECTION('',(0.57735026919,0.57735026919,-0.57735026919));
#11652 = ORIENTED_EDGE('',*,*,#6661,.T.);
#11653 = ORIENTED_EDGE('',*,*,#11621,.T.);
#11654 = ORIENTED_EDGE('',*,*,#11655,.F.);
#11655 = EDGE_CURVE('',#11646,#11622,#11656,.T.);
#11656 = LINE('',#11657,#11658);
#11657 = CARTESIAN_POINT('',(-0.16,-7.94,-3.));
#11658 = VECTOR('',#11659,1.);
#11659 = DIRECTION('',(0.,1.,0.));
#11660 = PLANE('',#11661);
#11661 = AXIS2_PLACEMENT_3D('',#11662,#11663,#11664);
#11662 = CARTESIAN_POINT('',(-0.24,-7.94,-2.92));
#11663 = DIRECTION('',(-0.707106781187,-1.735167508357E-18,
    -0.707106781187));
#11664 = DIRECTION('',(-1.226948711654E-18,1.,-1.226948711654E-18));
#11665 = ADVANCED_FACE('',(#11666),#11677,.T.);
#11666 = FACE_BOUND('',#11667,.F.);
#11667 = EDGE_LOOP('',(#11668,#11669,#11670,#11671));
#11668 = ORIENTED_EDGE('',*,*,#11645,.F.);
#11669 = ORIENTED_EDGE('',*,*,#6678,.T.);
#11670 = ORIENTED_EDGE('',*,*,#11590,.T.);
#11671 = ORIENTED_EDGE('',*,*,#11672,.F.);
#11672 = EDGE_CURVE('',#11646,#11591,#11673,.T.);
#11673 = LINE('',#11674,#11675);
#11674 = CARTESIAN_POINT('',(-0.32,-7.78,-3.));
#11675 = VECTOR('',#11676,1.);
#11676 = DIRECTION('',(1.,0.,0.));
#11677 = PLANE('',#11678);
#11678 = AXIS2_PLACEMENT_3D('',#11679,#11680,#11681);
#11679 = CARTESIAN_POINT('',(-0.32,-7.86,-2.92));
#11680 = DIRECTION('',(1.735167508357E-18,-0.707106781187,
    -0.707106781187));
#11681 = DIRECTION('',(-1.,-1.226948711654E-18,-1.226948711654E-18));
#11682 = ADVANCED_FACE('',(#11683),#11708,.F.);
#11683 = FACE_BOUND('',#11684,.F.);
#11684 = EDGE_LOOP('',(#11685,#11693,#11694,#11702));
#11685 = ORIENTED_EDGE('',*,*,#11686,.F.);
#11686 = EDGE_CURVE('',#6695,#11687,#11689,.T.);
#11687 = VERTEX_POINT('',#11688);
#11688 = CARTESIAN_POINT('',(2.7,-7.78,-3.));
#11689 = LINE('',#11690,#11691);
#11690 = CARTESIAN_POINT('',(2.7,-7.78,-3.));
#11691 = VECTOR('',#11692,1.);
#11692 = DIRECTION('',(-0.57735026919,0.57735026919,-0.57735026919));
#11693 = ORIENTED_EDGE('',*,*,#6702,.T.);
#11694 = ORIENTED_EDGE('',*,*,#11695,.T.);
#11695 = EDGE_CURVE('',#6703,#11696,#11698,.T.);
#11696 = VERTEX_POINT('',#11697);
#11697 = CARTESIAN_POINT('',(2.7,-7.46,-3.));
#11698 = LINE('',#11699,#11700);
#11699 = CARTESIAN_POINT('',(2.593333333333,-7.566666666667,
    -3.106666666667));
#11700 = VECTOR('',#11701,1.);
#11701 = DIRECTION('',(-0.57735026919,-0.57735026919,-0.57735026919));
#11702 = ORIENTED_EDGE('',*,*,#11703,.F.);
#11703 = EDGE_CURVE('',#11687,#11696,#11704,.T.);
#11704 = LINE('',#11705,#11706);
#11705 = CARTESIAN_POINT('',(2.7,-7.94,-3.));
#11706 = VECTOR('',#11707,1.);
#11707 = DIRECTION('',(0.,1.,0.));
#11708 = PLANE('',#11709);
#11709 = AXIS2_PLACEMENT_3D('',#11710,#11711,#11712);
#11710 = CARTESIAN_POINT('',(2.78,-7.94,-2.92));
#11711 = DIRECTION('',(-0.707106781187,1.735167508357E-18,0.707106781187
    ));
#11712 = DIRECTION('',(1.226948711654E-18,1.,-1.226948711654E-18));
#11713 = ADVANCED_FACE('',(#11714),#11732,.F.);
#11714 = FACE_BOUND('',#11715,.T.);
#11715 = EDGE_LOOP('',(#11716,#11724,#11725,#11726));
#11716 = ORIENTED_EDGE('',*,*,#11717,.F.);
#11717 = EDGE_CURVE('',#6727,#11718,#11720,.T.);
#11718 = VERTEX_POINT('',#11719);
#11719 = CARTESIAN_POINT('',(2.38,-7.46,-3.));
#11720 = LINE('',#11721,#11722);
#11721 = CARTESIAN_POINT('',(2.38,-7.46,-3.));
#11722 = VECTOR('',#11723,1.);
#11723 = DIRECTION('',(0.57735026919,-0.57735026919,-0.57735026919));
#11724 = ORIENTED_EDGE('',*,*,#6726,.T.);
#11725 = ORIENTED_EDGE('',*,*,#11695,.T.);
#11726 = ORIENTED_EDGE('',*,*,#11727,.F.);
#11727 = EDGE_CURVE('',#11718,#11696,#11728,.T.);
#11728 = LINE('',#11729,#11730);
#11729 = CARTESIAN_POINT('',(2.22,-7.46,-3.));
#11730 = VECTOR('',#11731,1.);
#11731 = DIRECTION('',(1.,0.,0.));
#11732 = PLANE('',#11733);
#11733 = AXIS2_PLACEMENT_3D('',#11734,#11735,#11736);
#11734 = CARTESIAN_POINT('',(2.22,-7.38,-2.92));
#11735 = DIRECTION('',(-1.735167508357E-18,-0.707106781187,
    0.707106781187));
#11736 = DIRECTION('',(-1.,1.226948711654E-18,-1.226948711654E-18));
#11737 = ADVANCED_FACE('',(#11738),#11756,.T.);
#11738 = FACE_BOUND('',#11739,.T.);
#11739 = EDGE_LOOP('',(#11740,#11748,#11749,#11750));
#11740 = ORIENTED_EDGE('',*,*,#11741,.F.);
#11741 = EDGE_CURVE('',#6750,#11742,#11744,.T.);
#11742 = VERTEX_POINT('',#11743);
#11743 = CARTESIAN_POINT('',(2.38,-7.78,-3.));
#11744 = LINE('',#11745,#11746);
#11745 = CARTESIAN_POINT('',(2.273333333333,-7.886666666667,
    -2.893333333333));
#11746 = VECTOR('',#11747,1.);
#11747 = DIRECTION('',(0.57735026919,0.57735026919,-0.57735026919));
#11748 = ORIENTED_EDGE('',*,*,#6757,.T.);
#11749 = ORIENTED_EDGE('',*,*,#11717,.T.);
#11750 = ORIENTED_EDGE('',*,*,#11751,.F.);
#11751 = EDGE_CURVE('',#11742,#11718,#11752,.T.);
#11752 = LINE('',#11753,#11754);
#11753 = CARTESIAN_POINT('',(2.38,-7.94,-3.));
#11754 = VECTOR('',#11755,1.);
#11755 = DIRECTION('',(0.,1.,0.));
#11756 = PLANE('',#11757);
#11757 = AXIS2_PLACEMENT_3D('',#11758,#11759,#11760);
#11758 = CARTESIAN_POINT('',(2.3,-7.94,-2.92));
#11759 = DIRECTION('',(-0.707106781187,-1.735167508357E-18,
    -0.707106781187));
#11760 = DIRECTION('',(-1.226948711654E-18,1.,-1.226948711654E-18));
#11761 = ADVANCED_FACE('',(#11762),#11773,.T.);
#11762 = FACE_BOUND('',#11763,.F.);
#11763 = EDGE_LOOP('',(#11764,#11765,#11766,#11767));
#11764 = ORIENTED_EDGE('',*,*,#11741,.F.);
#11765 = ORIENTED_EDGE('',*,*,#6774,.T.);
#11766 = ORIENTED_EDGE('',*,*,#11686,.T.);
#11767 = ORIENTED_EDGE('',*,*,#11768,.F.);
#11768 = EDGE_CURVE('',#11742,#11687,#11769,.T.);
#11769 = LINE('',#11770,#11771);
#11770 = CARTESIAN_POINT('',(2.22,-7.78,-3.));
#11771 = VECTOR('',#11772,1.);
#11772 = DIRECTION('',(1.,0.,0.));
#11773 = PLANE('',#11774);
#11774 = AXIS2_PLACEMENT_3D('',#11775,#11776,#11777);
#11775 = CARTESIAN_POINT('',(2.22,-7.86,-2.92));
#11776 = DIRECTION('',(1.735167508357E-18,-0.707106781187,
    -0.707106781187));
#11777 = DIRECTION('',(-1.,-1.226948711654E-18,-1.226948711654E-18));
#11778 = ADVANCED_FACE('',(#11779),#11804,.F.);
#11779 = FACE_BOUND('',#11780,.T.);
#11780 = EDGE_LOOP('',(#11781,#11789,#11790,#11798));
#11781 = ORIENTED_EDGE('',*,*,#11782,.F.);
#11782 = EDGE_CURVE('',#6799,#11783,#11785,.T.);
#11783 = VERTEX_POINT('',#11784);
#11784 = CARTESIAN_POINT('',(-0.16,0.16,-3.));
#11785 = LINE('',#11786,#11787);
#11786 = CARTESIAN_POINT('',(-0.16,0.16,-3.));
#11787 = VECTOR('',#11788,1.);
#11788 = DIRECTION('',(0.57735026919,-0.57735026919,-0.57735026919));
#11789 = ORIENTED_EDGE('',*,*,#6798,.T.);
#11790 = ORIENTED_EDGE('',*,*,#11791,.T.);
#11791 = EDGE_CURVE('',#6791,#11792,#11794,.T.);
#11792 = VERTEX_POINT('',#11793);
#11793 = CARTESIAN_POINT('',(0.16,0.16,-3.));
#11794 = LINE('',#11795,#11796);
#11795 = CARTESIAN_POINT('',(5.333333333333E-02,5.333333333333E-02,
    -3.106666666667));
#11796 = VECTOR('',#11797,1.);
#11797 = DIRECTION('',(-0.57735026919,-0.57735026919,-0.57735026919));
#11798 = ORIENTED_EDGE('',*,*,#11799,.F.);
#11799 = EDGE_CURVE('',#11783,#11792,#11800,.T.);
#11800 = LINE('',#11801,#11802);
#11801 = CARTESIAN_POINT('',(-0.32,0.16,-3.));
#11802 = VECTOR('',#11803,1.);
#11803 = DIRECTION('',(1.,0.,0.));
#11804 = PLANE('',#11805);
#11805 = AXIS2_PLACEMENT_3D('',#11806,#11807,#11808);
#11806 = CARTESIAN_POINT('',(-0.32,0.24,-2.92));
#11807 = DIRECTION('',(-1.735167508357E-18,-0.707106781187,
    0.707106781187));
#11808 = DIRECTION('',(-1.,1.226948711654E-18,-1.226948711654E-18));
#11809 = ADVANCED_FACE('',(#11810),#11828,.T.);
#11810 = FACE_BOUND('',#11811,.T.);
#11811 = EDGE_LOOP('',(#11812,#11820,#11821,#11822));
#11812 = ORIENTED_EDGE('',*,*,#11813,.F.);
#11813 = EDGE_CURVE('',#6822,#11814,#11816,.T.);
#11814 = VERTEX_POINT('',#11815);
#11815 = CARTESIAN_POINT('',(-0.16,-0.16,-3.));
#11816 = LINE('',#11817,#11818);
#11817 = CARTESIAN_POINT('',(-0.266666666667,-0.266666666667,
    -2.893333333333));
#11818 = VECTOR('',#11819,1.);
#11819 = DIRECTION('',(0.57735026919,0.57735026919,-0.57735026919));
#11820 = ORIENTED_EDGE('',*,*,#6829,.T.);
#11821 = ORIENTED_EDGE('',*,*,#11782,.T.);
#11822 = ORIENTED_EDGE('',*,*,#11823,.F.);
#11823 = EDGE_CURVE('',#11814,#11783,#11824,.T.);
#11824 = LINE('',#11825,#11826);
#11825 = CARTESIAN_POINT('',(-0.16,-0.32,-3.));
#11826 = VECTOR('',#11827,1.);
#11827 = DIRECTION('',(0.,1.,0.));
#11828 = PLANE('',#11829);
#11829 = AXIS2_PLACEMENT_3D('',#11830,#11831,#11832);
#11830 = CARTESIAN_POINT('',(-0.24,-0.32,-2.92));
#11831 = DIRECTION('',(-0.707106781187,-1.735167508357E-18,
    -0.707106781187));
#11832 = DIRECTION('',(-1.226948711654E-18,1.,-1.226948711654E-18));
#11833 = ADVANCED_FACE('',(#11834),#11852,.T.);
#11834 = FACE_BOUND('',#11835,.F.);
#11835 = EDGE_LOOP('',(#11836,#11837,#11838,#11846));
#11836 = ORIENTED_EDGE('',*,*,#11813,.F.);
#11837 = ORIENTED_EDGE('',*,*,#6853,.T.);
#11838 = ORIENTED_EDGE('',*,*,#11839,.T.);
#11839 = EDGE_CURVE('',#6846,#11840,#11842,.T.);
#11840 = VERTEX_POINT('',#11841);
#11841 = CARTESIAN_POINT('',(0.16,-0.16,-3.));
#11842 = LINE('',#11843,#11844);
#11843 = CARTESIAN_POINT('',(0.16,-0.16,-3.));
#11844 = VECTOR('',#11845,1.);
#11845 = DIRECTION('',(-0.57735026919,0.57735026919,-0.57735026919));
#11846 = ORIENTED_EDGE('',*,*,#11847,.F.);
#11847 = EDGE_CURVE('',#11814,#11840,#11848,.T.);
#11848 = LINE('',#11849,#11850);
#11849 = CARTESIAN_POINT('',(-0.32,-0.16,-3.));
#11850 = VECTOR('',#11851,1.);
#11851 = DIRECTION('',(1.,0.,0.));
#11852 = PLANE('',#11853);
#11853 = AXIS2_PLACEMENT_3D('',#11854,#11855,#11856);
#11854 = CARTESIAN_POINT('',(-0.32,-0.24,-2.92));
#11855 = DIRECTION('',(1.735167508357E-18,-0.707106781187,
    -0.707106781187));
#11856 = DIRECTION('',(-1.,-1.226948711654E-18,-1.226948711654E-18));
#11857 = ADVANCED_FACE('',(#11858),#11869,.F.);
#11858 = FACE_BOUND('',#11859,.F.);
#11859 = EDGE_LOOP('',(#11860,#11861,#11862,#11863));
#11860 = ORIENTED_EDGE('',*,*,#11839,.F.);
#11861 = ORIENTED_EDGE('',*,*,#6870,.T.);
#11862 = ORIENTED_EDGE('',*,*,#11791,.T.);
#11863 = ORIENTED_EDGE('',*,*,#11864,.F.);
#11864 = EDGE_CURVE('',#11840,#11792,#11865,.T.);
#11865 = LINE('',#11866,#11867);
#11866 = CARTESIAN_POINT('',(0.16,-0.32,-3.));
#11867 = VECTOR('',#11868,1.);
#11868 = DIRECTION('',(0.,1.,0.));
#11869 = PLANE('',#11870);
#11870 = AXIS2_PLACEMENT_3D('',#11871,#11872,#11873);
#11871 = CARTESIAN_POINT('',(0.24,-0.32,-2.92));
#11872 = DIRECTION('',(-0.707106781187,1.735167508357E-18,0.707106781187
    ));
#11873 = DIRECTION('',(1.226948711654E-18,1.,-1.226948711654E-18));
#11874 = ADVANCED_FACE('',(#11875),#11900,.F.);
#11875 = FACE_BOUND('',#11876,.F.);
#11876 = EDGE_LOOP('',(#11877,#11885,#11886,#11894));
#11877 = ORIENTED_EDGE('',*,*,#11878,.F.);
#11878 = EDGE_CURVE('',#6887,#11879,#11881,.T.);
#11879 = VERTEX_POINT('',#11880);
#11880 = CARTESIAN_POINT('',(2.7,-0.16,-3.));
#11881 = LINE('',#11882,#11883);
#11882 = CARTESIAN_POINT('',(2.7,-0.16,-3.));
#11883 = VECTOR('',#11884,1.);
#11884 = DIRECTION('',(-0.57735026919,0.57735026919,-0.57735026919));
#11885 = ORIENTED_EDGE('',*,*,#6894,.T.);
#11886 = ORIENTED_EDGE('',*,*,#11887,.T.);
#11887 = EDGE_CURVE('',#6895,#11888,#11890,.T.);
#11888 = VERTEX_POINT('',#11889);
#11889 = CARTESIAN_POINT('',(2.7,0.16,-3.));
#11890 = LINE('',#11891,#11892);
#11891 = CARTESIAN_POINT('',(2.593333333333,5.333333333333E-02,
    -3.106666666667));
#11892 = VECTOR('',#11893,1.);
#11893 = DIRECTION('',(-0.57735026919,-0.57735026919,-0.57735026919));
#11894 = ORIENTED_EDGE('',*,*,#11895,.F.);
#11895 = EDGE_CURVE('',#11879,#11888,#11896,.T.);
#11896 = LINE('',#11897,#11898);
#11897 = CARTESIAN_POINT('',(2.7,-0.32,-3.));
#11898 = VECTOR('',#11899,1.);
#11899 = DIRECTION('',(0.,1.,0.));
#11900 = PLANE('',#11901);
#11901 = AXIS2_PLACEMENT_3D('',#11902,#11903,#11904);
#11902 = CARTESIAN_POINT('',(2.78,-0.32,-2.92));
#11903 = DIRECTION('',(-0.707106781187,1.735167508357E-18,0.707106781187
    ));
#11904 = DIRECTION('',(1.226948711654E-18,1.,-1.226948711654E-18));
#11905 = ADVANCED_FACE('',(#11906),#11924,.F.);
#11906 = FACE_BOUND('',#11907,.T.);
#11907 = EDGE_LOOP('',(#11908,#11916,#11917,#11918));
#11908 = ORIENTED_EDGE('',*,*,#11909,.F.);
#11909 = EDGE_CURVE('',#6919,#11910,#11912,.T.);
#11910 = VERTEX_POINT('',#11911);
#11911 = CARTESIAN_POINT('',(2.38,0.16,-3.));
#11912 = LINE('',#11913,#11914);
#11913 = CARTESIAN_POINT('',(2.38,0.16,-3.));
#11914 = VECTOR('',#11915,1.);
#11915 = DIRECTION('',(0.57735026919,-0.57735026919,-0.57735026919));
#11916 = ORIENTED_EDGE('',*,*,#6918,.T.);
#11917 = ORIENTED_EDGE('',*,*,#11887,.T.);
#11918 = ORIENTED_EDGE('',*,*,#11919,.F.);
#11919 = EDGE_CURVE('',#11910,#11888,#11920,.T.);
#11920 = LINE('',#11921,#11922);
#11921 = CARTESIAN_POINT('',(2.22,0.16,-3.));
#11922 = VECTOR('',#11923,1.);
#11923 = DIRECTION('',(1.,0.,0.));
#11924 = PLANE('',#11925);
#11925 = AXIS2_PLACEMENT_3D('',#11926,#11927,#11928);
#11926 = CARTESIAN_POINT('',(2.22,0.24,-2.92));
#11927 = DIRECTION('',(-1.735167508357E-18,-0.707106781187,
    0.707106781187));
#11928 = DIRECTION('',(-1.,1.226948711654E-18,-1.226948711654E-18));
#11929 = ADVANCED_FACE('',(#11930),#11948,.T.);
#11930 = FACE_BOUND('',#11931,.T.);
#11931 = EDGE_LOOP('',(#11932,#11940,#11941,#11942));
#11932 = ORIENTED_EDGE('',*,*,#11933,.F.);
#11933 = EDGE_CURVE('',#6942,#11934,#11936,.T.);
#11934 = VERTEX_POINT('',#11935);
#11935 = CARTESIAN_POINT('',(2.38,-0.16,-3.));
#11936 = LINE('',#11937,#11938);
#11937 = CARTESIAN_POINT('',(2.273333333333,-0.266666666667,
    -2.893333333333));
#11938 = VECTOR('',#11939,1.);
#11939 = DIRECTION('',(0.57735026919,0.57735026919,-0.57735026919));
#11940 = ORIENTED_EDGE('',*,*,#6949,.T.);
#11941 = ORIENTED_EDGE('',*,*,#11909,.T.);
#11942 = ORIENTED_EDGE('',*,*,#11943,.F.);
#11943 = EDGE_CURVE('',#11934,#11910,#11944,.T.);
#11944 = LINE('',#11945,#11946);
#11945 = CARTESIAN_POINT('',(2.38,-0.32,-3.));
#11946 = VECTOR('',#11947,1.);
#11947 = DIRECTION('',(0.,1.,0.));
#11948 = PLANE('',#11949);
#11949 = AXIS2_PLACEMENT_3D('',#11950,#11951,#11952);
#11950 = CARTESIAN_POINT('',(2.3,-0.32,-2.92));
#11951 = DIRECTION('',(-0.707106781187,-1.735167508357E-18,
    -0.707106781187));
#11952 = DIRECTION('',(-1.226948711654E-18,1.,-1.226948711654E-18));
#11953 = ADVANCED_FACE('',(#11954),#11965,.T.);
#11954 = FACE_BOUND('',#11955,.F.);
#11955 = EDGE_LOOP('',(#11956,#11957,#11958,#11959));
#11956 = ORIENTED_EDGE('',*,*,#11933,.F.);
#11957 = ORIENTED_EDGE('',*,*,#6966,.T.);
#11958 = ORIENTED_EDGE('',*,*,#11878,.T.);
#11959 = ORIENTED_EDGE('',*,*,#11960,.F.);
#11960 = EDGE_CURVE('',#11934,#11879,#11961,.T.);
#11961 = LINE('',#11962,#11963);
#11962 = CARTESIAN_POINT('',(2.22,-0.16,-3.));
#11963 = VECTOR('',#11964,1.);
#11964 = DIRECTION('',(1.,0.,0.));
#11965 = PLANE('',#11966);
#11966 = AXIS2_PLACEMENT_3D('',#11967,#11968,#11969);
#11967 = CARTESIAN_POINT('',(2.22,-0.24,-2.92));
#11968 = DIRECTION('',(1.735167508357E-18,-0.707106781187,
    -0.707106781187));
#11969 = DIRECTION('',(-1.,-1.226948711654E-18,-1.226948711654E-18));
#11970 = ADVANCED_FACE('',(#11971),#11996,.T.);
#11971 = FACE_BOUND('',#11972,.T.);
#11972 = EDGE_LOOP('',(#11973,#11981,#11982,#11990));
#11973 = ORIENTED_EDGE('',*,*,#11974,.F.);
#11974 = EDGE_CURVE('',#6983,#11975,#11977,.T.);
#11975 = VERTEX_POINT('',#11976);
#11976 = CARTESIAN_POINT('',(2.7,-12.86,8.54));
#11977 = LINE('',#11978,#11979);
#11978 = CARTESIAN_POINT('',(2.7,-12.86,8.54));
#11979 = VECTOR('',#11980,1.);
#11980 = DIRECTION('',(-0.57735026919,0.57735026919,0.57735026919));
#11981 = ORIENTED_EDGE('',*,*,#6999,.T.);
#11982 = ORIENTED_EDGE('',*,*,#11983,.T.);
#11983 = EDGE_CURVE('',#6992,#11984,#11986,.T.);
#11984 = VERTEX_POINT('',#11985);
#11985 = CARTESIAN_POINT('',(2.7,-12.54,8.54));
#11986 = LINE('',#11987,#11988);
#11987 = CARTESIAN_POINT('',(2.593333333333,-12.64666666666,
    8.646666666667));
#11988 = VECTOR('',#11989,1.);
#11989 = DIRECTION('',(-0.57735026919,-0.57735026919,0.57735026919));
#11990 = ORIENTED_EDGE('',*,*,#11991,.F.);
#11991 = EDGE_CURVE('',#11975,#11984,#11992,.T.);
#11992 = LINE('',#11993,#11994);
#11993 = CARTESIAN_POINT('',(2.7,-13.02,8.54));
#11994 = VECTOR('',#11995,1.);
#11995 = DIRECTION('',(0.,1.,0.));
#11996 = PLANE('',#11997);
#11997 = AXIS2_PLACEMENT_3D('',#11998,#11999,#12000);
#11998 = CARTESIAN_POINT('',(2.78,-13.02,8.46));
#11999 = DIRECTION('',(0.707106781187,-1.735167508357E-18,0.707106781187
    ));
#12000 = DIRECTION('',(1.226948711654E-18,1.,1.226948711654E-18));
#12001 = ADVANCED_FACE('',(#12002),#12020,.T.);
#12002 = FACE_BOUND('',#12003,.F.);
#12003 = EDGE_LOOP('',(#12004,#12012,#12013,#12014));
#12004 = ORIENTED_EDGE('',*,*,#12005,.F.);
#12005 = EDGE_CURVE('',#7016,#12006,#12008,.T.);
#12006 = VERTEX_POINT('',#12007);
#12007 = CARTESIAN_POINT('',(2.38,-12.54,8.54));
#12008 = LINE('',#12009,#12010);
#12009 = CARTESIAN_POINT('',(2.38,-12.54,8.54));
#12010 = VECTOR('',#12011,1.);
#12011 = DIRECTION('',(0.57735026919,-0.57735026919,0.57735026919));
#12012 = ORIENTED_EDGE('',*,*,#7023,.T.);
#12013 = ORIENTED_EDGE('',*,*,#11983,.T.);
#12014 = ORIENTED_EDGE('',*,*,#12015,.F.);
#12015 = EDGE_CURVE('',#12006,#11984,#12016,.T.);
#12016 = LINE('',#12017,#12018);
#12017 = CARTESIAN_POINT('',(2.22,-12.54,8.54));
#12018 = VECTOR('',#12019,1.);
#12019 = DIRECTION('',(1.,0.,0.));
#12020 = PLANE('',#12021);
#12021 = AXIS2_PLACEMENT_3D('',#12022,#12023,#12024);
#12022 = CARTESIAN_POINT('',(2.22,-12.46,8.46));
#12023 = DIRECTION('',(1.735167508357E-18,0.707106781187,0.707106781187)
  );
#12024 = DIRECTION('',(-1.,1.226948711654E-18,1.226948711654E-18));
#12025 = ADVANCED_FACE('',(#12026),#12044,.F.);
#12026 = FACE_BOUND('',#12027,.F.);
#12027 = EDGE_LOOP('',(#12028,#12036,#12037,#12038));
#12028 = ORIENTED_EDGE('',*,*,#12029,.F.);
#12029 = EDGE_CURVE('',#7038,#12030,#12032,.T.);
#12030 = VERTEX_POINT('',#12031);
#12031 = CARTESIAN_POINT('',(2.38,-12.86,8.54));
#12032 = LINE('',#12033,#12034);
#12033 = CARTESIAN_POINT('',(2.273333333333,-12.96666666666,
    8.433333333333));
#12034 = VECTOR('',#12035,1.);
#12035 = DIRECTION('',(0.57735026919,0.57735026919,0.57735026919));
#12036 = ORIENTED_EDGE('',*,*,#7047,.T.);
#12037 = ORIENTED_EDGE('',*,*,#12005,.T.);
#12038 = ORIENTED_EDGE('',*,*,#12039,.F.);
#12039 = EDGE_CURVE('',#12030,#12006,#12040,.T.);
#12040 = LINE('',#12041,#12042);
#12041 = CARTESIAN_POINT('',(2.38,-13.02,8.54));
#12042 = VECTOR('',#12043,1.);
#12043 = DIRECTION('',(0.,1.,0.));
#12044 = PLANE('',#12045);
#12045 = AXIS2_PLACEMENT_3D('',#12046,#12047,#12048);
#12046 = CARTESIAN_POINT('',(2.3,-13.02,8.46));
#12047 = DIRECTION('',(0.707106781187,1.735167508357E-18,-0.707106781187
    ));
#12048 = DIRECTION('',(-1.226948711654E-18,1.,1.226948711654E-18));
#12049 = ADVANCED_FACE('',(#12050),#12061,.F.);
#12050 = FACE_BOUND('',#12051,.T.);
#12051 = EDGE_LOOP('',(#12052,#12053,#12054,#12055));
#12052 = ORIENTED_EDGE('',*,*,#12029,.F.);
#12053 = ORIENTED_EDGE('',*,*,#7064,.T.);
#12054 = ORIENTED_EDGE('',*,*,#11974,.T.);
#12055 = ORIENTED_EDGE('',*,*,#12056,.F.);
#12056 = EDGE_CURVE('',#12030,#11975,#12057,.T.);
#12057 = LINE('',#12058,#12059);
#12058 = CARTESIAN_POINT('',(2.22,-12.86,8.54));
#12059 = VECTOR('',#12060,1.);
#12060 = DIRECTION('',(1.,0.,0.));
#12061 = PLANE('',#12062);
#12062 = AXIS2_PLACEMENT_3D('',#12063,#12064,#12065);
#12063 = CARTESIAN_POINT('',(2.22,-12.94,8.46));
#12064 = DIRECTION('',(-1.735167508357E-18,0.707106781187,
    -0.707106781187));
#12065 = DIRECTION('',(-1.,-1.226948711654E-18,1.226948711654E-18));
#12066 = ADVANCED_FACE('',(#12067),#12092,.T.);
#12067 = FACE_BOUND('',#12068,.T.);
#12068 = EDGE_LOOP('',(#12069,#12077,#12078,#12086));
#12069 = ORIENTED_EDGE('',*,*,#12070,.F.);
#12070 = EDGE_CURVE('',#7079,#12071,#12073,.T.);
#12071 = VERTEX_POINT('',#12072);
#12072 = CARTESIAN_POINT('',(0.16,-12.86,8.54));
#12073 = LINE('',#12074,#12075);
#12074 = CARTESIAN_POINT('',(0.16,-12.86,8.54));
#12075 = VECTOR('',#12076,1.);
#12076 = DIRECTION('',(-0.57735026919,0.57735026919,0.57735026919));
#12077 = ORIENTED_EDGE('',*,*,#7095,.T.);
#12078 = ORIENTED_EDGE('',*,*,#12079,.T.);
#12079 = EDGE_CURVE('',#7088,#12080,#12082,.T.);
#12080 = VERTEX_POINT('',#12081);
#12081 = CARTESIAN_POINT('',(0.16,-12.54,8.54));
#12082 = LINE('',#12083,#12084);
#12083 = CARTESIAN_POINT('',(5.333333333333E-02,-12.64666666666,
    8.646666666667));
#12084 = VECTOR('',#12085,1.);
#12085 = DIRECTION('',(-0.57735026919,-0.57735026919,0.57735026919));
#12086 = ORIENTED_EDGE('',*,*,#12087,.F.);
#12087 = EDGE_CURVE('',#12071,#12080,#12088,.T.);
#12088 = LINE('',#12089,#12090);
#12089 = CARTESIAN_POINT('',(0.16,-13.02,8.54));
#12090 = VECTOR('',#12091,1.);
#12091 = DIRECTION('',(0.,1.,0.));
#12092 = PLANE('',#12093);
#12093 = AXIS2_PLACEMENT_3D('',#12094,#12095,#12096);
#12094 = CARTESIAN_POINT('',(0.24,-13.02,8.46));
#12095 = DIRECTION('',(0.707106781187,-1.735167508357E-18,0.707106781187
    ));
#12096 = DIRECTION('',(1.226948711654E-18,1.,1.226948711654E-18));
#12097 = ADVANCED_FACE('',(#12098),#12116,.T.);
#12098 = FACE_BOUND('',#12099,.F.);
#12099 = EDGE_LOOP('',(#12100,#12108,#12109,#12110));
#12100 = ORIENTED_EDGE('',*,*,#12101,.F.);
#12101 = EDGE_CURVE('',#7112,#12102,#12104,.T.);
#12102 = VERTEX_POINT('',#12103);
#12103 = CARTESIAN_POINT('',(-0.16,-12.54,8.54));
#12104 = LINE('',#12105,#12106);
#12105 = CARTESIAN_POINT('',(-0.16,-12.54,8.54));
#12106 = VECTOR('',#12107,1.);
#12107 = DIRECTION('',(0.57735026919,-0.57735026919,0.57735026919));
#12108 = ORIENTED_EDGE('',*,*,#7119,.T.);
#12109 = ORIENTED_EDGE('',*,*,#12079,.T.);
#12110 = ORIENTED_EDGE('',*,*,#12111,.F.);
#12111 = EDGE_CURVE('',#12102,#12080,#12112,.T.);
#12112 = LINE('',#12113,#12114);
#12113 = CARTESIAN_POINT('',(-0.32,-12.54,8.54));
#12114 = VECTOR('',#12115,1.);
#12115 = DIRECTION('',(1.,0.,0.));
#12116 = PLANE('',#12117);
#12117 = AXIS2_PLACEMENT_3D('',#12118,#12119,#12120);
#12118 = CARTESIAN_POINT('',(-0.32,-12.46,8.46));
#12119 = DIRECTION('',(1.735167508357E-18,0.707106781187,0.707106781187)
  );
#12120 = DIRECTION('',(-1.,1.226948711654E-18,1.226948711654E-18));
#12121 = ADVANCED_FACE('',(#12122),#12140,.F.);
#12122 = FACE_BOUND('',#12123,.F.);
#12123 = EDGE_LOOP('',(#12124,#12132,#12133,#12134));
#12124 = ORIENTED_EDGE('',*,*,#12125,.F.);
#12125 = EDGE_CURVE('',#7134,#12126,#12128,.T.);
#12126 = VERTEX_POINT('',#12127);
#12127 = CARTESIAN_POINT('',(-0.16,-12.86,8.54));
#12128 = LINE('',#12129,#12130);
#12129 = CARTESIAN_POINT('',(-0.266666666667,-12.96666666666,
    8.433333333333));
#12130 = VECTOR('',#12131,1.);
#12131 = DIRECTION('',(0.57735026919,0.57735026919,0.57735026919));
#12132 = ORIENTED_EDGE('',*,*,#7143,.T.);
#12133 = ORIENTED_EDGE('',*,*,#12101,.T.);
#12134 = ORIENTED_EDGE('',*,*,#12135,.F.);
#12135 = EDGE_CURVE('',#12126,#12102,#12136,.T.);
#12136 = LINE('',#12137,#12138);
#12137 = CARTESIAN_POINT('',(-0.16,-13.02,8.54));
#12138 = VECTOR('',#12139,1.);
#12139 = DIRECTION('',(0.,1.,0.));
#12140 = PLANE('',#12141);
#12141 = AXIS2_PLACEMENT_3D('',#12142,#12143,#12144);
#12142 = CARTESIAN_POINT('',(-0.24,-13.02,8.46));
#12143 = DIRECTION('',(0.707106781187,1.735167508357E-18,-0.707106781187
    ));
#12144 = DIRECTION('',(-1.226948711654E-18,1.,1.226948711654E-18));
#12145 = ADVANCED_FACE('',(#12146),#12157,.F.);
#12146 = FACE_BOUND('',#12147,.T.);
#12147 = EDGE_LOOP('',(#12148,#12149,#12150,#12151));
#12148 = ORIENTED_EDGE('',*,*,#12125,.F.);
#12149 = ORIENTED_EDGE('',*,*,#7160,.T.);
#12150 = ORIENTED_EDGE('',*,*,#12070,.T.);
#12151 = ORIENTED_EDGE('',*,*,#12152,.F.);
#12152 = EDGE_CURVE('',#12126,#12071,#12153,.T.);
#12153 = LINE('',#12154,#12155);
#12154 = CARTESIAN_POINT('',(-0.32,-12.86,8.54));
#12155 = VECTOR('',#12156,1.);
#12156 = DIRECTION('',(1.,0.,0.));
#12157 = PLANE('',#12158);
#12158 = AXIS2_PLACEMENT_3D('',#12159,#12160,#12161);
#12159 = CARTESIAN_POINT('',(-0.32,-12.94,8.46));
#12160 = DIRECTION('',(-1.735167508357E-18,0.707106781187,
    -0.707106781187));
#12161 = DIRECTION('',(-1.,-1.226948711654E-18,1.226948711654E-18));
#12162 = ADVANCED_FACE('',(#12163),#12188,.T.);
#12163 = FACE_BOUND('',#12164,.T.);
#12164 = EDGE_LOOP('',(#12165,#12173,#12174,#12182));
#12165 = ORIENTED_EDGE('',*,*,#12166,.F.);
#12166 = EDGE_CURVE('',#7175,#12167,#12169,.T.);
#12167 = VERTEX_POINT('',#12168);
#12168 = CARTESIAN_POINT('',(2.7,-15.4,8.54));
#12169 = LINE('',#12170,#12171);
#12170 = CARTESIAN_POINT('',(2.7,-15.4,8.54));
#12171 = VECTOR('',#12172,1.);
#12172 = DIRECTION('',(-0.57735026919,0.57735026919,0.57735026919));
#12173 = ORIENTED_EDGE('',*,*,#7191,.T.);
#12174 = ORIENTED_EDGE('',*,*,#12175,.T.);
#12175 = EDGE_CURVE('',#7184,#12176,#12178,.T.);
#12176 = VERTEX_POINT('',#12177);
#12177 = CARTESIAN_POINT('',(2.7,-15.08,8.54));
#12178 = LINE('',#12179,#12180);
#12179 = CARTESIAN_POINT('',(2.593333333333,-15.18666666666,
    8.646666666667));
#12180 = VECTOR('',#12181,1.);
#12181 = DIRECTION('',(-0.57735026919,-0.57735026919,0.57735026919));
#12182 = ORIENTED_EDGE('',*,*,#12183,.F.);
#12183 = EDGE_CURVE('',#12167,#12176,#12184,.T.);
#12184 = LINE('',#12185,#12186);
#12185 = CARTESIAN_POINT('',(2.7,-15.56,8.54));
#12186 = VECTOR('',#12187,1.);
#12187 = DIRECTION('',(0.,1.,0.));
#12188 = PLANE('',#12189);
#12189 = AXIS2_PLACEMENT_3D('',#12190,#12191,#12192);
#12190 = CARTESIAN_POINT('',(2.78,-15.56,8.46));
#12191 = DIRECTION('',(0.707106781187,-1.735167508357E-18,0.707106781187
    ));
#12192 = DIRECTION('',(1.226948711654E-18,1.,1.226948711654E-18));
#12193 = ADVANCED_FACE('',(#12194),#12212,.T.);
#12194 = FACE_BOUND('',#12195,.F.);
#12195 = EDGE_LOOP('',(#12196,#12204,#12205,#12206));
#12196 = ORIENTED_EDGE('',*,*,#12197,.F.);
#12197 = EDGE_CURVE('',#7208,#12198,#12200,.T.);
#12198 = VERTEX_POINT('',#12199);
#12199 = CARTESIAN_POINT('',(2.38,-15.08,8.54));
#12200 = LINE('',#12201,#12202);
#12201 = CARTESIAN_POINT('',(2.38,-15.08,8.54));
#12202 = VECTOR('',#12203,1.);
#12203 = DIRECTION('',(0.57735026919,-0.57735026919,0.57735026919));
#12204 = ORIENTED_EDGE('',*,*,#7215,.T.);
#12205 = ORIENTED_EDGE('',*,*,#12175,.T.);
#12206 = ORIENTED_EDGE('',*,*,#12207,.F.);
#12207 = EDGE_CURVE('',#12198,#12176,#12208,.T.);
#12208 = LINE('',#12209,#12210);
#12209 = CARTESIAN_POINT('',(2.22,-15.08,8.54));
#12210 = VECTOR('',#12211,1.);
#12211 = DIRECTION('',(1.,0.,0.));
#12212 = PLANE('',#12213);
#12213 = AXIS2_PLACEMENT_3D('',#12214,#12215,#12216);
#12214 = CARTESIAN_POINT('',(2.22,-15.,8.46));
#12215 = DIRECTION('',(1.735167508357E-18,0.707106781187,0.707106781187)
  );
#12216 = DIRECTION('',(-1.,1.226948711654E-18,1.226948711654E-18));
#12217 = ADVANCED_FACE('',(#12218),#12236,.F.);
#12218 = FACE_BOUND('',#12219,.F.);
#12219 = EDGE_LOOP('',(#12220,#12228,#12229,#12230));
#12220 = ORIENTED_EDGE('',*,*,#12221,.F.);
#12221 = EDGE_CURVE('',#7230,#12222,#12224,.T.);
#12222 = VERTEX_POINT('',#12223);
#12223 = CARTESIAN_POINT('',(2.38,-15.4,8.54));
#12224 = LINE('',#12225,#12226);
#12225 = CARTESIAN_POINT('',(2.273333333333,-15.50666666666,
    8.433333333333));
#12226 = VECTOR('',#12227,1.);
#12227 = DIRECTION('',(0.57735026919,0.57735026919,0.57735026919));
#12228 = ORIENTED_EDGE('',*,*,#7239,.T.);
#12229 = ORIENTED_EDGE('',*,*,#12197,.T.);
#12230 = ORIENTED_EDGE('',*,*,#12231,.F.);
#12231 = EDGE_CURVE('',#12222,#12198,#12232,.T.);
#12232 = LINE('',#12233,#12234);
#12233 = CARTESIAN_POINT('',(2.38,-15.56,8.54));
#12234 = VECTOR('',#12235,1.);
#12235 = DIRECTION('',(0.,1.,0.));
#12236 = PLANE('',#12237);
#12237 = AXIS2_PLACEMENT_3D('',#12238,#12239,#12240);
#12238 = CARTESIAN_POINT('',(2.3,-15.56,8.46));
#12239 = DIRECTION('',(0.707106781187,1.735167508357E-18,-0.707106781187
    ));
#12240 = DIRECTION('',(-1.226948711654E-18,1.,1.226948711654E-18));
#12241 = ADVANCED_FACE('',(#12242),#12253,.F.);
#12242 = FACE_BOUND('',#12243,.T.);
#12243 = EDGE_LOOP('',(#12244,#12245,#12246,#12247));
#12244 = ORIENTED_EDGE('',*,*,#12221,.F.);
#12245 = ORIENTED_EDGE('',*,*,#7256,.T.);
#12246 = ORIENTED_EDGE('',*,*,#12166,.T.);
#12247 = ORIENTED_EDGE('',*,*,#12248,.F.);
#12248 = EDGE_CURVE('',#12222,#12167,#12249,.T.);
#12249 = LINE('',#12250,#12251);
#12250 = CARTESIAN_POINT('',(2.22,-15.4,8.54));
#12251 = VECTOR('',#12252,1.);
#12252 = DIRECTION('',(1.,0.,0.));
#12253 = PLANE('',#12254);
#12254 = AXIS2_PLACEMENT_3D('',#12255,#12256,#12257);
#12255 = CARTESIAN_POINT('',(2.22,-15.48,8.46));
#12256 = DIRECTION('',(-1.735167508357E-18,0.707106781187,
    -0.707106781187));
#12257 = DIRECTION('',(-1.,-1.226948711654E-18,1.226948711654E-18));
#12258 = ADVANCED_FACE('',(#12259),#12284,.T.);
#12259 = FACE_BOUND('',#12260,.F.);
#12260 = EDGE_LOOP('',(#12261,#12269,#12270,#12278));
#12261 = ORIENTED_EDGE('',*,*,#12262,.F.);
#12262 = EDGE_CURVE('',#7280,#12263,#12265,.T.);
#12263 = VERTEX_POINT('',#12264);
#12264 = CARTESIAN_POINT('',(-0.16,-15.08,8.54));
#12265 = LINE('',#12266,#12267);
#12266 = CARTESIAN_POINT('',(-0.16,-15.08,8.54));
#12267 = VECTOR('',#12268,1.);
#12268 = DIRECTION('',(0.57735026919,-0.57735026919,0.57735026919));
#12269 = ORIENTED_EDGE('',*,*,#7287,.T.);
#12270 = ORIENTED_EDGE('',*,*,#12271,.T.);
#12271 = EDGE_CURVE('',#7271,#12272,#12274,.T.);
#12272 = VERTEX_POINT('',#12273);
#12273 = CARTESIAN_POINT('',(0.16,-15.08,8.54));
#12274 = LINE('',#12275,#12276);
#12275 = CARTESIAN_POINT('',(5.333333333333E-02,-15.18666666666,
    8.646666666667));
#12276 = VECTOR('',#12277,1.);
#12277 = DIRECTION('',(-0.57735026919,-0.57735026919,0.57735026919));
#12278 = ORIENTED_EDGE('',*,*,#12279,.F.);
#12279 = EDGE_CURVE('',#12263,#12272,#12280,.T.);
#12280 = LINE('',#12281,#12282);
#12281 = CARTESIAN_POINT('',(-0.32,-15.08,8.54));
#12282 = VECTOR('',#12283,1.);
#12283 = DIRECTION('',(1.,0.,0.));
#12284 = PLANE('',#12285);
#12285 = AXIS2_PLACEMENT_3D('',#12286,#12287,#12288);
#12286 = CARTESIAN_POINT('',(-0.32,-15.,8.46));
#12287 = DIRECTION('',(1.735167508357E-18,0.707106781187,0.707106781187)
  );
#12288 = DIRECTION('',(-1.,1.226948711654E-18,1.226948711654E-18));
#12289 = ADVANCED_FACE('',(#12290),#12308,.F.);
#12290 = FACE_BOUND('',#12291,.F.);
#12291 = EDGE_LOOP('',(#12292,#12300,#12301,#12302));
#12292 = ORIENTED_EDGE('',*,*,#12293,.F.);
#12293 = EDGE_CURVE('',#7302,#12294,#12296,.T.);
#12294 = VERTEX_POINT('',#12295);
#12295 = CARTESIAN_POINT('',(-0.16,-15.4,8.54));
#12296 = LINE('',#12297,#12298);
#12297 = CARTESIAN_POINT('',(-0.266666666667,-15.50666666666,
    8.433333333333));
#12298 = VECTOR('',#12299,1.);
#12299 = DIRECTION('',(0.57735026919,0.57735026919,0.57735026919));
#12300 = ORIENTED_EDGE('',*,*,#7311,.T.);
#12301 = ORIENTED_EDGE('',*,*,#12262,.T.);
#12302 = ORIENTED_EDGE('',*,*,#12303,.F.);
#12303 = EDGE_CURVE('',#12294,#12263,#12304,.T.);
#12304 = LINE('',#12305,#12306);
#12305 = CARTESIAN_POINT('',(-0.16,-15.56,8.54));
#12306 = VECTOR('',#12307,1.);
#12307 = DIRECTION('',(0.,1.,0.));
#12308 = PLANE('',#12309);
#12309 = AXIS2_PLACEMENT_3D('',#12310,#12311,#12312);
#12310 = CARTESIAN_POINT('',(-0.24,-15.56,8.46));
#12311 = DIRECTION('',(0.707106781187,1.735167508357E-18,-0.707106781187
    ));
#12312 = DIRECTION('',(-1.226948711654E-18,1.,1.226948711654E-18));
#12313 = ADVANCED_FACE('',(#12314),#12332,.F.);
#12314 = FACE_BOUND('',#12315,.T.);
#12315 = EDGE_LOOP('',(#12316,#12317,#12318,#12326));
#12316 = ORIENTED_EDGE('',*,*,#12293,.F.);
#12317 = ORIENTED_EDGE('',*,*,#7335,.T.);
#12318 = ORIENTED_EDGE('',*,*,#12319,.T.);
#12319 = EDGE_CURVE('',#7326,#12320,#12322,.T.);
#12320 = VERTEX_POINT('',#12321);
#12321 = CARTESIAN_POINT('',(0.16,-15.4,8.54));
#12322 = LINE('',#12323,#12324);
#12323 = CARTESIAN_POINT('',(0.16,-15.4,8.54));
#12324 = VECTOR('',#12325,1.);
#12325 = DIRECTION('',(-0.57735026919,0.57735026919,0.57735026919));
#12326 = ORIENTED_EDGE('',*,*,#12327,.F.);
#12327 = EDGE_CURVE('',#12294,#12320,#12328,.T.);
#12328 = LINE('',#12329,#12330);
#12329 = CARTESIAN_POINT('',(-0.32,-15.4,8.54));
#12330 = VECTOR('',#12331,1.);
#12331 = DIRECTION('',(1.,0.,0.));
#12332 = PLANE('',#12333);
#12333 = AXIS2_PLACEMENT_3D('',#12334,#12335,#12336);
#12334 = CARTESIAN_POINT('',(-0.32,-15.48,8.46));
#12335 = DIRECTION('',(-1.735167508357E-18,0.707106781187,
    -0.707106781187));
#12336 = DIRECTION('',(-1.,-1.226948711654E-18,1.226948711654E-18));
#12337 = ADVANCED_FACE('',(#12338),#12349,.T.);
#12338 = FACE_BOUND('',#12339,.T.);
#12339 = EDGE_LOOP('',(#12340,#12341,#12342,#12343));
#12340 = ORIENTED_EDGE('',*,*,#12319,.F.);
#12341 = ORIENTED_EDGE('',*,*,#7352,.T.);
#12342 = ORIENTED_EDGE('',*,*,#12271,.T.);
#12343 = ORIENTED_EDGE('',*,*,#12344,.F.);
#12344 = EDGE_CURVE('',#12320,#12272,#12345,.T.);
#12345 = LINE('',#12346,#12347);
#12346 = CARTESIAN_POINT('',(0.16,-15.56,8.54));
#12347 = VECTOR('',#12348,1.);
#12348 = DIRECTION('',(0.,1.,0.));
#12349 = PLANE('',#12350);
#12350 = AXIS2_PLACEMENT_3D('',#12351,#12352,#12353);
#12351 = CARTESIAN_POINT('',(0.24,-15.56,8.46));
#12352 = DIRECTION('',(0.707106781187,-1.735167508357E-18,0.707106781187
    ));
#12353 = DIRECTION('',(1.226948711654E-18,1.,1.226948711654E-18));
#12354 = ADVANCED_FACE('',(#12355),#12380,.T.);
#12355 = FACE_BOUND('',#12356,.T.);
#12356 = EDGE_LOOP('',(#12357,#12365,#12366,#12374));
#12357 = ORIENTED_EDGE('',*,*,#12358,.F.);
#12358 = EDGE_CURVE('',#7367,#12359,#12361,.T.);
#12359 = VERTEX_POINT('',#12360);
#12360 = CARTESIAN_POINT('',(2.7,-17.94,8.54));
#12361 = LINE('',#12362,#12363);
#12362 = CARTESIAN_POINT('',(2.7,-17.94,8.54));
#12363 = VECTOR('',#12364,1.);
#12364 = DIRECTION('',(-0.57735026919,0.57735026919,0.57735026919));
#12365 = ORIENTED_EDGE('',*,*,#7383,.T.);
#12366 = ORIENTED_EDGE('',*,*,#12367,.T.);
#12367 = EDGE_CURVE('',#7376,#12368,#12370,.T.);
#12368 = VERTEX_POINT('',#12369);
#12369 = CARTESIAN_POINT('',(2.7,-17.62,8.54));
#12370 = LINE('',#12371,#12372);
#12371 = CARTESIAN_POINT('',(2.593333333333,-17.72666666666,
    8.646666666667));
#12372 = VECTOR('',#12373,1.);
#12373 = DIRECTION('',(-0.57735026919,-0.57735026919,0.57735026919));
#12374 = ORIENTED_EDGE('',*,*,#12375,.F.);
#12375 = EDGE_CURVE('',#12359,#12368,#12376,.T.);
#12376 = LINE('',#12377,#12378);
#12377 = CARTESIAN_POINT('',(2.7,-18.1,8.54));
#12378 = VECTOR('',#12379,1.);
#12379 = DIRECTION('',(0.,1.,0.));
#12380 = PLANE('',#12381);
#12381 = AXIS2_PLACEMENT_3D('',#12382,#12383,#12384);
#12382 = CARTESIAN_POINT('',(2.78,-18.1,8.46));
#12383 = DIRECTION('',(0.707106781187,-1.735167508357E-18,0.707106781187
    ));
#12384 = DIRECTION('',(1.226948711654E-18,1.,1.226948711654E-18));
#12385 = ADVANCED_FACE('',(#12386),#12404,.T.);
#12386 = FACE_BOUND('',#12387,.F.);
#12387 = EDGE_LOOP('',(#12388,#12396,#12397,#12398));
#12388 = ORIENTED_EDGE('',*,*,#12389,.F.);
#12389 = EDGE_CURVE('',#7400,#12390,#12392,.T.);
#12390 = VERTEX_POINT('',#12391);
#12391 = CARTESIAN_POINT('',(2.38,-17.62,8.54));
#12392 = LINE('',#12393,#12394);
#12393 = CARTESIAN_POINT('',(2.38,-17.62,8.54));
#12394 = VECTOR('',#12395,1.);
#12395 = DIRECTION('',(0.57735026919,-0.57735026919,0.57735026919));
#12396 = ORIENTED_EDGE('',*,*,#7407,.T.);
#12397 = ORIENTED_EDGE('',*,*,#12367,.T.);
#12398 = ORIENTED_EDGE('',*,*,#12399,.F.);
#12399 = EDGE_CURVE('',#12390,#12368,#12400,.T.);
#12400 = LINE('',#12401,#12402);
#12401 = CARTESIAN_POINT('',(2.22,-17.62,8.54));
#12402 = VECTOR('',#12403,1.);
#12403 = DIRECTION('',(1.,0.,0.));
#12404 = PLANE('',#12405);
#12405 = AXIS2_PLACEMENT_3D('',#12406,#12407,#12408);
#12406 = CARTESIAN_POINT('',(2.22,-17.54,8.46));
#12407 = DIRECTION('',(1.735167508357E-18,0.707106781187,0.707106781187)
  );
#12408 = DIRECTION('',(-1.,1.226948711654E-18,1.226948711654E-18));
#12409 = ADVANCED_FACE('',(#12410),#12428,.F.);
#12410 = FACE_BOUND('',#12411,.F.);
#12411 = EDGE_LOOP('',(#12412,#12420,#12421,#12422));
#12412 = ORIENTED_EDGE('',*,*,#12413,.F.);
#12413 = EDGE_CURVE('',#7422,#12414,#12416,.T.);
#12414 = VERTEX_POINT('',#12415);
#12415 = CARTESIAN_POINT('',(2.38,-17.94,8.54));
#12416 = LINE('',#12417,#12418);
#12417 = CARTESIAN_POINT('',(2.273333333333,-18.04666666666,
    8.433333333333));
#12418 = VECTOR('',#12419,1.);
#12419 = DIRECTION('',(0.57735026919,0.57735026919,0.57735026919));
#12420 = ORIENTED_EDGE('',*,*,#7431,.T.);
#12421 = ORIENTED_EDGE('',*,*,#12389,.T.);
#12422 = ORIENTED_EDGE('',*,*,#12423,.F.);
#12423 = EDGE_CURVE('',#12414,#12390,#12424,.T.);
#12424 = LINE('',#12425,#12426);
#12425 = CARTESIAN_POINT('',(2.38,-18.1,8.54));
#12426 = VECTOR('',#12427,1.);
#12427 = DIRECTION('',(0.,1.,0.));
#12428 = PLANE('',#12429);
#12429 = AXIS2_PLACEMENT_3D('',#12430,#12431,#12432);
#12430 = CARTESIAN_POINT('',(2.3,-18.1,8.46));
#12431 = DIRECTION('',(0.707106781187,1.735167508357E-18,-0.707106781187
    ));
#12432 = DIRECTION('',(-1.226948711654E-18,1.,1.226948711654E-18));
#12433 = ADVANCED_FACE('',(#12434),#12445,.F.);
#12434 = FACE_BOUND('',#12435,.T.);
#12435 = EDGE_LOOP('',(#12436,#12437,#12438,#12439));
#12436 = ORIENTED_EDGE('',*,*,#12413,.F.);
#12437 = ORIENTED_EDGE('',*,*,#7448,.T.);
#12438 = ORIENTED_EDGE('',*,*,#12358,.T.);
#12439 = ORIENTED_EDGE('',*,*,#12440,.F.);
#12440 = EDGE_CURVE('',#12414,#12359,#12441,.T.);
#12441 = LINE('',#12442,#12443);
#12442 = CARTESIAN_POINT('',(2.22,-17.94,8.54));
#12443 = VECTOR('',#12444,1.);
#12444 = DIRECTION('',(1.,0.,0.));
#12445 = PLANE('',#12446);
#12446 = AXIS2_PLACEMENT_3D('',#12447,#12448,#12449);
#12447 = CARTESIAN_POINT('',(2.22,-18.02,8.46));
#12448 = DIRECTION('',(-1.735167508357E-18,0.707106781187,
    -0.707106781187));
#12449 = DIRECTION('',(-1.,-1.226948711654E-18,1.226948711654E-18));
#12450 = ADVANCED_FACE('',(#12451),#12476,.T.);
#12451 = FACE_BOUND('',#12452,.T.);
#12452 = EDGE_LOOP('',(#12453,#12461,#12462,#12470));
#12453 = ORIENTED_EDGE('',*,*,#12454,.F.);
#12454 = EDGE_CURVE('',#7463,#12455,#12457,.T.);
#12455 = VERTEX_POINT('',#12456);
#12456 = CARTESIAN_POINT('',(0.16,-17.94,8.54));
#12457 = LINE('',#12458,#12459);
#12458 = CARTESIAN_POINT('',(0.16,-17.94,8.54));
#12459 = VECTOR('',#12460,1.);
#12460 = DIRECTION('',(-0.57735026919,0.57735026919,0.57735026919));
#12461 = ORIENTED_EDGE('',*,*,#7479,.T.);
#12462 = ORIENTED_EDGE('',*,*,#12463,.T.);
#12463 = EDGE_CURVE('',#7472,#12464,#12466,.T.);
#12464 = VERTEX_POINT('',#12465);
#12465 = CARTESIAN_POINT('',(0.16,-17.62,8.54));
#12466 = LINE('',#12467,#12468);
#12467 = CARTESIAN_POINT('',(5.333333333333E-02,-17.72666666666,
    8.646666666667));
#12468 = VECTOR('',#12469,1.);
#12469 = DIRECTION('',(-0.57735026919,-0.57735026919,0.57735026919));
#12470 = ORIENTED_EDGE('',*,*,#12471,.F.);
#12471 = EDGE_CURVE('',#12455,#12464,#12472,.T.);
#12472 = LINE('',#12473,#12474);
#12473 = CARTESIAN_POINT('',(0.16,-18.1,8.54));
#12474 = VECTOR('',#12475,1.);
#12475 = DIRECTION('',(0.,1.,0.));
#12476 = PLANE('',#12477);
#12477 = AXIS2_PLACEMENT_3D('',#12478,#12479,#12480);
#12478 = CARTESIAN_POINT('',(0.24,-18.1,8.46));
#12479 = DIRECTION('',(0.707106781187,-1.735167508357E-18,0.707106781187
    ));
#12480 = DIRECTION('',(1.226948711654E-18,1.,1.226948711654E-18));
#12481 = ADVANCED_FACE('',(#12482),#12500,.T.);
#12482 = FACE_BOUND('',#12483,.F.);
#12483 = EDGE_LOOP('',(#12484,#12492,#12493,#12494));
#12484 = ORIENTED_EDGE('',*,*,#12485,.F.);
#12485 = EDGE_CURVE('',#7496,#12486,#12488,.T.);
#12486 = VERTEX_POINT('',#12487);
#12487 = CARTESIAN_POINT('',(-0.16,-17.62,8.54));
#12488 = LINE('',#12489,#12490);
#12489 = CARTESIAN_POINT('',(-0.16,-17.62,8.54));
#12490 = VECTOR('',#12491,1.);
#12491 = DIRECTION('',(0.57735026919,-0.57735026919,0.57735026919));
#12492 = ORIENTED_EDGE('',*,*,#7503,.T.);
#12493 = ORIENTED_EDGE('',*,*,#12463,.T.);
#12494 = ORIENTED_EDGE('',*,*,#12495,.F.);
#12495 = EDGE_CURVE('',#12486,#12464,#12496,.T.);
#12496 = LINE('',#12497,#12498);
#12497 = CARTESIAN_POINT('',(-0.32,-17.62,8.54));
#12498 = VECTOR('',#12499,1.);
#12499 = DIRECTION('',(1.,0.,0.));
#12500 = PLANE('',#12501);
#12501 = AXIS2_PLACEMENT_3D('',#12502,#12503,#12504);
#12502 = CARTESIAN_POINT('',(-0.32,-17.54,8.46));
#12503 = DIRECTION('',(1.735167508357E-18,0.707106781187,0.707106781187)
  );
#12504 = DIRECTION('',(-1.,1.226948711654E-18,1.226948711654E-18));
#12505 = ADVANCED_FACE('',(#12506),#12524,.F.);
#12506 = FACE_BOUND('',#12507,.F.);
#12507 = EDGE_LOOP('',(#12508,#12516,#12517,#12518));
#12508 = ORIENTED_EDGE('',*,*,#12509,.F.);
#12509 = EDGE_CURVE('',#7518,#12510,#12512,.T.);
#12510 = VERTEX_POINT('',#12511);
#12511 = CARTESIAN_POINT('',(-0.16,-17.94,8.54));
#12512 = LINE('',#12513,#12514);
#12513 = CARTESIAN_POINT('',(-0.266666666667,-18.04666666666,
    8.433333333333));
#12514 = VECTOR('',#12515,1.);
#12515 = DIRECTION('',(0.57735026919,0.57735026919,0.57735026919));
#12516 = ORIENTED_EDGE('',*,*,#7527,.T.);
#12517 = ORIENTED_EDGE('',*,*,#12485,.T.);
#12518 = ORIENTED_EDGE('',*,*,#12519,.F.);
#12519 = EDGE_CURVE('',#12510,#12486,#12520,.T.);
#12520 = LINE('',#12521,#12522);
#12521 = CARTESIAN_POINT('',(-0.16,-18.1,8.54));
#12522 = VECTOR('',#12523,1.);
#12523 = DIRECTION('',(0.,1.,0.));
#12524 = PLANE('',#12525);
#12525 = AXIS2_PLACEMENT_3D('',#12526,#12527,#12528);
#12526 = CARTESIAN_POINT('',(-0.24,-18.1,8.46));
#12527 = DIRECTION('',(0.707106781187,1.735167508357E-18,-0.707106781187
    ));
#12528 = DIRECTION('',(-1.226948711654E-18,1.,1.226948711654E-18));
#12529 = ADVANCED_FACE('',(#12530),#12541,.F.);
#12530 = FACE_BOUND('',#12531,.T.);
#12531 = EDGE_LOOP('',(#12532,#12533,#12534,#12535));
#12532 = ORIENTED_EDGE('',*,*,#12509,.F.);
#12533 = ORIENTED_EDGE('',*,*,#7544,.T.);
#12534 = ORIENTED_EDGE('',*,*,#12454,.T.);
#12535 = ORIENTED_EDGE('',*,*,#12536,.F.);
#12536 = EDGE_CURVE('',#12510,#12455,#12537,.T.);
#12537 = LINE('',#12538,#12539);
#12538 = CARTESIAN_POINT('',(-0.32,-17.94,8.54));
#12539 = VECTOR('',#12540,1.);
#12540 = DIRECTION('',(1.,0.,0.));
#12541 = PLANE('',#12542);
#12542 = AXIS2_PLACEMENT_3D('',#12543,#12544,#12545);
#12543 = CARTESIAN_POINT('',(-0.32,-18.02,8.46));
#12544 = DIRECTION('',(-1.735167508357E-18,0.707106781187,
    -0.707106781187));
#12545 = DIRECTION('',(-1.,-1.226948711654E-18,1.226948711654E-18));
#12546 = ADVANCED_FACE('',(#12547),#12572,.F.);
#12547 = FACE_BOUND('',#12548,.T.);
#12548 = EDGE_LOOP('',(#12549,#12557,#12558,#12566));
#12549 = ORIENTED_EDGE('',*,*,#12550,.F.);
#12550 = EDGE_CURVE('',#7568,#12551,#12553,.T.);
#12551 = VERTEX_POINT('',#12552);
#12552 = CARTESIAN_POINT('',(2.38,-25.56,8.54));
#12553 = LINE('',#12554,#12555);
#12554 = CARTESIAN_POINT('',(2.273333333333,-25.66666666666,
    8.433333333333));
#12555 = VECTOR('',#12556,1.);
#12556 = DIRECTION('',(0.57735026919,0.57735026919,0.57735026919));
#12557 = ORIENTED_EDGE('',*,*,#7575,.T.);
#12558 = ORIENTED_EDGE('',*,*,#12559,.T.);
#12559 = EDGE_CURVE('',#7559,#12560,#12562,.T.);
#12560 = VERTEX_POINT('',#12561);
#12561 = CARTESIAN_POINT('',(2.7,-25.56,8.54));
#12562 = LINE('',#12563,#12564);
#12563 = CARTESIAN_POINT('',(2.7,-25.56,8.54));
#12564 = VECTOR('',#12565,1.);
#12565 = DIRECTION('',(-0.57735026919,0.57735026919,0.57735026919));
#12566 = ORIENTED_EDGE('',*,*,#12567,.F.);
#12567 = EDGE_CURVE('',#12551,#12560,#12568,.T.);
#12568 = LINE('',#12569,#12570);
#12569 = CARTESIAN_POINT('',(2.22,-25.56,8.54));
#12570 = VECTOR('',#12571,1.);
#12571 = DIRECTION('',(1.,0.,0.));
#12572 = PLANE('',#12573);
#12573 = AXIS2_PLACEMENT_3D('',#12574,#12575,#12576);
#12574 = CARTESIAN_POINT('',(2.22,-25.64,8.46));
#12575 = DIRECTION('',(-1.735167508357E-18,0.707106781187,
    -0.707106781187));
#12576 = DIRECTION('',(-1.,-1.226948711654E-18,1.226948711654E-18));
#12577 = ADVANCED_FACE('',(#12578),#12596,.T.);
#12578 = FACE_BOUND('',#12579,.T.);
#12579 = EDGE_LOOP('',(#12580,#12581,#12582,#12590));
#12580 = ORIENTED_EDGE('',*,*,#12559,.F.);
#12581 = ORIENTED_EDGE('',*,*,#7599,.T.);
#12582 = ORIENTED_EDGE('',*,*,#12583,.T.);
#12583 = EDGE_CURVE('',#7592,#12584,#12586,.T.);
#12584 = VERTEX_POINT('',#12585);
#12585 = CARTESIAN_POINT('',(2.7,-25.24,8.54));
#12586 = LINE('',#12587,#12588);
#12587 = CARTESIAN_POINT('',(2.593333333333,-25.34666666666,
    8.646666666667));
#12588 = VECTOR('',#12589,1.);
#12589 = DIRECTION('',(-0.57735026919,-0.57735026919,0.57735026919));
#12590 = ORIENTED_EDGE('',*,*,#12591,.F.);
#12591 = EDGE_CURVE('',#12560,#12584,#12592,.T.);
#12592 = LINE('',#12593,#12594);
#12593 = CARTESIAN_POINT('',(2.7,-25.72,8.54));
#12594 = VECTOR('',#12595,1.);
#12595 = DIRECTION('',(0.,1.,0.));
#12596 = PLANE('',#12597);
#12597 = AXIS2_PLACEMENT_3D('',#12598,#12599,#12600);
#12598 = CARTESIAN_POINT('',(2.78,-25.72,8.46));
#12599 = DIRECTION('',(0.707106781187,-1.735167508357E-18,0.707106781187
    ));
#12600 = DIRECTION('',(1.226948711654E-18,1.,1.226948711654E-18));
#12601 = ADVANCED_FACE('',(#12602),#12620,.T.);
#12602 = FACE_BOUND('',#12603,.F.);
#12603 = EDGE_LOOP('',(#12604,#12612,#12613,#12614));
#12604 = ORIENTED_EDGE('',*,*,#12605,.F.);
#12605 = EDGE_CURVE('',#7616,#12606,#12608,.T.);
#12606 = VERTEX_POINT('',#12607);
#12607 = CARTESIAN_POINT('',(2.38,-25.24,8.54));
#12608 = LINE('',#12609,#12610);
#12609 = CARTESIAN_POINT('',(2.38,-25.24,8.54));
#12610 = VECTOR('',#12611,1.);
#12611 = DIRECTION('',(0.57735026919,-0.57735026919,0.57735026919));
#12612 = ORIENTED_EDGE('',*,*,#7623,.T.);
#12613 = ORIENTED_EDGE('',*,*,#12583,.T.);
#12614 = ORIENTED_EDGE('',*,*,#12615,.F.);
#12615 = EDGE_CURVE('',#12606,#12584,#12616,.T.);
#12616 = LINE('',#12617,#12618);
#12617 = CARTESIAN_POINT('',(2.22,-25.24,8.54));
#12618 = VECTOR('',#12619,1.);
#12619 = DIRECTION('',(1.,0.,0.));
#12620 = PLANE('',#12621);
#12621 = AXIS2_PLACEMENT_3D('',#12622,#12623,#12624);
#12622 = CARTESIAN_POINT('',(2.22,-25.16,8.46));
#12623 = DIRECTION('',(1.735167508357E-18,0.707106781187,0.707106781187)
  );
#12624 = DIRECTION('',(-1.,1.226948711654E-18,1.226948711654E-18));
#12625 = ADVANCED_FACE('',(#12626),#12637,.F.);
#12626 = FACE_BOUND('',#12627,.F.);
#12627 = EDGE_LOOP('',(#12628,#12629,#12630,#12631));
#12628 = ORIENTED_EDGE('',*,*,#12550,.F.);
#12629 = ORIENTED_EDGE('',*,*,#7640,.T.);
#12630 = ORIENTED_EDGE('',*,*,#12605,.T.);
#12631 = ORIENTED_EDGE('',*,*,#12632,.F.);
#12632 = EDGE_CURVE('',#12551,#12606,#12633,.T.);
#12633 = LINE('',#12634,#12635);
#12634 = CARTESIAN_POINT('',(2.38,-25.72,8.54));
#12635 = VECTOR('',#12636,1.);
#12636 = DIRECTION('',(0.,1.,0.));
#12637 = PLANE('',#12638);
#12638 = AXIS2_PLACEMENT_3D('',#12639,#12640,#12641);
#12639 = CARTESIAN_POINT('',(2.3,-25.72,8.46));
#12640 = DIRECTION('',(0.707106781187,1.735167508357E-18,-0.707106781187
    ));
#12641 = DIRECTION('',(-1.226948711654E-18,1.,1.226948711654E-18));
#12642 = ADVANCED_FACE('',(#12643),#12668,.T.);
#12643 = FACE_BOUND('',#12644,.F.);
#12644 = EDGE_LOOP('',(#12645,#12653,#12654,#12662));
#12645 = ORIENTED_EDGE('',*,*,#12646,.F.);
#12646 = EDGE_CURVE('',#7664,#12647,#12649,.T.);
#12647 = VERTEX_POINT('',#12648);
#12648 = CARTESIAN_POINT('',(2.38,-22.7,8.54));
#12649 = LINE('',#12650,#12651);
#12650 = CARTESIAN_POINT('',(2.38,-22.7,8.54));
#12651 = VECTOR('',#12652,1.);
#12652 = DIRECTION('',(0.57735026919,-0.57735026919,0.57735026919));
#12653 = ORIENTED_EDGE('',*,*,#7671,.T.);
#12654 = ORIENTED_EDGE('',*,*,#12655,.T.);
#12655 = EDGE_CURVE('',#7655,#12656,#12658,.T.);
#12656 = VERTEX_POINT('',#12657);
#12657 = CARTESIAN_POINT('',(2.7,-22.7,8.54));
#12658 = LINE('',#12659,#12660);
#12659 = CARTESIAN_POINT('',(2.593333333333,-22.80666666666,
    8.646666666667));
#12660 = VECTOR('',#12661,1.);
#12661 = DIRECTION('',(-0.57735026919,-0.57735026919,0.57735026919));
#12662 = ORIENTED_EDGE('',*,*,#12663,.F.);
#12663 = EDGE_CURVE('',#12647,#12656,#12664,.T.);
#12664 = LINE('',#12665,#12666);
#12665 = CARTESIAN_POINT('',(2.22,-22.7,8.54));
#12666 = VECTOR('',#12667,1.);
#12667 = DIRECTION('',(1.,0.,0.));
#12668 = PLANE('',#12669);
#12669 = AXIS2_PLACEMENT_3D('',#12670,#12671,#12672);
#12670 = CARTESIAN_POINT('',(2.22,-22.62,8.46));
#12671 = DIRECTION('',(1.735167508357E-18,0.707106781187,0.707106781187)
  );
#12672 = DIRECTION('',(-1.,1.226948711654E-18,1.226948711654E-18));
#12673 = ADVANCED_FACE('',(#12674),#12692,.F.);
#12674 = FACE_BOUND('',#12675,.F.);
#12675 = EDGE_LOOP('',(#12676,#12684,#12685,#12686));
#12676 = ORIENTED_EDGE('',*,*,#12677,.F.);
#12677 = EDGE_CURVE('',#7686,#12678,#12680,.T.);
#12678 = VERTEX_POINT('',#12679);
#12679 = CARTESIAN_POINT('',(2.38,-23.02,8.54));
#12680 = LINE('',#12681,#12682);
#12681 = CARTESIAN_POINT('',(2.273333333333,-23.12666666666,
    8.433333333333));
#12682 = VECTOR('',#12683,1.);
#12683 = DIRECTION('',(0.57735026919,0.57735026919,0.57735026919));
#12684 = ORIENTED_EDGE('',*,*,#7695,.T.);
#12685 = ORIENTED_EDGE('',*,*,#12646,.T.);
#12686 = ORIENTED_EDGE('',*,*,#12687,.F.);
#12687 = EDGE_CURVE('',#12678,#12647,#12688,.T.);
#12688 = LINE('',#12689,#12690);
#12689 = CARTESIAN_POINT('',(2.38,-23.18,8.54));
#12690 = VECTOR('',#12691,1.);
#12691 = DIRECTION('',(0.,1.,0.));
#12692 = PLANE('',#12693);
#12693 = AXIS2_PLACEMENT_3D('',#12694,#12695,#12696);
#12694 = CARTESIAN_POINT('',(2.3,-23.18,8.46));
#12695 = DIRECTION('',(0.707106781187,1.735167508357E-18,-0.707106781187
    ));
#12696 = DIRECTION('',(-1.226948711654E-18,1.,1.226948711654E-18));
#12697 = ADVANCED_FACE('',(#12698),#12716,.F.);
#12698 = FACE_BOUND('',#12699,.T.);
#12699 = EDGE_LOOP('',(#12700,#12701,#12702,#12710));
#12700 = ORIENTED_EDGE('',*,*,#12677,.F.);
#12701 = ORIENTED_EDGE('',*,*,#7719,.T.);
#12702 = ORIENTED_EDGE('',*,*,#12703,.T.);
#12703 = EDGE_CURVE('',#7710,#12704,#12706,.T.);
#12704 = VERTEX_POINT('',#12705);
#12705 = CARTESIAN_POINT('',(2.7,-23.02,8.54));
#12706 = LINE('',#12707,#12708);
#12707 = CARTESIAN_POINT('',(2.7,-23.02,8.54));
#12708 = VECTOR('',#12709,1.);
#12709 = DIRECTION('',(-0.57735026919,0.57735026919,0.57735026919));
#12710 = ORIENTED_EDGE('',*,*,#12711,.F.);
#12711 = EDGE_CURVE('',#12678,#12704,#12712,.T.);
#12712 = LINE('',#12713,#12714);
#12713 = CARTESIAN_POINT('',(2.22,-23.02,8.54));
#12714 = VECTOR('',#12715,1.);
#12715 = DIRECTION('',(1.,0.,0.));
#12716 = PLANE('',#12717);
#12717 = AXIS2_PLACEMENT_3D('',#12718,#12719,#12720);
#12718 = CARTESIAN_POINT('',(2.22,-23.1,8.46));
#12719 = DIRECTION('',(-1.735167508357E-18,0.707106781187,
    -0.707106781187));
#12720 = DIRECTION('',(-1.,-1.226948711654E-18,1.226948711654E-18));
#12721 = ADVANCED_FACE('',(#12722),#12733,.T.);
#12722 = FACE_BOUND('',#12723,.T.);
#12723 = EDGE_LOOP('',(#12724,#12725,#12726,#12727));
#12724 = ORIENTED_EDGE('',*,*,#12703,.F.);
#12725 = ORIENTED_EDGE('',*,*,#7736,.T.);
#12726 = ORIENTED_EDGE('',*,*,#12655,.T.);
#12727 = ORIENTED_EDGE('',*,*,#12728,.F.);
#12728 = EDGE_CURVE('',#12704,#12656,#12729,.T.);
#12729 = LINE('',#12730,#12731);
#12730 = CARTESIAN_POINT('',(2.7,-23.18,8.54));
#12731 = VECTOR('',#12732,1.);
#12732 = DIRECTION('',(0.,1.,0.));
#12733 = PLANE('',#12734);
#12734 = AXIS2_PLACEMENT_3D('',#12735,#12736,#12737);
#12735 = CARTESIAN_POINT('',(2.78,-23.18,8.46));
#12736 = DIRECTION('',(0.707106781187,-1.735167508357E-18,0.707106781187
    ));
#12737 = DIRECTION('',(1.226948711654E-18,1.,1.226948711654E-18));
#12738 = ADVANCED_FACE('',(#12739),#12764,.T.);
#12739 = FACE_BOUND('',#12740,.F.);
#12740 = EDGE_LOOP('',(#12741,#12749,#12750,#12758));
#12741 = ORIENTED_EDGE('',*,*,#12742,.F.);
#12742 = EDGE_CURVE('',#7760,#12743,#12745,.T.);
#12743 = VERTEX_POINT('',#12744);
#12744 = CARTESIAN_POINT('',(-0.16,-25.24,8.54));
#12745 = LINE('',#12746,#12747);
#12746 = CARTESIAN_POINT('',(-0.16,-25.24,8.54));
#12747 = VECTOR('',#12748,1.);
#12748 = DIRECTION('',(0.57735026919,-0.57735026919,0.57735026919));
#12749 = ORIENTED_EDGE('',*,*,#7767,.T.);
#12750 = ORIENTED_EDGE('',*,*,#12751,.T.);
#12751 = EDGE_CURVE('',#7751,#12752,#12754,.T.);
#12752 = VERTEX_POINT('',#12753);
#12753 = CARTESIAN_POINT('',(0.16,-25.24,8.54));
#12754 = LINE('',#12755,#12756);
#12755 = CARTESIAN_POINT('',(5.333333333333E-02,-25.34666666666,
    8.646666666667));
#12756 = VECTOR('',#12757,1.);
#12757 = DIRECTION('',(-0.57735026919,-0.57735026919,0.57735026919));
#12758 = ORIENTED_EDGE('',*,*,#12759,.F.);
#12759 = EDGE_CURVE('',#12743,#12752,#12760,.T.);
#12760 = LINE('',#12761,#12762);
#12761 = CARTESIAN_POINT('',(-0.32,-25.24,8.54));
#12762 = VECTOR('',#12763,1.);
#12763 = DIRECTION('',(1.,0.,0.));
#12764 = PLANE('',#12765);
#12765 = AXIS2_PLACEMENT_3D('',#12766,#12767,#12768);
#12766 = CARTESIAN_POINT('',(-0.32,-25.16,8.46));
#12767 = DIRECTION('',(1.735167508357E-18,0.707106781187,0.707106781187)
  );
#12768 = DIRECTION('',(-1.,1.226948711654E-18,1.226948711654E-18));
#12769 = ADVANCED_FACE('',(#12770),#12788,.F.);
#12770 = FACE_BOUND('',#12771,.F.);
#12771 = EDGE_LOOP('',(#12772,#12780,#12781,#12782));
#12772 = ORIENTED_EDGE('',*,*,#12773,.F.);
#12773 = EDGE_CURVE('',#7782,#12774,#12776,.T.);
#12774 = VERTEX_POINT('',#12775);
#12775 = CARTESIAN_POINT('',(-0.16,-25.56,8.54));
#12776 = LINE('',#12777,#12778);
#12777 = CARTESIAN_POINT('',(-0.266666666667,-25.66666666666,
    8.433333333333));
#12778 = VECTOR('',#12779,1.);
#12779 = DIRECTION('',(0.57735026919,0.57735026919,0.57735026919));
#12780 = ORIENTED_EDGE('',*,*,#7791,.T.);
#12781 = ORIENTED_EDGE('',*,*,#12742,.T.);
#12782 = ORIENTED_EDGE('',*,*,#12783,.F.);
#12783 = EDGE_CURVE('',#12774,#12743,#12784,.T.);
#12784 = LINE('',#12785,#12786);
#12785 = CARTESIAN_POINT('',(-0.16,-25.72,8.54));
#12786 = VECTOR('',#12787,1.);
#12787 = DIRECTION('',(0.,1.,0.));
#12788 = PLANE('',#12789);
#12789 = AXIS2_PLACEMENT_3D('',#12790,#12791,#12792);
#12790 = CARTESIAN_POINT('',(-0.24,-25.72,8.46));
#12791 = DIRECTION('',(0.707106781187,1.735167508357E-18,-0.707106781187
    ));
#12792 = DIRECTION('',(-1.226948711654E-18,1.,1.226948711654E-18));
#12793 = ADVANCED_FACE('',(#12794),#12812,.F.);
#12794 = FACE_BOUND('',#12795,.T.);
#12795 = EDGE_LOOP('',(#12796,#12797,#12798,#12806));
#12796 = ORIENTED_EDGE('',*,*,#12773,.F.);
#12797 = ORIENTED_EDGE('',*,*,#7815,.T.);
#12798 = ORIENTED_EDGE('',*,*,#12799,.T.);
#12799 = EDGE_CURVE('',#7806,#12800,#12802,.T.);
#12800 = VERTEX_POINT('',#12801);
#12801 = CARTESIAN_POINT('',(0.16,-25.56,8.54));
#12802 = LINE('',#12803,#12804);
#12803 = CARTESIAN_POINT('',(0.16,-25.56,8.54));
#12804 = VECTOR('',#12805,1.);
#12805 = DIRECTION('',(-0.57735026919,0.57735026919,0.57735026919));
#12806 = ORIENTED_EDGE('',*,*,#12807,.F.);
#12807 = EDGE_CURVE('',#12774,#12800,#12808,.T.);
#12808 = LINE('',#12809,#12810);
#12809 = CARTESIAN_POINT('',(-0.32,-25.56,8.54));
#12810 = VECTOR('',#12811,1.);
#12811 = DIRECTION('',(1.,0.,0.));
#12812 = PLANE('',#12813);
#12813 = AXIS2_PLACEMENT_3D('',#12814,#12815,#12816);
#12814 = CARTESIAN_POINT('',(-0.32,-25.64,8.46));
#12815 = DIRECTION('',(-1.735167508357E-18,0.707106781187,
    -0.707106781187));
#12816 = DIRECTION('',(-1.,-1.226948711654E-18,1.226948711654E-18));
#12817 = ADVANCED_FACE('',(#12818),#12829,.T.);
#12818 = FACE_BOUND('',#12819,.T.);
#12819 = EDGE_LOOP('',(#12820,#12821,#12822,#12823));
#12820 = ORIENTED_EDGE('',*,*,#12799,.F.);
#12821 = ORIENTED_EDGE('',*,*,#7832,.T.);
#12822 = ORIENTED_EDGE('',*,*,#12751,.T.);
#12823 = ORIENTED_EDGE('',*,*,#12824,.F.);
#12824 = EDGE_CURVE('',#12800,#12752,#12825,.T.);
#12825 = LINE('',#12826,#12827);
#12826 = CARTESIAN_POINT('',(0.16,-25.72,8.54));
#12827 = VECTOR('',#12828,1.);
#12828 = DIRECTION('',(0.,1.,0.));
#12829 = PLANE('',#12830);
#12830 = AXIS2_PLACEMENT_3D('',#12831,#12832,#12833);
#12831 = CARTESIAN_POINT('',(0.24,-25.72,8.46));
#12832 = DIRECTION('',(0.707106781187,-1.735167508357E-18,0.707106781187
    ));
#12833 = DIRECTION('',(1.226948711654E-18,1.,1.226948711654E-18));
#12834 = ADVANCED_FACE('',(#12835),#12860,.T.);
#12835 = FACE_BOUND('',#12836,.T.);
#12836 = EDGE_LOOP('',(#12837,#12845,#12846,#12854));
#12837 = ORIENTED_EDGE('',*,*,#12838,.F.);
#12838 = EDGE_CURVE('',#7847,#12839,#12841,.T.);
#12839 = VERTEX_POINT('',#12840);
#12840 = CARTESIAN_POINT('',(0.16,-20.48,8.54));
#12841 = LINE('',#12842,#12843);
#12842 = CARTESIAN_POINT('',(0.16,-20.48,8.54));
#12843 = VECTOR('',#12844,1.);
#12844 = DIRECTION('',(-0.57735026919,0.57735026919,0.57735026919));
#12845 = ORIENTED_EDGE('',*,*,#7863,.T.);
#12846 = ORIENTED_EDGE('',*,*,#12847,.T.);
#12847 = EDGE_CURVE('',#7856,#12848,#12850,.T.);
#12848 = VERTEX_POINT('',#12849);
#12849 = CARTESIAN_POINT('',(0.16,-20.16,8.54));
#12850 = LINE('',#12851,#12852);
#12851 = CARTESIAN_POINT('',(5.333333333333E-02,-20.26666666666,
    8.646666666667));
#12852 = VECTOR('',#12853,1.);
#12853 = DIRECTION('',(-0.57735026919,-0.57735026919,0.57735026919));
#12854 = ORIENTED_EDGE('',*,*,#12855,.F.);
#12855 = EDGE_CURVE('',#12839,#12848,#12856,.T.);
#12856 = LINE('',#12857,#12858);
#12857 = CARTESIAN_POINT('',(0.16,-20.64,8.54));
#12858 = VECTOR('',#12859,1.);
#12859 = DIRECTION('',(0.,1.,0.));
#12860 = PLANE('',#12861);
#12861 = AXIS2_PLACEMENT_3D('',#12862,#12863,#12864);
#12862 = CARTESIAN_POINT('',(0.24,-20.64,8.46));
#12863 = DIRECTION('',(0.707106781187,-1.735167508357E-18,0.707106781187
    ));
#12864 = DIRECTION('',(1.226948711654E-18,1.,1.226948711654E-18));
#12865 = ADVANCED_FACE('',(#12866),#12884,.T.);
#12866 = FACE_BOUND('',#12867,.F.);
#12867 = EDGE_LOOP('',(#12868,#12876,#12877,#12878));
#12868 = ORIENTED_EDGE('',*,*,#12869,.F.);
#12869 = EDGE_CURVE('',#7880,#12870,#12872,.T.);
#12870 = VERTEX_POINT('',#12871);
#12871 = CARTESIAN_POINT('',(-0.16,-20.16,8.54));
#12872 = LINE('',#12873,#12874);
#12873 = CARTESIAN_POINT('',(-0.16,-20.16,8.54));
#12874 = VECTOR('',#12875,1.);
#12875 = DIRECTION('',(0.57735026919,-0.57735026919,0.57735026919));
#12876 = ORIENTED_EDGE('',*,*,#7887,.T.);
#12877 = ORIENTED_EDGE('',*,*,#12847,.T.);
#12878 = ORIENTED_EDGE('',*,*,#12879,.F.);
#12879 = EDGE_CURVE('',#12870,#12848,#12880,.T.);
#12880 = LINE('',#12881,#12882);
#12881 = CARTESIAN_POINT('',(-0.32,-20.16,8.54));
#12882 = VECTOR('',#12883,1.);
#12883 = DIRECTION('',(1.,0.,0.));
#12884 = PLANE('',#12885);
#12885 = AXIS2_PLACEMENT_3D('',#12886,#12887,#12888);
#12886 = CARTESIAN_POINT('',(-0.32,-20.08,8.46));
#12887 = DIRECTION('',(1.735167508357E-18,0.707106781187,0.707106781187)
  );
#12888 = DIRECTION('',(-1.,1.226948711654E-18,1.226948711654E-18));
#12889 = ADVANCED_FACE('',(#12890),#12908,.F.);
#12890 = FACE_BOUND('',#12891,.F.);
#12891 = EDGE_LOOP('',(#12892,#12900,#12901,#12902));
#12892 = ORIENTED_EDGE('',*,*,#12893,.F.);
#12893 = EDGE_CURVE('',#7902,#12894,#12896,.T.);
#12894 = VERTEX_POINT('',#12895);
#12895 = CARTESIAN_POINT('',(-0.16,-20.48,8.54));
#12896 = LINE('',#12897,#12898);
#12897 = CARTESIAN_POINT('',(-0.266666666667,-20.58666666666,
    8.433333333333));
#12898 = VECTOR('',#12899,1.);
#12899 = DIRECTION('',(0.57735026919,0.57735026919,0.57735026919));
#12900 = ORIENTED_EDGE('',*,*,#7911,.T.);
#12901 = ORIENTED_EDGE('',*,*,#12869,.T.);
#12902 = ORIENTED_EDGE('',*,*,#12903,.F.);
#12903 = EDGE_CURVE('',#12894,#12870,#12904,.T.);
#12904 = LINE('',#12905,#12906);
#12905 = CARTESIAN_POINT('',(-0.16,-20.64,8.54));
#12906 = VECTOR('',#12907,1.);
#12907 = DIRECTION('',(0.,1.,0.));
#12908 = PLANE('',#12909);
#12909 = AXIS2_PLACEMENT_3D('',#12910,#12911,#12912);
#12910 = CARTESIAN_POINT('',(-0.24,-20.64,8.46));
#12911 = DIRECTION('',(0.707106781187,1.735167508357E-18,-0.707106781187
    ));
#12912 = DIRECTION('',(-1.226948711654E-18,1.,1.226948711654E-18));
#12913 = ADVANCED_FACE('',(#12914),#12925,.F.);
#12914 = FACE_BOUND('',#12915,.T.);
#12915 = EDGE_LOOP('',(#12916,#12917,#12918,#12919));
#12916 = ORIENTED_EDGE('',*,*,#12893,.F.);
#12917 = ORIENTED_EDGE('',*,*,#7928,.T.);
#12918 = ORIENTED_EDGE('',*,*,#12838,.T.);
#12919 = ORIENTED_EDGE('',*,*,#12920,.F.);
#12920 = EDGE_CURVE('',#12894,#12839,#12921,.T.);
#12921 = LINE('',#12922,#12923);
#12922 = CARTESIAN_POINT('',(-0.32,-20.48,8.54));
#12923 = VECTOR('',#12924,1.);
#12924 = DIRECTION('',(1.,0.,0.));
#12925 = PLANE('',#12926);
#12926 = AXIS2_PLACEMENT_3D('',#12927,#12928,#12929);
#12927 = CARTESIAN_POINT('',(-0.32,-20.56,8.46));
#12928 = DIRECTION('',(-1.735167508357E-18,0.707106781187,
    -0.707106781187));
#12929 = DIRECTION('',(-1.,-1.226948711654E-18,1.226948711654E-18));
#12930 = ADVANCED_FACE('',(#12931),#12956,.T.);
#12931 = FACE_BOUND('',#12932,.F.);
#12932 = EDGE_LOOP('',(#12933,#12941,#12942,#12950));
#12933 = ORIENTED_EDGE('',*,*,#12934,.F.);
#12934 = EDGE_CURVE('',#7952,#12935,#12937,.T.);
#12935 = VERTEX_POINT('',#12936);
#12936 = CARTESIAN_POINT('',(-0.16,-22.7,8.54));
#12937 = LINE('',#12938,#12939);
#12938 = CARTESIAN_POINT('',(-0.16,-22.7,8.54));
#12939 = VECTOR('',#12940,1.);
#12940 = DIRECTION('',(0.57735026919,-0.57735026919,0.57735026919));
#12941 = ORIENTED_EDGE('',*,*,#7959,.T.);
#12942 = ORIENTED_EDGE('',*,*,#12943,.T.);
#12943 = EDGE_CURVE('',#7943,#12944,#12946,.T.);
#12944 = VERTEX_POINT('',#12945);
#12945 = CARTESIAN_POINT('',(0.16,-22.7,8.54));
#12946 = LINE('',#12947,#12948);
#12947 = CARTESIAN_POINT('',(5.333333333333E-02,-22.80666666666,
    8.646666666667));
#12948 = VECTOR('',#12949,1.);
#12949 = DIRECTION('',(-0.57735026919,-0.57735026919,0.57735026919));
#12950 = ORIENTED_EDGE('',*,*,#12951,.F.);
#12951 = EDGE_CURVE('',#12935,#12944,#12952,.T.);
#12952 = LINE('',#12953,#12954);
#12953 = CARTESIAN_POINT('',(-0.32,-22.7,8.54));
#12954 = VECTOR('',#12955,1.);
#12955 = DIRECTION('',(1.,0.,0.));
#12956 = PLANE('',#12957);
#12957 = AXIS2_PLACEMENT_3D('',#12958,#12959,#12960);
#12958 = CARTESIAN_POINT('',(-0.32,-22.62,8.46));
#12959 = DIRECTION('',(1.735167508357E-18,0.707106781187,0.707106781187)
  );
#12960 = DIRECTION('',(-1.,1.226948711654E-18,1.226948711654E-18));
#12961 = ADVANCED_FACE('',(#12962),#12980,.F.);
#12962 = FACE_BOUND('',#12963,.F.);
#12963 = EDGE_LOOP('',(#12964,#12972,#12973,#12974));
#12964 = ORIENTED_EDGE('',*,*,#12965,.F.);
#12965 = EDGE_CURVE('',#7974,#12966,#12968,.T.);
#12966 = VERTEX_POINT('',#12967);
#12967 = CARTESIAN_POINT('',(-0.16,-23.02,8.54));
#12968 = LINE('',#12969,#12970);
#12969 = CARTESIAN_POINT('',(-0.266666666667,-23.12666666666,
    8.433333333333));
#12970 = VECTOR('',#12971,1.);
#12971 = DIRECTION('',(0.57735026919,0.57735026919,0.57735026919));
#12972 = ORIENTED_EDGE('',*,*,#7983,.T.);
#12973 = ORIENTED_EDGE('',*,*,#12934,.T.);
#12974 = ORIENTED_EDGE('',*,*,#12975,.F.);
#12975 = EDGE_CURVE('',#12966,#12935,#12976,.T.);
#12976 = LINE('',#12977,#12978);
#12977 = CARTESIAN_POINT('',(-0.16,-23.18,8.54));
#12978 = VECTOR('',#12979,1.);
#12979 = DIRECTION('',(0.,1.,0.));
#12980 = PLANE('',#12981);
#12981 = AXIS2_PLACEMENT_3D('',#12982,#12983,#12984);
#12982 = CARTESIAN_POINT('',(-0.24,-23.18,8.46));
#12983 = DIRECTION('',(0.707106781187,1.735167508357E-18,-0.707106781187
    ));
#12984 = DIRECTION('',(-1.226948711654E-18,1.,1.226948711654E-18));
#12985 = ADVANCED_FACE('',(#12986),#13004,.F.);
#12986 = FACE_BOUND('',#12987,.T.);
#12987 = EDGE_LOOP('',(#12988,#12989,#12990,#12998));
#12988 = ORIENTED_EDGE('',*,*,#12965,.F.);
#12989 = ORIENTED_EDGE('',*,*,#8007,.T.);
#12990 = ORIENTED_EDGE('',*,*,#12991,.T.);
#12991 = EDGE_CURVE('',#7998,#12992,#12994,.T.);
#12992 = VERTEX_POINT('',#12993);
#12993 = CARTESIAN_POINT('',(0.16,-23.02,8.54));
#12994 = LINE('',#12995,#12996);
#12995 = CARTESIAN_POINT('',(0.16,-23.02,8.54));
#12996 = VECTOR('',#12997,1.);
#12997 = DIRECTION('',(-0.57735026919,0.57735026919,0.57735026919));
#12998 = ORIENTED_EDGE('',*,*,#12999,.F.);
#12999 = EDGE_CURVE('',#12966,#12992,#13000,.T.);
#13000 = LINE('',#13001,#13002);
#13001 = CARTESIAN_POINT('',(-0.32,-23.02,8.54));
#13002 = VECTOR('',#13003,1.);
#13003 = DIRECTION('',(1.,0.,0.));
#13004 = PLANE('',#13005);
#13005 = AXIS2_PLACEMENT_3D('',#13006,#13007,#13008);
#13006 = CARTESIAN_POINT('',(-0.32,-23.1,8.46));
#13007 = DIRECTION('',(-1.735167508357E-18,0.707106781187,
    -0.707106781187));
#13008 = DIRECTION('',(-1.,-1.226948711654E-18,1.226948711654E-18));
#13009 = ADVANCED_FACE('',(#13010),#13021,.T.);
#13010 = FACE_BOUND('',#13011,.T.);
#13011 = EDGE_LOOP('',(#13012,#13013,#13014,#13015));
#13012 = ORIENTED_EDGE('',*,*,#12991,.F.);
#13013 = ORIENTED_EDGE('',*,*,#8024,.T.);
#13014 = ORIENTED_EDGE('',*,*,#12943,.T.);
#13015 = ORIENTED_EDGE('',*,*,#13016,.F.);
#13016 = EDGE_CURVE('',#12992,#12944,#13017,.T.);
#13017 = LINE('',#13018,#13019);
#13018 = CARTESIAN_POINT('',(0.16,-23.18,8.54));
#13019 = VECTOR('',#13020,1.);
#13020 = DIRECTION('',(0.,1.,0.));
#13021 = PLANE('',#13022);
#13022 = AXIS2_PLACEMENT_3D('',#13023,#13024,#13025);
#13023 = CARTESIAN_POINT('',(0.24,-23.18,8.46));
#13024 = DIRECTION('',(0.707106781187,-1.735167508357E-18,0.707106781187
    ));
#13025 = DIRECTION('',(1.226948711654E-18,1.,1.226948711654E-18));
#13026 = ADVANCED_FACE('',(#13027),#13052,.F.);
#13027 = FACE_BOUND('',#13028,.T.);
#13028 = EDGE_LOOP('',(#13029,#13037,#13038,#13046));
#13029 = ORIENTED_EDGE('',*,*,#13030,.F.);
#13030 = EDGE_CURVE('',#8048,#13031,#13033,.T.);
#13031 = VERTEX_POINT('',#13032);
#13032 = CARTESIAN_POINT('',(2.38,-20.48,8.54));
#13033 = LINE('',#13034,#13035);
#13034 = CARTESIAN_POINT('',(2.273333333333,-20.58666666666,
    8.433333333333));
#13035 = VECTOR('',#13036,1.);
#13036 = DIRECTION('',(0.57735026919,0.57735026919,0.57735026919));
#13037 = ORIENTED_EDGE('',*,*,#8055,.T.);
#13038 = ORIENTED_EDGE('',*,*,#13039,.T.);
#13039 = EDGE_CURVE('',#8039,#13040,#13042,.T.);
#13040 = VERTEX_POINT('',#13041);
#13041 = CARTESIAN_POINT('',(2.7,-20.48,8.54));
#13042 = LINE('',#13043,#13044);
#13043 = CARTESIAN_POINT('',(2.7,-20.48,8.54));
#13044 = VECTOR('',#13045,1.);
#13045 = DIRECTION('',(-0.57735026919,0.57735026919,0.57735026919));
#13046 = ORIENTED_EDGE('',*,*,#13047,.F.);
#13047 = EDGE_CURVE('',#13031,#13040,#13048,.T.);
#13048 = LINE('',#13049,#13050);
#13049 = CARTESIAN_POINT('',(2.22,-20.48,8.54));
#13050 = VECTOR('',#13051,1.);
#13051 = DIRECTION('',(1.,0.,0.));
#13052 = PLANE('',#13053);
#13053 = AXIS2_PLACEMENT_3D('',#13054,#13055,#13056);
#13054 = CARTESIAN_POINT('',(2.22,-20.56,8.46));
#13055 = DIRECTION('',(-1.735167508357E-18,0.707106781187,
    -0.707106781187));
#13056 = DIRECTION('',(-1.,-1.226948711654E-18,1.226948711654E-18));
#13057 = ADVANCED_FACE('',(#13058),#13076,.T.);
#13058 = FACE_BOUND('',#13059,.T.);
#13059 = EDGE_LOOP('',(#13060,#13061,#13062,#13070));
#13060 = ORIENTED_EDGE('',*,*,#13039,.F.);
#13061 = ORIENTED_EDGE('',*,*,#8079,.T.);
#13062 = ORIENTED_EDGE('',*,*,#13063,.T.);
#13063 = EDGE_CURVE('',#8072,#13064,#13066,.T.);
#13064 = VERTEX_POINT('',#13065);
#13065 = CARTESIAN_POINT('',(2.7,-20.16,8.54));
#13066 = LINE('',#13067,#13068);
#13067 = CARTESIAN_POINT('',(2.593333333333,-20.26666666666,
    8.646666666667));
#13068 = VECTOR('',#13069,1.);
#13069 = DIRECTION('',(-0.57735026919,-0.57735026919,0.57735026919));
#13070 = ORIENTED_EDGE('',*,*,#13071,.F.);
#13071 = EDGE_CURVE('',#13040,#13064,#13072,.T.);
#13072 = LINE('',#13073,#13074);
#13073 = CARTESIAN_POINT('',(2.7,-20.64,8.54));
#13074 = VECTOR('',#13075,1.);
#13075 = DIRECTION('',(0.,1.,0.));
#13076 = PLANE('',#13077);
#13077 = AXIS2_PLACEMENT_3D('',#13078,#13079,#13080);
#13078 = CARTESIAN_POINT('',(2.78,-20.64,8.46));
#13079 = DIRECTION('',(0.707106781187,-1.735167508357E-18,0.707106781187
    ));
#13080 = DIRECTION('',(1.226948711654E-18,1.,1.226948711654E-18));
#13081 = ADVANCED_FACE('',(#13082),#13100,.T.);
#13082 = FACE_BOUND('',#13083,.F.);
#13083 = EDGE_LOOP('',(#13084,#13092,#13093,#13094));
#13084 = ORIENTED_EDGE('',*,*,#13085,.F.);
#13085 = EDGE_CURVE('',#8096,#13086,#13088,.T.);
#13086 = VERTEX_POINT('',#13087);
#13087 = CARTESIAN_POINT('',(2.38,-20.16,8.54));
#13088 = LINE('',#13089,#13090);
#13089 = CARTESIAN_POINT('',(2.38,-20.16,8.54));
#13090 = VECTOR('',#13091,1.);
#13091 = DIRECTION('',(0.57735026919,-0.57735026919,0.57735026919));
#13092 = ORIENTED_EDGE('',*,*,#8103,.T.);
#13093 = ORIENTED_EDGE('',*,*,#13063,.T.);
#13094 = ORIENTED_EDGE('',*,*,#13095,.F.);
#13095 = EDGE_CURVE('',#13086,#13064,#13096,.T.);
#13096 = LINE('',#13097,#13098);
#13097 = CARTESIAN_POINT('',(2.22,-20.16,8.54));
#13098 = VECTOR('',#13099,1.);
#13099 = DIRECTION('',(1.,0.,0.));
#13100 = PLANE('',#13101);
#13101 = AXIS2_PLACEMENT_3D('',#13102,#13103,#13104);
#13102 = CARTESIAN_POINT('',(2.22,-20.08,8.46));
#13103 = DIRECTION('',(1.735167508357E-18,0.707106781187,0.707106781187)
  );
#13104 = DIRECTION('',(-1.,1.226948711654E-18,1.226948711654E-18));
#13105 = ADVANCED_FACE('',(#13106),#13117,.F.);
#13106 = FACE_BOUND('',#13107,.F.);
#13107 = EDGE_LOOP('',(#13108,#13109,#13110,#13111));
#13108 = ORIENTED_EDGE('',*,*,#13030,.F.);
#13109 = ORIENTED_EDGE('',*,*,#8120,.T.);
#13110 = ORIENTED_EDGE('',*,*,#13085,.T.);
#13111 = ORIENTED_EDGE('',*,*,#13112,.F.);
#13112 = EDGE_CURVE('',#13031,#13086,#13113,.T.);
#13113 = LINE('',#13114,#13115);
#13114 = CARTESIAN_POINT('',(2.38,-20.64,8.54));
#13115 = VECTOR('',#13116,1.);
#13116 = DIRECTION('',(0.,1.,0.));
#13117 = PLANE('',#13118);
#13118 = AXIS2_PLACEMENT_3D('',#13119,#13120,#13121);
#13119 = CARTESIAN_POINT('',(2.3,-20.64,8.46));
#13120 = DIRECTION('',(0.707106781187,1.735167508357E-18,-0.707106781187
    ));
#13121 = DIRECTION('',(-1.226948711654E-18,1.,1.226948711654E-18));
#13122 = ADVANCED_FACE('',(#13123),#13148,.F.);
#13123 = FACE_BOUND('',#13124,.T.);
#13124 = EDGE_LOOP('',(#13125,#13133,#13134,#13142));
#13125 = ORIENTED_EDGE('',*,*,#13126,.F.);
#13126 = EDGE_CURVE('',#8144,#13127,#13129,.T.);
#13127 = VERTEX_POINT('',#13128);
#13128 = CARTESIAN_POINT('',(2.38,-30.64,8.54));
#13129 = LINE('',#13130,#13131);
#13130 = CARTESIAN_POINT('',(2.273333333333,-30.74666666666,
    8.433333333333));
#13131 = VECTOR('',#13132,1.);
#13132 = DIRECTION('',(0.57735026919,0.57735026919,0.57735026919));
#13133 = ORIENTED_EDGE('',*,*,#8151,.T.);
#13134 = ORIENTED_EDGE('',*,*,#13135,.T.);
#13135 = EDGE_CURVE('',#8135,#13136,#13138,.T.);
#13136 = VERTEX_POINT('',#13137);
#13137 = CARTESIAN_POINT('',(2.7,-30.64,8.54));
#13138 = LINE('',#13139,#13140);
#13139 = CARTESIAN_POINT('',(2.7,-30.64,8.54));
#13140 = VECTOR('',#13141,1.);
#13141 = DIRECTION('',(-0.57735026919,0.57735026919,0.57735026919));
#13142 = ORIENTED_EDGE('',*,*,#13143,.F.);
#13143 = EDGE_CURVE('',#13127,#13136,#13144,.T.);
#13144 = LINE('',#13145,#13146);
#13145 = CARTESIAN_POINT('',(2.22,-30.64,8.54));
#13146 = VECTOR('',#13147,1.);
#13147 = DIRECTION('',(1.,0.,0.));
#13148 = PLANE('',#13149);
#13149 = AXIS2_PLACEMENT_3D('',#13150,#13151,#13152);
#13150 = CARTESIAN_POINT('',(2.22,-30.72,8.46));
#13151 = DIRECTION('',(-1.735167508357E-18,0.707106781187,
    -0.707106781187));
#13152 = DIRECTION('',(-1.,-1.226948711654E-18,1.226948711654E-18));
#13153 = ADVANCED_FACE('',(#13154),#13172,.T.);
#13154 = FACE_BOUND('',#13155,.T.);
#13155 = EDGE_LOOP('',(#13156,#13157,#13158,#13166));
#13156 = ORIENTED_EDGE('',*,*,#13135,.F.);
#13157 = ORIENTED_EDGE('',*,*,#8175,.T.);
#13158 = ORIENTED_EDGE('',*,*,#13159,.T.);
#13159 = EDGE_CURVE('',#8168,#13160,#13162,.T.);
#13160 = VERTEX_POINT('',#13161);
#13161 = CARTESIAN_POINT('',(2.7,-30.32,8.54));
#13162 = LINE('',#13163,#13164);
#13163 = CARTESIAN_POINT('',(2.593333333333,-30.42666666666,
    8.646666666667));
#13164 = VECTOR('',#13165,1.);
#13165 = DIRECTION('',(-0.57735026919,-0.57735026919,0.57735026919));
#13166 = ORIENTED_EDGE('',*,*,#13167,.F.);
#13167 = EDGE_CURVE('',#13136,#13160,#13168,.T.);
#13168 = LINE('',#13169,#13170);
#13169 = CARTESIAN_POINT('',(2.7,-30.8,8.54));
#13170 = VECTOR('',#13171,1.);
#13171 = DIRECTION('',(0.,1.,0.));
#13172 = PLANE('',#13173);
#13173 = AXIS2_PLACEMENT_3D('',#13174,#13175,#13176);
#13174 = CARTESIAN_POINT('',(2.78,-30.8,8.46));
#13175 = DIRECTION('',(0.707106781187,-1.735167508357E-18,0.707106781187
    ));
#13176 = DIRECTION('',(1.226948711654E-18,1.,1.226948711654E-18));
#13177 = ADVANCED_FACE('',(#13178),#13196,.T.);
#13178 = FACE_BOUND('',#13179,.F.);
#13179 = EDGE_LOOP('',(#13180,#13188,#13189,#13190));
#13180 = ORIENTED_EDGE('',*,*,#13181,.F.);
#13181 = EDGE_CURVE('',#8192,#13182,#13184,.T.);
#13182 = VERTEX_POINT('',#13183);
#13183 = CARTESIAN_POINT('',(2.38,-30.32,8.54));
#13184 = LINE('',#13185,#13186);
#13185 = CARTESIAN_POINT('',(2.38,-30.32,8.54));
#13186 = VECTOR('',#13187,1.);
#13187 = DIRECTION('',(0.57735026919,-0.57735026919,0.57735026919));
#13188 = ORIENTED_EDGE('',*,*,#8199,.T.);
#13189 = ORIENTED_EDGE('',*,*,#13159,.T.);
#13190 = ORIENTED_EDGE('',*,*,#13191,.F.);
#13191 = EDGE_CURVE('',#13182,#13160,#13192,.T.);
#13192 = LINE('',#13193,#13194);
#13193 = CARTESIAN_POINT('',(2.22,-30.32,8.54));
#13194 = VECTOR('',#13195,1.);
#13195 = DIRECTION('',(1.,0.,0.));
#13196 = PLANE('',#13197);
#13197 = AXIS2_PLACEMENT_3D('',#13198,#13199,#13200);
#13198 = CARTESIAN_POINT('',(2.22,-30.24,8.46));
#13199 = DIRECTION('',(1.735167508357E-18,0.707106781187,0.707106781187)
  );
#13200 = DIRECTION('',(-1.,1.226948711654E-18,1.226948711654E-18));
#13201 = ADVANCED_FACE('',(#13202),#13213,.F.);
#13202 = FACE_BOUND('',#13203,.F.);
#13203 = EDGE_LOOP('',(#13204,#13205,#13206,#13207));
#13204 = ORIENTED_EDGE('',*,*,#13126,.F.);
#13205 = ORIENTED_EDGE('',*,*,#8216,.T.);
#13206 = ORIENTED_EDGE('',*,*,#13181,.T.);
#13207 = ORIENTED_EDGE('',*,*,#13208,.F.);
#13208 = EDGE_CURVE('',#13127,#13182,#13209,.T.);
#13209 = LINE('',#13210,#13211);
#13210 = CARTESIAN_POINT('',(2.38,-30.8,8.54));
#13211 = VECTOR('',#13212,1.);
#13212 = DIRECTION('',(0.,1.,0.));
#13213 = PLANE('',#13214);
#13214 = AXIS2_PLACEMENT_3D('',#13215,#13216,#13217);
#13215 = CARTESIAN_POINT('',(2.3,-30.8,8.46));
#13216 = DIRECTION('',(0.707106781187,1.735167508357E-18,-0.707106781187
    ));
#13217 = DIRECTION('',(-1.226948711654E-18,1.,1.226948711654E-18));
#13218 = ADVANCED_FACE('',(#13219),#13244,.T.);
#13219 = FACE_BOUND('',#13220,.F.);
#13220 = EDGE_LOOP('',(#13221,#13229,#13230,#13238));
#13221 = ORIENTED_EDGE('',*,*,#13222,.F.);
#13222 = EDGE_CURVE('',#8240,#13223,#13225,.T.);
#13223 = VERTEX_POINT('',#13224);
#13224 = CARTESIAN_POINT('',(-0.16,-30.32,8.54));
#13225 = LINE('',#13226,#13227);
#13226 = CARTESIAN_POINT('',(-0.16,-30.32,8.54));
#13227 = VECTOR('',#13228,1.);
#13228 = DIRECTION('',(0.57735026919,-0.57735026919,0.57735026919));
#13229 = ORIENTED_EDGE('',*,*,#8247,.T.);
#13230 = ORIENTED_EDGE('',*,*,#13231,.T.);
#13231 = EDGE_CURVE('',#8231,#13232,#13234,.T.);
#13232 = VERTEX_POINT('',#13233);
#13233 = CARTESIAN_POINT('',(0.16,-30.32,8.54));
#13234 = LINE('',#13235,#13236);
#13235 = CARTESIAN_POINT('',(5.333333333333E-02,-30.42666666666,
    8.646666666667));
#13236 = VECTOR('',#13237,1.);
#13237 = DIRECTION('',(-0.57735026919,-0.57735026919,0.57735026919));
#13238 = ORIENTED_EDGE('',*,*,#13239,.F.);
#13239 = EDGE_CURVE('',#13223,#13232,#13240,.T.);
#13240 = LINE('',#13241,#13242);
#13241 = CARTESIAN_POINT('',(-0.32,-30.32,8.54));
#13242 = VECTOR('',#13243,1.);
#13243 = DIRECTION('',(1.,0.,0.));
#13244 = PLANE('',#13245);
#13245 = AXIS2_PLACEMENT_3D('',#13246,#13247,#13248);
#13246 = CARTESIAN_POINT('',(-0.32,-30.24,8.46));
#13247 = DIRECTION('',(1.735167508357E-18,0.707106781187,0.707106781187)
  );
#13248 = DIRECTION('',(-1.,1.226948711654E-18,1.226948711654E-18));
#13249 = ADVANCED_FACE('',(#13250),#13268,.F.);
#13250 = FACE_BOUND('',#13251,.F.);
#13251 = EDGE_LOOP('',(#13252,#13260,#13261,#13262));
#13252 = ORIENTED_EDGE('',*,*,#13253,.F.);
#13253 = EDGE_CURVE('',#8262,#13254,#13256,.T.);
#13254 = VERTEX_POINT('',#13255);
#13255 = CARTESIAN_POINT('',(-0.16,-30.64,8.54));
#13256 = LINE('',#13257,#13258);
#13257 = CARTESIAN_POINT('',(-0.266666666667,-30.74666666666,
    8.433333333333));
#13258 = VECTOR('',#13259,1.);
#13259 = DIRECTION('',(0.57735026919,0.57735026919,0.57735026919));
#13260 = ORIENTED_EDGE('',*,*,#8271,.T.);
#13261 = ORIENTED_EDGE('',*,*,#13222,.T.);
#13262 = ORIENTED_EDGE('',*,*,#13263,.F.);
#13263 = EDGE_CURVE('',#13254,#13223,#13264,.T.);
#13264 = LINE('',#13265,#13266);
#13265 = CARTESIAN_POINT('',(-0.16,-30.8,8.54));
#13266 = VECTOR('',#13267,1.);
#13267 = DIRECTION('',(0.,1.,0.));
#13268 = PLANE('',#13269);
#13269 = AXIS2_PLACEMENT_3D('',#13270,#13271,#13272);
#13270 = CARTESIAN_POINT('',(-0.24,-30.8,8.46));
#13271 = DIRECTION('',(0.707106781187,1.735167508357E-18,-0.707106781187
    ));
#13272 = DIRECTION('',(-1.226948711654E-18,1.,1.226948711654E-18));
#13273 = ADVANCED_FACE('',(#13274),#13292,.F.);
#13274 = FACE_BOUND('',#13275,.T.);
#13275 = EDGE_LOOP('',(#13276,#13277,#13278,#13286));
#13276 = ORIENTED_EDGE('',*,*,#13253,.F.);
#13277 = ORIENTED_EDGE('',*,*,#8295,.T.);
#13278 = ORIENTED_EDGE('',*,*,#13279,.T.);
#13279 = EDGE_CURVE('',#8286,#13280,#13282,.T.);
#13280 = VERTEX_POINT('',#13281);
#13281 = CARTESIAN_POINT('',(0.16,-30.64,8.54));
#13282 = LINE('',#13283,#13284);
#13283 = CARTESIAN_POINT('',(0.16,-30.64,8.54));
#13284 = VECTOR('',#13285,1.);
#13285 = DIRECTION('',(-0.57735026919,0.57735026919,0.57735026919));
#13286 = ORIENTED_EDGE('',*,*,#13287,.F.);
#13287 = EDGE_CURVE('',#13254,#13280,#13288,.T.);
#13288 = LINE('',#13289,#13290);
#13289 = CARTESIAN_POINT('',(-0.32,-30.64,8.54));
#13290 = VECTOR('',#13291,1.);
#13291 = DIRECTION('',(1.,0.,0.));
#13292 = PLANE('',#13293);
#13293 = AXIS2_PLACEMENT_3D('',#13294,#13295,#13296);
#13294 = CARTESIAN_POINT('',(-0.32,-30.72,8.46));
#13295 = DIRECTION('',(-1.735167508357E-18,0.707106781187,
    -0.707106781187));
#13296 = DIRECTION('',(-1.,-1.226948711654E-18,1.226948711654E-18));
#13297 = ADVANCED_FACE('',(#13298),#13309,.T.);
#13298 = FACE_BOUND('',#13299,.T.);
#13299 = EDGE_LOOP('',(#13300,#13301,#13302,#13303));
#13300 = ORIENTED_EDGE('',*,*,#13279,.F.);
#13301 = ORIENTED_EDGE('',*,*,#8312,.T.);
#13302 = ORIENTED_EDGE('',*,*,#13231,.T.);
#13303 = ORIENTED_EDGE('',*,*,#13304,.F.);
#13304 = EDGE_CURVE('',#13280,#13232,#13305,.T.);
#13305 = LINE('',#13306,#13307);
#13306 = CARTESIAN_POINT('',(0.16,-30.8,8.54));
#13307 = VECTOR('',#13308,1.);
#13308 = DIRECTION('',(0.,1.,0.));
#13309 = PLANE('',#13310);
#13310 = AXIS2_PLACEMENT_3D('',#13311,#13312,#13313);
#13311 = CARTESIAN_POINT('',(0.24,-30.8,8.46));
#13312 = DIRECTION('',(0.707106781187,-1.735167508357E-18,0.707106781187
    ));
#13313 = DIRECTION('',(1.226948711654E-18,1.,1.226948711654E-18));
#13314 = ADVANCED_FACE('',(#13315),#13340,.T.);
#13315 = FACE_BOUND('',#13316,.T.);
#13316 = EDGE_LOOP('',(#13317,#13325,#13326,#13334));
#13317 = ORIENTED_EDGE('',*,*,#13318,.F.);
#13318 = EDGE_CURVE('',#8327,#13319,#13321,.T.);
#13319 = VERTEX_POINT('',#13320);
#13320 = CARTESIAN_POINT('',(2.7,-28.1,8.54));
#13321 = LINE('',#13322,#13323);
#13322 = CARTESIAN_POINT('',(2.7,-28.1,8.54));
#13323 = VECTOR('',#13324,1.);
#13324 = DIRECTION('',(-0.57735026919,0.57735026919,0.57735026919));
#13325 = ORIENTED_EDGE('',*,*,#8343,.T.);
#13326 = ORIENTED_EDGE('',*,*,#13327,.T.);
#13327 = EDGE_CURVE('',#8336,#13328,#13330,.T.);
#13328 = VERTEX_POINT('',#13329);
#13329 = CARTESIAN_POINT('',(2.7,-27.78,8.54));
#13330 = LINE('',#13331,#13332);
#13331 = CARTESIAN_POINT('',(2.593333333333,-27.88666666666,
    8.646666666667));
#13332 = VECTOR('',#13333,1.);
#13333 = DIRECTION('',(-0.57735026919,-0.57735026919,0.57735026919));
#13334 = ORIENTED_EDGE('',*,*,#13335,.F.);
#13335 = EDGE_CURVE('',#13319,#13328,#13336,.T.);
#13336 = LINE('',#13337,#13338);
#13337 = CARTESIAN_POINT('',(2.7,-28.26,8.54));
#13338 = VECTOR('',#13339,1.);
#13339 = DIRECTION('',(0.,1.,0.));
#13340 = PLANE('',#13341);
#13341 = AXIS2_PLACEMENT_3D('',#13342,#13343,#13344);
#13342 = CARTESIAN_POINT('',(2.78,-28.26,8.46));
#13343 = DIRECTION('',(0.707106781187,-1.735167508357E-18,0.707106781187
    ));
#13344 = DIRECTION('',(1.226948711654E-18,1.,1.226948711654E-18));
#13345 = ADVANCED_FACE('',(#13346),#13364,.T.);
#13346 = FACE_BOUND('',#13347,.F.);
#13347 = EDGE_LOOP('',(#13348,#13356,#13357,#13358));
#13348 = ORIENTED_EDGE('',*,*,#13349,.F.);
#13349 = EDGE_CURVE('',#8360,#13350,#13352,.T.);
#13350 = VERTEX_POINT('',#13351);
#13351 = CARTESIAN_POINT('',(2.38,-27.78,8.54));
#13352 = LINE('',#13353,#13354);
#13353 = CARTESIAN_POINT('',(2.38,-27.78,8.54));
#13354 = VECTOR('',#13355,1.);
#13355 = DIRECTION('',(0.57735026919,-0.57735026919,0.57735026919));
#13356 = ORIENTED_EDGE('',*,*,#8367,.T.);
#13357 = ORIENTED_EDGE('',*,*,#13327,.T.);
#13358 = ORIENTED_EDGE('',*,*,#13359,.F.);
#13359 = EDGE_CURVE('',#13350,#13328,#13360,.T.);
#13360 = LINE('',#13361,#13362);
#13361 = CARTESIAN_POINT('',(2.22,-27.78,8.54));
#13362 = VECTOR('',#13363,1.);
#13363 = DIRECTION('',(1.,0.,0.));
#13364 = PLANE('',#13365);
#13365 = AXIS2_PLACEMENT_3D('',#13366,#13367,#13368);
#13366 = CARTESIAN_POINT('',(2.22,-27.7,8.46));
#13367 = DIRECTION('',(1.735167508357E-18,0.707106781187,0.707106781187)
  );
#13368 = DIRECTION('',(-1.,1.226948711654E-18,1.226948711654E-18));
#13369 = ADVANCED_FACE('',(#13370),#13388,.F.);
#13370 = FACE_BOUND('',#13371,.F.);
#13371 = EDGE_LOOP('',(#13372,#13380,#13381,#13382));
#13372 = ORIENTED_EDGE('',*,*,#13373,.F.);
#13373 = EDGE_CURVE('',#8382,#13374,#13376,.T.);
#13374 = VERTEX_POINT('',#13375);
#13375 = CARTESIAN_POINT('',(2.38,-28.1,8.54));
#13376 = LINE('',#13377,#13378);
#13377 = CARTESIAN_POINT('',(2.273333333333,-28.20666666666,
    8.433333333333));
#13378 = VECTOR('',#13379,1.);
#13379 = DIRECTION('',(0.57735026919,0.57735026919,0.57735026919));
#13380 = ORIENTED_EDGE('',*,*,#8391,.T.);
#13381 = ORIENTED_EDGE('',*,*,#13349,.T.);
#13382 = ORIENTED_EDGE('',*,*,#13383,.F.);
#13383 = EDGE_CURVE('',#13374,#13350,#13384,.T.);
#13384 = LINE('',#13385,#13386);
#13385 = CARTESIAN_POINT('',(2.38,-28.26,8.54));
#13386 = VECTOR('',#13387,1.);
#13387 = DIRECTION('',(0.,1.,0.));
#13388 = PLANE('',#13389);
#13389 = AXIS2_PLACEMENT_3D('',#13390,#13391,#13392);
#13390 = CARTESIAN_POINT('',(2.3,-28.26,8.46));
#13391 = DIRECTION('',(0.707106781187,1.735167508357E-18,-0.707106781187
    ));
#13392 = DIRECTION('',(-1.226948711654E-18,1.,1.226948711654E-18));
#13393 = ADVANCED_FACE('',(#13394),#13405,.F.);
#13394 = FACE_BOUND('',#13395,.T.);
#13395 = EDGE_LOOP('',(#13396,#13397,#13398,#13399));
#13396 = ORIENTED_EDGE('',*,*,#13373,.F.);
#13397 = ORIENTED_EDGE('',*,*,#8408,.T.);
#13398 = ORIENTED_EDGE('',*,*,#13318,.T.);
#13399 = ORIENTED_EDGE('',*,*,#13400,.F.);
#13400 = EDGE_CURVE('',#13374,#13319,#13401,.T.);
#13401 = LINE('',#13402,#13403);
#13402 = CARTESIAN_POINT('',(2.22,-28.1,8.54));
#13403 = VECTOR('',#13404,1.);
#13404 = DIRECTION('',(1.,0.,0.));
#13405 = PLANE('',#13406);
#13406 = AXIS2_PLACEMENT_3D('',#13407,#13408,#13409);
#13407 = CARTESIAN_POINT('',(2.22,-28.18,8.46));
#13408 = DIRECTION('',(-1.735167508357E-18,0.707106781187,
    -0.707106781187));
#13409 = DIRECTION('',(-1.,-1.226948711654E-18,1.226948711654E-18));
#13410 = ADVANCED_FACE('',(#13411),#13436,.T.);
#13411 = FACE_BOUND('',#13412,.T.);
#13412 = EDGE_LOOP('',(#13413,#13421,#13422,#13430));
#13413 = ORIENTED_EDGE('',*,*,#13414,.F.);
#13414 = EDGE_CURVE('',#8423,#13415,#13417,.T.);
#13415 = VERTEX_POINT('',#13416);
#13416 = CARTESIAN_POINT('',(0.16,-28.1,8.54));
#13417 = LINE('',#13418,#13419);
#13418 = CARTESIAN_POINT('',(0.16,-28.1,8.54));
#13419 = VECTOR('',#13420,1.);
#13420 = DIRECTION('',(-0.57735026919,0.57735026919,0.57735026919));
#13421 = ORIENTED_EDGE('',*,*,#8439,.T.);
#13422 = ORIENTED_EDGE('',*,*,#13423,.T.);
#13423 = EDGE_CURVE('',#8432,#13424,#13426,.T.);
#13424 = VERTEX_POINT('',#13425);
#13425 = CARTESIAN_POINT('',(0.16,-27.78,8.54));
#13426 = LINE('',#13427,#13428);
#13427 = CARTESIAN_POINT('',(5.333333333333E-02,-27.88666666666,
    8.646666666667));
#13428 = VECTOR('',#13429,1.);
#13429 = DIRECTION('',(-0.57735026919,-0.57735026919,0.57735026919));
#13430 = ORIENTED_EDGE('',*,*,#13431,.F.);
#13431 = EDGE_CURVE('',#13415,#13424,#13432,.T.);
#13432 = LINE('',#13433,#13434);
#13433 = CARTESIAN_POINT('',(0.16,-28.26,8.54));
#13434 = VECTOR('',#13435,1.);
#13435 = DIRECTION('',(0.,1.,0.));
#13436 = PLANE('',#13437);
#13437 = AXIS2_PLACEMENT_3D('',#13438,#13439,#13440);
#13438 = CARTESIAN_POINT('',(0.24,-28.26,8.46));
#13439 = DIRECTION('',(0.707106781187,-1.735167508357E-18,0.707106781187
    ));
#13440 = DIRECTION('',(1.226948711654E-18,1.,1.226948711654E-18));
#13441 = ADVANCED_FACE('',(#13442),#13460,.T.);
#13442 = FACE_BOUND('',#13443,.F.);
#13443 = EDGE_LOOP('',(#13444,#13452,#13453,#13454));
#13444 = ORIENTED_EDGE('',*,*,#13445,.F.);
#13445 = EDGE_CURVE('',#8456,#13446,#13448,.T.);
#13446 = VERTEX_POINT('',#13447);
#13447 = CARTESIAN_POINT('',(-0.16,-27.78,8.54));
#13448 = LINE('',#13449,#13450);
#13449 = CARTESIAN_POINT('',(-0.16,-27.78,8.54));
#13450 = VECTOR('',#13451,1.);
#13451 = DIRECTION('',(0.57735026919,-0.57735026919,0.57735026919));
#13452 = ORIENTED_EDGE('',*,*,#8463,.T.);
#13453 = ORIENTED_EDGE('',*,*,#13423,.T.);
#13454 = ORIENTED_EDGE('',*,*,#13455,.F.);
#13455 = EDGE_CURVE('',#13446,#13424,#13456,.T.);
#13456 = LINE('',#13457,#13458);
#13457 = CARTESIAN_POINT('',(-0.32,-27.78,8.54));
#13458 = VECTOR('',#13459,1.);
#13459 = DIRECTION('',(1.,0.,0.));
#13460 = PLANE('',#13461);
#13461 = AXIS2_PLACEMENT_3D('',#13462,#13463,#13464);
#13462 = CARTESIAN_POINT('',(-0.32,-27.7,8.46));
#13463 = DIRECTION('',(1.735167508357E-18,0.707106781187,0.707106781187)
  );
#13464 = DIRECTION('',(-1.,1.226948711654E-18,1.226948711654E-18));
#13465 = ADVANCED_FACE('',(#13466),#13484,.F.);
#13466 = FACE_BOUND('',#13467,.F.);
#13467 = EDGE_LOOP('',(#13468,#13476,#13477,#13478));
#13468 = ORIENTED_EDGE('',*,*,#13469,.F.);
#13469 = EDGE_CURVE('',#8478,#13470,#13472,.T.);
#13470 = VERTEX_POINT('',#13471);
#13471 = CARTESIAN_POINT('',(-0.16,-28.1,8.54));
#13472 = LINE('',#13473,#13474);
#13473 = CARTESIAN_POINT('',(-0.266666666667,-28.20666666666,
    8.433333333333));
#13474 = VECTOR('',#13475,1.);
#13475 = DIRECTION('',(0.57735026919,0.57735026919,0.57735026919));
#13476 = ORIENTED_EDGE('',*,*,#8487,.T.);
#13477 = ORIENTED_EDGE('',*,*,#13445,.T.);
#13478 = ORIENTED_EDGE('',*,*,#13479,.F.);
#13479 = EDGE_CURVE('',#13470,#13446,#13480,.T.);
#13480 = LINE('',#13481,#13482);
#13481 = CARTESIAN_POINT('',(-0.16,-28.26,8.54));
#13482 = VECTOR('',#13483,1.);
#13483 = DIRECTION('',(0.,1.,0.));
#13484 = PLANE('',#13485);
#13485 = AXIS2_PLACEMENT_3D('',#13486,#13487,#13488);
#13486 = CARTESIAN_POINT('',(-0.24,-28.26,8.46));
#13487 = DIRECTION('',(0.707106781187,1.735167508357E-18,-0.707106781187
    ));
#13488 = DIRECTION('',(-1.226948711654E-18,1.,1.226948711654E-18));
#13489 = ADVANCED_FACE('',(#13490),#13501,.F.);
#13490 = FACE_BOUND('',#13491,.T.);
#13491 = EDGE_LOOP('',(#13492,#13493,#13494,#13495));
#13492 = ORIENTED_EDGE('',*,*,#13469,.F.);
#13493 = ORIENTED_EDGE('',*,*,#8504,.T.);
#13494 = ORIENTED_EDGE('',*,*,#13414,.T.);
#13495 = ORIENTED_EDGE('',*,*,#13496,.F.);
#13496 = EDGE_CURVE('',#13470,#13415,#13497,.T.);
#13497 = LINE('',#13498,#13499);
#13498 = CARTESIAN_POINT('',(-0.32,-28.1,8.54));
#13499 = VECTOR('',#13500,1.);
#13500 = DIRECTION('',(1.,0.,0.));
#13501 = PLANE('',#13502);
#13502 = AXIS2_PLACEMENT_3D('',#13503,#13504,#13505);
#13503 = CARTESIAN_POINT('',(-0.32,-28.18,8.46));
#13504 = DIRECTION('',(-1.735167508357E-18,0.707106781187,
    -0.707106781187));
#13505 = DIRECTION('',(-1.,-1.226948711654E-18,1.226948711654E-18));
#13506 = ADVANCED_FACE('',(#13507),#13532,.T.);
#13507 = FACE_BOUND('',#13508,.T.);
#13508 = EDGE_LOOP('',(#13509,#13517,#13518,#13526));
#13509 = ORIENTED_EDGE('',*,*,#13510,.F.);
#13510 = EDGE_CURVE('',#8519,#13511,#13513,.T.);
#13511 = VERTEX_POINT('',#13512);
#13512 = CARTESIAN_POINT('',(2.7,-10.32,8.54));
#13513 = LINE('',#13514,#13515);
#13514 = CARTESIAN_POINT('',(2.7,-10.32,8.54));
#13515 = VECTOR('',#13516,1.);
#13516 = DIRECTION('',(-0.57735026919,0.57735026919,0.57735026919));
#13517 = ORIENTED_EDGE('',*,*,#8535,.T.);
#13518 = ORIENTED_EDGE('',*,*,#13519,.T.);
#13519 = EDGE_CURVE('',#8528,#13520,#13522,.T.);
#13520 = VERTEX_POINT('',#13521);
#13521 = CARTESIAN_POINT('',(2.7,-10.,8.54));
#13522 = LINE('',#13523,#13524);
#13523 = CARTESIAN_POINT('',(2.593333333333,-10.10666666666,
    8.646666666667));
#13524 = VECTOR('',#13525,1.);
#13525 = DIRECTION('',(-0.57735026919,-0.57735026919,0.57735026919));
#13526 = ORIENTED_EDGE('',*,*,#13527,.F.);
#13527 = EDGE_CURVE('',#13511,#13520,#13528,.T.);
#13528 = LINE('',#13529,#13530);
#13529 = CARTESIAN_POINT('',(2.7,-10.48,8.54));
#13530 = VECTOR('',#13531,1.);
#13531 = DIRECTION('',(0.,1.,0.));
#13532 = PLANE('',#13533);
#13533 = AXIS2_PLACEMENT_3D('',#13534,#13535,#13536);
#13534 = CARTESIAN_POINT('',(2.78,-10.48,8.46));
#13535 = DIRECTION('',(0.707106781187,-1.735167508357E-18,0.707106781187
    ));
#13536 = DIRECTION('',(1.226948711654E-18,1.,1.226948711654E-18));
#13537 = ADVANCED_FACE('',(#13538),#13556,.T.);
#13538 = FACE_BOUND('',#13539,.F.);
#13539 = EDGE_LOOP('',(#13540,#13548,#13549,#13550));
#13540 = ORIENTED_EDGE('',*,*,#13541,.F.);
#13541 = EDGE_CURVE('',#8552,#13542,#13544,.T.);
#13542 = VERTEX_POINT('',#13543);
#13543 = CARTESIAN_POINT('',(2.38,-10.,8.54));
#13544 = LINE('',#13545,#13546);
#13545 = CARTESIAN_POINT('',(2.38,-10.,8.54));
#13546 = VECTOR('',#13547,1.);
#13547 = DIRECTION('',(0.57735026919,-0.57735026919,0.57735026919));
#13548 = ORIENTED_EDGE('',*,*,#8559,.T.);
#13549 = ORIENTED_EDGE('',*,*,#13519,.T.);
#13550 = ORIENTED_EDGE('',*,*,#13551,.F.);
#13551 = EDGE_CURVE('',#13542,#13520,#13552,.T.);
#13552 = LINE('',#13553,#13554);
#13553 = CARTESIAN_POINT('',(2.22,-10.,8.54));
#13554 = VECTOR('',#13555,1.);
#13555 = DIRECTION('',(1.,0.,0.));
#13556 = PLANE('',#13557);
#13557 = AXIS2_PLACEMENT_3D('',#13558,#13559,#13560);
#13558 = CARTESIAN_POINT('',(2.22,-9.92,8.46));
#13559 = DIRECTION('',(1.735167508357E-18,0.707106781187,0.707106781187)
  );
#13560 = DIRECTION('',(-1.,1.226948711654E-18,1.226948711654E-18));
#13561 = ADVANCED_FACE('',(#13562),#13580,.F.);
#13562 = FACE_BOUND('',#13563,.F.);
#13563 = EDGE_LOOP('',(#13564,#13572,#13573,#13574));
#13564 = ORIENTED_EDGE('',*,*,#13565,.F.);
#13565 = EDGE_CURVE('',#8574,#13566,#13568,.T.);
#13566 = VERTEX_POINT('',#13567);
#13567 = CARTESIAN_POINT('',(2.38,-10.32,8.54));
#13568 = LINE('',#13569,#13570);
#13569 = CARTESIAN_POINT('',(2.273333333333,-10.42666666666,
    8.433333333333));
#13570 = VECTOR('',#13571,1.);
#13571 = DIRECTION('',(0.57735026919,0.57735026919,0.57735026919));
#13572 = ORIENTED_EDGE('',*,*,#8583,.T.);
#13573 = ORIENTED_EDGE('',*,*,#13541,.T.);
#13574 = ORIENTED_EDGE('',*,*,#13575,.F.);
#13575 = EDGE_CURVE('',#13566,#13542,#13576,.T.);
#13576 = LINE('',#13577,#13578);
#13577 = CARTESIAN_POINT('',(2.38,-10.48,8.54));
#13578 = VECTOR('',#13579,1.);
#13579 = DIRECTION('',(0.,1.,0.));
#13580 = PLANE('',#13581);
#13581 = AXIS2_PLACEMENT_3D('',#13582,#13583,#13584);
#13582 = CARTESIAN_POINT('',(2.3,-10.48,8.46));
#13583 = DIRECTION('',(0.707106781187,1.735167508357E-18,-0.707106781187
    ));
#13584 = DIRECTION('',(-1.226948711654E-18,1.,1.226948711654E-18));
#13585 = ADVANCED_FACE('',(#13586),#13597,.F.);
#13586 = FACE_BOUND('',#13587,.T.);
#13587 = EDGE_LOOP('',(#13588,#13589,#13590,#13591));
#13588 = ORIENTED_EDGE('',*,*,#13565,.F.);
#13589 = ORIENTED_EDGE('',*,*,#8600,.T.);
#13590 = ORIENTED_EDGE('',*,*,#13510,.T.);
#13591 = ORIENTED_EDGE('',*,*,#13592,.F.);
#13592 = EDGE_CURVE('',#13566,#13511,#13593,.T.);
#13593 = LINE('',#13594,#13595);
#13594 = CARTESIAN_POINT('',(2.22,-10.32,8.54));
#13595 = VECTOR('',#13596,1.);
#13596 = DIRECTION('',(1.,0.,0.));
#13597 = PLANE('',#13598);
#13598 = AXIS2_PLACEMENT_3D('',#13599,#13600,#13601);
#13599 = CARTESIAN_POINT('',(2.22,-10.4,8.46));
#13600 = DIRECTION('',(-1.735167508357E-18,0.707106781187,
    -0.707106781187));
#13601 = DIRECTION('',(-1.,-1.226948711654E-18,1.226948711654E-18));
#13602 = ADVANCED_FACE('',(#13603),#13628,.T.);
#13603 = FACE_BOUND('',#13604,.T.);
#13604 = EDGE_LOOP('',(#13605,#13613,#13614,#13622));
#13605 = ORIENTED_EDGE('',*,*,#13606,.F.);
#13606 = EDGE_CURVE('',#8615,#13607,#13609,.T.);
#13607 = VERTEX_POINT('',#13608);
#13608 = CARTESIAN_POINT('',(0.16,-10.32,8.54));
#13609 = LINE('',#13610,#13611);
#13610 = CARTESIAN_POINT('',(0.16,-10.32,8.54));
#13611 = VECTOR('',#13612,1.);
#13612 = DIRECTION('',(-0.57735026919,0.57735026919,0.57735026919));
#13613 = ORIENTED_EDGE('',*,*,#8631,.T.);
#13614 = ORIENTED_EDGE('',*,*,#13615,.T.);
#13615 = EDGE_CURVE('',#8624,#13616,#13618,.T.);
#13616 = VERTEX_POINT('',#13617);
#13617 = CARTESIAN_POINT('',(0.16,-10.,8.54));
#13618 = LINE('',#13619,#13620);
#13619 = CARTESIAN_POINT('',(5.333333333333E-02,-10.10666666666,
    8.646666666667));
#13620 = VECTOR('',#13621,1.);
#13621 = DIRECTION('',(-0.57735026919,-0.57735026919,0.57735026919));
#13622 = ORIENTED_EDGE('',*,*,#13623,.F.);
#13623 = EDGE_CURVE('',#13607,#13616,#13624,.T.);
#13624 = LINE('',#13625,#13626);
#13625 = CARTESIAN_POINT('',(0.16,-10.48,8.54));
#13626 = VECTOR('',#13627,1.);
#13627 = DIRECTION('',(0.,1.,0.));
#13628 = PLANE('',#13629);
#13629 = AXIS2_PLACEMENT_3D('',#13630,#13631,#13632);
#13630 = CARTESIAN_POINT('',(0.24,-10.48,8.46));
#13631 = DIRECTION('',(0.707106781187,-1.735167508357E-18,0.707106781187
    ));
#13632 = DIRECTION('',(1.226948711654E-18,1.,1.226948711654E-18));
#13633 = ADVANCED_FACE('',(#13634),#13652,.T.);
#13634 = FACE_BOUND('',#13635,.F.);
#13635 = EDGE_LOOP('',(#13636,#13644,#13645,#13646));
#13636 = ORIENTED_EDGE('',*,*,#13637,.F.);
#13637 = EDGE_CURVE('',#8648,#13638,#13640,.T.);
#13638 = VERTEX_POINT('',#13639);
#13639 = CARTESIAN_POINT('',(-0.16,-10.,8.54));
#13640 = LINE('',#13641,#13642);
#13641 = CARTESIAN_POINT('',(-0.16,-10.,8.54));
#13642 = VECTOR('',#13643,1.);
#13643 = DIRECTION('',(0.57735026919,-0.57735026919,0.57735026919));
#13644 = ORIENTED_EDGE('',*,*,#8655,.T.);
#13645 = ORIENTED_EDGE('',*,*,#13615,.T.);
#13646 = ORIENTED_EDGE('',*,*,#13647,.F.);
#13647 = EDGE_CURVE('',#13638,#13616,#13648,.T.);
#13648 = LINE('',#13649,#13650);
#13649 = CARTESIAN_POINT('',(-0.32,-10.,8.54));
#13650 = VECTOR('',#13651,1.);
#13651 = DIRECTION('',(1.,0.,0.));
#13652 = PLANE('',#13653);
#13653 = AXIS2_PLACEMENT_3D('',#13654,#13655,#13656);
#13654 = CARTESIAN_POINT('',(-0.32,-9.92,8.46));
#13655 = DIRECTION('',(1.735167508357E-18,0.707106781187,0.707106781187)
  );
#13656 = DIRECTION('',(-1.,1.226948711654E-18,1.226948711654E-18));
#13657 = ADVANCED_FACE('',(#13658),#13676,.F.);
#13658 = FACE_BOUND('',#13659,.F.);
#13659 = EDGE_LOOP('',(#13660,#13668,#13669,#13670));
#13660 = ORIENTED_EDGE('',*,*,#13661,.F.);
#13661 = EDGE_CURVE('',#8670,#13662,#13664,.T.);
#13662 = VERTEX_POINT('',#13663);
#13663 = CARTESIAN_POINT('',(-0.16,-10.32,8.54));
#13664 = LINE('',#13665,#13666);
#13665 = CARTESIAN_POINT('',(-0.266666666667,-10.42666666666,
    8.433333333333));
#13666 = VECTOR('',#13667,1.);
#13667 = DIRECTION('',(0.57735026919,0.57735026919,0.57735026919));
#13668 = ORIENTED_EDGE('',*,*,#8679,.T.);
#13669 = ORIENTED_EDGE('',*,*,#13637,.T.);
#13670 = ORIENTED_EDGE('',*,*,#13671,.F.);
#13671 = EDGE_CURVE('',#13662,#13638,#13672,.T.);
#13672 = LINE('',#13673,#13674);
#13673 = CARTESIAN_POINT('',(-0.16,-10.48,8.54));
#13674 = VECTOR('',#13675,1.);
#13675 = DIRECTION('',(0.,1.,0.));
#13676 = PLANE('',#13677);
#13677 = AXIS2_PLACEMENT_3D('',#13678,#13679,#13680);
#13678 = CARTESIAN_POINT('',(-0.24,-10.48,8.46));
#13679 = DIRECTION('',(0.707106781187,1.735167508357E-18,-0.707106781187
    ));
#13680 = DIRECTION('',(-1.226948711654E-18,1.,1.226948711654E-18));
#13681 = ADVANCED_FACE('',(#13682),#13693,.F.);
#13682 = FACE_BOUND('',#13683,.T.);
#13683 = EDGE_LOOP('',(#13684,#13685,#13686,#13687));
#13684 = ORIENTED_EDGE('',*,*,#13661,.F.);
#13685 = ORIENTED_EDGE('',*,*,#8696,.T.);
#13686 = ORIENTED_EDGE('',*,*,#13606,.T.);
#13687 = ORIENTED_EDGE('',*,*,#13688,.F.);
#13688 = EDGE_CURVE('',#13662,#13607,#13689,.T.);
#13689 = LINE('',#13690,#13691);
#13690 = CARTESIAN_POINT('',(-0.32,-10.32,8.54));
#13691 = VECTOR('',#13692,1.);
#13692 = DIRECTION('',(1.,0.,0.));
#13693 = PLANE('',#13694);
#13694 = AXIS2_PLACEMENT_3D('',#13695,#13696,#13697);
#13695 = CARTESIAN_POINT('',(-0.32,-10.4,8.46));
#13696 = DIRECTION('',(-1.735167508357E-18,0.707106781187,
    -0.707106781187));
#13697 = DIRECTION('',(-1.,-1.226948711654E-18,1.226948711654E-18));
#13698 = ADVANCED_FACE('',(#13699),#13724,.T.);
#13699 = FACE_BOUND('',#13700,.T.);
#13700 = EDGE_LOOP('',(#13701,#13709,#13710,#13718));
#13701 = ORIENTED_EDGE('',*,*,#13702,.F.);
#13702 = EDGE_CURVE('',#8711,#13703,#13705,.T.);
#13703 = VERTEX_POINT('',#13704);
#13704 = CARTESIAN_POINT('',(2.7,-2.7,8.54));
#13705 = LINE('',#13706,#13707);
#13706 = CARTESIAN_POINT('',(2.7,-2.7,8.54));
#13707 = VECTOR('',#13708,1.);
#13708 = DIRECTION('',(-0.57735026919,0.57735026919,0.57735026919));
#13709 = ORIENTED_EDGE('',*,*,#8727,.T.);
#13710 = ORIENTED_EDGE('',*,*,#13711,.T.);
#13711 = EDGE_CURVE('',#8720,#13712,#13714,.T.);
#13712 = VERTEX_POINT('',#13713);
#13713 = CARTESIAN_POINT('',(2.7,-2.38,8.54));
#13714 = LINE('',#13715,#13716);
#13715 = CARTESIAN_POINT('',(2.593333333333,-2.486666666667,
    8.646666666667));
#13716 = VECTOR('',#13717,1.);
#13717 = DIRECTION('',(-0.57735026919,-0.57735026919,0.57735026919));
#13718 = ORIENTED_EDGE('',*,*,#13719,.F.);
#13719 = EDGE_CURVE('',#13703,#13712,#13720,.T.);
#13720 = LINE('',#13721,#13722);
#13721 = CARTESIAN_POINT('',(2.7,-2.86,8.54));
#13722 = VECTOR('',#13723,1.);
#13723 = DIRECTION('',(0.,1.,0.));
#13724 = PLANE('',#13725);
#13725 = AXIS2_PLACEMENT_3D('',#13726,#13727,#13728);
#13726 = CARTESIAN_POINT('',(2.78,-2.86,8.46));
#13727 = DIRECTION('',(0.707106781187,-1.735167508357E-18,0.707106781187
    ));
#13728 = DIRECTION('',(1.226948711654E-18,1.,1.226948711654E-18));
#13729 = ADVANCED_FACE('',(#13730),#13748,.T.);
#13730 = FACE_BOUND('',#13731,.F.);
#13731 = EDGE_LOOP('',(#13732,#13740,#13741,#13742));
#13732 = ORIENTED_EDGE('',*,*,#13733,.F.);
#13733 = EDGE_CURVE('',#8744,#13734,#13736,.T.);
#13734 = VERTEX_POINT('',#13735);
#13735 = CARTESIAN_POINT('',(2.38,-2.38,8.54));
#13736 = LINE('',#13737,#13738);
#13737 = CARTESIAN_POINT('',(2.38,-2.38,8.54));
#13738 = VECTOR('',#13739,1.);
#13739 = DIRECTION('',(0.57735026919,-0.57735026919,0.57735026919));
#13740 = ORIENTED_EDGE('',*,*,#8751,.T.);
#13741 = ORIENTED_EDGE('',*,*,#13711,.T.);
#13742 = ORIENTED_EDGE('',*,*,#13743,.F.);
#13743 = EDGE_CURVE('',#13734,#13712,#13744,.T.);
#13744 = LINE('',#13745,#13746);
#13745 = CARTESIAN_POINT('',(2.22,-2.38,8.54));
#13746 = VECTOR('',#13747,1.);
#13747 = DIRECTION('',(1.,0.,0.));
#13748 = PLANE('',#13749);
#13749 = AXIS2_PLACEMENT_3D('',#13750,#13751,#13752);
#13750 = CARTESIAN_POINT('',(2.22,-2.3,8.46));
#13751 = DIRECTION('',(1.735167508357E-18,0.707106781187,0.707106781187)
  );
#13752 = DIRECTION('',(-1.,1.226948711654E-18,1.226948711654E-18));
#13753 = ADVANCED_FACE('',(#13754),#13772,.F.);
#13754 = FACE_BOUND('',#13755,.F.);
#13755 = EDGE_LOOP('',(#13756,#13764,#13765,#13766));
#13756 = ORIENTED_EDGE('',*,*,#13757,.F.);
#13757 = EDGE_CURVE('',#8766,#13758,#13760,.T.);
#13758 = VERTEX_POINT('',#13759);
#13759 = CARTESIAN_POINT('',(2.38,-2.7,8.54));
#13760 = LINE('',#13761,#13762);
#13761 = CARTESIAN_POINT('',(2.273333333333,-2.806666666667,
    8.433333333333));
#13762 = VECTOR('',#13763,1.);
#13763 = DIRECTION('',(0.57735026919,0.57735026919,0.57735026919));
#13764 = ORIENTED_EDGE('',*,*,#8775,.T.);
#13765 = ORIENTED_EDGE('',*,*,#13733,.T.);
#13766 = ORIENTED_EDGE('',*,*,#13767,.F.);
#13767 = EDGE_CURVE('',#13758,#13734,#13768,.T.);
#13768 = LINE('',#13769,#13770);
#13769 = CARTESIAN_POINT('',(2.38,-2.86,8.54));
#13770 = VECTOR('',#13771,1.);
#13771 = DIRECTION('',(0.,1.,0.));
#13772 = PLANE('',#13773);
#13773 = AXIS2_PLACEMENT_3D('',#13774,#13775,#13776);
#13774 = CARTESIAN_POINT('',(2.3,-2.86,8.46));
#13775 = DIRECTION('',(0.707106781187,1.735167508357E-18,-0.707106781187
    ));
#13776 = DIRECTION('',(-1.226948711654E-18,1.,1.226948711654E-18));
#13777 = ADVANCED_FACE('',(#13778),#13789,.F.);
#13778 = FACE_BOUND('',#13779,.T.);
#13779 = EDGE_LOOP('',(#13780,#13781,#13782,#13783));
#13780 = ORIENTED_EDGE('',*,*,#13757,.F.);
#13781 = ORIENTED_EDGE('',*,*,#8792,.T.);
#13782 = ORIENTED_EDGE('',*,*,#13702,.T.);
#13783 = ORIENTED_EDGE('',*,*,#13784,.F.);
#13784 = EDGE_CURVE('',#13758,#13703,#13785,.T.);
#13785 = LINE('',#13786,#13787);
#13786 = CARTESIAN_POINT('',(2.22,-2.7,8.54));
#13787 = VECTOR('',#13788,1.);
#13788 = DIRECTION('',(1.,0.,0.));
#13789 = PLANE('',#13790);
#13790 = AXIS2_PLACEMENT_3D('',#13791,#13792,#13793);
#13791 = CARTESIAN_POINT('',(2.22,-2.78,8.46));
#13792 = DIRECTION('',(-1.735167508357E-18,0.707106781187,
    -0.707106781187));
#13793 = DIRECTION('',(-1.,-1.226948711654E-18,1.226948711654E-18));
#13794 = ADVANCED_FACE('',(#13795),#13820,.F.);
#13795 = FACE_BOUND('',#13796,.T.);
#13796 = EDGE_LOOP('',(#13797,#13805,#13806,#13814));
#13797 = ORIENTED_EDGE('',*,*,#13798,.F.);
#13798 = EDGE_CURVE('',#8816,#13799,#13801,.T.);
#13799 = VERTEX_POINT('',#13800);
#13800 = CARTESIAN_POINT('',(-0.16,-2.7,8.54));
#13801 = LINE('',#13802,#13803);
#13802 = CARTESIAN_POINT('',(-0.266666666667,-2.806666666667,
    8.433333333333));
#13803 = VECTOR('',#13804,1.);
#13804 = DIRECTION('',(0.57735026919,0.57735026919,0.57735026919));
#13805 = ORIENTED_EDGE('',*,*,#8823,.T.);
#13806 = ORIENTED_EDGE('',*,*,#13807,.T.);
#13807 = EDGE_CURVE('',#8807,#13808,#13810,.T.);
#13808 = VERTEX_POINT('',#13809);
#13809 = CARTESIAN_POINT('',(0.16,-2.7,8.54));
#13810 = LINE('',#13811,#13812);
#13811 = CARTESIAN_POINT('',(0.16,-2.7,8.54));
#13812 = VECTOR('',#13813,1.);
#13813 = DIRECTION('',(-0.57735026919,0.57735026919,0.57735026919));
#13814 = ORIENTED_EDGE('',*,*,#13815,.F.);
#13815 = EDGE_CURVE('',#13799,#13808,#13816,.T.);
#13816 = LINE('',#13817,#13818);
#13817 = CARTESIAN_POINT('',(-0.32,-2.7,8.54));
#13818 = VECTOR('',#13819,1.);
#13819 = DIRECTION('',(1.,0.,0.));
#13820 = PLANE('',#13821);
#13821 = AXIS2_PLACEMENT_3D('',#13822,#13823,#13824);
#13822 = CARTESIAN_POINT('',(-0.32,-2.78,8.46));
#13823 = DIRECTION('',(-1.735167508357E-18,0.707106781187,
    -0.707106781187));
#13824 = DIRECTION('',(-1.,-1.226948711654E-18,1.226948711654E-18));
#13825 = ADVANCED_FACE('',(#13826),#13844,.T.);
#13826 = FACE_BOUND('',#13827,.T.);
#13827 = EDGE_LOOP('',(#13828,#13829,#13830,#13838));
#13828 = ORIENTED_EDGE('',*,*,#13807,.F.);
#13829 = ORIENTED_EDGE('',*,*,#8847,.T.);
#13830 = ORIENTED_EDGE('',*,*,#13831,.T.);
#13831 = EDGE_CURVE('',#8840,#13832,#13834,.T.);
#13832 = VERTEX_POINT('',#13833);
#13833 = CARTESIAN_POINT('',(0.16,-2.38,8.54));
#13834 = LINE('',#13835,#13836);
#13835 = CARTESIAN_POINT('',(5.333333333333E-02,-2.486666666667,
    8.646666666667));
#13836 = VECTOR('',#13837,1.);
#13837 = DIRECTION('',(-0.57735026919,-0.57735026919,0.57735026919));
#13838 = ORIENTED_EDGE('',*,*,#13839,.F.);
#13839 = EDGE_CURVE('',#13808,#13832,#13840,.T.);
#13840 = LINE('',#13841,#13842);
#13841 = CARTESIAN_POINT('',(0.16,-2.86,8.54));
#13842 = VECTOR('',#13843,1.);
#13843 = DIRECTION('',(0.,1.,0.));
#13844 = PLANE('',#13845);
#13845 = AXIS2_PLACEMENT_3D('',#13846,#13847,#13848);
#13846 = CARTESIAN_POINT('',(0.24,-2.86,8.46));
#13847 = DIRECTION('',(0.707106781187,-1.735167508357E-18,0.707106781187
    ));
#13848 = DIRECTION('',(1.226948711654E-18,1.,1.226948711654E-18));
#13849 = ADVANCED_FACE('',(#13850),#13868,.T.);
#13850 = FACE_BOUND('',#13851,.F.);
#13851 = EDGE_LOOP('',(#13852,#13860,#13861,#13862));
#13852 = ORIENTED_EDGE('',*,*,#13853,.F.);
#13853 = EDGE_CURVE('',#8864,#13854,#13856,.T.);
#13854 = VERTEX_POINT('',#13855);
#13855 = CARTESIAN_POINT('',(-0.16,-2.38,8.54));
#13856 = LINE('',#13857,#13858);
#13857 = CARTESIAN_POINT('',(-0.16,-2.38,8.54));
#13858 = VECTOR('',#13859,1.);
#13859 = DIRECTION('',(0.57735026919,-0.57735026919,0.57735026919));
#13860 = ORIENTED_EDGE('',*,*,#8871,.T.);
#13861 = ORIENTED_EDGE('',*,*,#13831,.T.);
#13862 = ORIENTED_EDGE('',*,*,#13863,.F.);
#13863 = EDGE_CURVE('',#13854,#13832,#13864,.T.);
#13864 = LINE('',#13865,#13866);
#13865 = CARTESIAN_POINT('',(-0.32,-2.38,8.54));
#13866 = VECTOR('',#13867,1.);
#13867 = DIRECTION('',(1.,0.,0.));
#13868 = PLANE('',#13869);
#13869 = AXIS2_PLACEMENT_3D('',#13870,#13871,#13872);
#13870 = CARTESIAN_POINT('',(-0.32,-2.3,8.46));
#13871 = DIRECTION('',(1.735167508357E-18,0.707106781187,0.707106781187)
  );
#13872 = DIRECTION('',(-1.,1.226948711654E-18,1.226948711654E-18));
#13873 = ADVANCED_FACE('',(#13874),#13885,.F.);
#13874 = FACE_BOUND('',#13875,.F.);
#13875 = EDGE_LOOP('',(#13876,#13877,#13878,#13879));
#13876 = ORIENTED_EDGE('',*,*,#13798,.F.);
#13877 = ORIENTED_EDGE('',*,*,#8888,.T.);
#13878 = ORIENTED_EDGE('',*,*,#13853,.T.);
#13879 = ORIENTED_EDGE('',*,*,#13880,.F.);
#13880 = EDGE_CURVE('',#13799,#13854,#13881,.T.);
#13881 = LINE('',#13882,#13883);
#13882 = CARTESIAN_POINT('',(-0.16,-2.86,8.54));
#13883 = VECTOR('',#13884,1.);
#13884 = DIRECTION('',(0.,1.,0.));
#13885 = PLANE('',#13886);
#13886 = AXIS2_PLACEMENT_3D('',#13887,#13888,#13889);
#13887 = CARTESIAN_POINT('',(-0.24,-2.86,8.46));
#13888 = DIRECTION('',(0.707106781187,1.735167508357E-18,-0.707106781187
    ));
#13889 = DIRECTION('',(-1.226948711654E-18,1.,1.226948711654E-18));
#13890 = ADVANCED_FACE('',(#13891),#13916,.T.);
#13891 = FACE_BOUND('',#13892,.T.);
#13892 = EDGE_LOOP('',(#13893,#13901,#13902,#13910));
#13893 = ORIENTED_EDGE('',*,*,#13894,.F.);
#13894 = EDGE_CURVE('',#8903,#13895,#13897,.T.);
#13895 = VERTEX_POINT('',#13896);
#13896 = CARTESIAN_POINT('',(0.16,-5.24,8.54));
#13897 = LINE('',#13898,#13899);
#13898 = CARTESIAN_POINT('',(0.16,-5.24,8.54));
#13899 = VECTOR('',#13900,1.);
#13900 = DIRECTION('',(-0.57735026919,0.57735026919,0.57735026919));
#13901 = ORIENTED_EDGE('',*,*,#8919,.T.);
#13902 = ORIENTED_EDGE('',*,*,#13903,.T.);
#13903 = EDGE_CURVE('',#8912,#13904,#13906,.T.);
#13904 = VERTEX_POINT('',#13905);
#13905 = CARTESIAN_POINT('',(0.16,-4.92,8.54));
#13906 = LINE('',#13907,#13908);
#13907 = CARTESIAN_POINT('',(5.333333333333E-02,-5.026666666667,
    8.646666666667));
#13908 = VECTOR('',#13909,1.);
#13909 = DIRECTION('',(-0.57735026919,-0.57735026919,0.57735026919));
#13910 = ORIENTED_EDGE('',*,*,#13911,.F.);
#13911 = EDGE_CURVE('',#13895,#13904,#13912,.T.);
#13912 = LINE('',#13913,#13914);
#13913 = CARTESIAN_POINT('',(0.16,-5.4,8.54));
#13914 = VECTOR('',#13915,1.);
#13915 = DIRECTION('',(0.,1.,0.));
#13916 = PLANE('',#13917);
#13917 = AXIS2_PLACEMENT_3D('',#13918,#13919,#13920);
#13918 = CARTESIAN_POINT('',(0.24,-5.4,8.46));
#13919 = DIRECTION('',(0.707106781187,-1.735167508357E-18,0.707106781187
    ));
#13920 = DIRECTION('',(1.226948711654E-18,1.,1.226948711654E-18));
#13921 = ADVANCED_FACE('',(#13922),#13940,.T.);
#13922 = FACE_BOUND('',#13923,.F.);
#13923 = EDGE_LOOP('',(#13924,#13932,#13933,#13934));
#13924 = ORIENTED_EDGE('',*,*,#13925,.F.);
#13925 = EDGE_CURVE('',#8936,#13926,#13928,.T.);
#13926 = VERTEX_POINT('',#13927);
#13927 = CARTESIAN_POINT('',(-0.16,-4.92,8.54));
#13928 = LINE('',#13929,#13930);
#13929 = CARTESIAN_POINT('',(-0.16,-4.92,8.54));
#13930 = VECTOR('',#13931,1.);
#13931 = DIRECTION('',(0.57735026919,-0.57735026919,0.57735026919));
#13932 = ORIENTED_EDGE('',*,*,#8943,.T.);
#13933 = ORIENTED_EDGE('',*,*,#13903,.T.);
#13934 = ORIENTED_EDGE('',*,*,#13935,.F.);
#13935 = EDGE_CURVE('',#13926,#13904,#13936,.T.);
#13936 = LINE('',#13937,#13938);
#13937 = CARTESIAN_POINT('',(-0.32,-4.92,8.54));
#13938 = VECTOR('',#13939,1.);
#13939 = DIRECTION('',(1.,0.,0.));
#13940 = PLANE('',#13941);
#13941 = AXIS2_PLACEMENT_3D('',#13942,#13943,#13944);
#13942 = CARTESIAN_POINT('',(-0.32,-4.84,8.46));
#13943 = DIRECTION('',(1.735167508357E-18,0.707106781187,0.707106781187)
  );
#13944 = DIRECTION('',(-1.,1.226948711654E-18,1.226948711654E-18));
#13945 = ADVANCED_FACE('',(#13946),#13964,.F.);
#13946 = FACE_BOUND('',#13947,.F.);
#13947 = EDGE_LOOP('',(#13948,#13956,#13957,#13958));
#13948 = ORIENTED_EDGE('',*,*,#13949,.F.);
#13949 = EDGE_CURVE('',#8958,#13950,#13952,.T.);
#13950 = VERTEX_POINT('',#13951);
#13951 = CARTESIAN_POINT('',(-0.16,-5.24,8.54));
#13952 = LINE('',#13953,#13954);
#13953 = CARTESIAN_POINT('',(-0.266666666667,-5.346666666667,
    8.433333333333));
#13954 = VECTOR('',#13955,1.);
#13955 = DIRECTION('',(0.57735026919,0.57735026919,0.57735026919));
#13956 = ORIENTED_EDGE('',*,*,#8967,.T.);
#13957 = ORIENTED_EDGE('',*,*,#13925,.T.);
#13958 = ORIENTED_EDGE('',*,*,#13959,.F.);
#13959 = EDGE_CURVE('',#13950,#13926,#13960,.T.);
#13960 = LINE('',#13961,#13962);
#13961 = CARTESIAN_POINT('',(-0.16,-5.4,8.54));
#13962 = VECTOR('',#13963,1.);
#13963 = DIRECTION('',(0.,1.,0.));
#13964 = PLANE('',#13965);
#13965 = AXIS2_PLACEMENT_3D('',#13966,#13967,#13968);
#13966 = CARTESIAN_POINT('',(-0.24,-5.4,8.46));
#13967 = DIRECTION('',(0.707106781187,1.735167508357E-18,-0.707106781187
    ));
#13968 = DIRECTION('',(-1.226948711654E-18,1.,1.226948711654E-18));
#13969 = ADVANCED_FACE('',(#13970),#13981,.F.);
#13970 = FACE_BOUND('',#13971,.T.);
#13971 = EDGE_LOOP('',(#13972,#13973,#13974,#13975));
#13972 = ORIENTED_EDGE('',*,*,#13949,.F.);
#13973 = ORIENTED_EDGE('',*,*,#8984,.T.);
#13974 = ORIENTED_EDGE('',*,*,#13894,.T.);
#13975 = ORIENTED_EDGE('',*,*,#13976,.F.);
#13976 = EDGE_CURVE('',#13950,#13895,#13977,.T.);
#13977 = LINE('',#13978,#13979);
#13978 = CARTESIAN_POINT('',(-0.32,-5.24,8.54));
#13979 = VECTOR('',#13980,1.);
#13980 = DIRECTION('',(1.,0.,0.));
#13981 = PLANE('',#13982);
#13982 = AXIS2_PLACEMENT_3D('',#13983,#13984,#13985);
#13983 = CARTESIAN_POINT('',(-0.32,-5.32,8.46));
#13984 = DIRECTION('',(-1.735167508357E-18,0.707106781187,
    -0.707106781187));
#13985 = DIRECTION('',(-1.,-1.226948711654E-18,1.226948711654E-18));
#13986 = ADVANCED_FACE('',(#13987),#14012,.F.);
#13987 = FACE_BOUND('',#13988,.T.);
#13988 = EDGE_LOOP('',(#13989,#13997,#13998,#14006));
#13989 = ORIENTED_EDGE('',*,*,#13990,.F.);
#13990 = EDGE_CURVE('',#9008,#13991,#13993,.T.);
#13991 = VERTEX_POINT('',#13992);
#13992 = CARTESIAN_POINT('',(2.38,-5.24,8.54));
#13993 = LINE('',#13994,#13995);
#13994 = CARTESIAN_POINT('',(2.273333333333,-5.346666666667,
    8.433333333333));
#13995 = VECTOR('',#13996,1.);
#13996 = DIRECTION('',(0.57735026919,0.57735026919,0.57735026919));
#13997 = ORIENTED_EDGE('',*,*,#9015,.T.);
#13998 = ORIENTED_EDGE('',*,*,#13999,.T.);
#13999 = EDGE_CURVE('',#8999,#14000,#14002,.T.);
#14000 = VERTEX_POINT('',#14001);
#14001 = CARTESIAN_POINT('',(2.7,-5.24,8.54));
#14002 = LINE('',#14003,#14004);
#14003 = CARTESIAN_POINT('',(2.7,-5.24,8.54));
#14004 = VECTOR('',#14005,1.);
#14005 = DIRECTION('',(-0.57735026919,0.57735026919,0.57735026919));
#14006 = ORIENTED_EDGE('',*,*,#14007,.F.);
#14007 = EDGE_CURVE('',#13991,#14000,#14008,.T.);
#14008 = LINE('',#14009,#14010);
#14009 = CARTESIAN_POINT('',(2.22,-5.24,8.54));
#14010 = VECTOR('',#14011,1.);
#14011 = DIRECTION('',(1.,0.,0.));
#14012 = PLANE('',#14013);
#14013 = AXIS2_PLACEMENT_3D('',#14014,#14015,#14016);
#14014 = CARTESIAN_POINT('',(2.22,-5.32,8.46));
#14015 = DIRECTION('',(-1.735167508357E-18,0.707106781187,
    -0.707106781187));
#14016 = DIRECTION('',(-1.,-1.226948711654E-18,1.226948711654E-18));
#14017 = ADVANCED_FACE('',(#14018),#14036,.T.);
#14018 = FACE_BOUND('',#14019,.T.);
#14019 = EDGE_LOOP('',(#14020,#14021,#14022,#14030));
#14020 = ORIENTED_EDGE('',*,*,#13999,.F.);
#14021 = ORIENTED_EDGE('',*,*,#9039,.T.);
#14022 = ORIENTED_EDGE('',*,*,#14023,.T.);
#14023 = EDGE_CURVE('',#9032,#14024,#14026,.T.);
#14024 = VERTEX_POINT('',#14025);
#14025 = CARTESIAN_POINT('',(2.7,-4.92,8.54));
#14026 = LINE('',#14027,#14028);
#14027 = CARTESIAN_POINT('',(2.593333333333,-5.026666666667,
    8.646666666667));
#14028 = VECTOR('',#14029,1.);
#14029 = DIRECTION('',(-0.57735026919,-0.57735026919,0.57735026919));
#14030 = ORIENTED_EDGE('',*,*,#14031,.F.);
#14031 = EDGE_CURVE('',#14000,#14024,#14032,.T.);
#14032 = LINE('',#14033,#14034);
#14033 = CARTESIAN_POINT('',(2.7,-5.4,8.54));
#14034 = VECTOR('',#14035,1.);
#14035 = DIRECTION('',(0.,1.,0.));
#14036 = PLANE('',#14037);
#14037 = AXIS2_PLACEMENT_3D('',#14038,#14039,#14040);
#14038 = CARTESIAN_POINT('',(2.78,-5.4,8.46));
#14039 = DIRECTION('',(0.707106781187,-1.735167508357E-18,0.707106781187
    ));
#14040 = DIRECTION('',(1.226948711654E-18,1.,1.226948711654E-18));
#14041 = ADVANCED_FACE('',(#14042),#14060,.T.);
#14042 = FACE_BOUND('',#14043,.F.);
#14043 = EDGE_LOOP('',(#14044,#14052,#14053,#14054));
#14044 = ORIENTED_EDGE('',*,*,#14045,.F.);
#14045 = EDGE_CURVE('',#9056,#14046,#14048,.T.);
#14046 = VERTEX_POINT('',#14047);
#14047 = CARTESIAN_POINT('',(2.38,-4.92,8.54));
#14048 = LINE('',#14049,#14050);
#14049 = CARTESIAN_POINT('',(2.38,-4.92,8.54));
#14050 = VECTOR('',#14051,1.);
#14051 = DIRECTION('',(0.57735026919,-0.57735026919,0.57735026919));
#14052 = ORIENTED_EDGE('',*,*,#9063,.T.);
#14053 = ORIENTED_EDGE('',*,*,#14023,.T.);
#14054 = ORIENTED_EDGE('',*,*,#14055,.F.);
#14055 = EDGE_CURVE('',#14046,#14024,#14056,.T.);
#14056 = LINE('',#14057,#14058);
#14057 = CARTESIAN_POINT('',(2.22,-4.92,8.54));
#14058 = VECTOR('',#14059,1.);
#14059 = DIRECTION('',(1.,0.,0.));
#14060 = PLANE('',#14061);
#14061 = AXIS2_PLACEMENT_3D('',#14062,#14063,#14064);
#14062 = CARTESIAN_POINT('',(2.22,-4.84,8.46));
#14063 = DIRECTION('',(1.735167508357E-18,0.707106781187,0.707106781187)
  );
#14064 = DIRECTION('',(-1.,1.226948711654E-18,1.226948711654E-18));
#14065 = ADVANCED_FACE('',(#14066),#14077,.F.);
#14066 = FACE_BOUND('',#14067,.F.);
#14067 = EDGE_LOOP('',(#14068,#14069,#14070,#14071));
#14068 = ORIENTED_EDGE('',*,*,#13990,.F.);
#14069 = ORIENTED_EDGE('',*,*,#9080,.T.);
#14070 = ORIENTED_EDGE('',*,*,#14045,.T.);
#14071 = ORIENTED_EDGE('',*,*,#14072,.F.);
#14072 = EDGE_CURVE('',#13991,#14046,#14073,.T.);
#14073 = LINE('',#14074,#14075);
#14074 = CARTESIAN_POINT('',(2.38,-5.4,8.54));
#14075 = VECTOR('',#14076,1.);
#14076 = DIRECTION('',(0.,1.,0.));
#14077 = PLANE('',#14078);
#14078 = AXIS2_PLACEMENT_3D('',#14079,#14080,#14081);
#14079 = CARTESIAN_POINT('',(2.3,-5.4,8.46));
#14080 = DIRECTION('',(0.707106781187,1.735167508357E-18,-0.707106781187
    ));
#14081 = DIRECTION('',(-1.226948711654E-18,1.,1.226948711654E-18));
#14082 = ADVANCED_FACE('',(#14083),#14108,.T.);
#14083 = FACE_BOUND('',#14084,.T.);
#14084 = EDGE_LOOP('',(#14085,#14093,#14094,#14102));
#14085 = ORIENTED_EDGE('',*,*,#14086,.F.);
#14086 = EDGE_CURVE('',#9095,#14087,#14089,.T.);
#14087 = VERTEX_POINT('',#14088);
#14088 = CARTESIAN_POINT('',(0.16,-7.78,8.54));
#14089 = LINE('',#14090,#14091);
#14090 = CARTESIAN_POINT('',(0.16,-7.78,8.54));
#14091 = VECTOR('',#14092,1.);
#14092 = DIRECTION('',(-0.57735026919,0.57735026919,0.57735026919));
#14093 = ORIENTED_EDGE('',*,*,#9111,.T.);
#14094 = ORIENTED_EDGE('',*,*,#14095,.T.);
#14095 = EDGE_CURVE('',#9104,#14096,#14098,.T.);
#14096 = VERTEX_POINT('',#14097);
#14097 = CARTESIAN_POINT('',(0.16,-7.46,8.54));
#14098 = LINE('',#14099,#14100);
#14099 = CARTESIAN_POINT('',(5.333333333333E-02,-7.566666666667,
    8.646666666667));
#14100 = VECTOR('',#14101,1.);
#14101 = DIRECTION('',(-0.57735026919,-0.57735026919,0.57735026919));
#14102 = ORIENTED_EDGE('',*,*,#14103,.F.);
#14103 = EDGE_CURVE('',#14087,#14096,#14104,.T.);
#14104 = LINE('',#14105,#14106);
#14105 = CARTESIAN_POINT('',(0.16,-7.94,8.54));
#14106 = VECTOR('',#14107,1.);
#14107 = DIRECTION('',(0.,1.,0.));
#14108 = PLANE('',#14109);
#14109 = AXIS2_PLACEMENT_3D('',#14110,#14111,#14112);
#14110 = CARTESIAN_POINT('',(0.24,-7.94,8.46));
#14111 = DIRECTION('',(0.707106781187,-1.735167508357E-18,0.707106781187
    ));
#14112 = DIRECTION('',(1.226948711654E-18,1.,1.226948711654E-18));
#14113 = ADVANCED_FACE('',(#14114),#14132,.T.);
#14114 = FACE_BOUND('',#14115,.F.);
#14115 = EDGE_LOOP('',(#14116,#14124,#14125,#14126));
#14116 = ORIENTED_EDGE('',*,*,#14117,.F.);
#14117 = EDGE_CURVE('',#9128,#14118,#14120,.T.);
#14118 = VERTEX_POINT('',#14119);
#14119 = CARTESIAN_POINT('',(-0.16,-7.46,8.54));
#14120 = LINE('',#14121,#14122);
#14121 = CARTESIAN_POINT('',(-0.16,-7.46,8.54));
#14122 = VECTOR('',#14123,1.);
#14123 = DIRECTION('',(0.57735026919,-0.57735026919,0.57735026919));
#14124 = ORIENTED_EDGE('',*,*,#9135,.T.);
#14125 = ORIENTED_EDGE('',*,*,#14095,.T.);
#14126 = ORIENTED_EDGE('',*,*,#14127,.F.);
#14127 = EDGE_CURVE('',#14118,#14096,#14128,.T.);
#14128 = LINE('',#14129,#14130);
#14129 = CARTESIAN_POINT('',(-0.32,-7.46,8.54));
#14130 = VECTOR('',#14131,1.);
#14131 = DIRECTION('',(1.,0.,0.));
#14132 = PLANE('',#14133);
#14133 = AXIS2_PLACEMENT_3D('',#14134,#14135,#14136);
#14134 = CARTESIAN_POINT('',(-0.32,-7.38,8.46));
#14135 = DIRECTION('',(1.735167508357E-18,0.707106781187,0.707106781187)
  );
#14136 = DIRECTION('',(-1.,1.226948711654E-18,1.226948711654E-18));
#14137 = ADVANCED_FACE('',(#14138),#14156,.F.);
#14138 = FACE_BOUND('',#14139,.F.);
#14139 = EDGE_LOOP('',(#14140,#14148,#14149,#14150));
#14140 = ORIENTED_EDGE('',*,*,#14141,.F.);
#14141 = EDGE_CURVE('',#9150,#14142,#14144,.T.);
#14142 = VERTEX_POINT('',#14143);
#14143 = CARTESIAN_POINT('',(-0.16,-7.78,8.54));
#14144 = LINE('',#14145,#14146);
#14145 = CARTESIAN_POINT('',(-0.266666666667,-7.886666666667,
    8.433333333333));
#14146 = VECTOR('',#14147,1.);
#14147 = DIRECTION('',(0.57735026919,0.57735026919,0.57735026919));
#14148 = ORIENTED_EDGE('',*,*,#9159,.T.);
#14149 = ORIENTED_EDGE('',*,*,#14117,.T.);
#14150 = ORIENTED_EDGE('',*,*,#14151,.F.);
#14151 = EDGE_CURVE('',#14142,#14118,#14152,.T.);
#14152 = LINE('',#14153,#14154);
#14153 = CARTESIAN_POINT('',(-0.16,-7.94,8.54));
#14154 = VECTOR('',#14155,1.);
#14155 = DIRECTION('',(0.,1.,0.));
#14156 = PLANE('',#14157);
#14157 = AXIS2_PLACEMENT_3D('',#14158,#14159,#14160);
#14158 = CARTESIAN_POINT('',(-0.24,-7.94,8.46));
#14159 = DIRECTION('',(0.707106781187,1.735167508357E-18,-0.707106781187
    ));
#14160 = DIRECTION('',(-1.226948711654E-18,1.,1.226948711654E-18));
#14161 = ADVANCED_FACE('',(#14162),#14173,.F.);
#14162 = FACE_BOUND('',#14163,.T.);
#14163 = EDGE_LOOP('',(#14164,#14165,#14166,#14167));
#14164 = ORIENTED_EDGE('',*,*,#14141,.F.);
#14165 = ORIENTED_EDGE('',*,*,#9176,.T.);
#14166 = ORIENTED_EDGE('',*,*,#14086,.T.);
#14167 = ORIENTED_EDGE('',*,*,#14168,.F.);
#14168 = EDGE_CURVE('',#14142,#14087,#14169,.T.);
#14169 = LINE('',#14170,#14171);
#14170 = CARTESIAN_POINT('',(-0.32,-7.78,8.54));
#14171 = VECTOR('',#14172,1.);
#14172 = DIRECTION('',(1.,0.,0.));
#14173 = PLANE('',#14174);
#14174 = AXIS2_PLACEMENT_3D('',#14175,#14176,#14177);
#14175 = CARTESIAN_POINT('',(-0.32,-7.86,8.46));
#14176 = DIRECTION('',(-1.735167508357E-18,0.707106781187,
    -0.707106781187));
#14177 = DIRECTION('',(-1.,-1.226948711654E-18,1.226948711654E-18));
#14178 = ADVANCED_FACE('',(#14179),#14204,.T.);
#14179 = FACE_BOUND('',#14180,.T.);
#14180 = EDGE_LOOP('',(#14181,#14189,#14190,#14198));
#14181 = ORIENTED_EDGE('',*,*,#14182,.F.);
#14182 = EDGE_CURVE('',#9191,#14183,#14185,.T.);
#14183 = VERTEX_POINT('',#14184);
#14184 = CARTESIAN_POINT('',(2.7,-7.78,8.54));
#14185 = LINE('',#14186,#14187);
#14186 = CARTESIAN_POINT('',(2.7,-7.78,8.54));
#14187 = VECTOR('',#14188,1.);
#14188 = DIRECTION('',(-0.57735026919,0.57735026919,0.57735026919));
#14189 = ORIENTED_EDGE('',*,*,#9207,.T.);
#14190 = ORIENTED_EDGE('',*,*,#14191,.T.);
#14191 = EDGE_CURVE('',#9200,#14192,#14194,.T.);
#14192 = VERTEX_POINT('',#14193);
#14193 = CARTESIAN_POINT('',(2.7,-7.46,8.54));
#14194 = LINE('',#14195,#14196);
#14195 = CARTESIAN_POINT('',(2.593333333333,-7.566666666667,
    8.646666666667));
#14196 = VECTOR('',#14197,1.);
#14197 = DIRECTION('',(-0.57735026919,-0.57735026919,0.57735026919));
#14198 = ORIENTED_EDGE('',*,*,#14199,.F.);
#14199 = EDGE_CURVE('',#14183,#14192,#14200,.T.);
#14200 = LINE('',#14201,#14202);
#14201 = CARTESIAN_POINT('',(2.7,-7.94,8.54));
#14202 = VECTOR('',#14203,1.);
#14203 = DIRECTION('',(0.,1.,0.));
#14204 = PLANE('',#14205);
#14205 = AXIS2_PLACEMENT_3D('',#14206,#14207,#14208);
#14206 = CARTESIAN_POINT('',(2.78,-7.94,8.46));
#14207 = DIRECTION('',(0.707106781187,-1.735167508357E-18,0.707106781187
    ));
#14208 = DIRECTION('',(1.226948711654E-18,1.,1.226948711654E-18));
#14209 = ADVANCED_FACE('',(#14210),#14228,.T.);
#14210 = FACE_BOUND('',#14211,.F.);
#14211 = EDGE_LOOP('',(#14212,#14220,#14221,#14222));
#14212 = ORIENTED_EDGE('',*,*,#14213,.F.);
#14213 = EDGE_CURVE('',#9224,#14214,#14216,.T.);
#14214 = VERTEX_POINT('',#14215);
#14215 = CARTESIAN_POINT('',(2.38,-7.46,8.54));
#14216 = LINE('',#14217,#14218);
#14217 = CARTESIAN_POINT('',(2.38,-7.46,8.54));
#14218 = VECTOR('',#14219,1.);
#14219 = DIRECTION('',(0.57735026919,-0.57735026919,0.57735026919));
#14220 = ORIENTED_EDGE('',*,*,#9231,.T.);
#14221 = ORIENTED_EDGE('',*,*,#14191,.T.);
#14222 = ORIENTED_EDGE('',*,*,#14223,.F.);
#14223 = EDGE_CURVE('',#14214,#14192,#14224,.T.);
#14224 = LINE('',#14225,#14226);
#14225 = CARTESIAN_POINT('',(2.22,-7.46,8.54));
#14226 = VECTOR('',#14227,1.);
#14227 = DIRECTION('',(1.,0.,0.));
#14228 = PLANE('',#14229);
#14229 = AXIS2_PLACEMENT_3D('',#14230,#14231,#14232);
#14230 = CARTESIAN_POINT('',(2.22,-7.38,8.46));
#14231 = DIRECTION('',(1.735167508357E-18,0.707106781187,0.707106781187)
  );
#14232 = DIRECTION('',(-1.,1.226948711654E-18,1.226948711654E-18));
#14233 = ADVANCED_FACE('',(#14234),#14252,.F.);
#14234 = FACE_BOUND('',#14235,.F.);
#14235 = EDGE_LOOP('',(#14236,#14244,#14245,#14246));
#14236 = ORIENTED_EDGE('',*,*,#14237,.F.);
#14237 = EDGE_CURVE('',#9246,#14238,#14240,.T.);
#14238 = VERTEX_POINT('',#14239);
#14239 = CARTESIAN_POINT('',(2.38,-7.78,8.54));
#14240 = LINE('',#14241,#14242);
#14241 = CARTESIAN_POINT('',(2.273333333333,-7.886666666667,
    8.433333333333));
#14242 = VECTOR('',#14243,1.);
#14243 = DIRECTION('',(0.57735026919,0.57735026919,0.57735026919));
#14244 = ORIENTED_EDGE('',*,*,#9255,.T.);
#14245 = ORIENTED_EDGE('',*,*,#14213,.T.);
#14246 = ORIENTED_EDGE('',*,*,#14247,.F.);
#14247 = EDGE_CURVE('',#14238,#14214,#14248,.T.);
#14248 = LINE('',#14249,#14250);
#14249 = CARTESIAN_POINT('',(2.38,-7.94,8.54));
#14250 = VECTOR('',#14251,1.);
#14251 = DIRECTION('',(0.,1.,0.));
#14252 = PLANE('',#14253);
#14253 = AXIS2_PLACEMENT_3D('',#14254,#14255,#14256);
#14254 = CARTESIAN_POINT('',(2.3,-7.94,8.46));
#14255 = DIRECTION('',(0.707106781187,1.735167508357E-18,-0.707106781187
    ));
#14256 = DIRECTION('',(-1.226948711654E-18,1.,1.226948711654E-18));
#14257 = ADVANCED_FACE('',(#14258),#14269,.F.);
#14258 = FACE_BOUND('',#14259,.T.);
#14259 = EDGE_LOOP('',(#14260,#14261,#14262,#14263));
#14260 = ORIENTED_EDGE('',*,*,#14237,.F.);
#14261 = ORIENTED_EDGE('',*,*,#9272,.T.);
#14262 = ORIENTED_EDGE('',*,*,#14182,.T.);
#14263 = ORIENTED_EDGE('',*,*,#14264,.F.);
#14264 = EDGE_CURVE('',#14238,#14183,#14265,.T.);
#14265 = LINE('',#14266,#14267);
#14266 = CARTESIAN_POINT('',(2.22,-7.78,8.54));
#14267 = VECTOR('',#14268,1.);
#14268 = DIRECTION('',(1.,0.,0.));
#14269 = PLANE('',#14270);
#14270 = AXIS2_PLACEMENT_3D('',#14271,#14272,#14273);
#14271 = CARTESIAN_POINT('',(2.22,-7.86,8.46));
#14272 = DIRECTION('',(-1.735167508357E-18,0.707106781187,
    -0.707106781187));
#14273 = DIRECTION('',(-1.,-1.226948711654E-18,1.226948711654E-18));
#14274 = ADVANCED_FACE('',(#14275),#14300,.T.);
#14275 = FACE_BOUND('',#14276,.F.);
#14276 = EDGE_LOOP('',(#14277,#14285,#14286,#14294));
#14277 = ORIENTED_EDGE('',*,*,#14278,.F.);
#14278 = EDGE_CURVE('',#9296,#14279,#14281,.T.);
#14279 = VERTEX_POINT('',#14280);
#14280 = CARTESIAN_POINT('',(-0.16,0.16,8.54));
#14281 = LINE('',#14282,#14283);
#14282 = CARTESIAN_POINT('',(-0.16,0.16,8.54));
#14283 = VECTOR('',#14284,1.);
#14284 = DIRECTION('',(0.57735026919,-0.57735026919,0.57735026919));
#14285 = ORIENTED_EDGE('',*,*,#9303,.T.);
#14286 = ORIENTED_EDGE('',*,*,#14287,.T.);
#14287 = EDGE_CURVE('',#9287,#14288,#14290,.T.);
#14288 = VERTEX_POINT('',#14289);
#14289 = CARTESIAN_POINT('',(0.16,0.16,8.54));
#14290 = LINE('',#14291,#14292);
#14291 = CARTESIAN_POINT('',(5.333333333333E-02,5.333333333333E-02,
    8.646666666667));
#14292 = VECTOR('',#14293,1.);
#14293 = DIRECTION('',(-0.57735026919,-0.57735026919,0.57735026919));
#14294 = ORIENTED_EDGE('',*,*,#14295,.F.);
#14295 = EDGE_CURVE('',#14279,#14288,#14296,.T.);
#14296 = LINE('',#14297,#14298);
#14297 = CARTESIAN_POINT('',(-0.32,0.16,8.54));
#14298 = VECTOR('',#14299,1.);
#14299 = DIRECTION('',(1.,0.,0.));
#14300 = PLANE('',#14301);
#14301 = AXIS2_PLACEMENT_3D('',#14302,#14303,#14304);
#14302 = CARTESIAN_POINT('',(-0.32,0.24,8.46));
#14303 = DIRECTION('',(1.735167508357E-18,0.707106781187,0.707106781187)
  );
#14304 = DIRECTION('',(-1.,1.226948711654E-18,1.226948711654E-18));
#14305 = ADVANCED_FACE('',(#14306),#14324,.F.);
#14306 = FACE_BOUND('',#14307,.F.);
#14307 = EDGE_LOOP('',(#14308,#14316,#14317,#14318));
#14308 = ORIENTED_EDGE('',*,*,#14309,.F.);
#14309 = EDGE_CURVE('',#9318,#14310,#14312,.T.);
#14310 = VERTEX_POINT('',#14311);
#14311 = CARTESIAN_POINT('',(-0.16,-0.16,8.54));
#14312 = LINE('',#14313,#14314);
#14313 = CARTESIAN_POINT('',(-0.266666666667,-0.266666666667,
    8.433333333333));
#14314 = VECTOR('',#14315,1.);
#14315 = DIRECTION('',(0.57735026919,0.57735026919,0.57735026919));
#14316 = ORIENTED_EDGE('',*,*,#9327,.T.);
#14317 = ORIENTED_EDGE('',*,*,#14278,.T.);
#14318 = ORIENTED_EDGE('',*,*,#14319,.F.);
#14319 = EDGE_CURVE('',#14310,#14279,#14320,.T.);
#14320 = LINE('',#14321,#14322);
#14321 = CARTESIAN_POINT('',(-0.16,-0.32,8.54));
#14322 = VECTOR('',#14323,1.);
#14323 = DIRECTION('',(0.,1.,0.));
#14324 = PLANE('',#14325);
#14325 = AXIS2_PLACEMENT_3D('',#14326,#14327,#14328);
#14326 = CARTESIAN_POINT('',(-0.24,-0.32,8.46));
#14327 = DIRECTION('',(0.707106781187,1.735167508357E-18,-0.707106781187
    ));
#14328 = DIRECTION('',(-1.226948711654E-18,1.,1.226948711654E-18));
#14329 = ADVANCED_FACE('',(#14330),#14348,.F.);
#14330 = FACE_BOUND('',#14331,.T.);
#14331 = EDGE_LOOP('',(#14332,#14333,#14334,#14342));
#14332 = ORIENTED_EDGE('',*,*,#14309,.F.);
#14333 = ORIENTED_EDGE('',*,*,#9351,.T.);
#14334 = ORIENTED_EDGE('',*,*,#14335,.T.);
#14335 = EDGE_CURVE('',#9342,#14336,#14338,.T.);
#14336 = VERTEX_POINT('',#14337);
#14337 = CARTESIAN_POINT('',(0.16,-0.16,8.54));
#14338 = LINE('',#14339,#14340);
#14339 = CARTESIAN_POINT('',(0.16,-0.16,8.54));
#14340 = VECTOR('',#14341,1.);
#14341 = DIRECTION('',(-0.57735026919,0.57735026919,0.57735026919));
#14342 = ORIENTED_EDGE('',*,*,#14343,.F.);
#14343 = EDGE_CURVE('',#14310,#14336,#14344,.T.);
#14344 = LINE('',#14345,#14346);
#14345 = CARTESIAN_POINT('',(-0.32,-0.16,8.54));
#14346 = VECTOR('',#14347,1.);
#14347 = DIRECTION('',(1.,0.,0.));
#14348 = PLANE('',#14349);
#14349 = AXIS2_PLACEMENT_3D('',#14350,#14351,#14352);
#14350 = CARTESIAN_POINT('',(-0.32,-0.24,8.46));
#14351 = DIRECTION('',(-1.735167508357E-18,0.707106781187,
    -0.707106781187));
#14352 = DIRECTION('',(-1.,-1.226948711654E-18,1.226948711654E-18));
#14353 = ADVANCED_FACE('',(#14354),#14365,.T.);
#14354 = FACE_BOUND('',#14355,.T.);
#14355 = EDGE_LOOP('',(#14356,#14357,#14358,#14359));
#14356 = ORIENTED_EDGE('',*,*,#14335,.F.);
#14357 = ORIENTED_EDGE('',*,*,#9368,.T.);
#14358 = ORIENTED_EDGE('',*,*,#14287,.T.);
#14359 = ORIENTED_EDGE('',*,*,#14360,.F.);
#14360 = EDGE_CURVE('',#14336,#14288,#14361,.T.);
#14361 = LINE('',#14362,#14363);
#14362 = CARTESIAN_POINT('',(0.16,-0.32,8.54));
#14363 = VECTOR('',#14364,1.);
#14364 = DIRECTION('',(0.,1.,0.));
#14365 = PLANE('',#14366);
#14366 = AXIS2_PLACEMENT_3D('',#14367,#14368,#14369);
#14367 = CARTESIAN_POINT('',(0.24,-0.32,8.46));
#14368 = DIRECTION('',(0.707106781187,-1.735167508357E-18,0.707106781187
    ));
#14369 = DIRECTION('',(1.226948711654E-18,1.,1.226948711654E-18));
#14370 = ADVANCED_FACE('',(#14371),#14396,.T.);
#14371 = FACE_BOUND('',#14372,.T.);
#14372 = EDGE_LOOP('',(#14373,#14381,#14382,#14390));
#14373 = ORIENTED_EDGE('',*,*,#14374,.F.);
#14374 = EDGE_CURVE('',#9383,#14375,#14377,.T.);
#14375 = VERTEX_POINT('',#14376);
#14376 = CARTESIAN_POINT('',(2.7,-0.16,8.54));
#14377 = LINE('',#14378,#14379);
#14378 = CARTESIAN_POINT('',(2.7,-0.16,8.54));
#14379 = VECTOR('',#14380,1.);
#14380 = DIRECTION('',(-0.57735026919,0.57735026919,0.57735026919));
#14381 = ORIENTED_EDGE('',*,*,#9399,.T.);
#14382 = ORIENTED_EDGE('',*,*,#14383,.T.);
#14383 = EDGE_CURVE('',#9392,#14384,#14386,.T.);
#14384 = VERTEX_POINT('',#14385);
#14385 = CARTESIAN_POINT('',(2.7,0.16,8.54));
#14386 = LINE('',#14387,#14388);
#14387 = CARTESIAN_POINT('',(2.593333333333,5.333333333333E-02,
    8.646666666667));
#14388 = VECTOR('',#14389,1.);
#14389 = DIRECTION('',(-0.57735026919,-0.57735026919,0.57735026919));
#14390 = ORIENTED_EDGE('',*,*,#14391,.F.);
#14391 = EDGE_CURVE('',#14375,#14384,#14392,.T.);
#14392 = LINE('',#14393,#14394);
#14393 = CARTESIAN_POINT('',(2.7,-0.32,8.54));
#14394 = VECTOR('',#14395,1.);
#14395 = DIRECTION('',(0.,1.,0.));
#14396 = PLANE('',#14397);
#14397 = AXIS2_PLACEMENT_3D('',#14398,#14399,#14400);
#14398 = CARTESIAN_POINT('',(2.78,-0.32,8.46));
#14399 = DIRECTION('',(0.707106781187,-1.735167508357E-18,0.707106781187
    ));
#14400 = DIRECTION('',(1.226948711654E-18,1.,1.226948711654E-18));
#14401 = ADVANCED_FACE('',(#14402),#14420,.T.);
#14402 = FACE_BOUND('',#14403,.F.);
#14403 = EDGE_LOOP('',(#14404,#14412,#14413,#14414));
#14404 = ORIENTED_EDGE('',*,*,#14405,.F.);
#14405 = EDGE_CURVE('',#9416,#14406,#14408,.T.);
#14406 = VERTEX_POINT('',#14407);
#14407 = CARTESIAN_POINT('',(2.38,0.16,8.54));
#14408 = LINE('',#14409,#14410);
#14409 = CARTESIAN_POINT('',(2.38,0.16,8.54));
#14410 = VECTOR('',#14411,1.);
#14411 = DIRECTION('',(0.57735026919,-0.57735026919,0.57735026919));
#14412 = ORIENTED_EDGE('',*,*,#9423,.T.);
#14413 = ORIENTED_EDGE('',*,*,#14383,.T.);
#14414 = ORIENTED_EDGE('',*,*,#14415,.F.);
#14415 = EDGE_CURVE('',#14406,#14384,#14416,.T.);
#14416 = LINE('',#14417,#14418);
#14417 = CARTESIAN_POINT('',(2.22,0.16,8.54));
#14418 = VECTOR('',#14419,1.);
#14419 = DIRECTION('',(1.,0.,0.));
#14420 = PLANE('',#14421);
#14421 = AXIS2_PLACEMENT_3D('',#14422,#14423,#14424);
#14422 = CARTESIAN_POINT('',(2.22,0.24,8.46));
#14423 = DIRECTION('',(1.735167508357E-18,0.707106781187,0.707106781187)
  );
#14424 = DIRECTION('',(-1.,1.226948711654E-18,1.226948711654E-18));
#14425 = ADVANCED_FACE('',(#14426),#14444,.F.);
#14426 = FACE_BOUND('',#14427,.F.);
#14427 = EDGE_LOOP('',(#14428,#14436,#14437,#14438));
#14428 = ORIENTED_EDGE('',*,*,#14429,.F.);
#14429 = EDGE_CURVE('',#9438,#14430,#14432,.T.);
#14430 = VERTEX_POINT('',#14431);
#14431 = CARTESIAN_POINT('',(2.38,-0.16,8.54));
#14432 = LINE('',#14433,#14434);
#14433 = CARTESIAN_POINT('',(2.273333333333,-0.266666666667,
    8.433333333333));
#14434 = VECTOR('',#14435,1.);
#14435 = DIRECTION('',(0.57735026919,0.57735026919,0.57735026919));
#14436 = ORIENTED_EDGE('',*,*,#9447,.T.);
#14437 = ORIENTED_EDGE('',*,*,#14405,.T.);
#14438 = ORIENTED_EDGE('',*,*,#14439,.F.);
#14439 = EDGE_CURVE('',#14430,#14406,#14440,.T.);
#14440 = LINE('',#14441,#14442);
#14441 = CARTESIAN_POINT('',(2.38,-0.32,8.54));
#14442 = VECTOR('',#14443,1.);
#14443 = DIRECTION('',(0.,1.,0.));
#14444 = PLANE('',#14445);
#14445 = AXIS2_PLACEMENT_3D('',#14446,#14447,#14448);
#14446 = CARTESIAN_POINT('',(2.3,-0.32,8.46));
#14447 = DIRECTION('',(0.707106781187,1.735167508357E-18,-0.707106781187
    ));
#14448 = DIRECTION('',(-1.226948711654E-18,1.,1.226948711654E-18));
#14449 = ADVANCED_FACE('',(#14450),#14461,.F.);
#14450 = FACE_BOUND('',#14451,.T.);
#14451 = EDGE_LOOP('',(#14452,#14453,#14454,#14455));
#14452 = ORIENTED_EDGE('',*,*,#14429,.F.);
#14453 = ORIENTED_EDGE('',*,*,#9464,.T.);
#14454 = ORIENTED_EDGE('',*,*,#14374,.T.);
#14455 = ORIENTED_EDGE('',*,*,#14456,.F.);
#14456 = EDGE_CURVE('',#14430,#14375,#14457,.T.);
#14457 = LINE('',#14458,#14459);
#14458 = CARTESIAN_POINT('',(2.22,-0.16,8.54));
#14459 = VECTOR('',#14460,1.);
#14460 = DIRECTION('',(1.,0.,0.));
#14461 = PLANE('',#14462);
#14462 = AXIS2_PLACEMENT_3D('',#14463,#14464,#14465);
#14463 = CARTESIAN_POINT('',(2.22,-0.24,8.46));
#14464 = DIRECTION('',(-1.735167508357E-18,0.707106781187,
    -0.707106781187));
#14465 = DIRECTION('',(-1.,-1.226948711654E-18,1.226948711654E-18));
#14466 = ADVANCED_FACE('',(#14467),#14473,.F.);
#14467 = FACE_BOUND('',#14468,.F.);
#14468 = EDGE_LOOP('',(#14469,#14470,#14471,#14472));
#14469 = ORIENTED_EDGE('',*,*,#9543,.F.);
#14470 = ORIENTED_EDGE('',*,*,#9560,.T.);
#14471 = ORIENTED_EDGE('',*,*,#9495,.T.);
#14472 = ORIENTED_EDGE('',*,*,#9519,.F.);
#14473 = PLANE('',#14474);
#14474 = AXIS2_PLACEMENT_3D('',#14475,#14476,#14477);
#14475 = CARTESIAN_POINT('',(2.22,-13.02,-3.));
#14476 = DIRECTION('',(0.,0.,1.));
#14477 = DIRECTION('',(1.,0.,-0.));
#14478 = ADVANCED_FACE('',(#14479),#14485,.F.);
#14479 = FACE_BOUND('',#14480,.F.);
#14480 = EDGE_LOOP('',(#14481,#14482,#14483,#14484));
#14481 = ORIENTED_EDGE('',*,*,#9639,.F.);
#14482 = ORIENTED_EDGE('',*,*,#9656,.T.);
#14483 = ORIENTED_EDGE('',*,*,#9591,.T.);
#14484 = ORIENTED_EDGE('',*,*,#9615,.F.);
#14485 = PLANE('',#14486);
#14486 = AXIS2_PLACEMENT_3D('',#14487,#14488,#14489);
#14487 = CARTESIAN_POINT('',(-0.32,-13.02,-3.));
#14488 = DIRECTION('',(0.,0.,1.));
#14489 = DIRECTION('',(1.,0.,-0.));
#14490 = ADVANCED_FACE('',(#14491),#14497,.F.);
#14491 = FACE_BOUND('',#14492,.F.);
#14492 = EDGE_LOOP('',(#14493,#14494,#14495,#14496));
#14493 = ORIENTED_EDGE('',*,*,#9735,.F.);
#14494 = ORIENTED_EDGE('',*,*,#9752,.T.);
#14495 = ORIENTED_EDGE('',*,*,#9687,.T.);
#14496 = ORIENTED_EDGE('',*,*,#9711,.F.);
#14497 = PLANE('',#14498);
#14498 = AXIS2_PLACEMENT_3D('',#14499,#14500,#14501);
#14499 = CARTESIAN_POINT('',(2.22,-15.56,-3.));
#14500 = DIRECTION('',(0.,0.,1.));
#14501 = DIRECTION('',(1.,0.,-0.));
#14502 = ADVANCED_FACE('',(#14503),#14509,.F.);
#14503 = FACE_BOUND('',#14504,.F.);
#14504 = EDGE_LOOP('',(#14505,#14506,#14507,#14508));
#14505 = ORIENTED_EDGE('',*,*,#9807,.F.);
#14506 = ORIENTED_EDGE('',*,*,#9831,.T.);
#14507 = ORIENTED_EDGE('',*,*,#9848,.T.);
#14508 = ORIENTED_EDGE('',*,*,#9783,.F.);
#14509 = PLANE('',#14510);
#14510 = AXIS2_PLACEMENT_3D('',#14511,#14512,#14513);
#14511 = CARTESIAN_POINT('',(-0.32,-15.56,-3.));
#14512 = DIRECTION('',(0.,0.,1.));
#14513 = DIRECTION('',(1.,0.,-0.));
#14514 = ADVANCED_FACE('',(#14515),#14521,.F.);
#14515 = FACE_BOUND('',#14516,.F.);
#14516 = EDGE_LOOP('',(#14517,#14518,#14519,#14520));
#14517 = ORIENTED_EDGE('',*,*,#9927,.F.);
#14518 = ORIENTED_EDGE('',*,*,#9944,.T.);
#14519 = ORIENTED_EDGE('',*,*,#9879,.T.);
#14520 = ORIENTED_EDGE('',*,*,#9903,.F.);
#14521 = PLANE('',#14522);
#14522 = AXIS2_PLACEMENT_3D('',#14523,#14524,#14525);
#14523 = CARTESIAN_POINT('',(2.22,-18.1,-3.));
#14524 = DIRECTION('',(0.,0.,1.));
#14525 = DIRECTION('',(1.,0.,-0.));
#14526 = ADVANCED_FACE('',(#14527),#14533,.F.);
#14527 = FACE_BOUND('',#14528,.F.);
#14528 = EDGE_LOOP('',(#14529,#14530,#14531,#14532));
#14529 = ORIENTED_EDGE('',*,*,#10023,.F.);
#14530 = ORIENTED_EDGE('',*,*,#10040,.T.);
#14531 = ORIENTED_EDGE('',*,*,#9975,.T.);
#14532 = ORIENTED_EDGE('',*,*,#9999,.F.);
#14533 = PLANE('',#14534);
#14534 = AXIS2_PLACEMENT_3D('',#14535,#14536,#14537);
#14535 = CARTESIAN_POINT('',(-0.32,-18.1,-3.));
#14536 = DIRECTION('',(0.,0.,1.));
#14537 = DIRECTION('',(1.,0.,-0.));
#14538 = ADVANCED_FACE('',(#14539),#14545,.F.);
#14539 = FACE_BOUND('',#14540,.F.);
#14540 = EDGE_LOOP('',(#14541,#14542,#14543,#14544));
#14541 = ORIENTED_EDGE('',*,*,#10136,.F.);
#14542 = ORIENTED_EDGE('',*,*,#10071,.T.);
#14543 = ORIENTED_EDGE('',*,*,#10095,.T.);
#14544 = ORIENTED_EDGE('',*,*,#10119,.F.);
#14545 = PLANE('',#14546);
#14546 = AXIS2_PLACEMENT_3D('',#14547,#14548,#14549);
#14547 = CARTESIAN_POINT('',(2.22,-25.72,-3.));
#14548 = DIRECTION('',(0.,0.,1.));
#14549 = DIRECTION('',(1.,0.,-0.));
#14550 = ADVANCED_FACE('',(#14551),#14557,.F.);
#14551 = FACE_BOUND('',#14552,.F.);
#14552 = EDGE_LOOP('',(#14553,#14554,#14555,#14556));
#14553 = ORIENTED_EDGE('',*,*,#10191,.F.);
#14554 = ORIENTED_EDGE('',*,*,#10215,.T.);
#14555 = ORIENTED_EDGE('',*,*,#10232,.T.);
#14556 = ORIENTED_EDGE('',*,*,#10167,.F.);
#14557 = PLANE('',#14558);
#14558 = AXIS2_PLACEMENT_3D('',#14559,#14560,#14561);
#14559 = CARTESIAN_POINT('',(2.22,-23.18,-3.));
#14560 = DIRECTION('',(0.,0.,1.));
#14561 = DIRECTION('',(1.,0.,-0.));
#14562 = ADVANCED_FACE('',(#14563),#14569,.F.);
#14563 = FACE_BOUND('',#14564,.F.);
#14564 = EDGE_LOOP('',(#14565,#14566,#14567,#14568));
#14565 = ORIENTED_EDGE('',*,*,#10287,.F.);
#14566 = ORIENTED_EDGE('',*,*,#10311,.T.);
#14567 = ORIENTED_EDGE('',*,*,#10328,.T.);
#14568 = ORIENTED_EDGE('',*,*,#10263,.F.);
#14569 = PLANE('',#14570);
#14570 = AXIS2_PLACEMENT_3D('',#14571,#14572,#14573);
#14571 = CARTESIAN_POINT('',(-0.32,-25.72,-3.));
#14572 = DIRECTION('',(0.,0.,1.));
#14573 = DIRECTION('',(1.,0.,-0.));
#14574 = ADVANCED_FACE('',(#14575),#14581,.F.);
#14575 = FACE_BOUND('',#14576,.F.);
#14576 = EDGE_LOOP('',(#14577,#14578,#14579,#14580));
#14577 = ORIENTED_EDGE('',*,*,#10407,.F.);
#14578 = ORIENTED_EDGE('',*,*,#10424,.T.);
#14579 = ORIENTED_EDGE('',*,*,#10359,.T.);
#14580 = ORIENTED_EDGE('',*,*,#10383,.F.);
#14581 = PLANE('',#14582);
#14582 = AXIS2_PLACEMENT_3D('',#14583,#14584,#14585);
#14583 = CARTESIAN_POINT('',(-0.32,-20.64,-3.));
#14584 = DIRECTION('',(0.,0.,1.));
#14585 = DIRECTION('',(1.,0.,-0.));
#14586 = ADVANCED_FACE('',(#14587),#14593,.F.);
#14587 = FACE_BOUND('',#14588,.F.);
#14588 = EDGE_LOOP('',(#14589,#14590,#14591,#14592));
#14589 = ORIENTED_EDGE('',*,*,#10479,.F.);
#14590 = ORIENTED_EDGE('',*,*,#10503,.T.);
#14591 = ORIENTED_EDGE('',*,*,#10520,.T.);
#14592 = ORIENTED_EDGE('',*,*,#10455,.F.);
#14593 = PLANE('',#14594);
#14594 = AXIS2_PLACEMENT_3D('',#14595,#14596,#14597);
#14595 = CARTESIAN_POINT('',(-0.32,-23.18,-3.));
#14596 = DIRECTION('',(0.,0.,1.));
#14597 = DIRECTION('',(1.,0.,-0.));
#14598 = ADVANCED_FACE('',(#14599),#14605,.F.);
#14599 = FACE_BOUND('',#14600,.F.);
#14600 = EDGE_LOOP('',(#14601,#14602,#14603,#14604));
#14601 = ORIENTED_EDGE('',*,*,#10616,.F.);
#14602 = ORIENTED_EDGE('',*,*,#10551,.T.);
#14603 = ORIENTED_EDGE('',*,*,#10575,.T.);
#14604 = ORIENTED_EDGE('',*,*,#10599,.F.);
#14605 = PLANE('',#14606);
#14606 = AXIS2_PLACEMENT_3D('',#14607,#14608,#14609);
#14607 = CARTESIAN_POINT('',(2.22,-20.64,-3.));
#14608 = DIRECTION('',(0.,0.,1.));
#14609 = DIRECTION('',(1.,0.,-0.));
#14610 = ADVANCED_FACE('',(#14611),#14617,.F.);
#14611 = FACE_BOUND('',#14612,.F.);
#14612 = EDGE_LOOP('',(#14613,#14614,#14615,#14616));
#14613 = ORIENTED_EDGE('',*,*,#10712,.F.);
#14614 = ORIENTED_EDGE('',*,*,#10647,.T.);
#14615 = ORIENTED_EDGE('',*,*,#10671,.T.);
#14616 = ORIENTED_EDGE('',*,*,#10695,.F.);
#14617 = PLANE('',#14618);
#14618 = AXIS2_PLACEMENT_3D('',#14619,#14620,#14621);
#14619 = CARTESIAN_POINT('',(2.22,-30.8,-3.));
#14620 = DIRECTION('',(0.,0.,1.));
#14621 = DIRECTION('',(1.,0.,-0.));
#14622 = ADVANCED_FACE('',(#14623),#14629,.F.);
#14623 = FACE_BOUND('',#14624,.F.);
#14624 = EDGE_LOOP('',(#14625,#14626,#14627,#14628));
#14625 = ORIENTED_EDGE('',*,*,#10767,.F.);
#14626 = ORIENTED_EDGE('',*,*,#10791,.T.);
#14627 = ORIENTED_EDGE('',*,*,#10808,.T.);
#14628 = ORIENTED_EDGE('',*,*,#10743,.F.);
#14629 = PLANE('',#14630);
#14630 = AXIS2_PLACEMENT_3D('',#14631,#14632,#14633);
#14631 = CARTESIAN_POINT('',(-0.32,-30.8,-3.));
#14632 = DIRECTION('',(0.,0.,1.));
#14633 = DIRECTION('',(1.,0.,-0.));
#14634 = ADVANCED_FACE('',(#14635),#14641,.F.);
#14635 = FACE_BOUND('',#14636,.F.);
#14636 = EDGE_LOOP('',(#14637,#14638,#14639,#14640));
#14637 = ORIENTED_EDGE('',*,*,#10887,.F.);
#14638 = ORIENTED_EDGE('',*,*,#10904,.T.);
#14639 = ORIENTED_EDGE('',*,*,#10839,.T.);
#14640 = ORIENTED_EDGE('',*,*,#10863,.F.);
#14641 = PLANE('',#14642);
#14642 = AXIS2_PLACEMENT_3D('',#14643,#14644,#14645);
#14643 = CARTESIAN_POINT('',(2.22,-28.26,-3.));
#14644 = DIRECTION('',(0.,0.,1.));
#14645 = DIRECTION('',(1.,0.,-0.));
#14646 = ADVANCED_FACE('',(#14647),#14653,.F.);
#14647 = FACE_BOUND('',#14648,.F.);
#14648 = EDGE_LOOP('',(#14649,#14650,#14651,#14652));
#14649 = ORIENTED_EDGE('',*,*,#10983,.F.);
#14650 = ORIENTED_EDGE('',*,*,#11000,.T.);
#14651 = ORIENTED_EDGE('',*,*,#10935,.T.);
#14652 = ORIENTED_EDGE('',*,*,#10959,.F.);
#14653 = PLANE('',#14654);
#14654 = AXIS2_PLACEMENT_3D('',#14655,#14656,#14657);
#14655 = CARTESIAN_POINT('',(-0.32,-28.26,-3.));
#14656 = DIRECTION('',(0.,0.,1.));
#14657 = DIRECTION('',(1.,0.,-0.));
#14658 = ADVANCED_FACE('',(#14659),#14665,.F.);
#14659 = FACE_BOUND('',#14660,.F.);
#14660 = EDGE_LOOP('',(#14661,#14662,#14663,#14664));
#14661 = ORIENTED_EDGE('',*,*,#11079,.F.);
#14662 = ORIENTED_EDGE('',*,*,#11096,.T.);
#14663 = ORIENTED_EDGE('',*,*,#11031,.T.);
#14664 = ORIENTED_EDGE('',*,*,#11055,.F.);
#14665 = PLANE('',#14666);
#14666 = AXIS2_PLACEMENT_3D('',#14667,#14668,#14669);
#14667 = CARTESIAN_POINT('',(2.22,-10.48,-3.));
#14668 = DIRECTION('',(0.,0.,1.));
#14669 = DIRECTION('',(1.,0.,-0.));
#14670 = ADVANCED_FACE('',(#14671),#14677,.F.);
#14671 = FACE_BOUND('',#14672,.F.);
#14672 = EDGE_LOOP('',(#14673,#14674,#14675,#14676));
#14673 = ORIENTED_EDGE('',*,*,#11175,.F.);
#14674 = ORIENTED_EDGE('',*,*,#11192,.T.);
#14675 = ORIENTED_EDGE('',*,*,#11127,.T.);
#14676 = ORIENTED_EDGE('',*,*,#11151,.F.);
#14677 = PLANE('',#14678);
#14678 = AXIS2_PLACEMENT_3D('',#14679,#14680,#14681);
#14679 = CARTESIAN_POINT('',(-0.32,-10.48,-3.));
#14680 = DIRECTION('',(0.,0.,1.));
#14681 = DIRECTION('',(1.,0.,-0.));
#14682 = ADVANCED_FACE('',(#14683),#14689,.F.);
#14683 = FACE_BOUND('',#14684,.F.);
#14684 = EDGE_LOOP('',(#14685,#14686,#14687,#14688));
#14685 = ORIENTED_EDGE('',*,*,#11271,.F.);
#14686 = ORIENTED_EDGE('',*,*,#11288,.T.);
#14687 = ORIENTED_EDGE('',*,*,#11223,.T.);
#14688 = ORIENTED_EDGE('',*,*,#11247,.F.);
#14689 = PLANE('',#14690);
#14690 = AXIS2_PLACEMENT_3D('',#14691,#14692,#14693);
#14691 = CARTESIAN_POINT('',(2.22,-2.86,-3.));
#14692 = DIRECTION('',(0.,0.,1.));
#14693 = DIRECTION('',(1.,0.,-0.));
#14694 = ADVANCED_FACE('',(#14695),#14701,.F.);
#14695 = FACE_BOUND('',#14696,.F.);
#14696 = EDGE_LOOP('',(#14697,#14698,#14699,#14700));
#14697 = ORIENTED_EDGE('',*,*,#11384,.F.);
#14698 = ORIENTED_EDGE('',*,*,#11319,.T.);
#14699 = ORIENTED_EDGE('',*,*,#11343,.T.);
#14700 = ORIENTED_EDGE('',*,*,#11367,.F.);
#14701 = PLANE('',#14702);
#14702 = AXIS2_PLACEMENT_3D('',#14703,#14704,#14705);
#14703 = CARTESIAN_POINT('',(-0.32,-2.86,-3.));
#14704 = DIRECTION('',(0.,0.,1.));
#14705 = DIRECTION('',(1.,0.,-0.));
#14706 = ADVANCED_FACE('',(#14707),#14713,.F.);
#14707 = FACE_BOUND('',#14708,.F.);
#14708 = EDGE_LOOP('',(#14709,#14710,#14711,#14712));
#14709 = ORIENTED_EDGE('',*,*,#11463,.F.);
#14710 = ORIENTED_EDGE('',*,*,#11480,.T.);
#14711 = ORIENTED_EDGE('',*,*,#11415,.T.);
#14712 = ORIENTED_EDGE('',*,*,#11439,.F.);
#14713 = PLANE('',#14714);
#14714 = AXIS2_PLACEMENT_3D('',#14715,#14716,#14717);
#14715 = CARTESIAN_POINT('',(-0.32,-5.4,-3.));
#14716 = DIRECTION('',(0.,0.,1.));
#14717 = DIRECTION('',(1.,0.,-0.));
#14718 = ADVANCED_FACE('',(#14719),#14725,.F.);
#14719 = FACE_BOUND('',#14720,.F.);
#14720 = EDGE_LOOP('',(#14721,#14722,#14723,#14724));
#14721 = ORIENTED_EDGE('',*,*,#11576,.F.);
#14722 = ORIENTED_EDGE('',*,*,#11511,.T.);
#14723 = ORIENTED_EDGE('',*,*,#11535,.T.);
#14724 = ORIENTED_EDGE('',*,*,#11559,.F.);
#14725 = PLANE('',#14726);
#14726 = AXIS2_PLACEMENT_3D('',#14727,#14728,#14729);
#14727 = CARTESIAN_POINT('',(2.22,-5.4,-3.));
#14728 = DIRECTION('',(0.,0.,1.));
#14729 = DIRECTION('',(1.,0.,-0.));
#14730 = ADVANCED_FACE('',(#14731),#14737,.F.);
#14731 = FACE_BOUND('',#14732,.F.);
#14732 = EDGE_LOOP('',(#14733,#14734,#14735,#14736));
#14733 = ORIENTED_EDGE('',*,*,#11655,.F.);
#14734 = ORIENTED_EDGE('',*,*,#11672,.T.);
#14735 = ORIENTED_EDGE('',*,*,#11607,.T.);
#14736 = ORIENTED_EDGE('',*,*,#11631,.F.);
#14737 = PLANE('',#14738);
#14738 = AXIS2_PLACEMENT_3D('',#14739,#14740,#14741);
#14739 = CARTESIAN_POINT('',(-0.32,-7.94,-3.));
#14740 = DIRECTION('',(0.,0.,1.));
#14741 = DIRECTION('',(1.,0.,-0.));
#14742 = ADVANCED_FACE('',(#14743),#14749,.F.);
#14743 = FACE_BOUND('',#14744,.F.);
#14744 = EDGE_LOOP('',(#14745,#14746,#14747,#14748));
#14745 = ORIENTED_EDGE('',*,*,#11751,.F.);
#14746 = ORIENTED_EDGE('',*,*,#11768,.T.);
#14747 = ORIENTED_EDGE('',*,*,#11703,.T.);
#14748 = ORIENTED_EDGE('',*,*,#11727,.F.);
#14749 = PLANE('',#14750);
#14750 = AXIS2_PLACEMENT_3D('',#14751,#14752,#14753);
#14751 = CARTESIAN_POINT('',(2.22,-7.94,-3.));
#14752 = DIRECTION('',(0.,0.,1.));
#14753 = DIRECTION('',(1.,0.,-0.));
#14754 = ADVANCED_FACE('',(#14755),#14761,.F.);
#14755 = FACE_BOUND('',#14756,.F.);
#14756 = EDGE_LOOP('',(#14757,#14758,#14759,#14760));
#14757 = ORIENTED_EDGE('',*,*,#11823,.F.);
#14758 = ORIENTED_EDGE('',*,*,#11847,.T.);
#14759 = ORIENTED_EDGE('',*,*,#11864,.T.);
#14760 = ORIENTED_EDGE('',*,*,#11799,.F.);
#14761 = PLANE('',#14762);
#14762 = AXIS2_PLACEMENT_3D('',#14763,#14764,#14765);
#14763 = CARTESIAN_POINT('',(-0.32,-0.32,-3.));
#14764 = DIRECTION('',(0.,0.,1.));
#14765 = DIRECTION('',(1.,0.,-0.));
#14766 = ADVANCED_FACE('',(#14767),#14773,.F.);
#14767 = FACE_BOUND('',#14768,.F.);
#14768 = EDGE_LOOP('',(#14769,#14770,#14771,#14772));
#14769 = ORIENTED_EDGE('',*,*,#11943,.F.);
#14770 = ORIENTED_EDGE('',*,*,#11960,.T.);
#14771 = ORIENTED_EDGE('',*,*,#11895,.T.);
#14772 = ORIENTED_EDGE('',*,*,#11919,.F.);
#14773 = PLANE('',#14774);
#14774 = AXIS2_PLACEMENT_3D('',#14775,#14776,#14777);
#14775 = CARTESIAN_POINT('',(2.22,-0.32,-3.));
#14776 = DIRECTION('',(0.,0.,1.));
#14777 = DIRECTION('',(1.,0.,-0.));
#14778 = ADVANCED_FACE('',(#14779),#14785,.T.);
#14779 = FACE_BOUND('',#14780,.T.);
#14780 = EDGE_LOOP('',(#14781,#14782,#14783,#14784));
#14781 = ORIENTED_EDGE('',*,*,#12015,.F.);
#14782 = ORIENTED_EDGE('',*,*,#12039,.F.);
#14783 = ORIENTED_EDGE('',*,*,#12056,.T.);
#14784 = ORIENTED_EDGE('',*,*,#11991,.T.);
#14785 = PLANE('',#14786);
#14786 = AXIS2_PLACEMENT_3D('',#14787,#14788,#14789);
#14787 = CARTESIAN_POINT('',(2.22,-13.02,8.54));
#14788 = DIRECTION('',(0.,0.,1.));
#14789 = DIRECTION('',(1.,0.,-0.));
#14790 = ADVANCED_FACE('',(#14791),#14797,.T.);
#14791 = FACE_BOUND('',#14792,.T.);
#14792 = EDGE_LOOP('',(#14793,#14794,#14795,#14796));
#14793 = ORIENTED_EDGE('',*,*,#12111,.F.);
#14794 = ORIENTED_EDGE('',*,*,#12135,.F.);
#14795 = ORIENTED_EDGE('',*,*,#12152,.T.);
#14796 = ORIENTED_EDGE('',*,*,#12087,.T.);
#14797 = PLANE('',#14798);
#14798 = AXIS2_PLACEMENT_3D('',#14799,#14800,#14801);
#14799 = CARTESIAN_POINT('',(-0.32,-13.02,8.54));
#14800 = DIRECTION('',(0.,0.,1.));
#14801 = DIRECTION('',(1.,0.,-0.));
#14802 = ADVANCED_FACE('',(#14803),#14809,.T.);
#14803 = FACE_BOUND('',#14804,.T.);
#14804 = EDGE_LOOP('',(#14805,#14806,#14807,#14808));
#14805 = ORIENTED_EDGE('',*,*,#12207,.F.);
#14806 = ORIENTED_EDGE('',*,*,#12231,.F.);
#14807 = ORIENTED_EDGE('',*,*,#12248,.T.);
#14808 = ORIENTED_EDGE('',*,*,#12183,.T.);
#14809 = PLANE('',#14810);
#14810 = AXIS2_PLACEMENT_3D('',#14811,#14812,#14813);
#14811 = CARTESIAN_POINT('',(2.22,-15.56,8.54));
#14812 = DIRECTION('',(0.,0.,1.));
#14813 = DIRECTION('',(1.,0.,-0.));
#14814 = ADVANCED_FACE('',(#14815),#14821,.T.);
#14815 = FACE_BOUND('',#14816,.T.);
#14816 = EDGE_LOOP('',(#14817,#14818,#14819,#14820));
#14817 = ORIENTED_EDGE('',*,*,#12279,.F.);
#14818 = ORIENTED_EDGE('',*,*,#12303,.F.);
#14819 = ORIENTED_EDGE('',*,*,#12327,.T.);
#14820 = ORIENTED_EDGE('',*,*,#12344,.T.);
#14821 = PLANE('',#14822);
#14822 = AXIS2_PLACEMENT_3D('',#14823,#14824,#14825);
#14823 = CARTESIAN_POINT('',(-0.32,-15.56,8.54));
#14824 = DIRECTION('',(0.,0.,1.));
#14825 = DIRECTION('',(1.,0.,-0.));
#14826 = ADVANCED_FACE('',(#14827),#14833,.T.);
#14827 = FACE_BOUND('',#14828,.T.);
#14828 = EDGE_LOOP('',(#14829,#14830,#14831,#14832));
#14829 = ORIENTED_EDGE('',*,*,#12399,.F.);
#14830 = ORIENTED_EDGE('',*,*,#12423,.F.);
#14831 = ORIENTED_EDGE('',*,*,#12440,.T.);
#14832 = ORIENTED_EDGE('',*,*,#12375,.T.);
#14833 = PLANE('',#14834);
#14834 = AXIS2_PLACEMENT_3D('',#14835,#14836,#14837);
#14835 = CARTESIAN_POINT('',(2.22,-18.1,8.54));
#14836 = DIRECTION('',(0.,0.,1.));
#14837 = DIRECTION('',(1.,0.,-0.));
#14838 = ADVANCED_FACE('',(#14839),#14845,.T.);
#14839 = FACE_BOUND('',#14840,.T.);
#14840 = EDGE_LOOP('',(#14841,#14842,#14843,#14844));
#14841 = ORIENTED_EDGE('',*,*,#12495,.F.);
#14842 = ORIENTED_EDGE('',*,*,#12519,.F.);
#14843 = ORIENTED_EDGE('',*,*,#12536,.T.);
#14844 = ORIENTED_EDGE('',*,*,#12471,.T.);
#14845 = PLANE('',#14846);
#14846 = AXIS2_PLACEMENT_3D('',#14847,#14848,#14849);
#14847 = CARTESIAN_POINT('',(-0.32,-18.1,8.54));
#14848 = DIRECTION('',(0.,0.,1.));
#14849 = DIRECTION('',(1.,0.,-0.));
#14850 = ADVANCED_FACE('',(#14851),#14857,.T.);
#14851 = FACE_BOUND('',#14852,.T.);
#14852 = EDGE_LOOP('',(#14853,#14854,#14855,#14856));
#14853 = ORIENTED_EDGE('',*,*,#12615,.F.);
#14854 = ORIENTED_EDGE('',*,*,#12632,.F.);
#14855 = ORIENTED_EDGE('',*,*,#12567,.T.);
#14856 = ORIENTED_EDGE('',*,*,#12591,.T.);
#14857 = PLANE('',#14858);
#14858 = AXIS2_PLACEMENT_3D('',#14859,#14860,#14861);
#14859 = CARTESIAN_POINT('',(2.22,-25.72,8.54));
#14860 = DIRECTION('',(0.,0.,1.));
#14861 = DIRECTION('',(1.,0.,-0.));
#14862 = ADVANCED_FACE('',(#14863),#14869,.T.);
#14863 = FACE_BOUND('',#14864,.T.);
#14864 = EDGE_LOOP('',(#14865,#14866,#14867,#14868));
#14865 = ORIENTED_EDGE('',*,*,#12663,.F.);
#14866 = ORIENTED_EDGE('',*,*,#12687,.F.);
#14867 = ORIENTED_EDGE('',*,*,#12711,.T.);
#14868 = ORIENTED_EDGE('',*,*,#12728,.T.);
#14869 = PLANE('',#14870);
#14870 = AXIS2_PLACEMENT_3D('',#14871,#14872,#14873);
#14871 = CARTESIAN_POINT('',(2.22,-23.18,8.54));
#14872 = DIRECTION('',(0.,0.,1.));
#14873 = DIRECTION('',(1.,0.,-0.));
#14874 = ADVANCED_FACE('',(#14875),#14881,.T.);
#14875 = FACE_BOUND('',#14876,.T.);
#14876 = EDGE_LOOP('',(#14877,#14878,#14879,#14880));
#14877 = ORIENTED_EDGE('',*,*,#12759,.F.);
#14878 = ORIENTED_EDGE('',*,*,#12783,.F.);
#14879 = ORIENTED_EDGE('',*,*,#12807,.T.);
#14880 = ORIENTED_EDGE('',*,*,#12824,.T.);
#14881 = PLANE('',#14882);
#14882 = AXIS2_PLACEMENT_3D('',#14883,#14884,#14885);
#14883 = CARTESIAN_POINT('',(-0.32,-25.72,8.54));
#14884 = DIRECTION('',(0.,0.,1.));
#14885 = DIRECTION('',(1.,0.,-0.));
#14886 = ADVANCED_FACE('',(#14887),#14893,.T.);
#14887 = FACE_BOUND('',#14888,.T.);
#14888 = EDGE_LOOP('',(#14889,#14890,#14891,#14892));
#14889 = ORIENTED_EDGE('',*,*,#12879,.F.);
#14890 = ORIENTED_EDGE('',*,*,#12903,.F.);
#14891 = ORIENTED_EDGE('',*,*,#12920,.T.);
#14892 = ORIENTED_EDGE('',*,*,#12855,.T.);
#14893 = PLANE('',#14894);
#14894 = AXIS2_PLACEMENT_3D('',#14895,#14896,#14897);
#14895 = CARTESIAN_POINT('',(-0.32,-20.64,8.54));
#14896 = DIRECTION('',(0.,0.,1.));
#14897 = DIRECTION('',(1.,0.,-0.));
#14898 = ADVANCED_FACE('',(#14899),#14905,.T.);
#14899 = FACE_BOUND('',#14900,.T.);
#14900 = EDGE_LOOP('',(#14901,#14902,#14903,#14904));
#14901 = ORIENTED_EDGE('',*,*,#12951,.F.);
#14902 = ORIENTED_EDGE('',*,*,#12975,.F.);
#14903 = ORIENTED_EDGE('',*,*,#12999,.T.);
#14904 = ORIENTED_EDGE('',*,*,#13016,.T.);
#14905 = PLANE('',#14906);
#14906 = AXIS2_PLACEMENT_3D('',#14907,#14908,#14909);
#14907 = CARTESIAN_POINT('',(-0.32,-23.18,8.54));
#14908 = DIRECTION('',(0.,0.,1.));
#14909 = DIRECTION('',(1.,0.,-0.));
#14910 = ADVANCED_FACE('',(#14911),#14917,.T.);
#14911 = FACE_BOUND('',#14912,.T.);
#14912 = EDGE_LOOP('',(#14913,#14914,#14915,#14916));
#14913 = ORIENTED_EDGE('',*,*,#13095,.F.);
#14914 = ORIENTED_EDGE('',*,*,#13112,.F.);
#14915 = ORIENTED_EDGE('',*,*,#13047,.T.);
#14916 = ORIENTED_EDGE('',*,*,#13071,.T.);
#14917 = PLANE('',#14918);
#14918 = AXIS2_PLACEMENT_3D('',#14919,#14920,#14921);
#14919 = CARTESIAN_POINT('',(2.22,-20.64,8.54));
#14920 = DIRECTION('',(0.,0.,1.));
#14921 = DIRECTION('',(1.,0.,-0.));
#14922 = ADVANCED_FACE('',(#14923),#14929,.T.);
#14923 = FACE_BOUND('',#14924,.T.);
#14924 = EDGE_LOOP('',(#14925,#14926,#14927,#14928));
#14925 = ORIENTED_EDGE('',*,*,#13191,.F.);
#14926 = ORIENTED_EDGE('',*,*,#13208,.F.);
#14927 = ORIENTED_EDGE('',*,*,#13143,.T.);
#14928 = ORIENTED_EDGE('',*,*,#13167,.T.);
#14929 = PLANE('',#14930);
#14930 = AXIS2_PLACEMENT_3D('',#14931,#14932,#14933);
#14931 = CARTESIAN_POINT('',(2.22,-30.8,8.54));
#14932 = DIRECTION('',(0.,0.,1.));
#14933 = DIRECTION('',(1.,0.,-0.));
#14934 = ADVANCED_FACE('',(#14935),#14941,.T.);
#14935 = FACE_BOUND('',#14936,.T.);
#14936 = EDGE_LOOP('',(#14937,#14938,#14939,#14940));
#14937 = ORIENTED_EDGE('',*,*,#13239,.F.);
#14938 = ORIENTED_EDGE('',*,*,#13263,.F.);
#14939 = ORIENTED_EDGE('',*,*,#13287,.T.);
#14940 = ORIENTED_EDGE('',*,*,#13304,.T.);
#14941 = PLANE('',#14942);
#14942 = AXIS2_PLACEMENT_3D('',#14943,#14944,#14945);
#14943 = CARTESIAN_POINT('',(-0.32,-30.8,8.54));
#14944 = DIRECTION('',(0.,0.,1.));
#14945 = DIRECTION('',(1.,0.,-0.));
#14946 = ADVANCED_FACE('',(#14947),#14953,.T.);
#14947 = FACE_BOUND('',#14948,.T.);
#14948 = EDGE_LOOP('',(#14949,#14950,#14951,#14952));
#14949 = ORIENTED_EDGE('',*,*,#13359,.F.);
#14950 = ORIENTED_EDGE('',*,*,#13383,.F.);
#14951 = ORIENTED_EDGE('',*,*,#13400,.T.);
#14952 = ORIENTED_EDGE('',*,*,#13335,.T.);
#14953 = PLANE('',#14954);
#14954 = AXIS2_PLACEMENT_3D('',#14955,#14956,#14957);
#14955 = CARTESIAN_POINT('',(2.22,-28.26,8.54));
#14956 = DIRECTION('',(0.,0.,1.));
#14957 = DIRECTION('',(1.,0.,-0.));
#14958 = ADVANCED_FACE('',(#14959),#14965,.T.);
#14959 = FACE_BOUND('',#14960,.T.);
#14960 = EDGE_LOOP('',(#14961,#14962,#14963,#14964));
#14961 = ORIENTED_EDGE('',*,*,#13455,.F.);
#14962 = ORIENTED_EDGE('',*,*,#13479,.F.);
#14963 = ORIENTED_EDGE('',*,*,#13496,.T.);
#14964 = ORIENTED_EDGE('',*,*,#13431,.T.);
#14965 = PLANE('',#14966);
#14966 = AXIS2_PLACEMENT_3D('',#14967,#14968,#14969);
#14967 = CARTESIAN_POINT('',(-0.32,-28.26,8.54));
#14968 = DIRECTION('',(0.,0.,1.));
#14969 = DIRECTION('',(1.,0.,-0.));
#14970 = ADVANCED_FACE('',(#14971),#14977,.T.);
#14971 = FACE_BOUND('',#14972,.T.);
#14972 = EDGE_LOOP('',(#14973,#14974,#14975,#14976));
#14973 = ORIENTED_EDGE('',*,*,#13551,.F.);
#14974 = ORIENTED_EDGE('',*,*,#13575,.F.);
#14975 = ORIENTED_EDGE('',*,*,#13592,.T.);
#14976 = ORIENTED_EDGE('',*,*,#13527,.T.);
#14977 = PLANE('',#14978);
#14978 = AXIS2_PLACEMENT_3D('',#14979,#14980,#14981);
#14979 = CARTESIAN_POINT('',(2.22,-10.48,8.54));
#14980 = DIRECTION('',(0.,0.,1.));
#14981 = DIRECTION('',(1.,0.,-0.));
#14982 = ADVANCED_FACE('',(#14983),#14989,.T.);
#14983 = FACE_BOUND('',#14984,.T.);
#14984 = EDGE_LOOP('',(#14985,#14986,#14987,#14988));
#14985 = ORIENTED_EDGE('',*,*,#13647,.F.);
#14986 = ORIENTED_EDGE('',*,*,#13671,.F.);
#14987 = ORIENTED_EDGE('',*,*,#13688,.T.);
#14988 = ORIENTED_EDGE('',*,*,#13623,.T.);
#14989 = PLANE('',#14990);
#14990 = AXIS2_PLACEMENT_3D('',#14991,#14992,#14993);
#14991 = CARTESIAN_POINT('',(-0.32,-10.48,8.54));
#14992 = DIRECTION('',(0.,0.,1.));
#14993 = DIRECTION('',(1.,0.,-0.));
#14994 = ADVANCED_FACE('',(#14995),#15001,.T.);
#14995 = FACE_BOUND('',#14996,.T.);
#14996 = EDGE_LOOP('',(#14997,#14998,#14999,#15000));
#14997 = ORIENTED_EDGE('',*,*,#13743,.F.);
#14998 = ORIENTED_EDGE('',*,*,#13767,.F.);
#14999 = ORIENTED_EDGE('',*,*,#13784,.T.);
#15000 = ORIENTED_EDGE('',*,*,#13719,.T.);
#15001 = PLANE('',#15002);
#15002 = AXIS2_PLACEMENT_3D('',#15003,#15004,#15005);
#15003 = CARTESIAN_POINT('',(2.22,-2.86,8.54));
#15004 = DIRECTION('',(0.,0.,1.));
#15005 = DIRECTION('',(1.,0.,-0.));
#15006 = ADVANCED_FACE('',(#15007),#15013,.T.);
#15007 = FACE_BOUND('',#15008,.T.);
#15008 = EDGE_LOOP('',(#15009,#15010,#15011,#15012));
#15009 = ORIENTED_EDGE('',*,*,#13863,.F.);
#15010 = ORIENTED_EDGE('',*,*,#13880,.F.);
#15011 = ORIENTED_EDGE('',*,*,#13815,.T.);
#15012 = ORIENTED_EDGE('',*,*,#13839,.T.);
#15013 = PLANE('',#15014);
#15014 = AXIS2_PLACEMENT_3D('',#15015,#15016,#15017);
#15015 = CARTESIAN_POINT('',(-0.32,-2.86,8.54));
#15016 = DIRECTION('',(0.,0.,1.));
#15017 = DIRECTION('',(1.,0.,-0.));
#15018 = ADVANCED_FACE('',(#15019),#15025,.T.);
#15019 = FACE_BOUND('',#15020,.T.);
#15020 = EDGE_LOOP('',(#15021,#15022,#15023,#15024));
#15021 = ORIENTED_EDGE('',*,*,#13935,.F.);
#15022 = ORIENTED_EDGE('',*,*,#13959,.F.);
#15023 = ORIENTED_EDGE('',*,*,#13976,.T.);
#15024 = ORIENTED_EDGE('',*,*,#13911,.T.);
#15025 = PLANE('',#15026);
#15026 = AXIS2_PLACEMENT_3D('',#15027,#15028,#15029);
#15027 = CARTESIAN_POINT('',(-0.32,-5.4,8.54));
#15028 = DIRECTION('',(0.,0.,1.));
#15029 = DIRECTION('',(1.,0.,-0.));
#15030 = ADVANCED_FACE('',(#15031),#15037,.T.);
#15031 = FACE_BOUND('',#15032,.T.);
#15032 = EDGE_LOOP('',(#15033,#15034,#15035,#15036));
#15033 = ORIENTED_EDGE('',*,*,#14055,.F.);
#15034 = ORIENTED_EDGE('',*,*,#14072,.F.);
#15035 = ORIENTED_EDGE('',*,*,#14007,.T.);
#15036 = ORIENTED_EDGE('',*,*,#14031,.T.);
#15037 = PLANE('',#15038);
#15038 = AXIS2_PLACEMENT_3D('',#15039,#15040,#15041);
#15039 = CARTESIAN_POINT('',(2.22,-5.4,8.54));
#15040 = DIRECTION('',(0.,0.,1.));
#15041 = DIRECTION('',(1.,0.,-0.));
#15042 = ADVANCED_FACE('',(#15043),#15049,.T.);
#15043 = FACE_BOUND('',#15044,.T.);
#15044 = EDGE_LOOP('',(#15045,#15046,#15047,#15048));
#15045 = ORIENTED_EDGE('',*,*,#14127,.F.);
#15046 = ORIENTED_EDGE('',*,*,#14151,.F.);
#15047 = ORIENTED_EDGE('',*,*,#14168,.T.);
#15048 = ORIENTED_EDGE('',*,*,#14103,.T.);
#15049 = PLANE('',#15050);
#15050 = AXIS2_PLACEMENT_3D('',#15051,#15052,#15053);
#15051 = CARTESIAN_POINT('',(-0.32,-7.94,8.54));
#15052 = DIRECTION('',(0.,0.,1.));
#15053 = DIRECTION('',(1.,0.,-0.));
#15054 = ADVANCED_FACE('',(#15055),#15061,.T.);
#15055 = FACE_BOUND('',#15056,.T.);
#15056 = EDGE_LOOP('',(#15057,#15058,#15059,#15060));
#15057 = ORIENTED_EDGE('',*,*,#14223,.F.);
#15058 = ORIENTED_EDGE('',*,*,#14247,.F.);
#15059 = ORIENTED_EDGE('',*,*,#14264,.T.);
#15060 = ORIENTED_EDGE('',*,*,#14199,.T.);
#15061 = PLANE('',#15062);
#15062 = AXIS2_PLACEMENT_3D('',#15063,#15064,#15065);
#15063 = CARTESIAN_POINT('',(2.22,-7.94,8.54));
#15064 = DIRECTION('',(0.,0.,1.));
#15065 = DIRECTION('',(1.,0.,-0.));
#15066 = ADVANCED_FACE('',(#15067),#15073,.T.);
#15067 = FACE_BOUND('',#15068,.T.);
#15068 = EDGE_LOOP('',(#15069,#15070,#15071,#15072));
#15069 = ORIENTED_EDGE('',*,*,#14295,.F.);
#15070 = ORIENTED_EDGE('',*,*,#14319,.F.);
#15071 = ORIENTED_EDGE('',*,*,#14343,.T.);
#15072 = ORIENTED_EDGE('',*,*,#14360,.T.);
#15073 = PLANE('',#15074);
#15074 = AXIS2_PLACEMENT_3D('',#15075,#15076,#15077);
#15075 = CARTESIAN_POINT('',(-0.32,-0.32,8.54));
#15076 = DIRECTION('',(0.,0.,1.));
#15077 = DIRECTION('',(1.,0.,-0.));
#15078 = ADVANCED_FACE('',(#15079),#15085,.T.);
#15079 = FACE_BOUND('',#15080,.T.);
#15080 = EDGE_LOOP('',(#15081,#15082,#15083,#15084));
#15081 = ORIENTED_EDGE('',*,*,#14415,.F.);
#15082 = ORIENTED_EDGE('',*,*,#14439,.F.);
#15083 = ORIENTED_EDGE('',*,*,#14456,.T.);
#15084 = ORIENTED_EDGE('',*,*,#14391,.T.);
#15085 = PLANE('',#15086);
#15086 = AXIS2_PLACEMENT_3D('',#15087,#15088,#15089);
#15087 = CARTESIAN_POINT('',(2.22,-0.32,8.54));
#15088 = DIRECTION('',(0.,0.,1.));
#15089 = DIRECTION('',(1.,0.,-0.));
#15090 = ( GEOMETRIC_REPRESENTATION_CONTEXT(3) 
GLOBAL_UNCERTAINTY_ASSIGNED_CONTEXT((#15094)) 
GLOBAL_UNIT_ASSIGNED_CONTEXT((#15091,#15092,#15093)) 
REPRESENTATION_CONTEXT('Context #1',
  '3D Context with UNIT and UNCERTAINTY') );
#15091 = ( LENGTH_UNIT() NAMED_UNIT(*) SI_UNIT(.MILLI.,.METRE.) );
#15092 = ( NAMED_UNIT(*) PLANE_ANGLE_UNIT() SI_UNIT($,.RADIAN.) );
#15093 = ( NAMED_UNIT(*) SI_UNIT($,.STERADIAN.) SOLID_ANGLE_UNIT() );
#15094 = UNCERTAINTY_MEASURE_WITH_UNIT(LENGTH_MEASURE(1.E-07),#15091,
  'distance_accuracy_value','confusion accuracy');
#15095 = CONTEXT_DEPENDENT_SHAPE_REPRESENTATION(#15096,#15098);
#15096 = ( REPRESENTATION_RELATIONSHIP('','',#55,#32) 
REPRESENTATION_RELATIONSHIP_WITH_TRANSFORMATION(#15097) 
SHAPE_REPRESENTATION_RELATIONSHIP() );
#15097 = ITEM_DEFINED_TRANSFORMATION('','',#11,#33);
#15098 = PRODUCT_DEFINITION_SHAPE('Placement','Placement of an item',
  #15099);
#15099 = NEXT_ASSEMBLY_USAGE_OCCURRENCE('1','=>[0:1:1:3]','',#27,#50,$);
#15100 = PRODUCT_RELATED_PRODUCT_CATEGORY('part',$,(#52));
#15101 = MECHANICAL_DESIGN_GEOMETRIC_PRESENTATION_REPRESENTATION('',(
    #15102,#15110,#15117,#15124,#15131,#15138,#15145,#15152,#15159,
    #15166,#15173,#15180,#15187,#15194,#15201,#15208,#15215,#15222,
    #15229,#15236,#15243,#15250,#15257,#15264,#15271,#15278,#15285,
    #15292,#15299,#15306,#15313,#15320,#15327,#15334,#15341,#15348,
    #15355,#15362,#15369,#15376,#15383,#15390,#15397,#15404,#15411,
    #15418,#15425,#15432,#15439,#15446,#15453,#15460,#15467,#15474,
    #15481,#15488,#15495,#15502,#15509,#15516,#15523,#15530,#15537,
    #15544,#15551,#15558,#15565,#15572,#15579,#15586,#15593,#15600,
    #15607,#15614,#15621,#15628,#15635,#15642,#15649,#15656,#15663,
    #15670,#15677,#15685,#15692,#15699,#15706,#15713,#15720,#15727,
    #15734,#15741,#15748,#15755,#15762,#15769,#15776,#15783,#15790,
    #15797,#15804,#15811,#15818,#15825,#15832,#15839,#15846,#15853,
    #15860,#15867,#15874,#15881,#15888,#15895,#15902,#15909,#15916,
    #15923,#15930,#15937,#15944,#15951,#15958,#15965,#15972,#15979,
    #15986,#15993,#16000,#16007,#16014,#16021,#16028,#16035,#16042,
    #16049,#16056,#16063,#16070,#16077,#16084,#16091,#16098,#16105,
    #16112,#16119,#16126,#16133,#16140,#16147,#16154,#16161,#16168,
    #16175,#16182,#16189,#16196,#16203,#16210,#16217,#16224,#16231,
    #16238,#16245,#16252,#16259,#16266,#16273,#16280,#16287,#16294,
    #16301,#16308,#16315,#16322,#16329,#16336,#16343,#16350,#16357,
    #16364,#16371,#16378,#16385,#16392,#16399,#16406,#16413,#16420,
    #16427,#16434,#16441,#16448,#16455,#16462,#16469,#16476,#16483,
    #16490,#16497,#16504,#16511,#16518,#16525,#16532,#16539,#16546,
    #16553,#16560,#16567,#16574,#16581,#16588,#16595,#16602,#16609,
    #16616,#16623,#16630,#16637,#16644,#16651,#16658,#16665,#16672,
    #16679,#16686,#16693,#16700,#16707,#16714,#16721,#16728,#16735,
    #16742,#16749,#16756,#16763,#16770,#16777,#16784,#16791,#16798,
    #16805,#16812,#16819,#16826,#16833,#16840,#16847,#16854,#16861,
    #16868,#16875,#16882,#16889,#16896,#16903,#16910,#16917,#16924,
    #16931,#16938,#16945,#16952,#16959,#16966,#16973,#16980,#16987,
    #16994,#17001,#17008,#17015,#17022,#17029,#17036,#17043,#17050,
    #17057,#17064,#17071,#17078,#17085,#17092,#17099,#17106,#17113,
    #17120,#17127,#17134,#17141,#17148,#17155,#17162,#17169,#17176,
    #17183,#17190,#17197,#17204,#17211,#17218,#17225,#17232,#17239,
    #17246,#17253,#17260,#17267,#17274,#17281,#17288,#17295,#17302,
    #17309,#17316,#17323,#17330,#17337,#17344,#17351,#17358,#17365,
    #17372,#17379,#17386,#17393,#17400,#17407,#17414,#17421,#17428,
    #17435,#17442,#17449,#17456,#17463,#17470,#17477,#17484,#17491,
    #17498,#17505,#17512,#17519,#17526,#17533,#17540,#17547,#17554,
    #17561,#17568,#17575,#17582,#17589,#17596,#17603,#17610,#17617,
    #17624,#17631,#17638,#17645,#17652,#17659,#17666,#17673,#17680,
    #17687,#17694,#17701,#17708,#17715,#17722,#17729,#17736,#17743,
    #17750,#17757,#17764,#17771,#17778,#17785,#17792,#17799,#17806,
    #17813,#17820,#17827,#17834,#17841,#17848,#17855,#17862,#17869,
    #17876,#17883,#17890,#17897,#17904,#17911,#17918,#17925,#17932,
    #17939,#17946,#17953,#17960,#17967,#17974,#17981,#17988,#17995,
    #18002,#18009,#18016,#18023,#18030,#18037,#18044,#18051,#18058,
    #18065,#18072,#18079,#18086,#18093,#18100,#18107,#18114,#18121,
    #18128,#18135,#18142,#18149,#18156,#18163,#18170,#18177,#18184,
    #18191,#18198,#18205,#18212,#18219,#18226,#18233,#18240,#18247,
    #18254,#18261,#18268,#18275,#18282,#18289,#18296,#18303,#18310,
    #18317,#18324,#18331,#18338,#18345,#18352,#18359,#18366,#18373,
    #18380,#18387,#18394,#18401,#18408,#18415,#18422,#18429,#18436,
    #18443,#18450,#18457,#18464,#18471,#18478,#18485,#18492,#18499,
    #18506,#18513,#18520,#18527,#18534,#18541,#18548,#18555,#18562,
    #18569,#18576,#18583,#18590,#18597,#18604,#18611,#18618,#18625,
    #18632,#18639,#18646,#18653,#18660,#18667,#18674,#18681,#18688,
    #18695,#18702,#18709,#18716,#18723,#18730,#18737,#18744,#18751,
    #18758,#18765,#18772,#18779,#18786,#18793,#18800,#18807,#18814,
    #18821,#18828,#18835,#18842,#18849,#18856,#18863,#18870,#18877,
    #18884,#18891,#18898,#18905,#18912,#18919,#18926,#18933,#18940,
    #18947),#15090);
#15102 = STYLED_ITEM('color',(#15103),#58);
#15103 = PRESENTATION_STYLE_ASSIGNMENT((#15104));
#15104 = SURFACE_STYLE_USAGE(.BOTH.,#15105);
#15105 = SURFACE_SIDE_STYLE('',(#15106));
#15106 = SURFACE_STYLE_FILL_AREA(#15107);
#15107 = FILL_AREA_STYLE('',(#15108));
#15108 = FILL_AREA_STYLE_COLOUR('',#15109);
#15109 = COLOUR_RGB('',0.147999998088,0.144999993226,0.144999993226);
#15110 = STYLED_ITEM('color',(#15111),#98);
#15111 = PRESENTATION_STYLE_ASSIGNMENT((#15112));
#15112 = SURFACE_STYLE_USAGE(.BOTH.,#15113);
#15113 = SURFACE_SIDE_STYLE('',(#15114));
#15114 = SURFACE_STYLE_FILL_AREA(#15115);
#15115 = FILL_AREA_STYLE('',(#15116));
#15116 = FILL_AREA_STYLE_COLOUR('',#15109);
#15117 = STYLED_ITEM('color',(#15118),#129);
#15118 = PRESENTATION_STYLE_ASSIGNMENT((#15119));
#15119 = SURFACE_STYLE_USAGE(.BOTH.,#15120);
#15120 = SURFACE_SIDE_STYLE('',(#15121));
#15121 = SURFACE_STYLE_FILL_AREA(#15122);
#15122 = FILL_AREA_STYLE('',(#15123));
#15123 = FILL_AREA_STYLE_COLOUR('',#15109);
#15124 = STYLED_ITEM('color',(#15125),#160);
#15125 = PRESENTATION_STYLE_ASSIGNMENT((#15126));
#15126 = SURFACE_STYLE_USAGE(.BOTH.,#15127);
#15127 = SURFACE_SIDE_STYLE('',(#15128));
#15128 = SURFACE_STYLE_FILL_AREA(#15129);
#15129 = FILL_AREA_STYLE('',(#15130));
#15130 = FILL_AREA_STYLE_COLOUR('',#15109);
#15131 = STYLED_ITEM('color',(#15132),#1669);
#15132 = PRESENTATION_STYLE_ASSIGNMENT((#15133));
#15133 = SURFACE_STYLE_USAGE(.BOTH.,#15134);
#15134 = SURFACE_SIDE_STYLE('',(#15135));
#15135 = SURFACE_STYLE_FILL_AREA(#15136);
#15136 = FILL_AREA_STYLE('',(#15137));
#15137 = FILL_AREA_STYLE_COLOUR('',#15109);
#15138 = STYLED_ITEM('color',(#15139),#3178);
#15139 = PRESENTATION_STYLE_ASSIGNMENT((#15140));
#15140 = SURFACE_STYLE_USAGE(.BOTH.,#15141);
#15141 = SURFACE_SIDE_STYLE('',(#15142));
#15142 = SURFACE_STYLE_FILL_AREA(#15143);
#15143 = FILL_AREA_STYLE('',(#15144));
#15144 = FILL_AREA_STYLE_COLOUR('',#15109);
#15145 = STYLED_ITEM('color',(#15146),#3195);
#15146 = PRESENTATION_STYLE_ASSIGNMENT((#15147));
#15147 = SURFACE_STYLE_USAGE(.BOTH.,#15148);
#15148 = SURFACE_SIDE_STYLE('',(#15149));
#15149 = SURFACE_STYLE_FILL_AREA(#15150);
#15150 = FILL_AREA_STYLE('',(#15151));
#15151 = FILL_AREA_STYLE_COLOUR('',#15109);
#15152 = STYLED_ITEM('color',(#15153),#3212);
#15153 = PRESENTATION_STYLE_ASSIGNMENT((#15154));
#15154 = SURFACE_STYLE_USAGE(.BOTH.,#15155);
#15155 = SURFACE_SIDE_STYLE('',(#15156));
#15156 = SURFACE_STYLE_FILL_AREA(#15157);
#15157 = FILL_AREA_STYLE('',(#15158));
#15158 = FILL_AREA_STYLE_COLOUR('',#15109);
#15159 = STYLED_ITEM('color',(#15160),#3229);
#15160 = PRESENTATION_STYLE_ASSIGNMENT((#15161));
#15161 = SURFACE_STYLE_USAGE(.BOTH.,#15162);
#15162 = SURFACE_SIDE_STYLE('',(#15163));
#15163 = SURFACE_STYLE_FILL_AREA(#15164);
#15164 = FILL_AREA_STYLE('',(#15165));
#15165 = FILL_AREA_STYLE_COLOUR('',#15109);
#15166 = STYLED_ITEM('color',(#15167),#3246);
#15167 = PRESENTATION_STYLE_ASSIGNMENT((#15168));
#15168 = SURFACE_STYLE_USAGE(.BOTH.,#15169);
#15169 = SURFACE_SIDE_STYLE('',(#15170));
#15170 = SURFACE_STYLE_FILL_AREA(#15171);
#15171 = FILL_AREA_STYLE('',(#15172));
#15172 = FILL_AREA_STYLE_COLOUR('',#15109);
#15173 = STYLED_ITEM('color',(#15174),#3263);
#15174 = PRESENTATION_STYLE_ASSIGNMENT((#15175));
#15175 = SURFACE_STYLE_USAGE(.BOTH.,#15176);
#15176 = SURFACE_SIDE_STYLE('',(#15177));
#15177 = SURFACE_STYLE_FILL_AREA(#15178);
#15178 = FILL_AREA_STYLE('',(#15179));
#15179 = FILL_AREA_STYLE_COLOUR('',#15109);
#15180 = STYLED_ITEM('color',(#15181),#3280);
#15181 = PRESENTATION_STYLE_ASSIGNMENT((#15182));
#15182 = SURFACE_STYLE_USAGE(.BOTH.,#15183);
#15183 = SURFACE_SIDE_STYLE('',(#15184));
#15184 = SURFACE_STYLE_FILL_AREA(#15185);
#15185 = FILL_AREA_STYLE('',(#15186));
#15186 = FILL_AREA_STYLE_COLOUR('',#15109);
#15187 = STYLED_ITEM('color',(#15188),#3297);
#15188 = PRESENTATION_STYLE_ASSIGNMENT((#15189));
#15189 = SURFACE_STYLE_USAGE(.BOTH.,#15190);
#15190 = SURFACE_SIDE_STYLE('',(#15191));
#15191 = SURFACE_STYLE_FILL_AREA(#15192);
#15192 = FILL_AREA_STYLE('',(#15193));
#15193 = FILL_AREA_STYLE_COLOUR('',#15109);
#15194 = STYLED_ITEM('color',(#15195),#3314);
#15195 = PRESENTATION_STYLE_ASSIGNMENT((#15196));
#15196 = SURFACE_STYLE_USAGE(.BOTH.,#15197);
#15197 = SURFACE_SIDE_STYLE('',(#15198));
#15198 = SURFACE_STYLE_FILL_AREA(#15199);
#15199 = FILL_AREA_STYLE('',(#15200));
#15200 = FILL_AREA_STYLE_COLOUR('',#15109);
#15201 = STYLED_ITEM('color',(#15202),#3331);
#15202 = PRESENTATION_STYLE_ASSIGNMENT((#15203));
#15203 = SURFACE_STYLE_USAGE(.BOTH.,#15204);
#15204 = SURFACE_SIDE_STYLE('',(#15205));
#15205 = SURFACE_STYLE_FILL_AREA(#15206);
#15206 = FILL_AREA_STYLE('',(#15207));
#15207 = FILL_AREA_STYLE_COLOUR('',#15109);
#15208 = STYLED_ITEM('color',(#15209),#3348);
#15209 = PRESENTATION_STYLE_ASSIGNMENT((#15210));
#15210 = SURFACE_STYLE_USAGE(.BOTH.,#15211);
#15211 = SURFACE_SIDE_STYLE('',(#15212));
#15212 = SURFACE_STYLE_FILL_AREA(#15213);
#15213 = FILL_AREA_STYLE('',(#15214));
#15214 = FILL_AREA_STYLE_COLOUR('',#15109);
#15215 = STYLED_ITEM('color',(#15216),#3365);
#15216 = PRESENTATION_STYLE_ASSIGNMENT((#15217));
#15217 = SURFACE_STYLE_USAGE(.BOTH.,#15218);
#15218 = SURFACE_SIDE_STYLE('',(#15219));
#15219 = SURFACE_STYLE_FILL_AREA(#15220);
#15220 = FILL_AREA_STYLE('',(#15221));
#15221 = FILL_AREA_STYLE_COLOUR('',#15109);
#15222 = STYLED_ITEM('color',(#15223),#3382);
#15223 = PRESENTATION_STYLE_ASSIGNMENT((#15224));
#15224 = SURFACE_STYLE_USAGE(.BOTH.,#15225);
#15225 = SURFACE_SIDE_STYLE('',(#15226));
#15226 = SURFACE_STYLE_FILL_AREA(#15227);
#15227 = FILL_AREA_STYLE('',(#15228));
#15228 = FILL_AREA_STYLE_COLOUR('',#15109);
#15229 = STYLED_ITEM('color',(#15230),#3399);
#15230 = PRESENTATION_STYLE_ASSIGNMENT((#15231));
#15231 = SURFACE_STYLE_USAGE(.BOTH.,#15232);
#15232 = SURFACE_SIDE_STYLE('',(#15233));
#15233 = SURFACE_STYLE_FILL_AREA(#15234);
#15234 = FILL_AREA_STYLE('',(#15235));
#15235 = FILL_AREA_STYLE_COLOUR('',#15109);
#15236 = STYLED_ITEM('color',(#15237),#3416);
#15237 = PRESENTATION_STYLE_ASSIGNMENT((#15238));
#15238 = SURFACE_STYLE_USAGE(.BOTH.,#15239);
#15239 = SURFACE_SIDE_STYLE('',(#15240));
#15240 = SURFACE_STYLE_FILL_AREA(#15241);
#15241 = FILL_AREA_STYLE('',(#15242));
#15242 = FILL_AREA_STYLE_COLOUR('',#15109);
#15243 = STYLED_ITEM('color',(#15244),#3433);
#15244 = PRESENTATION_STYLE_ASSIGNMENT((#15245));
#15245 = SURFACE_STYLE_USAGE(.BOTH.,#15246);
#15246 = SURFACE_SIDE_STYLE('',(#15247));
#15247 = SURFACE_STYLE_FILL_AREA(#15248);
#15248 = FILL_AREA_STYLE('',(#15249));
#15249 = FILL_AREA_STYLE_COLOUR('',#15109);
#15250 = STYLED_ITEM('color',(#15251),#3450);
#15251 = PRESENTATION_STYLE_ASSIGNMENT((#15252));
#15252 = SURFACE_STYLE_USAGE(.BOTH.,#15253);
#15253 = SURFACE_SIDE_STYLE('',(#15254));
#15254 = SURFACE_STYLE_FILL_AREA(#15255);
#15255 = FILL_AREA_STYLE('',(#15256));
#15256 = FILL_AREA_STYLE_COLOUR('',#15109);
#15257 = STYLED_ITEM('color',(#15258),#3467);
#15258 = PRESENTATION_STYLE_ASSIGNMENT((#15259));
#15259 = SURFACE_STYLE_USAGE(.BOTH.,#15260);
#15260 = SURFACE_SIDE_STYLE('',(#15261));
#15261 = SURFACE_STYLE_FILL_AREA(#15262);
#15262 = FILL_AREA_STYLE('',(#15263));
#15263 = FILL_AREA_STYLE_COLOUR('',#15109);
#15264 = STYLED_ITEM('color',(#15265),#3484);
#15265 = PRESENTATION_STYLE_ASSIGNMENT((#15266));
#15266 = SURFACE_STYLE_USAGE(.BOTH.,#15267);
#15267 = SURFACE_SIDE_STYLE('',(#15268));
#15268 = SURFACE_STYLE_FILL_AREA(#15269);
#15269 = FILL_AREA_STYLE('',(#15270));
#15270 = FILL_AREA_STYLE_COLOUR('',#15109);
#15271 = STYLED_ITEM('color',(#15272),#3501);
#15272 = PRESENTATION_STYLE_ASSIGNMENT((#15273));
#15273 = SURFACE_STYLE_USAGE(.BOTH.,#15274);
#15274 = SURFACE_SIDE_STYLE('',(#15275));
#15275 = SURFACE_STYLE_FILL_AREA(#15276);
#15276 = FILL_AREA_STYLE('',(#15277));
#15277 = FILL_AREA_STYLE_COLOUR('',#15109);
#15278 = STYLED_ITEM('color',(#15279),#3518);
#15279 = PRESENTATION_STYLE_ASSIGNMENT((#15280));
#15280 = SURFACE_STYLE_USAGE(.BOTH.,#15281);
#15281 = SURFACE_SIDE_STYLE('',(#15282));
#15282 = SURFACE_STYLE_FILL_AREA(#15283);
#15283 = FILL_AREA_STYLE('',(#15284));
#15284 = FILL_AREA_STYLE_COLOUR('',#15109);
#15285 = STYLED_ITEM('color',(#15286),#3535);
#15286 = PRESENTATION_STYLE_ASSIGNMENT((#15287));
#15287 = SURFACE_STYLE_USAGE(.BOTH.,#15288);
#15288 = SURFACE_SIDE_STYLE('',(#15289));
#15289 = SURFACE_STYLE_FILL_AREA(#15290);
#15290 = FILL_AREA_STYLE('',(#15291));
#15291 = FILL_AREA_STYLE_COLOUR('',#15109);
#15292 = STYLED_ITEM('color',(#15293),#3552);
#15293 = PRESENTATION_STYLE_ASSIGNMENT((#15294));
#15294 = SURFACE_STYLE_USAGE(.BOTH.,#15295);
#15295 = SURFACE_SIDE_STYLE('',(#15296));
#15296 = SURFACE_STYLE_FILL_AREA(#15297);
#15297 = FILL_AREA_STYLE('',(#15298));
#15298 = FILL_AREA_STYLE_COLOUR('',#15109);
#15299 = STYLED_ITEM('color',(#15300),#3569);
#15300 = PRESENTATION_STYLE_ASSIGNMENT((#15301));
#15301 = SURFACE_STYLE_USAGE(.BOTH.,#15302);
#15302 = SURFACE_SIDE_STYLE('',(#15303));
#15303 = SURFACE_STYLE_FILL_AREA(#15304);
#15304 = FILL_AREA_STYLE('',(#15305));
#15305 = FILL_AREA_STYLE_COLOUR('',#15109);
#15306 = STYLED_ITEM('color',(#15307),#3586);
#15307 = PRESENTATION_STYLE_ASSIGNMENT((#15308));
#15308 = SURFACE_STYLE_USAGE(.BOTH.,#15309);
#15309 = SURFACE_SIDE_STYLE('',(#15310));
#15310 = SURFACE_STYLE_FILL_AREA(#15311);
#15311 = FILL_AREA_STYLE('',(#15312));
#15312 = FILL_AREA_STYLE_COLOUR('',#15109);
#15313 = STYLED_ITEM('color',(#15314),#3603);
#15314 = PRESENTATION_STYLE_ASSIGNMENT((#15315));
#15315 = SURFACE_STYLE_USAGE(.BOTH.,#15316);
#15316 = SURFACE_SIDE_STYLE('',(#15317));
#15317 = SURFACE_STYLE_FILL_AREA(#15318);
#15318 = FILL_AREA_STYLE('',(#15319));
#15319 = FILL_AREA_STYLE_COLOUR('',#15109);
#15320 = STYLED_ITEM('color',(#15321),#3620);
#15321 = PRESENTATION_STYLE_ASSIGNMENT((#15322));
#15322 = SURFACE_STYLE_USAGE(.BOTH.,#15323);
#15323 = SURFACE_SIDE_STYLE('',(#15324));
#15324 = SURFACE_STYLE_FILL_AREA(#15325);
#15325 = FILL_AREA_STYLE('',(#15326));
#15326 = FILL_AREA_STYLE_COLOUR('',#15109);
#15327 = STYLED_ITEM('color',(#15328),#3637);
#15328 = PRESENTATION_STYLE_ASSIGNMENT((#15329));
#15329 = SURFACE_STYLE_USAGE(.BOTH.,#15330);
#15330 = SURFACE_SIDE_STYLE('',(#15331));
#15331 = SURFACE_STYLE_FILL_AREA(#15332);
#15332 = FILL_AREA_STYLE('',(#15333));
#15333 = FILL_AREA_STYLE_COLOUR('',#15109);
#15334 = STYLED_ITEM('color',(#15335),#3654);
#15335 = PRESENTATION_STYLE_ASSIGNMENT((#15336));
#15336 = SURFACE_STYLE_USAGE(.BOTH.,#15337);
#15337 = SURFACE_SIDE_STYLE('',(#15338));
#15338 = SURFACE_STYLE_FILL_AREA(#15339);
#15339 = FILL_AREA_STYLE('',(#15340));
#15340 = FILL_AREA_STYLE_COLOUR('',#15109);
#15341 = STYLED_ITEM('color',(#15342),#3671);
#15342 = PRESENTATION_STYLE_ASSIGNMENT((#15343));
#15343 = SURFACE_STYLE_USAGE(.BOTH.,#15344);
#15344 = SURFACE_SIDE_STYLE('',(#15345));
#15345 = SURFACE_STYLE_FILL_AREA(#15346);
#15346 = FILL_AREA_STYLE('',(#15347));
#15347 = FILL_AREA_STYLE_COLOUR('',#15109);
#15348 = STYLED_ITEM('color',(#15349),#3688);
#15349 = PRESENTATION_STYLE_ASSIGNMENT((#15350));
#15350 = SURFACE_STYLE_USAGE(.BOTH.,#15351);
#15351 = SURFACE_SIDE_STYLE('',(#15352));
#15352 = SURFACE_STYLE_FILL_AREA(#15353);
#15353 = FILL_AREA_STYLE('',(#15354));
#15354 = FILL_AREA_STYLE_COLOUR('',#15109);
#15355 = STYLED_ITEM('color',(#15356),#3705);
#15356 = PRESENTATION_STYLE_ASSIGNMENT((#15357));
#15357 = SURFACE_STYLE_USAGE(.BOTH.,#15358);
#15358 = SURFACE_SIDE_STYLE('',(#15359));
#15359 = SURFACE_STYLE_FILL_AREA(#15360);
#15360 = FILL_AREA_STYLE('',(#15361));
#15361 = FILL_AREA_STYLE_COLOUR('',#15109);
#15362 = STYLED_ITEM('color',(#15363),#3722);
#15363 = PRESENTATION_STYLE_ASSIGNMENT((#15364));
#15364 = SURFACE_STYLE_USAGE(.BOTH.,#15365);
#15365 = SURFACE_SIDE_STYLE('',(#15366));
#15366 = SURFACE_STYLE_FILL_AREA(#15367);
#15367 = FILL_AREA_STYLE('',(#15368));
#15368 = FILL_AREA_STYLE_COLOUR('',#15109);
#15369 = STYLED_ITEM('color',(#15370),#3739);
#15370 = PRESENTATION_STYLE_ASSIGNMENT((#15371));
#15371 = SURFACE_STYLE_USAGE(.BOTH.,#15372);
#15372 = SURFACE_SIDE_STYLE('',(#15373));
#15373 = SURFACE_STYLE_FILL_AREA(#15374);
#15374 = FILL_AREA_STYLE('',(#15375));
#15375 = FILL_AREA_STYLE_COLOUR('',#15109);
#15376 = STYLED_ITEM('color',(#15377),#3756);
#15377 = PRESENTATION_STYLE_ASSIGNMENT((#15378));
#15378 = SURFACE_STYLE_USAGE(.BOTH.,#15379);
#15379 = SURFACE_SIDE_STYLE('',(#15380));
#15380 = SURFACE_STYLE_FILL_AREA(#15381);
#15381 = FILL_AREA_STYLE('',(#15382));
#15382 = FILL_AREA_STYLE_COLOUR('',#15109);
#15383 = STYLED_ITEM('color',(#15384),#3773);
#15384 = PRESENTATION_STYLE_ASSIGNMENT((#15385));
#15385 = SURFACE_STYLE_USAGE(.BOTH.,#15386);
#15386 = SURFACE_SIDE_STYLE('',(#15387));
#15387 = SURFACE_STYLE_FILL_AREA(#15388);
#15388 = FILL_AREA_STYLE('',(#15389));
#15389 = FILL_AREA_STYLE_COLOUR('',#15109);
#15390 = STYLED_ITEM('color',(#15391),#3790);
#15391 = PRESENTATION_STYLE_ASSIGNMENT((#15392));
#15392 = SURFACE_STYLE_USAGE(.BOTH.,#15393);
#15393 = SURFACE_SIDE_STYLE('',(#15394));
#15394 = SURFACE_STYLE_FILL_AREA(#15395);
#15395 = FILL_AREA_STYLE('',(#15396));
#15396 = FILL_AREA_STYLE_COLOUR('',#15109);
#15397 = STYLED_ITEM('color',(#15398),#3807);
#15398 = PRESENTATION_STYLE_ASSIGNMENT((#15399));
#15399 = SURFACE_STYLE_USAGE(.BOTH.,#15400);
#15400 = SURFACE_SIDE_STYLE('',(#15401));
#15401 = SURFACE_STYLE_FILL_AREA(#15402);
#15402 = FILL_AREA_STYLE('',(#15403));
#15403 = FILL_AREA_STYLE_COLOUR('',#15109);
#15404 = STYLED_ITEM('color',(#15405),#3824);
#15405 = PRESENTATION_STYLE_ASSIGNMENT((#15406));
#15406 = SURFACE_STYLE_USAGE(.BOTH.,#15407);
#15407 = SURFACE_SIDE_STYLE('',(#15408));
#15408 = SURFACE_STYLE_FILL_AREA(#15409);
#15409 = FILL_AREA_STYLE('',(#15410));
#15410 = FILL_AREA_STYLE_COLOUR('',#15109);
#15411 = STYLED_ITEM('color',(#15412),#3841);
#15412 = PRESENTATION_STYLE_ASSIGNMENT((#15413));
#15413 = SURFACE_STYLE_USAGE(.BOTH.,#15414);
#15414 = SURFACE_SIDE_STYLE('',(#15415));
#15415 = SURFACE_STYLE_FILL_AREA(#15416);
#15416 = FILL_AREA_STYLE('',(#15417));
#15417 = FILL_AREA_STYLE_COLOUR('',#15109);
#15418 = STYLED_ITEM('color',(#15419),#3858);
#15419 = PRESENTATION_STYLE_ASSIGNMENT((#15420));
#15420 = SURFACE_STYLE_USAGE(.BOTH.,#15421);
#15421 = SURFACE_SIDE_STYLE('',(#15422));
#15422 = SURFACE_STYLE_FILL_AREA(#15423);
#15423 = FILL_AREA_STYLE('',(#15424));
#15424 = FILL_AREA_STYLE_COLOUR('',#15109);
#15425 = STYLED_ITEM('color',(#15426),#3875);
#15426 = PRESENTATION_STYLE_ASSIGNMENT((#15427));
#15427 = SURFACE_STYLE_USAGE(.BOTH.,#15428);
#15428 = SURFACE_SIDE_STYLE('',(#15429));
#15429 = SURFACE_STYLE_FILL_AREA(#15430);
#15430 = FILL_AREA_STYLE('',(#15431));
#15431 = FILL_AREA_STYLE_COLOUR('',#15109);
#15432 = STYLED_ITEM('color',(#15433),#3892);
#15433 = PRESENTATION_STYLE_ASSIGNMENT((#15434));
#15434 = SURFACE_STYLE_USAGE(.BOTH.,#15435);
#15435 = SURFACE_SIDE_STYLE('',(#15436));
#15436 = SURFACE_STYLE_FILL_AREA(#15437);
#15437 = FILL_AREA_STYLE('',(#15438));
#15438 = FILL_AREA_STYLE_COLOUR('',#15109);
#15439 = STYLED_ITEM('color',(#15440),#3909);
#15440 = PRESENTATION_STYLE_ASSIGNMENT((#15441));
#15441 = SURFACE_STYLE_USAGE(.BOTH.,#15442);
#15442 = SURFACE_SIDE_STYLE('',(#15443));
#15443 = SURFACE_STYLE_FILL_AREA(#15444);
#15444 = FILL_AREA_STYLE('',(#15445));
#15445 = FILL_AREA_STYLE_COLOUR('',#15109);
#15446 = STYLED_ITEM('color',(#15447),#3926);
#15447 = PRESENTATION_STYLE_ASSIGNMENT((#15448));
#15448 = SURFACE_STYLE_USAGE(.BOTH.,#15449);
#15449 = SURFACE_SIDE_STYLE('',(#15450));
#15450 = SURFACE_STYLE_FILL_AREA(#15451);
#15451 = FILL_AREA_STYLE('',(#15452));
#15452 = FILL_AREA_STYLE_COLOUR('',#15109);
#15453 = STYLED_ITEM('color',(#15454),#3943);
#15454 = PRESENTATION_STYLE_ASSIGNMENT((#15455));
#15455 = SURFACE_STYLE_USAGE(.BOTH.,#15456);
#15456 = SURFACE_SIDE_STYLE('',(#15457));
#15457 = SURFACE_STYLE_FILL_AREA(#15458);
#15458 = FILL_AREA_STYLE('',(#15459));
#15459 = FILL_AREA_STYLE_COLOUR('',#15109);
#15460 = STYLED_ITEM('color',(#15461),#3960);
#15461 = PRESENTATION_STYLE_ASSIGNMENT((#15462));
#15462 = SURFACE_STYLE_USAGE(.BOTH.,#15463);
#15463 = SURFACE_SIDE_STYLE('',(#15464));
#15464 = SURFACE_STYLE_FILL_AREA(#15465);
#15465 = FILL_AREA_STYLE('',(#15466));
#15466 = FILL_AREA_STYLE_COLOUR('',#15109);
#15467 = STYLED_ITEM('color',(#15468),#3977);
#15468 = PRESENTATION_STYLE_ASSIGNMENT((#15469));
#15469 = SURFACE_STYLE_USAGE(.BOTH.,#15470);
#15470 = SURFACE_SIDE_STYLE('',(#15471));
#15471 = SURFACE_STYLE_FILL_AREA(#15472);
#15472 = FILL_AREA_STYLE('',(#15473));
#15473 = FILL_AREA_STYLE_COLOUR('',#15109);
#15474 = STYLED_ITEM('color',(#15475),#3994);
#15475 = PRESENTATION_STYLE_ASSIGNMENT((#15476));
#15476 = SURFACE_STYLE_USAGE(.BOTH.,#15477);
#15477 = SURFACE_SIDE_STYLE('',(#15478));
#15478 = SURFACE_STYLE_FILL_AREA(#15479);
#15479 = FILL_AREA_STYLE('',(#15480));
#15480 = FILL_AREA_STYLE_COLOUR('',#15109);
#15481 = STYLED_ITEM('color',(#15482),#4011);
#15482 = PRESENTATION_STYLE_ASSIGNMENT((#15483));
#15483 = SURFACE_STYLE_USAGE(.BOTH.,#15484);
#15484 = SURFACE_SIDE_STYLE('',(#15485));
#15485 = SURFACE_STYLE_FILL_AREA(#15486);
#15486 = FILL_AREA_STYLE('',(#15487));
#15487 = FILL_AREA_STYLE_COLOUR('',#15109);
#15488 = STYLED_ITEM('color',(#15489),#4028);
#15489 = PRESENTATION_STYLE_ASSIGNMENT((#15490));
#15490 = SURFACE_STYLE_USAGE(.BOTH.,#15491);
#15491 = SURFACE_SIDE_STYLE('',(#15492));
#15492 = SURFACE_STYLE_FILL_AREA(#15493);
#15493 = FILL_AREA_STYLE('',(#15494));
#15494 = FILL_AREA_STYLE_COLOUR('',#15109);
#15495 = STYLED_ITEM('color',(#15496),#4045);
#15496 = PRESENTATION_STYLE_ASSIGNMENT((#15497));
#15497 = SURFACE_STYLE_USAGE(.BOTH.,#15498);
#15498 = SURFACE_SIDE_STYLE('',(#15499));
#15499 = SURFACE_STYLE_FILL_AREA(#15500);
#15500 = FILL_AREA_STYLE('',(#15501));
#15501 = FILL_AREA_STYLE_COLOUR('',#15109);
#15502 = STYLED_ITEM('color',(#15503),#4062);
#15503 = PRESENTATION_STYLE_ASSIGNMENT((#15504));
#15504 = SURFACE_STYLE_USAGE(.BOTH.,#15505);
#15505 = SURFACE_SIDE_STYLE('',(#15506));
#15506 = SURFACE_STYLE_FILL_AREA(#15507);
#15507 = FILL_AREA_STYLE('',(#15508));
#15508 = FILL_AREA_STYLE_COLOUR('',#15109);
#15509 = STYLED_ITEM('color',(#15510),#4079);
#15510 = PRESENTATION_STYLE_ASSIGNMENT((#15511));
#15511 = SURFACE_STYLE_USAGE(.BOTH.,#15512);
#15512 = SURFACE_SIDE_STYLE('',(#15513));
#15513 = SURFACE_STYLE_FILL_AREA(#15514);
#15514 = FILL_AREA_STYLE('',(#15515));
#15515 = FILL_AREA_STYLE_COLOUR('',#15109);
#15516 = STYLED_ITEM('color',(#15517),#4096);
#15517 = PRESENTATION_STYLE_ASSIGNMENT((#15518));
#15518 = SURFACE_STYLE_USAGE(.BOTH.,#15519);
#15519 = SURFACE_SIDE_STYLE('',(#15520));
#15520 = SURFACE_STYLE_FILL_AREA(#15521);
#15521 = FILL_AREA_STYLE('',(#15522));
#15522 = FILL_AREA_STYLE_COLOUR('',#15109);
#15523 = STYLED_ITEM('color',(#15524),#4113);
#15524 = PRESENTATION_STYLE_ASSIGNMENT((#15525));
#15525 = SURFACE_STYLE_USAGE(.BOTH.,#15526);
#15526 = SURFACE_SIDE_STYLE('',(#15527));
#15527 = SURFACE_STYLE_FILL_AREA(#15528);
#15528 = FILL_AREA_STYLE('',(#15529));
#15529 = FILL_AREA_STYLE_COLOUR('',#15109);
#15530 = STYLED_ITEM('color',(#15531),#4130);
#15531 = PRESENTATION_STYLE_ASSIGNMENT((#15532));
#15532 = SURFACE_STYLE_USAGE(.BOTH.,#15533);
#15533 = SURFACE_SIDE_STYLE('',(#15534));
#15534 = SURFACE_STYLE_FILL_AREA(#15535);
#15535 = FILL_AREA_STYLE('',(#15536));
#15536 = FILL_AREA_STYLE_COLOUR('',#15109);
#15537 = STYLED_ITEM('color',(#15538),#4147);
#15538 = PRESENTATION_STYLE_ASSIGNMENT((#15539));
#15539 = SURFACE_STYLE_USAGE(.BOTH.,#15540);
#15540 = SURFACE_SIDE_STYLE('',(#15541));
#15541 = SURFACE_STYLE_FILL_AREA(#15542);
#15542 = FILL_AREA_STYLE('',(#15543));
#15543 = FILL_AREA_STYLE_COLOUR('',#15109);
#15544 = STYLED_ITEM('color',(#15545),#4164);
#15545 = PRESENTATION_STYLE_ASSIGNMENT((#15546));
#15546 = SURFACE_STYLE_USAGE(.BOTH.,#15547);
#15547 = SURFACE_SIDE_STYLE('',(#15548));
#15548 = SURFACE_STYLE_FILL_AREA(#15549);
#15549 = FILL_AREA_STYLE('',(#15550));
#15550 = FILL_AREA_STYLE_COLOUR('',#15109);
#15551 = STYLED_ITEM('color',(#15552),#4181);
#15552 = PRESENTATION_STYLE_ASSIGNMENT((#15553));
#15553 = SURFACE_STYLE_USAGE(.BOTH.,#15554);
#15554 = SURFACE_SIDE_STYLE('',(#15555));
#15555 = SURFACE_STYLE_FILL_AREA(#15556);
#15556 = FILL_AREA_STYLE('',(#15557));
#15557 = FILL_AREA_STYLE_COLOUR('',#15109);
#15558 = STYLED_ITEM('color',(#15559),#4198);
#15559 = PRESENTATION_STYLE_ASSIGNMENT((#15560));
#15560 = SURFACE_STYLE_USAGE(.BOTH.,#15561);
#15561 = SURFACE_SIDE_STYLE('',(#15562));
#15562 = SURFACE_STYLE_FILL_AREA(#15563);
#15563 = FILL_AREA_STYLE('',(#15564));
#15564 = FILL_AREA_STYLE_COLOUR('',#15109);
#15565 = STYLED_ITEM('color',(#15566),#4215);
#15566 = PRESENTATION_STYLE_ASSIGNMENT((#15567));
#15567 = SURFACE_STYLE_USAGE(.BOTH.,#15568);
#15568 = SURFACE_SIDE_STYLE('',(#15569));
#15569 = SURFACE_STYLE_FILL_AREA(#15570);
#15570 = FILL_AREA_STYLE('',(#15571));
#15571 = FILL_AREA_STYLE_COLOUR('',#15109);
#15572 = STYLED_ITEM('color',(#15573),#4232);
#15573 = PRESENTATION_STYLE_ASSIGNMENT((#15574));
#15574 = SURFACE_STYLE_USAGE(.BOTH.,#15575);
#15575 = SURFACE_SIDE_STYLE('',(#15576));
#15576 = SURFACE_STYLE_FILL_AREA(#15577);
#15577 = FILL_AREA_STYLE('',(#15578));
#15578 = FILL_AREA_STYLE_COLOUR('',#15109);
#15579 = STYLED_ITEM('color',(#15580),#4249);
#15580 = PRESENTATION_STYLE_ASSIGNMENT((#15581));
#15581 = SURFACE_STYLE_USAGE(.BOTH.,#15582);
#15582 = SURFACE_SIDE_STYLE('',(#15583));
#15583 = SURFACE_STYLE_FILL_AREA(#15584);
#15584 = FILL_AREA_STYLE('',(#15585));
#15585 = FILL_AREA_STYLE_COLOUR('',#15109);
#15586 = STYLED_ITEM('color',(#15587),#4266);
#15587 = PRESENTATION_STYLE_ASSIGNMENT((#15588));
#15588 = SURFACE_STYLE_USAGE(.BOTH.,#15589);
#15589 = SURFACE_SIDE_STYLE('',(#15590));
#15590 = SURFACE_STYLE_FILL_AREA(#15591);
#15591 = FILL_AREA_STYLE('',(#15592));
#15592 = FILL_AREA_STYLE_COLOUR('',#15109);
#15593 = STYLED_ITEM('color',(#15594),#4283);
#15594 = PRESENTATION_STYLE_ASSIGNMENT((#15595));
#15595 = SURFACE_STYLE_USAGE(.BOTH.,#15596);
#15596 = SURFACE_SIDE_STYLE('',(#15597));
#15597 = SURFACE_STYLE_FILL_AREA(#15598);
#15598 = FILL_AREA_STYLE('',(#15599));
#15599 = FILL_AREA_STYLE_COLOUR('',#15109);
#15600 = STYLED_ITEM('color',(#15601),#4300);
#15601 = PRESENTATION_STYLE_ASSIGNMENT((#15602));
#15602 = SURFACE_STYLE_USAGE(.BOTH.,#15603);
#15603 = SURFACE_SIDE_STYLE('',(#15604));
#15604 = SURFACE_STYLE_FILL_AREA(#15605);
#15605 = FILL_AREA_STYLE('',(#15606));
#15606 = FILL_AREA_STYLE_COLOUR('',#15109);
#15607 = STYLED_ITEM('color',(#15608),#4317);
#15608 = PRESENTATION_STYLE_ASSIGNMENT((#15609));
#15609 = SURFACE_STYLE_USAGE(.BOTH.,#15610);
#15610 = SURFACE_SIDE_STYLE('',(#15611));
#15611 = SURFACE_STYLE_FILL_AREA(#15612);
#15612 = FILL_AREA_STYLE('',(#15613));
#15613 = FILL_AREA_STYLE_COLOUR('',#15109);
#15614 = STYLED_ITEM('color',(#15615),#4334);
#15615 = PRESENTATION_STYLE_ASSIGNMENT((#15616));
#15616 = SURFACE_STYLE_USAGE(.BOTH.,#15617);
#15617 = SURFACE_SIDE_STYLE('',(#15618));
#15618 = SURFACE_STYLE_FILL_AREA(#15619);
#15619 = FILL_AREA_STYLE('',(#15620));
#15620 = FILL_AREA_STYLE_COLOUR('',#15109);
#15621 = STYLED_ITEM('color',(#15622),#4351);
#15622 = PRESENTATION_STYLE_ASSIGNMENT((#15623));
#15623 = SURFACE_STYLE_USAGE(.BOTH.,#15624);
#15624 = SURFACE_SIDE_STYLE('',(#15625));
#15625 = SURFACE_STYLE_FILL_AREA(#15626);
#15626 = FILL_AREA_STYLE('',(#15627));
#15627 = FILL_AREA_STYLE_COLOUR('',#15109);
#15628 = STYLED_ITEM('color',(#15629),#4368);
#15629 = PRESENTATION_STYLE_ASSIGNMENT((#15630));
#15630 = SURFACE_STYLE_USAGE(.BOTH.,#15631);
#15631 = SURFACE_SIDE_STYLE('',(#15632));
#15632 = SURFACE_STYLE_FILL_AREA(#15633);
#15633 = FILL_AREA_STYLE('',(#15634));
#15634 = FILL_AREA_STYLE_COLOUR('',#15109);
#15635 = STYLED_ITEM('color',(#15636),#4385);
#15636 = PRESENTATION_STYLE_ASSIGNMENT((#15637));
#15637 = SURFACE_STYLE_USAGE(.BOTH.,#15638);
#15638 = SURFACE_SIDE_STYLE('',(#15639));
#15639 = SURFACE_STYLE_FILL_AREA(#15640);
#15640 = FILL_AREA_STYLE('',(#15641));
#15641 = FILL_AREA_STYLE_COLOUR('',#15109);
#15642 = STYLED_ITEM('color',(#15643),#4402);
#15643 = PRESENTATION_STYLE_ASSIGNMENT((#15644));
#15644 = SURFACE_STYLE_USAGE(.BOTH.,#15645);
#15645 = SURFACE_SIDE_STYLE('',(#15646));
#15646 = SURFACE_STYLE_FILL_AREA(#15647);
#15647 = FILL_AREA_STYLE('',(#15648));
#15648 = FILL_AREA_STYLE_COLOUR('',#15109);
#15649 = STYLED_ITEM('color',(#15650),#4419);
#15650 = PRESENTATION_STYLE_ASSIGNMENT((#15651));
#15651 = SURFACE_STYLE_USAGE(.BOTH.,#15652);
#15652 = SURFACE_SIDE_STYLE('',(#15653));
#15653 = SURFACE_STYLE_FILL_AREA(#15654);
#15654 = FILL_AREA_STYLE('',(#15655));
#15655 = FILL_AREA_STYLE_COLOUR('',#15109);
#15656 = STYLED_ITEM('color',(#15657),#4436);
#15657 = PRESENTATION_STYLE_ASSIGNMENT((#15658));
#15658 = SURFACE_STYLE_USAGE(.BOTH.,#15659);
#15659 = SURFACE_SIDE_STYLE('',(#15660));
#15660 = SURFACE_STYLE_FILL_AREA(#15661);
#15661 = FILL_AREA_STYLE('',(#15662));
#15662 = FILL_AREA_STYLE_COLOUR('',#15109);
#15663 = STYLED_ITEM('color',(#15664),#4453);
#15664 = PRESENTATION_STYLE_ASSIGNMENT((#15665));
#15665 = SURFACE_STYLE_USAGE(.BOTH.,#15666);
#15666 = SURFACE_SIDE_STYLE('',(#15667));
#15667 = SURFACE_STYLE_FILL_AREA(#15668);
#15668 = FILL_AREA_STYLE('',(#15669));
#15669 = FILL_AREA_STYLE_COLOUR('',#15109);
#15670 = STYLED_ITEM('color',(#15671),#4470);
#15671 = PRESENTATION_STYLE_ASSIGNMENT((#15672));
#15672 = SURFACE_STYLE_USAGE(.BOTH.,#15673);
#15673 = SURFACE_SIDE_STYLE('',(#15674));
#15674 = SURFACE_STYLE_FILL_AREA(#15675);
#15675 = FILL_AREA_STYLE('',(#15676));
#15676 = FILL_AREA_STYLE_COLOUR('',#15109);
#15677 = STYLED_ITEM('color',(#15678),#4482);
#15678 = PRESENTATION_STYLE_ASSIGNMENT((#15679));
#15679 = SURFACE_STYLE_USAGE(.BOTH.,#15680);
#15680 = SURFACE_SIDE_STYLE('',(#15681));
#15681 = SURFACE_STYLE_FILL_AREA(#15682);
#15682 = FILL_AREA_STYLE('',(#15683));
#15683 = FILL_AREA_STYLE_COLOUR('',#15684);
#15684 = COLOUR_RGB('',0.859000020776,0.737999965183,0.495999988746);
#15685 = STYLED_ITEM('color',(#15686),#4513);
#15686 = PRESENTATION_STYLE_ASSIGNMENT((#15687));
#15687 = SURFACE_STYLE_USAGE(.BOTH.,#15688);
#15688 = SURFACE_SIDE_STYLE('',(#15689));
#15689 = SURFACE_STYLE_FILL_AREA(#15690);
#15690 = FILL_AREA_STYLE('',(#15691));
#15691 = FILL_AREA_STYLE_COLOUR('',#15684);
#15692 = STYLED_ITEM('color',(#15693),#4537);
#15693 = PRESENTATION_STYLE_ASSIGNMENT((#15694));
#15694 = SURFACE_STYLE_USAGE(.BOTH.,#15695);
#15695 = SURFACE_SIDE_STYLE('',(#15696));
#15696 = SURFACE_STYLE_FILL_AREA(#15697);
#15697 = FILL_AREA_STYLE('',(#15698));
#15698 = FILL_AREA_STYLE_COLOUR('',#15684);
#15699 = STYLED_ITEM('color',(#15700),#4561);
#15700 = PRESENTATION_STYLE_ASSIGNMENT((#15701));
#15701 = SURFACE_STYLE_USAGE(.BOTH.,#15702);
#15702 = SURFACE_SIDE_STYLE('',(#15703));
#15703 = SURFACE_STYLE_FILL_AREA(#15704);
#15704 = FILL_AREA_STYLE('',(#15705));
#15705 = FILL_AREA_STYLE_COLOUR('',#15684);
#15706 = STYLED_ITEM('color',(#15707),#4578);
#15707 = PRESENTATION_STYLE_ASSIGNMENT((#15708));
#15708 = SURFACE_STYLE_USAGE(.BOTH.,#15709);
#15709 = SURFACE_SIDE_STYLE('',(#15710));
#15710 = SURFACE_STYLE_FILL_AREA(#15711);
#15711 = FILL_AREA_STYLE('',(#15712));
#15712 = FILL_AREA_STYLE_COLOUR('',#15684);
#15713 = STYLED_ITEM('color',(#15714),#4609);
#15714 = PRESENTATION_STYLE_ASSIGNMENT((#15715));
#15715 = SURFACE_STYLE_USAGE(.BOTH.,#15716);
#15716 = SURFACE_SIDE_STYLE('',(#15717));
#15717 = SURFACE_STYLE_FILL_AREA(#15718);
#15718 = FILL_AREA_STYLE('',(#15719));
#15719 = FILL_AREA_STYLE_COLOUR('',#15684);
#15720 = STYLED_ITEM('color',(#15721),#4633);
#15721 = PRESENTATION_STYLE_ASSIGNMENT((#15722));
#15722 = SURFACE_STYLE_USAGE(.BOTH.,#15723);
#15723 = SURFACE_SIDE_STYLE('',(#15724));
#15724 = SURFACE_STYLE_FILL_AREA(#15725);
#15725 = FILL_AREA_STYLE('',(#15726));
#15726 = FILL_AREA_STYLE_COLOUR('',#15684);
#15727 = STYLED_ITEM('color',(#15728),#4657);
#15728 = PRESENTATION_STYLE_ASSIGNMENT((#15729));
#15729 = SURFACE_STYLE_USAGE(.BOTH.,#15730);
#15730 = SURFACE_SIDE_STYLE('',(#15731));
#15731 = SURFACE_STYLE_FILL_AREA(#15732);
#15732 = FILL_AREA_STYLE('',(#15733));
#15733 = FILL_AREA_STYLE_COLOUR('',#15684);
#15734 = STYLED_ITEM('color',(#15735),#4674);
#15735 = PRESENTATION_STYLE_ASSIGNMENT((#15736));
#15736 = SURFACE_STYLE_USAGE(.BOTH.,#15737);
#15737 = SURFACE_SIDE_STYLE('',(#15738));
#15738 = SURFACE_STYLE_FILL_AREA(#15739);
#15739 = FILL_AREA_STYLE('',(#15740));
#15740 = FILL_AREA_STYLE_COLOUR('',#15684);
#15741 = STYLED_ITEM('color',(#15742),#4705);
#15742 = PRESENTATION_STYLE_ASSIGNMENT((#15743));
#15743 = SURFACE_STYLE_USAGE(.BOTH.,#15744);
#15744 = SURFACE_SIDE_STYLE('',(#15745));
#15745 = SURFACE_STYLE_FILL_AREA(#15746);
#15746 = FILL_AREA_STYLE('',(#15747));
#15747 = FILL_AREA_STYLE_COLOUR('',#15684);
#15748 = STYLED_ITEM('color',(#15749),#4729);
#15749 = PRESENTATION_STYLE_ASSIGNMENT((#15750));
#15750 = SURFACE_STYLE_USAGE(.BOTH.,#15751);
#15751 = SURFACE_SIDE_STYLE('',(#15752));
#15752 = SURFACE_STYLE_FILL_AREA(#15753);
#15753 = FILL_AREA_STYLE('',(#15754));
#15754 = FILL_AREA_STYLE_COLOUR('',#15684);
#15755 = STYLED_ITEM('color',(#15756),#4753);
#15756 = PRESENTATION_STYLE_ASSIGNMENT((#15757));
#15757 = SURFACE_STYLE_USAGE(.BOTH.,#15758);
#15758 = SURFACE_SIDE_STYLE('',(#15759));
#15759 = SURFACE_STYLE_FILL_AREA(#15760);
#15760 = FILL_AREA_STYLE('',(#15761));
#15761 = FILL_AREA_STYLE_COLOUR('',#15684);
#15762 = STYLED_ITEM('color',(#15763),#4770);
#15763 = PRESENTATION_STYLE_ASSIGNMENT((#15764));
#15764 = SURFACE_STYLE_USAGE(.BOTH.,#15765);
#15765 = SURFACE_SIDE_STYLE('',(#15766));
#15766 = SURFACE_STYLE_FILL_AREA(#15767);
#15767 = FILL_AREA_STYLE('',(#15768));
#15768 = FILL_AREA_STYLE_COLOUR('',#15684);
#15769 = STYLED_ITEM('color',(#15770),#4801);
#15770 = PRESENTATION_STYLE_ASSIGNMENT((#15771));
#15771 = SURFACE_STYLE_USAGE(.BOTH.,#15772);
#15772 = SURFACE_SIDE_STYLE('',(#15773));
#15773 = SURFACE_STYLE_FILL_AREA(#15774);
#15774 = FILL_AREA_STYLE('',(#15775));
#15775 = FILL_AREA_STYLE_COLOUR('',#15684);
#15776 = STYLED_ITEM('color',(#15777),#4825);
#15777 = PRESENTATION_STYLE_ASSIGNMENT((#15778));
#15778 = SURFACE_STYLE_USAGE(.BOTH.,#15779);
#15779 = SURFACE_SIDE_STYLE('',(#15780));
#15780 = SURFACE_STYLE_FILL_AREA(#15781);
#15781 = FILL_AREA_STYLE('',(#15782));
#15782 = FILL_AREA_STYLE_COLOUR('',#15684);
#15783 = STYLED_ITEM('color',(#15784),#4849);
#15784 = PRESENTATION_STYLE_ASSIGNMENT((#15785));
#15785 = SURFACE_STYLE_USAGE(.BOTH.,#15786);
#15786 = SURFACE_SIDE_STYLE('',(#15787));
#15787 = SURFACE_STYLE_FILL_AREA(#15788);
#15788 = FILL_AREA_STYLE('',(#15789));
#15789 = FILL_AREA_STYLE_COLOUR('',#15684);
#15790 = STYLED_ITEM('color',(#15791),#4866);
#15791 = PRESENTATION_STYLE_ASSIGNMENT((#15792));
#15792 = SURFACE_STYLE_USAGE(.BOTH.,#15793);
#15793 = SURFACE_SIDE_STYLE('',(#15794));
#15794 = SURFACE_STYLE_FILL_AREA(#15795);
#15795 = FILL_AREA_STYLE('',(#15796));
#15796 = FILL_AREA_STYLE_COLOUR('',#15684);
#15797 = STYLED_ITEM('color',(#15798),#4897);
#15798 = PRESENTATION_STYLE_ASSIGNMENT((#15799));
#15799 = SURFACE_STYLE_USAGE(.BOTH.,#15800);
#15800 = SURFACE_SIDE_STYLE('',(#15801));
#15801 = SURFACE_STYLE_FILL_AREA(#15802);
#15802 = FILL_AREA_STYLE('',(#15803));
#15803 = FILL_AREA_STYLE_COLOUR('',#15684);
#15804 = STYLED_ITEM('color',(#15805),#4921);
#15805 = PRESENTATION_STYLE_ASSIGNMENT((#15806));
#15806 = SURFACE_STYLE_USAGE(.BOTH.,#15807);
#15807 = SURFACE_SIDE_STYLE('',(#15808));
#15808 = SURFACE_STYLE_FILL_AREA(#15809);
#15809 = FILL_AREA_STYLE('',(#15810));
#15810 = FILL_AREA_STYLE_COLOUR('',#15684);
#15811 = STYLED_ITEM('color',(#15812),#4945);
#15812 = PRESENTATION_STYLE_ASSIGNMENT((#15813));
#15813 = SURFACE_STYLE_USAGE(.BOTH.,#15814);
#15814 = SURFACE_SIDE_STYLE('',(#15815));
#15815 = SURFACE_STYLE_FILL_AREA(#15816);
#15816 = FILL_AREA_STYLE('',(#15817));
#15817 = FILL_AREA_STYLE_COLOUR('',#15684);
#15818 = STYLED_ITEM('color',(#15819),#4962);
#15819 = PRESENTATION_STYLE_ASSIGNMENT((#15820));
#15820 = SURFACE_STYLE_USAGE(.BOTH.,#15821);
#15821 = SURFACE_SIDE_STYLE('',(#15822));
#15822 = SURFACE_STYLE_FILL_AREA(#15823);
#15823 = FILL_AREA_STYLE('',(#15824));
#15824 = FILL_AREA_STYLE_COLOUR('',#15684);
#15825 = STYLED_ITEM('color',(#15826),#4993);
#15826 = PRESENTATION_STYLE_ASSIGNMENT((#15827));
#15827 = SURFACE_STYLE_USAGE(.BOTH.,#15828);
#15828 = SURFACE_SIDE_STYLE('',(#15829));
#15829 = SURFACE_STYLE_FILL_AREA(#15830);
#15830 = FILL_AREA_STYLE('',(#15831));
#15831 = FILL_AREA_STYLE_COLOUR('',#15684);
#15832 = STYLED_ITEM('color',(#15833),#5017);
#15833 = PRESENTATION_STYLE_ASSIGNMENT((#15834));
#15834 = SURFACE_STYLE_USAGE(.BOTH.,#15835);
#15835 = SURFACE_SIDE_STYLE('',(#15836));
#15836 = SURFACE_STYLE_FILL_AREA(#15837);
#15837 = FILL_AREA_STYLE('',(#15838));
#15838 = FILL_AREA_STYLE_COLOUR('',#15684);
#15839 = STYLED_ITEM('color',(#15840),#5041);
#15840 = PRESENTATION_STYLE_ASSIGNMENT((#15841));
#15841 = SURFACE_STYLE_USAGE(.BOTH.,#15842);
#15842 = SURFACE_SIDE_STYLE('',(#15843));
#15843 = SURFACE_STYLE_FILL_AREA(#15844);
#15844 = FILL_AREA_STYLE('',(#15845));
#15845 = FILL_AREA_STYLE_COLOUR('',#15684);
#15846 = STYLED_ITEM('color',(#15847),#5058);
#15847 = PRESENTATION_STYLE_ASSIGNMENT((#15848));
#15848 = SURFACE_STYLE_USAGE(.BOTH.,#15849);
#15849 = SURFACE_SIDE_STYLE('',(#15850));
#15850 = SURFACE_STYLE_FILL_AREA(#15851);
#15851 = FILL_AREA_STYLE('',(#15852));
#15852 = FILL_AREA_STYLE_COLOUR('',#15684);
#15853 = STYLED_ITEM('color',(#15854),#5089);
#15854 = PRESENTATION_STYLE_ASSIGNMENT((#15855));
#15855 = SURFACE_STYLE_USAGE(.BOTH.,#15856);
#15856 = SURFACE_SIDE_STYLE('',(#15857));
#15857 = SURFACE_STYLE_FILL_AREA(#15858);
#15858 = FILL_AREA_STYLE('',(#15859));
#15859 = FILL_AREA_STYLE_COLOUR('',#15684);
#15860 = STYLED_ITEM('color',(#15861),#5113);
#15861 = PRESENTATION_STYLE_ASSIGNMENT((#15862));
#15862 = SURFACE_STYLE_USAGE(.BOTH.,#15863);
#15863 = SURFACE_SIDE_STYLE('',(#15864));
#15864 = SURFACE_STYLE_FILL_AREA(#15865);
#15865 = FILL_AREA_STYLE('',(#15866));
#15866 = FILL_AREA_STYLE_COLOUR('',#15684);
#15867 = STYLED_ITEM('color',(#15868),#5137);
#15868 = PRESENTATION_STYLE_ASSIGNMENT((#15869));
#15869 = SURFACE_STYLE_USAGE(.BOTH.,#15870);
#15870 = SURFACE_SIDE_STYLE('',(#15871));
#15871 = SURFACE_STYLE_FILL_AREA(#15872);
#15872 = FILL_AREA_STYLE('',(#15873));
#15873 = FILL_AREA_STYLE_COLOUR('',#15684);
#15874 = STYLED_ITEM('color',(#15875),#5154);
#15875 = PRESENTATION_STYLE_ASSIGNMENT((#15876));
#15876 = SURFACE_STYLE_USAGE(.BOTH.,#15877);
#15877 = SURFACE_SIDE_STYLE('',(#15878));
#15878 = SURFACE_STYLE_FILL_AREA(#15879);
#15879 = FILL_AREA_STYLE('',(#15880));
#15880 = FILL_AREA_STYLE_COLOUR('',#15684);
#15881 = STYLED_ITEM('color',(#15882),#5185);
#15882 = PRESENTATION_STYLE_ASSIGNMENT((#15883));
#15883 = SURFACE_STYLE_USAGE(.BOTH.,#15884);
#15884 = SURFACE_SIDE_STYLE('',(#15885));
#15885 = SURFACE_STYLE_FILL_AREA(#15886);
#15886 = FILL_AREA_STYLE('',(#15887));
#15887 = FILL_AREA_STYLE_COLOUR('',#15684);
#15888 = STYLED_ITEM('color',(#15889),#5209);
#15889 = PRESENTATION_STYLE_ASSIGNMENT((#15890));
#15890 = SURFACE_STYLE_USAGE(.BOTH.,#15891);
#15891 = SURFACE_SIDE_STYLE('',(#15892));
#15892 = SURFACE_STYLE_FILL_AREA(#15893);
#15893 = FILL_AREA_STYLE('',(#15894));
#15894 = FILL_AREA_STYLE_COLOUR('',#15684);
#15895 = STYLED_ITEM('color',(#15896),#5233);
#15896 = PRESENTATION_STYLE_ASSIGNMENT((#15897));
#15897 = SURFACE_STYLE_USAGE(.BOTH.,#15898);
#15898 = SURFACE_SIDE_STYLE('',(#15899));
#15899 = SURFACE_STYLE_FILL_AREA(#15900);
#15900 = FILL_AREA_STYLE('',(#15901));
#15901 = FILL_AREA_STYLE_COLOUR('',#15684);
#15902 = STYLED_ITEM('color',(#15903),#5250);
#15903 = PRESENTATION_STYLE_ASSIGNMENT((#15904));
#15904 = SURFACE_STYLE_USAGE(.BOTH.,#15905);
#15905 = SURFACE_SIDE_STYLE('',(#15906));
#15906 = SURFACE_STYLE_FILL_AREA(#15907);
#15907 = FILL_AREA_STYLE('',(#15908));
#15908 = FILL_AREA_STYLE_COLOUR('',#15684);
#15909 = STYLED_ITEM('color',(#15910),#5281);
#15910 = PRESENTATION_STYLE_ASSIGNMENT((#15911));
#15911 = SURFACE_STYLE_USAGE(.BOTH.,#15912);
#15912 = SURFACE_SIDE_STYLE('',(#15913));
#15913 = SURFACE_STYLE_FILL_AREA(#15914);
#15914 = FILL_AREA_STYLE('',(#15915));
#15915 = FILL_AREA_STYLE_COLOUR('',#15684);
#15916 = STYLED_ITEM('color',(#15917),#5305);
#15917 = PRESENTATION_STYLE_ASSIGNMENT((#15918));
#15918 = SURFACE_STYLE_USAGE(.BOTH.,#15919);
#15919 = SURFACE_SIDE_STYLE('',(#15920));
#15920 = SURFACE_STYLE_FILL_AREA(#15921);
#15921 = FILL_AREA_STYLE('',(#15922));
#15922 = FILL_AREA_STYLE_COLOUR('',#15684);
#15923 = STYLED_ITEM('color',(#15924),#5329);
#15924 = PRESENTATION_STYLE_ASSIGNMENT((#15925));
#15925 = SURFACE_STYLE_USAGE(.BOTH.,#15926);
#15926 = SURFACE_SIDE_STYLE('',(#15927));
#15927 = SURFACE_STYLE_FILL_AREA(#15928);
#15928 = FILL_AREA_STYLE('',(#15929));
#15929 = FILL_AREA_STYLE_COLOUR('',#15684);
#15930 = STYLED_ITEM('color',(#15931),#5346);
#15931 = PRESENTATION_STYLE_ASSIGNMENT((#15932));
#15932 = SURFACE_STYLE_USAGE(.BOTH.,#15933);
#15933 = SURFACE_SIDE_STYLE('',(#15934));
#15934 = SURFACE_STYLE_FILL_AREA(#15935);
#15935 = FILL_AREA_STYLE('',(#15936));
#15936 = FILL_AREA_STYLE_COLOUR('',#15684);
#15937 = STYLED_ITEM('color',(#15938),#5377);
#15938 = PRESENTATION_STYLE_ASSIGNMENT((#15939));
#15939 = SURFACE_STYLE_USAGE(.BOTH.,#15940);
#15940 = SURFACE_SIDE_STYLE('',(#15941));
#15941 = SURFACE_STYLE_FILL_AREA(#15942);
#15942 = FILL_AREA_STYLE('',(#15943));
#15943 = FILL_AREA_STYLE_COLOUR('',#15684);
#15944 = STYLED_ITEM('color',(#15945),#5401);
#15945 = PRESENTATION_STYLE_ASSIGNMENT((#15946));
#15946 = SURFACE_STYLE_USAGE(.BOTH.,#15947);
#15947 = SURFACE_SIDE_STYLE('',(#15948));
#15948 = SURFACE_STYLE_FILL_AREA(#15949);
#15949 = FILL_AREA_STYLE('',(#15950));
#15950 = FILL_AREA_STYLE_COLOUR('',#15684);
#15951 = STYLED_ITEM('color',(#15952),#5425);
#15952 = PRESENTATION_STYLE_ASSIGNMENT((#15953));
#15953 = SURFACE_STYLE_USAGE(.BOTH.,#15954);
#15954 = SURFACE_SIDE_STYLE('',(#15955));
#15955 = SURFACE_STYLE_FILL_AREA(#15956);
#15956 = FILL_AREA_STYLE('',(#15957));
#15957 = FILL_AREA_STYLE_COLOUR('',#15684);
#15958 = STYLED_ITEM('color',(#15959),#5442);
#15959 = PRESENTATION_STYLE_ASSIGNMENT((#15960));
#15960 = SURFACE_STYLE_USAGE(.BOTH.,#15961);
#15961 = SURFACE_SIDE_STYLE('',(#15962));
#15962 = SURFACE_STYLE_FILL_AREA(#15963);
#15963 = FILL_AREA_STYLE('',(#15964));
#15964 = FILL_AREA_STYLE_COLOUR('',#15684);
#15965 = STYLED_ITEM('color',(#15966),#5473);
#15966 = PRESENTATION_STYLE_ASSIGNMENT((#15967));
#15967 = SURFACE_STYLE_USAGE(.BOTH.,#15968);
#15968 = SURFACE_SIDE_STYLE('',(#15969));
#15969 = SURFACE_STYLE_FILL_AREA(#15970);
#15970 = FILL_AREA_STYLE('',(#15971));
#15971 = FILL_AREA_STYLE_COLOUR('',#15684);
#15972 = STYLED_ITEM('color',(#15973),#5497);
#15973 = PRESENTATION_STYLE_ASSIGNMENT((#15974));
#15974 = SURFACE_STYLE_USAGE(.BOTH.,#15975);
#15975 = SURFACE_SIDE_STYLE('',(#15976));
#15976 = SURFACE_STYLE_FILL_AREA(#15977);
#15977 = FILL_AREA_STYLE('',(#15978));
#15978 = FILL_AREA_STYLE_COLOUR('',#15684);
#15979 = STYLED_ITEM('color',(#15980),#5521);
#15980 = PRESENTATION_STYLE_ASSIGNMENT((#15981));
#15981 = SURFACE_STYLE_USAGE(.BOTH.,#15982);
#15982 = SURFACE_SIDE_STYLE('',(#15983));
#15983 = SURFACE_STYLE_FILL_AREA(#15984);
#15984 = FILL_AREA_STYLE('',(#15985));
#15985 = FILL_AREA_STYLE_COLOUR('',#15684);
#15986 = STYLED_ITEM('color',(#15987),#5538);
#15987 = PRESENTATION_STYLE_ASSIGNMENT((#15988));
#15988 = SURFACE_STYLE_USAGE(.BOTH.,#15989);
#15989 = SURFACE_SIDE_STYLE('',(#15990));
#15990 = SURFACE_STYLE_FILL_AREA(#15991);
#15991 = FILL_AREA_STYLE('',(#15992));
#15992 = FILL_AREA_STYLE_COLOUR('',#15684);
#15993 = STYLED_ITEM('color',(#15994),#5569);
#15994 = PRESENTATION_STYLE_ASSIGNMENT((#15995));
#15995 = SURFACE_STYLE_USAGE(.BOTH.,#15996);
#15996 = SURFACE_SIDE_STYLE('',(#15997));
#15997 = SURFACE_STYLE_FILL_AREA(#15998);
#15998 = FILL_AREA_STYLE('',(#15999));
#15999 = FILL_AREA_STYLE_COLOUR('',#15684);
#16000 = STYLED_ITEM('color',(#16001),#5593);
#16001 = PRESENTATION_STYLE_ASSIGNMENT((#16002));
#16002 = SURFACE_STYLE_USAGE(.BOTH.,#16003);
#16003 = SURFACE_SIDE_STYLE('',(#16004));
#16004 = SURFACE_STYLE_FILL_AREA(#16005);
#16005 = FILL_AREA_STYLE('',(#16006));
#16006 = FILL_AREA_STYLE_COLOUR('',#15684);
#16007 = STYLED_ITEM('color',(#16008),#5617);
#16008 = PRESENTATION_STYLE_ASSIGNMENT((#16009));
#16009 = SURFACE_STYLE_USAGE(.BOTH.,#16010);
#16010 = SURFACE_SIDE_STYLE('',(#16011));
#16011 = SURFACE_STYLE_FILL_AREA(#16012);
#16012 = FILL_AREA_STYLE('',(#16013));
#16013 = FILL_AREA_STYLE_COLOUR('',#15684);
#16014 = STYLED_ITEM('color',(#16015),#5634);
#16015 = PRESENTATION_STYLE_ASSIGNMENT((#16016));
#16016 = SURFACE_STYLE_USAGE(.BOTH.,#16017);
#16017 = SURFACE_SIDE_STYLE('',(#16018));
#16018 = SURFACE_STYLE_FILL_AREA(#16019);
#16019 = FILL_AREA_STYLE('',(#16020));
#16020 = FILL_AREA_STYLE_COLOUR('',#15684);
#16021 = STYLED_ITEM('color',(#16022),#5665);
#16022 = PRESENTATION_STYLE_ASSIGNMENT((#16023));
#16023 = SURFACE_STYLE_USAGE(.BOTH.,#16024);
#16024 = SURFACE_SIDE_STYLE('',(#16025));
#16025 = SURFACE_STYLE_FILL_AREA(#16026);
#16026 = FILL_AREA_STYLE('',(#16027));
#16027 = FILL_AREA_STYLE_COLOUR('',#15684);
#16028 = STYLED_ITEM('color',(#16029),#5689);
#16029 = PRESENTATION_STYLE_ASSIGNMENT((#16030));
#16030 = SURFACE_STYLE_USAGE(.BOTH.,#16031);
#16031 = SURFACE_SIDE_STYLE('',(#16032));
#16032 = SURFACE_STYLE_FILL_AREA(#16033);
#16033 = FILL_AREA_STYLE('',(#16034));
#16034 = FILL_AREA_STYLE_COLOUR('',#15684);
#16035 = STYLED_ITEM('color',(#16036),#5713);
#16036 = PRESENTATION_STYLE_ASSIGNMENT((#16037));
#16037 = SURFACE_STYLE_USAGE(.BOTH.,#16038);
#16038 = SURFACE_SIDE_STYLE('',(#16039));
#16039 = SURFACE_STYLE_FILL_AREA(#16040);
#16040 = FILL_AREA_STYLE('',(#16041));
#16041 = FILL_AREA_STYLE_COLOUR('',#15684);
#16042 = STYLED_ITEM('color',(#16043),#5730);
#16043 = PRESENTATION_STYLE_ASSIGNMENT((#16044));
#16044 = SURFACE_STYLE_USAGE(.BOTH.,#16045);
#16045 = SURFACE_SIDE_STYLE('',(#16046));
#16046 = SURFACE_STYLE_FILL_AREA(#16047);
#16047 = FILL_AREA_STYLE('',(#16048));
#16048 = FILL_AREA_STYLE_COLOUR('',#15684);
#16049 = STYLED_ITEM('color',(#16050),#5761);
#16050 = PRESENTATION_STYLE_ASSIGNMENT((#16051));
#16051 = SURFACE_STYLE_USAGE(.BOTH.,#16052);
#16052 = SURFACE_SIDE_STYLE('',(#16053));
#16053 = SURFACE_STYLE_FILL_AREA(#16054);
#16054 = FILL_AREA_STYLE('',(#16055));
#16055 = FILL_AREA_STYLE_COLOUR('',#15684);
#16056 = STYLED_ITEM('color',(#16057),#5785);
#16057 = PRESENTATION_STYLE_ASSIGNMENT((#16058));
#16058 = SURFACE_STYLE_USAGE(.BOTH.,#16059);
#16059 = SURFACE_SIDE_STYLE('',(#16060));
#16060 = SURFACE_STYLE_FILL_AREA(#16061);
#16061 = FILL_AREA_STYLE('',(#16062));
#16062 = FILL_AREA_STYLE_COLOUR('',#15684);
#16063 = STYLED_ITEM('color',(#16064),#5809);
#16064 = PRESENTATION_STYLE_ASSIGNMENT((#16065));
#16065 = SURFACE_STYLE_USAGE(.BOTH.,#16066);
#16066 = SURFACE_SIDE_STYLE('',(#16067));
#16067 = SURFACE_STYLE_FILL_AREA(#16068);
#16068 = FILL_AREA_STYLE('',(#16069));
#16069 = FILL_AREA_STYLE_COLOUR('',#15684);
#16070 = STYLED_ITEM('color',(#16071),#5826);
#16071 = PRESENTATION_STYLE_ASSIGNMENT((#16072));
#16072 = SURFACE_STYLE_USAGE(.BOTH.,#16073);
#16073 = SURFACE_SIDE_STYLE('',(#16074));
#16074 = SURFACE_STYLE_FILL_AREA(#16075);
#16075 = FILL_AREA_STYLE('',(#16076));
#16076 = FILL_AREA_STYLE_COLOUR('',#15684);
#16077 = STYLED_ITEM('color',(#16078),#5857);
#16078 = PRESENTATION_STYLE_ASSIGNMENT((#16079));
#16079 = SURFACE_STYLE_USAGE(.BOTH.,#16080);
#16080 = SURFACE_SIDE_STYLE('',(#16081));
#16081 = SURFACE_STYLE_FILL_AREA(#16082);
#16082 = FILL_AREA_STYLE('',(#16083));
#16083 = FILL_AREA_STYLE_COLOUR('',#15684);
#16084 = STYLED_ITEM('color',(#16085),#5881);
#16085 = PRESENTATION_STYLE_ASSIGNMENT((#16086));
#16086 = SURFACE_STYLE_USAGE(.BOTH.,#16087);
#16087 = SURFACE_SIDE_STYLE('',(#16088));
#16088 = SURFACE_STYLE_FILL_AREA(#16089);
#16089 = FILL_AREA_STYLE('',(#16090));
#16090 = FILL_AREA_STYLE_COLOUR('',#15684);
#16091 = STYLED_ITEM('color',(#16092),#5905);
#16092 = PRESENTATION_STYLE_ASSIGNMENT((#16093));
#16093 = SURFACE_STYLE_USAGE(.BOTH.,#16094);
#16094 = SURFACE_SIDE_STYLE('',(#16095));
#16095 = SURFACE_STYLE_FILL_AREA(#16096);
#16096 = FILL_AREA_STYLE('',(#16097));
#16097 = FILL_AREA_STYLE_COLOUR('',#15684);
#16098 = STYLED_ITEM('color',(#16099),#5922);
#16099 = PRESENTATION_STYLE_ASSIGNMENT((#16100));
#16100 = SURFACE_STYLE_USAGE(.BOTH.,#16101);
#16101 = SURFACE_SIDE_STYLE('',(#16102));
#16102 = SURFACE_STYLE_FILL_AREA(#16103);
#16103 = FILL_AREA_STYLE('',(#16104));
#16104 = FILL_AREA_STYLE_COLOUR('',#15684);
#16105 = STYLED_ITEM('color',(#16106),#5953);
#16106 = PRESENTATION_STYLE_ASSIGNMENT((#16107));
#16107 = SURFACE_STYLE_USAGE(.BOTH.,#16108);
#16108 = SURFACE_SIDE_STYLE('',(#16109));
#16109 = SURFACE_STYLE_FILL_AREA(#16110);
#16110 = FILL_AREA_STYLE('',(#16111));
#16111 = FILL_AREA_STYLE_COLOUR('',#15684);
#16112 = STYLED_ITEM('color',(#16113),#5977);
#16113 = PRESENTATION_STYLE_ASSIGNMENT((#16114));
#16114 = SURFACE_STYLE_USAGE(.BOTH.,#16115);
#16115 = SURFACE_SIDE_STYLE('',(#16116));
#16116 = SURFACE_STYLE_FILL_AREA(#16117);
#16117 = FILL_AREA_STYLE('',(#16118));
#16118 = FILL_AREA_STYLE_COLOUR('',#15684);
#16119 = STYLED_ITEM('color',(#16120),#6001);
#16120 = PRESENTATION_STYLE_ASSIGNMENT((#16121));
#16121 = SURFACE_STYLE_USAGE(.BOTH.,#16122);
#16122 = SURFACE_SIDE_STYLE('',(#16123));
#16123 = SURFACE_STYLE_FILL_AREA(#16124);
#16124 = FILL_AREA_STYLE('',(#16125));
#16125 = FILL_AREA_STYLE_COLOUR('',#15684);
#16126 = STYLED_ITEM('color',(#16127),#6018);
#16127 = PRESENTATION_STYLE_ASSIGNMENT((#16128));
#16128 = SURFACE_STYLE_USAGE(.BOTH.,#16129);
#16129 = SURFACE_SIDE_STYLE('',(#16130));
#16130 = SURFACE_STYLE_FILL_AREA(#16131);
#16131 = FILL_AREA_STYLE('',(#16132));
#16132 = FILL_AREA_STYLE_COLOUR('',#15684);
#16133 = STYLED_ITEM('color',(#16134),#6049);
#16134 = PRESENTATION_STYLE_ASSIGNMENT((#16135));
#16135 = SURFACE_STYLE_USAGE(.BOTH.,#16136);
#16136 = SURFACE_SIDE_STYLE('',(#16137));
#16137 = SURFACE_STYLE_FILL_AREA(#16138);
#16138 = FILL_AREA_STYLE('',(#16139));
#16139 = FILL_AREA_STYLE_COLOUR('',#15684);
#16140 = STYLED_ITEM('color',(#16141),#6073);
#16141 = PRESENTATION_STYLE_ASSIGNMENT((#16142));
#16142 = SURFACE_STYLE_USAGE(.BOTH.,#16143);
#16143 = SURFACE_SIDE_STYLE('',(#16144));
#16144 = SURFACE_STYLE_FILL_AREA(#16145);
#16145 = FILL_AREA_STYLE('',(#16146));
#16146 = FILL_AREA_STYLE_COLOUR('',#15684);
#16147 = STYLED_ITEM('color',(#16148),#6097);
#16148 = PRESENTATION_STYLE_ASSIGNMENT((#16149));
#16149 = SURFACE_STYLE_USAGE(.BOTH.,#16150);
#16150 = SURFACE_SIDE_STYLE('',(#16151));
#16151 = SURFACE_STYLE_FILL_AREA(#16152);
#16152 = FILL_AREA_STYLE('',(#16153));
#16153 = FILL_AREA_STYLE_COLOUR('',#15684);
#16154 = STYLED_ITEM('color',(#16155),#6114);
#16155 = PRESENTATION_STYLE_ASSIGNMENT((#16156));
#16156 = SURFACE_STYLE_USAGE(.BOTH.,#16157);
#16157 = SURFACE_SIDE_STYLE('',(#16158));
#16158 = SURFACE_STYLE_FILL_AREA(#16159);
#16159 = FILL_AREA_STYLE('',(#16160));
#16160 = FILL_AREA_STYLE_COLOUR('',#15684);
#16161 = STYLED_ITEM('color',(#16162),#6145);
#16162 = PRESENTATION_STYLE_ASSIGNMENT((#16163));
#16163 = SURFACE_STYLE_USAGE(.BOTH.,#16164);
#16164 = SURFACE_SIDE_STYLE('',(#16165));
#16165 = SURFACE_STYLE_FILL_AREA(#16166);
#16166 = FILL_AREA_STYLE('',(#16167));
#16167 = FILL_AREA_STYLE_COLOUR('',#15684);
#16168 = STYLED_ITEM('color',(#16169),#6169);
#16169 = PRESENTATION_STYLE_ASSIGNMENT((#16170));
#16170 = SURFACE_STYLE_USAGE(.BOTH.,#16171);
#16171 = SURFACE_SIDE_STYLE('',(#16172));
#16172 = SURFACE_STYLE_FILL_AREA(#16173);
#16173 = FILL_AREA_STYLE('',(#16174));
#16174 = FILL_AREA_STYLE_COLOUR('',#15684);
#16175 = STYLED_ITEM('color',(#16176),#6193);
#16176 = PRESENTATION_STYLE_ASSIGNMENT((#16177));
#16177 = SURFACE_STYLE_USAGE(.BOTH.,#16178);
#16178 = SURFACE_SIDE_STYLE('',(#16179));
#16179 = SURFACE_STYLE_FILL_AREA(#16180);
#16180 = FILL_AREA_STYLE('',(#16181));
#16181 = FILL_AREA_STYLE_COLOUR('',#15684);
#16182 = STYLED_ITEM('color',(#16183),#6210);
#16183 = PRESENTATION_STYLE_ASSIGNMENT((#16184));
#16184 = SURFACE_STYLE_USAGE(.BOTH.,#16185);
#16185 = SURFACE_SIDE_STYLE('',(#16186));
#16186 = SURFACE_STYLE_FILL_AREA(#16187);
#16187 = FILL_AREA_STYLE('',(#16188));
#16188 = FILL_AREA_STYLE_COLOUR('',#15684);
#16189 = STYLED_ITEM('color',(#16190),#6241);
#16190 = PRESENTATION_STYLE_ASSIGNMENT((#16191));
#16191 = SURFACE_STYLE_USAGE(.BOTH.,#16192);
#16192 = SURFACE_SIDE_STYLE('',(#16193));
#16193 = SURFACE_STYLE_FILL_AREA(#16194);
#16194 = FILL_AREA_STYLE('',(#16195));
#16195 = FILL_AREA_STYLE_COLOUR('',#15684);
#16196 = STYLED_ITEM('color',(#16197),#6265);
#16197 = PRESENTATION_STYLE_ASSIGNMENT((#16198));
#16198 = SURFACE_STYLE_USAGE(.BOTH.,#16199);
#16199 = SURFACE_SIDE_STYLE('',(#16200));
#16200 = SURFACE_STYLE_FILL_AREA(#16201);
#16201 = FILL_AREA_STYLE('',(#16202));
#16202 = FILL_AREA_STYLE_COLOUR('',#15684);
#16203 = STYLED_ITEM('color',(#16204),#6289);
#16204 = PRESENTATION_STYLE_ASSIGNMENT((#16205));
#16205 = SURFACE_STYLE_USAGE(.BOTH.,#16206);
#16206 = SURFACE_SIDE_STYLE('',(#16207));
#16207 = SURFACE_STYLE_FILL_AREA(#16208);
#16208 = FILL_AREA_STYLE('',(#16209));
#16209 = FILL_AREA_STYLE_COLOUR('',#15684);
#16210 = STYLED_ITEM('color',(#16211),#6306);
#16211 = PRESENTATION_STYLE_ASSIGNMENT((#16212));
#16212 = SURFACE_STYLE_USAGE(.BOTH.,#16213);
#16213 = SURFACE_SIDE_STYLE('',(#16214));
#16214 = SURFACE_STYLE_FILL_AREA(#16215);
#16215 = FILL_AREA_STYLE('',(#16216));
#16216 = FILL_AREA_STYLE_COLOUR('',#15684);
#16217 = STYLED_ITEM('color',(#16218),#6337);
#16218 = PRESENTATION_STYLE_ASSIGNMENT((#16219));
#16219 = SURFACE_STYLE_USAGE(.BOTH.,#16220);
#16220 = SURFACE_SIDE_STYLE('',(#16221));
#16221 = SURFACE_STYLE_FILL_AREA(#16222);
#16222 = FILL_AREA_STYLE('',(#16223));
#16223 = FILL_AREA_STYLE_COLOUR('',#15684);
#16224 = STYLED_ITEM('color',(#16225),#6361);
#16225 = PRESENTATION_STYLE_ASSIGNMENT((#16226));
#16226 = SURFACE_STYLE_USAGE(.BOTH.,#16227);
#16227 = SURFACE_SIDE_STYLE('',(#16228));
#16228 = SURFACE_STYLE_FILL_AREA(#16229);
#16229 = FILL_AREA_STYLE('',(#16230));
#16230 = FILL_AREA_STYLE_COLOUR('',#15684);
#16231 = STYLED_ITEM('color',(#16232),#6385);
#16232 = PRESENTATION_STYLE_ASSIGNMENT((#16233));
#16233 = SURFACE_STYLE_USAGE(.BOTH.,#16234);
#16234 = SURFACE_SIDE_STYLE('',(#16235));
#16235 = SURFACE_STYLE_FILL_AREA(#16236);
#16236 = FILL_AREA_STYLE('',(#16237));
#16237 = FILL_AREA_STYLE_COLOUR('',#15684);
#16238 = STYLED_ITEM('color',(#16239),#6402);
#16239 = PRESENTATION_STYLE_ASSIGNMENT((#16240));
#16240 = SURFACE_STYLE_USAGE(.BOTH.,#16241);
#16241 = SURFACE_SIDE_STYLE('',(#16242));
#16242 = SURFACE_STYLE_FILL_AREA(#16243);
#16243 = FILL_AREA_STYLE('',(#16244));
#16244 = FILL_AREA_STYLE_COLOUR('',#15684);
#16245 = STYLED_ITEM('color',(#16246),#6433);
#16246 = PRESENTATION_STYLE_ASSIGNMENT((#16247));
#16247 = SURFACE_STYLE_USAGE(.BOTH.,#16248);
#16248 = SURFACE_SIDE_STYLE('',(#16249));
#16249 = SURFACE_STYLE_FILL_AREA(#16250);
#16250 = FILL_AREA_STYLE('',(#16251));
#16251 = FILL_AREA_STYLE_COLOUR('',#15684);
#16252 = STYLED_ITEM('color',(#16253),#6457);
#16253 = PRESENTATION_STYLE_ASSIGNMENT((#16254));
#16254 = SURFACE_STYLE_USAGE(.BOTH.,#16255);
#16255 = SURFACE_SIDE_STYLE('',(#16256));
#16256 = SURFACE_STYLE_FILL_AREA(#16257);
#16257 = FILL_AREA_STYLE('',(#16258));
#16258 = FILL_AREA_STYLE_COLOUR('',#15684);
#16259 = STYLED_ITEM('color',(#16260),#6481);
#16260 = PRESENTATION_STYLE_ASSIGNMENT((#16261));
#16261 = SURFACE_STYLE_USAGE(.BOTH.,#16262);
#16262 = SURFACE_SIDE_STYLE('',(#16263));
#16263 = SURFACE_STYLE_FILL_AREA(#16264);
#16264 = FILL_AREA_STYLE('',(#16265));
#16265 = FILL_AREA_STYLE_COLOUR('',#15684);
#16266 = STYLED_ITEM('color',(#16267),#6498);
#16267 = PRESENTATION_STYLE_ASSIGNMENT((#16268));
#16268 = SURFACE_STYLE_USAGE(.BOTH.,#16269);
#16269 = SURFACE_SIDE_STYLE('',(#16270));
#16270 = SURFACE_STYLE_FILL_AREA(#16271);
#16271 = FILL_AREA_STYLE('',(#16272));
#16272 = FILL_AREA_STYLE_COLOUR('',#15684);
#16273 = STYLED_ITEM('color',(#16274),#6529);
#16274 = PRESENTATION_STYLE_ASSIGNMENT((#16275));
#16275 = SURFACE_STYLE_USAGE(.BOTH.,#16276);
#16276 = SURFACE_SIDE_STYLE('',(#16277));
#16277 = SURFACE_STYLE_FILL_AREA(#16278);
#16278 = FILL_AREA_STYLE('',(#16279));
#16279 = FILL_AREA_STYLE_COLOUR('',#15684);
#16280 = STYLED_ITEM('color',(#16281),#6553);
#16281 = PRESENTATION_STYLE_ASSIGNMENT((#16282));
#16282 = SURFACE_STYLE_USAGE(.BOTH.,#16283);
#16283 = SURFACE_SIDE_STYLE('',(#16284));
#16284 = SURFACE_STYLE_FILL_AREA(#16285);
#16285 = FILL_AREA_STYLE('',(#16286));
#16286 = FILL_AREA_STYLE_COLOUR('',#15684);
#16287 = STYLED_ITEM('color',(#16288),#6577);
#16288 = PRESENTATION_STYLE_ASSIGNMENT((#16289));
#16289 = SURFACE_STYLE_USAGE(.BOTH.,#16290);
#16290 = SURFACE_SIDE_STYLE('',(#16291));
#16291 = SURFACE_STYLE_FILL_AREA(#16292);
#16292 = FILL_AREA_STYLE('',(#16293));
#16293 = FILL_AREA_STYLE_COLOUR('',#15684);
#16294 = STYLED_ITEM('color',(#16295),#6594);
#16295 = PRESENTATION_STYLE_ASSIGNMENT((#16296));
#16296 = SURFACE_STYLE_USAGE(.BOTH.,#16297);
#16297 = SURFACE_SIDE_STYLE('',(#16298));
#16298 = SURFACE_STYLE_FILL_AREA(#16299);
#16299 = FILL_AREA_STYLE('',(#16300));
#16300 = FILL_AREA_STYLE_COLOUR('',#15684);
#16301 = STYLED_ITEM('color',(#16302),#6625);
#16302 = PRESENTATION_STYLE_ASSIGNMENT((#16303));
#16303 = SURFACE_STYLE_USAGE(.BOTH.,#16304);
#16304 = SURFACE_SIDE_STYLE('',(#16305));
#16305 = SURFACE_STYLE_FILL_AREA(#16306);
#16306 = FILL_AREA_STYLE('',(#16307));
#16307 = FILL_AREA_STYLE_COLOUR('',#15684);
#16308 = STYLED_ITEM('color',(#16309),#6649);
#16309 = PRESENTATION_STYLE_ASSIGNMENT((#16310));
#16310 = SURFACE_STYLE_USAGE(.BOTH.,#16311);
#16311 = SURFACE_SIDE_STYLE('',(#16312));
#16312 = SURFACE_STYLE_FILL_AREA(#16313);
#16313 = FILL_AREA_STYLE('',(#16314));
#16314 = FILL_AREA_STYLE_COLOUR('',#15684);
#16315 = STYLED_ITEM('color',(#16316),#6673);
#16316 = PRESENTATION_STYLE_ASSIGNMENT((#16317));
#16317 = SURFACE_STYLE_USAGE(.BOTH.,#16318);
#16318 = SURFACE_SIDE_STYLE('',(#16319));
#16319 = SURFACE_STYLE_FILL_AREA(#16320);
#16320 = FILL_AREA_STYLE('',(#16321));
#16321 = FILL_AREA_STYLE_COLOUR('',#15684);
#16322 = STYLED_ITEM('color',(#16323),#6690);
#16323 = PRESENTATION_STYLE_ASSIGNMENT((#16324));
#16324 = SURFACE_STYLE_USAGE(.BOTH.,#16325);
#16325 = SURFACE_SIDE_STYLE('',(#16326));
#16326 = SURFACE_STYLE_FILL_AREA(#16327);
#16327 = FILL_AREA_STYLE('',(#16328));
#16328 = FILL_AREA_STYLE_COLOUR('',#15684);
#16329 = STYLED_ITEM('color',(#16330),#6721);
#16330 = PRESENTATION_STYLE_ASSIGNMENT((#16331));
#16331 = SURFACE_STYLE_USAGE(.BOTH.,#16332);
#16332 = SURFACE_SIDE_STYLE('',(#16333));
#16333 = SURFACE_STYLE_FILL_AREA(#16334);
#16334 = FILL_AREA_STYLE('',(#16335));
#16335 = FILL_AREA_STYLE_COLOUR('',#15684);
#16336 = STYLED_ITEM('color',(#16337),#6745);
#16337 = PRESENTATION_STYLE_ASSIGNMENT((#16338));
#16338 = SURFACE_STYLE_USAGE(.BOTH.,#16339);
#16339 = SURFACE_SIDE_STYLE('',(#16340));
#16340 = SURFACE_STYLE_FILL_AREA(#16341);
#16341 = FILL_AREA_STYLE('',(#16342));
#16342 = FILL_AREA_STYLE_COLOUR('',#15684);
#16343 = STYLED_ITEM('color',(#16344),#6769);
#16344 = PRESENTATION_STYLE_ASSIGNMENT((#16345));
#16345 = SURFACE_STYLE_USAGE(.BOTH.,#16346);
#16346 = SURFACE_SIDE_STYLE('',(#16347));
#16347 = SURFACE_STYLE_FILL_AREA(#16348);
#16348 = FILL_AREA_STYLE('',(#16349));
#16349 = FILL_AREA_STYLE_COLOUR('',#15684);
#16350 = STYLED_ITEM('color',(#16351),#6786);
#16351 = PRESENTATION_STYLE_ASSIGNMENT((#16352));
#16352 = SURFACE_STYLE_USAGE(.BOTH.,#16353);
#16353 = SURFACE_SIDE_STYLE('',(#16354));
#16354 = SURFACE_STYLE_FILL_AREA(#16355);
#16355 = FILL_AREA_STYLE('',(#16356));
#16356 = FILL_AREA_STYLE_COLOUR('',#15684);
#16357 = STYLED_ITEM('color',(#16358),#6817);
#16358 = PRESENTATION_STYLE_ASSIGNMENT((#16359));
#16359 = SURFACE_STYLE_USAGE(.BOTH.,#16360);
#16360 = SURFACE_SIDE_STYLE('',(#16361));
#16361 = SURFACE_STYLE_FILL_AREA(#16362);
#16362 = FILL_AREA_STYLE('',(#16363));
#16363 = FILL_AREA_STYLE_COLOUR('',#15684);
#16364 = STYLED_ITEM('color',(#16365),#6841);
#16365 = PRESENTATION_STYLE_ASSIGNMENT((#16366));
#16366 = SURFACE_STYLE_USAGE(.BOTH.,#16367);
#16367 = SURFACE_SIDE_STYLE('',(#16368));
#16368 = SURFACE_STYLE_FILL_AREA(#16369);
#16369 = FILL_AREA_STYLE('',(#16370));
#16370 = FILL_AREA_STYLE_COLOUR('',#15684);
#16371 = STYLED_ITEM('color',(#16372),#6865);
#16372 = PRESENTATION_STYLE_ASSIGNMENT((#16373));
#16373 = SURFACE_STYLE_USAGE(.BOTH.,#16374);
#16374 = SURFACE_SIDE_STYLE('',(#16375));
#16375 = SURFACE_STYLE_FILL_AREA(#16376);
#16376 = FILL_AREA_STYLE('',(#16377));
#16377 = FILL_AREA_STYLE_COLOUR('',#15684);
#16378 = STYLED_ITEM('color',(#16379),#6882);
#16379 = PRESENTATION_STYLE_ASSIGNMENT((#16380));
#16380 = SURFACE_STYLE_USAGE(.BOTH.,#16381);
#16381 = SURFACE_SIDE_STYLE('',(#16382));
#16382 = SURFACE_STYLE_FILL_AREA(#16383);
#16383 = FILL_AREA_STYLE('',(#16384));
#16384 = FILL_AREA_STYLE_COLOUR('',#15684);
#16385 = STYLED_ITEM('color',(#16386),#6913);
#16386 = PRESENTATION_STYLE_ASSIGNMENT((#16387));
#16387 = SURFACE_STYLE_USAGE(.BOTH.,#16388);
#16388 = SURFACE_SIDE_STYLE('',(#16389));
#16389 = SURFACE_STYLE_FILL_AREA(#16390);
#16390 = FILL_AREA_STYLE('',(#16391));
#16391 = FILL_AREA_STYLE_COLOUR('',#15684);
#16392 = STYLED_ITEM('color',(#16393),#6937);
#16393 = PRESENTATION_STYLE_ASSIGNMENT((#16394));
#16394 = SURFACE_STYLE_USAGE(.BOTH.,#16395);
#16395 = SURFACE_SIDE_STYLE('',(#16396));
#16396 = SURFACE_STYLE_FILL_AREA(#16397);
#16397 = FILL_AREA_STYLE('',(#16398));
#16398 = FILL_AREA_STYLE_COLOUR('',#15684);
#16399 = STYLED_ITEM('color',(#16400),#6961);
#16400 = PRESENTATION_STYLE_ASSIGNMENT((#16401));
#16401 = SURFACE_STYLE_USAGE(.BOTH.,#16402);
#16402 = SURFACE_SIDE_STYLE('',(#16403));
#16403 = SURFACE_STYLE_FILL_AREA(#16404);
#16404 = FILL_AREA_STYLE('',(#16405));
#16405 = FILL_AREA_STYLE_COLOUR('',#15684);
#16406 = STYLED_ITEM('color',(#16407),#6978);
#16407 = PRESENTATION_STYLE_ASSIGNMENT((#16408));
#16408 = SURFACE_STYLE_USAGE(.BOTH.,#16409);
#16409 = SURFACE_SIDE_STYLE('',(#16410));
#16410 = SURFACE_STYLE_FILL_AREA(#16411);
#16411 = FILL_AREA_STYLE('',(#16412));
#16412 = FILL_AREA_STYLE_COLOUR('',#15684);
#16413 = STYLED_ITEM('color',(#16414),#7009);
#16414 = PRESENTATION_STYLE_ASSIGNMENT((#16415));
#16415 = SURFACE_STYLE_USAGE(.BOTH.,#16416);
#16416 = SURFACE_SIDE_STYLE('',(#16417));
#16417 = SURFACE_STYLE_FILL_AREA(#16418);
#16418 = FILL_AREA_STYLE('',(#16419));
#16419 = FILL_AREA_STYLE_COLOUR('',#15684);
#16420 = STYLED_ITEM('color',(#16421),#7033);
#16421 = PRESENTATION_STYLE_ASSIGNMENT((#16422));
#16422 = SURFACE_STYLE_USAGE(.BOTH.,#16423);
#16423 = SURFACE_SIDE_STYLE('',(#16424));
#16424 = SURFACE_STYLE_FILL_AREA(#16425);
#16425 = FILL_AREA_STYLE('',(#16426));
#16426 = FILL_AREA_STYLE_COLOUR('',#15684);
#16427 = STYLED_ITEM('color',(#16428),#7057);
#16428 = PRESENTATION_STYLE_ASSIGNMENT((#16429));
#16429 = SURFACE_STYLE_USAGE(.BOTH.,#16430);
#16430 = SURFACE_SIDE_STYLE('',(#16431));
#16431 = SURFACE_STYLE_FILL_AREA(#16432);
#16432 = FILL_AREA_STYLE('',(#16433));
#16433 = FILL_AREA_STYLE_COLOUR('',#15684);
#16434 = STYLED_ITEM('color',(#16435),#7074);
#16435 = PRESENTATION_STYLE_ASSIGNMENT((#16436));
#16436 = SURFACE_STYLE_USAGE(.BOTH.,#16437);
#16437 = SURFACE_SIDE_STYLE('',(#16438));
#16438 = SURFACE_STYLE_FILL_AREA(#16439);
#16439 = FILL_AREA_STYLE('',(#16440));
#16440 = FILL_AREA_STYLE_COLOUR('',#15684);
#16441 = STYLED_ITEM('color',(#16442),#7105);
#16442 = PRESENTATION_STYLE_ASSIGNMENT((#16443));
#16443 = SURFACE_STYLE_USAGE(.BOTH.,#16444);
#16444 = SURFACE_SIDE_STYLE('',(#16445));
#16445 = SURFACE_STYLE_FILL_AREA(#16446);
#16446 = FILL_AREA_STYLE('',(#16447));
#16447 = FILL_AREA_STYLE_COLOUR('',#15684);
#16448 = STYLED_ITEM('color',(#16449),#7129);
#16449 = PRESENTATION_STYLE_ASSIGNMENT((#16450));
#16450 = SURFACE_STYLE_USAGE(.BOTH.,#16451);
#16451 = SURFACE_SIDE_STYLE('',(#16452));
#16452 = SURFACE_STYLE_FILL_AREA(#16453);
#16453 = FILL_AREA_STYLE('',(#16454));
#16454 = FILL_AREA_STYLE_COLOUR('',#15684);
#16455 = STYLED_ITEM('color',(#16456),#7153);
#16456 = PRESENTATION_STYLE_ASSIGNMENT((#16457));
#16457 = SURFACE_STYLE_USAGE(.BOTH.,#16458);
#16458 = SURFACE_SIDE_STYLE('',(#16459));
#16459 = SURFACE_STYLE_FILL_AREA(#16460);
#16460 = FILL_AREA_STYLE('',(#16461));
#16461 = FILL_AREA_STYLE_COLOUR('',#15684);
#16462 = STYLED_ITEM('color',(#16463),#7170);
#16463 = PRESENTATION_STYLE_ASSIGNMENT((#16464));
#16464 = SURFACE_STYLE_USAGE(.BOTH.,#16465);
#16465 = SURFACE_SIDE_STYLE('',(#16466));
#16466 = SURFACE_STYLE_FILL_AREA(#16467);
#16467 = FILL_AREA_STYLE('',(#16468));
#16468 = FILL_AREA_STYLE_COLOUR('',#15684);
#16469 = STYLED_ITEM('color',(#16470),#7201);
#16470 = PRESENTATION_STYLE_ASSIGNMENT((#16471));
#16471 = SURFACE_STYLE_USAGE(.BOTH.,#16472);
#16472 = SURFACE_SIDE_STYLE('',(#16473));
#16473 = SURFACE_STYLE_FILL_AREA(#16474);
#16474 = FILL_AREA_STYLE('',(#16475));
#16475 = FILL_AREA_STYLE_COLOUR('',#15684);
#16476 = STYLED_ITEM('color',(#16477),#7225);
#16477 = PRESENTATION_STYLE_ASSIGNMENT((#16478));
#16478 = SURFACE_STYLE_USAGE(.BOTH.,#16479);
#16479 = SURFACE_SIDE_STYLE('',(#16480));
#16480 = SURFACE_STYLE_FILL_AREA(#16481);
#16481 = FILL_AREA_STYLE('',(#16482));
#16482 = FILL_AREA_STYLE_COLOUR('',#15684);
#16483 = STYLED_ITEM('color',(#16484),#7249);
#16484 = PRESENTATION_STYLE_ASSIGNMENT((#16485));
#16485 = SURFACE_STYLE_USAGE(.BOTH.,#16486);
#16486 = SURFACE_SIDE_STYLE('',(#16487));
#16487 = SURFACE_STYLE_FILL_AREA(#16488);
#16488 = FILL_AREA_STYLE('',(#16489));
#16489 = FILL_AREA_STYLE_COLOUR('',#15684);
#16490 = STYLED_ITEM('color',(#16491),#7266);
#16491 = PRESENTATION_STYLE_ASSIGNMENT((#16492));
#16492 = SURFACE_STYLE_USAGE(.BOTH.,#16493);
#16493 = SURFACE_SIDE_STYLE('',(#16494));
#16494 = SURFACE_STYLE_FILL_AREA(#16495);
#16495 = FILL_AREA_STYLE('',(#16496));
#16496 = FILL_AREA_STYLE_COLOUR('',#15684);
#16497 = STYLED_ITEM('color',(#16498),#7297);
#16498 = PRESENTATION_STYLE_ASSIGNMENT((#16499));
#16499 = SURFACE_STYLE_USAGE(.BOTH.,#16500);
#16500 = SURFACE_SIDE_STYLE('',(#16501));
#16501 = SURFACE_STYLE_FILL_AREA(#16502);
#16502 = FILL_AREA_STYLE('',(#16503));
#16503 = FILL_AREA_STYLE_COLOUR('',#15684);
#16504 = STYLED_ITEM('color',(#16505),#7321);
#16505 = PRESENTATION_STYLE_ASSIGNMENT((#16506));
#16506 = SURFACE_STYLE_USAGE(.BOTH.,#16507);
#16507 = SURFACE_SIDE_STYLE('',(#16508));
#16508 = SURFACE_STYLE_FILL_AREA(#16509);
#16509 = FILL_AREA_STYLE('',(#16510));
#16510 = FILL_AREA_STYLE_COLOUR('',#15684);
#16511 = STYLED_ITEM('color',(#16512),#7345);
#16512 = PRESENTATION_STYLE_ASSIGNMENT((#16513));
#16513 = SURFACE_STYLE_USAGE(.BOTH.,#16514);
#16514 = SURFACE_SIDE_STYLE('',(#16515));
#16515 = SURFACE_STYLE_FILL_AREA(#16516);
#16516 = FILL_AREA_STYLE('',(#16517));
#16517 = FILL_AREA_STYLE_COLOUR('',#15684);
#16518 = STYLED_ITEM('color',(#16519),#7362);
#16519 = PRESENTATION_STYLE_ASSIGNMENT((#16520));
#16520 = SURFACE_STYLE_USAGE(.BOTH.,#16521);
#16521 = SURFACE_SIDE_STYLE('',(#16522));
#16522 = SURFACE_STYLE_FILL_AREA(#16523);
#16523 = FILL_AREA_STYLE('',(#16524));
#16524 = FILL_AREA_STYLE_COLOUR('',#15684);
#16525 = STYLED_ITEM('color',(#16526),#7393);
#16526 = PRESENTATION_STYLE_ASSIGNMENT((#16527));
#16527 = SURFACE_STYLE_USAGE(.BOTH.,#16528);
#16528 = SURFACE_SIDE_STYLE('',(#16529));
#16529 = SURFACE_STYLE_FILL_AREA(#16530);
#16530 = FILL_AREA_STYLE('',(#16531));
#16531 = FILL_AREA_STYLE_COLOUR('',#15684);
#16532 = STYLED_ITEM('color',(#16533),#7417);
#16533 = PRESENTATION_STYLE_ASSIGNMENT((#16534));
#16534 = SURFACE_STYLE_USAGE(.BOTH.,#16535);
#16535 = SURFACE_SIDE_STYLE('',(#16536));
#16536 = SURFACE_STYLE_FILL_AREA(#16537);
#16537 = FILL_AREA_STYLE('',(#16538));
#16538 = FILL_AREA_STYLE_COLOUR('',#15684);
#16539 = STYLED_ITEM('color',(#16540),#7441);
#16540 = PRESENTATION_STYLE_ASSIGNMENT((#16541));
#16541 = SURFACE_STYLE_USAGE(.BOTH.,#16542);
#16542 = SURFACE_SIDE_STYLE('',(#16543));
#16543 = SURFACE_STYLE_FILL_AREA(#16544);
#16544 = FILL_AREA_STYLE('',(#16545));
#16545 = FILL_AREA_STYLE_COLOUR('',#15684);
#16546 = STYLED_ITEM('color',(#16547),#7458);
#16547 = PRESENTATION_STYLE_ASSIGNMENT((#16548));
#16548 = SURFACE_STYLE_USAGE(.BOTH.,#16549);
#16549 = SURFACE_SIDE_STYLE('',(#16550));
#16550 = SURFACE_STYLE_FILL_AREA(#16551);
#16551 = FILL_AREA_STYLE('',(#16552));
#16552 = FILL_AREA_STYLE_COLOUR('',#15684);
#16553 = STYLED_ITEM('color',(#16554),#7489);
#16554 = PRESENTATION_STYLE_ASSIGNMENT((#16555));
#16555 = SURFACE_STYLE_USAGE(.BOTH.,#16556);
#16556 = SURFACE_SIDE_STYLE('',(#16557));
#16557 = SURFACE_STYLE_FILL_AREA(#16558);
#16558 = FILL_AREA_STYLE('',(#16559));
#16559 = FILL_AREA_STYLE_COLOUR('',#15684);
#16560 = STYLED_ITEM('color',(#16561),#7513);
#16561 = PRESENTATION_STYLE_ASSIGNMENT((#16562));
#16562 = SURFACE_STYLE_USAGE(.BOTH.,#16563);
#16563 = SURFACE_SIDE_STYLE('',(#16564));
#16564 = SURFACE_STYLE_FILL_AREA(#16565);
#16565 = FILL_AREA_STYLE('',(#16566));
#16566 = FILL_AREA_STYLE_COLOUR('',#15684);
#16567 = STYLED_ITEM('color',(#16568),#7537);
#16568 = PRESENTATION_STYLE_ASSIGNMENT((#16569));
#16569 = SURFACE_STYLE_USAGE(.BOTH.,#16570);
#16570 = SURFACE_SIDE_STYLE('',(#16571));
#16571 = SURFACE_STYLE_FILL_AREA(#16572);
#16572 = FILL_AREA_STYLE('',(#16573));
#16573 = FILL_AREA_STYLE_COLOUR('',#15684);
#16574 = STYLED_ITEM('color',(#16575),#7554);
#16575 = PRESENTATION_STYLE_ASSIGNMENT((#16576));
#16576 = SURFACE_STYLE_USAGE(.BOTH.,#16577);
#16577 = SURFACE_SIDE_STYLE('',(#16578));
#16578 = SURFACE_STYLE_FILL_AREA(#16579);
#16579 = FILL_AREA_STYLE('',(#16580));
#16580 = FILL_AREA_STYLE_COLOUR('',#15684);
#16581 = STYLED_ITEM('color',(#16582),#7585);
#16582 = PRESENTATION_STYLE_ASSIGNMENT((#16583));
#16583 = SURFACE_STYLE_USAGE(.BOTH.,#16584);
#16584 = SURFACE_SIDE_STYLE('',(#16585));
#16585 = SURFACE_STYLE_FILL_AREA(#16586);
#16586 = FILL_AREA_STYLE('',(#16587));
#16587 = FILL_AREA_STYLE_COLOUR('',#15684);
#16588 = STYLED_ITEM('color',(#16589),#7609);
#16589 = PRESENTATION_STYLE_ASSIGNMENT((#16590));
#16590 = SURFACE_STYLE_USAGE(.BOTH.,#16591);
#16591 = SURFACE_SIDE_STYLE('',(#16592));
#16592 = SURFACE_STYLE_FILL_AREA(#16593);
#16593 = FILL_AREA_STYLE('',(#16594));
#16594 = FILL_AREA_STYLE_COLOUR('',#15684);
#16595 = STYLED_ITEM('color',(#16596),#7633);
#16596 = PRESENTATION_STYLE_ASSIGNMENT((#16597));
#16597 = SURFACE_STYLE_USAGE(.BOTH.,#16598);
#16598 = SURFACE_SIDE_STYLE('',(#16599));
#16599 = SURFACE_STYLE_FILL_AREA(#16600);
#16600 = FILL_AREA_STYLE('',(#16601));
#16601 = FILL_AREA_STYLE_COLOUR('',#15684);
#16602 = STYLED_ITEM('color',(#16603),#7650);
#16603 = PRESENTATION_STYLE_ASSIGNMENT((#16604));
#16604 = SURFACE_STYLE_USAGE(.BOTH.,#16605);
#16605 = SURFACE_SIDE_STYLE('',(#16606));
#16606 = SURFACE_STYLE_FILL_AREA(#16607);
#16607 = FILL_AREA_STYLE('',(#16608));
#16608 = FILL_AREA_STYLE_COLOUR('',#15684);
#16609 = STYLED_ITEM('color',(#16610),#7681);
#16610 = PRESENTATION_STYLE_ASSIGNMENT((#16611));
#16611 = SURFACE_STYLE_USAGE(.BOTH.,#16612);
#16612 = SURFACE_SIDE_STYLE('',(#16613));
#16613 = SURFACE_STYLE_FILL_AREA(#16614);
#16614 = FILL_AREA_STYLE('',(#16615));
#16615 = FILL_AREA_STYLE_COLOUR('',#15684);
#16616 = STYLED_ITEM('color',(#16617),#7705);
#16617 = PRESENTATION_STYLE_ASSIGNMENT((#16618));
#16618 = SURFACE_STYLE_USAGE(.BOTH.,#16619);
#16619 = SURFACE_SIDE_STYLE('',(#16620));
#16620 = SURFACE_STYLE_FILL_AREA(#16621);
#16621 = FILL_AREA_STYLE('',(#16622));
#16622 = FILL_AREA_STYLE_COLOUR('',#15684);
#16623 = STYLED_ITEM('color',(#16624),#7729);
#16624 = PRESENTATION_STYLE_ASSIGNMENT((#16625));
#16625 = SURFACE_STYLE_USAGE(.BOTH.,#16626);
#16626 = SURFACE_SIDE_STYLE('',(#16627));
#16627 = SURFACE_STYLE_FILL_AREA(#16628);
#16628 = FILL_AREA_STYLE('',(#16629));
#16629 = FILL_AREA_STYLE_COLOUR('',#15684);
#16630 = STYLED_ITEM('color',(#16631),#7746);
#16631 = PRESENTATION_STYLE_ASSIGNMENT((#16632));
#16632 = SURFACE_STYLE_USAGE(.BOTH.,#16633);
#16633 = SURFACE_SIDE_STYLE('',(#16634));
#16634 = SURFACE_STYLE_FILL_AREA(#16635);
#16635 = FILL_AREA_STYLE('',(#16636));
#16636 = FILL_AREA_STYLE_COLOUR('',#15684);
#16637 = STYLED_ITEM('color',(#16638),#7777);
#16638 = PRESENTATION_STYLE_ASSIGNMENT((#16639));
#16639 = SURFACE_STYLE_USAGE(.BOTH.,#16640);
#16640 = SURFACE_SIDE_STYLE('',(#16641));
#16641 = SURFACE_STYLE_FILL_AREA(#16642);
#16642 = FILL_AREA_STYLE('',(#16643));
#16643 = FILL_AREA_STYLE_COLOUR('',#15684);
#16644 = STYLED_ITEM('color',(#16645),#7801);
#16645 = PRESENTATION_STYLE_ASSIGNMENT((#16646));
#16646 = SURFACE_STYLE_USAGE(.BOTH.,#16647);
#16647 = SURFACE_SIDE_STYLE('',(#16648));
#16648 = SURFACE_STYLE_FILL_AREA(#16649);
#16649 = FILL_AREA_STYLE('',(#16650));
#16650 = FILL_AREA_STYLE_COLOUR('',#15684);
#16651 = STYLED_ITEM('color',(#16652),#7825);
#16652 = PRESENTATION_STYLE_ASSIGNMENT((#16653));
#16653 = SURFACE_STYLE_USAGE(.BOTH.,#16654);
#16654 = SURFACE_SIDE_STYLE('',(#16655));
#16655 = SURFACE_STYLE_FILL_AREA(#16656);
#16656 = FILL_AREA_STYLE('',(#16657));
#16657 = FILL_AREA_STYLE_COLOUR('',#15684);
#16658 = STYLED_ITEM('color',(#16659),#7842);
#16659 = PRESENTATION_STYLE_ASSIGNMENT((#16660));
#16660 = SURFACE_STYLE_USAGE(.BOTH.,#16661);
#16661 = SURFACE_SIDE_STYLE('',(#16662));
#16662 = SURFACE_STYLE_FILL_AREA(#16663);
#16663 = FILL_AREA_STYLE('',(#16664));
#16664 = FILL_AREA_STYLE_COLOUR('',#15684);
#16665 = STYLED_ITEM('color',(#16666),#7873);
#16666 = PRESENTATION_STYLE_ASSIGNMENT((#16667));
#16667 = SURFACE_STYLE_USAGE(.BOTH.,#16668);
#16668 = SURFACE_SIDE_STYLE('',(#16669));
#16669 = SURFACE_STYLE_FILL_AREA(#16670);
#16670 = FILL_AREA_STYLE('',(#16671));
#16671 = FILL_AREA_STYLE_COLOUR('',#15684);
#16672 = STYLED_ITEM('color',(#16673),#7897);
#16673 = PRESENTATION_STYLE_ASSIGNMENT((#16674));
#16674 = SURFACE_STYLE_USAGE(.BOTH.,#16675);
#16675 = SURFACE_SIDE_STYLE('',(#16676));
#16676 = SURFACE_STYLE_FILL_AREA(#16677);
#16677 = FILL_AREA_STYLE('',(#16678));
#16678 = FILL_AREA_STYLE_COLOUR('',#15684);
#16679 = STYLED_ITEM('color',(#16680),#7921);
#16680 = PRESENTATION_STYLE_ASSIGNMENT((#16681));
#16681 = SURFACE_STYLE_USAGE(.BOTH.,#16682);
#16682 = SURFACE_SIDE_STYLE('',(#16683));
#16683 = SURFACE_STYLE_FILL_AREA(#16684);
#16684 = FILL_AREA_STYLE('',(#16685));
#16685 = FILL_AREA_STYLE_COLOUR('',#15684);
#16686 = STYLED_ITEM('color',(#16687),#7938);
#16687 = PRESENTATION_STYLE_ASSIGNMENT((#16688));
#16688 = SURFACE_STYLE_USAGE(.BOTH.,#16689);
#16689 = SURFACE_SIDE_STYLE('',(#16690));
#16690 = SURFACE_STYLE_FILL_AREA(#16691);
#16691 = FILL_AREA_STYLE('',(#16692));
#16692 = FILL_AREA_STYLE_COLOUR('',#15684);
#16693 = STYLED_ITEM('color',(#16694),#7969);
#16694 = PRESENTATION_STYLE_ASSIGNMENT((#16695));
#16695 = SURFACE_STYLE_USAGE(.BOTH.,#16696);
#16696 = SURFACE_SIDE_STYLE('',(#16697));
#16697 = SURFACE_STYLE_FILL_AREA(#16698);
#16698 = FILL_AREA_STYLE('',(#16699));
#16699 = FILL_AREA_STYLE_COLOUR('',#15684);
#16700 = STYLED_ITEM('color',(#16701),#7993);
#16701 = PRESENTATION_STYLE_ASSIGNMENT((#16702));
#16702 = SURFACE_STYLE_USAGE(.BOTH.,#16703);
#16703 = SURFACE_SIDE_STYLE('',(#16704));
#16704 = SURFACE_STYLE_FILL_AREA(#16705);
#16705 = FILL_AREA_STYLE('',(#16706));
#16706 = FILL_AREA_STYLE_COLOUR('',#15684);
#16707 = STYLED_ITEM('color',(#16708),#8017);
#16708 = PRESENTATION_STYLE_ASSIGNMENT((#16709));
#16709 = SURFACE_STYLE_USAGE(.BOTH.,#16710);
#16710 = SURFACE_SIDE_STYLE('',(#16711));
#16711 = SURFACE_STYLE_FILL_AREA(#16712);
#16712 = FILL_AREA_STYLE('',(#16713));
#16713 = FILL_AREA_STYLE_COLOUR('',#15684);
#16714 = STYLED_ITEM('color',(#16715),#8034);
#16715 = PRESENTATION_STYLE_ASSIGNMENT((#16716));
#16716 = SURFACE_STYLE_USAGE(.BOTH.,#16717);
#16717 = SURFACE_SIDE_STYLE('',(#16718));
#16718 = SURFACE_STYLE_FILL_AREA(#16719);
#16719 = FILL_AREA_STYLE('',(#16720));
#16720 = FILL_AREA_STYLE_COLOUR('',#15684);
#16721 = STYLED_ITEM('color',(#16722),#8065);
#16722 = PRESENTATION_STYLE_ASSIGNMENT((#16723));
#16723 = SURFACE_STYLE_USAGE(.BOTH.,#16724);
#16724 = SURFACE_SIDE_STYLE('',(#16725));
#16725 = SURFACE_STYLE_FILL_AREA(#16726);
#16726 = FILL_AREA_STYLE('',(#16727));
#16727 = FILL_AREA_STYLE_COLOUR('',#15684);
#16728 = STYLED_ITEM('color',(#16729),#8089);
#16729 = PRESENTATION_STYLE_ASSIGNMENT((#16730));
#16730 = SURFACE_STYLE_USAGE(.BOTH.,#16731);
#16731 = SURFACE_SIDE_STYLE('',(#16732));
#16732 = SURFACE_STYLE_FILL_AREA(#16733);
#16733 = FILL_AREA_STYLE('',(#16734));
#16734 = FILL_AREA_STYLE_COLOUR('',#15684);
#16735 = STYLED_ITEM('color',(#16736),#8113);
#16736 = PRESENTATION_STYLE_ASSIGNMENT((#16737));
#16737 = SURFACE_STYLE_USAGE(.BOTH.,#16738);
#16738 = SURFACE_SIDE_STYLE('',(#16739));
#16739 = SURFACE_STYLE_FILL_AREA(#16740);
#16740 = FILL_AREA_STYLE('',(#16741));
#16741 = FILL_AREA_STYLE_COLOUR('',#15684);
#16742 = STYLED_ITEM('color',(#16743),#8130);
#16743 = PRESENTATION_STYLE_ASSIGNMENT((#16744));
#16744 = SURFACE_STYLE_USAGE(.BOTH.,#16745);
#16745 = SURFACE_SIDE_STYLE('',(#16746));
#16746 = SURFACE_STYLE_FILL_AREA(#16747);
#16747 = FILL_AREA_STYLE('',(#16748));
#16748 = FILL_AREA_STYLE_COLOUR('',#15684);
#16749 = STYLED_ITEM('color',(#16750),#8161);
#16750 = PRESENTATION_STYLE_ASSIGNMENT((#16751));
#16751 = SURFACE_STYLE_USAGE(.BOTH.,#16752);
#16752 = SURFACE_SIDE_STYLE('',(#16753));
#16753 = SURFACE_STYLE_FILL_AREA(#16754);
#16754 = FILL_AREA_STYLE('',(#16755));
#16755 = FILL_AREA_STYLE_COLOUR('',#15684);
#16756 = STYLED_ITEM('color',(#16757),#8185);
#16757 = PRESENTATION_STYLE_ASSIGNMENT((#16758));
#16758 = SURFACE_STYLE_USAGE(.BOTH.,#16759);
#16759 = SURFACE_SIDE_STYLE('',(#16760));
#16760 = SURFACE_STYLE_FILL_AREA(#16761);
#16761 = FILL_AREA_STYLE('',(#16762));
#16762 = FILL_AREA_STYLE_COLOUR('',#15684);
#16763 = STYLED_ITEM('color',(#16764),#8209);
#16764 = PRESENTATION_STYLE_ASSIGNMENT((#16765));
#16765 = SURFACE_STYLE_USAGE(.BOTH.,#16766);
#16766 = SURFACE_SIDE_STYLE('',(#16767));
#16767 = SURFACE_STYLE_FILL_AREA(#16768);
#16768 = FILL_AREA_STYLE('',(#16769));
#16769 = FILL_AREA_STYLE_COLOUR('',#15684);
#16770 = STYLED_ITEM('color',(#16771),#8226);
#16771 = PRESENTATION_STYLE_ASSIGNMENT((#16772));
#16772 = SURFACE_STYLE_USAGE(.BOTH.,#16773);
#16773 = SURFACE_SIDE_STYLE('',(#16774));
#16774 = SURFACE_STYLE_FILL_AREA(#16775);
#16775 = FILL_AREA_STYLE('',(#16776));
#16776 = FILL_AREA_STYLE_COLOUR('',#15684);
#16777 = STYLED_ITEM('color',(#16778),#8257);
#16778 = PRESENTATION_STYLE_ASSIGNMENT((#16779));
#16779 = SURFACE_STYLE_USAGE(.BOTH.,#16780);
#16780 = SURFACE_SIDE_STYLE('',(#16781));
#16781 = SURFACE_STYLE_FILL_AREA(#16782);
#16782 = FILL_AREA_STYLE('',(#16783));
#16783 = FILL_AREA_STYLE_COLOUR('',#15684);
#16784 = STYLED_ITEM('color',(#16785),#8281);
#16785 = PRESENTATION_STYLE_ASSIGNMENT((#16786));
#16786 = SURFACE_STYLE_USAGE(.BOTH.,#16787);
#16787 = SURFACE_SIDE_STYLE('',(#16788));
#16788 = SURFACE_STYLE_FILL_AREA(#16789);
#16789 = FILL_AREA_STYLE('',(#16790));
#16790 = FILL_AREA_STYLE_COLOUR('',#15684);
#16791 = STYLED_ITEM('color',(#16792),#8305);
#16792 = PRESENTATION_STYLE_ASSIGNMENT((#16793));
#16793 = SURFACE_STYLE_USAGE(.BOTH.,#16794);
#16794 = SURFACE_SIDE_STYLE('',(#16795));
#16795 = SURFACE_STYLE_FILL_AREA(#16796);
#16796 = FILL_AREA_STYLE('',(#16797));
#16797 = FILL_AREA_STYLE_COLOUR('',#15684);
#16798 = STYLED_ITEM('color',(#16799),#8322);
#16799 = PRESENTATION_STYLE_ASSIGNMENT((#16800));
#16800 = SURFACE_STYLE_USAGE(.BOTH.,#16801);
#16801 = SURFACE_SIDE_STYLE('',(#16802));
#16802 = SURFACE_STYLE_FILL_AREA(#16803);
#16803 = FILL_AREA_STYLE('',(#16804));
#16804 = FILL_AREA_STYLE_COLOUR('',#15684);
#16805 = STYLED_ITEM('color',(#16806),#8353);
#16806 = PRESENTATION_STYLE_ASSIGNMENT((#16807));
#16807 = SURFACE_STYLE_USAGE(.BOTH.,#16808);
#16808 = SURFACE_SIDE_STYLE('',(#16809));
#16809 = SURFACE_STYLE_FILL_AREA(#16810);
#16810 = FILL_AREA_STYLE('',(#16811));
#16811 = FILL_AREA_STYLE_COLOUR('',#15684);
#16812 = STYLED_ITEM('color',(#16813),#8377);
#16813 = PRESENTATION_STYLE_ASSIGNMENT((#16814));
#16814 = SURFACE_STYLE_USAGE(.BOTH.,#16815);
#16815 = SURFACE_SIDE_STYLE('',(#16816));
#16816 = SURFACE_STYLE_FILL_AREA(#16817);
#16817 = FILL_AREA_STYLE('',(#16818));
#16818 = FILL_AREA_STYLE_COLOUR('',#15684);
#16819 = STYLED_ITEM('color',(#16820),#8401);
#16820 = PRESENTATION_STYLE_ASSIGNMENT((#16821));
#16821 = SURFACE_STYLE_USAGE(.BOTH.,#16822);
#16822 = SURFACE_SIDE_STYLE('',(#16823));
#16823 = SURFACE_STYLE_FILL_AREA(#16824);
#16824 = FILL_AREA_STYLE('',(#16825));
#16825 = FILL_AREA_STYLE_COLOUR('',#15684);
#16826 = STYLED_ITEM('color',(#16827),#8418);
#16827 = PRESENTATION_STYLE_ASSIGNMENT((#16828));
#16828 = SURFACE_STYLE_USAGE(.BOTH.,#16829);
#16829 = SURFACE_SIDE_STYLE('',(#16830));
#16830 = SURFACE_STYLE_FILL_AREA(#16831);
#16831 = FILL_AREA_STYLE('',(#16832));
#16832 = FILL_AREA_STYLE_COLOUR('',#15684);
#16833 = STYLED_ITEM('color',(#16834),#8449);
#16834 = PRESENTATION_STYLE_ASSIGNMENT((#16835));
#16835 = SURFACE_STYLE_USAGE(.BOTH.,#16836);
#16836 = SURFACE_SIDE_STYLE('',(#16837));
#16837 = SURFACE_STYLE_FILL_AREA(#16838);
#16838 = FILL_AREA_STYLE('',(#16839));
#16839 = FILL_AREA_STYLE_COLOUR('',#15684);
#16840 = STYLED_ITEM('color',(#16841),#8473);
#16841 = PRESENTATION_STYLE_ASSIGNMENT((#16842));
#16842 = SURFACE_STYLE_USAGE(.BOTH.,#16843);
#16843 = SURFACE_SIDE_STYLE('',(#16844));
#16844 = SURFACE_STYLE_FILL_AREA(#16845);
#16845 = FILL_AREA_STYLE('',(#16846));
#16846 = FILL_AREA_STYLE_COLOUR('',#15684);
#16847 = STYLED_ITEM('color',(#16848),#8497);
#16848 = PRESENTATION_STYLE_ASSIGNMENT((#16849));
#16849 = SURFACE_STYLE_USAGE(.BOTH.,#16850);
#16850 = SURFACE_SIDE_STYLE('',(#16851));
#16851 = SURFACE_STYLE_FILL_AREA(#16852);
#16852 = FILL_AREA_STYLE('',(#16853));
#16853 = FILL_AREA_STYLE_COLOUR('',#15684);
#16854 = STYLED_ITEM('color',(#16855),#8514);
#16855 = PRESENTATION_STYLE_ASSIGNMENT((#16856));
#16856 = SURFACE_STYLE_USAGE(.BOTH.,#16857);
#16857 = SURFACE_SIDE_STYLE('',(#16858));
#16858 = SURFACE_STYLE_FILL_AREA(#16859);
#16859 = FILL_AREA_STYLE('',(#16860));
#16860 = FILL_AREA_STYLE_COLOUR('',#15684);
#16861 = STYLED_ITEM('color',(#16862),#8545);
#16862 = PRESENTATION_STYLE_ASSIGNMENT((#16863));
#16863 = SURFACE_STYLE_USAGE(.BOTH.,#16864);
#16864 = SURFACE_SIDE_STYLE('',(#16865));
#16865 = SURFACE_STYLE_FILL_AREA(#16866);
#16866 = FILL_AREA_STYLE('',(#16867));
#16867 = FILL_AREA_STYLE_COLOUR('',#15684);
#16868 = STYLED_ITEM('color',(#16869),#8569);
#16869 = PRESENTATION_STYLE_ASSIGNMENT((#16870));
#16870 = SURFACE_STYLE_USAGE(.BOTH.,#16871);
#16871 = SURFACE_SIDE_STYLE('',(#16872));
#16872 = SURFACE_STYLE_FILL_AREA(#16873);
#16873 = FILL_AREA_STYLE('',(#16874));
#16874 = FILL_AREA_STYLE_COLOUR('',#15684);
#16875 = STYLED_ITEM('color',(#16876),#8593);
#16876 = PRESENTATION_STYLE_ASSIGNMENT((#16877));
#16877 = SURFACE_STYLE_USAGE(.BOTH.,#16878);
#16878 = SURFACE_SIDE_STYLE('',(#16879));
#16879 = SURFACE_STYLE_FILL_AREA(#16880);
#16880 = FILL_AREA_STYLE('',(#16881));
#16881 = FILL_AREA_STYLE_COLOUR('',#15684);
#16882 = STYLED_ITEM('color',(#16883),#8610);
#16883 = PRESENTATION_STYLE_ASSIGNMENT((#16884));
#16884 = SURFACE_STYLE_USAGE(.BOTH.,#16885);
#16885 = SURFACE_SIDE_STYLE('',(#16886));
#16886 = SURFACE_STYLE_FILL_AREA(#16887);
#16887 = FILL_AREA_STYLE('',(#16888));
#16888 = FILL_AREA_STYLE_COLOUR('',#15684);
#16889 = STYLED_ITEM('color',(#16890),#8641);
#16890 = PRESENTATION_STYLE_ASSIGNMENT((#16891));
#16891 = SURFACE_STYLE_USAGE(.BOTH.,#16892);
#16892 = SURFACE_SIDE_STYLE('',(#16893));
#16893 = SURFACE_STYLE_FILL_AREA(#16894);
#16894 = FILL_AREA_STYLE('',(#16895));
#16895 = FILL_AREA_STYLE_COLOUR('',#15684);
#16896 = STYLED_ITEM('color',(#16897),#8665);
#16897 = PRESENTATION_STYLE_ASSIGNMENT((#16898));
#16898 = SURFACE_STYLE_USAGE(.BOTH.,#16899);
#16899 = SURFACE_SIDE_STYLE('',(#16900));
#16900 = SURFACE_STYLE_FILL_AREA(#16901);
#16901 = FILL_AREA_STYLE('',(#16902));
#16902 = FILL_AREA_STYLE_COLOUR('',#15684);
#16903 = STYLED_ITEM('color',(#16904),#8689);
#16904 = PRESENTATION_STYLE_ASSIGNMENT((#16905));
#16905 = SURFACE_STYLE_USAGE(.BOTH.,#16906);
#16906 = SURFACE_SIDE_STYLE('',(#16907));
#16907 = SURFACE_STYLE_FILL_AREA(#16908);
#16908 = FILL_AREA_STYLE('',(#16909));
#16909 = FILL_AREA_STYLE_COLOUR('',#15684);
#16910 = STYLED_ITEM('color',(#16911),#8706);
#16911 = PRESENTATION_STYLE_ASSIGNMENT((#16912));
#16912 = SURFACE_STYLE_USAGE(.BOTH.,#16913);
#16913 = SURFACE_SIDE_STYLE('',(#16914));
#16914 = SURFACE_STYLE_FILL_AREA(#16915);
#16915 = FILL_AREA_STYLE('',(#16916));
#16916 = FILL_AREA_STYLE_COLOUR('',#15684);
#16917 = STYLED_ITEM('color',(#16918),#8737);
#16918 = PRESENTATION_STYLE_ASSIGNMENT((#16919));
#16919 = SURFACE_STYLE_USAGE(.BOTH.,#16920);
#16920 = SURFACE_SIDE_STYLE('',(#16921));
#16921 = SURFACE_STYLE_FILL_AREA(#16922);
#16922 = FILL_AREA_STYLE('',(#16923));
#16923 = FILL_AREA_STYLE_COLOUR('',#15684);
#16924 = STYLED_ITEM('color',(#16925),#8761);
#16925 = PRESENTATION_STYLE_ASSIGNMENT((#16926));
#16926 = SURFACE_STYLE_USAGE(.BOTH.,#16927);
#16927 = SURFACE_SIDE_STYLE('',(#16928));
#16928 = SURFACE_STYLE_FILL_AREA(#16929);
#16929 = FILL_AREA_STYLE('',(#16930));
#16930 = FILL_AREA_STYLE_COLOUR('',#15684);
#16931 = STYLED_ITEM('color',(#16932),#8785);
#16932 = PRESENTATION_STYLE_ASSIGNMENT((#16933));
#16933 = SURFACE_STYLE_USAGE(.BOTH.,#16934);
#16934 = SURFACE_SIDE_STYLE('',(#16935));
#16935 = SURFACE_STYLE_FILL_AREA(#16936);
#16936 = FILL_AREA_STYLE('',(#16937));
#16937 = FILL_AREA_STYLE_COLOUR('',#15684);
#16938 = STYLED_ITEM('color',(#16939),#8802);
#16939 = PRESENTATION_STYLE_ASSIGNMENT((#16940));
#16940 = SURFACE_STYLE_USAGE(.BOTH.,#16941);
#16941 = SURFACE_SIDE_STYLE('',(#16942));
#16942 = SURFACE_STYLE_FILL_AREA(#16943);
#16943 = FILL_AREA_STYLE('',(#16944));
#16944 = FILL_AREA_STYLE_COLOUR('',#15684);
#16945 = STYLED_ITEM('color',(#16946),#8833);
#16946 = PRESENTATION_STYLE_ASSIGNMENT((#16947));
#16947 = SURFACE_STYLE_USAGE(.BOTH.,#16948);
#16948 = SURFACE_SIDE_STYLE('',(#16949));
#16949 = SURFACE_STYLE_FILL_AREA(#16950);
#16950 = FILL_AREA_STYLE('',(#16951));
#16951 = FILL_AREA_STYLE_COLOUR('',#15684);
#16952 = STYLED_ITEM('color',(#16953),#8857);
#16953 = PRESENTATION_STYLE_ASSIGNMENT((#16954));
#16954 = SURFACE_STYLE_USAGE(.BOTH.,#16955);
#16955 = SURFACE_SIDE_STYLE('',(#16956));
#16956 = SURFACE_STYLE_FILL_AREA(#16957);
#16957 = FILL_AREA_STYLE('',(#16958));
#16958 = FILL_AREA_STYLE_COLOUR('',#15684);
#16959 = STYLED_ITEM('color',(#16960),#8881);
#16960 = PRESENTATION_STYLE_ASSIGNMENT((#16961));
#16961 = SURFACE_STYLE_USAGE(.BOTH.,#16962);
#16962 = SURFACE_SIDE_STYLE('',(#16963));
#16963 = SURFACE_STYLE_FILL_AREA(#16964);
#16964 = FILL_AREA_STYLE('',(#16965));
#16965 = FILL_AREA_STYLE_COLOUR('',#15684);
#16966 = STYLED_ITEM('color',(#16967),#8898);
#16967 = PRESENTATION_STYLE_ASSIGNMENT((#16968));
#16968 = SURFACE_STYLE_USAGE(.BOTH.,#16969);
#16969 = SURFACE_SIDE_STYLE('',(#16970));
#16970 = SURFACE_STYLE_FILL_AREA(#16971);
#16971 = FILL_AREA_STYLE('',(#16972));
#16972 = FILL_AREA_STYLE_COLOUR('',#15684);
#16973 = STYLED_ITEM('color',(#16974),#8929);
#16974 = PRESENTATION_STYLE_ASSIGNMENT((#16975));
#16975 = SURFACE_STYLE_USAGE(.BOTH.,#16976);
#16976 = SURFACE_SIDE_STYLE('',(#16977));
#16977 = SURFACE_STYLE_FILL_AREA(#16978);
#16978 = FILL_AREA_STYLE('',(#16979));
#16979 = FILL_AREA_STYLE_COLOUR('',#15684);
#16980 = STYLED_ITEM('color',(#16981),#8953);
#16981 = PRESENTATION_STYLE_ASSIGNMENT((#16982));
#16982 = SURFACE_STYLE_USAGE(.BOTH.,#16983);
#16983 = SURFACE_SIDE_STYLE('',(#16984));
#16984 = SURFACE_STYLE_FILL_AREA(#16985);
#16985 = FILL_AREA_STYLE('',(#16986));
#16986 = FILL_AREA_STYLE_COLOUR('',#15684);
#16987 = STYLED_ITEM('color',(#16988),#8977);
#16988 = PRESENTATION_STYLE_ASSIGNMENT((#16989));
#16989 = SURFACE_STYLE_USAGE(.BOTH.,#16990);
#16990 = SURFACE_SIDE_STYLE('',(#16991));
#16991 = SURFACE_STYLE_FILL_AREA(#16992);
#16992 = FILL_AREA_STYLE('',(#16993));
#16993 = FILL_AREA_STYLE_COLOUR('',#15684);
#16994 = STYLED_ITEM('color',(#16995),#8994);
#16995 = PRESENTATION_STYLE_ASSIGNMENT((#16996));
#16996 = SURFACE_STYLE_USAGE(.BOTH.,#16997);
#16997 = SURFACE_SIDE_STYLE('',(#16998));
#16998 = SURFACE_STYLE_FILL_AREA(#16999);
#16999 = FILL_AREA_STYLE('',(#17000));
#17000 = FILL_AREA_STYLE_COLOUR('',#15684);
#17001 = STYLED_ITEM('color',(#17002),#9025);
#17002 = PRESENTATION_STYLE_ASSIGNMENT((#17003));
#17003 = SURFACE_STYLE_USAGE(.BOTH.,#17004);
#17004 = SURFACE_SIDE_STYLE('',(#17005));
#17005 = SURFACE_STYLE_FILL_AREA(#17006);
#17006 = FILL_AREA_STYLE('',(#17007));
#17007 = FILL_AREA_STYLE_COLOUR('',#15684);
#17008 = STYLED_ITEM('color',(#17009),#9049);
#17009 = PRESENTATION_STYLE_ASSIGNMENT((#17010));
#17010 = SURFACE_STYLE_USAGE(.BOTH.,#17011);
#17011 = SURFACE_SIDE_STYLE('',(#17012));
#17012 = SURFACE_STYLE_FILL_AREA(#17013);
#17013 = FILL_AREA_STYLE('',(#17014));
#17014 = FILL_AREA_STYLE_COLOUR('',#15684);
#17015 = STYLED_ITEM('color',(#17016),#9073);
#17016 = PRESENTATION_STYLE_ASSIGNMENT((#17017));
#17017 = SURFACE_STYLE_USAGE(.BOTH.,#17018);
#17018 = SURFACE_SIDE_STYLE('',(#17019));
#17019 = SURFACE_STYLE_FILL_AREA(#17020);
#17020 = FILL_AREA_STYLE('',(#17021));
#17021 = FILL_AREA_STYLE_COLOUR('',#15684);
#17022 = STYLED_ITEM('color',(#17023),#9090);
#17023 = PRESENTATION_STYLE_ASSIGNMENT((#17024));
#17024 = SURFACE_STYLE_USAGE(.BOTH.,#17025);
#17025 = SURFACE_SIDE_STYLE('',(#17026));
#17026 = SURFACE_STYLE_FILL_AREA(#17027);
#17027 = FILL_AREA_STYLE('',(#17028));
#17028 = FILL_AREA_STYLE_COLOUR('',#15684);
#17029 = STYLED_ITEM('color',(#17030),#9121);
#17030 = PRESENTATION_STYLE_ASSIGNMENT((#17031));
#17031 = SURFACE_STYLE_USAGE(.BOTH.,#17032);
#17032 = SURFACE_SIDE_STYLE('',(#17033));
#17033 = SURFACE_STYLE_FILL_AREA(#17034);
#17034 = FILL_AREA_STYLE('',(#17035));
#17035 = FILL_AREA_STYLE_COLOUR('',#15684);
#17036 = STYLED_ITEM('color',(#17037),#9145);
#17037 = PRESENTATION_STYLE_ASSIGNMENT((#17038));
#17038 = SURFACE_STYLE_USAGE(.BOTH.,#17039);
#17039 = SURFACE_SIDE_STYLE('',(#17040));
#17040 = SURFACE_STYLE_FILL_AREA(#17041);
#17041 = FILL_AREA_STYLE('',(#17042));
#17042 = FILL_AREA_STYLE_COLOUR('',#15684);
#17043 = STYLED_ITEM('color',(#17044),#9169);
#17044 = PRESENTATION_STYLE_ASSIGNMENT((#17045));
#17045 = SURFACE_STYLE_USAGE(.BOTH.,#17046);
#17046 = SURFACE_SIDE_STYLE('',(#17047));
#17047 = SURFACE_STYLE_FILL_AREA(#17048);
#17048 = FILL_AREA_STYLE('',(#17049));
#17049 = FILL_AREA_STYLE_COLOUR('',#15684);
#17050 = STYLED_ITEM('color',(#17051),#9186);
#17051 = PRESENTATION_STYLE_ASSIGNMENT((#17052));
#17052 = SURFACE_STYLE_USAGE(.BOTH.,#17053);
#17053 = SURFACE_SIDE_STYLE('',(#17054));
#17054 = SURFACE_STYLE_FILL_AREA(#17055);
#17055 = FILL_AREA_STYLE('',(#17056));
#17056 = FILL_AREA_STYLE_COLOUR('',#15684);
#17057 = STYLED_ITEM('color',(#17058),#9217);
#17058 = PRESENTATION_STYLE_ASSIGNMENT((#17059));
#17059 = SURFACE_STYLE_USAGE(.BOTH.,#17060);
#17060 = SURFACE_SIDE_STYLE('',(#17061));
#17061 = SURFACE_STYLE_FILL_AREA(#17062);
#17062 = FILL_AREA_STYLE('',(#17063));
#17063 = FILL_AREA_STYLE_COLOUR('',#15684);
#17064 = STYLED_ITEM('color',(#17065),#9241);
#17065 = PRESENTATION_STYLE_ASSIGNMENT((#17066));
#17066 = SURFACE_STYLE_USAGE(.BOTH.,#17067);
#17067 = SURFACE_SIDE_STYLE('',(#17068));
#17068 = SURFACE_STYLE_FILL_AREA(#17069);
#17069 = FILL_AREA_STYLE('',(#17070));
#17070 = FILL_AREA_STYLE_COLOUR('',#15684);
#17071 = STYLED_ITEM('color',(#17072),#9265);
#17072 = PRESENTATION_STYLE_ASSIGNMENT((#17073));
#17073 = SURFACE_STYLE_USAGE(.BOTH.,#17074);
#17074 = SURFACE_SIDE_STYLE('',(#17075));
#17075 = SURFACE_STYLE_FILL_AREA(#17076);
#17076 = FILL_AREA_STYLE('',(#17077));
#17077 = FILL_AREA_STYLE_COLOUR('',#15684);
#17078 = STYLED_ITEM('color',(#17079),#9282);
#17079 = PRESENTATION_STYLE_ASSIGNMENT((#17080));
#17080 = SURFACE_STYLE_USAGE(.BOTH.,#17081);
#17081 = SURFACE_SIDE_STYLE('',(#17082));
#17082 = SURFACE_STYLE_FILL_AREA(#17083);
#17083 = FILL_AREA_STYLE('',(#17084));
#17084 = FILL_AREA_STYLE_COLOUR('',#15684);
#17085 = STYLED_ITEM('color',(#17086),#9313);
#17086 = PRESENTATION_STYLE_ASSIGNMENT((#17087));
#17087 = SURFACE_STYLE_USAGE(.BOTH.,#17088);
#17088 = SURFACE_SIDE_STYLE('',(#17089));
#17089 = SURFACE_STYLE_FILL_AREA(#17090);
#17090 = FILL_AREA_STYLE('',(#17091));
#17091 = FILL_AREA_STYLE_COLOUR('',#15684);
#17092 = STYLED_ITEM('color',(#17093),#9337);
#17093 = PRESENTATION_STYLE_ASSIGNMENT((#17094));
#17094 = SURFACE_STYLE_USAGE(.BOTH.,#17095);
#17095 = SURFACE_SIDE_STYLE('',(#17096));
#17096 = SURFACE_STYLE_FILL_AREA(#17097);
#17097 = FILL_AREA_STYLE('',(#17098));
#17098 = FILL_AREA_STYLE_COLOUR('',#15684);
#17099 = STYLED_ITEM('color',(#17100),#9361);
#17100 = PRESENTATION_STYLE_ASSIGNMENT((#17101));
#17101 = SURFACE_STYLE_USAGE(.BOTH.,#17102);
#17102 = SURFACE_SIDE_STYLE('',(#17103));
#17103 = SURFACE_STYLE_FILL_AREA(#17104);
#17104 = FILL_AREA_STYLE('',(#17105));
#17105 = FILL_AREA_STYLE_COLOUR('',#15684);
#17106 = STYLED_ITEM('color',(#17107),#9378);
#17107 = PRESENTATION_STYLE_ASSIGNMENT((#17108));
#17108 = SURFACE_STYLE_USAGE(.BOTH.,#17109);
#17109 = SURFACE_SIDE_STYLE('',(#17110));
#17110 = SURFACE_STYLE_FILL_AREA(#17111);
#17111 = FILL_AREA_STYLE('',(#17112));
#17112 = FILL_AREA_STYLE_COLOUR('',#15684);
#17113 = STYLED_ITEM('color',(#17114),#9409);
#17114 = PRESENTATION_STYLE_ASSIGNMENT((#17115));
#17115 = SURFACE_STYLE_USAGE(.BOTH.,#17116);
#17116 = SURFACE_SIDE_STYLE('',(#17117));
#17117 = SURFACE_STYLE_FILL_AREA(#17118);
#17118 = FILL_AREA_STYLE('',(#17119));
#17119 = FILL_AREA_STYLE_COLOUR('',#15684);
#17120 = STYLED_ITEM('color',(#17121),#9433);
#17121 = PRESENTATION_STYLE_ASSIGNMENT((#17122));
#17122 = SURFACE_STYLE_USAGE(.BOTH.,#17123);
#17123 = SURFACE_SIDE_STYLE('',(#17124));
#17124 = SURFACE_STYLE_FILL_AREA(#17125);
#17125 = FILL_AREA_STYLE('',(#17126));
#17126 = FILL_AREA_STYLE_COLOUR('',#15684);
#17127 = STYLED_ITEM('color',(#17128),#9457);
#17128 = PRESENTATION_STYLE_ASSIGNMENT((#17129));
#17129 = SURFACE_STYLE_USAGE(.BOTH.,#17130);
#17130 = SURFACE_SIDE_STYLE('',(#17131));
#17131 = SURFACE_STYLE_FILL_AREA(#17132);
#17132 = FILL_AREA_STYLE('',(#17133));
#17133 = FILL_AREA_STYLE_COLOUR('',#15684);
#17134 = STYLED_ITEM('color',(#17135),#9474);
#17135 = PRESENTATION_STYLE_ASSIGNMENT((#17136));
#17136 = SURFACE_STYLE_USAGE(.BOTH.,#17137);
#17137 = SURFACE_SIDE_STYLE('',(#17138));
#17138 = SURFACE_STYLE_FILL_AREA(#17139);
#17139 = FILL_AREA_STYLE('',(#17140));
#17140 = FILL_AREA_STYLE_COLOUR('',#15684);
#17141 = STYLED_ITEM('color',(#17142),#9505);
#17142 = PRESENTATION_STYLE_ASSIGNMENT((#17143));
#17143 = SURFACE_STYLE_USAGE(.BOTH.,#17144);
#17144 = SURFACE_SIDE_STYLE('',(#17145));
#17145 = SURFACE_STYLE_FILL_AREA(#17146);
#17146 = FILL_AREA_STYLE('',(#17147));
#17147 = FILL_AREA_STYLE_COLOUR('',#15684);
#17148 = STYLED_ITEM('color',(#17149),#9529);
#17149 = PRESENTATION_STYLE_ASSIGNMENT((#17150));
#17150 = SURFACE_STYLE_USAGE(.BOTH.,#17151);
#17151 = SURFACE_SIDE_STYLE('',(#17152));
#17152 = SURFACE_STYLE_FILL_AREA(#17153);
#17153 = FILL_AREA_STYLE('',(#17154));
#17154 = FILL_AREA_STYLE_COLOUR('',#15684);
#17155 = STYLED_ITEM('color',(#17156),#9553);
#17156 = PRESENTATION_STYLE_ASSIGNMENT((#17157));
#17157 = SURFACE_STYLE_USAGE(.BOTH.,#17158);
#17158 = SURFACE_SIDE_STYLE('',(#17159));
#17159 = SURFACE_STYLE_FILL_AREA(#17160);
#17160 = FILL_AREA_STYLE('',(#17161));
#17161 = FILL_AREA_STYLE_COLOUR('',#15684);
#17162 = STYLED_ITEM('color',(#17163),#9570);
#17163 = PRESENTATION_STYLE_ASSIGNMENT((#17164));
#17164 = SURFACE_STYLE_USAGE(.BOTH.,#17165);
#17165 = SURFACE_SIDE_STYLE('',(#17166));
#17166 = SURFACE_STYLE_FILL_AREA(#17167);
#17167 = FILL_AREA_STYLE('',(#17168));
#17168 = FILL_AREA_STYLE_COLOUR('',#15684);
#17169 = STYLED_ITEM('color',(#17170),#9601);
#17170 = PRESENTATION_STYLE_ASSIGNMENT((#17171));
#17171 = SURFACE_STYLE_USAGE(.BOTH.,#17172);
#17172 = SURFACE_SIDE_STYLE('',(#17173));
#17173 = SURFACE_STYLE_FILL_AREA(#17174);
#17174 = FILL_AREA_STYLE('',(#17175));
#17175 = FILL_AREA_STYLE_COLOUR('',#15684);
#17176 = STYLED_ITEM('color',(#17177),#9625);
#17177 = PRESENTATION_STYLE_ASSIGNMENT((#17178));
#17178 = SURFACE_STYLE_USAGE(.BOTH.,#17179);
#17179 = SURFACE_SIDE_STYLE('',(#17180));
#17180 = SURFACE_STYLE_FILL_AREA(#17181);
#17181 = FILL_AREA_STYLE('',(#17182));
#17182 = FILL_AREA_STYLE_COLOUR('',#15684);
#17183 = STYLED_ITEM('color',(#17184),#9649);
#17184 = PRESENTATION_STYLE_ASSIGNMENT((#17185));
#17185 = SURFACE_STYLE_USAGE(.BOTH.,#17186);
#17186 = SURFACE_SIDE_STYLE('',(#17187));
#17187 = SURFACE_STYLE_FILL_AREA(#17188);
#17188 = FILL_AREA_STYLE('',(#17189));
#17189 = FILL_AREA_STYLE_COLOUR('',#15684);
#17190 = STYLED_ITEM('color',(#17191),#9666);
#17191 = PRESENTATION_STYLE_ASSIGNMENT((#17192));
#17192 = SURFACE_STYLE_USAGE(.BOTH.,#17193);
#17193 = SURFACE_SIDE_STYLE('',(#17194));
#17194 = SURFACE_STYLE_FILL_AREA(#17195);
#17195 = FILL_AREA_STYLE('',(#17196));
#17196 = FILL_AREA_STYLE_COLOUR('',#15684);
#17197 = STYLED_ITEM('color',(#17198),#9697);
#17198 = PRESENTATION_STYLE_ASSIGNMENT((#17199));
#17199 = SURFACE_STYLE_USAGE(.BOTH.,#17200);
#17200 = SURFACE_SIDE_STYLE('',(#17201));
#17201 = SURFACE_STYLE_FILL_AREA(#17202);
#17202 = FILL_AREA_STYLE('',(#17203));
#17203 = FILL_AREA_STYLE_COLOUR('',#15684);
#17204 = STYLED_ITEM('color',(#17205),#9721);
#17205 = PRESENTATION_STYLE_ASSIGNMENT((#17206));
#17206 = SURFACE_STYLE_USAGE(.BOTH.,#17207);
#17207 = SURFACE_SIDE_STYLE('',(#17208));
#17208 = SURFACE_STYLE_FILL_AREA(#17209);
#17209 = FILL_AREA_STYLE('',(#17210));
#17210 = FILL_AREA_STYLE_COLOUR('',#15684);
#17211 = STYLED_ITEM('color',(#17212),#9745);
#17212 = PRESENTATION_STYLE_ASSIGNMENT((#17213));
#17213 = SURFACE_STYLE_USAGE(.BOTH.,#17214);
#17214 = SURFACE_SIDE_STYLE('',(#17215));
#17215 = SURFACE_STYLE_FILL_AREA(#17216);
#17216 = FILL_AREA_STYLE('',(#17217));
#17217 = FILL_AREA_STYLE_COLOUR('',#15684);
#17218 = STYLED_ITEM('color',(#17219),#9762);
#17219 = PRESENTATION_STYLE_ASSIGNMENT((#17220));
#17220 = SURFACE_STYLE_USAGE(.BOTH.,#17221);
#17221 = SURFACE_SIDE_STYLE('',(#17222));
#17222 = SURFACE_STYLE_FILL_AREA(#17223);
#17223 = FILL_AREA_STYLE('',(#17224));
#17224 = FILL_AREA_STYLE_COLOUR('',#15684);
#17225 = STYLED_ITEM('color',(#17226),#9793);
#17226 = PRESENTATION_STYLE_ASSIGNMENT((#17227));
#17227 = SURFACE_STYLE_USAGE(.BOTH.,#17228);
#17228 = SURFACE_SIDE_STYLE('',(#17229));
#17229 = SURFACE_STYLE_FILL_AREA(#17230);
#17230 = FILL_AREA_STYLE('',(#17231));
#17231 = FILL_AREA_STYLE_COLOUR('',#15684);
#17232 = STYLED_ITEM('color',(#17233),#9817);
#17233 = PRESENTATION_STYLE_ASSIGNMENT((#17234));
#17234 = SURFACE_STYLE_USAGE(.BOTH.,#17235);
#17235 = SURFACE_SIDE_STYLE('',(#17236));
#17236 = SURFACE_STYLE_FILL_AREA(#17237);
#17237 = FILL_AREA_STYLE('',(#17238));
#17238 = FILL_AREA_STYLE_COLOUR('',#15684);
#17239 = STYLED_ITEM('color',(#17240),#9841);
#17240 = PRESENTATION_STYLE_ASSIGNMENT((#17241));
#17241 = SURFACE_STYLE_USAGE(.BOTH.,#17242);
#17242 = SURFACE_SIDE_STYLE('',(#17243));
#17243 = SURFACE_STYLE_FILL_AREA(#17244);
#17244 = FILL_AREA_STYLE('',(#17245));
#17245 = FILL_AREA_STYLE_COLOUR('',#15684);
#17246 = STYLED_ITEM('color',(#17247),#9858);
#17247 = PRESENTATION_STYLE_ASSIGNMENT((#17248));
#17248 = SURFACE_STYLE_USAGE(.BOTH.,#17249);
#17249 = SURFACE_SIDE_STYLE('',(#17250));
#17250 = SURFACE_STYLE_FILL_AREA(#17251);
#17251 = FILL_AREA_STYLE('',(#17252));
#17252 = FILL_AREA_STYLE_COLOUR('',#15684);
#17253 = STYLED_ITEM('color',(#17254),#9889);
#17254 = PRESENTATION_STYLE_ASSIGNMENT((#17255));
#17255 = SURFACE_STYLE_USAGE(.BOTH.,#17256);
#17256 = SURFACE_SIDE_STYLE('',(#17257));
#17257 = SURFACE_STYLE_FILL_AREA(#17258);
#17258 = FILL_AREA_STYLE('',(#17259));
#17259 = FILL_AREA_STYLE_COLOUR('',#15684);
#17260 = STYLED_ITEM('color',(#17261),#9913);
#17261 = PRESENTATION_STYLE_ASSIGNMENT((#17262));
#17262 = SURFACE_STYLE_USAGE(.BOTH.,#17263);
#17263 = SURFACE_SIDE_STYLE('',(#17264));
#17264 = SURFACE_STYLE_FILL_AREA(#17265);
#17265 = FILL_AREA_STYLE('',(#17266));
#17266 = FILL_AREA_STYLE_COLOUR('',#15684);
#17267 = STYLED_ITEM('color',(#17268),#9937);
#17268 = PRESENTATION_STYLE_ASSIGNMENT((#17269));
#17269 = SURFACE_STYLE_USAGE(.BOTH.,#17270);
#17270 = SURFACE_SIDE_STYLE('',(#17271));
#17271 = SURFACE_STYLE_FILL_AREA(#17272);
#17272 = FILL_AREA_STYLE('',(#17273));
#17273 = FILL_AREA_STYLE_COLOUR('',#15684);
#17274 = STYLED_ITEM('color',(#17275),#9954);
#17275 = PRESENTATION_STYLE_ASSIGNMENT((#17276));
#17276 = SURFACE_STYLE_USAGE(.BOTH.,#17277);
#17277 = SURFACE_SIDE_STYLE('',(#17278));
#17278 = SURFACE_STYLE_FILL_AREA(#17279);
#17279 = FILL_AREA_STYLE('',(#17280));
#17280 = FILL_AREA_STYLE_COLOUR('',#15684);
#17281 = STYLED_ITEM('color',(#17282),#9985);
#17282 = PRESENTATION_STYLE_ASSIGNMENT((#17283));
#17283 = SURFACE_STYLE_USAGE(.BOTH.,#17284);
#17284 = SURFACE_SIDE_STYLE('',(#17285));
#17285 = SURFACE_STYLE_FILL_AREA(#17286);
#17286 = FILL_AREA_STYLE('',(#17287));
#17287 = FILL_AREA_STYLE_COLOUR('',#15684);
#17288 = STYLED_ITEM('color',(#17289),#10009);
#17289 = PRESENTATION_STYLE_ASSIGNMENT((#17290));
#17290 = SURFACE_STYLE_USAGE(.BOTH.,#17291);
#17291 = SURFACE_SIDE_STYLE('',(#17292));
#17292 = SURFACE_STYLE_FILL_AREA(#17293);
#17293 = FILL_AREA_STYLE('',(#17294));
#17294 = FILL_AREA_STYLE_COLOUR('',#15684);
#17295 = STYLED_ITEM('color',(#17296),#10033);
#17296 = PRESENTATION_STYLE_ASSIGNMENT((#17297));
#17297 = SURFACE_STYLE_USAGE(.BOTH.,#17298);
#17298 = SURFACE_SIDE_STYLE('',(#17299));
#17299 = SURFACE_STYLE_FILL_AREA(#17300);
#17300 = FILL_AREA_STYLE('',(#17301));
#17301 = FILL_AREA_STYLE_COLOUR('',#15684);
#17302 = STYLED_ITEM('color',(#17303),#10050);
#17303 = PRESENTATION_STYLE_ASSIGNMENT((#17304));
#17304 = SURFACE_STYLE_USAGE(.BOTH.,#17305);
#17305 = SURFACE_SIDE_STYLE('',(#17306));
#17306 = SURFACE_STYLE_FILL_AREA(#17307);
#17307 = FILL_AREA_STYLE('',(#17308));
#17308 = FILL_AREA_STYLE_COLOUR('',#15684);
#17309 = STYLED_ITEM('color',(#17310),#10081);
#17310 = PRESENTATION_STYLE_ASSIGNMENT((#17311));
#17311 = SURFACE_STYLE_USAGE(.BOTH.,#17312);
#17312 = SURFACE_SIDE_STYLE('',(#17313));
#17313 = SURFACE_STYLE_FILL_AREA(#17314);
#17314 = FILL_AREA_STYLE('',(#17315));
#17315 = FILL_AREA_STYLE_COLOUR('',#15684);
#17316 = STYLED_ITEM('color',(#17317),#10105);
#17317 = PRESENTATION_STYLE_ASSIGNMENT((#17318));
#17318 = SURFACE_STYLE_USAGE(.BOTH.,#17319);
#17319 = SURFACE_SIDE_STYLE('',(#17320));
#17320 = SURFACE_STYLE_FILL_AREA(#17321);
#17321 = FILL_AREA_STYLE('',(#17322));
#17322 = FILL_AREA_STYLE_COLOUR('',#15684);
#17323 = STYLED_ITEM('color',(#17324),#10129);
#17324 = PRESENTATION_STYLE_ASSIGNMENT((#17325));
#17325 = SURFACE_STYLE_USAGE(.BOTH.,#17326);
#17326 = SURFACE_SIDE_STYLE('',(#17327));
#17327 = SURFACE_STYLE_FILL_AREA(#17328);
#17328 = FILL_AREA_STYLE('',(#17329));
#17329 = FILL_AREA_STYLE_COLOUR('',#15684);
#17330 = STYLED_ITEM('color',(#17331),#10146);
#17331 = PRESENTATION_STYLE_ASSIGNMENT((#17332));
#17332 = SURFACE_STYLE_USAGE(.BOTH.,#17333);
#17333 = SURFACE_SIDE_STYLE('',(#17334));
#17334 = SURFACE_STYLE_FILL_AREA(#17335);
#17335 = FILL_AREA_STYLE('',(#17336));
#17336 = FILL_AREA_STYLE_COLOUR('',#15684);
#17337 = STYLED_ITEM('color',(#17338),#10177);
#17338 = PRESENTATION_STYLE_ASSIGNMENT((#17339));
#17339 = SURFACE_STYLE_USAGE(.BOTH.,#17340);
#17340 = SURFACE_SIDE_STYLE('',(#17341));
#17341 = SURFACE_STYLE_FILL_AREA(#17342);
#17342 = FILL_AREA_STYLE('',(#17343));
#17343 = FILL_AREA_STYLE_COLOUR('',#15684);
#17344 = STYLED_ITEM('color',(#17345),#10201);
#17345 = PRESENTATION_STYLE_ASSIGNMENT((#17346));
#17346 = SURFACE_STYLE_USAGE(.BOTH.,#17347);
#17347 = SURFACE_SIDE_STYLE('',(#17348));
#17348 = SURFACE_STYLE_FILL_AREA(#17349);
#17349 = FILL_AREA_STYLE('',(#17350));
#17350 = FILL_AREA_STYLE_COLOUR('',#15684);
#17351 = STYLED_ITEM('color',(#17352),#10225);
#17352 = PRESENTATION_STYLE_ASSIGNMENT((#17353));
#17353 = SURFACE_STYLE_USAGE(.BOTH.,#17354);
#17354 = SURFACE_SIDE_STYLE('',(#17355));
#17355 = SURFACE_STYLE_FILL_AREA(#17356);
#17356 = FILL_AREA_STYLE('',(#17357));
#17357 = FILL_AREA_STYLE_COLOUR('',#15684);
#17358 = STYLED_ITEM('color',(#17359),#10242);
#17359 = PRESENTATION_STYLE_ASSIGNMENT((#17360));
#17360 = SURFACE_STYLE_USAGE(.BOTH.,#17361);
#17361 = SURFACE_SIDE_STYLE('',(#17362));
#17362 = SURFACE_STYLE_FILL_AREA(#17363);
#17363 = FILL_AREA_STYLE('',(#17364));
#17364 = FILL_AREA_STYLE_COLOUR('',#15684);
#17365 = STYLED_ITEM('color',(#17366),#10273);
#17366 = PRESENTATION_STYLE_ASSIGNMENT((#17367));
#17367 = SURFACE_STYLE_USAGE(.BOTH.,#17368);
#17368 = SURFACE_SIDE_STYLE('',(#17369));
#17369 = SURFACE_STYLE_FILL_AREA(#17370);
#17370 = FILL_AREA_STYLE('',(#17371));
#17371 = FILL_AREA_STYLE_COLOUR('',#15684);
#17372 = STYLED_ITEM('color',(#17373),#10297);
#17373 = PRESENTATION_STYLE_ASSIGNMENT((#17374));
#17374 = SURFACE_STYLE_USAGE(.BOTH.,#17375);
#17375 = SURFACE_SIDE_STYLE('',(#17376));
#17376 = SURFACE_STYLE_FILL_AREA(#17377);
#17377 = FILL_AREA_STYLE('',(#17378));
#17378 = FILL_AREA_STYLE_COLOUR('',#15684);
#17379 = STYLED_ITEM('color',(#17380),#10321);
#17380 = PRESENTATION_STYLE_ASSIGNMENT((#17381));
#17381 = SURFACE_STYLE_USAGE(.BOTH.,#17382);
#17382 = SURFACE_SIDE_STYLE('',(#17383));
#17383 = SURFACE_STYLE_FILL_AREA(#17384);
#17384 = FILL_AREA_STYLE('',(#17385));
#17385 = FILL_AREA_STYLE_COLOUR('',#15684);
#17386 = STYLED_ITEM('color',(#17387),#10338);
#17387 = PRESENTATION_STYLE_ASSIGNMENT((#17388));
#17388 = SURFACE_STYLE_USAGE(.BOTH.,#17389);
#17389 = SURFACE_SIDE_STYLE('',(#17390));
#17390 = SURFACE_STYLE_FILL_AREA(#17391);
#17391 = FILL_AREA_STYLE('',(#17392));
#17392 = FILL_AREA_STYLE_COLOUR('',#15684);
#17393 = STYLED_ITEM('color',(#17394),#10369);
#17394 = PRESENTATION_STYLE_ASSIGNMENT((#17395));
#17395 = SURFACE_STYLE_USAGE(.BOTH.,#17396);
#17396 = SURFACE_SIDE_STYLE('',(#17397));
#17397 = SURFACE_STYLE_FILL_AREA(#17398);
#17398 = FILL_AREA_STYLE('',(#17399));
#17399 = FILL_AREA_STYLE_COLOUR('',#15684);
#17400 = STYLED_ITEM('color',(#17401),#10393);
#17401 = PRESENTATION_STYLE_ASSIGNMENT((#17402));
#17402 = SURFACE_STYLE_USAGE(.BOTH.,#17403);
#17403 = SURFACE_SIDE_STYLE('',(#17404));
#17404 = SURFACE_STYLE_FILL_AREA(#17405);
#17405 = FILL_AREA_STYLE('',(#17406));
#17406 = FILL_AREA_STYLE_COLOUR('',#15684);
#17407 = STYLED_ITEM('color',(#17408),#10417);
#17408 = PRESENTATION_STYLE_ASSIGNMENT((#17409));
#17409 = SURFACE_STYLE_USAGE(.BOTH.,#17410);
#17410 = SURFACE_SIDE_STYLE('',(#17411));
#17411 = SURFACE_STYLE_FILL_AREA(#17412);
#17412 = FILL_AREA_STYLE('',(#17413));
#17413 = FILL_AREA_STYLE_COLOUR('',#15684);
#17414 = STYLED_ITEM('color',(#17415),#10434);
#17415 = PRESENTATION_STYLE_ASSIGNMENT((#17416));
#17416 = SURFACE_STYLE_USAGE(.BOTH.,#17417);
#17417 = SURFACE_SIDE_STYLE('',(#17418));
#17418 = SURFACE_STYLE_FILL_AREA(#17419);
#17419 = FILL_AREA_STYLE('',(#17420));
#17420 = FILL_AREA_STYLE_COLOUR('',#15684);
#17421 = STYLED_ITEM('color',(#17422),#10465);
#17422 = PRESENTATION_STYLE_ASSIGNMENT((#17423));
#17423 = SURFACE_STYLE_USAGE(.BOTH.,#17424);
#17424 = SURFACE_SIDE_STYLE('',(#17425));
#17425 = SURFACE_STYLE_FILL_AREA(#17426);
#17426 = FILL_AREA_STYLE('',(#17427));
#17427 = FILL_AREA_STYLE_COLOUR('',#15684);
#17428 = STYLED_ITEM('color',(#17429),#10489);
#17429 = PRESENTATION_STYLE_ASSIGNMENT((#17430));
#17430 = SURFACE_STYLE_USAGE(.BOTH.,#17431);
#17431 = SURFACE_SIDE_STYLE('',(#17432));
#17432 = SURFACE_STYLE_FILL_AREA(#17433);
#17433 = FILL_AREA_STYLE('',(#17434));
#17434 = FILL_AREA_STYLE_COLOUR('',#15684);
#17435 = STYLED_ITEM('color',(#17436),#10513);
#17436 = PRESENTATION_STYLE_ASSIGNMENT((#17437));
#17437 = SURFACE_STYLE_USAGE(.BOTH.,#17438);
#17438 = SURFACE_SIDE_STYLE('',(#17439));
#17439 = SURFACE_STYLE_FILL_AREA(#17440);
#17440 = FILL_AREA_STYLE('',(#17441));
#17441 = FILL_AREA_STYLE_COLOUR('',#15684);
#17442 = STYLED_ITEM('color',(#17443),#10530);
#17443 = PRESENTATION_STYLE_ASSIGNMENT((#17444));
#17444 = SURFACE_STYLE_USAGE(.BOTH.,#17445);
#17445 = SURFACE_SIDE_STYLE('',(#17446));
#17446 = SURFACE_STYLE_FILL_AREA(#17447);
#17447 = FILL_AREA_STYLE('',(#17448));
#17448 = FILL_AREA_STYLE_COLOUR('',#15684);
#17449 = STYLED_ITEM('color',(#17450),#10561);
#17450 = PRESENTATION_STYLE_ASSIGNMENT((#17451));
#17451 = SURFACE_STYLE_USAGE(.BOTH.,#17452);
#17452 = SURFACE_SIDE_STYLE('',(#17453));
#17453 = SURFACE_STYLE_FILL_AREA(#17454);
#17454 = FILL_AREA_STYLE('',(#17455));
#17455 = FILL_AREA_STYLE_COLOUR('',#15684);
#17456 = STYLED_ITEM('color',(#17457),#10585);
#17457 = PRESENTATION_STYLE_ASSIGNMENT((#17458));
#17458 = SURFACE_STYLE_USAGE(.BOTH.,#17459);
#17459 = SURFACE_SIDE_STYLE('',(#17460));
#17460 = SURFACE_STYLE_FILL_AREA(#17461);
#17461 = FILL_AREA_STYLE('',(#17462));
#17462 = FILL_AREA_STYLE_COLOUR('',#15684);
#17463 = STYLED_ITEM('color',(#17464),#10609);
#17464 = PRESENTATION_STYLE_ASSIGNMENT((#17465));
#17465 = SURFACE_STYLE_USAGE(.BOTH.,#17466);
#17466 = SURFACE_SIDE_STYLE('',(#17467));
#17467 = SURFACE_STYLE_FILL_AREA(#17468);
#17468 = FILL_AREA_STYLE('',(#17469));
#17469 = FILL_AREA_STYLE_COLOUR('',#15684);
#17470 = STYLED_ITEM('color',(#17471),#10626);
#17471 = PRESENTATION_STYLE_ASSIGNMENT((#17472));
#17472 = SURFACE_STYLE_USAGE(.BOTH.,#17473);
#17473 = SURFACE_SIDE_STYLE('',(#17474));
#17474 = SURFACE_STYLE_FILL_AREA(#17475);
#17475 = FILL_AREA_STYLE('',(#17476));
#17476 = FILL_AREA_STYLE_COLOUR('',#15684);
#17477 = STYLED_ITEM('color',(#17478),#10657);
#17478 = PRESENTATION_STYLE_ASSIGNMENT((#17479));
#17479 = SURFACE_STYLE_USAGE(.BOTH.,#17480);
#17480 = SURFACE_SIDE_STYLE('',(#17481));
#17481 = SURFACE_STYLE_FILL_AREA(#17482);
#17482 = FILL_AREA_STYLE('',(#17483));
#17483 = FILL_AREA_STYLE_COLOUR('',#15684);
#17484 = STYLED_ITEM('color',(#17485),#10681);
#17485 = PRESENTATION_STYLE_ASSIGNMENT((#17486));
#17486 = SURFACE_STYLE_USAGE(.BOTH.,#17487);
#17487 = SURFACE_SIDE_STYLE('',(#17488));
#17488 = SURFACE_STYLE_FILL_AREA(#17489);
#17489 = FILL_AREA_STYLE('',(#17490));
#17490 = FILL_AREA_STYLE_COLOUR('',#15684);
#17491 = STYLED_ITEM('color',(#17492),#10705);
#17492 = PRESENTATION_STYLE_ASSIGNMENT((#17493));
#17493 = SURFACE_STYLE_USAGE(.BOTH.,#17494);
#17494 = SURFACE_SIDE_STYLE('',(#17495));
#17495 = SURFACE_STYLE_FILL_AREA(#17496);
#17496 = FILL_AREA_STYLE('',(#17497));
#17497 = FILL_AREA_STYLE_COLOUR('',#15684);
#17498 = STYLED_ITEM('color',(#17499),#10722);
#17499 = PRESENTATION_STYLE_ASSIGNMENT((#17500));
#17500 = SURFACE_STYLE_USAGE(.BOTH.,#17501);
#17501 = SURFACE_SIDE_STYLE('',(#17502));
#17502 = SURFACE_STYLE_FILL_AREA(#17503);
#17503 = FILL_AREA_STYLE('',(#17504));
#17504 = FILL_AREA_STYLE_COLOUR('',#15684);
#17505 = STYLED_ITEM('color',(#17506),#10753);
#17506 = PRESENTATION_STYLE_ASSIGNMENT((#17507));
#17507 = SURFACE_STYLE_USAGE(.BOTH.,#17508);
#17508 = SURFACE_SIDE_STYLE('',(#17509));
#17509 = SURFACE_STYLE_FILL_AREA(#17510);
#17510 = FILL_AREA_STYLE('',(#17511));
#17511 = FILL_AREA_STYLE_COLOUR('',#15684);
#17512 = STYLED_ITEM('color',(#17513),#10777);
#17513 = PRESENTATION_STYLE_ASSIGNMENT((#17514));
#17514 = SURFACE_STYLE_USAGE(.BOTH.,#17515);
#17515 = SURFACE_SIDE_STYLE('',(#17516));
#17516 = SURFACE_STYLE_FILL_AREA(#17517);
#17517 = FILL_AREA_STYLE('',(#17518));
#17518 = FILL_AREA_STYLE_COLOUR('',#15684);
#17519 = STYLED_ITEM('color',(#17520),#10801);
#17520 = PRESENTATION_STYLE_ASSIGNMENT((#17521));
#17521 = SURFACE_STYLE_USAGE(.BOTH.,#17522);
#17522 = SURFACE_SIDE_STYLE('',(#17523));
#17523 = SURFACE_STYLE_FILL_AREA(#17524);
#17524 = FILL_AREA_STYLE('',(#17525));
#17525 = FILL_AREA_STYLE_COLOUR('',#15684);
#17526 = STYLED_ITEM('color',(#17527),#10818);
#17527 = PRESENTATION_STYLE_ASSIGNMENT((#17528));
#17528 = SURFACE_STYLE_USAGE(.BOTH.,#17529);
#17529 = SURFACE_SIDE_STYLE('',(#17530));
#17530 = SURFACE_STYLE_FILL_AREA(#17531);
#17531 = FILL_AREA_STYLE('',(#17532));
#17532 = FILL_AREA_STYLE_COLOUR('',#15684);
#17533 = STYLED_ITEM('color',(#17534),#10849);
#17534 = PRESENTATION_STYLE_ASSIGNMENT((#17535));
#17535 = SURFACE_STYLE_USAGE(.BOTH.,#17536);
#17536 = SURFACE_SIDE_STYLE('',(#17537));
#17537 = SURFACE_STYLE_FILL_AREA(#17538);
#17538 = FILL_AREA_STYLE('',(#17539));
#17539 = FILL_AREA_STYLE_COLOUR('',#15684);
#17540 = STYLED_ITEM('color',(#17541),#10873);
#17541 = PRESENTATION_STYLE_ASSIGNMENT((#17542));
#17542 = SURFACE_STYLE_USAGE(.BOTH.,#17543);
#17543 = SURFACE_SIDE_STYLE('',(#17544));
#17544 = SURFACE_STYLE_FILL_AREA(#17545);
#17545 = FILL_AREA_STYLE('',(#17546));
#17546 = FILL_AREA_STYLE_COLOUR('',#15684);
#17547 = STYLED_ITEM('color',(#17548),#10897);
#17548 = PRESENTATION_STYLE_ASSIGNMENT((#17549));
#17549 = SURFACE_STYLE_USAGE(.BOTH.,#17550);
#17550 = SURFACE_SIDE_STYLE('',(#17551));
#17551 = SURFACE_STYLE_FILL_AREA(#17552);
#17552 = FILL_AREA_STYLE('',(#17553));
#17553 = FILL_AREA_STYLE_COLOUR('',#15684);
#17554 = STYLED_ITEM('color',(#17555),#10914);
#17555 = PRESENTATION_STYLE_ASSIGNMENT((#17556));
#17556 = SURFACE_STYLE_USAGE(.BOTH.,#17557);
#17557 = SURFACE_SIDE_STYLE('',(#17558));
#17558 = SURFACE_STYLE_FILL_AREA(#17559);
#17559 = FILL_AREA_STYLE('',(#17560));
#17560 = FILL_AREA_STYLE_COLOUR('',#15684);
#17561 = STYLED_ITEM('color',(#17562),#10945);
#17562 = PRESENTATION_STYLE_ASSIGNMENT((#17563));
#17563 = SURFACE_STYLE_USAGE(.BOTH.,#17564);
#17564 = SURFACE_SIDE_STYLE('',(#17565));
#17565 = SURFACE_STYLE_FILL_AREA(#17566);
#17566 = FILL_AREA_STYLE('',(#17567));
#17567 = FILL_AREA_STYLE_COLOUR('',#15684);
#17568 = STYLED_ITEM('color',(#17569),#10969);
#17569 = PRESENTATION_STYLE_ASSIGNMENT((#17570));
#17570 = SURFACE_STYLE_USAGE(.BOTH.,#17571);
#17571 = SURFACE_SIDE_STYLE('',(#17572));
#17572 = SURFACE_STYLE_FILL_AREA(#17573);
#17573 = FILL_AREA_STYLE('',(#17574));
#17574 = FILL_AREA_STYLE_COLOUR('',#15684);
#17575 = STYLED_ITEM('color',(#17576),#10993);
#17576 = PRESENTATION_STYLE_ASSIGNMENT((#17577));
#17577 = SURFACE_STYLE_USAGE(.BOTH.,#17578);
#17578 = SURFACE_SIDE_STYLE('',(#17579));
#17579 = SURFACE_STYLE_FILL_AREA(#17580);
#17580 = FILL_AREA_STYLE('',(#17581));
#17581 = FILL_AREA_STYLE_COLOUR('',#15684);
#17582 = STYLED_ITEM('color',(#17583),#11010);
#17583 = PRESENTATION_STYLE_ASSIGNMENT((#17584));
#17584 = SURFACE_STYLE_USAGE(.BOTH.,#17585);
#17585 = SURFACE_SIDE_STYLE('',(#17586));
#17586 = SURFACE_STYLE_FILL_AREA(#17587);
#17587 = FILL_AREA_STYLE('',(#17588));
#17588 = FILL_AREA_STYLE_COLOUR('',#15684);
#17589 = STYLED_ITEM('color',(#17590),#11041);
#17590 = PRESENTATION_STYLE_ASSIGNMENT((#17591));
#17591 = SURFACE_STYLE_USAGE(.BOTH.,#17592);
#17592 = SURFACE_SIDE_STYLE('',(#17593));
#17593 = SURFACE_STYLE_FILL_AREA(#17594);
#17594 = FILL_AREA_STYLE('',(#17595));
#17595 = FILL_AREA_STYLE_COLOUR('',#15684);
#17596 = STYLED_ITEM('color',(#17597),#11065);
#17597 = PRESENTATION_STYLE_ASSIGNMENT((#17598));
#17598 = SURFACE_STYLE_USAGE(.BOTH.,#17599);
#17599 = SURFACE_SIDE_STYLE('',(#17600));
#17600 = SURFACE_STYLE_FILL_AREA(#17601);
#17601 = FILL_AREA_STYLE('',(#17602));
#17602 = FILL_AREA_STYLE_COLOUR('',#15684);
#17603 = STYLED_ITEM('color',(#17604),#11089);
#17604 = PRESENTATION_STYLE_ASSIGNMENT((#17605));
#17605 = SURFACE_STYLE_USAGE(.BOTH.,#17606);
#17606 = SURFACE_SIDE_STYLE('',(#17607));
#17607 = SURFACE_STYLE_FILL_AREA(#17608);
#17608 = FILL_AREA_STYLE('',(#17609));
#17609 = FILL_AREA_STYLE_COLOUR('',#15684);
#17610 = STYLED_ITEM('color',(#17611),#11106);
#17611 = PRESENTATION_STYLE_ASSIGNMENT((#17612));
#17612 = SURFACE_STYLE_USAGE(.BOTH.,#17613);
#17613 = SURFACE_SIDE_STYLE('',(#17614));
#17614 = SURFACE_STYLE_FILL_AREA(#17615);
#17615 = FILL_AREA_STYLE('',(#17616));
#17616 = FILL_AREA_STYLE_COLOUR('',#15684);
#17617 = STYLED_ITEM('color',(#17618),#11137);
#17618 = PRESENTATION_STYLE_ASSIGNMENT((#17619));
#17619 = SURFACE_STYLE_USAGE(.BOTH.,#17620);
#17620 = SURFACE_SIDE_STYLE('',(#17621));
#17621 = SURFACE_STYLE_FILL_AREA(#17622);
#17622 = FILL_AREA_STYLE('',(#17623));
#17623 = FILL_AREA_STYLE_COLOUR('',#15684);
#17624 = STYLED_ITEM('color',(#17625),#11161);
#17625 = PRESENTATION_STYLE_ASSIGNMENT((#17626));
#17626 = SURFACE_STYLE_USAGE(.BOTH.,#17627);
#17627 = SURFACE_SIDE_STYLE('',(#17628));
#17628 = SURFACE_STYLE_FILL_AREA(#17629);
#17629 = FILL_AREA_STYLE('',(#17630));
#17630 = FILL_AREA_STYLE_COLOUR('',#15684);
#17631 = STYLED_ITEM('color',(#17632),#11185);
#17632 = PRESENTATION_STYLE_ASSIGNMENT((#17633));
#17633 = SURFACE_STYLE_USAGE(.BOTH.,#17634);
#17634 = SURFACE_SIDE_STYLE('',(#17635));
#17635 = SURFACE_STYLE_FILL_AREA(#17636);
#17636 = FILL_AREA_STYLE('',(#17637));
#17637 = FILL_AREA_STYLE_COLOUR('',#15684);
#17638 = STYLED_ITEM('color',(#17639),#11202);
#17639 = PRESENTATION_STYLE_ASSIGNMENT((#17640));
#17640 = SURFACE_STYLE_USAGE(.BOTH.,#17641);
#17641 = SURFACE_SIDE_STYLE('',(#17642));
#17642 = SURFACE_STYLE_FILL_AREA(#17643);
#17643 = FILL_AREA_STYLE('',(#17644));
#17644 = FILL_AREA_STYLE_COLOUR('',#15684);
#17645 = STYLED_ITEM('color',(#17646),#11233);
#17646 = PRESENTATION_STYLE_ASSIGNMENT((#17647));
#17647 = SURFACE_STYLE_USAGE(.BOTH.,#17648);
#17648 = SURFACE_SIDE_STYLE('',(#17649));
#17649 = SURFACE_STYLE_FILL_AREA(#17650);
#17650 = FILL_AREA_STYLE('',(#17651));
#17651 = FILL_AREA_STYLE_COLOUR('',#15684);
#17652 = STYLED_ITEM('color',(#17653),#11257);
#17653 = PRESENTATION_STYLE_ASSIGNMENT((#17654));
#17654 = SURFACE_STYLE_USAGE(.BOTH.,#17655);
#17655 = SURFACE_SIDE_STYLE('',(#17656));
#17656 = SURFACE_STYLE_FILL_AREA(#17657);
#17657 = FILL_AREA_STYLE('',(#17658));
#17658 = FILL_AREA_STYLE_COLOUR('',#15684);
#17659 = STYLED_ITEM('color',(#17660),#11281);
#17660 = PRESENTATION_STYLE_ASSIGNMENT((#17661));
#17661 = SURFACE_STYLE_USAGE(.BOTH.,#17662);
#17662 = SURFACE_SIDE_STYLE('',(#17663));
#17663 = SURFACE_STYLE_FILL_AREA(#17664);
#17664 = FILL_AREA_STYLE('',(#17665));
#17665 = FILL_AREA_STYLE_COLOUR('',#15684);
#17666 = STYLED_ITEM('color',(#17667),#11298);
#17667 = PRESENTATION_STYLE_ASSIGNMENT((#17668));
#17668 = SURFACE_STYLE_USAGE(.BOTH.,#17669);
#17669 = SURFACE_SIDE_STYLE('',(#17670));
#17670 = SURFACE_STYLE_FILL_AREA(#17671);
#17671 = FILL_AREA_STYLE('',(#17672));
#17672 = FILL_AREA_STYLE_COLOUR('',#15684);
#17673 = STYLED_ITEM('color',(#17674),#11329);
#17674 = PRESENTATION_STYLE_ASSIGNMENT((#17675));
#17675 = SURFACE_STYLE_USAGE(.BOTH.,#17676);
#17676 = SURFACE_SIDE_STYLE('',(#17677));
#17677 = SURFACE_STYLE_FILL_AREA(#17678);
#17678 = FILL_AREA_STYLE('',(#17679));
#17679 = FILL_AREA_STYLE_COLOUR('',#15684);
#17680 = STYLED_ITEM('color',(#17681),#11353);
#17681 = PRESENTATION_STYLE_ASSIGNMENT((#17682));
#17682 = SURFACE_STYLE_USAGE(.BOTH.,#17683);
#17683 = SURFACE_SIDE_STYLE('',(#17684));
#17684 = SURFACE_STYLE_FILL_AREA(#17685);
#17685 = FILL_AREA_STYLE('',(#17686));
#17686 = FILL_AREA_STYLE_COLOUR('',#15684);
#17687 = STYLED_ITEM('color',(#17688),#11377);
#17688 = PRESENTATION_STYLE_ASSIGNMENT((#17689));
#17689 = SURFACE_STYLE_USAGE(.BOTH.,#17690);
#17690 = SURFACE_SIDE_STYLE('',(#17691));
#17691 = SURFACE_STYLE_FILL_AREA(#17692);
#17692 = FILL_AREA_STYLE('',(#17693));
#17693 = FILL_AREA_STYLE_COLOUR('',#15684);
#17694 = STYLED_ITEM('color',(#17695),#11394);
#17695 = PRESENTATION_STYLE_ASSIGNMENT((#17696));
#17696 = SURFACE_STYLE_USAGE(.BOTH.,#17697);
#17697 = SURFACE_SIDE_STYLE('',(#17698));
#17698 = SURFACE_STYLE_FILL_AREA(#17699);
#17699 = FILL_AREA_STYLE('',(#17700));
#17700 = FILL_AREA_STYLE_COLOUR('',#15684);
#17701 = STYLED_ITEM('color',(#17702),#11425);
#17702 = PRESENTATION_STYLE_ASSIGNMENT((#17703));
#17703 = SURFACE_STYLE_USAGE(.BOTH.,#17704);
#17704 = SURFACE_SIDE_STYLE('',(#17705));
#17705 = SURFACE_STYLE_FILL_AREA(#17706);
#17706 = FILL_AREA_STYLE('',(#17707));
#17707 = FILL_AREA_STYLE_COLOUR('',#15684);
#17708 = STYLED_ITEM('color',(#17709),#11449);
#17709 = PRESENTATION_STYLE_ASSIGNMENT((#17710));
#17710 = SURFACE_STYLE_USAGE(.BOTH.,#17711);
#17711 = SURFACE_SIDE_STYLE('',(#17712));
#17712 = SURFACE_STYLE_FILL_AREA(#17713);
#17713 = FILL_AREA_STYLE('',(#17714));
#17714 = FILL_AREA_STYLE_COLOUR('',#15684);
#17715 = STYLED_ITEM('color',(#17716),#11473);
#17716 = PRESENTATION_STYLE_ASSIGNMENT((#17717));
#17717 = SURFACE_STYLE_USAGE(.BOTH.,#17718);
#17718 = SURFACE_SIDE_STYLE('',(#17719));
#17719 = SURFACE_STYLE_FILL_AREA(#17720);
#17720 = FILL_AREA_STYLE('',(#17721));
#17721 = FILL_AREA_STYLE_COLOUR('',#15684);
#17722 = STYLED_ITEM('color',(#17723),#11490);
#17723 = PRESENTATION_STYLE_ASSIGNMENT((#17724));
#17724 = SURFACE_STYLE_USAGE(.BOTH.,#17725);
#17725 = SURFACE_SIDE_STYLE('',(#17726));
#17726 = SURFACE_STYLE_FILL_AREA(#17727);
#17727 = FILL_AREA_STYLE('',(#17728));
#17728 = FILL_AREA_STYLE_COLOUR('',#15684);
#17729 = STYLED_ITEM('color',(#17730),#11521);
#17730 = PRESENTATION_STYLE_ASSIGNMENT((#17731));
#17731 = SURFACE_STYLE_USAGE(.BOTH.,#17732);
#17732 = SURFACE_SIDE_STYLE('',(#17733));
#17733 = SURFACE_STYLE_FILL_AREA(#17734);
#17734 = FILL_AREA_STYLE('',(#17735));
#17735 = FILL_AREA_STYLE_COLOUR('',#15684);
#17736 = STYLED_ITEM('color',(#17737),#11545);
#17737 = PRESENTATION_STYLE_ASSIGNMENT((#17738));
#17738 = SURFACE_STYLE_USAGE(.BOTH.,#17739);
#17739 = SURFACE_SIDE_STYLE('',(#17740));
#17740 = SURFACE_STYLE_FILL_AREA(#17741);
#17741 = FILL_AREA_STYLE('',(#17742));
#17742 = FILL_AREA_STYLE_COLOUR('',#15684);
#17743 = STYLED_ITEM('color',(#17744),#11569);
#17744 = PRESENTATION_STYLE_ASSIGNMENT((#17745));
#17745 = SURFACE_STYLE_USAGE(.BOTH.,#17746);
#17746 = SURFACE_SIDE_STYLE('',(#17747));
#17747 = SURFACE_STYLE_FILL_AREA(#17748);
#17748 = FILL_AREA_STYLE('',(#17749));
#17749 = FILL_AREA_STYLE_COLOUR('',#15684);
#17750 = STYLED_ITEM('color',(#17751),#11586);
#17751 = PRESENTATION_STYLE_ASSIGNMENT((#17752));
#17752 = SURFACE_STYLE_USAGE(.BOTH.,#17753);
#17753 = SURFACE_SIDE_STYLE('',(#17754));
#17754 = SURFACE_STYLE_FILL_AREA(#17755);
#17755 = FILL_AREA_STYLE('',(#17756));
#17756 = FILL_AREA_STYLE_COLOUR('',#15684);
#17757 = STYLED_ITEM('color',(#17758),#11617);
#17758 = PRESENTATION_STYLE_ASSIGNMENT((#17759));
#17759 = SURFACE_STYLE_USAGE(.BOTH.,#17760);
#17760 = SURFACE_SIDE_STYLE('',(#17761));
#17761 = SURFACE_STYLE_FILL_AREA(#17762);
#17762 = FILL_AREA_STYLE('',(#17763));
#17763 = FILL_AREA_STYLE_COLOUR('',#15684);
#17764 = STYLED_ITEM('color',(#17765),#11641);
#17765 = PRESENTATION_STYLE_ASSIGNMENT((#17766));
#17766 = SURFACE_STYLE_USAGE(.BOTH.,#17767);
#17767 = SURFACE_SIDE_STYLE('',(#17768));
#17768 = SURFACE_STYLE_FILL_AREA(#17769);
#17769 = FILL_AREA_STYLE('',(#17770));
#17770 = FILL_AREA_STYLE_COLOUR('',#15684);
#17771 = STYLED_ITEM('color',(#17772),#11665);
#17772 = PRESENTATION_STYLE_ASSIGNMENT((#17773));
#17773 = SURFACE_STYLE_USAGE(.BOTH.,#17774);
#17774 = SURFACE_SIDE_STYLE('',(#17775));
#17775 = SURFACE_STYLE_FILL_AREA(#17776);
#17776 = FILL_AREA_STYLE('',(#17777));
#17777 = FILL_AREA_STYLE_COLOUR('',#15684);
#17778 = STYLED_ITEM('color',(#17779),#11682);
#17779 = PRESENTATION_STYLE_ASSIGNMENT((#17780));
#17780 = SURFACE_STYLE_USAGE(.BOTH.,#17781);
#17781 = SURFACE_SIDE_STYLE('',(#17782));
#17782 = SURFACE_STYLE_FILL_AREA(#17783);
#17783 = FILL_AREA_STYLE('',(#17784));
#17784 = FILL_AREA_STYLE_COLOUR('',#15684);
#17785 = STYLED_ITEM('color',(#17786),#11713);
#17786 = PRESENTATION_STYLE_ASSIGNMENT((#17787));
#17787 = SURFACE_STYLE_USAGE(.BOTH.,#17788);
#17788 = SURFACE_SIDE_STYLE('',(#17789));
#17789 = SURFACE_STYLE_FILL_AREA(#17790);
#17790 = FILL_AREA_STYLE('',(#17791));
#17791 = FILL_AREA_STYLE_COLOUR('',#15684);
#17792 = STYLED_ITEM('color',(#17793),#11737);
#17793 = PRESENTATION_STYLE_ASSIGNMENT((#17794));
#17794 = SURFACE_STYLE_USAGE(.BOTH.,#17795);
#17795 = SURFACE_SIDE_STYLE('',(#17796));
#17796 = SURFACE_STYLE_FILL_AREA(#17797);
#17797 = FILL_AREA_STYLE('',(#17798));
#17798 = FILL_AREA_STYLE_COLOUR('',#15684);
#17799 = STYLED_ITEM('color',(#17800),#11761);
#17800 = PRESENTATION_STYLE_ASSIGNMENT((#17801));
#17801 = SURFACE_STYLE_USAGE(.BOTH.,#17802);
#17802 = SURFACE_SIDE_STYLE('',(#17803));
#17803 = SURFACE_STYLE_FILL_AREA(#17804);
#17804 = FILL_AREA_STYLE('',(#17805));
#17805 = FILL_AREA_STYLE_COLOUR('',#15684);
#17806 = STYLED_ITEM('color',(#17807),#11778);
#17807 = PRESENTATION_STYLE_ASSIGNMENT((#17808));
#17808 = SURFACE_STYLE_USAGE(.BOTH.,#17809);
#17809 = SURFACE_SIDE_STYLE('',(#17810));
#17810 = SURFACE_STYLE_FILL_AREA(#17811);
#17811 = FILL_AREA_STYLE('',(#17812));
#17812 = FILL_AREA_STYLE_COLOUR('',#15684);
#17813 = STYLED_ITEM('color',(#17814),#11809);
#17814 = PRESENTATION_STYLE_ASSIGNMENT((#17815));
#17815 = SURFACE_STYLE_USAGE(.BOTH.,#17816);
#17816 = SURFACE_SIDE_STYLE('',(#17817));
#17817 = SURFACE_STYLE_FILL_AREA(#17818);
#17818 = FILL_AREA_STYLE('',(#17819));
#17819 = FILL_AREA_STYLE_COLOUR('',#15684);
#17820 = STYLED_ITEM('color',(#17821),#11833);
#17821 = PRESENTATION_STYLE_ASSIGNMENT((#17822));
#17822 = SURFACE_STYLE_USAGE(.BOTH.,#17823);
#17823 = SURFACE_SIDE_STYLE('',(#17824));
#17824 = SURFACE_STYLE_FILL_AREA(#17825);
#17825 = FILL_AREA_STYLE('',(#17826));
#17826 = FILL_AREA_STYLE_COLOUR('',#15684);
#17827 = STYLED_ITEM('color',(#17828),#11857);
#17828 = PRESENTATION_STYLE_ASSIGNMENT((#17829));
#17829 = SURFACE_STYLE_USAGE(.BOTH.,#17830);
#17830 = SURFACE_SIDE_STYLE('',(#17831));
#17831 = SURFACE_STYLE_FILL_AREA(#17832);
#17832 = FILL_AREA_STYLE('',(#17833));
#17833 = FILL_AREA_STYLE_COLOUR('',#15684);
#17834 = STYLED_ITEM('color',(#17835),#11874);
#17835 = PRESENTATION_STYLE_ASSIGNMENT((#17836));
#17836 = SURFACE_STYLE_USAGE(.BOTH.,#17837);
#17837 = SURFACE_SIDE_STYLE('',(#17838));
#17838 = SURFACE_STYLE_FILL_AREA(#17839);
#17839 = FILL_AREA_STYLE('',(#17840));
#17840 = FILL_AREA_STYLE_COLOUR('',#15684);
#17841 = STYLED_ITEM('color',(#17842),#11905);
#17842 = PRESENTATION_STYLE_ASSIGNMENT((#17843));
#17843 = SURFACE_STYLE_USAGE(.BOTH.,#17844);
#17844 = SURFACE_SIDE_STYLE('',(#17845));
#17845 = SURFACE_STYLE_FILL_AREA(#17846);
#17846 = FILL_AREA_STYLE('',(#17847));
#17847 = FILL_AREA_STYLE_COLOUR('',#15684);
#17848 = STYLED_ITEM('color',(#17849),#11929);
#17849 = PRESENTATION_STYLE_ASSIGNMENT((#17850));
#17850 = SURFACE_STYLE_USAGE(.BOTH.,#17851);
#17851 = SURFACE_SIDE_STYLE('',(#17852));
#17852 = SURFACE_STYLE_FILL_AREA(#17853);
#17853 = FILL_AREA_STYLE('',(#17854));
#17854 = FILL_AREA_STYLE_COLOUR('',#15684);
#17855 = STYLED_ITEM('color',(#17856),#11953);
#17856 = PRESENTATION_STYLE_ASSIGNMENT((#17857));
#17857 = SURFACE_STYLE_USAGE(.BOTH.,#17858);
#17858 = SURFACE_SIDE_STYLE('',(#17859));
#17859 = SURFACE_STYLE_FILL_AREA(#17860);
#17860 = FILL_AREA_STYLE('',(#17861));
#17861 = FILL_AREA_STYLE_COLOUR('',#15684);
#17862 = STYLED_ITEM('color',(#17863),#11970);
#17863 = PRESENTATION_STYLE_ASSIGNMENT((#17864));
#17864 = SURFACE_STYLE_USAGE(.BOTH.,#17865);
#17865 = SURFACE_SIDE_STYLE('',(#17866));
#17866 = SURFACE_STYLE_FILL_AREA(#17867);
#17867 = FILL_AREA_STYLE('',(#17868));
#17868 = FILL_AREA_STYLE_COLOUR('',#15684);
#17869 = STYLED_ITEM('color',(#17870),#12001);
#17870 = PRESENTATION_STYLE_ASSIGNMENT((#17871));
#17871 = SURFACE_STYLE_USAGE(.BOTH.,#17872);
#17872 = SURFACE_SIDE_STYLE('',(#17873));
#17873 = SURFACE_STYLE_FILL_AREA(#17874);
#17874 = FILL_AREA_STYLE('',(#17875));
#17875 = FILL_AREA_STYLE_COLOUR('',#15684);
#17876 = STYLED_ITEM('color',(#17877),#12025);
#17877 = PRESENTATION_STYLE_ASSIGNMENT((#17878));
#17878 = SURFACE_STYLE_USAGE(.BOTH.,#17879);
#17879 = SURFACE_SIDE_STYLE('',(#17880));
#17880 = SURFACE_STYLE_FILL_AREA(#17881);
#17881 = FILL_AREA_STYLE('',(#17882));
#17882 = FILL_AREA_STYLE_COLOUR('',#15684);
#17883 = STYLED_ITEM('color',(#17884),#12049);
#17884 = PRESENTATION_STYLE_ASSIGNMENT((#17885));
#17885 = SURFACE_STYLE_USAGE(.BOTH.,#17886);
#17886 = SURFACE_SIDE_STYLE('',(#17887));
#17887 = SURFACE_STYLE_FILL_AREA(#17888);
#17888 = FILL_AREA_STYLE('',(#17889));
#17889 = FILL_AREA_STYLE_COLOUR('',#15684);
#17890 = STYLED_ITEM('color',(#17891),#12066);
#17891 = PRESENTATION_STYLE_ASSIGNMENT((#17892));
#17892 = SURFACE_STYLE_USAGE(.BOTH.,#17893);
#17893 = SURFACE_SIDE_STYLE('',(#17894));
#17894 = SURFACE_STYLE_FILL_AREA(#17895);
#17895 = FILL_AREA_STYLE('',(#17896));
#17896 = FILL_AREA_STYLE_COLOUR('',#15684);
#17897 = STYLED_ITEM('color',(#17898),#12097);
#17898 = PRESENTATION_STYLE_ASSIGNMENT((#17899));
#17899 = SURFACE_STYLE_USAGE(.BOTH.,#17900);
#17900 = SURFACE_SIDE_STYLE('',(#17901));
#17901 = SURFACE_STYLE_FILL_AREA(#17902);
#17902 = FILL_AREA_STYLE('',(#17903));
#17903 = FILL_AREA_STYLE_COLOUR('',#15684);
#17904 = STYLED_ITEM('color',(#17905),#12121);
#17905 = PRESENTATION_STYLE_ASSIGNMENT((#17906));
#17906 = SURFACE_STYLE_USAGE(.BOTH.,#17907);
#17907 = SURFACE_SIDE_STYLE('',(#17908));
#17908 = SURFACE_STYLE_FILL_AREA(#17909);
#17909 = FILL_AREA_STYLE('',(#17910));
#17910 = FILL_AREA_STYLE_COLOUR('',#15684);
#17911 = STYLED_ITEM('color',(#17912),#12145);
#17912 = PRESENTATION_STYLE_ASSIGNMENT((#17913));
#17913 = SURFACE_STYLE_USAGE(.BOTH.,#17914);
#17914 = SURFACE_SIDE_STYLE('',(#17915));
#17915 = SURFACE_STYLE_FILL_AREA(#17916);
#17916 = FILL_AREA_STYLE('',(#17917));
#17917 = FILL_AREA_STYLE_COLOUR('',#15684);
#17918 = STYLED_ITEM('color',(#17919),#12162);
#17919 = PRESENTATION_STYLE_ASSIGNMENT((#17920));
#17920 = SURFACE_STYLE_USAGE(.BOTH.,#17921);
#17921 = SURFACE_SIDE_STYLE('',(#17922));
#17922 = SURFACE_STYLE_FILL_AREA(#17923);
#17923 = FILL_AREA_STYLE('',(#17924));
#17924 = FILL_AREA_STYLE_COLOUR('',#15684);
#17925 = STYLED_ITEM('color',(#17926),#12193);
#17926 = PRESENTATION_STYLE_ASSIGNMENT((#17927));
#17927 = SURFACE_STYLE_USAGE(.BOTH.,#17928);
#17928 = SURFACE_SIDE_STYLE('',(#17929));
#17929 = SURFACE_STYLE_FILL_AREA(#17930);
#17930 = FILL_AREA_STYLE('',(#17931));
#17931 = FILL_AREA_STYLE_COLOUR('',#15684);
#17932 = STYLED_ITEM('color',(#17933),#12217);
#17933 = PRESENTATION_STYLE_ASSIGNMENT((#17934));
#17934 = SURFACE_STYLE_USAGE(.BOTH.,#17935);
#17935 = SURFACE_SIDE_STYLE('',(#17936));
#17936 = SURFACE_STYLE_FILL_AREA(#17937);
#17937 = FILL_AREA_STYLE('',(#17938));
#17938 = FILL_AREA_STYLE_COLOUR('',#15684);
#17939 = STYLED_ITEM('color',(#17940),#12241);
#17940 = PRESENTATION_STYLE_ASSIGNMENT((#17941));
#17941 = SURFACE_STYLE_USAGE(.BOTH.,#17942);
#17942 = SURFACE_SIDE_STYLE('',(#17943));
#17943 = SURFACE_STYLE_FILL_AREA(#17944);
#17944 = FILL_AREA_STYLE('',(#17945));
#17945 = FILL_AREA_STYLE_COLOUR('',#15684);
#17946 = STYLED_ITEM('color',(#17947),#12258);
#17947 = PRESENTATION_STYLE_ASSIGNMENT((#17948));
#17948 = SURFACE_STYLE_USAGE(.BOTH.,#17949);
#17949 = SURFACE_SIDE_STYLE('',(#17950));
#17950 = SURFACE_STYLE_FILL_AREA(#17951);
#17951 = FILL_AREA_STYLE('',(#17952));
#17952 = FILL_AREA_STYLE_COLOUR('',#15684);
#17953 = STYLED_ITEM('color',(#17954),#12289);
#17954 = PRESENTATION_STYLE_ASSIGNMENT((#17955));
#17955 = SURFACE_STYLE_USAGE(.BOTH.,#17956);
#17956 = SURFACE_SIDE_STYLE('',(#17957));
#17957 = SURFACE_STYLE_FILL_AREA(#17958);
#17958 = FILL_AREA_STYLE('',(#17959));
#17959 = FILL_AREA_STYLE_COLOUR('',#15684);
#17960 = STYLED_ITEM('color',(#17961),#12313);
#17961 = PRESENTATION_STYLE_ASSIGNMENT((#17962));
#17962 = SURFACE_STYLE_USAGE(.BOTH.,#17963);
#17963 = SURFACE_SIDE_STYLE('',(#17964));
#17964 = SURFACE_STYLE_FILL_AREA(#17965);
#17965 = FILL_AREA_STYLE('',(#17966));
#17966 = FILL_AREA_STYLE_COLOUR('',#15684);
#17967 = STYLED_ITEM('color',(#17968),#12337);
#17968 = PRESENTATION_STYLE_ASSIGNMENT((#17969));
#17969 = SURFACE_STYLE_USAGE(.BOTH.,#17970);
#17970 = SURFACE_SIDE_STYLE('',(#17971));
#17971 = SURFACE_STYLE_FILL_AREA(#17972);
#17972 = FILL_AREA_STYLE('',(#17973));
#17973 = FILL_AREA_STYLE_COLOUR('',#15684);
#17974 = STYLED_ITEM('color',(#17975),#12354);
#17975 = PRESENTATION_STYLE_ASSIGNMENT((#17976));
#17976 = SURFACE_STYLE_USAGE(.BOTH.,#17977);
#17977 = SURFACE_SIDE_STYLE('',(#17978));
#17978 = SURFACE_STYLE_FILL_AREA(#17979);
#17979 = FILL_AREA_STYLE('',(#17980));
#17980 = FILL_AREA_STYLE_COLOUR('',#15684);
#17981 = STYLED_ITEM('color',(#17982),#12385);
#17982 = PRESENTATION_STYLE_ASSIGNMENT((#17983));
#17983 = SURFACE_STYLE_USAGE(.BOTH.,#17984);
#17984 = SURFACE_SIDE_STYLE('',(#17985));
#17985 = SURFACE_STYLE_FILL_AREA(#17986);
#17986 = FILL_AREA_STYLE('',(#17987));
#17987 = FILL_AREA_STYLE_COLOUR('',#15684);
#17988 = STYLED_ITEM('color',(#17989),#12409);
#17989 = PRESENTATION_STYLE_ASSIGNMENT((#17990));
#17990 = SURFACE_STYLE_USAGE(.BOTH.,#17991);
#17991 = SURFACE_SIDE_STYLE('',(#17992));
#17992 = SURFACE_STYLE_FILL_AREA(#17993);
#17993 = FILL_AREA_STYLE('',(#17994));
#17994 = FILL_AREA_STYLE_COLOUR('',#15684);
#17995 = STYLED_ITEM('color',(#17996),#12433);
#17996 = PRESENTATION_STYLE_ASSIGNMENT((#17997));
#17997 = SURFACE_STYLE_USAGE(.BOTH.,#17998);
#17998 = SURFACE_SIDE_STYLE('',(#17999));
#17999 = SURFACE_STYLE_FILL_AREA(#18000);
#18000 = FILL_AREA_STYLE('',(#18001));
#18001 = FILL_AREA_STYLE_COLOUR('',#15684);
#18002 = STYLED_ITEM('color',(#18003),#12450);
#18003 = PRESENTATION_STYLE_ASSIGNMENT((#18004));
#18004 = SURFACE_STYLE_USAGE(.BOTH.,#18005);
#18005 = SURFACE_SIDE_STYLE('',(#18006));
#18006 = SURFACE_STYLE_FILL_AREA(#18007);
#18007 = FILL_AREA_STYLE('',(#18008));
#18008 = FILL_AREA_STYLE_COLOUR('',#15684);
#18009 = STYLED_ITEM('color',(#18010),#12481);
#18010 = PRESENTATION_STYLE_ASSIGNMENT((#18011));
#18011 = SURFACE_STYLE_USAGE(.BOTH.,#18012);
#18012 = SURFACE_SIDE_STYLE('',(#18013));
#18013 = SURFACE_STYLE_FILL_AREA(#18014);
#18014 = FILL_AREA_STYLE('',(#18015));
#18015 = FILL_AREA_STYLE_COLOUR('',#15684);
#18016 = STYLED_ITEM('color',(#18017),#12505);
#18017 = PRESENTATION_STYLE_ASSIGNMENT((#18018));
#18018 = SURFACE_STYLE_USAGE(.BOTH.,#18019);
#18019 = SURFACE_SIDE_STYLE('',(#18020));
#18020 = SURFACE_STYLE_FILL_AREA(#18021);
#18021 = FILL_AREA_STYLE('',(#18022));
#18022 = FILL_AREA_STYLE_COLOUR('',#15684);
#18023 = STYLED_ITEM('color',(#18024),#12529);
#18024 = PRESENTATION_STYLE_ASSIGNMENT((#18025));
#18025 = SURFACE_STYLE_USAGE(.BOTH.,#18026);
#18026 = SURFACE_SIDE_STYLE('',(#18027));
#18027 = SURFACE_STYLE_FILL_AREA(#18028);
#18028 = FILL_AREA_STYLE('',(#18029));
#18029 = FILL_AREA_STYLE_COLOUR('',#15684);
#18030 = STYLED_ITEM('color',(#18031),#12546);
#18031 = PRESENTATION_STYLE_ASSIGNMENT((#18032));
#18032 = SURFACE_STYLE_USAGE(.BOTH.,#18033);
#18033 = SURFACE_SIDE_STYLE('',(#18034));
#18034 = SURFACE_STYLE_FILL_AREA(#18035);
#18035 = FILL_AREA_STYLE('',(#18036));
#18036 = FILL_AREA_STYLE_COLOUR('',#15684);
#18037 = STYLED_ITEM('color',(#18038),#12577);
#18038 = PRESENTATION_STYLE_ASSIGNMENT((#18039));
#18039 = SURFACE_STYLE_USAGE(.BOTH.,#18040);
#18040 = SURFACE_SIDE_STYLE('',(#18041));
#18041 = SURFACE_STYLE_FILL_AREA(#18042);
#18042 = FILL_AREA_STYLE('',(#18043));
#18043 = FILL_AREA_STYLE_COLOUR('',#15684);
#18044 = STYLED_ITEM('color',(#18045),#12601);
#18045 = PRESENTATION_STYLE_ASSIGNMENT((#18046));
#18046 = SURFACE_STYLE_USAGE(.BOTH.,#18047);
#18047 = SURFACE_SIDE_STYLE('',(#18048));
#18048 = SURFACE_STYLE_FILL_AREA(#18049);
#18049 = FILL_AREA_STYLE('',(#18050));
#18050 = FILL_AREA_STYLE_COLOUR('',#15684);
#18051 = STYLED_ITEM('color',(#18052),#12625);
#18052 = PRESENTATION_STYLE_ASSIGNMENT((#18053));
#18053 = SURFACE_STYLE_USAGE(.BOTH.,#18054);
#18054 = SURFACE_SIDE_STYLE('',(#18055));
#18055 = SURFACE_STYLE_FILL_AREA(#18056);
#18056 = FILL_AREA_STYLE('',(#18057));
#18057 = FILL_AREA_STYLE_COLOUR('',#15684);
#18058 = STYLED_ITEM('color',(#18059),#12642);
#18059 = PRESENTATION_STYLE_ASSIGNMENT((#18060));
#18060 = SURFACE_STYLE_USAGE(.BOTH.,#18061);
#18061 = SURFACE_SIDE_STYLE('',(#18062));
#18062 = SURFACE_STYLE_FILL_AREA(#18063);
#18063 = FILL_AREA_STYLE('',(#18064));
#18064 = FILL_AREA_STYLE_COLOUR('',#15684);
#18065 = STYLED_ITEM('color',(#18066),#12673);
#18066 = PRESENTATION_STYLE_ASSIGNMENT((#18067));
#18067 = SURFACE_STYLE_USAGE(.BOTH.,#18068);
#18068 = SURFACE_SIDE_STYLE('',(#18069));
#18069 = SURFACE_STYLE_FILL_AREA(#18070);
#18070 = FILL_AREA_STYLE('',(#18071));
#18071 = FILL_AREA_STYLE_COLOUR('',#15684);
#18072 = STYLED_ITEM('color',(#18073),#12697);
#18073 = PRESENTATION_STYLE_ASSIGNMENT((#18074));
#18074 = SURFACE_STYLE_USAGE(.BOTH.,#18075);
#18075 = SURFACE_SIDE_STYLE('',(#18076));
#18076 = SURFACE_STYLE_FILL_AREA(#18077);
#18077 = FILL_AREA_STYLE('',(#18078));
#18078 = FILL_AREA_STYLE_COLOUR('',#15684);
#18079 = STYLED_ITEM('color',(#18080),#12721);
#18080 = PRESENTATION_STYLE_ASSIGNMENT((#18081));
#18081 = SURFACE_STYLE_USAGE(.BOTH.,#18082);
#18082 = SURFACE_SIDE_STYLE('',(#18083));
#18083 = SURFACE_STYLE_FILL_AREA(#18084);
#18084 = FILL_AREA_STYLE('',(#18085));
#18085 = FILL_AREA_STYLE_COLOUR('',#15684);
#18086 = STYLED_ITEM('color',(#18087),#12738);
#18087 = PRESENTATION_STYLE_ASSIGNMENT((#18088));
#18088 = SURFACE_STYLE_USAGE(.BOTH.,#18089);
#18089 = SURFACE_SIDE_STYLE('',(#18090));
#18090 = SURFACE_STYLE_FILL_AREA(#18091);
#18091 = FILL_AREA_STYLE('',(#18092));
#18092 = FILL_AREA_STYLE_COLOUR('',#15684);
#18093 = STYLED_ITEM('color',(#18094),#12769);
#18094 = PRESENTATION_STYLE_ASSIGNMENT((#18095));
#18095 = SURFACE_STYLE_USAGE(.BOTH.,#18096);
#18096 = SURFACE_SIDE_STYLE('',(#18097));
#18097 = SURFACE_STYLE_FILL_AREA(#18098);
#18098 = FILL_AREA_STYLE('',(#18099));
#18099 = FILL_AREA_STYLE_COLOUR('',#15684);
#18100 = STYLED_ITEM('color',(#18101),#12793);
#18101 = PRESENTATION_STYLE_ASSIGNMENT((#18102));
#18102 = SURFACE_STYLE_USAGE(.BOTH.,#18103);
#18103 = SURFACE_SIDE_STYLE('',(#18104));
#18104 = SURFACE_STYLE_FILL_AREA(#18105);
#18105 = FILL_AREA_STYLE('',(#18106));
#18106 = FILL_AREA_STYLE_COLOUR('',#15684);
#18107 = STYLED_ITEM('color',(#18108),#12817);
#18108 = PRESENTATION_STYLE_ASSIGNMENT((#18109));
#18109 = SURFACE_STYLE_USAGE(.BOTH.,#18110);
#18110 = SURFACE_SIDE_STYLE('',(#18111));
#18111 = SURFACE_STYLE_FILL_AREA(#18112);
#18112 = FILL_AREA_STYLE('',(#18113));
#18113 = FILL_AREA_STYLE_COLOUR('',#15684);
#18114 = STYLED_ITEM('color',(#18115),#12834);
#18115 = PRESENTATION_STYLE_ASSIGNMENT((#18116));
#18116 = SURFACE_STYLE_USAGE(.BOTH.,#18117);
#18117 = SURFACE_SIDE_STYLE('',(#18118));
#18118 = SURFACE_STYLE_FILL_AREA(#18119);
#18119 = FILL_AREA_STYLE('',(#18120));
#18120 = FILL_AREA_STYLE_COLOUR('',#15684);
#18121 = STYLED_ITEM('color',(#18122),#12865);
#18122 = PRESENTATION_STYLE_ASSIGNMENT((#18123));
#18123 = SURFACE_STYLE_USAGE(.BOTH.,#18124);
#18124 = SURFACE_SIDE_STYLE('',(#18125));
#18125 = SURFACE_STYLE_FILL_AREA(#18126);
#18126 = FILL_AREA_STYLE('',(#18127));
#18127 = FILL_AREA_STYLE_COLOUR('',#15684);
#18128 = STYLED_ITEM('color',(#18129),#12889);
#18129 = PRESENTATION_STYLE_ASSIGNMENT((#18130));
#18130 = SURFACE_STYLE_USAGE(.BOTH.,#18131);
#18131 = SURFACE_SIDE_STYLE('',(#18132));
#18132 = SURFACE_STYLE_FILL_AREA(#18133);
#18133 = FILL_AREA_STYLE('',(#18134));
#18134 = FILL_AREA_STYLE_COLOUR('',#15684);
#18135 = STYLED_ITEM('color',(#18136),#12913);
#18136 = PRESENTATION_STYLE_ASSIGNMENT((#18137));
#18137 = SURFACE_STYLE_USAGE(.BOTH.,#18138);
#18138 = SURFACE_SIDE_STYLE('',(#18139));
#18139 = SURFACE_STYLE_FILL_AREA(#18140);
#18140 = FILL_AREA_STYLE('',(#18141));
#18141 = FILL_AREA_STYLE_COLOUR('',#15684);
#18142 = STYLED_ITEM('color',(#18143),#12930);
#18143 = PRESENTATION_STYLE_ASSIGNMENT((#18144));
#18144 = SURFACE_STYLE_USAGE(.BOTH.,#18145);
#18145 = SURFACE_SIDE_STYLE('',(#18146));
#18146 = SURFACE_STYLE_FILL_AREA(#18147);
#18147 = FILL_AREA_STYLE('',(#18148));
#18148 = FILL_AREA_STYLE_COLOUR('',#15684);
#18149 = STYLED_ITEM('color',(#18150),#12961);
#18150 = PRESENTATION_STYLE_ASSIGNMENT((#18151));
#18151 = SURFACE_STYLE_USAGE(.BOTH.,#18152);
#18152 = SURFACE_SIDE_STYLE('',(#18153));
#18153 = SURFACE_STYLE_FILL_AREA(#18154);
#18154 = FILL_AREA_STYLE('',(#18155));
#18155 = FILL_AREA_STYLE_COLOUR('',#15684);
#18156 = STYLED_ITEM('color',(#18157),#12985);
#18157 = PRESENTATION_STYLE_ASSIGNMENT((#18158));
#18158 = SURFACE_STYLE_USAGE(.BOTH.,#18159);
#18159 = SURFACE_SIDE_STYLE('',(#18160));
#18160 = SURFACE_STYLE_FILL_AREA(#18161);
#18161 = FILL_AREA_STYLE('',(#18162));
#18162 = FILL_AREA_STYLE_COLOUR('',#15684);
#18163 = STYLED_ITEM('color',(#18164),#13009);
#18164 = PRESENTATION_STYLE_ASSIGNMENT((#18165));
#18165 = SURFACE_STYLE_USAGE(.BOTH.,#18166);
#18166 = SURFACE_SIDE_STYLE('',(#18167));
#18167 = SURFACE_STYLE_FILL_AREA(#18168);
#18168 = FILL_AREA_STYLE('',(#18169));
#18169 = FILL_AREA_STYLE_COLOUR('',#15684);
#18170 = STYLED_ITEM('color',(#18171),#13026);
#18171 = PRESENTATION_STYLE_ASSIGNMENT((#18172));
#18172 = SURFACE_STYLE_USAGE(.BOTH.,#18173);
#18173 = SURFACE_SIDE_STYLE('',(#18174));
#18174 = SURFACE_STYLE_FILL_AREA(#18175);
#18175 = FILL_AREA_STYLE('',(#18176));
#18176 = FILL_AREA_STYLE_COLOUR('',#15684);
#18177 = STYLED_ITEM('color',(#18178),#13057);
#18178 = PRESENTATION_STYLE_ASSIGNMENT((#18179));
#18179 = SURFACE_STYLE_USAGE(.BOTH.,#18180);
#18180 = SURFACE_SIDE_STYLE('',(#18181));
#18181 = SURFACE_STYLE_FILL_AREA(#18182);
#18182 = FILL_AREA_STYLE('',(#18183));
#18183 = FILL_AREA_STYLE_COLOUR('',#15684);
#18184 = STYLED_ITEM('color',(#18185),#13081);
#18185 = PRESENTATION_STYLE_ASSIGNMENT((#18186));
#18186 = SURFACE_STYLE_USAGE(.BOTH.,#18187);
#18187 = SURFACE_SIDE_STYLE('',(#18188));
#18188 = SURFACE_STYLE_FILL_AREA(#18189);
#18189 = FILL_AREA_STYLE('',(#18190));
#18190 = FILL_AREA_STYLE_COLOUR('',#15684);
#18191 = STYLED_ITEM('color',(#18192),#13105);
#18192 = PRESENTATION_STYLE_ASSIGNMENT((#18193));
#18193 = SURFACE_STYLE_USAGE(.BOTH.,#18194);
#18194 = SURFACE_SIDE_STYLE('',(#18195));
#18195 = SURFACE_STYLE_FILL_AREA(#18196);
#18196 = FILL_AREA_STYLE('',(#18197));
#18197 = FILL_AREA_STYLE_COLOUR('',#15684);
#18198 = STYLED_ITEM('color',(#18199),#13122);
#18199 = PRESENTATION_STYLE_ASSIGNMENT((#18200));
#18200 = SURFACE_STYLE_USAGE(.BOTH.,#18201);
#18201 = SURFACE_SIDE_STYLE('',(#18202));
#18202 = SURFACE_STYLE_FILL_AREA(#18203);
#18203 = FILL_AREA_STYLE('',(#18204));
#18204 = FILL_AREA_STYLE_COLOUR('',#15684);
#18205 = STYLED_ITEM('color',(#18206),#13153);
#18206 = PRESENTATION_STYLE_ASSIGNMENT((#18207));
#18207 = SURFACE_STYLE_USAGE(.BOTH.,#18208);
#18208 = SURFACE_SIDE_STYLE('',(#18209));
#18209 = SURFACE_STYLE_FILL_AREA(#18210);
#18210 = FILL_AREA_STYLE('',(#18211));
#18211 = FILL_AREA_STYLE_COLOUR('',#15684);
#18212 = STYLED_ITEM('color',(#18213),#13177);
#18213 = PRESENTATION_STYLE_ASSIGNMENT((#18214));
#18214 = SURFACE_STYLE_USAGE(.BOTH.,#18215);
#18215 = SURFACE_SIDE_STYLE('',(#18216));
#18216 = SURFACE_STYLE_FILL_AREA(#18217);
#18217 = FILL_AREA_STYLE('',(#18218));
#18218 = FILL_AREA_STYLE_COLOUR('',#15684);
#18219 = STYLED_ITEM('color',(#18220),#13201);
#18220 = PRESENTATION_STYLE_ASSIGNMENT((#18221));
#18221 = SURFACE_STYLE_USAGE(.BOTH.,#18222);
#18222 = SURFACE_SIDE_STYLE('',(#18223));
#18223 = SURFACE_STYLE_FILL_AREA(#18224);
#18224 = FILL_AREA_STYLE('',(#18225));
#18225 = FILL_AREA_STYLE_COLOUR('',#15684);
#18226 = STYLED_ITEM('color',(#18227),#13218);
#18227 = PRESENTATION_STYLE_ASSIGNMENT((#18228));
#18228 = SURFACE_STYLE_USAGE(.BOTH.,#18229);
#18229 = SURFACE_SIDE_STYLE('',(#18230));
#18230 = SURFACE_STYLE_FILL_AREA(#18231);
#18231 = FILL_AREA_STYLE('',(#18232));
#18232 = FILL_AREA_STYLE_COLOUR('',#15684);
#18233 = STYLED_ITEM('color',(#18234),#13249);
#18234 = PRESENTATION_STYLE_ASSIGNMENT((#18235));
#18235 = SURFACE_STYLE_USAGE(.BOTH.,#18236);
#18236 = SURFACE_SIDE_STYLE('',(#18237));
#18237 = SURFACE_STYLE_FILL_AREA(#18238);
#18238 = FILL_AREA_STYLE('',(#18239));
#18239 = FILL_AREA_STYLE_COLOUR('',#15684);
#18240 = STYLED_ITEM('color',(#18241),#13273);
#18241 = PRESENTATION_STYLE_ASSIGNMENT((#18242));
#18242 = SURFACE_STYLE_USAGE(.BOTH.,#18243);
#18243 = SURFACE_SIDE_STYLE('',(#18244));
#18244 = SURFACE_STYLE_FILL_AREA(#18245);
#18245 = FILL_AREA_STYLE('',(#18246));
#18246 = FILL_AREA_STYLE_COLOUR('',#15684);
#18247 = STYLED_ITEM('color',(#18248),#13297);
#18248 = PRESENTATION_STYLE_ASSIGNMENT((#18249));
#18249 = SURFACE_STYLE_USAGE(.BOTH.,#18250);
#18250 = SURFACE_SIDE_STYLE('',(#18251));
#18251 = SURFACE_STYLE_FILL_AREA(#18252);
#18252 = FILL_AREA_STYLE('',(#18253));
#18253 = FILL_AREA_STYLE_COLOUR('',#15684);
#18254 = STYLED_ITEM('color',(#18255),#13314);
#18255 = PRESENTATION_STYLE_ASSIGNMENT((#18256));
#18256 = SURFACE_STYLE_USAGE(.BOTH.,#18257);
#18257 = SURFACE_SIDE_STYLE('',(#18258));
#18258 = SURFACE_STYLE_FILL_AREA(#18259);
#18259 = FILL_AREA_STYLE('',(#18260));
#18260 = FILL_AREA_STYLE_COLOUR('',#15684);
#18261 = STYLED_ITEM('color',(#18262),#13345);
#18262 = PRESENTATION_STYLE_ASSIGNMENT((#18263));
#18263 = SURFACE_STYLE_USAGE(.BOTH.,#18264);
#18264 = SURFACE_SIDE_STYLE('',(#18265));
#18265 = SURFACE_STYLE_FILL_AREA(#18266);
#18266 = FILL_AREA_STYLE('',(#18267));
#18267 = FILL_AREA_STYLE_COLOUR('',#15684);
#18268 = STYLED_ITEM('color',(#18269),#13369);
#18269 = PRESENTATION_STYLE_ASSIGNMENT((#18270));
#18270 = SURFACE_STYLE_USAGE(.BOTH.,#18271);
#18271 = SURFACE_SIDE_STYLE('',(#18272));
#18272 = SURFACE_STYLE_FILL_AREA(#18273);
#18273 = FILL_AREA_STYLE('',(#18274));
#18274 = FILL_AREA_STYLE_COLOUR('',#15684);
#18275 = STYLED_ITEM('color',(#18276),#13393);
#18276 = PRESENTATION_STYLE_ASSIGNMENT((#18277));
#18277 = SURFACE_STYLE_USAGE(.BOTH.,#18278);
#18278 = SURFACE_SIDE_STYLE('',(#18279));
#18279 = SURFACE_STYLE_FILL_AREA(#18280);
#18280 = FILL_AREA_STYLE('',(#18281));
#18281 = FILL_AREA_STYLE_COLOUR('',#15684);
#18282 = STYLED_ITEM('color',(#18283),#13410);
#18283 = PRESENTATION_STYLE_ASSIGNMENT((#18284));
#18284 = SURFACE_STYLE_USAGE(.BOTH.,#18285);
#18285 = SURFACE_SIDE_STYLE('',(#18286));
#18286 = SURFACE_STYLE_FILL_AREA(#18287);
#18287 = FILL_AREA_STYLE('',(#18288));
#18288 = FILL_AREA_STYLE_COLOUR('',#15684);
#18289 = STYLED_ITEM('color',(#18290),#13441);
#18290 = PRESENTATION_STYLE_ASSIGNMENT((#18291));
#18291 = SURFACE_STYLE_USAGE(.BOTH.,#18292);
#18292 = SURFACE_SIDE_STYLE('',(#18293));
#18293 = SURFACE_STYLE_FILL_AREA(#18294);
#18294 = FILL_AREA_STYLE('',(#18295));
#18295 = FILL_AREA_STYLE_COLOUR('',#15684);
#18296 = STYLED_ITEM('color',(#18297),#13465);
#18297 = PRESENTATION_STYLE_ASSIGNMENT((#18298));
#18298 = SURFACE_STYLE_USAGE(.BOTH.,#18299);
#18299 = SURFACE_SIDE_STYLE('',(#18300));
#18300 = SURFACE_STYLE_FILL_AREA(#18301);
#18301 = FILL_AREA_STYLE('',(#18302));
#18302 = FILL_AREA_STYLE_COLOUR('',#15684);
#18303 = STYLED_ITEM('color',(#18304),#13489);
#18304 = PRESENTATION_STYLE_ASSIGNMENT((#18305));
#18305 = SURFACE_STYLE_USAGE(.BOTH.,#18306);
#18306 = SURFACE_SIDE_STYLE('',(#18307));
#18307 = SURFACE_STYLE_FILL_AREA(#18308);
#18308 = FILL_AREA_STYLE('',(#18309));
#18309 = FILL_AREA_STYLE_COLOUR('',#15684);
#18310 = STYLED_ITEM('color',(#18311),#13506);
#18311 = PRESENTATION_STYLE_ASSIGNMENT((#18312));
#18312 = SURFACE_STYLE_USAGE(.BOTH.,#18313);
#18313 = SURFACE_SIDE_STYLE('',(#18314));
#18314 = SURFACE_STYLE_FILL_AREA(#18315);
#18315 = FILL_AREA_STYLE('',(#18316));
#18316 = FILL_AREA_STYLE_COLOUR('',#15684);
#18317 = STYLED_ITEM('color',(#18318),#13537);
#18318 = PRESENTATION_STYLE_ASSIGNMENT((#18319));
#18319 = SURFACE_STYLE_USAGE(.BOTH.,#18320);
#18320 = SURFACE_SIDE_STYLE('',(#18321));
#18321 = SURFACE_STYLE_FILL_AREA(#18322);
#18322 = FILL_AREA_STYLE('',(#18323));
#18323 = FILL_AREA_STYLE_COLOUR('',#15684);
#18324 = STYLED_ITEM('color',(#18325),#13561);
#18325 = PRESENTATION_STYLE_ASSIGNMENT((#18326));
#18326 = SURFACE_STYLE_USAGE(.BOTH.,#18327);
#18327 = SURFACE_SIDE_STYLE('',(#18328));
#18328 = SURFACE_STYLE_FILL_AREA(#18329);
#18329 = FILL_AREA_STYLE('',(#18330));
#18330 = FILL_AREA_STYLE_COLOUR('',#15684);
#18331 = STYLED_ITEM('color',(#18332),#13585);
#18332 = PRESENTATION_STYLE_ASSIGNMENT((#18333));
#18333 = SURFACE_STYLE_USAGE(.BOTH.,#18334);
#18334 = SURFACE_SIDE_STYLE('',(#18335));
#18335 = SURFACE_STYLE_FILL_AREA(#18336);
#18336 = FILL_AREA_STYLE('',(#18337));
#18337 = FILL_AREA_STYLE_COLOUR('',#15684);
#18338 = STYLED_ITEM('color',(#18339),#13602);
#18339 = PRESENTATION_STYLE_ASSIGNMENT((#18340));
#18340 = SURFACE_STYLE_USAGE(.BOTH.,#18341);
#18341 = SURFACE_SIDE_STYLE('',(#18342));
#18342 = SURFACE_STYLE_FILL_AREA(#18343);
#18343 = FILL_AREA_STYLE('',(#18344));
#18344 = FILL_AREA_STYLE_COLOUR('',#15684);
#18345 = STYLED_ITEM('color',(#18346),#13633);
#18346 = PRESENTATION_STYLE_ASSIGNMENT((#18347));
#18347 = SURFACE_STYLE_USAGE(.BOTH.,#18348);
#18348 = SURFACE_SIDE_STYLE('',(#18349));
#18349 = SURFACE_STYLE_FILL_AREA(#18350);
#18350 = FILL_AREA_STYLE('',(#18351));
#18351 = FILL_AREA_STYLE_COLOUR('',#15684);
#18352 = STYLED_ITEM('color',(#18353),#13657);
#18353 = PRESENTATION_STYLE_ASSIGNMENT((#18354));
#18354 = SURFACE_STYLE_USAGE(.BOTH.,#18355);
#18355 = SURFACE_SIDE_STYLE('',(#18356));
#18356 = SURFACE_STYLE_FILL_AREA(#18357);
#18357 = FILL_AREA_STYLE('',(#18358));
#18358 = FILL_AREA_STYLE_COLOUR('',#15684);
#18359 = STYLED_ITEM('color',(#18360),#13681);
#18360 = PRESENTATION_STYLE_ASSIGNMENT((#18361));
#18361 = SURFACE_STYLE_USAGE(.BOTH.,#18362);
#18362 = SURFACE_SIDE_STYLE('',(#18363));
#18363 = SURFACE_STYLE_FILL_AREA(#18364);
#18364 = FILL_AREA_STYLE('',(#18365));
#18365 = FILL_AREA_STYLE_COLOUR('',#15684);
#18366 = STYLED_ITEM('color',(#18367),#13698);
#18367 = PRESENTATION_STYLE_ASSIGNMENT((#18368));
#18368 = SURFACE_STYLE_USAGE(.BOTH.,#18369);
#18369 = SURFACE_SIDE_STYLE('',(#18370));
#18370 = SURFACE_STYLE_FILL_AREA(#18371);
#18371 = FILL_AREA_STYLE('',(#18372));
#18372 = FILL_AREA_STYLE_COLOUR('',#15684);
#18373 = STYLED_ITEM('color',(#18374),#13729);
#18374 = PRESENTATION_STYLE_ASSIGNMENT((#18375));
#18375 = SURFACE_STYLE_USAGE(.BOTH.,#18376);
#18376 = SURFACE_SIDE_STYLE('',(#18377));
#18377 = SURFACE_STYLE_FILL_AREA(#18378);
#18378 = FILL_AREA_STYLE('',(#18379));
#18379 = FILL_AREA_STYLE_COLOUR('',#15684);
#18380 = STYLED_ITEM('color',(#18381),#13753);
#18381 = PRESENTATION_STYLE_ASSIGNMENT((#18382));
#18382 = SURFACE_STYLE_USAGE(.BOTH.,#18383);
#18383 = SURFACE_SIDE_STYLE('',(#18384));
#18384 = SURFACE_STYLE_FILL_AREA(#18385);
#18385 = FILL_AREA_STYLE('',(#18386));
#18386 = FILL_AREA_STYLE_COLOUR('',#15684);
#18387 = STYLED_ITEM('color',(#18388),#13777);
#18388 = PRESENTATION_STYLE_ASSIGNMENT((#18389));
#18389 = SURFACE_STYLE_USAGE(.BOTH.,#18390);
#18390 = SURFACE_SIDE_STYLE('',(#18391));
#18391 = SURFACE_STYLE_FILL_AREA(#18392);
#18392 = FILL_AREA_STYLE('',(#18393));
#18393 = FILL_AREA_STYLE_COLOUR('',#15684);
#18394 = STYLED_ITEM('color',(#18395),#13794);
#18395 = PRESENTATION_STYLE_ASSIGNMENT((#18396));
#18396 = SURFACE_STYLE_USAGE(.BOTH.,#18397);
#18397 = SURFACE_SIDE_STYLE('',(#18398));
#18398 = SURFACE_STYLE_FILL_AREA(#18399);
#18399 = FILL_AREA_STYLE('',(#18400));
#18400 = FILL_AREA_STYLE_COLOUR('',#15684);
#18401 = STYLED_ITEM('color',(#18402),#13825);
#18402 = PRESENTATION_STYLE_ASSIGNMENT((#18403));
#18403 = SURFACE_STYLE_USAGE(.BOTH.,#18404);
#18404 = SURFACE_SIDE_STYLE('',(#18405));
#18405 = SURFACE_STYLE_FILL_AREA(#18406);
#18406 = FILL_AREA_STYLE('',(#18407));
#18407 = FILL_AREA_STYLE_COLOUR('',#15684);
#18408 = STYLED_ITEM('color',(#18409),#13849);
#18409 = PRESENTATION_STYLE_ASSIGNMENT((#18410));
#18410 = SURFACE_STYLE_USAGE(.BOTH.,#18411);
#18411 = SURFACE_SIDE_STYLE('',(#18412));
#18412 = SURFACE_STYLE_FILL_AREA(#18413);
#18413 = FILL_AREA_STYLE('',(#18414));
#18414 = FILL_AREA_STYLE_COLOUR('',#15684);
#18415 = STYLED_ITEM('color',(#18416),#13873);
#18416 = PRESENTATION_STYLE_ASSIGNMENT((#18417));
#18417 = SURFACE_STYLE_USAGE(.BOTH.,#18418);
#18418 = SURFACE_SIDE_STYLE('',(#18419));
#18419 = SURFACE_STYLE_FILL_AREA(#18420);
#18420 = FILL_AREA_STYLE('',(#18421));
#18421 = FILL_AREA_STYLE_COLOUR('',#15684);
#18422 = STYLED_ITEM('color',(#18423),#13890);
#18423 = PRESENTATION_STYLE_ASSIGNMENT((#18424));
#18424 = SURFACE_STYLE_USAGE(.BOTH.,#18425);
#18425 = SURFACE_SIDE_STYLE('',(#18426));
#18426 = SURFACE_STYLE_FILL_AREA(#18427);
#18427 = FILL_AREA_STYLE('',(#18428));
#18428 = FILL_AREA_STYLE_COLOUR('',#15684);
#18429 = STYLED_ITEM('color',(#18430),#13921);
#18430 = PRESENTATION_STYLE_ASSIGNMENT((#18431));
#18431 = SURFACE_STYLE_USAGE(.BOTH.,#18432);
#18432 = SURFACE_SIDE_STYLE('',(#18433));
#18433 = SURFACE_STYLE_FILL_AREA(#18434);
#18434 = FILL_AREA_STYLE('',(#18435));
#18435 = FILL_AREA_STYLE_COLOUR('',#15684);
#18436 = STYLED_ITEM('color',(#18437),#13945);
#18437 = PRESENTATION_STYLE_ASSIGNMENT((#18438));
#18438 = SURFACE_STYLE_USAGE(.BOTH.,#18439);
#18439 = SURFACE_SIDE_STYLE('',(#18440));
#18440 = SURFACE_STYLE_FILL_AREA(#18441);
#18441 = FILL_AREA_STYLE('',(#18442));
#18442 = FILL_AREA_STYLE_COLOUR('',#15684);
#18443 = STYLED_ITEM('color',(#18444),#13969);
#18444 = PRESENTATION_STYLE_ASSIGNMENT((#18445));
#18445 = SURFACE_STYLE_USAGE(.BOTH.,#18446);
#18446 = SURFACE_SIDE_STYLE('',(#18447));
#18447 = SURFACE_STYLE_FILL_AREA(#18448);
#18448 = FILL_AREA_STYLE('',(#18449));
#18449 = FILL_AREA_STYLE_COLOUR('',#15684);
#18450 = STYLED_ITEM('color',(#18451),#13986);
#18451 = PRESENTATION_STYLE_ASSIGNMENT((#18452));
#18452 = SURFACE_STYLE_USAGE(.BOTH.,#18453);
#18453 = SURFACE_SIDE_STYLE('',(#18454));
#18454 = SURFACE_STYLE_FILL_AREA(#18455);
#18455 = FILL_AREA_STYLE('',(#18456));
#18456 = FILL_AREA_STYLE_COLOUR('',#15684);
#18457 = STYLED_ITEM('color',(#18458),#14017);
#18458 = PRESENTATION_STYLE_ASSIGNMENT((#18459));
#18459 = SURFACE_STYLE_USAGE(.BOTH.,#18460);
#18460 = SURFACE_SIDE_STYLE('',(#18461));
#18461 = SURFACE_STYLE_FILL_AREA(#18462);
#18462 = FILL_AREA_STYLE('',(#18463));
#18463 = FILL_AREA_STYLE_COLOUR('',#15684);
#18464 = STYLED_ITEM('color',(#18465),#14041);
#18465 = PRESENTATION_STYLE_ASSIGNMENT((#18466));
#18466 = SURFACE_STYLE_USAGE(.BOTH.,#18467);
#18467 = SURFACE_SIDE_STYLE('',(#18468));
#18468 = SURFACE_STYLE_FILL_AREA(#18469);
#18469 = FILL_AREA_STYLE('',(#18470));
#18470 = FILL_AREA_STYLE_COLOUR('',#15684);
#18471 = STYLED_ITEM('color',(#18472),#14065);
#18472 = PRESENTATION_STYLE_ASSIGNMENT((#18473));
#18473 = SURFACE_STYLE_USAGE(.BOTH.,#18474);
#18474 = SURFACE_SIDE_STYLE('',(#18475));
#18475 = SURFACE_STYLE_FILL_AREA(#18476);
#18476 = FILL_AREA_STYLE('',(#18477));
#18477 = FILL_AREA_STYLE_COLOUR('',#15684);
#18478 = STYLED_ITEM('color',(#18479),#14082);
#18479 = PRESENTATION_STYLE_ASSIGNMENT((#18480));
#18480 = SURFACE_STYLE_USAGE(.BOTH.,#18481);
#18481 = SURFACE_SIDE_STYLE('',(#18482));
#18482 = SURFACE_STYLE_FILL_AREA(#18483);
#18483 = FILL_AREA_STYLE('',(#18484));
#18484 = FILL_AREA_STYLE_COLOUR('',#15684);
#18485 = STYLED_ITEM('color',(#18486),#14113);
#18486 = PRESENTATION_STYLE_ASSIGNMENT((#18487));
#18487 = SURFACE_STYLE_USAGE(.BOTH.,#18488);
#18488 = SURFACE_SIDE_STYLE('',(#18489));
#18489 = SURFACE_STYLE_FILL_AREA(#18490);
#18490 = FILL_AREA_STYLE('',(#18491));
#18491 = FILL_AREA_STYLE_COLOUR('',#15684);
#18492 = STYLED_ITEM('color',(#18493),#14137);
#18493 = PRESENTATION_STYLE_ASSIGNMENT((#18494));
#18494 = SURFACE_STYLE_USAGE(.BOTH.,#18495);
#18495 = SURFACE_SIDE_STYLE('',(#18496));
#18496 = SURFACE_STYLE_FILL_AREA(#18497);
#18497 = FILL_AREA_STYLE('',(#18498));
#18498 = FILL_AREA_STYLE_COLOUR('',#15684);
#18499 = STYLED_ITEM('color',(#18500),#14161);
#18500 = PRESENTATION_STYLE_ASSIGNMENT((#18501));
#18501 = SURFACE_STYLE_USAGE(.BOTH.,#18502);
#18502 = SURFACE_SIDE_STYLE('',(#18503));
#18503 = SURFACE_STYLE_FILL_AREA(#18504);
#18504 = FILL_AREA_STYLE('',(#18505));
#18505 = FILL_AREA_STYLE_COLOUR('',#15684);
#18506 = STYLED_ITEM('color',(#18507),#14178);
#18507 = PRESENTATION_STYLE_ASSIGNMENT((#18508));
#18508 = SURFACE_STYLE_USAGE(.BOTH.,#18509);
#18509 = SURFACE_SIDE_STYLE('',(#18510));
#18510 = SURFACE_STYLE_FILL_AREA(#18511);
#18511 = FILL_AREA_STYLE('',(#18512));
#18512 = FILL_AREA_STYLE_COLOUR('',#15684);
#18513 = STYLED_ITEM('color',(#18514),#14209);
#18514 = PRESENTATION_STYLE_ASSIGNMENT((#18515));
#18515 = SURFACE_STYLE_USAGE(.BOTH.,#18516);
#18516 = SURFACE_SIDE_STYLE('',(#18517));
#18517 = SURFACE_STYLE_FILL_AREA(#18518);
#18518 = FILL_AREA_STYLE('',(#18519));
#18519 = FILL_AREA_STYLE_COLOUR('',#15684);
#18520 = STYLED_ITEM('color',(#18521),#14233);
#18521 = PRESENTATION_STYLE_ASSIGNMENT((#18522));
#18522 = SURFACE_STYLE_USAGE(.BOTH.,#18523);
#18523 = SURFACE_SIDE_STYLE('',(#18524));
#18524 = SURFACE_STYLE_FILL_AREA(#18525);
#18525 = FILL_AREA_STYLE('',(#18526));
#18526 = FILL_AREA_STYLE_COLOUR('',#15684);
#18527 = STYLED_ITEM('color',(#18528),#14257);
#18528 = PRESENTATION_STYLE_ASSIGNMENT((#18529));
#18529 = SURFACE_STYLE_USAGE(.BOTH.,#18530);
#18530 = SURFACE_SIDE_STYLE('',(#18531));
#18531 = SURFACE_STYLE_FILL_AREA(#18532);
#18532 = FILL_AREA_STYLE('',(#18533));
#18533 = FILL_AREA_STYLE_COLOUR('',#15684);
#18534 = STYLED_ITEM('color',(#18535),#14274);
#18535 = PRESENTATION_STYLE_ASSIGNMENT((#18536));
#18536 = SURFACE_STYLE_USAGE(.BOTH.,#18537);
#18537 = SURFACE_SIDE_STYLE('',(#18538));
#18538 = SURFACE_STYLE_FILL_AREA(#18539);
#18539 = FILL_AREA_STYLE('',(#18540));
#18540 = FILL_AREA_STYLE_COLOUR('',#15684);
#18541 = STYLED_ITEM('color',(#18542),#14305);
#18542 = PRESENTATION_STYLE_ASSIGNMENT((#18543));
#18543 = SURFACE_STYLE_USAGE(.BOTH.,#18544);
#18544 = SURFACE_SIDE_STYLE('',(#18545));
#18545 = SURFACE_STYLE_FILL_AREA(#18546);
#18546 = FILL_AREA_STYLE('',(#18547));
#18547 = FILL_AREA_STYLE_COLOUR('',#15684);
#18548 = STYLED_ITEM('color',(#18549),#14329);
#18549 = PRESENTATION_STYLE_ASSIGNMENT((#18550));
#18550 = SURFACE_STYLE_USAGE(.BOTH.,#18551);
#18551 = SURFACE_SIDE_STYLE('',(#18552));
#18552 = SURFACE_STYLE_FILL_AREA(#18553);
#18553 = FILL_AREA_STYLE('',(#18554));
#18554 = FILL_AREA_STYLE_COLOUR('',#15684);
#18555 = STYLED_ITEM('color',(#18556),#14353);
#18556 = PRESENTATION_STYLE_ASSIGNMENT((#18557));
#18557 = SURFACE_STYLE_USAGE(.BOTH.,#18558);
#18558 = SURFACE_SIDE_STYLE('',(#18559));
#18559 = SURFACE_STYLE_FILL_AREA(#18560);
#18560 = FILL_AREA_STYLE('',(#18561));
#18561 = FILL_AREA_STYLE_COLOUR('',#15684);
#18562 = STYLED_ITEM('color',(#18563),#14370);
#18563 = PRESENTATION_STYLE_ASSIGNMENT((#18564));
#18564 = SURFACE_STYLE_USAGE(.BOTH.,#18565);
#18565 = SURFACE_SIDE_STYLE('',(#18566));
#18566 = SURFACE_STYLE_FILL_AREA(#18567);
#18567 = FILL_AREA_STYLE('',(#18568));
#18568 = FILL_AREA_STYLE_COLOUR('',#15684);
#18569 = STYLED_ITEM('color',(#18570),#14401);
#18570 = PRESENTATION_STYLE_ASSIGNMENT((#18571));
#18571 = SURFACE_STYLE_USAGE(.BOTH.,#18572);
#18572 = SURFACE_SIDE_STYLE('',(#18573));
#18573 = SURFACE_STYLE_FILL_AREA(#18574);
#18574 = FILL_AREA_STYLE('',(#18575));
#18575 = FILL_AREA_STYLE_COLOUR('',#15684);
#18576 = STYLED_ITEM('color',(#18577),#14425);
#18577 = PRESENTATION_STYLE_ASSIGNMENT((#18578));
#18578 = SURFACE_STYLE_USAGE(.BOTH.,#18579);
#18579 = SURFACE_SIDE_STYLE('',(#18580));
#18580 = SURFACE_STYLE_FILL_AREA(#18581);
#18581 = FILL_AREA_STYLE('',(#18582));
#18582 = FILL_AREA_STYLE_COLOUR('',#15684);
#18583 = STYLED_ITEM('color',(#18584),#14449);
#18584 = PRESENTATION_STYLE_ASSIGNMENT((#18585));
#18585 = SURFACE_STYLE_USAGE(.BOTH.,#18586);
#18586 = SURFACE_SIDE_STYLE('',(#18587));
#18587 = SURFACE_STYLE_FILL_AREA(#18588);
#18588 = FILL_AREA_STYLE('',(#18589));
#18589 = FILL_AREA_STYLE_COLOUR('',#15684);
#18590 = STYLED_ITEM('color',(#18591),#14466);
#18591 = PRESENTATION_STYLE_ASSIGNMENT((#18592));
#18592 = SURFACE_STYLE_USAGE(.BOTH.,#18593);
#18593 = SURFACE_SIDE_STYLE('',(#18594));
#18594 = SURFACE_STYLE_FILL_AREA(#18595);
#18595 = FILL_AREA_STYLE('',(#18596));
#18596 = FILL_AREA_STYLE_COLOUR('',#15684);
#18597 = STYLED_ITEM('color',(#18598),#14478);
#18598 = PRESENTATION_STYLE_ASSIGNMENT((#18599));
#18599 = SURFACE_STYLE_USAGE(.BOTH.,#18600);
#18600 = SURFACE_SIDE_STYLE('',(#18601));
#18601 = SURFACE_STYLE_FILL_AREA(#18602);
#18602 = FILL_AREA_STYLE('',(#18603));
#18603 = FILL_AREA_STYLE_COLOUR('',#15684);
#18604 = STYLED_ITEM('color',(#18605),#14490);
#18605 = PRESENTATION_STYLE_ASSIGNMENT((#18606));
#18606 = SURFACE_STYLE_USAGE(.BOTH.,#18607);
#18607 = SURFACE_SIDE_STYLE('',(#18608));
#18608 = SURFACE_STYLE_FILL_AREA(#18609);
#18609 = FILL_AREA_STYLE('',(#18610));
#18610 = FILL_AREA_STYLE_COLOUR('',#15684);
#18611 = STYLED_ITEM('color',(#18612),#14502);
#18612 = PRESENTATION_STYLE_ASSIGNMENT((#18613));
#18613 = SURFACE_STYLE_USAGE(.BOTH.,#18614);
#18614 = SURFACE_SIDE_STYLE('',(#18615));
#18615 = SURFACE_STYLE_FILL_AREA(#18616);
#18616 = FILL_AREA_STYLE('',(#18617));
#18617 = FILL_AREA_STYLE_COLOUR('',#15684);
#18618 = STYLED_ITEM('color',(#18619),#14514);
#18619 = PRESENTATION_STYLE_ASSIGNMENT((#18620));
#18620 = SURFACE_STYLE_USAGE(.BOTH.,#18621);
#18621 = SURFACE_SIDE_STYLE('',(#18622));
#18622 = SURFACE_STYLE_FILL_AREA(#18623);
#18623 = FILL_AREA_STYLE('',(#18624));
#18624 = FILL_AREA_STYLE_COLOUR('',#15684);
#18625 = STYLED_ITEM('color',(#18626),#14526);
#18626 = PRESENTATION_STYLE_ASSIGNMENT((#18627));
#18627 = SURFACE_STYLE_USAGE(.BOTH.,#18628);
#18628 = SURFACE_SIDE_STYLE('',(#18629));
#18629 = SURFACE_STYLE_FILL_AREA(#18630);
#18630 = FILL_AREA_STYLE('',(#18631));
#18631 = FILL_AREA_STYLE_COLOUR('',#15684);
#18632 = STYLED_ITEM('color',(#18633),#14538);
#18633 = PRESENTATION_STYLE_ASSIGNMENT((#18634));
#18634 = SURFACE_STYLE_USAGE(.BOTH.,#18635);
#18635 = SURFACE_SIDE_STYLE('',(#18636));
#18636 = SURFACE_STYLE_FILL_AREA(#18637);
#18637 = FILL_AREA_STYLE('',(#18638));
#18638 = FILL_AREA_STYLE_COLOUR('',#15684);
#18639 = STYLED_ITEM('color',(#18640),#14550);
#18640 = PRESENTATION_STYLE_ASSIGNMENT((#18641));
#18641 = SURFACE_STYLE_USAGE(.BOTH.,#18642);
#18642 = SURFACE_SIDE_STYLE('',(#18643));
#18643 = SURFACE_STYLE_FILL_AREA(#18644);
#18644 = FILL_AREA_STYLE('',(#18645));
#18645 = FILL_AREA_STYLE_COLOUR('',#15684);
#18646 = STYLED_ITEM('color',(#18647),#14562);
#18647 = PRESENTATION_STYLE_ASSIGNMENT((#18648));
#18648 = SURFACE_STYLE_USAGE(.BOTH.,#18649);
#18649 = SURFACE_SIDE_STYLE('',(#18650));
#18650 = SURFACE_STYLE_FILL_AREA(#18651);
#18651 = FILL_AREA_STYLE('',(#18652));
#18652 = FILL_AREA_STYLE_COLOUR('',#15684);
#18653 = STYLED_ITEM('color',(#18654),#14574);
#18654 = PRESENTATION_STYLE_ASSIGNMENT((#18655));
#18655 = SURFACE_STYLE_USAGE(.BOTH.,#18656);
#18656 = SURFACE_SIDE_STYLE('',(#18657));
#18657 = SURFACE_STYLE_FILL_AREA(#18658);
#18658 = FILL_AREA_STYLE('',(#18659));
#18659 = FILL_AREA_STYLE_COLOUR('',#15684);
#18660 = STYLED_ITEM('color',(#18661),#14586);
#18661 = PRESENTATION_STYLE_ASSIGNMENT((#18662));
#18662 = SURFACE_STYLE_USAGE(.BOTH.,#18663);
#18663 = SURFACE_SIDE_STYLE('',(#18664));
#18664 = SURFACE_STYLE_FILL_AREA(#18665);
#18665 = FILL_AREA_STYLE('',(#18666));
#18666 = FILL_AREA_STYLE_COLOUR('',#15684);
#18667 = STYLED_ITEM('color',(#18668),#14598);
#18668 = PRESENTATION_STYLE_ASSIGNMENT((#18669));
#18669 = SURFACE_STYLE_USAGE(.BOTH.,#18670);
#18670 = SURFACE_SIDE_STYLE('',(#18671));
#18671 = SURFACE_STYLE_FILL_AREA(#18672);
#18672 = FILL_AREA_STYLE('',(#18673));
#18673 = FILL_AREA_STYLE_COLOUR('',#15684);
#18674 = STYLED_ITEM('color',(#18675),#14610);
#18675 = PRESENTATION_STYLE_ASSIGNMENT((#18676));
#18676 = SURFACE_STYLE_USAGE(.BOTH.,#18677);
#18677 = SURFACE_SIDE_STYLE('',(#18678));
#18678 = SURFACE_STYLE_FILL_AREA(#18679);
#18679 = FILL_AREA_STYLE('',(#18680));
#18680 = FILL_AREA_STYLE_COLOUR('',#15684);
#18681 = STYLED_ITEM('color',(#18682),#14622);
#18682 = PRESENTATION_STYLE_ASSIGNMENT((#18683));
#18683 = SURFACE_STYLE_USAGE(.BOTH.,#18684);
#18684 = SURFACE_SIDE_STYLE('',(#18685));
#18685 = SURFACE_STYLE_FILL_AREA(#18686);
#18686 = FILL_AREA_STYLE('',(#18687));
#18687 = FILL_AREA_STYLE_COLOUR('',#15684);
#18688 = STYLED_ITEM('color',(#18689),#14634);
#18689 = PRESENTATION_STYLE_ASSIGNMENT((#18690));
#18690 = SURFACE_STYLE_USAGE(.BOTH.,#18691);
#18691 = SURFACE_SIDE_STYLE('',(#18692));
#18692 = SURFACE_STYLE_FILL_AREA(#18693);
#18693 = FILL_AREA_STYLE('',(#18694));
#18694 = FILL_AREA_STYLE_COLOUR('',#15684);
#18695 = STYLED_ITEM('color',(#18696),#14646);
#18696 = PRESENTATION_STYLE_ASSIGNMENT((#18697));
#18697 = SURFACE_STYLE_USAGE(.BOTH.,#18698);
#18698 = SURFACE_SIDE_STYLE('',(#18699));
#18699 = SURFACE_STYLE_FILL_AREA(#18700);
#18700 = FILL_AREA_STYLE('',(#18701));
#18701 = FILL_AREA_STYLE_COLOUR('',#15684);
#18702 = STYLED_ITEM('color',(#18703),#14658);
#18703 = PRESENTATION_STYLE_ASSIGNMENT((#18704));
#18704 = SURFACE_STYLE_USAGE(.BOTH.,#18705);
#18705 = SURFACE_SIDE_STYLE('',(#18706));
#18706 = SURFACE_STYLE_FILL_AREA(#18707);
#18707 = FILL_AREA_STYLE('',(#18708));
#18708 = FILL_AREA_STYLE_COLOUR('',#15684);
#18709 = STYLED_ITEM('color',(#18710),#14670);
#18710 = PRESENTATION_STYLE_ASSIGNMENT((#18711));
#18711 = SURFACE_STYLE_USAGE(.BOTH.,#18712);
#18712 = SURFACE_SIDE_STYLE('',(#18713));
#18713 = SURFACE_STYLE_FILL_AREA(#18714);
#18714 = FILL_AREA_STYLE('',(#18715));
#18715 = FILL_AREA_STYLE_COLOUR('',#15684);
#18716 = STYLED_ITEM('color',(#18717),#14682);
#18717 = PRESENTATION_STYLE_ASSIGNMENT((#18718));
#18718 = SURFACE_STYLE_USAGE(.BOTH.,#18719);
#18719 = SURFACE_SIDE_STYLE('',(#18720));
#18720 = SURFACE_STYLE_FILL_AREA(#18721);
#18721 = FILL_AREA_STYLE('',(#18722));
#18722 = FILL_AREA_STYLE_COLOUR('',#15684);
#18723 = STYLED_ITEM('color',(#18724),#14694);
#18724 = PRESENTATION_STYLE_ASSIGNMENT((#18725));
#18725 = SURFACE_STYLE_USAGE(.BOTH.,#18726);
#18726 = SURFACE_SIDE_STYLE('',(#18727));
#18727 = SURFACE_STYLE_FILL_AREA(#18728);
#18728 = FILL_AREA_STYLE('',(#18729));
#18729 = FILL_AREA_STYLE_COLOUR('',#15684);
#18730 = STYLED_ITEM('color',(#18731),#14706);
#18731 = PRESENTATION_STYLE_ASSIGNMENT((#18732));
#18732 = SURFACE_STYLE_USAGE(.BOTH.,#18733);
#18733 = SURFACE_SIDE_STYLE('',(#18734));
#18734 = SURFACE_STYLE_FILL_AREA(#18735);
#18735 = FILL_AREA_STYLE('',(#18736));
#18736 = FILL_AREA_STYLE_COLOUR('',#15684);
#18737 = STYLED_ITEM('color',(#18738),#14718);
#18738 = PRESENTATION_STYLE_ASSIGNMENT((#18739));
#18739 = SURFACE_STYLE_USAGE(.BOTH.,#18740);
#18740 = SURFACE_SIDE_STYLE('',(#18741));
#18741 = SURFACE_STYLE_FILL_AREA(#18742);
#18742 = FILL_AREA_STYLE('',(#18743));
#18743 = FILL_AREA_STYLE_COLOUR('',#15684);
#18744 = STYLED_ITEM('color',(#18745),#14730);
#18745 = PRESENTATION_STYLE_ASSIGNMENT((#18746));
#18746 = SURFACE_STYLE_USAGE(.BOTH.,#18747);
#18747 = SURFACE_SIDE_STYLE('',(#18748));
#18748 = SURFACE_STYLE_FILL_AREA(#18749);
#18749 = FILL_AREA_STYLE('',(#18750));
#18750 = FILL_AREA_STYLE_COLOUR('',#15684);
#18751 = STYLED_ITEM('color',(#18752),#14742);
#18752 = PRESENTATION_STYLE_ASSIGNMENT((#18753));
#18753 = SURFACE_STYLE_USAGE(.BOTH.,#18754);
#18754 = SURFACE_SIDE_STYLE('',(#18755));
#18755 = SURFACE_STYLE_FILL_AREA(#18756);
#18756 = FILL_AREA_STYLE('',(#18757));
#18757 = FILL_AREA_STYLE_COLOUR('',#15684);
#18758 = STYLED_ITEM('color',(#18759),#14754);
#18759 = PRESENTATION_STYLE_ASSIGNMENT((#18760));
#18760 = SURFACE_STYLE_USAGE(.BOTH.,#18761);
#18761 = SURFACE_SIDE_STYLE('',(#18762));
#18762 = SURFACE_STYLE_FILL_AREA(#18763);
#18763 = FILL_AREA_STYLE('',(#18764));
#18764 = FILL_AREA_STYLE_COLOUR('',#15684);
#18765 = STYLED_ITEM('color',(#18766),#14766);
#18766 = PRESENTATION_STYLE_ASSIGNMENT((#18767));
#18767 = SURFACE_STYLE_USAGE(.BOTH.,#18768);
#18768 = SURFACE_SIDE_STYLE('',(#18769));
#18769 = SURFACE_STYLE_FILL_AREA(#18770);
#18770 = FILL_AREA_STYLE('',(#18771));
#18771 = FILL_AREA_STYLE_COLOUR('',#15684);
#18772 = STYLED_ITEM('color',(#18773),#14778);
#18773 = PRESENTATION_STYLE_ASSIGNMENT((#18774));
#18774 = SURFACE_STYLE_USAGE(.BOTH.,#18775);
#18775 = SURFACE_SIDE_STYLE('',(#18776));
#18776 = SURFACE_STYLE_FILL_AREA(#18777);
#18777 = FILL_AREA_STYLE('',(#18778));
#18778 = FILL_AREA_STYLE_COLOUR('',#15684);
#18779 = STYLED_ITEM('color',(#18780),#14790);
#18780 = PRESENTATION_STYLE_ASSIGNMENT((#18781));
#18781 = SURFACE_STYLE_USAGE(.BOTH.,#18782);
#18782 = SURFACE_SIDE_STYLE('',(#18783));
#18783 = SURFACE_STYLE_FILL_AREA(#18784);
#18784 = FILL_AREA_STYLE('',(#18785));
#18785 = FILL_AREA_STYLE_COLOUR('',#15684);
#18786 = STYLED_ITEM('color',(#18787),#14802);
#18787 = PRESENTATION_STYLE_ASSIGNMENT((#18788));
#18788 = SURFACE_STYLE_USAGE(.BOTH.,#18789);
#18789 = SURFACE_SIDE_STYLE('',(#18790));
#18790 = SURFACE_STYLE_FILL_AREA(#18791);
#18791 = FILL_AREA_STYLE('',(#18792));
#18792 = FILL_AREA_STYLE_COLOUR('',#15684);
#18793 = STYLED_ITEM('color',(#18794),#14814);
#18794 = PRESENTATION_STYLE_ASSIGNMENT((#18795));
#18795 = SURFACE_STYLE_USAGE(.BOTH.,#18796);
#18796 = SURFACE_SIDE_STYLE('',(#18797));
#18797 = SURFACE_STYLE_FILL_AREA(#18798);
#18798 = FILL_AREA_STYLE('',(#18799));
#18799 = FILL_AREA_STYLE_COLOUR('',#15684);
#18800 = STYLED_ITEM('color',(#18801),#14826);
#18801 = PRESENTATION_STYLE_ASSIGNMENT((#18802));
#18802 = SURFACE_STYLE_USAGE(.BOTH.,#18803);
#18803 = SURFACE_SIDE_STYLE('',(#18804));
#18804 = SURFACE_STYLE_FILL_AREA(#18805);
#18805 = FILL_AREA_STYLE('',(#18806));
#18806 = FILL_AREA_STYLE_COLOUR('',#15684);
#18807 = STYLED_ITEM('color',(#18808),#14838);
#18808 = PRESENTATION_STYLE_ASSIGNMENT((#18809));
#18809 = SURFACE_STYLE_USAGE(.BOTH.,#18810);
#18810 = SURFACE_SIDE_STYLE('',(#18811));
#18811 = SURFACE_STYLE_FILL_AREA(#18812);
#18812 = FILL_AREA_STYLE('',(#18813));
#18813 = FILL_AREA_STYLE_COLOUR('',#15684);
#18814 = STYLED_ITEM('color',(#18815),#14850);
#18815 = PRESENTATION_STYLE_ASSIGNMENT((#18816));
#18816 = SURFACE_STYLE_USAGE(.BOTH.,#18817);
#18817 = SURFACE_SIDE_STYLE('',(#18818));
#18818 = SURFACE_STYLE_FILL_AREA(#18819);
#18819 = FILL_AREA_STYLE('',(#18820));
#18820 = FILL_AREA_STYLE_COLOUR('',#15684);
#18821 = STYLED_ITEM('color',(#18822),#14862);
#18822 = PRESENTATION_STYLE_ASSIGNMENT((#18823));
#18823 = SURFACE_STYLE_USAGE(.BOTH.,#18824);
#18824 = SURFACE_SIDE_STYLE('',(#18825));
#18825 = SURFACE_STYLE_FILL_AREA(#18826);
#18826 = FILL_AREA_STYLE('',(#18827));
#18827 = FILL_AREA_STYLE_COLOUR('',#15684);
#18828 = STYLED_ITEM('color',(#18829),#14874);
#18829 = PRESENTATION_STYLE_ASSIGNMENT((#18830));
#18830 = SURFACE_STYLE_USAGE(.BOTH.,#18831);
#18831 = SURFACE_SIDE_STYLE('',(#18832));
#18832 = SURFACE_STYLE_FILL_AREA(#18833);
#18833 = FILL_AREA_STYLE('',(#18834));
#18834 = FILL_AREA_STYLE_COLOUR('',#15684);
#18835 = STYLED_ITEM('color',(#18836),#14886);
#18836 = PRESENTATION_STYLE_ASSIGNMENT((#18837));
#18837 = SURFACE_STYLE_USAGE(.BOTH.,#18838);
#18838 = SURFACE_SIDE_STYLE('',(#18839));
#18839 = SURFACE_STYLE_FILL_AREA(#18840);
#18840 = FILL_AREA_STYLE('',(#18841));
#18841 = FILL_AREA_STYLE_COLOUR('',#15684);
#18842 = STYLED_ITEM('color',(#18843),#14898);
#18843 = PRESENTATION_STYLE_ASSIGNMENT((#18844));
#18844 = SURFACE_STYLE_USAGE(.BOTH.,#18845);
#18845 = SURFACE_SIDE_STYLE('',(#18846));
#18846 = SURFACE_STYLE_FILL_AREA(#18847);
#18847 = FILL_AREA_STYLE('',(#18848));
#18848 = FILL_AREA_STYLE_COLOUR('',#15684);
#18849 = STYLED_ITEM('color',(#18850),#14910);
#18850 = PRESENTATION_STYLE_ASSIGNMENT((#18851));
#18851 = SURFACE_STYLE_USAGE(.BOTH.,#18852);
#18852 = SURFACE_SIDE_STYLE('',(#18853));
#18853 = SURFACE_STYLE_FILL_AREA(#18854);
#18854 = FILL_AREA_STYLE('',(#18855));
#18855 = FILL_AREA_STYLE_COLOUR('',#15684);
#18856 = STYLED_ITEM('color',(#18857),#14922);
#18857 = PRESENTATION_STYLE_ASSIGNMENT((#18858));
#18858 = SURFACE_STYLE_USAGE(.BOTH.,#18859);
#18859 = SURFACE_SIDE_STYLE('',(#18860));
#18860 = SURFACE_STYLE_FILL_AREA(#18861);
#18861 = FILL_AREA_STYLE('',(#18862));
#18862 = FILL_AREA_STYLE_COLOUR('',#15684);
#18863 = STYLED_ITEM('color',(#18864),#14934);
#18864 = PRESENTATION_STYLE_ASSIGNMENT((#18865));
#18865 = SURFACE_STYLE_USAGE(.BOTH.,#18866);
#18866 = SURFACE_SIDE_STYLE('',(#18867));
#18867 = SURFACE_STYLE_FILL_AREA(#18868);
#18868 = FILL_AREA_STYLE('',(#18869));
#18869 = FILL_AREA_STYLE_COLOUR('',#15684);
#18870 = STYLED_ITEM('color',(#18871),#14946);
#18871 = PRESENTATION_STYLE_ASSIGNMENT((#18872));
#18872 = SURFACE_STYLE_USAGE(.BOTH.,#18873);
#18873 = SURFACE_SIDE_STYLE('',(#18874));
#18874 = SURFACE_STYLE_FILL_AREA(#18875);
#18875 = FILL_AREA_STYLE('',(#18876));
#18876 = FILL_AREA_STYLE_COLOUR('',#15684);
#18877 = STYLED_ITEM('color',(#18878),#14958);
#18878 = PRESENTATION_STYLE_ASSIGNMENT((#18879));
#18879 = SURFACE_STYLE_USAGE(.BOTH.,#18880);
#18880 = SURFACE_SIDE_STYLE('',(#18881));
#18881 = SURFACE_STYLE_FILL_AREA(#18882);
#18882 = FILL_AREA_STYLE('',(#18883));
#18883 = FILL_AREA_STYLE_COLOUR('',#15684);
#18884 = STYLED_ITEM('color',(#18885),#14970);
#18885 = PRESENTATION_STYLE_ASSIGNMENT((#18886));
#18886 = SURFACE_STYLE_USAGE(.BOTH.,#18887);
#18887 = SURFACE_SIDE_STYLE('',(#18888));
#18888 = SURFACE_STYLE_FILL_AREA(#18889);
#18889 = FILL_AREA_STYLE('',(#18890));
#18890 = FILL_AREA_STYLE_COLOUR('',#15684);
#18891 = STYLED_ITEM('color',(#18892),#14982);
#18892 = PRESENTATION_STYLE_ASSIGNMENT((#18893));
#18893 = SURFACE_STYLE_USAGE(.BOTH.,#18894);
#18894 = SURFACE_SIDE_STYLE('',(#18895));
#18895 = SURFACE_STYLE_FILL_AREA(#18896);
#18896 = FILL_AREA_STYLE('',(#18897));
#18897 = FILL_AREA_STYLE_COLOUR('',#15684);
#18898 = STYLED_ITEM('color',(#18899),#14994);
#18899 = PRESENTATION_STYLE_ASSIGNMENT((#18900));
#18900 = SURFACE_STYLE_USAGE(.BOTH.,#18901);
#18901 = SURFACE_SIDE_STYLE('',(#18902));
#18902 = SURFACE_STYLE_FILL_AREA(#18903);
#18903 = FILL_AREA_STYLE('',(#18904));
#18904 = FILL_AREA_STYLE_COLOUR('',#15684);
#18905 = STYLED_ITEM('color',(#18906),#15006);
#18906 = PRESENTATION_STYLE_ASSIGNMENT((#18907));
#18907 = SURFACE_STYLE_USAGE(.BOTH.,#18908);
#18908 = SURFACE_SIDE_STYLE('',(#18909));
#18909 = SURFACE_STYLE_FILL_AREA(#18910);
#18910 = FILL_AREA_STYLE('',(#18911));
#18911 = FILL_AREA_STYLE_COLOUR('',#15684);
#18912 = STYLED_ITEM('color',(#18913),#15018);
#18913 = PRESENTATION_STYLE_ASSIGNMENT((#18914));
#18914 = SURFACE_STYLE_USAGE(.BOTH.,#18915);
#18915 = SURFACE_SIDE_STYLE('',(#18916));
#18916 = SURFACE_STYLE_FILL_AREA(#18917);
#18917 = FILL_AREA_STYLE('',(#18918));
#18918 = FILL_AREA_STYLE_COLOUR('',#15684);
#18919 = STYLED_ITEM('color',(#18920),#15030);
#18920 = PRESENTATION_STYLE_ASSIGNMENT((#18921));
#18921 = SURFACE_STYLE_USAGE(.BOTH.,#18922);
#18922 = SURFACE_SIDE_STYLE('',(#18923));
#18923 = SURFACE_STYLE_FILL_AREA(#18924);
#18924 = FILL_AREA_STYLE('',(#18925));
#18925 = FILL_AREA_STYLE_COLOUR('',#15684);
#18926 = STYLED_ITEM('color',(#18927),#15042);
#18927 = PRESENTATION_STYLE_ASSIGNMENT((#18928));
#18928 = SURFACE_STYLE_USAGE(.BOTH.,#18929);
#18929 = SURFACE_SIDE_STYLE('',(#18930));
#18930 = SURFACE_STYLE_FILL_AREA(#18931);
#18931 = FILL_AREA_STYLE('',(#18932));
#18932 = FILL_AREA_STYLE_COLOUR('',#15684);
#18933 = STYLED_ITEM('color',(#18934),#15054);
#18934 = PRESENTATION_STYLE_ASSIGNMENT((#18935));
#18935 = SURFACE_STYLE_USAGE(.BOTH.,#18936);
#18936 = SURFACE_SIDE_STYLE('',(#18937));
#18937 = SURFACE_STYLE_FILL_AREA(#18938);
#18938 = FILL_AREA_STYLE('',(#18939));
#18939 = FILL_AREA_STYLE_COLOUR('',#15684);
#18940 = STYLED_ITEM('color',(#18941),#15066);
#18941 = PRESENTATION_STYLE_ASSIGNMENT((#18942));
#18942 = SURFACE_STYLE_USAGE(.BOTH.,#18943);
#18943 = SURFACE_SIDE_STYLE('',(#18944));
#18944 = SURFACE_STYLE_FILL_AREA(#18945);
#18945 = FILL_AREA_STYLE('',(#18946));
#18946 = FILL_AREA_STYLE_COLOUR('',#15684);
#18947 = STYLED_ITEM('color',(#18948),#15078);
#18948 = PRESENTATION_STYLE_ASSIGNMENT((#18949));
#18949 = SURFACE_STYLE_USAGE(.BOTH.,#18950);
#18950 = SURFACE_SIDE_STYLE('',(#18951));
#18951 = SURFACE_STYLE_FILL_AREA(#18952);
#18952 = FILL_AREA_STYLE('',(#18953));
#18953 = FILL_AREA_STYLE_COLOUR('',#15684);
ENDSEC;
END-ISO-10303-21;
