ISO-10303-21;
HEADER;
/* Generated by software containing ST-Developer
 * from STEP Tools, Inc. (www.steptools.com) 
 */

FILE_DESCRIPTION(
/* description */ (
'Proposed factory-omitted pin7. Nominal referencebody/squarepost model
; not manufacturer CAD. No manually removedpin approval or orderabilit
y guarantee.'),
/* implementation_level */ '2;1');

FILE_NAME(
/* name */ 'Samtec_HTSW_113_07_L_D_007_Drawing_Reconstruction.step',
/* time_stamp */ '2026-09-07T17:00:08+02:00',
/* author */ (''),
/* organization */ (''),
/* preprocessor_version */ 'ST-DEVELOPER v20.2',
/* originating_system */ 'Autodesk Translation Framework v15.15.0.0',
/* authorisation */ '');

FILE_SCHEMA (('AUTOMOTIVE_DESIGN { 1 0 10303 214 3 1 1 }'));
ENDSEC;

DATA;
#10=MECHANICAL_DESIGN_GEOMETRIC_PRESENTATION_REPRESENTATION('',(#13,#14,
#15,#16,#17,#18,#19,#20,#21,#22,#23,#24,#25,#26,#27,#28,#29,#30,#31,#32,
#33,#34,#35,#36,#37,#38),#7358);
#11=SHAPE_REPRESENTATION_RELATIONSHIP('SRR','None',#7365,#12);
#12=ADVANCED_BREP_SHAPE_REPRESENTATION('',(#39,#40,#41,#42,#43,#44,#45,
#46,#47,#48,#49,#50,#51,#52,#53,#54,#55,#56,#57,#58,#59,#60,#61,#62,#63,
#64),#7357);
#13=STYLED_ITEM('',(#7374),#39);
#14=STYLED_ITEM('',(#7375),#40);
#15=STYLED_ITEM('',(#7375),#41);
#16=STYLED_ITEM('',(#7375),#42);
#17=STYLED_ITEM('',(#7375),#43);
#18=STYLED_ITEM('',(#7375),#44);
#19=STYLED_ITEM('',(#7375),#45);
#20=STYLED_ITEM('',(#7375),#46);
#21=STYLED_ITEM('',(#7375),#47);
#22=STYLED_ITEM('',(#7375),#48);
#23=STYLED_ITEM('',(#7375),#49);
#24=STYLED_ITEM('',(#7375),#50);
#25=STYLED_ITEM('',(#7375),#51);
#26=STYLED_ITEM('',(#7375),#52);
#27=STYLED_ITEM('',(#7375),#53);
#28=STYLED_ITEM('',(#7375),#54);
#29=STYLED_ITEM('',(#7375),#55);
#30=STYLED_ITEM('',(#7375),#56);
#31=STYLED_ITEM('',(#7375),#57);
#32=STYLED_ITEM('',(#7375),#58);
#33=STYLED_ITEM('',(#7375),#59);
#34=STYLED_ITEM('',(#7375),#60);
#35=STYLED_ITEM('',(#7375),#61);
#36=STYLED_ITEM('',(#7375),#62);
#37=STYLED_ITEM('',(#7375),#63);
#38=STYLED_ITEM('',(#7375),#64);
#39=MANIFOLD_SOLID_BREP(
'Nominal polymer insulator 33.02 x5.0292 x2.54 - mold details omitted',
#4657);
#40=MANIFOLD_SOLID_BREP(
'Contact 1 nominal0.64square - unchamfered reference',#4658);
#41=MANIFOLD_SOLID_BREP(
'Contact 2 nominal0.64square - unchamfered reference',#4659);
#42=MANIFOLD_SOLID_BREP(
'Contact 3 nominal0.64square - unchamfered reference',#4660);
#43=MANIFOLD_SOLID_BREP(
'Contact 4 nominal0.64square - unchamfered reference',#4661);
#44=MANIFOLD_SOLID_BREP(
'Contact 5 nominal0.64square - unchamfered reference',#4662);
#45=MANIFOLD_SOLID_BREP(
'Contact 6 nominal0.64square - unchamfered reference',#4663);
#46=MANIFOLD_SOLID_BREP(
'Contact 8 nominal0.64square - unchamfered reference',#4664);
#47=MANIFOLD_SOLID_BREP(
'Contact 9 nominal0.64square - unchamfered reference',#4665);
#48=MANIFOLD_SOLID_BREP(
'Contact 10 nominal0.64square - unchamfered reference',#4666);
#49=MANIFOLD_SOLID_BREP(
'Contact 11 nominal0.64square - unchamfered reference',#4667);
#50=MANIFOLD_SOLID_BREP(
'Contact 12 nominal0.64square - unchamfered reference',#4668);
#51=MANIFOLD_SOLID_BREP(
'Contact 13 nominal0.64square - unchamfered reference',#4669);
#52=MANIFOLD_SOLID_BREP(
'Contact 14 nominal0.64square - unchamfered reference',#4670);
#53=MANIFOLD_SOLID_BREP(
'Contact 15 nominal0.64square - unchamfered reference',#4671);
#54=MANIFOLD_SOLID_BREP(
'Contact 16 nominal0.64square - unchamfered reference',#4672);
#55=MANIFOLD_SOLID_BREP(
'Contact 17 nominal0.64square - unchamfered reference',#4673);
#56=MANIFOLD_SOLID_BREP(
'Contact 18 nominal0.64square - unchamfered reference',#4674);
#57=MANIFOLD_SOLID_BREP(
'Contact 19 nominal0.64square - unchamfered reference',#4675);
#58=MANIFOLD_SOLID_BREP(
'Contact 20 nominal0.64square - unchamfered reference',#4676);
#59=MANIFOLD_SOLID_BREP(
'Contact 21 nominal0.64square - unchamfered reference',#4677);
#60=MANIFOLD_SOLID_BREP(
'Contact 22 nominal0.64square - unchamfered reference',#4678);
#61=MANIFOLD_SOLID_BREP(
'Contact 23 nominal0.64square - unchamfered reference',#4679);
#62=MANIFOLD_SOLID_BREP(
'Contact 24 nominal0.64square - unchamfered reference',#4680);
#63=MANIFOLD_SOLID_BREP(
'Contact 25 nominal0.64square - unchamfered reference',#4681);
#64=MANIFOLD_SOLID_BREP(
'Contact 26 nominal0.64square - unchamfered reference',#4682);
#65=FACE_BOUND('',#472,.T.);
#66=FACE_BOUND('',#473,.T.);
#67=FACE_BOUND('',#474,.T.);
#68=FACE_BOUND('',#475,.T.);
#69=FACE_BOUND('',#476,.T.);
#70=FACE_BOUND('',#477,.T.);
#71=FACE_BOUND('',#478,.T.);
#72=FACE_BOUND('',#479,.T.);
#73=FACE_BOUND('',#480,.T.);
#74=FACE_BOUND('',#481,.T.);
#75=FACE_BOUND('',#482,.T.);
#76=FACE_BOUND('',#483,.T.);
#77=FACE_BOUND('',#484,.T.);
#78=FACE_BOUND('',#485,.T.);
#79=FACE_BOUND('',#486,.T.);
#80=FACE_BOUND('',#487,.T.);
#81=FACE_BOUND('',#488,.T.);
#82=FACE_BOUND('',#489,.T.);
#83=FACE_BOUND('',#490,.T.);
#84=FACE_BOUND('',#491,.T.);
#85=FACE_BOUND('',#492,.T.);
#86=FACE_BOUND('',#493,.T.);
#87=FACE_BOUND('',#494,.T.);
#88=FACE_BOUND('',#495,.T.);
#89=FACE_BOUND('',#496,.T.);
#90=FACE_BOUND('',#498,.T.);
#91=FACE_BOUND('',#499,.T.);
#92=FACE_BOUND('',#500,.T.);
#93=FACE_BOUND('',#501,.T.);
#94=FACE_BOUND('',#502,.T.);
#95=FACE_BOUND('',#503,.T.);
#96=FACE_BOUND('',#504,.T.);
#97=FACE_BOUND('',#505,.T.);
#98=FACE_BOUND('',#506,.T.);
#99=FACE_BOUND('',#507,.T.);
#100=FACE_BOUND('',#508,.T.);
#101=FACE_BOUND('',#509,.T.);
#102=FACE_BOUND('',#510,.T.);
#103=FACE_BOUND('',#511,.T.);
#104=FACE_BOUND('',#512,.T.);
#105=FACE_BOUND('',#513,.T.);
#106=FACE_BOUND('',#514,.T.);
#107=FACE_BOUND('',#515,.T.);
#108=FACE_BOUND('',#516,.T.);
#109=FACE_BOUND('',#517,.T.);
#110=FACE_BOUND('',#518,.T.);
#111=FACE_BOUND('',#519,.T.);
#112=FACE_BOUND('',#520,.T.);
#113=FACE_BOUND('',#521,.T.);
#114=FACE_BOUND('',#522,.T.);
#115=FACE_OUTER_BOUND('',#371,.T.);
#116=FACE_OUTER_BOUND('',#372,.T.);
#117=FACE_OUTER_BOUND('',#373,.T.);
#118=FACE_OUTER_BOUND('',#374,.T.);
#119=FACE_OUTER_BOUND('',#375,.T.);
#120=FACE_OUTER_BOUND('',#376,.T.);
#121=FACE_OUTER_BOUND('',#377,.T.);
#122=FACE_OUTER_BOUND('',#378,.T.);
#123=FACE_OUTER_BOUND('',#379,.T.);
#124=FACE_OUTER_BOUND('',#380,.T.);
#125=FACE_OUTER_BOUND('',#381,.T.);
#126=FACE_OUTER_BOUND('',#382,.T.);
#127=FACE_OUTER_BOUND('',#383,.T.);
#128=FACE_OUTER_BOUND('',#384,.T.);
#129=FACE_OUTER_BOUND('',#385,.T.);
#130=FACE_OUTER_BOUND('',#386,.T.);
#131=FACE_OUTER_BOUND('',#387,.T.);
#132=FACE_OUTER_BOUND('',#388,.T.);
#133=FACE_OUTER_BOUND('',#389,.T.);
#134=FACE_OUTER_BOUND('',#390,.T.);
#135=FACE_OUTER_BOUND('',#391,.T.);
#136=FACE_OUTER_BOUND('',#392,.T.);
#137=FACE_OUTER_BOUND('',#393,.T.);
#138=FACE_OUTER_BOUND('',#394,.T.);
#139=FACE_OUTER_BOUND('',#395,.T.);
#140=FACE_OUTER_BOUND('',#396,.T.);
#141=FACE_OUTER_BOUND('',#397,.T.);
#142=FACE_OUTER_BOUND('',#398,.T.);
#143=FACE_OUTER_BOUND('',#399,.T.);
#144=FACE_OUTER_BOUND('',#400,.T.);
#145=FACE_OUTER_BOUND('',#401,.T.);
#146=FACE_OUTER_BOUND('',#402,.T.);
#147=FACE_OUTER_BOUND('',#403,.T.);
#148=FACE_OUTER_BOUND('',#404,.T.);
#149=FACE_OUTER_BOUND('',#405,.T.);
#150=FACE_OUTER_BOUND('',#406,.T.);
#151=FACE_OUTER_BOUND('',#407,.T.);
#152=FACE_OUTER_BOUND('',#408,.T.);
#153=FACE_OUTER_BOUND('',#409,.T.);
#154=FACE_OUTER_BOUND('',#410,.T.);
#155=FACE_OUTER_BOUND('',#411,.T.);
#156=FACE_OUTER_BOUND('',#412,.T.);
#157=FACE_OUTER_BOUND('',#413,.T.);
#158=FACE_OUTER_BOUND('',#414,.T.);
#159=FACE_OUTER_BOUND('',#415,.T.);
#160=FACE_OUTER_BOUND('',#416,.T.);
#161=FACE_OUTER_BOUND('',#417,.T.);
#162=FACE_OUTER_BOUND('',#418,.T.);
#163=FACE_OUTER_BOUND('',#419,.T.);
#164=FACE_OUTER_BOUND('',#420,.T.);
#165=FACE_OUTER_BOUND('',#421,.T.);
#166=FACE_OUTER_BOUND('',#422,.T.);
#167=FACE_OUTER_BOUND('',#423,.T.);
#168=FACE_OUTER_BOUND('',#424,.T.);
#169=FACE_OUTER_BOUND('',#425,.T.);
#170=FACE_OUTER_BOUND('',#426,.T.);
#171=FACE_OUTER_BOUND('',#427,.T.);
#172=FACE_OUTER_BOUND('',#428,.T.);
#173=FACE_OUTER_BOUND('',#429,.T.);
#174=FACE_OUTER_BOUND('',#430,.T.);
#175=FACE_OUTER_BOUND('',#431,.T.);
#176=FACE_OUTER_BOUND('',#432,.T.);
#177=FACE_OUTER_BOUND('',#433,.T.);
#178=FACE_OUTER_BOUND('',#434,.T.);
#179=FACE_OUTER_BOUND('',#435,.T.);
#180=FACE_OUTER_BOUND('',#436,.T.);
#181=FACE_OUTER_BOUND('',#437,.T.);
#182=FACE_OUTER_BOUND('',#438,.T.);
#183=FACE_OUTER_BOUND('',#439,.T.);
#184=FACE_OUTER_BOUND('',#440,.T.);
#185=FACE_OUTER_BOUND('',#441,.T.);
#186=FACE_OUTER_BOUND('',#442,.T.);
#187=FACE_OUTER_BOUND('',#443,.T.);
#188=FACE_OUTER_BOUND('',#444,.T.);
#189=FACE_OUTER_BOUND('',#445,.T.);
#190=FACE_OUTER_BOUND('',#446,.T.);
#191=FACE_OUTER_BOUND('',#447,.T.);
#192=FACE_OUTER_BOUND('',#448,.T.);
#193=FACE_OUTER_BOUND('',#449,.T.);
#194=FACE_OUTER_BOUND('',#450,.T.);
#195=FACE_OUTER_BOUND('',#451,.T.);
#196=FACE_OUTER_BOUND('',#452,.T.);
#197=FACE_OUTER_BOUND('',#453,.T.);
#198=FACE_OUTER_BOUND('',#454,.T.);
#199=FACE_OUTER_BOUND('',#455,.T.);
#200=FACE_OUTER_BOUND('',#456,.T.);
#201=FACE_OUTER_BOUND('',#457,.T.);
#202=FACE_OUTER_BOUND('',#458,.T.);
#203=FACE_OUTER_BOUND('',#459,.T.);
#204=FACE_OUTER_BOUND('',#460,.T.);
#205=FACE_OUTER_BOUND('',#461,.T.);
#206=FACE_OUTER_BOUND('',#462,.T.);
#207=FACE_OUTER_BOUND('',#463,.T.);
#208=FACE_OUTER_BOUND('',#464,.T.);
#209=FACE_OUTER_BOUND('',#465,.T.);
#210=FACE_OUTER_BOUND('',#466,.T.);
#211=FACE_OUTER_BOUND('',#467,.T.);
#212=FACE_OUTER_BOUND('',#468,.T.);
#213=FACE_OUTER_BOUND('',#469,.T.);
#214=FACE_OUTER_BOUND('',#470,.T.);
#215=FACE_OUTER_BOUND('',#471,.T.);
#216=FACE_OUTER_BOUND('',#497,.T.);
#217=FACE_OUTER_BOUND('',#523,.T.);
#218=FACE_OUTER_BOUND('',#524,.T.);
#219=FACE_OUTER_BOUND('',#525,.T.);
#220=FACE_OUTER_BOUND('',#526,.T.);
#221=FACE_OUTER_BOUND('',#527,.T.);
#222=FACE_OUTER_BOUND('',#528,.T.);
#223=FACE_OUTER_BOUND('',#529,.T.);
#224=FACE_OUTER_BOUND('',#530,.T.);
#225=FACE_OUTER_BOUND('',#531,.T.);
#226=FACE_OUTER_BOUND('',#532,.T.);
#227=FACE_OUTER_BOUND('',#533,.T.);
#228=FACE_OUTER_BOUND('',#534,.T.);
#229=FACE_OUTER_BOUND('',#535,.T.);
#230=FACE_OUTER_BOUND('',#536,.T.);
#231=FACE_OUTER_BOUND('',#537,.T.);
#232=FACE_OUTER_BOUND('',#538,.T.);
#233=FACE_OUTER_BOUND('',#539,.T.);
#234=FACE_OUTER_BOUND('',#540,.T.);
#235=FACE_OUTER_BOUND('',#541,.T.);
#236=FACE_OUTER_BOUND('',#542,.T.);
#237=FACE_OUTER_BOUND('',#543,.T.);
#238=FACE_OUTER_BOUND('',#544,.T.);
#239=FACE_OUTER_BOUND('',#545,.T.);
#240=FACE_OUTER_BOUND('',#546,.T.);
#241=FACE_OUTER_BOUND('',#547,.T.);
#242=FACE_OUTER_BOUND('',#548,.T.);
#243=FACE_OUTER_BOUND('',#549,.T.);
#244=FACE_OUTER_BOUND('',#550,.T.);
#245=FACE_OUTER_BOUND('',#551,.T.);
#246=FACE_OUTER_BOUND('',#552,.T.);
#247=FACE_OUTER_BOUND('',#553,.T.);
#248=FACE_OUTER_BOUND('',#554,.T.);
#249=FACE_OUTER_BOUND('',#555,.T.);
#250=FACE_OUTER_BOUND('',#556,.T.);
#251=FACE_OUTER_BOUND('',#557,.T.);
#252=FACE_OUTER_BOUND('',#558,.T.);
#253=FACE_OUTER_BOUND('',#559,.T.);
#254=FACE_OUTER_BOUND('',#560,.T.);
#255=FACE_OUTER_BOUND('',#561,.T.);
#256=FACE_OUTER_BOUND('',#562,.T.);
#257=FACE_OUTER_BOUND('',#563,.T.);
#258=FACE_OUTER_BOUND('',#564,.T.);
#259=FACE_OUTER_BOUND('',#565,.T.);
#260=FACE_OUTER_BOUND('',#566,.T.);
#261=FACE_OUTER_BOUND('',#567,.T.);
#262=FACE_OUTER_BOUND('',#568,.T.);
#263=FACE_OUTER_BOUND('',#569,.T.);
#264=FACE_OUTER_BOUND('',#570,.T.);
#265=FACE_OUTER_BOUND('',#571,.T.);
#266=FACE_OUTER_BOUND('',#572,.T.);
#267=FACE_OUTER_BOUND('',#573,.T.);
#268=FACE_OUTER_BOUND('',#574,.T.);
#269=FACE_OUTER_BOUND('',#575,.T.);
#270=FACE_OUTER_BOUND('',#576,.T.);
#271=FACE_OUTER_BOUND('',#577,.T.);
#272=FACE_OUTER_BOUND('',#578,.T.);
#273=FACE_OUTER_BOUND('',#579,.T.);
#274=FACE_OUTER_BOUND('',#580,.T.);
#275=FACE_OUTER_BOUND('',#581,.T.);
#276=FACE_OUTER_BOUND('',#582,.T.);
#277=FACE_OUTER_BOUND('',#583,.T.);
#278=FACE_OUTER_BOUND('',#584,.T.);
#279=FACE_OUTER_BOUND('',#585,.T.);
#280=FACE_OUTER_BOUND('',#586,.T.);
#281=FACE_OUTER_BOUND('',#587,.T.);
#282=FACE_OUTER_BOUND('',#588,.T.);
#283=FACE_OUTER_BOUND('',#589,.T.);
#284=FACE_OUTER_BOUND('',#590,.T.);
#285=FACE_OUTER_BOUND('',#591,.T.);
#286=FACE_OUTER_BOUND('',#592,.T.);
#287=FACE_OUTER_BOUND('',#593,.T.);
#288=FACE_OUTER_BOUND('',#594,.T.);
#289=FACE_OUTER_BOUND('',#595,.T.);
#290=FACE_OUTER_BOUND('',#596,.T.);
#291=FACE_OUTER_BOUND('',#597,.T.);
#292=FACE_OUTER_BOUND('',#598,.T.);
#293=FACE_OUTER_BOUND('',#599,.T.);
#294=FACE_OUTER_BOUND('',#600,.T.);
#295=FACE_OUTER_BOUND('',#601,.T.);
#296=FACE_OUTER_BOUND('',#602,.T.);
#297=FACE_OUTER_BOUND('',#603,.T.);
#298=FACE_OUTER_BOUND('',#604,.T.);
#299=FACE_OUTER_BOUND('',#605,.T.);
#300=FACE_OUTER_BOUND('',#606,.T.);
#301=FACE_OUTER_BOUND('',#607,.T.);
#302=FACE_OUTER_BOUND('',#608,.T.);
#303=FACE_OUTER_BOUND('',#609,.T.);
#304=FACE_OUTER_BOUND('',#610,.T.);
#305=FACE_OUTER_BOUND('',#611,.T.);
#306=FACE_OUTER_BOUND('',#612,.T.);
#307=FACE_OUTER_BOUND('',#613,.T.);
#308=FACE_OUTER_BOUND('',#614,.T.);
#309=FACE_OUTER_BOUND('',#615,.T.);
#310=FACE_OUTER_BOUND('',#616,.T.);
#311=FACE_OUTER_BOUND('',#617,.T.);
#312=FACE_OUTER_BOUND('',#618,.T.);
#313=FACE_OUTER_BOUND('',#619,.T.);
#314=FACE_OUTER_BOUND('',#620,.T.);
#315=FACE_OUTER_BOUND('',#621,.T.);
#316=FACE_OUTER_BOUND('',#622,.T.);
#317=FACE_OUTER_BOUND('',#623,.T.);
#318=FACE_OUTER_BOUND('',#624,.T.);
#319=FACE_OUTER_BOUND('',#625,.T.);
#320=FACE_OUTER_BOUND('',#626,.T.);
#321=FACE_OUTER_BOUND('',#627,.T.);
#322=FACE_OUTER_BOUND('',#628,.T.);
#323=FACE_OUTER_BOUND('',#629,.T.);
#324=FACE_OUTER_BOUND('',#630,.T.);
#325=FACE_OUTER_BOUND('',#631,.T.);
#326=FACE_OUTER_BOUND('',#632,.T.);
#327=FACE_OUTER_BOUND('',#633,.T.);
#328=FACE_OUTER_BOUND('',#634,.T.);
#329=FACE_OUTER_BOUND('',#635,.T.);
#330=FACE_OUTER_BOUND('',#636,.T.);
#331=FACE_OUTER_BOUND('',#637,.T.);
#332=FACE_OUTER_BOUND('',#638,.T.);
#333=FACE_OUTER_BOUND('',#639,.T.);
#334=FACE_OUTER_BOUND('',#640,.T.);
#335=FACE_OUTER_BOUND('',#641,.T.);
#336=FACE_OUTER_BOUND('',#642,.T.);
#337=FACE_OUTER_BOUND('',#643,.T.);
#338=FACE_OUTER_BOUND('',#644,.T.);
#339=FACE_OUTER_BOUND('',#645,.T.);
#340=FACE_OUTER_BOUND('',#646,.T.);
#341=FACE_OUTER_BOUND('',#647,.T.);
#342=FACE_OUTER_BOUND('',#648,.T.);
#343=FACE_OUTER_BOUND('',#649,.T.);
#344=FACE_OUTER_BOUND('',#650,.T.);
#345=FACE_OUTER_BOUND('',#651,.T.);
#346=FACE_OUTER_BOUND('',#652,.T.);
#347=FACE_OUTER_BOUND('',#653,.T.);
#348=FACE_OUTER_BOUND('',#654,.T.);
#349=FACE_OUTER_BOUND('',#655,.T.);
#350=FACE_OUTER_BOUND('',#656,.T.);
#351=FACE_OUTER_BOUND('',#657,.T.);
#352=FACE_OUTER_BOUND('',#658,.T.);
#353=FACE_OUTER_BOUND('',#659,.T.);
#354=FACE_OUTER_BOUND('',#660,.T.);
#355=FACE_OUTER_BOUND('',#661,.T.);
#356=FACE_OUTER_BOUND('',#662,.T.);
#357=FACE_OUTER_BOUND('',#663,.T.);
#358=FACE_OUTER_BOUND('',#664,.T.);
#359=FACE_OUTER_BOUND('',#665,.T.);
#360=FACE_OUTER_BOUND('',#666,.T.);
#361=FACE_OUTER_BOUND('',#667,.T.);
#362=FACE_OUTER_BOUND('',#668,.T.);
#363=FACE_OUTER_BOUND('',#669,.T.);
#364=FACE_OUTER_BOUND('',#670,.T.);
#365=FACE_OUTER_BOUND('',#671,.T.);
#366=FACE_OUTER_BOUND('',#672,.T.);
#367=FACE_OUTER_BOUND('',#673,.T.);
#368=FACE_OUTER_BOUND('',#674,.T.);
#369=FACE_OUTER_BOUND('',#675,.T.);
#370=FACE_OUTER_BOUND('',#676,.T.);
#371=EDGE_LOOP('',(#2921,#2922,#2923,#2924));
#372=EDGE_LOOP('',(#2925,#2926,#2927,#2928));
#373=EDGE_LOOP('',(#2929,#2930,#2931,#2932));
#374=EDGE_LOOP('',(#2933,#2934,#2935,#2936));
#375=EDGE_LOOP('',(#2937,#2938,#2939,#2940));
#376=EDGE_LOOP('',(#2941,#2942,#2943,#2944));
#377=EDGE_LOOP('',(#2945,#2946,#2947,#2948));
#378=EDGE_LOOP('',(#2949,#2950,#2951,#2952));
#379=EDGE_LOOP('',(#2953,#2954,#2955,#2956));
#380=EDGE_LOOP('',(#2957,#2958,#2959,#2960));
#381=EDGE_LOOP('',(#2961,#2962,#2963,#2964));
#382=EDGE_LOOP('',(#2965,#2966,#2967,#2968));
#383=EDGE_LOOP('',(#2969,#2970,#2971,#2972));
#384=EDGE_LOOP('',(#2973,#2974,#2975,#2976));
#385=EDGE_LOOP('',(#2977,#2978,#2979,#2980));
#386=EDGE_LOOP('',(#2981,#2982,#2983,#2984));
#387=EDGE_LOOP('',(#2985,#2986,#2987,#2988));
#388=EDGE_LOOP('',(#2989,#2990,#2991,#2992));
#389=EDGE_LOOP('',(#2993,#2994,#2995,#2996));
#390=EDGE_LOOP('',(#2997,#2998,#2999,#3000));
#391=EDGE_LOOP('',(#3001,#3002,#3003,#3004));
#392=EDGE_LOOP('',(#3005,#3006,#3007,#3008));
#393=EDGE_LOOP('',(#3009,#3010,#3011,#3012));
#394=EDGE_LOOP('',(#3013,#3014,#3015,#3016));
#395=EDGE_LOOP('',(#3017,#3018,#3019,#3020));
#396=EDGE_LOOP('',(#3021,#3022,#3023,#3024));
#397=EDGE_LOOP('',(#3025,#3026,#3027,#3028));
#398=EDGE_LOOP('',(#3029,#3030,#3031,#3032));
#399=EDGE_LOOP('',(#3033,#3034,#3035,#3036));
#400=EDGE_LOOP('',(#3037,#3038,#3039,#3040));
#401=EDGE_LOOP('',(#3041,#3042,#3043,#3044));
#402=EDGE_LOOP('',(#3045,#3046,#3047,#3048));
#403=EDGE_LOOP('',(#3049,#3050,#3051,#3052));
#404=EDGE_LOOP('',(#3053,#3054,#3055,#3056));
#405=EDGE_LOOP('',(#3057,#3058,#3059,#3060));
#406=EDGE_LOOP('',(#3061,#3062,#3063,#3064));
#407=EDGE_LOOP('',(#3065,#3066,#3067,#3068));
#408=EDGE_LOOP('',(#3069,#3070,#3071,#3072));
#409=EDGE_LOOP('',(#3073,#3074,#3075,#3076));
#410=EDGE_LOOP('',(#3077,#3078,#3079,#3080));
#411=EDGE_LOOP('',(#3081,#3082,#3083,#3084));
#412=EDGE_LOOP('',(#3085,#3086,#3087,#3088));
#413=EDGE_LOOP('',(#3089,#3090,#3091,#3092));
#414=EDGE_LOOP('',(#3093,#3094,#3095,#3096));
#415=EDGE_LOOP('',(#3097,#3098,#3099,#3100));
#416=EDGE_LOOP('',(#3101,#3102,#3103,#3104));
#417=EDGE_LOOP('',(#3105,#3106,#3107,#3108));
#418=EDGE_LOOP('',(#3109,#3110,#3111,#3112));
#419=EDGE_LOOP('',(#3113,#3114,#3115,#3116));
#420=EDGE_LOOP('',(#3117,#3118,#3119,#3120));
#421=EDGE_LOOP('',(#3121,#3122,#3123,#3124));
#422=EDGE_LOOP('',(#3125,#3126,#3127,#3128));
#423=EDGE_LOOP('',(#3129,#3130,#3131,#3132));
#424=EDGE_LOOP('',(#3133,#3134,#3135,#3136));
#425=EDGE_LOOP('',(#3137,#3138,#3139,#3140));
#426=EDGE_LOOP('',(#3141,#3142,#3143,#3144));
#427=EDGE_LOOP('',(#3145,#3146,#3147,#3148));
#428=EDGE_LOOP('',(#3149,#3150,#3151,#3152));
#429=EDGE_LOOP('',(#3153,#3154,#3155,#3156));
#430=EDGE_LOOP('',(#3157,#3158,#3159,#3160));
#431=EDGE_LOOP('',(#3161,#3162,#3163,#3164));
#432=EDGE_LOOP('',(#3165,#3166,#3167,#3168));
#433=EDGE_LOOP('',(#3169,#3170,#3171,#3172));
#434=EDGE_LOOP('',(#3173,#3174,#3175,#3176));
#435=EDGE_LOOP('',(#3177,#3178,#3179,#3180));
#436=EDGE_LOOP('',(#3181,#3182,#3183,#3184));
#437=EDGE_LOOP('',(#3185,#3186,#3187,#3188));
#438=EDGE_LOOP('',(#3189,#3190,#3191,#3192));
#439=EDGE_LOOP('',(#3193,#3194,#3195,#3196));
#440=EDGE_LOOP('',(#3197,#3198,#3199,#3200));
#441=EDGE_LOOP('',(#3201,#3202,#3203,#3204));
#442=EDGE_LOOP('',(#3205,#3206,#3207,#3208));
#443=EDGE_LOOP('',(#3209,#3210,#3211,#3212));
#444=EDGE_LOOP('',(#3213,#3214,#3215,#3216));
#445=EDGE_LOOP('',(#3217,#3218,#3219,#3220));
#446=EDGE_LOOP('',(#3221,#3222,#3223,#3224));
#447=EDGE_LOOP('',(#3225,#3226,#3227,#3228));
#448=EDGE_LOOP('',(#3229,#3230,#3231,#3232));
#449=EDGE_LOOP('',(#3233,#3234,#3235,#3236));
#450=EDGE_LOOP('',(#3237,#3238,#3239,#3240));
#451=EDGE_LOOP('',(#3241,#3242,#3243,#3244));
#452=EDGE_LOOP('',(#3245,#3246,#3247,#3248));
#453=EDGE_LOOP('',(#3249,#3250,#3251,#3252));
#454=EDGE_LOOP('',(#3253,#3254,#3255,#3256));
#455=EDGE_LOOP('',(#3257,#3258,#3259,#3260));
#456=EDGE_LOOP('',(#3261,#3262,#3263,#3264));
#457=EDGE_LOOP('',(#3265,#3266,#3267,#3268));
#458=EDGE_LOOP('',(#3269,#3270,#3271,#3272));
#459=EDGE_LOOP('',(#3273,#3274,#3275,#3276));
#460=EDGE_LOOP('',(#3277,#3278,#3279,#3280));
#461=EDGE_LOOP('',(#3281,#3282,#3283,#3284));
#462=EDGE_LOOP('',(#3285,#3286,#3287,#3288));
#463=EDGE_LOOP('',(#3289,#3290,#3291,#3292));
#464=EDGE_LOOP('',(#3293,#3294,#3295,#3296));
#465=EDGE_LOOP('',(#3297,#3298,#3299,#3300));
#466=EDGE_LOOP('',(#3301,#3302,#3303,#3304));
#467=EDGE_LOOP('',(#3305,#3306,#3307,#3308));
#468=EDGE_LOOP('',(#3309,#3310,#3311,#3312));
#469=EDGE_LOOP('',(#3313,#3314,#3315,#3316));
#470=EDGE_LOOP('',(#3317,#3318,#3319,#3320));
#471=EDGE_LOOP('',(#3321,#3322,#3323,#3324));
#472=EDGE_LOOP('',(#3325,#3326,#3327,#3328));
#473=EDGE_LOOP('',(#3329,#3330,#3331,#3332));
#474=EDGE_LOOP('',(#3333,#3334,#3335,#3336));
#475=EDGE_LOOP('',(#3337,#3338,#3339,#3340));
#476=EDGE_LOOP('',(#3341,#3342,#3343,#3344));
#477=EDGE_LOOP('',(#3345,#3346,#3347,#3348));
#478=EDGE_LOOP('',(#3349,#3350,#3351,#3352));
#479=EDGE_LOOP('',(#3353,#3354,#3355,#3356));
#480=EDGE_LOOP('',(#3357,#3358,#3359,#3360));
#481=EDGE_LOOP('',(#3361,#3362,#3363,#3364));
#482=EDGE_LOOP('',(#3365,#3366,#3367,#3368));
#483=EDGE_LOOP('',(#3369,#3370,#3371,#3372));
#484=EDGE_LOOP('',(#3373,#3374,#3375,#3376));
#485=EDGE_LOOP('',(#3377,#3378,#3379,#3380));
#486=EDGE_LOOP('',(#3381,#3382,#3383,#3384));
#487=EDGE_LOOP('',(#3385,#3386,#3387,#3388));
#488=EDGE_LOOP('',(#3389,#3390,#3391,#3392));
#489=EDGE_LOOP('',(#3393,#3394,#3395,#3396));
#490=EDGE_LOOP('',(#3397,#3398,#3399,#3400));
#491=EDGE_LOOP('',(#3401,#3402,#3403,#3404));
#492=EDGE_LOOP('',(#3405,#3406,#3407,#3408));
#493=EDGE_LOOP('',(#3409,#3410,#3411,#3412));
#494=EDGE_LOOP('',(#3413,#3414,#3415,#3416));
#495=EDGE_LOOP('',(#3417,#3418,#3419,#3420));
#496=EDGE_LOOP('',(#3421,#3422,#3423,#3424));
#497=EDGE_LOOP('',(#3425,#3426,#3427,#3428));
#498=EDGE_LOOP('',(#3429,#3430,#3431,#3432));
#499=EDGE_LOOP('',(#3433,#3434,#3435,#3436));
#500=EDGE_LOOP('',(#3437,#3438,#3439,#3440));
#501=EDGE_LOOP('',(#3441,#3442,#3443,#3444));
#502=EDGE_LOOP('',(#3445,#3446,#3447,#3448));
#503=EDGE_LOOP('',(#3449,#3450,#3451,#3452));
#504=EDGE_LOOP('',(#3453,#3454,#3455,#3456));
#505=EDGE_LOOP('',(#3457,#3458,#3459,#3460));
#506=EDGE_LOOP('',(#3461,#3462,#3463,#3464));
#507=EDGE_LOOP('',(#3465,#3466,#3467,#3468));
#508=EDGE_LOOP('',(#3469,#3470,#3471,#3472));
#509=EDGE_LOOP('',(#3473,#3474,#3475,#3476));
#510=EDGE_LOOP('',(#3477,#3478,#3479,#3480));
#511=EDGE_LOOP('',(#3481,#3482,#3483,#3484));
#512=EDGE_LOOP('',(#3485,#3486,#3487,#3488));
#513=EDGE_LOOP('',(#3489,#3490,#3491,#3492));
#514=EDGE_LOOP('',(#3493,#3494,#3495,#3496));
#515=EDGE_LOOP('',(#3497,#3498,#3499,#3500));
#516=EDGE_LOOP('',(#3501,#3502,#3503,#3504));
#517=EDGE_LOOP('',(#3505,#3506,#3507,#3508));
#518=EDGE_LOOP('',(#3509,#3510,#3511,#3512));
#519=EDGE_LOOP('',(#3513,#3514,#3515,#3516));
#520=EDGE_LOOP('',(#3517,#3518,#3519,#3520));
#521=EDGE_LOOP('',(#3521,#3522,#3523,#3524));
#522=EDGE_LOOP('',(#3525,#3526,#3527,#3528));
#523=EDGE_LOOP('',(#3529,#3530,#3531,#3532));
#524=EDGE_LOOP('',(#3533,#3534,#3535,#3536));
#525=EDGE_LOOP('',(#3537,#3538,#3539,#3540));
#526=EDGE_LOOP('',(#3541,#3542,#3543,#3544));
#527=EDGE_LOOP('',(#3545,#3546,#3547,#3548));
#528=EDGE_LOOP('',(#3549,#3550,#3551,#3552));
#529=EDGE_LOOP('',(#3553,#3554,#3555,#3556));
#530=EDGE_LOOP('',(#3557,#3558,#3559,#3560));
#531=EDGE_LOOP('',(#3561,#3562,#3563,#3564));
#532=EDGE_LOOP('',(#3565,#3566,#3567,#3568));
#533=EDGE_LOOP('',(#3569,#3570,#3571,#3572));
#534=EDGE_LOOP('',(#3573,#3574,#3575,#3576));
#535=EDGE_LOOP('',(#3577,#3578,#3579,#3580));
#536=EDGE_LOOP('',(#3581,#3582,#3583,#3584));
#537=EDGE_LOOP('',(#3585,#3586,#3587,#3588));
#538=EDGE_LOOP('',(#3589,#3590,#3591,#3592));
#539=EDGE_LOOP('',(#3593,#3594,#3595,#3596));
#540=EDGE_LOOP('',(#3597,#3598,#3599,#3600));
#541=EDGE_LOOP('',(#3601,#3602,#3603,#3604));
#542=EDGE_LOOP('',(#3605,#3606,#3607,#3608));
#543=EDGE_LOOP('',(#3609,#3610,#3611,#3612));
#544=EDGE_LOOP('',(#3613,#3614,#3615,#3616));
#545=EDGE_LOOP('',(#3617,#3618,#3619,#3620));
#546=EDGE_LOOP('',(#3621,#3622,#3623,#3624));
#547=EDGE_LOOP('',(#3625,#3626,#3627,#3628));
#548=EDGE_LOOP('',(#3629,#3630,#3631,#3632));
#549=EDGE_LOOP('',(#3633,#3634,#3635,#3636));
#550=EDGE_LOOP('',(#3637,#3638,#3639,#3640));
#551=EDGE_LOOP('',(#3641,#3642,#3643,#3644));
#552=EDGE_LOOP('',(#3645,#3646,#3647,#3648));
#553=EDGE_LOOP('',(#3649,#3650,#3651,#3652));
#554=EDGE_LOOP('',(#3653,#3654,#3655,#3656));
#555=EDGE_LOOP('',(#3657,#3658,#3659,#3660));
#556=EDGE_LOOP('',(#3661,#3662,#3663,#3664));
#557=EDGE_LOOP('',(#3665,#3666,#3667,#3668));
#558=EDGE_LOOP('',(#3669,#3670,#3671,#3672));
#559=EDGE_LOOP('',(#3673,#3674,#3675,#3676));
#560=EDGE_LOOP('',(#3677,#3678,#3679,#3680));
#561=EDGE_LOOP('',(#3681,#3682,#3683,#3684));
#562=EDGE_LOOP('',(#3685,#3686,#3687,#3688));
#563=EDGE_LOOP('',(#3689,#3690,#3691,#3692));
#564=EDGE_LOOP('',(#3693,#3694,#3695,#3696));
#565=EDGE_LOOP('',(#3697,#3698,#3699,#3700));
#566=EDGE_LOOP('',(#3701,#3702,#3703,#3704));
#567=EDGE_LOOP('',(#3705,#3706,#3707,#3708));
#568=EDGE_LOOP('',(#3709,#3710,#3711,#3712));
#569=EDGE_LOOP('',(#3713,#3714,#3715,#3716));
#570=EDGE_LOOP('',(#3717,#3718,#3719,#3720));
#571=EDGE_LOOP('',(#3721,#3722,#3723,#3724));
#572=EDGE_LOOP('',(#3725,#3726,#3727,#3728));
#573=EDGE_LOOP('',(#3729,#3730,#3731,#3732));
#574=EDGE_LOOP('',(#3733,#3734,#3735,#3736));
#575=EDGE_LOOP('',(#3737,#3738,#3739,#3740));
#576=EDGE_LOOP('',(#3741,#3742,#3743,#3744));
#577=EDGE_LOOP('',(#3745,#3746,#3747,#3748));
#578=EDGE_LOOP('',(#3749,#3750,#3751,#3752));
#579=EDGE_LOOP('',(#3753,#3754,#3755,#3756));
#580=EDGE_LOOP('',(#3757,#3758,#3759,#3760));
#581=EDGE_LOOP('',(#3761,#3762,#3763,#3764));
#582=EDGE_LOOP('',(#3765,#3766,#3767,#3768));
#583=EDGE_LOOP('',(#3769,#3770,#3771,#3772));
#584=EDGE_LOOP('',(#3773,#3774,#3775,#3776));
#585=EDGE_LOOP('',(#3777,#3778,#3779,#3780));
#586=EDGE_LOOP('',(#3781,#3782,#3783,#3784));
#587=EDGE_LOOP('',(#3785,#3786,#3787,#3788));
#588=EDGE_LOOP('',(#3789,#3790,#3791,#3792));
#589=EDGE_LOOP('',(#3793,#3794,#3795,#3796));
#590=EDGE_LOOP('',(#3797,#3798,#3799,#3800));
#591=EDGE_LOOP('',(#3801,#3802,#3803,#3804));
#592=EDGE_LOOP('',(#3805,#3806,#3807,#3808));
#593=EDGE_LOOP('',(#3809,#3810,#3811,#3812));
#594=EDGE_LOOP('',(#3813,#3814,#3815,#3816));
#595=EDGE_LOOP('',(#3817,#3818,#3819,#3820));
#596=EDGE_LOOP('',(#3821,#3822,#3823,#3824));
#597=EDGE_LOOP('',(#3825,#3826,#3827,#3828));
#598=EDGE_LOOP('',(#3829,#3830,#3831,#3832));
#599=EDGE_LOOP('',(#3833,#3834,#3835,#3836));
#600=EDGE_LOOP('',(#3837,#3838,#3839,#3840));
#601=EDGE_LOOP('',(#3841,#3842,#3843,#3844));
#602=EDGE_LOOP('',(#3845,#3846,#3847,#3848));
#603=EDGE_LOOP('',(#3849,#3850,#3851,#3852));
#604=EDGE_LOOP('',(#3853,#3854,#3855,#3856));
#605=EDGE_LOOP('',(#3857,#3858,#3859,#3860));
#606=EDGE_LOOP('',(#3861,#3862,#3863,#3864));
#607=EDGE_LOOP('',(#3865,#3866,#3867,#3868));
#608=EDGE_LOOP('',(#3869,#3870,#3871,#3872));
#609=EDGE_LOOP('',(#3873,#3874,#3875,#3876));
#610=EDGE_LOOP('',(#3877,#3878,#3879,#3880));
#611=EDGE_LOOP('',(#3881,#3882,#3883,#3884));
#612=EDGE_LOOP('',(#3885,#3886,#3887,#3888));
#613=EDGE_LOOP('',(#3889,#3890,#3891,#3892));
#614=EDGE_LOOP('',(#3893,#3894,#3895,#3896));
#615=EDGE_LOOP('',(#3897,#3898,#3899,#3900));
#616=EDGE_LOOP('',(#3901,#3902,#3903,#3904));
#617=EDGE_LOOP('',(#3905,#3906,#3907,#3908));
#618=EDGE_LOOP('',(#3909,#3910,#3911,#3912));
#619=EDGE_LOOP('',(#3913,#3914,#3915,#3916));
#620=EDGE_LOOP('',(#3917,#3918,#3919,#3920));
#621=EDGE_LOOP('',(#3921,#3922,#3923,#3924));
#622=EDGE_LOOP('',(#3925,#3926,#3927,#3928));
#623=EDGE_LOOP('',(#3929,#3930,#3931,#3932));
#624=EDGE_LOOP('',(#3933,#3934,#3935,#3936));
#625=EDGE_LOOP('',(#3937,#3938,#3939,#3940));
#626=EDGE_LOOP('',(#3941,#3942,#3943,#3944));
#627=EDGE_LOOP('',(#3945,#3946,#3947,#3948));
#628=EDGE_LOOP('',(#3949,#3950,#3951,#3952));
#629=EDGE_LOOP('',(#3953,#3954,#3955,#3956));
#630=EDGE_LOOP('',(#3957,#3958,#3959,#3960));
#631=EDGE_LOOP('',(#3961,#3962,#3963,#3964));
#632=EDGE_LOOP('',(#3965,#3966,#3967,#3968));
#633=EDGE_LOOP('',(#3969,#3970,#3971,#3972));
#634=EDGE_LOOP('',(#3973,#3974,#3975,#3976));
#635=EDGE_LOOP('',(#3977,#3978,#3979,#3980));
#636=EDGE_LOOP('',(#3981,#3982,#3983,#3984));
#637=EDGE_LOOP('',(#3985,#3986,#3987,#3988));
#638=EDGE_LOOP('',(#3989,#3990,#3991,#3992));
#639=EDGE_LOOP('',(#3993,#3994,#3995,#3996));
#640=EDGE_LOOP('',(#3997,#3998,#3999,#4000));
#641=EDGE_LOOP('',(#4001,#4002,#4003,#4004));
#642=EDGE_LOOP('',(#4005,#4006,#4007,#4008));
#643=EDGE_LOOP('',(#4009,#4010,#4011,#4012));
#644=EDGE_LOOP('',(#4013,#4014,#4015,#4016));
#645=EDGE_LOOP('',(#4017,#4018,#4019,#4020));
#646=EDGE_LOOP('',(#4021,#4022,#4023,#4024));
#647=EDGE_LOOP('',(#4025,#4026,#4027,#4028));
#648=EDGE_LOOP('',(#4029,#4030,#4031,#4032));
#649=EDGE_LOOP('',(#4033,#4034,#4035,#4036));
#650=EDGE_LOOP('',(#4037,#4038,#4039,#4040));
#651=EDGE_LOOP('',(#4041,#4042,#4043,#4044));
#652=EDGE_LOOP('',(#4045,#4046,#4047,#4048));
#653=EDGE_LOOP('',(#4049,#4050,#4051,#4052));
#654=EDGE_LOOP('',(#4053,#4054,#4055,#4056));
#655=EDGE_LOOP('',(#4057,#4058,#4059,#4060));
#656=EDGE_LOOP('',(#4061,#4062,#4063,#4064));
#657=EDGE_LOOP('',(#4065,#4066,#4067,#4068));
#658=EDGE_LOOP('',(#4069,#4070,#4071,#4072));
#659=EDGE_LOOP('',(#4073,#4074,#4075,#4076));
#660=EDGE_LOOP('',(#4077,#4078,#4079,#4080));
#661=EDGE_LOOP('',(#4081,#4082,#4083,#4084));
#662=EDGE_LOOP('',(#4085,#4086,#4087,#4088));
#663=EDGE_LOOP('',(#4089,#4090,#4091,#4092));
#664=EDGE_LOOP('',(#4093,#4094,#4095,#4096));
#665=EDGE_LOOP('',(#4097,#4098,#4099,#4100));
#666=EDGE_LOOP('',(#4101,#4102,#4103,#4104));
#667=EDGE_LOOP('',(#4105,#4106,#4107,#4108));
#668=EDGE_LOOP('',(#4109,#4110,#4111,#4112));
#669=EDGE_LOOP('',(#4113,#4114,#4115,#4116));
#670=EDGE_LOOP('',(#4117,#4118,#4119,#4120));
#671=EDGE_LOOP('',(#4121,#4122,#4123,#4124));
#672=EDGE_LOOP('',(#4125,#4126,#4127,#4128));
#673=EDGE_LOOP('',(#4129,#4130,#4131,#4132));
#674=EDGE_LOOP('',(#4133,#4134,#4135,#4136));
#675=EDGE_LOOP('',(#4137,#4138,#4139,#4140));
#676=EDGE_LOOP('',(#4141,#4142,#4143,#4144));
#677=LINE('',#6082,#1289);
#678=LINE('',#6084,#1290);
#679=LINE('',#6086,#1291);
#680=LINE('',#6087,#1292);
#681=LINE('',#6090,#1293);
#682=LINE('',#6092,#1294);
#683=LINE('',#6093,#1295);
#684=LINE('',#6096,#1296);
#685=LINE('',#6098,#1297);
#686=LINE('',#6099,#1298);
#687=LINE('',#6101,#1299);
#688=LINE('',#6102,#1300);
#689=LINE('',#6106,#1301);
#690=LINE('',#6108,#1302);
#691=LINE('',#6110,#1303);
#692=LINE('',#6111,#1304);
#693=LINE('',#6114,#1305);
#694=LINE('',#6116,#1306);
#695=LINE('',#6117,#1307);
#696=LINE('',#6120,#1308);
#697=LINE('',#6122,#1309);
#698=LINE('',#6123,#1310);
#699=LINE('',#6125,#1311);
#700=LINE('',#6126,#1312);
#701=LINE('',#6130,#1313);
#702=LINE('',#6132,#1314);
#703=LINE('',#6134,#1315);
#704=LINE('',#6135,#1316);
#705=LINE('',#6138,#1317);
#706=LINE('',#6140,#1318);
#707=LINE('',#6141,#1319);
#708=LINE('',#6144,#1320);
#709=LINE('',#6146,#1321);
#710=LINE('',#6147,#1322);
#711=LINE('',#6149,#1323);
#712=LINE('',#6150,#1324);
#713=LINE('',#6154,#1325);
#714=LINE('',#6156,#1326);
#715=LINE('',#6158,#1327);
#716=LINE('',#6159,#1328);
#717=LINE('',#6162,#1329);
#718=LINE('',#6164,#1330);
#719=LINE('',#6165,#1331);
#720=LINE('',#6168,#1332);
#721=LINE('',#6170,#1333);
#722=LINE('',#6171,#1334);
#723=LINE('',#6173,#1335);
#724=LINE('',#6174,#1336);
#725=LINE('',#6178,#1337);
#726=LINE('',#6180,#1338);
#727=LINE('',#6182,#1339);
#728=LINE('',#6183,#1340);
#729=LINE('',#6186,#1341);
#730=LINE('',#6188,#1342);
#731=LINE('',#6189,#1343);
#732=LINE('',#6192,#1344);
#733=LINE('',#6194,#1345);
#734=LINE('',#6195,#1346);
#735=LINE('',#6197,#1347);
#736=LINE('',#6198,#1348);
#737=LINE('',#6202,#1349);
#738=LINE('',#6204,#1350);
#739=LINE('',#6206,#1351);
#740=LINE('',#6207,#1352);
#741=LINE('',#6210,#1353);
#742=LINE('',#6212,#1354);
#743=LINE('',#6213,#1355);
#744=LINE('',#6216,#1356);
#745=LINE('',#6218,#1357);
#746=LINE('',#6219,#1358);
#747=LINE('',#6221,#1359);
#748=LINE('',#6222,#1360);
#749=LINE('',#6226,#1361);
#750=LINE('',#6228,#1362);
#751=LINE('',#6230,#1363);
#752=LINE('',#6231,#1364);
#753=LINE('',#6234,#1365);
#754=LINE('',#6236,#1366);
#755=LINE('',#6237,#1367);
#756=LINE('',#6240,#1368);
#757=LINE('',#6242,#1369);
#758=LINE('',#6243,#1370);
#759=LINE('',#6245,#1371);
#760=LINE('',#6246,#1372);
#761=LINE('',#6250,#1373);
#762=LINE('',#6252,#1374);
#763=LINE('',#6254,#1375);
#764=LINE('',#6255,#1376);
#765=LINE('',#6258,#1377);
#766=LINE('',#6260,#1378);
#767=LINE('',#6261,#1379);
#768=LINE('',#6264,#1380);
#769=LINE('',#6266,#1381);
#770=LINE('',#6267,#1382);
#771=LINE('',#6269,#1383);
#772=LINE('',#6270,#1384);
#773=LINE('',#6274,#1385);
#774=LINE('',#6276,#1386);
#775=LINE('',#6278,#1387);
#776=LINE('',#6279,#1388);
#777=LINE('',#6282,#1389);
#778=LINE('',#6284,#1390);
#779=LINE('',#6285,#1391);
#780=LINE('',#6288,#1392);
#781=LINE('',#6290,#1393);
#782=LINE('',#6291,#1394);
#783=LINE('',#6293,#1395);
#784=LINE('',#6294,#1396);
#785=LINE('',#6298,#1397);
#786=LINE('',#6300,#1398);
#787=LINE('',#6302,#1399);
#788=LINE('',#6303,#1400);
#789=LINE('',#6306,#1401);
#790=LINE('',#6308,#1402);
#791=LINE('',#6309,#1403);
#792=LINE('',#6312,#1404);
#793=LINE('',#6314,#1405);
#794=LINE('',#6315,#1406);
#795=LINE('',#6317,#1407);
#796=LINE('',#6318,#1408);
#797=LINE('',#6322,#1409);
#798=LINE('',#6324,#1410);
#799=LINE('',#6326,#1411);
#800=LINE('',#6327,#1412);
#801=LINE('',#6330,#1413);
#802=LINE('',#6332,#1414);
#803=LINE('',#6333,#1415);
#804=LINE('',#6336,#1416);
#805=LINE('',#6338,#1417);
#806=LINE('',#6339,#1418);
#807=LINE('',#6341,#1419);
#808=LINE('',#6342,#1420);
#809=LINE('',#6346,#1421);
#810=LINE('',#6348,#1422);
#811=LINE('',#6350,#1423);
#812=LINE('',#6351,#1424);
#813=LINE('',#6354,#1425);
#814=LINE('',#6356,#1426);
#815=LINE('',#6357,#1427);
#816=LINE('',#6360,#1428);
#817=LINE('',#6362,#1429);
#818=LINE('',#6363,#1430);
#819=LINE('',#6365,#1431);
#820=LINE('',#6366,#1432);
#821=LINE('',#6370,#1433);
#822=LINE('',#6372,#1434);
#823=LINE('',#6374,#1435);
#824=LINE('',#6375,#1436);
#825=LINE('',#6378,#1437);
#826=LINE('',#6380,#1438);
#827=LINE('',#6381,#1439);
#828=LINE('',#6384,#1440);
#829=LINE('',#6386,#1441);
#830=LINE('',#6387,#1442);
#831=LINE('',#6389,#1443);
#832=LINE('',#6390,#1444);
#833=LINE('',#6394,#1445);
#834=LINE('',#6396,#1446);
#835=LINE('',#6398,#1447);
#836=LINE('',#6399,#1448);
#837=LINE('',#6402,#1449);
#838=LINE('',#6404,#1450);
#839=LINE('',#6405,#1451);
#840=LINE('',#6408,#1452);
#841=LINE('',#6410,#1453);
#842=LINE('',#6411,#1454);
#843=LINE('',#6413,#1455);
#844=LINE('',#6414,#1456);
#845=LINE('',#6418,#1457);
#846=LINE('',#6420,#1458);
#847=LINE('',#6422,#1459);
#848=LINE('',#6423,#1460);
#849=LINE('',#6426,#1461);
#850=LINE('',#6428,#1462);
#851=LINE('',#6429,#1463);
#852=LINE('',#6432,#1464);
#853=LINE('',#6434,#1465);
#854=LINE('',#6435,#1466);
#855=LINE('',#6437,#1467);
#856=LINE('',#6438,#1468);
#857=LINE('',#6442,#1469);
#858=LINE('',#6444,#1470);
#859=LINE('',#6446,#1471);
#860=LINE('',#6447,#1472);
#861=LINE('',#6450,#1473);
#862=LINE('',#6452,#1474);
#863=LINE('',#6453,#1475);
#864=LINE('',#6456,#1476);
#865=LINE('',#6458,#1477);
#866=LINE('',#6459,#1478);
#867=LINE('',#6461,#1479);
#868=LINE('',#6462,#1480);
#869=LINE('',#6466,#1481);
#870=LINE('',#6468,#1482);
#871=LINE('',#6470,#1483);
#872=LINE('',#6471,#1484);
#873=LINE('',#6474,#1485);
#874=LINE('',#6476,#1486);
#875=LINE('',#6477,#1487);
#876=LINE('',#6480,#1488);
#877=LINE('',#6482,#1489);
#878=LINE('',#6483,#1490);
#879=LINE('',#6485,#1491);
#880=LINE('',#6486,#1492);
#881=LINE('',#6490,#1493);
#882=LINE('',#6492,#1494);
#883=LINE('',#6494,#1495);
#884=LINE('',#6495,#1496);
#885=LINE('',#6498,#1497);
#886=LINE('',#6500,#1498);
#887=LINE('',#6501,#1499);
#888=LINE('',#6504,#1500);
#889=LINE('',#6506,#1501);
#890=LINE('',#6507,#1502);
#891=LINE('',#6509,#1503);
#892=LINE('',#6510,#1504);
#893=LINE('',#6514,#1505);
#894=LINE('',#6516,#1506);
#895=LINE('',#6518,#1507);
#896=LINE('',#6519,#1508);
#897=LINE('',#6522,#1509);
#898=LINE('',#6524,#1510);
#899=LINE('',#6525,#1511);
#900=LINE('',#6528,#1512);
#901=LINE('',#6530,#1513);
#902=LINE('',#6531,#1514);
#903=LINE('',#6533,#1515);
#904=LINE('',#6534,#1516);
#905=LINE('',#6538,#1517);
#906=LINE('',#6540,#1518);
#907=LINE('',#6542,#1519);
#908=LINE('',#6543,#1520);
#909=LINE('',#6546,#1521);
#910=LINE('',#6548,#1522);
#911=LINE('',#6549,#1523);
#912=LINE('',#6552,#1524);
#913=LINE('',#6554,#1525);
#914=LINE('',#6555,#1526);
#915=LINE('',#6557,#1527);
#916=LINE('',#6558,#1528);
#917=LINE('',#6562,#1529);
#918=LINE('',#6564,#1530);
#919=LINE('',#6566,#1531);
#920=LINE('',#6567,#1532);
#921=LINE('',#6570,#1533);
#922=LINE('',#6572,#1534);
#923=LINE('',#6573,#1535);
#924=LINE('',#6576,#1536);
#925=LINE('',#6578,#1537);
#926=LINE('',#6579,#1538);
#927=LINE('',#6581,#1539);
#928=LINE('',#6582,#1540);
#929=LINE('',#6586,#1541);
#930=LINE('',#6588,#1542);
#931=LINE('',#6590,#1543);
#932=LINE('',#6591,#1544);
#933=LINE('',#6594,#1545);
#934=LINE('',#6596,#1546);
#935=LINE('',#6597,#1547);
#936=LINE('',#6600,#1548);
#937=LINE('',#6602,#1549);
#938=LINE('',#6603,#1550);
#939=LINE('',#6605,#1551);
#940=LINE('',#6606,#1552);
#941=LINE('',#6610,#1553);
#942=LINE('',#6612,#1554);
#943=LINE('',#6614,#1555);
#944=LINE('',#6615,#1556);
#945=LINE('',#6618,#1557);
#946=LINE('',#6620,#1558);
#947=LINE('',#6621,#1559);
#948=LINE('',#6624,#1560);
#949=LINE('',#6626,#1561);
#950=LINE('',#6627,#1562);
#951=LINE('',#6629,#1563);
#952=LINE('',#6630,#1564);
#953=LINE('',#6634,#1565);
#954=LINE('',#6636,#1566);
#955=LINE('',#6638,#1567);
#956=LINE('',#6639,#1568);
#957=LINE('',#6642,#1569);
#958=LINE('',#6644,#1570);
#959=LINE('',#6645,#1571);
#960=LINE('',#6648,#1572);
#961=LINE('',#6650,#1573);
#962=LINE('',#6651,#1574);
#963=LINE('',#6653,#1575);
#964=LINE('',#6654,#1576);
#965=LINE('',#6658,#1577);
#966=LINE('',#6660,#1578);
#967=LINE('',#6662,#1579);
#968=LINE('',#6663,#1580);
#969=LINE('',#6666,#1581);
#970=LINE('',#6668,#1582);
#971=LINE('',#6669,#1583);
#972=LINE('',#6672,#1584);
#973=LINE('',#6674,#1585);
#974=LINE('',#6675,#1586);
#975=LINE('',#6677,#1587);
#976=LINE('',#6678,#1588);
#977=LINE('',#6682,#1589);
#978=LINE('',#6684,#1590);
#979=LINE('',#6686,#1591);
#980=LINE('',#6687,#1592);
#981=LINE('',#6691,#1593);
#982=LINE('',#6693,#1594);
#983=LINE('',#6695,#1595);
#984=LINE('',#6696,#1596);
#985=LINE('',#6698,#1597);
#986=LINE('',#6699,#1598);
#987=LINE('',#6701,#1599);
#988=LINE('',#6703,#1600);
#989=LINE('',#6708,#1601);
#990=LINE('',#6710,#1602);
#991=LINE('',#6712,#1603);
#992=LINE('',#6713,#1604);
#993=LINE('',#6717,#1605);
#994=LINE('',#6719,#1606);
#995=LINE('',#6721,#1607);
#996=LINE('',#6722,#1608);
#997=LINE('',#6724,#1609);
#998=LINE('',#6725,#1610);
#999=LINE('',#6727,#1611);
#1000=LINE('',#6729,#1612);
#1001=LINE('',#6734,#1613);
#1002=LINE('',#6736,#1614);
#1003=LINE('',#6738,#1615);
#1004=LINE('',#6739,#1616);
#1005=LINE('',#6743,#1617);
#1006=LINE('',#6745,#1618);
#1007=LINE('',#6747,#1619);
#1008=LINE('',#6748,#1620);
#1009=LINE('',#6750,#1621);
#1010=LINE('',#6751,#1622);
#1011=LINE('',#6753,#1623);
#1012=LINE('',#6755,#1624);
#1013=LINE('',#6760,#1625);
#1014=LINE('',#6762,#1626);
#1015=LINE('',#6764,#1627);
#1016=LINE('',#6765,#1628);
#1017=LINE('',#6769,#1629);
#1018=LINE('',#6771,#1630);
#1019=LINE('',#6773,#1631);
#1020=LINE('',#6774,#1632);
#1021=LINE('',#6776,#1633);
#1022=LINE('',#6777,#1634);
#1023=LINE('',#6779,#1635);
#1024=LINE('',#6781,#1636);
#1025=LINE('',#6786,#1637);
#1026=LINE('',#6788,#1638);
#1027=LINE('',#6790,#1639);
#1028=LINE('',#6791,#1640);
#1029=LINE('',#6795,#1641);
#1030=LINE('',#6797,#1642);
#1031=LINE('',#6799,#1643);
#1032=LINE('',#6800,#1644);
#1033=LINE('',#6802,#1645);
#1034=LINE('',#6803,#1646);
#1035=LINE('',#6805,#1647);
#1036=LINE('',#6807,#1648);
#1037=LINE('',#6812,#1649);
#1038=LINE('',#6814,#1650);
#1039=LINE('',#6816,#1651);
#1040=LINE('',#6817,#1652);
#1041=LINE('',#6821,#1653);
#1042=LINE('',#6823,#1654);
#1043=LINE('',#6825,#1655);
#1044=LINE('',#6826,#1656);
#1045=LINE('',#6828,#1657);
#1046=LINE('',#6829,#1658);
#1047=LINE('',#6831,#1659);
#1048=LINE('',#6833,#1660);
#1049=LINE('',#6838,#1661);
#1050=LINE('',#6840,#1662);
#1051=LINE('',#6842,#1663);
#1052=LINE('',#6843,#1664);
#1053=LINE('',#6847,#1665);
#1054=LINE('',#6849,#1666);
#1055=LINE('',#6851,#1667);
#1056=LINE('',#6852,#1668);
#1057=LINE('',#6854,#1669);
#1058=LINE('',#6855,#1670);
#1059=LINE('',#6857,#1671);
#1060=LINE('',#6859,#1672);
#1061=LINE('',#6864,#1673);
#1062=LINE('',#6866,#1674);
#1063=LINE('',#6868,#1675);
#1064=LINE('',#6869,#1676);
#1065=LINE('',#6873,#1677);
#1066=LINE('',#6875,#1678);
#1067=LINE('',#6877,#1679);
#1068=LINE('',#6878,#1680);
#1069=LINE('',#6880,#1681);
#1070=LINE('',#6881,#1682);
#1071=LINE('',#6883,#1683);
#1072=LINE('',#6885,#1684);
#1073=LINE('',#6890,#1685);
#1074=LINE('',#6892,#1686);
#1075=LINE('',#6894,#1687);
#1076=LINE('',#6895,#1688);
#1077=LINE('',#6899,#1689);
#1078=LINE('',#6901,#1690);
#1079=LINE('',#6903,#1691);
#1080=LINE('',#6904,#1692);
#1081=LINE('',#6906,#1693);
#1082=LINE('',#6907,#1694);
#1083=LINE('',#6909,#1695);
#1084=LINE('',#6911,#1696);
#1085=LINE('',#6916,#1697);
#1086=LINE('',#6918,#1698);
#1087=LINE('',#6920,#1699);
#1088=LINE('',#6921,#1700);
#1089=LINE('',#6925,#1701);
#1090=LINE('',#6927,#1702);
#1091=LINE('',#6929,#1703);
#1092=LINE('',#6930,#1704);
#1093=LINE('',#6932,#1705);
#1094=LINE('',#6933,#1706);
#1095=LINE('',#6935,#1707);
#1096=LINE('',#6937,#1708);
#1097=LINE('',#6942,#1709);
#1098=LINE('',#6944,#1710);
#1099=LINE('',#6946,#1711);
#1100=LINE('',#6947,#1712);
#1101=LINE('',#6951,#1713);
#1102=LINE('',#6953,#1714);
#1103=LINE('',#6955,#1715);
#1104=LINE('',#6956,#1716);
#1105=LINE('',#6958,#1717);
#1106=LINE('',#6959,#1718);
#1107=LINE('',#6961,#1719);
#1108=LINE('',#6963,#1720);
#1109=LINE('',#6968,#1721);
#1110=LINE('',#6970,#1722);
#1111=LINE('',#6972,#1723);
#1112=LINE('',#6973,#1724);
#1113=LINE('',#6977,#1725);
#1114=LINE('',#6979,#1726);
#1115=LINE('',#6981,#1727);
#1116=LINE('',#6982,#1728);
#1117=LINE('',#6984,#1729);
#1118=LINE('',#6985,#1730);
#1119=LINE('',#6987,#1731);
#1120=LINE('',#6989,#1732);
#1121=LINE('',#6994,#1733);
#1122=LINE('',#6996,#1734);
#1123=LINE('',#6998,#1735);
#1124=LINE('',#6999,#1736);
#1125=LINE('',#7003,#1737);
#1126=LINE('',#7005,#1738);
#1127=LINE('',#7007,#1739);
#1128=LINE('',#7008,#1740);
#1129=LINE('',#7010,#1741);
#1130=LINE('',#7011,#1742);
#1131=LINE('',#7013,#1743);
#1132=LINE('',#7015,#1744);
#1133=LINE('',#7020,#1745);
#1134=LINE('',#7022,#1746);
#1135=LINE('',#7024,#1747);
#1136=LINE('',#7025,#1748);
#1137=LINE('',#7029,#1749);
#1138=LINE('',#7031,#1750);
#1139=LINE('',#7033,#1751);
#1140=LINE('',#7034,#1752);
#1141=LINE('',#7036,#1753);
#1142=LINE('',#7037,#1754);
#1143=LINE('',#7039,#1755);
#1144=LINE('',#7041,#1756);
#1145=LINE('',#7046,#1757);
#1146=LINE('',#7048,#1758);
#1147=LINE('',#7050,#1759);
#1148=LINE('',#7051,#1760);
#1149=LINE('',#7055,#1761);
#1150=LINE('',#7057,#1762);
#1151=LINE('',#7059,#1763);
#1152=LINE('',#7060,#1764);
#1153=LINE('',#7062,#1765);
#1154=LINE('',#7063,#1766);
#1155=LINE('',#7065,#1767);
#1156=LINE('',#7067,#1768);
#1157=LINE('',#7072,#1769);
#1158=LINE('',#7074,#1770);
#1159=LINE('',#7076,#1771);
#1160=LINE('',#7077,#1772);
#1161=LINE('',#7081,#1773);
#1162=LINE('',#7083,#1774);
#1163=LINE('',#7085,#1775);
#1164=LINE('',#7086,#1776);
#1165=LINE('',#7088,#1777);
#1166=LINE('',#7089,#1778);
#1167=LINE('',#7091,#1779);
#1168=LINE('',#7093,#1780);
#1169=LINE('',#7098,#1781);
#1170=LINE('',#7100,#1782);
#1171=LINE('',#7102,#1783);
#1172=LINE('',#7103,#1784);
#1173=LINE('',#7107,#1785);
#1174=LINE('',#7109,#1786);
#1175=LINE('',#7111,#1787);
#1176=LINE('',#7112,#1788);
#1177=LINE('',#7114,#1789);
#1178=LINE('',#7115,#1790);
#1179=LINE('',#7117,#1791);
#1180=LINE('',#7119,#1792);
#1181=LINE('',#7124,#1793);
#1182=LINE('',#7126,#1794);
#1183=LINE('',#7128,#1795);
#1184=LINE('',#7129,#1796);
#1185=LINE('',#7133,#1797);
#1186=LINE('',#7135,#1798);
#1187=LINE('',#7137,#1799);
#1188=LINE('',#7138,#1800);
#1189=LINE('',#7140,#1801);
#1190=LINE('',#7141,#1802);
#1191=LINE('',#7143,#1803);
#1192=LINE('',#7145,#1804);
#1193=LINE('',#7150,#1805);
#1194=LINE('',#7152,#1806);
#1195=LINE('',#7154,#1807);
#1196=LINE('',#7155,#1808);
#1197=LINE('',#7159,#1809);
#1198=LINE('',#7161,#1810);
#1199=LINE('',#7163,#1811);
#1200=LINE('',#7164,#1812);
#1201=LINE('',#7166,#1813);
#1202=LINE('',#7167,#1814);
#1203=LINE('',#7169,#1815);
#1204=LINE('',#7171,#1816);
#1205=LINE('',#7176,#1817);
#1206=LINE('',#7178,#1818);
#1207=LINE('',#7180,#1819);
#1208=LINE('',#7181,#1820);
#1209=LINE('',#7185,#1821);
#1210=LINE('',#7187,#1822);
#1211=LINE('',#7189,#1823);
#1212=LINE('',#7190,#1824);
#1213=LINE('',#7192,#1825);
#1214=LINE('',#7193,#1826);
#1215=LINE('',#7195,#1827);
#1216=LINE('',#7197,#1828);
#1217=LINE('',#7202,#1829);
#1218=LINE('',#7204,#1830);
#1219=LINE('',#7206,#1831);
#1220=LINE('',#7207,#1832);
#1221=LINE('',#7211,#1833);
#1222=LINE('',#7213,#1834);
#1223=LINE('',#7215,#1835);
#1224=LINE('',#7216,#1836);
#1225=LINE('',#7218,#1837);
#1226=LINE('',#7219,#1838);
#1227=LINE('',#7221,#1839);
#1228=LINE('',#7223,#1840);
#1229=LINE('',#7228,#1841);
#1230=LINE('',#7230,#1842);
#1231=LINE('',#7232,#1843);
#1232=LINE('',#7233,#1844);
#1233=LINE('',#7237,#1845);
#1234=LINE('',#7239,#1846);
#1235=LINE('',#7241,#1847);
#1236=LINE('',#7242,#1848);
#1237=LINE('',#7244,#1849);
#1238=LINE('',#7245,#1850);
#1239=LINE('',#7247,#1851);
#1240=LINE('',#7249,#1852);
#1241=LINE('',#7254,#1853);
#1242=LINE('',#7256,#1854);
#1243=LINE('',#7258,#1855);
#1244=LINE('',#7259,#1856);
#1245=LINE('',#7263,#1857);
#1246=LINE('',#7265,#1858);
#1247=LINE('',#7267,#1859);
#1248=LINE('',#7268,#1860);
#1249=LINE('',#7270,#1861);
#1250=LINE('',#7271,#1862);
#1251=LINE('',#7273,#1863);
#1252=LINE('',#7275,#1864);
#1253=LINE('',#7280,#1865);
#1254=LINE('',#7282,#1866);
#1255=LINE('',#7284,#1867);
#1256=LINE('',#7285,#1868);
#1257=LINE('',#7289,#1869);
#1258=LINE('',#7291,#1870);
#1259=LINE('',#7293,#1871);
#1260=LINE('',#7294,#1872);
#1261=LINE('',#7296,#1873);
#1262=LINE('',#7297,#1874);
#1263=LINE('',#7299,#1875);
#1264=LINE('',#7301,#1876);
#1265=LINE('',#7306,#1877);
#1266=LINE('',#7308,#1878);
#1267=LINE('',#7310,#1879);
#1268=LINE('',#7311,#1880);
#1269=LINE('',#7315,#1881);
#1270=LINE('',#7317,#1882);
#1271=LINE('',#7319,#1883);
#1272=LINE('',#7320,#1884);
#1273=LINE('',#7322,#1885);
#1274=LINE('',#7323,#1886);
#1275=LINE('',#7325,#1887);
#1276=LINE('',#7327,#1888);
#1277=LINE('',#7332,#1889);
#1278=LINE('',#7334,#1890);
#1279=LINE('',#7336,#1891);
#1280=LINE('',#7337,#1892);
#1281=LINE('',#7341,#1893);
#1282=LINE('',#7343,#1894);
#1283=LINE('',#7345,#1895);
#1284=LINE('',#7346,#1896);
#1285=LINE('',#7348,#1897);
#1286=LINE('',#7349,#1898);
#1287=LINE('',#7351,#1899);
#1288=LINE('',#7353,#1900);
#1289=VECTOR('',#4956,1.);
#1290=VECTOR('',#4957,1.);
#1291=VECTOR('',#4958,1.);
#1292=VECTOR('',#4959,1.);
#1293=VECTOR('',#4962,1.);
#1294=VECTOR('',#4963,1.);
#1295=VECTOR('',#4964,1.);
#1296=VECTOR('',#4967,1.);
#1297=VECTOR('',#4968,1.);
#1298=VECTOR('',#4969,1.);
#1299=VECTOR('',#4972,1.);
#1300=VECTOR('',#4973,1.);
#1301=VECTOR('',#4976,1.);
#1302=VECTOR('',#4977,1.);
#1303=VECTOR('',#4978,1.);
#1304=VECTOR('',#4979,1.);
#1305=VECTOR('',#4982,1.);
#1306=VECTOR('',#4983,1.);
#1307=VECTOR('',#4984,1.);
#1308=VECTOR('',#4987,1.);
#1309=VECTOR('',#4988,1.);
#1310=VECTOR('',#4989,1.);
#1311=VECTOR('',#4992,1.);
#1312=VECTOR('',#4993,1.);
#1313=VECTOR('',#4996,1.);
#1314=VECTOR('',#4997,1.);
#1315=VECTOR('',#4998,1.);
#1316=VECTOR('',#4999,1.);
#1317=VECTOR('',#5002,1.);
#1318=VECTOR('',#5003,1.);
#1319=VECTOR('',#5004,1.);
#1320=VECTOR('',#5007,1.);
#1321=VECTOR('',#5008,1.);
#1322=VECTOR('',#5009,1.);
#1323=VECTOR('',#5012,1.);
#1324=VECTOR('',#5013,1.);
#1325=VECTOR('',#5016,1.);
#1326=VECTOR('',#5017,1.);
#1327=VECTOR('',#5018,1.);
#1328=VECTOR('',#5019,1.);
#1329=VECTOR('',#5022,1.);
#1330=VECTOR('',#5023,1.);
#1331=VECTOR('',#5024,1.);
#1332=VECTOR('',#5027,1.);
#1333=VECTOR('',#5028,1.);
#1334=VECTOR('',#5029,1.);
#1335=VECTOR('',#5032,1.);
#1336=VECTOR('',#5033,1.);
#1337=VECTOR('',#5036,1.);
#1338=VECTOR('',#5037,1.);
#1339=VECTOR('',#5038,1.);
#1340=VECTOR('',#5039,1.);
#1341=VECTOR('',#5042,1.);
#1342=VECTOR('',#5043,1.);
#1343=VECTOR('',#5044,1.);
#1344=VECTOR('',#5047,1.);
#1345=VECTOR('',#5048,1.);
#1346=VECTOR('',#5049,1.);
#1347=VECTOR('',#5052,1.);
#1348=VECTOR('',#5053,1.);
#1349=VECTOR('',#5056,1.);
#1350=VECTOR('',#5057,1.);
#1351=VECTOR('',#5058,1.);
#1352=VECTOR('',#5059,1.);
#1353=VECTOR('',#5062,1.);
#1354=VECTOR('',#5063,1.);
#1355=VECTOR('',#5064,1.);
#1356=VECTOR('',#5067,1.);
#1357=VECTOR('',#5068,1.);
#1358=VECTOR('',#5069,1.);
#1359=VECTOR('',#5072,1.);
#1360=VECTOR('',#5073,1.);
#1361=VECTOR('',#5076,1.);
#1362=VECTOR('',#5077,1.);
#1363=VECTOR('',#5078,1.);
#1364=VECTOR('',#5079,1.);
#1365=VECTOR('',#5082,1.);
#1366=VECTOR('',#5083,1.);
#1367=VECTOR('',#5084,1.);
#1368=VECTOR('',#5087,1.);
#1369=VECTOR('',#5088,1.);
#1370=VECTOR('',#5089,1.);
#1371=VECTOR('',#5092,1.);
#1372=VECTOR('',#5093,1.);
#1373=VECTOR('',#5096,1.);
#1374=VECTOR('',#5097,1.);
#1375=VECTOR('',#5098,1.);
#1376=VECTOR('',#5099,1.);
#1377=VECTOR('',#5102,1.);
#1378=VECTOR('',#5103,1.);
#1379=VECTOR('',#5104,1.);
#1380=VECTOR('',#5107,1.);
#1381=VECTOR('',#5108,1.);
#1382=VECTOR('',#5109,1.);
#1383=VECTOR('',#5112,1.);
#1384=VECTOR('',#5113,1.);
#1385=VECTOR('',#5116,1.);
#1386=VECTOR('',#5117,1.);
#1387=VECTOR('',#5118,1.);
#1388=VECTOR('',#5119,1.);
#1389=VECTOR('',#5122,1.);
#1390=VECTOR('',#5123,1.);
#1391=VECTOR('',#5124,1.);
#1392=VECTOR('',#5127,1.);
#1393=VECTOR('',#5128,1.);
#1394=VECTOR('',#5129,1.);
#1395=VECTOR('',#5132,1.);
#1396=VECTOR('',#5133,1.);
#1397=VECTOR('',#5136,1.);
#1398=VECTOR('',#5137,1.);
#1399=VECTOR('',#5138,1.);
#1400=VECTOR('',#5139,1.);
#1401=VECTOR('',#5142,1.);
#1402=VECTOR('',#5143,1.);
#1403=VECTOR('',#5144,1.);
#1404=VECTOR('',#5147,1.);
#1405=VECTOR('',#5148,1.);
#1406=VECTOR('',#5149,1.);
#1407=VECTOR('',#5152,1.);
#1408=VECTOR('',#5153,1.);
#1409=VECTOR('',#5156,1.);
#1410=VECTOR('',#5157,1.);
#1411=VECTOR('',#5158,1.);
#1412=VECTOR('',#5159,1.);
#1413=VECTOR('',#5162,1.);
#1414=VECTOR('',#5163,1.);
#1415=VECTOR('',#5164,1.);
#1416=VECTOR('',#5167,1.);
#1417=VECTOR('',#5168,1.);
#1418=VECTOR('',#5169,1.);
#1419=VECTOR('',#5172,1.);
#1420=VECTOR('',#5173,1.);
#1421=VECTOR('',#5176,1.);
#1422=VECTOR('',#5177,1.);
#1423=VECTOR('',#5178,1.);
#1424=VECTOR('',#5179,1.);
#1425=VECTOR('',#5182,1.);
#1426=VECTOR('',#5183,1.);
#1427=VECTOR('',#5184,1.);
#1428=VECTOR('',#5187,1.);
#1429=VECTOR('',#5188,1.);
#1430=VECTOR('',#5189,1.);
#1431=VECTOR('',#5192,1.);
#1432=VECTOR('',#5193,1.);
#1433=VECTOR('',#5196,1.);
#1434=VECTOR('',#5197,1.);
#1435=VECTOR('',#5198,1.);
#1436=VECTOR('',#5199,1.);
#1437=VECTOR('',#5202,1.);
#1438=VECTOR('',#5203,1.);
#1439=VECTOR('',#5204,1.);
#1440=VECTOR('',#5207,1.);
#1441=VECTOR('',#5208,1.);
#1442=VECTOR('',#5209,1.);
#1443=VECTOR('',#5212,1.);
#1444=VECTOR('',#5213,1.);
#1445=VECTOR('',#5216,1.);
#1446=VECTOR('',#5217,1.);
#1447=VECTOR('',#5218,1.);
#1448=VECTOR('',#5219,1.);
#1449=VECTOR('',#5222,1.);
#1450=VECTOR('',#5223,1.);
#1451=VECTOR('',#5224,1.);
#1452=VECTOR('',#5227,1.);
#1453=VECTOR('',#5228,1.);
#1454=VECTOR('',#5229,1.);
#1455=VECTOR('',#5232,1.);
#1456=VECTOR('',#5233,1.);
#1457=VECTOR('',#5236,1.);
#1458=VECTOR('',#5237,1.);
#1459=VECTOR('',#5238,1.);
#1460=VECTOR('',#5239,1.);
#1461=VECTOR('',#5242,1.);
#1462=VECTOR('',#5243,1.);
#1463=VECTOR('',#5244,1.);
#1464=VECTOR('',#5247,1.);
#1465=VECTOR('',#5248,1.);
#1466=VECTOR('',#5249,1.);
#1467=VECTOR('',#5252,1.);
#1468=VECTOR('',#5253,1.);
#1469=VECTOR('',#5256,1.);
#1470=VECTOR('',#5257,1.);
#1471=VECTOR('',#5258,1.);
#1472=VECTOR('',#5259,1.);
#1473=VECTOR('',#5262,1.);
#1474=VECTOR('',#5263,1.);
#1475=VECTOR('',#5264,1.);
#1476=VECTOR('',#5267,1.);
#1477=VECTOR('',#5268,1.);
#1478=VECTOR('',#5269,1.);
#1479=VECTOR('',#5272,1.);
#1480=VECTOR('',#5273,1.);
#1481=VECTOR('',#5276,1.);
#1482=VECTOR('',#5277,1.);
#1483=VECTOR('',#5278,1.);
#1484=VECTOR('',#5279,1.);
#1485=VECTOR('',#5282,1.);
#1486=VECTOR('',#5283,1.);
#1487=VECTOR('',#5284,1.);
#1488=VECTOR('',#5287,1.);
#1489=VECTOR('',#5288,1.);
#1490=VECTOR('',#5289,1.);
#1491=VECTOR('',#5292,1.);
#1492=VECTOR('',#5293,1.);
#1493=VECTOR('',#5296,1.);
#1494=VECTOR('',#5297,1.);
#1495=VECTOR('',#5298,1.);
#1496=VECTOR('',#5299,1.);
#1497=VECTOR('',#5302,1.);
#1498=VECTOR('',#5303,1.);
#1499=VECTOR('',#5304,1.);
#1500=VECTOR('',#5307,1.);
#1501=VECTOR('',#5308,1.);
#1502=VECTOR('',#5309,1.);
#1503=VECTOR('',#5312,1.);
#1504=VECTOR('',#5313,1.);
#1505=VECTOR('',#5316,1.);
#1506=VECTOR('',#5317,1.);
#1507=VECTOR('',#5318,1.);
#1508=VECTOR('',#5319,1.);
#1509=VECTOR('',#5322,1.);
#1510=VECTOR('',#5323,1.);
#1511=VECTOR('',#5324,1.);
#1512=VECTOR('',#5327,1.);
#1513=VECTOR('',#5328,1.);
#1514=VECTOR('',#5329,1.);
#1515=VECTOR('',#5332,1.);
#1516=VECTOR('',#5333,1.);
#1517=VECTOR('',#5336,1.);
#1518=VECTOR('',#5337,1.);
#1519=VECTOR('',#5338,1.);
#1520=VECTOR('',#5339,1.);
#1521=VECTOR('',#5342,1.);
#1522=VECTOR('',#5343,1.);
#1523=VECTOR('',#5344,1.);
#1524=VECTOR('',#5347,1.);
#1525=VECTOR('',#5348,1.);
#1526=VECTOR('',#5349,1.);
#1527=VECTOR('',#5352,1.);
#1528=VECTOR('',#5353,1.);
#1529=VECTOR('',#5356,1.);
#1530=VECTOR('',#5357,1.);
#1531=VECTOR('',#5358,1.);
#1532=VECTOR('',#5359,1.);
#1533=VECTOR('',#5362,1.);
#1534=VECTOR('',#5363,1.);
#1535=VECTOR('',#5364,1.);
#1536=VECTOR('',#5367,1.);
#1537=VECTOR('',#5368,1.);
#1538=VECTOR('',#5369,1.);
#1539=VECTOR('',#5372,1.);
#1540=VECTOR('',#5373,1.);
#1541=VECTOR('',#5376,1.);
#1542=VECTOR('',#5377,1.);
#1543=VECTOR('',#5378,1.);
#1544=VECTOR('',#5379,1.);
#1545=VECTOR('',#5382,1.);
#1546=VECTOR('',#5383,1.);
#1547=VECTOR('',#5384,1.);
#1548=VECTOR('',#5387,1.);
#1549=VECTOR('',#5388,1.);
#1550=VECTOR('',#5389,1.);
#1551=VECTOR('',#5392,1.);
#1552=VECTOR('',#5393,1.);
#1553=VECTOR('',#5396,1.);
#1554=VECTOR('',#5397,1.);
#1555=VECTOR('',#5398,1.);
#1556=VECTOR('',#5399,1.);
#1557=VECTOR('',#5402,1.);
#1558=VECTOR('',#5403,1.);
#1559=VECTOR('',#5404,1.);
#1560=VECTOR('',#5407,1.);
#1561=VECTOR('',#5408,1.);
#1562=VECTOR('',#5409,1.);
#1563=VECTOR('',#5412,1.);
#1564=VECTOR('',#5413,1.);
#1565=VECTOR('',#5416,1.);
#1566=VECTOR('',#5417,1.);
#1567=VECTOR('',#5418,1.);
#1568=VECTOR('',#5419,1.);
#1569=VECTOR('',#5422,1.);
#1570=VECTOR('',#5423,1.);
#1571=VECTOR('',#5424,1.);
#1572=VECTOR('',#5427,1.);
#1573=VECTOR('',#5428,1.);
#1574=VECTOR('',#5429,1.);
#1575=VECTOR('',#5432,1.);
#1576=VECTOR('',#5433,1.);
#1577=VECTOR('',#5436,1.);
#1578=VECTOR('',#5437,1.);
#1579=VECTOR('',#5438,1.);
#1580=VECTOR('',#5439,1.);
#1581=VECTOR('',#5442,1.);
#1582=VECTOR('',#5443,1.);
#1583=VECTOR('',#5444,1.);
#1584=VECTOR('',#5447,1.);
#1585=VECTOR('',#5448,1.);
#1586=VECTOR('',#5449,1.);
#1587=VECTOR('',#5452,1.);
#1588=VECTOR('',#5453,1.);
#1589=VECTOR('',#5456,1.);
#1590=VECTOR('',#5457,1.);
#1591=VECTOR('',#5458,1.);
#1592=VECTOR('',#5459,1.);
#1593=VECTOR('',#5462,1.);
#1594=VECTOR('',#5463,1.);
#1595=VECTOR('',#5464,1.);
#1596=VECTOR('',#5465,1.);
#1597=VECTOR('',#5468,1.);
#1598=VECTOR('',#5469,1.);
#1599=VECTOR('',#5472,1.);
#1600=VECTOR('',#5475,1.);
#1601=VECTOR('',#5480,1.);
#1602=VECTOR('',#5481,1.);
#1603=VECTOR('',#5482,1.);
#1604=VECTOR('',#5483,1.);
#1605=VECTOR('',#5486,1.);
#1606=VECTOR('',#5487,1.);
#1607=VECTOR('',#5488,1.);
#1608=VECTOR('',#5489,1.);
#1609=VECTOR('',#5492,1.);
#1610=VECTOR('',#5493,1.);
#1611=VECTOR('',#5496,1.);
#1612=VECTOR('',#5499,1.);
#1613=VECTOR('',#5504,1.);
#1614=VECTOR('',#5505,1.);
#1615=VECTOR('',#5506,1.);
#1616=VECTOR('',#5507,1.);
#1617=VECTOR('',#5510,1.);
#1618=VECTOR('',#5511,1.);
#1619=VECTOR('',#5512,1.);
#1620=VECTOR('',#5513,1.);
#1621=VECTOR('',#5516,1.);
#1622=VECTOR('',#5517,1.);
#1623=VECTOR('',#5520,1.);
#1624=VECTOR('',#5523,1.);
#1625=VECTOR('',#5528,1.);
#1626=VECTOR('',#5529,1.);
#1627=VECTOR('',#5530,1.);
#1628=VECTOR('',#5531,1.);
#1629=VECTOR('',#5534,1.);
#1630=VECTOR('',#5535,1.);
#1631=VECTOR('',#5536,1.);
#1632=VECTOR('',#5537,1.);
#1633=VECTOR('',#5540,1.);
#1634=VECTOR('',#5541,1.);
#1635=VECTOR('',#5544,1.);
#1636=VECTOR('',#5547,1.);
#1637=VECTOR('',#5552,1.);
#1638=VECTOR('',#5553,1.);
#1639=VECTOR('',#5554,1.);
#1640=VECTOR('',#5555,1.);
#1641=VECTOR('',#5558,1.);
#1642=VECTOR('',#5559,1.);
#1643=VECTOR('',#5560,1.);
#1644=VECTOR('',#5561,1.);
#1645=VECTOR('',#5564,1.);
#1646=VECTOR('',#5565,1.);
#1647=VECTOR('',#5568,1.);
#1648=VECTOR('',#5571,1.);
#1649=VECTOR('',#5576,1.);
#1650=VECTOR('',#5577,1.);
#1651=VECTOR('',#5578,1.);
#1652=VECTOR('',#5579,1.);
#1653=VECTOR('',#5582,1.);
#1654=VECTOR('',#5583,1.);
#1655=VECTOR('',#5584,1.);
#1656=VECTOR('',#5585,1.);
#1657=VECTOR('',#5588,1.);
#1658=VECTOR('',#5589,1.);
#1659=VECTOR('',#5592,1.);
#1660=VECTOR('',#5595,1.);
#1661=VECTOR('',#5600,1.);
#1662=VECTOR('',#5601,1.);
#1663=VECTOR('',#5602,1.);
#1664=VECTOR('',#5603,1.);
#1665=VECTOR('',#5606,1.);
#1666=VECTOR('',#5607,1.);
#1667=VECTOR('',#5608,1.);
#1668=VECTOR('',#5609,1.);
#1669=VECTOR('',#5612,1.);
#1670=VECTOR('',#5613,1.);
#1671=VECTOR('',#5616,1.);
#1672=VECTOR('',#5619,1.);
#1673=VECTOR('',#5624,1.);
#1674=VECTOR('',#5625,1.);
#1675=VECTOR('',#5626,1.);
#1676=VECTOR('',#5627,1.);
#1677=VECTOR('',#5630,1.);
#1678=VECTOR('',#5631,1.);
#1679=VECTOR('',#5632,1.);
#1680=VECTOR('',#5633,1.);
#1681=VECTOR('',#5636,1.);
#1682=VECTOR('',#5637,1.);
#1683=VECTOR('',#5640,1.);
#1684=VECTOR('',#5643,1.);
#1685=VECTOR('',#5648,1.);
#1686=VECTOR('',#5649,1.);
#1687=VECTOR('',#5650,1.);
#1688=VECTOR('',#5651,1.);
#1689=VECTOR('',#5654,1.);
#1690=VECTOR('',#5655,1.);
#1691=VECTOR('',#5656,1.);
#1692=VECTOR('',#5657,1.);
#1693=VECTOR('',#5660,1.);
#1694=VECTOR('',#5661,1.);
#1695=VECTOR('',#5664,1.);
#1696=VECTOR('',#5667,1.);
#1697=VECTOR('',#5672,1.);
#1698=VECTOR('',#5673,1.);
#1699=VECTOR('',#5674,1.);
#1700=VECTOR('',#5675,1.);
#1701=VECTOR('',#5678,1.);
#1702=VECTOR('',#5679,1.);
#1703=VECTOR('',#5680,1.);
#1704=VECTOR('',#5681,1.);
#1705=VECTOR('',#5684,1.);
#1706=VECTOR('',#5685,1.);
#1707=VECTOR('',#5688,1.);
#1708=VECTOR('',#5691,1.);
#1709=VECTOR('',#5696,1.);
#1710=VECTOR('',#5697,1.);
#1711=VECTOR('',#5698,1.);
#1712=VECTOR('',#5699,1.);
#1713=VECTOR('',#5702,1.);
#1714=VECTOR('',#5703,1.);
#1715=VECTOR('',#5704,1.);
#1716=VECTOR('',#5705,1.);
#1717=VECTOR('',#5708,1.);
#1718=VECTOR('',#5709,1.);
#1719=VECTOR('',#5712,1.);
#1720=VECTOR('',#5715,1.);
#1721=VECTOR('',#5720,1.);
#1722=VECTOR('',#5721,1.);
#1723=VECTOR('',#5722,1.);
#1724=VECTOR('',#5723,1.);
#1725=VECTOR('',#5726,1.);
#1726=VECTOR('',#5727,1.);
#1727=VECTOR('',#5728,1.);
#1728=VECTOR('',#5729,1.);
#1729=VECTOR('',#5732,1.);
#1730=VECTOR('',#5733,1.);
#1731=VECTOR('',#5736,1.);
#1732=VECTOR('',#5739,1.);
#1733=VECTOR('',#5744,1.);
#1734=VECTOR('',#5745,1.);
#1735=VECTOR('',#5746,1.);
#1736=VECTOR('',#5747,1.);
#1737=VECTOR('',#5750,1.);
#1738=VECTOR('',#5751,1.);
#1739=VECTOR('',#5752,1.);
#1740=VECTOR('',#5753,1.);
#1741=VECTOR('',#5756,1.);
#1742=VECTOR('',#5757,1.);
#1743=VECTOR('',#5760,1.);
#1744=VECTOR('',#5763,1.);
#1745=VECTOR('',#5768,1.);
#1746=VECTOR('',#5769,1.);
#1747=VECTOR('',#5770,1.);
#1748=VECTOR('',#5771,1.);
#1749=VECTOR('',#5774,1.);
#1750=VECTOR('',#5775,1.);
#1751=VECTOR('',#5776,1.);
#1752=VECTOR('',#5777,1.);
#1753=VECTOR('',#5780,1.);
#1754=VECTOR('',#5781,1.);
#1755=VECTOR('',#5784,1.);
#1756=VECTOR('',#5787,1.);
#1757=VECTOR('',#5792,1.);
#1758=VECTOR('',#5793,1.);
#1759=VECTOR('',#5794,1.);
#1760=VECTOR('',#5795,1.);
#1761=VECTOR('',#5798,1.);
#1762=VECTOR('',#5799,1.);
#1763=VECTOR('',#5800,1.);
#1764=VECTOR('',#5801,1.);
#1765=VECTOR('',#5804,1.);
#1766=VECTOR('',#5805,1.);
#1767=VECTOR('',#5808,1.);
#1768=VECTOR('',#5811,1.);
#1769=VECTOR('',#5816,1.);
#1770=VECTOR('',#5817,1.);
#1771=VECTOR('',#5818,1.);
#1772=VECTOR('',#5819,1.);
#1773=VECTOR('',#5822,1.);
#1774=VECTOR('',#5823,1.);
#1775=VECTOR('',#5824,1.);
#1776=VECTOR('',#5825,1.);
#1777=VECTOR('',#5828,1.);
#1778=VECTOR('',#5829,1.);
#1779=VECTOR('',#5832,1.);
#1780=VECTOR('',#5835,1.);
#1781=VECTOR('',#5840,1.);
#1782=VECTOR('',#5841,1.);
#1783=VECTOR('',#5842,1.);
#1784=VECTOR('',#5843,1.);
#1785=VECTOR('',#5846,1.);
#1786=VECTOR('',#5847,1.);
#1787=VECTOR('',#5848,1.);
#1788=VECTOR('',#5849,1.);
#1789=VECTOR('',#5852,1.);
#1790=VECTOR('',#5853,1.);
#1791=VECTOR('',#5856,1.);
#1792=VECTOR('',#5859,1.);
#1793=VECTOR('',#5864,1.);
#1794=VECTOR('',#5865,1.);
#1795=VECTOR('',#5866,1.);
#1796=VECTOR('',#5867,1.);
#1797=VECTOR('',#5870,1.);
#1798=VECTOR('',#5871,1.);
#1799=VECTOR('',#5872,1.);
#1800=VECTOR('',#5873,1.);
#1801=VECTOR('',#5876,1.);
#1802=VECTOR('',#5877,1.);
#1803=VECTOR('',#5880,1.);
#1804=VECTOR('',#5883,1.);
#1805=VECTOR('',#5888,1.);
#1806=VECTOR('',#5889,1.);
#1807=VECTOR('',#5890,1.);
#1808=VECTOR('',#5891,1.);
#1809=VECTOR('',#5894,1.);
#1810=VECTOR('',#5895,1.);
#1811=VECTOR('',#5896,1.);
#1812=VECTOR('',#5897,1.);
#1813=VECTOR('',#5900,1.);
#1814=VECTOR('',#5901,1.);
#1815=VECTOR('',#5904,1.);
#1816=VECTOR('',#5907,1.);
#1817=VECTOR('',#5912,1.);
#1818=VECTOR('',#5913,1.);
#1819=VECTOR('',#5914,1.);
#1820=VECTOR('',#5915,1.);
#1821=VECTOR('',#5918,1.);
#1822=VECTOR('',#5919,1.);
#1823=VECTOR('',#5920,1.);
#1824=VECTOR('',#5921,1.);
#1825=VECTOR('',#5924,1.);
#1826=VECTOR('',#5925,1.);
#1827=VECTOR('',#5928,1.);
#1828=VECTOR('',#5931,1.);
#1829=VECTOR('',#5936,1.);
#1830=VECTOR('',#5937,1.);
#1831=VECTOR('',#5938,1.);
#1832=VECTOR('',#5939,1.);
#1833=VECTOR('',#5942,1.);
#1834=VECTOR('',#5943,1.);
#1835=VECTOR('',#5944,1.);
#1836=VECTOR('',#5945,1.);
#1837=VECTOR('',#5948,1.);
#1838=VECTOR('',#5949,1.);
#1839=VECTOR('',#5952,1.);
#1840=VECTOR('',#5955,1.);
#1841=VECTOR('',#5960,1.);
#1842=VECTOR('',#5961,1.);
#1843=VECTOR('',#5962,1.);
#1844=VECTOR('',#5963,1.);
#1845=VECTOR('',#5966,1.);
#1846=VECTOR('',#5967,1.);
#1847=VECTOR('',#5968,1.);
#1848=VECTOR('',#5969,1.);
#1849=VECTOR('',#5972,1.);
#1850=VECTOR('',#5973,1.);
#1851=VECTOR('',#5976,1.);
#1852=VECTOR('',#5979,1.);
#1853=VECTOR('',#5984,1.);
#1854=VECTOR('',#5985,1.);
#1855=VECTOR('',#5986,1.);
#1856=VECTOR('',#5987,1.);
#1857=VECTOR('',#5990,1.);
#1858=VECTOR('',#5991,1.);
#1859=VECTOR('',#5992,1.);
#1860=VECTOR('',#5993,1.);
#1861=VECTOR('',#5996,1.);
#1862=VECTOR('',#5997,1.);
#1863=VECTOR('',#6000,1.);
#1864=VECTOR('',#6003,1.);
#1865=VECTOR('',#6008,1.);
#1866=VECTOR('',#6009,1.);
#1867=VECTOR('',#6010,1.);
#1868=VECTOR('',#6011,1.);
#1869=VECTOR('',#6014,1.);
#1870=VECTOR('',#6015,1.);
#1871=VECTOR('',#6016,1.);
#1872=VECTOR('',#6017,1.);
#1873=VECTOR('',#6020,1.);
#1874=VECTOR('',#6021,1.);
#1875=VECTOR('',#6024,1.);
#1876=VECTOR('',#6027,1.);
#1877=VECTOR('',#6032,1.);
#1878=VECTOR('',#6033,1.);
#1879=VECTOR('',#6034,1.);
#1880=VECTOR('',#6035,1.);
#1881=VECTOR('',#6038,1.);
#1882=VECTOR('',#6039,1.);
#1883=VECTOR('',#6040,1.);
#1884=VECTOR('',#6041,1.);
#1885=VECTOR('',#6044,1.);
#1886=VECTOR('',#6045,1.);
#1887=VECTOR('',#6048,1.);
#1888=VECTOR('',#6051,1.);
#1889=VECTOR('',#6056,1.);
#1890=VECTOR('',#6057,1.);
#1891=VECTOR('',#6058,1.);
#1892=VECTOR('',#6059,1.);
#1893=VECTOR('',#6062,1.);
#1894=VECTOR('',#6063,1.);
#1895=VECTOR('',#6064,1.);
#1896=VECTOR('',#6065,1.);
#1897=VECTOR('',#6068,1.);
#1898=VECTOR('',#6069,1.);
#1899=VECTOR('',#6072,1.);
#1900=VECTOR('',#6075,1.);
#1901=VERTEX_POINT('',#6080);
#1902=VERTEX_POINT('',#6081);
#1903=VERTEX_POINT('',#6083);
#1904=VERTEX_POINT('',#6085);
#1905=VERTEX_POINT('',#6089);
#1906=VERTEX_POINT('',#6091);
#1907=VERTEX_POINT('',#6095);
#1908=VERTEX_POINT('',#6097);
#1909=VERTEX_POINT('',#6104);
#1910=VERTEX_POINT('',#6105);
#1911=VERTEX_POINT('',#6107);
#1912=VERTEX_POINT('',#6109);
#1913=VERTEX_POINT('',#6113);
#1914=VERTEX_POINT('',#6115);
#1915=VERTEX_POINT('',#6119);
#1916=VERTEX_POINT('',#6121);
#1917=VERTEX_POINT('',#6128);
#1918=VERTEX_POINT('',#6129);
#1919=VERTEX_POINT('',#6131);
#1920=VERTEX_POINT('',#6133);
#1921=VERTEX_POINT('',#6137);
#1922=VERTEX_POINT('',#6139);
#1923=VERTEX_POINT('',#6143);
#1924=VERTEX_POINT('',#6145);
#1925=VERTEX_POINT('',#6152);
#1926=VERTEX_POINT('',#6153);
#1927=VERTEX_POINT('',#6155);
#1928=VERTEX_POINT('',#6157);
#1929=VERTEX_POINT('',#6161);
#1930=VERTEX_POINT('',#6163);
#1931=VERTEX_POINT('',#6167);
#1932=VERTEX_POINT('',#6169);
#1933=VERTEX_POINT('',#6176);
#1934=VERTEX_POINT('',#6177);
#1935=VERTEX_POINT('',#6179);
#1936=VERTEX_POINT('',#6181);
#1937=VERTEX_POINT('',#6185);
#1938=VERTEX_POINT('',#6187);
#1939=VERTEX_POINT('',#6191);
#1940=VERTEX_POINT('',#6193);
#1941=VERTEX_POINT('',#6200);
#1942=VERTEX_POINT('',#6201);
#1943=VERTEX_POINT('',#6203);
#1944=VERTEX_POINT('',#6205);
#1945=VERTEX_POINT('',#6209);
#1946=VERTEX_POINT('',#6211);
#1947=VERTEX_POINT('',#6215);
#1948=VERTEX_POINT('',#6217);
#1949=VERTEX_POINT('',#6224);
#1950=VERTEX_POINT('',#6225);
#1951=VERTEX_POINT('',#6227);
#1952=VERTEX_POINT('',#6229);
#1953=VERTEX_POINT('',#6233);
#1954=VERTEX_POINT('',#6235);
#1955=VERTEX_POINT('',#6239);
#1956=VERTEX_POINT('',#6241);
#1957=VERTEX_POINT('',#6248);
#1958=VERTEX_POINT('',#6249);
#1959=VERTEX_POINT('',#6251);
#1960=VERTEX_POINT('',#6253);
#1961=VERTEX_POINT('',#6257);
#1962=VERTEX_POINT('',#6259);
#1963=VERTEX_POINT('',#6263);
#1964=VERTEX_POINT('',#6265);
#1965=VERTEX_POINT('',#6272);
#1966=VERTEX_POINT('',#6273);
#1967=VERTEX_POINT('',#6275);
#1968=VERTEX_POINT('',#6277);
#1969=VERTEX_POINT('',#6281);
#1970=VERTEX_POINT('',#6283);
#1971=VERTEX_POINT('',#6287);
#1972=VERTEX_POINT('',#6289);
#1973=VERTEX_POINT('',#6296);
#1974=VERTEX_POINT('',#6297);
#1975=VERTEX_POINT('',#6299);
#1976=VERTEX_POINT('',#6301);
#1977=VERTEX_POINT('',#6305);
#1978=VERTEX_POINT('',#6307);
#1979=VERTEX_POINT('',#6311);
#1980=VERTEX_POINT('',#6313);
#1981=VERTEX_POINT('',#6320);
#1982=VERTEX_POINT('',#6321);
#1983=VERTEX_POINT('',#6323);
#1984=VERTEX_POINT('',#6325);
#1985=VERTEX_POINT('',#6329);
#1986=VERTEX_POINT('',#6331);
#1987=VERTEX_POINT('',#6335);
#1988=VERTEX_POINT('',#6337);
#1989=VERTEX_POINT('',#6344);
#1990=VERTEX_POINT('',#6345);
#1991=VERTEX_POINT('',#6347);
#1992=VERTEX_POINT('',#6349);
#1993=VERTEX_POINT('',#6353);
#1994=VERTEX_POINT('',#6355);
#1995=VERTEX_POINT('',#6359);
#1996=VERTEX_POINT('',#6361);
#1997=VERTEX_POINT('',#6368);
#1998=VERTEX_POINT('',#6369);
#1999=VERTEX_POINT('',#6371);
#2000=VERTEX_POINT('',#6373);
#2001=VERTEX_POINT('',#6377);
#2002=VERTEX_POINT('',#6379);
#2003=VERTEX_POINT('',#6383);
#2004=VERTEX_POINT('',#6385);
#2005=VERTEX_POINT('',#6392);
#2006=VERTEX_POINT('',#6393);
#2007=VERTEX_POINT('',#6395);
#2008=VERTEX_POINT('',#6397);
#2009=VERTEX_POINT('',#6401);
#2010=VERTEX_POINT('',#6403);
#2011=VERTEX_POINT('',#6407);
#2012=VERTEX_POINT('',#6409);
#2013=VERTEX_POINT('',#6416);
#2014=VERTEX_POINT('',#6417);
#2015=VERTEX_POINT('',#6419);
#2016=VERTEX_POINT('',#6421);
#2017=VERTEX_POINT('',#6425);
#2018=VERTEX_POINT('',#6427);
#2019=VERTEX_POINT('',#6431);
#2020=VERTEX_POINT('',#6433);
#2021=VERTEX_POINT('',#6440);
#2022=VERTEX_POINT('',#6441);
#2023=VERTEX_POINT('',#6443);
#2024=VERTEX_POINT('',#6445);
#2025=VERTEX_POINT('',#6449);
#2026=VERTEX_POINT('',#6451);
#2027=VERTEX_POINT('',#6455);
#2028=VERTEX_POINT('',#6457);
#2029=VERTEX_POINT('',#6464);
#2030=VERTEX_POINT('',#6465);
#2031=VERTEX_POINT('',#6467);
#2032=VERTEX_POINT('',#6469);
#2033=VERTEX_POINT('',#6473);
#2034=VERTEX_POINT('',#6475);
#2035=VERTEX_POINT('',#6479);
#2036=VERTEX_POINT('',#6481);
#2037=VERTEX_POINT('',#6488);
#2038=VERTEX_POINT('',#6489);
#2039=VERTEX_POINT('',#6491);
#2040=VERTEX_POINT('',#6493);
#2041=VERTEX_POINT('',#6497);
#2042=VERTEX_POINT('',#6499);
#2043=VERTEX_POINT('',#6503);
#2044=VERTEX_POINT('',#6505);
#2045=VERTEX_POINT('',#6512);
#2046=VERTEX_POINT('',#6513);
#2047=VERTEX_POINT('',#6515);
#2048=VERTEX_POINT('',#6517);
#2049=VERTEX_POINT('',#6521);
#2050=VERTEX_POINT('',#6523);
#2051=VERTEX_POINT('',#6527);
#2052=VERTEX_POINT('',#6529);
#2053=VERTEX_POINT('',#6536);
#2054=VERTEX_POINT('',#6537);
#2055=VERTEX_POINT('',#6539);
#2056=VERTEX_POINT('',#6541);
#2057=VERTEX_POINT('',#6545);
#2058=VERTEX_POINT('',#6547);
#2059=VERTEX_POINT('',#6551);
#2060=VERTEX_POINT('',#6553);
#2061=VERTEX_POINT('',#6560);
#2062=VERTEX_POINT('',#6561);
#2063=VERTEX_POINT('',#6563);
#2064=VERTEX_POINT('',#6565);
#2065=VERTEX_POINT('',#6569);
#2066=VERTEX_POINT('',#6571);
#2067=VERTEX_POINT('',#6575);
#2068=VERTEX_POINT('',#6577);
#2069=VERTEX_POINT('',#6584);
#2070=VERTEX_POINT('',#6585);
#2071=VERTEX_POINT('',#6587);
#2072=VERTEX_POINT('',#6589);
#2073=VERTEX_POINT('',#6593);
#2074=VERTEX_POINT('',#6595);
#2075=VERTEX_POINT('',#6599);
#2076=VERTEX_POINT('',#6601);
#2077=VERTEX_POINT('',#6608);
#2078=VERTEX_POINT('',#6609);
#2079=VERTEX_POINT('',#6611);
#2080=VERTEX_POINT('',#6613);
#2081=VERTEX_POINT('',#6617);
#2082=VERTEX_POINT('',#6619);
#2083=VERTEX_POINT('',#6623);
#2084=VERTEX_POINT('',#6625);
#2085=VERTEX_POINT('',#6632);
#2086=VERTEX_POINT('',#6633);
#2087=VERTEX_POINT('',#6635);
#2088=VERTEX_POINT('',#6637);
#2089=VERTEX_POINT('',#6641);
#2090=VERTEX_POINT('',#6643);
#2091=VERTEX_POINT('',#6647);
#2092=VERTEX_POINT('',#6649);
#2093=VERTEX_POINT('',#6656);
#2094=VERTEX_POINT('',#6657);
#2095=VERTEX_POINT('',#6659);
#2096=VERTEX_POINT('',#6661);
#2097=VERTEX_POINT('',#6665);
#2098=VERTEX_POINT('',#6667);
#2099=VERTEX_POINT('',#6671);
#2100=VERTEX_POINT('',#6673);
#2101=VERTEX_POINT('',#6680);
#2102=VERTEX_POINT('',#6681);
#2103=VERTEX_POINT('',#6683);
#2104=VERTEX_POINT('',#6685);
#2105=VERTEX_POINT('',#6689);
#2106=VERTEX_POINT('',#6690);
#2107=VERTEX_POINT('',#6692);
#2108=VERTEX_POINT('',#6694);
#2109=VERTEX_POINT('',#6706);
#2110=VERTEX_POINT('',#6707);
#2111=VERTEX_POINT('',#6709);
#2112=VERTEX_POINT('',#6711);
#2113=VERTEX_POINT('',#6715);
#2114=VERTEX_POINT('',#6716);
#2115=VERTEX_POINT('',#6718);
#2116=VERTEX_POINT('',#6720);
#2117=VERTEX_POINT('',#6732);
#2118=VERTEX_POINT('',#6733);
#2119=VERTEX_POINT('',#6735);
#2120=VERTEX_POINT('',#6737);
#2121=VERTEX_POINT('',#6741);
#2122=VERTEX_POINT('',#6742);
#2123=VERTEX_POINT('',#6744);
#2124=VERTEX_POINT('',#6746);
#2125=VERTEX_POINT('',#6758);
#2126=VERTEX_POINT('',#6759);
#2127=VERTEX_POINT('',#6761);
#2128=VERTEX_POINT('',#6763);
#2129=VERTEX_POINT('',#6767);
#2130=VERTEX_POINT('',#6768);
#2131=VERTEX_POINT('',#6770);
#2132=VERTEX_POINT('',#6772);
#2133=VERTEX_POINT('',#6784);
#2134=VERTEX_POINT('',#6785);
#2135=VERTEX_POINT('',#6787);
#2136=VERTEX_POINT('',#6789);
#2137=VERTEX_POINT('',#6793);
#2138=VERTEX_POINT('',#6794);
#2139=VERTEX_POINT('',#6796);
#2140=VERTEX_POINT('',#6798);
#2141=VERTEX_POINT('',#6810);
#2142=VERTEX_POINT('',#6811);
#2143=VERTEX_POINT('',#6813);
#2144=VERTEX_POINT('',#6815);
#2145=VERTEX_POINT('',#6819);
#2146=VERTEX_POINT('',#6820);
#2147=VERTEX_POINT('',#6822);
#2148=VERTEX_POINT('',#6824);
#2149=VERTEX_POINT('',#6836);
#2150=VERTEX_POINT('',#6837);
#2151=VERTEX_POINT('',#6839);
#2152=VERTEX_POINT('',#6841);
#2153=VERTEX_POINT('',#6845);
#2154=VERTEX_POINT('',#6846);
#2155=VERTEX_POINT('',#6848);
#2156=VERTEX_POINT('',#6850);
#2157=VERTEX_POINT('',#6862);
#2158=VERTEX_POINT('',#6863);
#2159=VERTEX_POINT('',#6865);
#2160=VERTEX_POINT('',#6867);
#2161=VERTEX_POINT('',#6871);
#2162=VERTEX_POINT('',#6872);
#2163=VERTEX_POINT('',#6874);
#2164=VERTEX_POINT('',#6876);
#2165=VERTEX_POINT('',#6888);
#2166=VERTEX_POINT('',#6889);
#2167=VERTEX_POINT('',#6891);
#2168=VERTEX_POINT('',#6893);
#2169=VERTEX_POINT('',#6897);
#2170=VERTEX_POINT('',#6898);
#2171=VERTEX_POINT('',#6900);
#2172=VERTEX_POINT('',#6902);
#2173=VERTEX_POINT('',#6914);
#2174=VERTEX_POINT('',#6915);
#2175=VERTEX_POINT('',#6917);
#2176=VERTEX_POINT('',#6919);
#2177=VERTEX_POINT('',#6923);
#2178=VERTEX_POINT('',#6924);
#2179=VERTEX_POINT('',#6926);
#2180=VERTEX_POINT('',#6928);
#2181=VERTEX_POINT('',#6940);
#2182=VERTEX_POINT('',#6941);
#2183=VERTEX_POINT('',#6943);
#2184=VERTEX_POINT('',#6945);
#2185=VERTEX_POINT('',#6949);
#2186=VERTEX_POINT('',#6950);
#2187=VERTEX_POINT('',#6952);
#2188=VERTEX_POINT('',#6954);
#2189=VERTEX_POINT('',#6966);
#2190=VERTEX_POINT('',#6967);
#2191=VERTEX_POINT('',#6969);
#2192=VERTEX_POINT('',#6971);
#2193=VERTEX_POINT('',#6975);
#2194=VERTEX_POINT('',#6976);
#2195=VERTEX_POINT('',#6978);
#2196=VERTEX_POINT('',#6980);
#2197=VERTEX_POINT('',#6992);
#2198=VERTEX_POINT('',#6993);
#2199=VERTEX_POINT('',#6995);
#2200=VERTEX_POINT('',#6997);
#2201=VERTEX_POINT('',#7001);
#2202=VERTEX_POINT('',#7002);
#2203=VERTEX_POINT('',#7004);
#2204=VERTEX_POINT('',#7006);
#2205=VERTEX_POINT('',#7018);
#2206=VERTEX_POINT('',#7019);
#2207=VERTEX_POINT('',#7021);
#2208=VERTEX_POINT('',#7023);
#2209=VERTEX_POINT('',#7027);
#2210=VERTEX_POINT('',#7028);
#2211=VERTEX_POINT('',#7030);
#2212=VERTEX_POINT('',#7032);
#2213=VERTEX_POINT('',#7044);
#2214=VERTEX_POINT('',#7045);
#2215=VERTEX_POINT('',#7047);
#2216=VERTEX_POINT('',#7049);
#2217=VERTEX_POINT('',#7053);
#2218=VERTEX_POINT('',#7054);
#2219=VERTEX_POINT('',#7056);
#2220=VERTEX_POINT('',#7058);
#2221=VERTEX_POINT('',#7070);
#2222=VERTEX_POINT('',#7071);
#2223=VERTEX_POINT('',#7073);
#2224=VERTEX_POINT('',#7075);
#2225=VERTEX_POINT('',#7079);
#2226=VERTEX_POINT('',#7080);
#2227=VERTEX_POINT('',#7082);
#2228=VERTEX_POINT('',#7084);
#2229=VERTEX_POINT('',#7096);
#2230=VERTEX_POINT('',#7097);
#2231=VERTEX_POINT('',#7099);
#2232=VERTEX_POINT('',#7101);
#2233=VERTEX_POINT('',#7105);
#2234=VERTEX_POINT('',#7106);
#2235=VERTEX_POINT('',#7108);
#2236=VERTEX_POINT('',#7110);
#2237=VERTEX_POINT('',#7122);
#2238=VERTEX_POINT('',#7123);
#2239=VERTEX_POINT('',#7125);
#2240=VERTEX_POINT('',#7127);
#2241=VERTEX_POINT('',#7131);
#2242=VERTEX_POINT('',#7132);
#2243=VERTEX_POINT('',#7134);
#2244=VERTEX_POINT('',#7136);
#2245=VERTEX_POINT('',#7148);
#2246=VERTEX_POINT('',#7149);
#2247=VERTEX_POINT('',#7151);
#2248=VERTEX_POINT('',#7153);
#2249=VERTEX_POINT('',#7157);
#2250=VERTEX_POINT('',#7158);
#2251=VERTEX_POINT('',#7160);
#2252=VERTEX_POINT('',#7162);
#2253=VERTEX_POINT('',#7174);
#2254=VERTEX_POINT('',#7175);
#2255=VERTEX_POINT('',#7177);
#2256=VERTEX_POINT('',#7179);
#2257=VERTEX_POINT('',#7183);
#2258=VERTEX_POINT('',#7184);
#2259=VERTEX_POINT('',#7186);
#2260=VERTEX_POINT('',#7188);
#2261=VERTEX_POINT('',#7200);
#2262=VERTEX_POINT('',#7201);
#2263=VERTEX_POINT('',#7203);
#2264=VERTEX_POINT('',#7205);
#2265=VERTEX_POINT('',#7209);
#2266=VERTEX_POINT('',#7210);
#2267=VERTEX_POINT('',#7212);
#2268=VERTEX_POINT('',#7214);
#2269=VERTEX_POINT('',#7226);
#2270=VERTEX_POINT('',#7227);
#2271=VERTEX_POINT('',#7229);
#2272=VERTEX_POINT('',#7231);
#2273=VERTEX_POINT('',#7235);
#2274=VERTEX_POINT('',#7236);
#2275=VERTEX_POINT('',#7238);
#2276=VERTEX_POINT('',#7240);
#2277=VERTEX_POINT('',#7252);
#2278=VERTEX_POINT('',#7253);
#2279=VERTEX_POINT('',#7255);
#2280=VERTEX_POINT('',#7257);
#2281=VERTEX_POINT('',#7261);
#2282=VERTEX_POINT('',#7262);
#2283=VERTEX_POINT('',#7264);
#2284=VERTEX_POINT('',#7266);
#2285=VERTEX_POINT('',#7278);
#2286=VERTEX_POINT('',#7279);
#2287=VERTEX_POINT('',#7281);
#2288=VERTEX_POINT('',#7283);
#2289=VERTEX_POINT('',#7287);
#2290=VERTEX_POINT('',#7288);
#2291=VERTEX_POINT('',#7290);
#2292=VERTEX_POINT('',#7292);
#2293=VERTEX_POINT('',#7304);
#2294=VERTEX_POINT('',#7305);
#2295=VERTEX_POINT('',#7307);
#2296=VERTEX_POINT('',#7309);
#2297=VERTEX_POINT('',#7313);
#2298=VERTEX_POINT('',#7314);
#2299=VERTEX_POINT('',#7316);
#2300=VERTEX_POINT('',#7318);
#2301=VERTEX_POINT('',#7330);
#2302=VERTEX_POINT('',#7331);
#2303=VERTEX_POINT('',#7333);
#2304=VERTEX_POINT('',#7335);
#2305=VERTEX_POINT('',#7339);
#2306=VERTEX_POINT('',#7340);
#2307=VERTEX_POINT('',#7342);
#2308=VERTEX_POINT('',#7344);
#2309=EDGE_CURVE('',#1901,#1902,#677,.T.);
#2310=EDGE_CURVE('',#1901,#1903,#678,.T.);
#2311=EDGE_CURVE('',#1904,#1903,#679,.T.);
#2312=EDGE_CURVE('',#1902,#1904,#680,.T.);
#2313=EDGE_CURVE('',#1902,#1905,#681,.T.);
#2314=EDGE_CURVE('',#1906,#1904,#682,.T.);
#2315=EDGE_CURVE('',#1905,#1906,#683,.T.);
#2316=EDGE_CURVE('',#1905,#1907,#684,.T.);
#2317=EDGE_CURVE('',#1908,#1906,#685,.T.);
#2318=EDGE_CURVE('',#1907,#1908,#686,.T.);
#2319=EDGE_CURVE('',#1907,#1901,#687,.T.);
#2320=EDGE_CURVE('',#1903,#1908,#688,.T.);
#2321=EDGE_CURVE('',#1909,#1910,#689,.T.);
#2322=EDGE_CURVE('',#1909,#1911,#690,.T.);
#2323=EDGE_CURVE('',#1912,#1911,#691,.T.);
#2324=EDGE_CURVE('',#1910,#1912,#692,.T.);
#2325=EDGE_CURVE('',#1910,#1913,#693,.T.);
#2326=EDGE_CURVE('',#1914,#1912,#694,.T.);
#2327=EDGE_CURVE('',#1913,#1914,#695,.T.);
#2328=EDGE_CURVE('',#1913,#1915,#696,.T.);
#2329=EDGE_CURVE('',#1916,#1914,#697,.T.);
#2330=EDGE_CURVE('',#1915,#1916,#698,.T.);
#2331=EDGE_CURVE('',#1915,#1909,#699,.T.);
#2332=EDGE_CURVE('',#1911,#1916,#700,.T.);
#2333=EDGE_CURVE('',#1917,#1918,#701,.T.);
#2334=EDGE_CURVE('',#1917,#1919,#702,.T.);
#2335=EDGE_CURVE('',#1920,#1919,#703,.T.);
#2336=EDGE_CURVE('',#1918,#1920,#704,.T.);
#2337=EDGE_CURVE('',#1918,#1921,#705,.T.);
#2338=EDGE_CURVE('',#1922,#1920,#706,.T.);
#2339=EDGE_CURVE('',#1921,#1922,#707,.T.);
#2340=EDGE_CURVE('',#1921,#1923,#708,.T.);
#2341=EDGE_CURVE('',#1924,#1922,#709,.T.);
#2342=EDGE_CURVE('',#1923,#1924,#710,.T.);
#2343=EDGE_CURVE('',#1923,#1917,#711,.T.);
#2344=EDGE_CURVE('',#1919,#1924,#712,.T.);
#2345=EDGE_CURVE('',#1925,#1926,#713,.T.);
#2346=EDGE_CURVE('',#1925,#1927,#714,.T.);
#2347=EDGE_CURVE('',#1928,#1927,#715,.T.);
#2348=EDGE_CURVE('',#1926,#1928,#716,.T.);
#2349=EDGE_CURVE('',#1926,#1929,#717,.T.);
#2350=EDGE_CURVE('',#1930,#1928,#718,.T.);
#2351=EDGE_CURVE('',#1929,#1930,#719,.T.);
#2352=EDGE_CURVE('',#1929,#1931,#720,.T.);
#2353=EDGE_CURVE('',#1932,#1930,#721,.T.);
#2354=EDGE_CURVE('',#1931,#1932,#722,.T.);
#2355=EDGE_CURVE('',#1931,#1925,#723,.T.);
#2356=EDGE_CURVE('',#1927,#1932,#724,.T.);
#2357=EDGE_CURVE('',#1933,#1934,#725,.T.);
#2358=EDGE_CURVE('',#1933,#1935,#726,.T.);
#2359=EDGE_CURVE('',#1936,#1935,#727,.T.);
#2360=EDGE_CURVE('',#1934,#1936,#728,.T.);
#2361=EDGE_CURVE('',#1934,#1937,#729,.T.);
#2362=EDGE_CURVE('',#1938,#1936,#730,.T.);
#2363=EDGE_CURVE('',#1937,#1938,#731,.T.);
#2364=EDGE_CURVE('',#1937,#1939,#732,.T.);
#2365=EDGE_CURVE('',#1940,#1938,#733,.T.);
#2366=EDGE_CURVE('',#1939,#1940,#734,.T.);
#2367=EDGE_CURVE('',#1939,#1933,#735,.T.);
#2368=EDGE_CURVE('',#1935,#1940,#736,.T.);
#2369=EDGE_CURVE('',#1941,#1942,#737,.T.);
#2370=EDGE_CURVE('',#1941,#1943,#738,.T.);
#2371=EDGE_CURVE('',#1944,#1943,#739,.T.);
#2372=EDGE_CURVE('',#1942,#1944,#740,.T.);
#2373=EDGE_CURVE('',#1942,#1945,#741,.T.);
#2374=EDGE_CURVE('',#1946,#1944,#742,.T.);
#2375=EDGE_CURVE('',#1945,#1946,#743,.T.);
#2376=EDGE_CURVE('',#1945,#1947,#744,.T.);
#2377=EDGE_CURVE('',#1948,#1946,#745,.T.);
#2378=EDGE_CURVE('',#1947,#1948,#746,.T.);
#2379=EDGE_CURVE('',#1947,#1941,#747,.T.);
#2380=EDGE_CURVE('',#1943,#1948,#748,.T.);
#2381=EDGE_CURVE('',#1949,#1950,#749,.T.);
#2382=EDGE_CURVE('',#1949,#1951,#750,.T.);
#2383=EDGE_CURVE('',#1952,#1951,#751,.T.);
#2384=EDGE_CURVE('',#1950,#1952,#752,.T.);
#2385=EDGE_CURVE('',#1950,#1953,#753,.T.);
#2386=EDGE_CURVE('',#1954,#1952,#754,.T.);
#2387=EDGE_CURVE('',#1953,#1954,#755,.T.);
#2388=EDGE_CURVE('',#1953,#1955,#756,.T.);
#2389=EDGE_CURVE('',#1956,#1954,#757,.T.);
#2390=EDGE_CURVE('',#1955,#1956,#758,.T.);
#2391=EDGE_CURVE('',#1955,#1949,#759,.T.);
#2392=EDGE_CURVE('',#1951,#1956,#760,.T.);
#2393=EDGE_CURVE('',#1957,#1958,#761,.T.);
#2394=EDGE_CURVE('',#1957,#1959,#762,.T.);
#2395=EDGE_CURVE('',#1960,#1959,#763,.T.);
#2396=EDGE_CURVE('',#1958,#1960,#764,.T.);
#2397=EDGE_CURVE('',#1958,#1961,#765,.T.);
#2398=EDGE_CURVE('',#1962,#1960,#766,.T.);
#2399=EDGE_CURVE('',#1961,#1962,#767,.T.);
#2400=EDGE_CURVE('',#1961,#1963,#768,.T.);
#2401=EDGE_CURVE('',#1964,#1962,#769,.T.);
#2402=EDGE_CURVE('',#1963,#1964,#770,.T.);
#2403=EDGE_CURVE('',#1963,#1957,#771,.T.);
#2404=EDGE_CURVE('',#1959,#1964,#772,.T.);
#2405=EDGE_CURVE('',#1965,#1966,#773,.T.);
#2406=EDGE_CURVE('',#1965,#1967,#774,.T.);
#2407=EDGE_CURVE('',#1968,#1967,#775,.T.);
#2408=EDGE_CURVE('',#1966,#1968,#776,.T.);
#2409=EDGE_CURVE('',#1966,#1969,#777,.T.);
#2410=EDGE_CURVE('',#1970,#1968,#778,.T.);
#2411=EDGE_CURVE('',#1969,#1970,#779,.T.);
#2412=EDGE_CURVE('',#1969,#1971,#780,.T.);
#2413=EDGE_CURVE('',#1972,#1970,#781,.T.);
#2414=EDGE_CURVE('',#1971,#1972,#782,.T.);
#2415=EDGE_CURVE('',#1971,#1965,#783,.T.);
#2416=EDGE_CURVE('',#1967,#1972,#784,.T.);
#2417=EDGE_CURVE('',#1973,#1974,#785,.T.);
#2418=EDGE_CURVE('',#1973,#1975,#786,.T.);
#2419=EDGE_CURVE('',#1976,#1975,#787,.T.);
#2420=EDGE_CURVE('',#1974,#1976,#788,.T.);
#2421=EDGE_CURVE('',#1974,#1977,#789,.T.);
#2422=EDGE_CURVE('',#1978,#1976,#790,.T.);
#2423=EDGE_CURVE('',#1977,#1978,#791,.T.);
#2424=EDGE_CURVE('',#1977,#1979,#792,.T.);
#2425=EDGE_CURVE('',#1980,#1978,#793,.T.);
#2426=EDGE_CURVE('',#1979,#1980,#794,.T.);
#2427=EDGE_CURVE('',#1979,#1973,#795,.T.);
#2428=EDGE_CURVE('',#1975,#1980,#796,.T.);
#2429=EDGE_CURVE('',#1981,#1982,#797,.T.);
#2430=EDGE_CURVE('',#1981,#1983,#798,.T.);
#2431=EDGE_CURVE('',#1984,#1983,#799,.T.);
#2432=EDGE_CURVE('',#1982,#1984,#800,.T.);
#2433=EDGE_CURVE('',#1982,#1985,#801,.T.);
#2434=EDGE_CURVE('',#1986,#1984,#802,.T.);
#2435=EDGE_CURVE('',#1985,#1986,#803,.T.);
#2436=EDGE_CURVE('',#1985,#1987,#804,.T.);
#2437=EDGE_CURVE('',#1988,#1986,#805,.T.);
#2438=EDGE_CURVE('',#1987,#1988,#806,.T.);
#2439=EDGE_CURVE('',#1987,#1981,#807,.T.);
#2440=EDGE_CURVE('',#1983,#1988,#808,.T.);
#2441=EDGE_CURVE('',#1989,#1990,#809,.T.);
#2442=EDGE_CURVE('',#1989,#1991,#810,.T.);
#2443=EDGE_CURVE('',#1992,#1991,#811,.T.);
#2444=EDGE_CURVE('',#1990,#1992,#812,.T.);
#2445=EDGE_CURVE('',#1990,#1993,#813,.T.);
#2446=EDGE_CURVE('',#1994,#1992,#814,.T.);
#2447=EDGE_CURVE('',#1993,#1994,#815,.T.);
#2448=EDGE_CURVE('',#1993,#1995,#816,.T.);
#2449=EDGE_CURVE('',#1996,#1994,#817,.T.);
#2450=EDGE_CURVE('',#1995,#1996,#818,.T.);
#2451=EDGE_CURVE('',#1995,#1989,#819,.T.);
#2452=EDGE_CURVE('',#1991,#1996,#820,.T.);
#2453=EDGE_CURVE('',#1997,#1998,#821,.T.);
#2454=EDGE_CURVE('',#1997,#1999,#822,.T.);
#2455=EDGE_CURVE('',#2000,#1999,#823,.T.);
#2456=EDGE_CURVE('',#1998,#2000,#824,.T.);
#2457=EDGE_CURVE('',#1998,#2001,#825,.T.);
#2458=EDGE_CURVE('',#2002,#2000,#826,.T.);
#2459=EDGE_CURVE('',#2001,#2002,#827,.T.);
#2460=EDGE_CURVE('',#2001,#2003,#828,.T.);
#2461=EDGE_CURVE('',#2004,#2002,#829,.T.);
#2462=EDGE_CURVE('',#2003,#2004,#830,.T.);
#2463=EDGE_CURVE('',#2003,#1997,#831,.T.);
#2464=EDGE_CURVE('',#1999,#2004,#832,.T.);
#2465=EDGE_CURVE('',#2005,#2006,#833,.T.);
#2466=EDGE_CURVE('',#2005,#2007,#834,.T.);
#2467=EDGE_CURVE('',#2008,#2007,#835,.T.);
#2468=EDGE_CURVE('',#2006,#2008,#836,.T.);
#2469=EDGE_CURVE('',#2006,#2009,#837,.T.);
#2470=EDGE_CURVE('',#2010,#2008,#838,.T.);
#2471=EDGE_CURVE('',#2009,#2010,#839,.T.);
#2472=EDGE_CURVE('',#2009,#2011,#840,.T.);
#2473=EDGE_CURVE('',#2012,#2010,#841,.T.);
#2474=EDGE_CURVE('',#2011,#2012,#842,.T.);
#2475=EDGE_CURVE('',#2011,#2005,#843,.T.);
#2476=EDGE_CURVE('',#2007,#2012,#844,.T.);
#2477=EDGE_CURVE('',#2013,#2014,#845,.T.);
#2478=EDGE_CURVE('',#2013,#2015,#846,.T.);
#2479=EDGE_CURVE('',#2016,#2015,#847,.T.);
#2480=EDGE_CURVE('',#2014,#2016,#848,.T.);
#2481=EDGE_CURVE('',#2014,#2017,#849,.T.);
#2482=EDGE_CURVE('',#2018,#2016,#850,.T.);
#2483=EDGE_CURVE('',#2017,#2018,#851,.T.);
#2484=EDGE_CURVE('',#2017,#2019,#852,.T.);
#2485=EDGE_CURVE('',#2020,#2018,#853,.T.);
#2486=EDGE_CURVE('',#2019,#2020,#854,.T.);
#2487=EDGE_CURVE('',#2019,#2013,#855,.T.);
#2488=EDGE_CURVE('',#2015,#2020,#856,.T.);
#2489=EDGE_CURVE('',#2021,#2022,#857,.T.);
#2490=EDGE_CURVE('',#2021,#2023,#858,.T.);
#2491=EDGE_CURVE('',#2024,#2023,#859,.T.);
#2492=EDGE_CURVE('',#2022,#2024,#860,.T.);
#2493=EDGE_CURVE('',#2022,#2025,#861,.T.);
#2494=EDGE_CURVE('',#2026,#2024,#862,.T.);
#2495=EDGE_CURVE('',#2025,#2026,#863,.T.);
#2496=EDGE_CURVE('',#2025,#2027,#864,.T.);
#2497=EDGE_CURVE('',#2028,#2026,#865,.T.);
#2498=EDGE_CURVE('',#2027,#2028,#866,.T.);
#2499=EDGE_CURVE('',#2027,#2021,#867,.T.);
#2500=EDGE_CURVE('',#2023,#2028,#868,.T.);
#2501=EDGE_CURVE('',#2029,#2030,#869,.T.);
#2502=EDGE_CURVE('',#2029,#2031,#870,.T.);
#2503=EDGE_CURVE('',#2032,#2031,#871,.T.);
#2504=EDGE_CURVE('',#2030,#2032,#872,.T.);
#2505=EDGE_CURVE('',#2030,#2033,#873,.T.);
#2506=EDGE_CURVE('',#2034,#2032,#874,.T.);
#2507=EDGE_CURVE('',#2033,#2034,#875,.T.);
#2508=EDGE_CURVE('',#2033,#2035,#876,.T.);
#2509=EDGE_CURVE('',#2036,#2034,#877,.T.);
#2510=EDGE_CURVE('',#2035,#2036,#878,.T.);
#2511=EDGE_CURVE('',#2035,#2029,#879,.T.);
#2512=EDGE_CURVE('',#2031,#2036,#880,.T.);
#2513=EDGE_CURVE('',#2037,#2038,#881,.T.);
#2514=EDGE_CURVE('',#2037,#2039,#882,.T.);
#2515=EDGE_CURVE('',#2040,#2039,#883,.T.);
#2516=EDGE_CURVE('',#2038,#2040,#884,.T.);
#2517=EDGE_CURVE('',#2038,#2041,#885,.T.);
#2518=EDGE_CURVE('',#2042,#2040,#886,.T.);
#2519=EDGE_CURVE('',#2041,#2042,#887,.T.);
#2520=EDGE_CURVE('',#2041,#2043,#888,.T.);
#2521=EDGE_CURVE('',#2044,#2042,#889,.T.);
#2522=EDGE_CURVE('',#2043,#2044,#890,.T.);
#2523=EDGE_CURVE('',#2043,#2037,#891,.T.);
#2524=EDGE_CURVE('',#2039,#2044,#892,.T.);
#2525=EDGE_CURVE('',#2045,#2046,#893,.T.);
#2526=EDGE_CURVE('',#2045,#2047,#894,.T.);
#2527=EDGE_CURVE('',#2048,#2047,#895,.T.);
#2528=EDGE_CURVE('',#2046,#2048,#896,.T.);
#2529=EDGE_CURVE('',#2046,#2049,#897,.T.);
#2530=EDGE_CURVE('',#2050,#2048,#898,.T.);
#2531=EDGE_CURVE('',#2049,#2050,#899,.T.);
#2532=EDGE_CURVE('',#2049,#2051,#900,.T.);
#2533=EDGE_CURVE('',#2052,#2050,#901,.T.);
#2534=EDGE_CURVE('',#2051,#2052,#902,.T.);
#2535=EDGE_CURVE('',#2051,#2045,#903,.T.);
#2536=EDGE_CURVE('',#2047,#2052,#904,.T.);
#2537=EDGE_CURVE('',#2053,#2054,#905,.T.);
#2538=EDGE_CURVE('',#2053,#2055,#906,.T.);
#2539=EDGE_CURVE('',#2056,#2055,#907,.T.);
#2540=EDGE_CURVE('',#2054,#2056,#908,.T.);
#2541=EDGE_CURVE('',#2054,#2057,#909,.T.);
#2542=EDGE_CURVE('',#2058,#2056,#910,.T.);
#2543=EDGE_CURVE('',#2057,#2058,#911,.T.);
#2544=EDGE_CURVE('',#2057,#2059,#912,.T.);
#2545=EDGE_CURVE('',#2060,#2058,#913,.T.);
#2546=EDGE_CURVE('',#2059,#2060,#914,.T.);
#2547=EDGE_CURVE('',#2059,#2053,#915,.T.);
#2548=EDGE_CURVE('',#2055,#2060,#916,.T.);
#2549=EDGE_CURVE('',#2061,#2062,#917,.T.);
#2550=EDGE_CURVE('',#2061,#2063,#918,.T.);
#2551=EDGE_CURVE('',#2064,#2063,#919,.T.);
#2552=EDGE_CURVE('',#2062,#2064,#920,.T.);
#2553=EDGE_CURVE('',#2062,#2065,#921,.T.);
#2554=EDGE_CURVE('',#2066,#2064,#922,.T.);
#2555=EDGE_CURVE('',#2065,#2066,#923,.T.);
#2556=EDGE_CURVE('',#2065,#2067,#924,.T.);
#2557=EDGE_CURVE('',#2068,#2066,#925,.T.);
#2558=EDGE_CURVE('',#2067,#2068,#926,.T.);
#2559=EDGE_CURVE('',#2067,#2061,#927,.T.);
#2560=EDGE_CURVE('',#2063,#2068,#928,.T.);
#2561=EDGE_CURVE('',#2069,#2070,#929,.T.);
#2562=EDGE_CURVE('',#2069,#2071,#930,.T.);
#2563=EDGE_CURVE('',#2072,#2071,#931,.T.);
#2564=EDGE_CURVE('',#2070,#2072,#932,.T.);
#2565=EDGE_CURVE('',#2070,#2073,#933,.T.);
#2566=EDGE_CURVE('',#2074,#2072,#934,.T.);
#2567=EDGE_CURVE('',#2073,#2074,#935,.T.);
#2568=EDGE_CURVE('',#2073,#2075,#936,.T.);
#2569=EDGE_CURVE('',#2076,#2074,#937,.T.);
#2570=EDGE_CURVE('',#2075,#2076,#938,.T.);
#2571=EDGE_CURVE('',#2075,#2069,#939,.T.);
#2572=EDGE_CURVE('',#2071,#2076,#940,.T.);
#2573=EDGE_CURVE('',#2077,#2078,#941,.T.);
#2574=EDGE_CURVE('',#2077,#2079,#942,.T.);
#2575=EDGE_CURVE('',#2080,#2079,#943,.T.);
#2576=EDGE_CURVE('',#2078,#2080,#944,.T.);
#2577=EDGE_CURVE('',#2078,#2081,#945,.T.);
#2578=EDGE_CURVE('',#2082,#2080,#946,.T.);
#2579=EDGE_CURVE('',#2081,#2082,#947,.T.);
#2580=EDGE_CURVE('',#2081,#2083,#948,.T.);
#2581=EDGE_CURVE('',#2084,#2082,#949,.T.);
#2582=EDGE_CURVE('',#2083,#2084,#950,.T.);
#2583=EDGE_CURVE('',#2083,#2077,#951,.T.);
#2584=EDGE_CURVE('',#2079,#2084,#952,.T.);
#2585=EDGE_CURVE('',#2085,#2086,#953,.T.);
#2586=EDGE_CURVE('',#2085,#2087,#954,.T.);
#2587=EDGE_CURVE('',#2088,#2087,#955,.T.);
#2588=EDGE_CURVE('',#2086,#2088,#956,.T.);
#2589=EDGE_CURVE('',#2086,#2089,#957,.T.);
#2590=EDGE_CURVE('',#2090,#2088,#958,.T.);
#2591=EDGE_CURVE('',#2089,#2090,#959,.T.);
#2592=EDGE_CURVE('',#2089,#2091,#960,.T.);
#2593=EDGE_CURVE('',#2092,#2090,#961,.T.);
#2594=EDGE_CURVE('',#2091,#2092,#962,.T.);
#2595=EDGE_CURVE('',#2091,#2085,#963,.T.);
#2596=EDGE_CURVE('',#2087,#2092,#964,.T.);
#2597=EDGE_CURVE('',#2093,#2094,#965,.T.);
#2598=EDGE_CURVE('',#2093,#2095,#966,.T.);
#2599=EDGE_CURVE('',#2096,#2095,#967,.T.);
#2600=EDGE_CURVE('',#2094,#2096,#968,.T.);
#2601=EDGE_CURVE('',#2094,#2097,#969,.T.);
#2602=EDGE_CURVE('',#2098,#2096,#970,.T.);
#2603=EDGE_CURVE('',#2097,#2098,#971,.T.);
#2604=EDGE_CURVE('',#2097,#2099,#972,.T.);
#2605=EDGE_CURVE('',#2100,#2098,#973,.T.);
#2606=EDGE_CURVE('',#2099,#2100,#974,.T.);
#2607=EDGE_CURVE('',#2099,#2093,#975,.T.);
#2608=EDGE_CURVE('',#2095,#2100,#976,.T.);
#2609=EDGE_CURVE('',#2101,#2102,#977,.T.);
#2610=EDGE_CURVE('',#2102,#2103,#978,.T.);
#2611=EDGE_CURVE('',#2103,#2104,#979,.T.);
#2612=EDGE_CURVE('',#2104,#2101,#980,.T.);
#2613=EDGE_CURVE('',#2105,#2106,#981,.T.);
#2614=EDGE_CURVE('',#2106,#2107,#982,.T.);
#2615=EDGE_CURVE('',#2107,#2108,#983,.T.);
#2616=EDGE_CURVE('',#2108,#2105,#984,.T.);
#2617=EDGE_CURVE('',#2104,#2107,#985,.T.);
#2618=EDGE_CURVE('',#2101,#2106,#986,.T.);
#2619=EDGE_CURVE('',#2103,#2108,#987,.T.);
#2620=EDGE_CURVE('',#2102,#2105,#988,.T.);
#2621=EDGE_CURVE('',#2109,#2110,#989,.T.);
#2622=EDGE_CURVE('',#2110,#2111,#990,.T.);
#2623=EDGE_CURVE('',#2111,#2112,#991,.T.);
#2624=EDGE_CURVE('',#2112,#2109,#992,.T.);
#2625=EDGE_CURVE('',#2113,#2114,#993,.T.);
#2626=EDGE_CURVE('',#2114,#2115,#994,.T.);
#2627=EDGE_CURVE('',#2115,#2116,#995,.T.);
#2628=EDGE_CURVE('',#2116,#2113,#996,.T.);
#2629=EDGE_CURVE('',#2112,#2115,#997,.T.);
#2630=EDGE_CURVE('',#2109,#2114,#998,.T.);
#2631=EDGE_CURVE('',#2111,#2116,#999,.T.);
#2632=EDGE_CURVE('',#2110,#2113,#1000,.T.);
#2633=EDGE_CURVE('',#2117,#2118,#1001,.T.);
#2634=EDGE_CURVE('',#2118,#2119,#1002,.T.);
#2635=EDGE_CURVE('',#2119,#2120,#1003,.T.);
#2636=EDGE_CURVE('',#2120,#2117,#1004,.T.);
#2637=EDGE_CURVE('',#2121,#2122,#1005,.T.);
#2638=EDGE_CURVE('',#2122,#2123,#1006,.T.);
#2639=EDGE_CURVE('',#2123,#2124,#1007,.T.);
#2640=EDGE_CURVE('',#2124,#2121,#1008,.T.);
#2641=EDGE_CURVE('',#2120,#2123,#1009,.T.);
#2642=EDGE_CURVE('',#2117,#2122,#1010,.T.);
#2643=EDGE_CURVE('',#2119,#2124,#1011,.T.);
#2644=EDGE_CURVE('',#2118,#2121,#1012,.T.);
#2645=EDGE_CURVE('',#2125,#2126,#1013,.T.);
#2646=EDGE_CURVE('',#2126,#2127,#1014,.T.);
#2647=EDGE_CURVE('',#2127,#2128,#1015,.T.);
#2648=EDGE_CURVE('',#2128,#2125,#1016,.T.);
#2649=EDGE_CURVE('',#2129,#2130,#1017,.T.);
#2650=EDGE_CURVE('',#2130,#2131,#1018,.T.);
#2651=EDGE_CURVE('',#2131,#2132,#1019,.T.);
#2652=EDGE_CURVE('',#2132,#2129,#1020,.T.);
#2653=EDGE_CURVE('',#2128,#2131,#1021,.T.);
#2654=EDGE_CURVE('',#2125,#2130,#1022,.T.);
#2655=EDGE_CURVE('',#2127,#2132,#1023,.T.);
#2656=EDGE_CURVE('',#2126,#2129,#1024,.T.);
#2657=EDGE_CURVE('',#2133,#2134,#1025,.T.);
#2658=EDGE_CURVE('',#2134,#2135,#1026,.T.);
#2659=EDGE_CURVE('',#2135,#2136,#1027,.T.);
#2660=EDGE_CURVE('',#2136,#2133,#1028,.T.);
#2661=EDGE_CURVE('',#2137,#2138,#1029,.T.);
#2662=EDGE_CURVE('',#2138,#2139,#1030,.T.);
#2663=EDGE_CURVE('',#2139,#2140,#1031,.T.);
#2664=EDGE_CURVE('',#2140,#2137,#1032,.T.);
#2665=EDGE_CURVE('',#2136,#2139,#1033,.T.);
#2666=EDGE_CURVE('',#2133,#2138,#1034,.T.);
#2667=EDGE_CURVE('',#2135,#2140,#1035,.T.);
#2668=EDGE_CURVE('',#2134,#2137,#1036,.T.);
#2669=EDGE_CURVE('',#2141,#2142,#1037,.T.);
#2670=EDGE_CURVE('',#2142,#2143,#1038,.T.);
#2671=EDGE_CURVE('',#2143,#2144,#1039,.T.);
#2672=EDGE_CURVE('',#2144,#2141,#1040,.T.);
#2673=EDGE_CURVE('',#2145,#2146,#1041,.T.);
#2674=EDGE_CURVE('',#2146,#2147,#1042,.T.);
#2675=EDGE_CURVE('',#2147,#2148,#1043,.T.);
#2676=EDGE_CURVE('',#2148,#2145,#1044,.T.);
#2677=EDGE_CURVE('',#2144,#2147,#1045,.T.);
#2678=EDGE_CURVE('',#2141,#2146,#1046,.T.);
#2679=EDGE_CURVE('',#2143,#2148,#1047,.T.);
#2680=EDGE_CURVE('',#2142,#2145,#1048,.T.);
#2681=EDGE_CURVE('',#2149,#2150,#1049,.T.);
#2682=EDGE_CURVE('',#2150,#2151,#1050,.T.);
#2683=EDGE_CURVE('',#2151,#2152,#1051,.T.);
#2684=EDGE_CURVE('',#2152,#2149,#1052,.T.);
#2685=EDGE_CURVE('',#2153,#2154,#1053,.T.);
#2686=EDGE_CURVE('',#2154,#2155,#1054,.T.);
#2687=EDGE_CURVE('',#2155,#2156,#1055,.T.);
#2688=EDGE_CURVE('',#2156,#2153,#1056,.T.);
#2689=EDGE_CURVE('',#2152,#2155,#1057,.T.);
#2690=EDGE_CURVE('',#2149,#2154,#1058,.T.);
#2691=EDGE_CURVE('',#2151,#2156,#1059,.T.);
#2692=EDGE_CURVE('',#2150,#2153,#1060,.T.);
#2693=EDGE_CURVE('',#2157,#2158,#1061,.T.);
#2694=EDGE_CURVE('',#2158,#2159,#1062,.T.);
#2695=EDGE_CURVE('',#2159,#2160,#1063,.T.);
#2696=EDGE_CURVE('',#2160,#2157,#1064,.T.);
#2697=EDGE_CURVE('',#2161,#2162,#1065,.T.);
#2698=EDGE_CURVE('',#2162,#2163,#1066,.T.);
#2699=EDGE_CURVE('',#2163,#2164,#1067,.T.);
#2700=EDGE_CURVE('',#2164,#2161,#1068,.T.);
#2701=EDGE_CURVE('',#2160,#2163,#1069,.T.);
#2702=EDGE_CURVE('',#2157,#2162,#1070,.T.);
#2703=EDGE_CURVE('',#2159,#2164,#1071,.T.);
#2704=EDGE_CURVE('',#2158,#2161,#1072,.T.);
#2705=EDGE_CURVE('',#2165,#2166,#1073,.T.);
#2706=EDGE_CURVE('',#2166,#2167,#1074,.T.);
#2707=EDGE_CURVE('',#2167,#2168,#1075,.T.);
#2708=EDGE_CURVE('',#2168,#2165,#1076,.T.);
#2709=EDGE_CURVE('',#2169,#2170,#1077,.T.);
#2710=EDGE_CURVE('',#2170,#2171,#1078,.T.);
#2711=EDGE_CURVE('',#2171,#2172,#1079,.T.);
#2712=EDGE_CURVE('',#2172,#2169,#1080,.T.);
#2713=EDGE_CURVE('',#2168,#2171,#1081,.T.);
#2714=EDGE_CURVE('',#2165,#2170,#1082,.T.);
#2715=EDGE_CURVE('',#2167,#2172,#1083,.T.);
#2716=EDGE_CURVE('',#2166,#2169,#1084,.T.);
#2717=EDGE_CURVE('',#2173,#2174,#1085,.T.);
#2718=EDGE_CURVE('',#2174,#2175,#1086,.T.);
#2719=EDGE_CURVE('',#2175,#2176,#1087,.T.);
#2720=EDGE_CURVE('',#2176,#2173,#1088,.T.);
#2721=EDGE_CURVE('',#2177,#2178,#1089,.T.);
#2722=EDGE_CURVE('',#2178,#2179,#1090,.T.);
#2723=EDGE_CURVE('',#2179,#2180,#1091,.T.);
#2724=EDGE_CURVE('',#2180,#2177,#1092,.T.);
#2725=EDGE_CURVE('',#2176,#2179,#1093,.T.);
#2726=EDGE_CURVE('',#2173,#2178,#1094,.T.);
#2727=EDGE_CURVE('',#2175,#2180,#1095,.T.);
#2728=EDGE_CURVE('',#2174,#2177,#1096,.T.);
#2729=EDGE_CURVE('',#2181,#2182,#1097,.T.);
#2730=EDGE_CURVE('',#2182,#2183,#1098,.T.);
#2731=EDGE_CURVE('',#2183,#2184,#1099,.T.);
#2732=EDGE_CURVE('',#2184,#2181,#1100,.T.);
#2733=EDGE_CURVE('',#2185,#2186,#1101,.T.);
#2734=EDGE_CURVE('',#2186,#2187,#1102,.T.);
#2735=EDGE_CURVE('',#2187,#2188,#1103,.T.);
#2736=EDGE_CURVE('',#2188,#2185,#1104,.T.);
#2737=EDGE_CURVE('',#2184,#2187,#1105,.T.);
#2738=EDGE_CURVE('',#2181,#2186,#1106,.T.);
#2739=EDGE_CURVE('',#2183,#2188,#1107,.T.);
#2740=EDGE_CURVE('',#2182,#2185,#1108,.T.);
#2741=EDGE_CURVE('',#2189,#2190,#1109,.T.);
#2742=EDGE_CURVE('',#2190,#2191,#1110,.T.);
#2743=EDGE_CURVE('',#2191,#2192,#1111,.T.);
#2744=EDGE_CURVE('',#2192,#2189,#1112,.T.);
#2745=EDGE_CURVE('',#2193,#2194,#1113,.T.);
#2746=EDGE_CURVE('',#2194,#2195,#1114,.T.);
#2747=EDGE_CURVE('',#2195,#2196,#1115,.T.);
#2748=EDGE_CURVE('',#2196,#2193,#1116,.T.);
#2749=EDGE_CURVE('',#2192,#2195,#1117,.T.);
#2750=EDGE_CURVE('',#2189,#2194,#1118,.T.);
#2751=EDGE_CURVE('',#2191,#2196,#1119,.T.);
#2752=EDGE_CURVE('',#2190,#2193,#1120,.T.);
#2753=EDGE_CURVE('',#2197,#2198,#1121,.T.);
#2754=EDGE_CURVE('',#2198,#2199,#1122,.T.);
#2755=EDGE_CURVE('',#2199,#2200,#1123,.T.);
#2756=EDGE_CURVE('',#2200,#2197,#1124,.T.);
#2757=EDGE_CURVE('',#2201,#2202,#1125,.T.);
#2758=EDGE_CURVE('',#2202,#2203,#1126,.T.);
#2759=EDGE_CURVE('',#2203,#2204,#1127,.T.);
#2760=EDGE_CURVE('',#2204,#2201,#1128,.T.);
#2761=EDGE_CURVE('',#2200,#2203,#1129,.T.);
#2762=EDGE_CURVE('',#2197,#2202,#1130,.T.);
#2763=EDGE_CURVE('',#2199,#2204,#1131,.T.);
#2764=EDGE_CURVE('',#2198,#2201,#1132,.T.);
#2765=EDGE_CURVE('',#2205,#2206,#1133,.T.);
#2766=EDGE_CURVE('',#2206,#2207,#1134,.T.);
#2767=EDGE_CURVE('',#2207,#2208,#1135,.T.);
#2768=EDGE_CURVE('',#2208,#2205,#1136,.T.);
#2769=EDGE_CURVE('',#2209,#2210,#1137,.T.);
#2770=EDGE_CURVE('',#2210,#2211,#1138,.T.);
#2771=EDGE_CURVE('',#2211,#2212,#1139,.T.);
#2772=EDGE_CURVE('',#2212,#2209,#1140,.T.);
#2773=EDGE_CURVE('',#2208,#2211,#1141,.T.);
#2774=EDGE_CURVE('',#2205,#2210,#1142,.T.);
#2775=EDGE_CURVE('',#2207,#2212,#1143,.T.);
#2776=EDGE_CURVE('',#2206,#2209,#1144,.T.);
#2777=EDGE_CURVE('',#2213,#2214,#1145,.T.);
#2778=EDGE_CURVE('',#2214,#2215,#1146,.T.);
#2779=EDGE_CURVE('',#2215,#2216,#1147,.T.);
#2780=EDGE_CURVE('',#2216,#2213,#1148,.T.);
#2781=EDGE_CURVE('',#2217,#2218,#1149,.T.);
#2782=EDGE_CURVE('',#2218,#2219,#1150,.T.);
#2783=EDGE_CURVE('',#2219,#2220,#1151,.T.);
#2784=EDGE_CURVE('',#2220,#2217,#1152,.T.);
#2785=EDGE_CURVE('',#2216,#2219,#1153,.T.);
#2786=EDGE_CURVE('',#2213,#2218,#1154,.T.);
#2787=EDGE_CURVE('',#2215,#2220,#1155,.T.);
#2788=EDGE_CURVE('',#2214,#2217,#1156,.T.);
#2789=EDGE_CURVE('',#2221,#2222,#1157,.T.);
#2790=EDGE_CURVE('',#2222,#2223,#1158,.T.);
#2791=EDGE_CURVE('',#2223,#2224,#1159,.T.);
#2792=EDGE_CURVE('',#2224,#2221,#1160,.T.);
#2793=EDGE_CURVE('',#2225,#2226,#1161,.T.);
#2794=EDGE_CURVE('',#2226,#2227,#1162,.T.);
#2795=EDGE_CURVE('',#2227,#2228,#1163,.T.);
#2796=EDGE_CURVE('',#2228,#2225,#1164,.T.);
#2797=EDGE_CURVE('',#2224,#2227,#1165,.T.);
#2798=EDGE_CURVE('',#2221,#2226,#1166,.T.);
#2799=EDGE_CURVE('',#2223,#2228,#1167,.T.);
#2800=EDGE_CURVE('',#2222,#2225,#1168,.T.);
#2801=EDGE_CURVE('',#2229,#2230,#1169,.T.);
#2802=EDGE_CURVE('',#2230,#2231,#1170,.T.);
#2803=EDGE_CURVE('',#2231,#2232,#1171,.T.);
#2804=EDGE_CURVE('',#2232,#2229,#1172,.T.);
#2805=EDGE_CURVE('',#2233,#2234,#1173,.T.);
#2806=EDGE_CURVE('',#2234,#2235,#1174,.T.);
#2807=EDGE_CURVE('',#2235,#2236,#1175,.T.);
#2808=EDGE_CURVE('',#2236,#2233,#1176,.T.);
#2809=EDGE_CURVE('',#2232,#2235,#1177,.T.);
#2810=EDGE_CURVE('',#2229,#2234,#1178,.T.);
#2811=EDGE_CURVE('',#2231,#2236,#1179,.T.);
#2812=EDGE_CURVE('',#2230,#2233,#1180,.T.);
#2813=EDGE_CURVE('',#2237,#2238,#1181,.T.);
#2814=EDGE_CURVE('',#2238,#2239,#1182,.T.);
#2815=EDGE_CURVE('',#2239,#2240,#1183,.T.);
#2816=EDGE_CURVE('',#2240,#2237,#1184,.T.);
#2817=EDGE_CURVE('',#2241,#2242,#1185,.T.);
#2818=EDGE_CURVE('',#2242,#2243,#1186,.T.);
#2819=EDGE_CURVE('',#2243,#2244,#1187,.T.);
#2820=EDGE_CURVE('',#2244,#2241,#1188,.T.);
#2821=EDGE_CURVE('',#2240,#2243,#1189,.T.);
#2822=EDGE_CURVE('',#2237,#2242,#1190,.T.);
#2823=EDGE_CURVE('',#2239,#2244,#1191,.T.);
#2824=EDGE_CURVE('',#2238,#2241,#1192,.T.);
#2825=EDGE_CURVE('',#2245,#2246,#1193,.T.);
#2826=EDGE_CURVE('',#2246,#2247,#1194,.T.);
#2827=EDGE_CURVE('',#2247,#2248,#1195,.T.);
#2828=EDGE_CURVE('',#2248,#2245,#1196,.T.);
#2829=EDGE_CURVE('',#2249,#2250,#1197,.T.);
#2830=EDGE_CURVE('',#2250,#2251,#1198,.T.);
#2831=EDGE_CURVE('',#2251,#2252,#1199,.T.);
#2832=EDGE_CURVE('',#2252,#2249,#1200,.T.);
#2833=EDGE_CURVE('',#2248,#2251,#1201,.T.);
#2834=EDGE_CURVE('',#2245,#2250,#1202,.T.);
#2835=EDGE_CURVE('',#2247,#2252,#1203,.T.);
#2836=EDGE_CURVE('',#2246,#2249,#1204,.T.);
#2837=EDGE_CURVE('',#2253,#2254,#1205,.T.);
#2838=EDGE_CURVE('',#2254,#2255,#1206,.T.);
#2839=EDGE_CURVE('',#2255,#2256,#1207,.T.);
#2840=EDGE_CURVE('',#2256,#2253,#1208,.T.);
#2841=EDGE_CURVE('',#2257,#2258,#1209,.T.);
#2842=EDGE_CURVE('',#2258,#2259,#1210,.T.);
#2843=EDGE_CURVE('',#2259,#2260,#1211,.T.);
#2844=EDGE_CURVE('',#2260,#2257,#1212,.T.);
#2845=EDGE_CURVE('',#2256,#2259,#1213,.T.);
#2846=EDGE_CURVE('',#2253,#2258,#1214,.T.);
#2847=EDGE_CURVE('',#2255,#2260,#1215,.T.);
#2848=EDGE_CURVE('',#2254,#2257,#1216,.T.);
#2849=EDGE_CURVE('',#2261,#2262,#1217,.T.);
#2850=EDGE_CURVE('',#2262,#2263,#1218,.T.);
#2851=EDGE_CURVE('',#2263,#2264,#1219,.T.);
#2852=EDGE_CURVE('',#2264,#2261,#1220,.T.);
#2853=EDGE_CURVE('',#2265,#2266,#1221,.T.);
#2854=EDGE_CURVE('',#2266,#2267,#1222,.T.);
#2855=EDGE_CURVE('',#2267,#2268,#1223,.T.);
#2856=EDGE_CURVE('',#2268,#2265,#1224,.T.);
#2857=EDGE_CURVE('',#2264,#2267,#1225,.T.);
#2858=EDGE_CURVE('',#2261,#2266,#1226,.T.);
#2859=EDGE_CURVE('',#2263,#2268,#1227,.T.);
#2860=EDGE_CURVE('',#2262,#2265,#1228,.T.);
#2861=EDGE_CURVE('',#2269,#2270,#1229,.T.);
#2862=EDGE_CURVE('',#2270,#2271,#1230,.T.);
#2863=EDGE_CURVE('',#2271,#2272,#1231,.T.);
#2864=EDGE_CURVE('',#2272,#2269,#1232,.T.);
#2865=EDGE_CURVE('',#2273,#2274,#1233,.T.);
#2866=EDGE_CURVE('',#2274,#2275,#1234,.T.);
#2867=EDGE_CURVE('',#2275,#2276,#1235,.T.);
#2868=EDGE_CURVE('',#2276,#2273,#1236,.T.);
#2869=EDGE_CURVE('',#2272,#2275,#1237,.T.);
#2870=EDGE_CURVE('',#2269,#2274,#1238,.T.);
#2871=EDGE_CURVE('',#2271,#2276,#1239,.T.);
#2872=EDGE_CURVE('',#2270,#2273,#1240,.T.);
#2873=EDGE_CURVE('',#2277,#2278,#1241,.T.);
#2874=EDGE_CURVE('',#2278,#2279,#1242,.T.);
#2875=EDGE_CURVE('',#2279,#2280,#1243,.T.);
#2876=EDGE_CURVE('',#2280,#2277,#1244,.T.);
#2877=EDGE_CURVE('',#2281,#2282,#1245,.T.);
#2878=EDGE_CURVE('',#2282,#2283,#1246,.T.);
#2879=EDGE_CURVE('',#2283,#2284,#1247,.T.);
#2880=EDGE_CURVE('',#2284,#2281,#1248,.T.);
#2881=EDGE_CURVE('',#2280,#2283,#1249,.T.);
#2882=EDGE_CURVE('',#2277,#2282,#1250,.T.);
#2883=EDGE_CURVE('',#2279,#2284,#1251,.T.);
#2884=EDGE_CURVE('',#2278,#2281,#1252,.T.);
#2885=EDGE_CURVE('',#2285,#2286,#1253,.T.);
#2886=EDGE_CURVE('',#2286,#2287,#1254,.T.);
#2887=EDGE_CURVE('',#2287,#2288,#1255,.T.);
#2888=EDGE_CURVE('',#2288,#2285,#1256,.T.);
#2889=EDGE_CURVE('',#2289,#2290,#1257,.T.);
#2890=EDGE_CURVE('',#2290,#2291,#1258,.T.);
#2891=EDGE_CURVE('',#2291,#2292,#1259,.T.);
#2892=EDGE_CURVE('',#2292,#2289,#1260,.T.);
#2893=EDGE_CURVE('',#2288,#2291,#1261,.T.);
#2894=EDGE_CURVE('',#2285,#2290,#1262,.T.);
#2895=EDGE_CURVE('',#2287,#2292,#1263,.T.);
#2896=EDGE_CURVE('',#2286,#2289,#1264,.T.);
#2897=EDGE_CURVE('',#2293,#2294,#1265,.T.);
#2898=EDGE_CURVE('',#2294,#2295,#1266,.T.);
#2899=EDGE_CURVE('',#2295,#2296,#1267,.T.);
#2900=EDGE_CURVE('',#2296,#2293,#1268,.T.);
#2901=EDGE_CURVE('',#2297,#2298,#1269,.T.);
#2902=EDGE_CURVE('',#2298,#2299,#1270,.T.);
#2903=EDGE_CURVE('',#2299,#2300,#1271,.T.);
#2904=EDGE_CURVE('',#2300,#2297,#1272,.T.);
#2905=EDGE_CURVE('',#2296,#2299,#1273,.T.);
#2906=EDGE_CURVE('',#2293,#2298,#1274,.T.);
#2907=EDGE_CURVE('',#2295,#2300,#1275,.T.);
#2908=EDGE_CURVE('',#2294,#2297,#1276,.T.);
#2909=EDGE_CURVE('',#2301,#2302,#1277,.T.);
#2910=EDGE_CURVE('',#2302,#2303,#1278,.T.);
#2911=EDGE_CURVE('',#2303,#2304,#1279,.T.);
#2912=EDGE_CURVE('',#2304,#2301,#1280,.T.);
#2913=EDGE_CURVE('',#2305,#2306,#1281,.T.);
#2914=EDGE_CURVE('',#2306,#2307,#1282,.T.);
#2915=EDGE_CURVE('',#2307,#2308,#1283,.T.);
#2916=EDGE_CURVE('',#2308,#2305,#1284,.T.);
#2917=EDGE_CURVE('',#2304,#2307,#1285,.T.);
#2918=EDGE_CURVE('',#2301,#2306,#1286,.T.);
#2919=EDGE_CURVE('',#2303,#2308,#1287,.T.);
#2920=EDGE_CURVE('',#2302,#2305,#1288,.T.);
#2921=ORIENTED_EDGE('',*,*,#2309,.F.);
#2922=ORIENTED_EDGE('',*,*,#2310,.T.);
#2923=ORIENTED_EDGE('',*,*,#2311,.F.);
#2924=ORIENTED_EDGE('',*,*,#2312,.F.);
#2925=ORIENTED_EDGE('',*,*,#2313,.F.);
#2926=ORIENTED_EDGE('',*,*,#2312,.T.);
#2927=ORIENTED_EDGE('',*,*,#2314,.F.);
#2928=ORIENTED_EDGE('',*,*,#2315,.F.);
#2929=ORIENTED_EDGE('',*,*,#2316,.F.);
#2930=ORIENTED_EDGE('',*,*,#2315,.T.);
#2931=ORIENTED_EDGE('',*,*,#2317,.F.);
#2932=ORIENTED_EDGE('',*,*,#2318,.F.);
#2933=ORIENTED_EDGE('',*,*,#2319,.F.);
#2934=ORIENTED_EDGE('',*,*,#2318,.T.);
#2935=ORIENTED_EDGE('',*,*,#2320,.F.);
#2936=ORIENTED_EDGE('',*,*,#2310,.F.);
#2937=ORIENTED_EDGE('',*,*,#2321,.F.);
#2938=ORIENTED_EDGE('',*,*,#2322,.T.);
#2939=ORIENTED_EDGE('',*,*,#2323,.F.);
#2940=ORIENTED_EDGE('',*,*,#2324,.F.);
#2941=ORIENTED_EDGE('',*,*,#2325,.F.);
#2942=ORIENTED_EDGE('',*,*,#2324,.T.);
#2943=ORIENTED_EDGE('',*,*,#2326,.F.);
#2944=ORIENTED_EDGE('',*,*,#2327,.F.);
#2945=ORIENTED_EDGE('',*,*,#2328,.F.);
#2946=ORIENTED_EDGE('',*,*,#2327,.T.);
#2947=ORIENTED_EDGE('',*,*,#2329,.F.);
#2948=ORIENTED_EDGE('',*,*,#2330,.F.);
#2949=ORIENTED_EDGE('',*,*,#2331,.F.);
#2950=ORIENTED_EDGE('',*,*,#2330,.T.);
#2951=ORIENTED_EDGE('',*,*,#2332,.F.);
#2952=ORIENTED_EDGE('',*,*,#2322,.F.);
#2953=ORIENTED_EDGE('',*,*,#2333,.F.);
#2954=ORIENTED_EDGE('',*,*,#2334,.T.);
#2955=ORIENTED_EDGE('',*,*,#2335,.F.);
#2956=ORIENTED_EDGE('',*,*,#2336,.F.);
#2957=ORIENTED_EDGE('',*,*,#2337,.F.);
#2958=ORIENTED_EDGE('',*,*,#2336,.T.);
#2959=ORIENTED_EDGE('',*,*,#2338,.F.);
#2960=ORIENTED_EDGE('',*,*,#2339,.F.);
#2961=ORIENTED_EDGE('',*,*,#2340,.F.);
#2962=ORIENTED_EDGE('',*,*,#2339,.T.);
#2963=ORIENTED_EDGE('',*,*,#2341,.F.);
#2964=ORIENTED_EDGE('',*,*,#2342,.F.);
#2965=ORIENTED_EDGE('',*,*,#2343,.F.);
#2966=ORIENTED_EDGE('',*,*,#2342,.T.);
#2967=ORIENTED_EDGE('',*,*,#2344,.F.);
#2968=ORIENTED_EDGE('',*,*,#2334,.F.);
#2969=ORIENTED_EDGE('',*,*,#2345,.F.);
#2970=ORIENTED_EDGE('',*,*,#2346,.T.);
#2971=ORIENTED_EDGE('',*,*,#2347,.F.);
#2972=ORIENTED_EDGE('',*,*,#2348,.F.);
#2973=ORIENTED_EDGE('',*,*,#2349,.F.);
#2974=ORIENTED_EDGE('',*,*,#2348,.T.);
#2975=ORIENTED_EDGE('',*,*,#2350,.F.);
#2976=ORIENTED_EDGE('',*,*,#2351,.F.);
#2977=ORIENTED_EDGE('',*,*,#2352,.F.);
#2978=ORIENTED_EDGE('',*,*,#2351,.T.);
#2979=ORIENTED_EDGE('',*,*,#2353,.F.);
#2980=ORIENTED_EDGE('',*,*,#2354,.F.);
#2981=ORIENTED_EDGE('',*,*,#2355,.F.);
#2982=ORIENTED_EDGE('',*,*,#2354,.T.);
#2983=ORIENTED_EDGE('',*,*,#2356,.F.);
#2984=ORIENTED_EDGE('',*,*,#2346,.F.);
#2985=ORIENTED_EDGE('',*,*,#2357,.F.);
#2986=ORIENTED_EDGE('',*,*,#2358,.T.);
#2987=ORIENTED_EDGE('',*,*,#2359,.F.);
#2988=ORIENTED_EDGE('',*,*,#2360,.F.);
#2989=ORIENTED_EDGE('',*,*,#2361,.F.);
#2990=ORIENTED_EDGE('',*,*,#2360,.T.);
#2991=ORIENTED_EDGE('',*,*,#2362,.F.);
#2992=ORIENTED_EDGE('',*,*,#2363,.F.);
#2993=ORIENTED_EDGE('',*,*,#2364,.F.);
#2994=ORIENTED_EDGE('',*,*,#2363,.T.);
#2995=ORIENTED_EDGE('',*,*,#2365,.F.);
#2996=ORIENTED_EDGE('',*,*,#2366,.F.);
#2997=ORIENTED_EDGE('',*,*,#2367,.F.);
#2998=ORIENTED_EDGE('',*,*,#2366,.T.);
#2999=ORIENTED_EDGE('',*,*,#2368,.F.);
#3000=ORIENTED_EDGE('',*,*,#2358,.F.);
#3001=ORIENTED_EDGE('',*,*,#2369,.F.);
#3002=ORIENTED_EDGE('',*,*,#2370,.T.);
#3003=ORIENTED_EDGE('',*,*,#2371,.F.);
#3004=ORIENTED_EDGE('',*,*,#2372,.F.);
#3005=ORIENTED_EDGE('',*,*,#2373,.F.);
#3006=ORIENTED_EDGE('',*,*,#2372,.T.);
#3007=ORIENTED_EDGE('',*,*,#2374,.F.);
#3008=ORIENTED_EDGE('',*,*,#2375,.F.);
#3009=ORIENTED_EDGE('',*,*,#2376,.F.);
#3010=ORIENTED_EDGE('',*,*,#2375,.T.);
#3011=ORIENTED_EDGE('',*,*,#2377,.F.);
#3012=ORIENTED_EDGE('',*,*,#2378,.F.);
#3013=ORIENTED_EDGE('',*,*,#2379,.F.);
#3014=ORIENTED_EDGE('',*,*,#2378,.T.);
#3015=ORIENTED_EDGE('',*,*,#2380,.F.);
#3016=ORIENTED_EDGE('',*,*,#2370,.F.);
#3017=ORIENTED_EDGE('',*,*,#2381,.F.);
#3018=ORIENTED_EDGE('',*,*,#2382,.T.);
#3019=ORIENTED_EDGE('',*,*,#2383,.F.);
#3020=ORIENTED_EDGE('',*,*,#2384,.F.);
#3021=ORIENTED_EDGE('',*,*,#2385,.F.);
#3022=ORIENTED_EDGE('',*,*,#2384,.T.);
#3023=ORIENTED_EDGE('',*,*,#2386,.F.);
#3024=ORIENTED_EDGE('',*,*,#2387,.F.);
#3025=ORIENTED_EDGE('',*,*,#2388,.F.);
#3026=ORIENTED_EDGE('',*,*,#2387,.T.);
#3027=ORIENTED_EDGE('',*,*,#2389,.F.);
#3028=ORIENTED_EDGE('',*,*,#2390,.F.);
#3029=ORIENTED_EDGE('',*,*,#2391,.F.);
#3030=ORIENTED_EDGE('',*,*,#2390,.T.);
#3031=ORIENTED_EDGE('',*,*,#2392,.F.);
#3032=ORIENTED_EDGE('',*,*,#2382,.F.);
#3033=ORIENTED_EDGE('',*,*,#2393,.F.);
#3034=ORIENTED_EDGE('',*,*,#2394,.T.);
#3035=ORIENTED_EDGE('',*,*,#2395,.F.);
#3036=ORIENTED_EDGE('',*,*,#2396,.F.);
#3037=ORIENTED_EDGE('',*,*,#2397,.F.);
#3038=ORIENTED_EDGE('',*,*,#2396,.T.);
#3039=ORIENTED_EDGE('',*,*,#2398,.F.);
#3040=ORIENTED_EDGE('',*,*,#2399,.F.);
#3041=ORIENTED_EDGE('',*,*,#2400,.F.);
#3042=ORIENTED_EDGE('',*,*,#2399,.T.);
#3043=ORIENTED_EDGE('',*,*,#2401,.F.);
#3044=ORIENTED_EDGE('',*,*,#2402,.F.);
#3045=ORIENTED_EDGE('',*,*,#2403,.F.);
#3046=ORIENTED_EDGE('',*,*,#2402,.T.);
#3047=ORIENTED_EDGE('',*,*,#2404,.F.);
#3048=ORIENTED_EDGE('',*,*,#2394,.F.);
#3049=ORIENTED_EDGE('',*,*,#2405,.F.);
#3050=ORIENTED_EDGE('',*,*,#2406,.T.);
#3051=ORIENTED_EDGE('',*,*,#2407,.F.);
#3052=ORIENTED_EDGE('',*,*,#2408,.F.);
#3053=ORIENTED_EDGE('',*,*,#2409,.F.);
#3054=ORIENTED_EDGE('',*,*,#2408,.T.);
#3055=ORIENTED_EDGE('',*,*,#2410,.F.);
#3056=ORIENTED_EDGE('',*,*,#2411,.F.);
#3057=ORIENTED_EDGE('',*,*,#2412,.F.);
#3058=ORIENTED_EDGE('',*,*,#2411,.T.);
#3059=ORIENTED_EDGE('',*,*,#2413,.F.);
#3060=ORIENTED_EDGE('',*,*,#2414,.F.);
#3061=ORIENTED_EDGE('',*,*,#2415,.F.);
#3062=ORIENTED_EDGE('',*,*,#2414,.T.);
#3063=ORIENTED_EDGE('',*,*,#2416,.F.);
#3064=ORIENTED_EDGE('',*,*,#2406,.F.);
#3065=ORIENTED_EDGE('',*,*,#2417,.F.);
#3066=ORIENTED_EDGE('',*,*,#2418,.T.);
#3067=ORIENTED_EDGE('',*,*,#2419,.F.);
#3068=ORIENTED_EDGE('',*,*,#2420,.F.);
#3069=ORIENTED_EDGE('',*,*,#2421,.F.);
#3070=ORIENTED_EDGE('',*,*,#2420,.T.);
#3071=ORIENTED_EDGE('',*,*,#2422,.F.);
#3072=ORIENTED_EDGE('',*,*,#2423,.F.);
#3073=ORIENTED_EDGE('',*,*,#2424,.F.);
#3074=ORIENTED_EDGE('',*,*,#2423,.T.);
#3075=ORIENTED_EDGE('',*,*,#2425,.F.);
#3076=ORIENTED_EDGE('',*,*,#2426,.F.);
#3077=ORIENTED_EDGE('',*,*,#2427,.F.);
#3078=ORIENTED_EDGE('',*,*,#2426,.T.);
#3079=ORIENTED_EDGE('',*,*,#2428,.F.);
#3080=ORIENTED_EDGE('',*,*,#2418,.F.);
#3081=ORIENTED_EDGE('',*,*,#2429,.F.);
#3082=ORIENTED_EDGE('',*,*,#2430,.T.);
#3083=ORIENTED_EDGE('',*,*,#2431,.F.);
#3084=ORIENTED_EDGE('',*,*,#2432,.F.);
#3085=ORIENTED_EDGE('',*,*,#2433,.F.);
#3086=ORIENTED_EDGE('',*,*,#2432,.T.);
#3087=ORIENTED_EDGE('',*,*,#2434,.F.);
#3088=ORIENTED_EDGE('',*,*,#2435,.F.);
#3089=ORIENTED_EDGE('',*,*,#2436,.F.);
#3090=ORIENTED_EDGE('',*,*,#2435,.T.);
#3091=ORIENTED_EDGE('',*,*,#2437,.F.);
#3092=ORIENTED_EDGE('',*,*,#2438,.F.);
#3093=ORIENTED_EDGE('',*,*,#2439,.F.);
#3094=ORIENTED_EDGE('',*,*,#2438,.T.);
#3095=ORIENTED_EDGE('',*,*,#2440,.F.);
#3096=ORIENTED_EDGE('',*,*,#2430,.F.);
#3097=ORIENTED_EDGE('',*,*,#2441,.F.);
#3098=ORIENTED_EDGE('',*,*,#2442,.T.);
#3099=ORIENTED_EDGE('',*,*,#2443,.F.);
#3100=ORIENTED_EDGE('',*,*,#2444,.F.);
#3101=ORIENTED_EDGE('',*,*,#2445,.F.);
#3102=ORIENTED_EDGE('',*,*,#2444,.T.);
#3103=ORIENTED_EDGE('',*,*,#2446,.F.);
#3104=ORIENTED_EDGE('',*,*,#2447,.F.);
#3105=ORIENTED_EDGE('',*,*,#2448,.F.);
#3106=ORIENTED_EDGE('',*,*,#2447,.T.);
#3107=ORIENTED_EDGE('',*,*,#2449,.F.);
#3108=ORIENTED_EDGE('',*,*,#2450,.F.);
#3109=ORIENTED_EDGE('',*,*,#2451,.F.);
#3110=ORIENTED_EDGE('',*,*,#2450,.T.);
#3111=ORIENTED_EDGE('',*,*,#2452,.F.);
#3112=ORIENTED_EDGE('',*,*,#2442,.F.);
#3113=ORIENTED_EDGE('',*,*,#2453,.F.);
#3114=ORIENTED_EDGE('',*,*,#2454,.T.);
#3115=ORIENTED_EDGE('',*,*,#2455,.F.);
#3116=ORIENTED_EDGE('',*,*,#2456,.F.);
#3117=ORIENTED_EDGE('',*,*,#2457,.F.);
#3118=ORIENTED_EDGE('',*,*,#2456,.T.);
#3119=ORIENTED_EDGE('',*,*,#2458,.F.);
#3120=ORIENTED_EDGE('',*,*,#2459,.F.);
#3121=ORIENTED_EDGE('',*,*,#2460,.F.);
#3122=ORIENTED_EDGE('',*,*,#2459,.T.);
#3123=ORIENTED_EDGE('',*,*,#2461,.F.);
#3124=ORIENTED_EDGE('',*,*,#2462,.F.);
#3125=ORIENTED_EDGE('',*,*,#2463,.F.);
#3126=ORIENTED_EDGE('',*,*,#2462,.T.);
#3127=ORIENTED_EDGE('',*,*,#2464,.F.);
#3128=ORIENTED_EDGE('',*,*,#2454,.F.);
#3129=ORIENTED_EDGE('',*,*,#2465,.F.);
#3130=ORIENTED_EDGE('',*,*,#2466,.T.);
#3131=ORIENTED_EDGE('',*,*,#2467,.F.);
#3132=ORIENTED_EDGE('',*,*,#2468,.F.);
#3133=ORIENTED_EDGE('',*,*,#2469,.F.);
#3134=ORIENTED_EDGE('',*,*,#2468,.T.);
#3135=ORIENTED_EDGE('',*,*,#2470,.F.);
#3136=ORIENTED_EDGE('',*,*,#2471,.F.);
#3137=ORIENTED_EDGE('',*,*,#2472,.F.);
#3138=ORIENTED_EDGE('',*,*,#2471,.T.);
#3139=ORIENTED_EDGE('',*,*,#2473,.F.);
#3140=ORIENTED_EDGE('',*,*,#2474,.F.);
#3141=ORIENTED_EDGE('',*,*,#2475,.F.);
#3142=ORIENTED_EDGE('',*,*,#2474,.T.);
#3143=ORIENTED_EDGE('',*,*,#2476,.F.);
#3144=ORIENTED_EDGE('',*,*,#2466,.F.);
#3145=ORIENTED_EDGE('',*,*,#2477,.F.);
#3146=ORIENTED_EDGE('',*,*,#2478,.T.);
#3147=ORIENTED_EDGE('',*,*,#2479,.F.);
#3148=ORIENTED_EDGE('',*,*,#2480,.F.);
#3149=ORIENTED_EDGE('',*,*,#2481,.F.);
#3150=ORIENTED_EDGE('',*,*,#2480,.T.);
#3151=ORIENTED_EDGE('',*,*,#2482,.F.);
#3152=ORIENTED_EDGE('',*,*,#2483,.F.);
#3153=ORIENTED_EDGE('',*,*,#2484,.F.);
#3154=ORIENTED_EDGE('',*,*,#2483,.T.);
#3155=ORIENTED_EDGE('',*,*,#2485,.F.);
#3156=ORIENTED_EDGE('',*,*,#2486,.F.);
#3157=ORIENTED_EDGE('',*,*,#2487,.F.);
#3158=ORIENTED_EDGE('',*,*,#2486,.T.);
#3159=ORIENTED_EDGE('',*,*,#2488,.F.);
#3160=ORIENTED_EDGE('',*,*,#2478,.F.);
#3161=ORIENTED_EDGE('',*,*,#2489,.F.);
#3162=ORIENTED_EDGE('',*,*,#2490,.T.);
#3163=ORIENTED_EDGE('',*,*,#2491,.F.);
#3164=ORIENTED_EDGE('',*,*,#2492,.F.);
#3165=ORIENTED_EDGE('',*,*,#2493,.F.);
#3166=ORIENTED_EDGE('',*,*,#2492,.T.);
#3167=ORIENTED_EDGE('',*,*,#2494,.F.);
#3168=ORIENTED_EDGE('',*,*,#2495,.F.);
#3169=ORIENTED_EDGE('',*,*,#2496,.F.);
#3170=ORIENTED_EDGE('',*,*,#2495,.T.);
#3171=ORIENTED_EDGE('',*,*,#2497,.F.);
#3172=ORIENTED_EDGE('',*,*,#2498,.F.);
#3173=ORIENTED_EDGE('',*,*,#2499,.F.);
#3174=ORIENTED_EDGE('',*,*,#2498,.T.);
#3175=ORIENTED_EDGE('',*,*,#2500,.F.);
#3176=ORIENTED_EDGE('',*,*,#2490,.F.);
#3177=ORIENTED_EDGE('',*,*,#2501,.F.);
#3178=ORIENTED_EDGE('',*,*,#2502,.T.);
#3179=ORIENTED_EDGE('',*,*,#2503,.F.);
#3180=ORIENTED_EDGE('',*,*,#2504,.F.);
#3181=ORIENTED_EDGE('',*,*,#2505,.F.);
#3182=ORIENTED_EDGE('',*,*,#2504,.T.);
#3183=ORIENTED_EDGE('',*,*,#2506,.F.);
#3184=ORIENTED_EDGE('',*,*,#2507,.F.);
#3185=ORIENTED_EDGE('',*,*,#2508,.F.);
#3186=ORIENTED_EDGE('',*,*,#2507,.T.);
#3187=ORIENTED_EDGE('',*,*,#2509,.F.);
#3188=ORIENTED_EDGE('',*,*,#2510,.F.);
#3189=ORIENTED_EDGE('',*,*,#2511,.F.);
#3190=ORIENTED_EDGE('',*,*,#2510,.T.);
#3191=ORIENTED_EDGE('',*,*,#2512,.F.);
#3192=ORIENTED_EDGE('',*,*,#2502,.F.);
#3193=ORIENTED_EDGE('',*,*,#2513,.F.);
#3194=ORIENTED_EDGE('',*,*,#2514,.T.);
#3195=ORIENTED_EDGE('',*,*,#2515,.F.);
#3196=ORIENTED_EDGE('',*,*,#2516,.F.);
#3197=ORIENTED_EDGE('',*,*,#2517,.F.);
#3198=ORIENTED_EDGE('',*,*,#2516,.T.);
#3199=ORIENTED_EDGE('',*,*,#2518,.F.);
#3200=ORIENTED_EDGE('',*,*,#2519,.F.);
#3201=ORIENTED_EDGE('',*,*,#2520,.F.);
#3202=ORIENTED_EDGE('',*,*,#2519,.T.);
#3203=ORIENTED_EDGE('',*,*,#2521,.F.);
#3204=ORIENTED_EDGE('',*,*,#2522,.F.);
#3205=ORIENTED_EDGE('',*,*,#2523,.F.);
#3206=ORIENTED_EDGE('',*,*,#2522,.T.);
#3207=ORIENTED_EDGE('',*,*,#2524,.F.);
#3208=ORIENTED_EDGE('',*,*,#2514,.F.);
#3209=ORIENTED_EDGE('',*,*,#2525,.F.);
#3210=ORIENTED_EDGE('',*,*,#2526,.T.);
#3211=ORIENTED_EDGE('',*,*,#2527,.F.);
#3212=ORIENTED_EDGE('',*,*,#2528,.F.);
#3213=ORIENTED_EDGE('',*,*,#2529,.F.);
#3214=ORIENTED_EDGE('',*,*,#2528,.T.);
#3215=ORIENTED_EDGE('',*,*,#2530,.F.);
#3216=ORIENTED_EDGE('',*,*,#2531,.F.);
#3217=ORIENTED_EDGE('',*,*,#2532,.F.);
#3218=ORIENTED_EDGE('',*,*,#2531,.T.);
#3219=ORIENTED_EDGE('',*,*,#2533,.F.);
#3220=ORIENTED_EDGE('',*,*,#2534,.F.);
#3221=ORIENTED_EDGE('',*,*,#2535,.F.);
#3222=ORIENTED_EDGE('',*,*,#2534,.T.);
#3223=ORIENTED_EDGE('',*,*,#2536,.F.);
#3224=ORIENTED_EDGE('',*,*,#2526,.F.);
#3225=ORIENTED_EDGE('',*,*,#2537,.F.);
#3226=ORIENTED_EDGE('',*,*,#2538,.T.);
#3227=ORIENTED_EDGE('',*,*,#2539,.F.);
#3228=ORIENTED_EDGE('',*,*,#2540,.F.);
#3229=ORIENTED_EDGE('',*,*,#2541,.F.);
#3230=ORIENTED_EDGE('',*,*,#2540,.T.);
#3231=ORIENTED_EDGE('',*,*,#2542,.F.);
#3232=ORIENTED_EDGE('',*,*,#2543,.F.);
#3233=ORIENTED_EDGE('',*,*,#2544,.F.);
#3234=ORIENTED_EDGE('',*,*,#2543,.T.);
#3235=ORIENTED_EDGE('',*,*,#2545,.F.);
#3236=ORIENTED_EDGE('',*,*,#2546,.F.);
#3237=ORIENTED_EDGE('',*,*,#2547,.F.);
#3238=ORIENTED_EDGE('',*,*,#2546,.T.);
#3239=ORIENTED_EDGE('',*,*,#2548,.F.);
#3240=ORIENTED_EDGE('',*,*,#2538,.F.);
#3241=ORIENTED_EDGE('',*,*,#2549,.F.);
#3242=ORIENTED_EDGE('',*,*,#2550,.T.);
#3243=ORIENTED_EDGE('',*,*,#2551,.F.);
#3244=ORIENTED_EDGE('',*,*,#2552,.F.);
#3245=ORIENTED_EDGE('',*,*,#2553,.F.);
#3246=ORIENTED_EDGE('',*,*,#2552,.T.);
#3247=ORIENTED_EDGE('',*,*,#2554,.F.);
#3248=ORIENTED_EDGE('',*,*,#2555,.F.);
#3249=ORIENTED_EDGE('',*,*,#2556,.F.);
#3250=ORIENTED_EDGE('',*,*,#2555,.T.);
#3251=ORIENTED_EDGE('',*,*,#2557,.F.);
#3252=ORIENTED_EDGE('',*,*,#2558,.F.);
#3253=ORIENTED_EDGE('',*,*,#2559,.F.);
#3254=ORIENTED_EDGE('',*,*,#2558,.T.);
#3255=ORIENTED_EDGE('',*,*,#2560,.F.);
#3256=ORIENTED_EDGE('',*,*,#2550,.F.);
#3257=ORIENTED_EDGE('',*,*,#2561,.F.);
#3258=ORIENTED_EDGE('',*,*,#2562,.T.);
#3259=ORIENTED_EDGE('',*,*,#2563,.F.);
#3260=ORIENTED_EDGE('',*,*,#2564,.F.);
#3261=ORIENTED_EDGE('',*,*,#2565,.F.);
#3262=ORIENTED_EDGE('',*,*,#2564,.T.);
#3263=ORIENTED_EDGE('',*,*,#2566,.F.);
#3264=ORIENTED_EDGE('',*,*,#2567,.F.);
#3265=ORIENTED_EDGE('',*,*,#2568,.F.);
#3266=ORIENTED_EDGE('',*,*,#2567,.T.);
#3267=ORIENTED_EDGE('',*,*,#2569,.F.);
#3268=ORIENTED_EDGE('',*,*,#2570,.F.);
#3269=ORIENTED_EDGE('',*,*,#2571,.F.);
#3270=ORIENTED_EDGE('',*,*,#2570,.T.);
#3271=ORIENTED_EDGE('',*,*,#2572,.F.);
#3272=ORIENTED_EDGE('',*,*,#2562,.F.);
#3273=ORIENTED_EDGE('',*,*,#2573,.F.);
#3274=ORIENTED_EDGE('',*,*,#2574,.T.);
#3275=ORIENTED_EDGE('',*,*,#2575,.F.);
#3276=ORIENTED_EDGE('',*,*,#2576,.F.);
#3277=ORIENTED_EDGE('',*,*,#2577,.F.);
#3278=ORIENTED_EDGE('',*,*,#2576,.T.);
#3279=ORIENTED_EDGE('',*,*,#2578,.F.);
#3280=ORIENTED_EDGE('',*,*,#2579,.F.);
#3281=ORIENTED_EDGE('',*,*,#2580,.F.);
#3282=ORIENTED_EDGE('',*,*,#2579,.T.);
#3283=ORIENTED_EDGE('',*,*,#2581,.F.);
#3284=ORIENTED_EDGE('',*,*,#2582,.F.);
#3285=ORIENTED_EDGE('',*,*,#2583,.F.);
#3286=ORIENTED_EDGE('',*,*,#2582,.T.);
#3287=ORIENTED_EDGE('',*,*,#2584,.F.);
#3288=ORIENTED_EDGE('',*,*,#2574,.F.);
#3289=ORIENTED_EDGE('',*,*,#2585,.F.);
#3290=ORIENTED_EDGE('',*,*,#2586,.T.);
#3291=ORIENTED_EDGE('',*,*,#2587,.F.);
#3292=ORIENTED_EDGE('',*,*,#2588,.F.);
#3293=ORIENTED_EDGE('',*,*,#2589,.F.);
#3294=ORIENTED_EDGE('',*,*,#2588,.T.);
#3295=ORIENTED_EDGE('',*,*,#2590,.F.);
#3296=ORIENTED_EDGE('',*,*,#2591,.F.);
#3297=ORIENTED_EDGE('',*,*,#2592,.F.);
#3298=ORIENTED_EDGE('',*,*,#2591,.T.);
#3299=ORIENTED_EDGE('',*,*,#2593,.F.);
#3300=ORIENTED_EDGE('',*,*,#2594,.F.);
#3301=ORIENTED_EDGE('',*,*,#2595,.F.);
#3302=ORIENTED_EDGE('',*,*,#2594,.T.);
#3303=ORIENTED_EDGE('',*,*,#2596,.F.);
#3304=ORIENTED_EDGE('',*,*,#2586,.F.);
#3305=ORIENTED_EDGE('',*,*,#2597,.F.);
#3306=ORIENTED_EDGE('',*,*,#2598,.T.);
#3307=ORIENTED_EDGE('',*,*,#2599,.F.);
#3308=ORIENTED_EDGE('',*,*,#2600,.F.);
#3309=ORIENTED_EDGE('',*,*,#2601,.F.);
#3310=ORIENTED_EDGE('',*,*,#2600,.T.);
#3311=ORIENTED_EDGE('',*,*,#2602,.F.);
#3312=ORIENTED_EDGE('',*,*,#2603,.F.);
#3313=ORIENTED_EDGE('',*,*,#2604,.F.);
#3314=ORIENTED_EDGE('',*,*,#2603,.T.);
#3315=ORIENTED_EDGE('',*,*,#2605,.F.);
#3316=ORIENTED_EDGE('',*,*,#2606,.F.);
#3317=ORIENTED_EDGE('',*,*,#2607,.F.);
#3318=ORIENTED_EDGE('',*,*,#2606,.T.);
#3319=ORIENTED_EDGE('',*,*,#2608,.F.);
#3320=ORIENTED_EDGE('',*,*,#2598,.F.);
#3321=ORIENTED_EDGE('',*,*,#2609,.T.);
#3322=ORIENTED_EDGE('',*,*,#2610,.T.);
#3323=ORIENTED_EDGE('',*,*,#2611,.T.);
#3324=ORIENTED_EDGE('',*,*,#2612,.T.);
#3325=ORIENTED_EDGE('',*,*,#2328,.T.);
#3326=ORIENTED_EDGE('',*,*,#2331,.T.);
#3327=ORIENTED_EDGE('',*,*,#2321,.T.);
#3328=ORIENTED_EDGE('',*,*,#2325,.T.);
#3329=ORIENTED_EDGE('',*,*,#2352,.T.);
#3330=ORIENTED_EDGE('',*,*,#2355,.T.);
#3331=ORIENTED_EDGE('',*,*,#2345,.T.);
#3332=ORIENTED_EDGE('',*,*,#2349,.T.);
#3333=ORIENTED_EDGE('',*,*,#2376,.T.);
#3334=ORIENTED_EDGE('',*,*,#2379,.T.);
#3335=ORIENTED_EDGE('',*,*,#2369,.T.);
#3336=ORIENTED_EDGE('',*,*,#2373,.T.);
#3337=ORIENTED_EDGE('',*,*,#2400,.T.);
#3338=ORIENTED_EDGE('',*,*,#2403,.T.);
#3339=ORIENTED_EDGE('',*,*,#2393,.T.);
#3340=ORIENTED_EDGE('',*,*,#2397,.T.);
#3341=ORIENTED_EDGE('',*,*,#2424,.T.);
#3342=ORIENTED_EDGE('',*,*,#2427,.T.);
#3343=ORIENTED_EDGE('',*,*,#2417,.T.);
#3344=ORIENTED_EDGE('',*,*,#2421,.T.);
#3345=ORIENTED_EDGE('',*,*,#2448,.T.);
#3346=ORIENTED_EDGE('',*,*,#2451,.T.);
#3347=ORIENTED_EDGE('',*,*,#2441,.T.);
#3348=ORIENTED_EDGE('',*,*,#2445,.T.);
#3349=ORIENTED_EDGE('',*,*,#2472,.T.);
#3350=ORIENTED_EDGE('',*,*,#2475,.T.);
#3351=ORIENTED_EDGE('',*,*,#2465,.T.);
#3352=ORIENTED_EDGE('',*,*,#2469,.T.);
#3353=ORIENTED_EDGE('',*,*,#2496,.T.);
#3354=ORIENTED_EDGE('',*,*,#2499,.T.);
#3355=ORIENTED_EDGE('',*,*,#2489,.T.);
#3356=ORIENTED_EDGE('',*,*,#2493,.T.);
#3357=ORIENTED_EDGE('',*,*,#2520,.T.);
#3358=ORIENTED_EDGE('',*,*,#2523,.T.);
#3359=ORIENTED_EDGE('',*,*,#2513,.T.);
#3360=ORIENTED_EDGE('',*,*,#2517,.T.);
#3361=ORIENTED_EDGE('',*,*,#2532,.T.);
#3362=ORIENTED_EDGE('',*,*,#2535,.T.);
#3363=ORIENTED_EDGE('',*,*,#2525,.T.);
#3364=ORIENTED_EDGE('',*,*,#2529,.T.);
#3365=ORIENTED_EDGE('',*,*,#2544,.T.);
#3366=ORIENTED_EDGE('',*,*,#2547,.T.);
#3367=ORIENTED_EDGE('',*,*,#2537,.T.);
#3368=ORIENTED_EDGE('',*,*,#2541,.T.);
#3369=ORIENTED_EDGE('',*,*,#2556,.T.);
#3370=ORIENTED_EDGE('',*,*,#2559,.T.);
#3371=ORIENTED_EDGE('',*,*,#2549,.T.);
#3372=ORIENTED_EDGE('',*,*,#2553,.T.);
#3373=ORIENTED_EDGE('',*,*,#2568,.T.);
#3374=ORIENTED_EDGE('',*,*,#2571,.T.);
#3375=ORIENTED_EDGE('',*,*,#2561,.T.);
#3376=ORIENTED_EDGE('',*,*,#2565,.T.);
#3377=ORIENTED_EDGE('',*,*,#2580,.T.);
#3378=ORIENTED_EDGE('',*,*,#2583,.T.);
#3379=ORIENTED_EDGE('',*,*,#2573,.T.);
#3380=ORIENTED_EDGE('',*,*,#2577,.T.);
#3381=ORIENTED_EDGE('',*,*,#2592,.T.);
#3382=ORIENTED_EDGE('',*,*,#2595,.T.);
#3383=ORIENTED_EDGE('',*,*,#2585,.T.);
#3384=ORIENTED_EDGE('',*,*,#2589,.T.);
#3385=ORIENTED_EDGE('',*,*,#2604,.T.);
#3386=ORIENTED_EDGE('',*,*,#2607,.T.);
#3387=ORIENTED_EDGE('',*,*,#2597,.T.);
#3388=ORIENTED_EDGE('',*,*,#2601,.T.);
#3389=ORIENTED_EDGE('',*,*,#2508,.T.);
#3390=ORIENTED_EDGE('',*,*,#2511,.T.);
#3391=ORIENTED_EDGE('',*,*,#2501,.T.);
#3392=ORIENTED_EDGE('',*,*,#2505,.T.);
#3393=ORIENTED_EDGE('',*,*,#2484,.T.);
#3394=ORIENTED_EDGE('',*,*,#2487,.T.);
#3395=ORIENTED_EDGE('',*,*,#2477,.T.);
#3396=ORIENTED_EDGE('',*,*,#2481,.T.);
#3397=ORIENTED_EDGE('',*,*,#2460,.T.);
#3398=ORIENTED_EDGE('',*,*,#2463,.T.);
#3399=ORIENTED_EDGE('',*,*,#2453,.T.);
#3400=ORIENTED_EDGE('',*,*,#2457,.T.);
#3401=ORIENTED_EDGE('',*,*,#2436,.T.);
#3402=ORIENTED_EDGE('',*,*,#2439,.T.);
#3403=ORIENTED_EDGE('',*,*,#2429,.T.);
#3404=ORIENTED_EDGE('',*,*,#2433,.T.);
#3405=ORIENTED_EDGE('',*,*,#2412,.T.);
#3406=ORIENTED_EDGE('',*,*,#2415,.T.);
#3407=ORIENTED_EDGE('',*,*,#2405,.T.);
#3408=ORIENTED_EDGE('',*,*,#2409,.T.);
#3409=ORIENTED_EDGE('',*,*,#2388,.T.);
#3410=ORIENTED_EDGE('',*,*,#2391,.T.);
#3411=ORIENTED_EDGE('',*,*,#2381,.T.);
#3412=ORIENTED_EDGE('',*,*,#2385,.T.);
#3413=ORIENTED_EDGE('',*,*,#2364,.T.);
#3414=ORIENTED_EDGE('',*,*,#2367,.T.);
#3415=ORIENTED_EDGE('',*,*,#2357,.T.);
#3416=ORIENTED_EDGE('',*,*,#2361,.T.);
#3417=ORIENTED_EDGE('',*,*,#2340,.T.);
#3418=ORIENTED_EDGE('',*,*,#2343,.T.);
#3419=ORIENTED_EDGE('',*,*,#2333,.T.);
#3420=ORIENTED_EDGE('',*,*,#2337,.T.);
#3421=ORIENTED_EDGE('',*,*,#2316,.T.);
#3422=ORIENTED_EDGE('',*,*,#2319,.T.);
#3423=ORIENTED_EDGE('',*,*,#2309,.T.);
#3424=ORIENTED_EDGE('',*,*,#2313,.T.);
#3425=ORIENTED_EDGE('',*,*,#2613,.T.);
#3426=ORIENTED_EDGE('',*,*,#2614,.T.);
#3427=ORIENTED_EDGE('',*,*,#2615,.T.);
#3428=ORIENTED_EDGE('',*,*,#2616,.T.);
#3429=ORIENTED_EDGE('',*,*,#2329,.T.);
#3430=ORIENTED_EDGE('',*,*,#2326,.T.);
#3431=ORIENTED_EDGE('',*,*,#2323,.T.);
#3432=ORIENTED_EDGE('',*,*,#2332,.T.);
#3433=ORIENTED_EDGE('',*,*,#2353,.T.);
#3434=ORIENTED_EDGE('',*,*,#2350,.T.);
#3435=ORIENTED_EDGE('',*,*,#2347,.T.);
#3436=ORIENTED_EDGE('',*,*,#2356,.T.);
#3437=ORIENTED_EDGE('',*,*,#2377,.T.);
#3438=ORIENTED_EDGE('',*,*,#2374,.T.);
#3439=ORIENTED_EDGE('',*,*,#2371,.T.);
#3440=ORIENTED_EDGE('',*,*,#2380,.T.);
#3441=ORIENTED_EDGE('',*,*,#2401,.T.);
#3442=ORIENTED_EDGE('',*,*,#2398,.T.);
#3443=ORIENTED_EDGE('',*,*,#2395,.T.);
#3444=ORIENTED_EDGE('',*,*,#2404,.T.);
#3445=ORIENTED_EDGE('',*,*,#2425,.T.);
#3446=ORIENTED_EDGE('',*,*,#2422,.T.);
#3447=ORIENTED_EDGE('',*,*,#2419,.T.);
#3448=ORIENTED_EDGE('',*,*,#2428,.T.);
#3449=ORIENTED_EDGE('',*,*,#2449,.T.);
#3450=ORIENTED_EDGE('',*,*,#2446,.T.);
#3451=ORIENTED_EDGE('',*,*,#2443,.T.);
#3452=ORIENTED_EDGE('',*,*,#2452,.T.);
#3453=ORIENTED_EDGE('',*,*,#2473,.T.);
#3454=ORIENTED_EDGE('',*,*,#2470,.T.);
#3455=ORIENTED_EDGE('',*,*,#2467,.T.);
#3456=ORIENTED_EDGE('',*,*,#2476,.T.);
#3457=ORIENTED_EDGE('',*,*,#2497,.T.);
#3458=ORIENTED_EDGE('',*,*,#2494,.T.);
#3459=ORIENTED_EDGE('',*,*,#2491,.T.);
#3460=ORIENTED_EDGE('',*,*,#2500,.T.);
#3461=ORIENTED_EDGE('',*,*,#2521,.T.);
#3462=ORIENTED_EDGE('',*,*,#2518,.T.);
#3463=ORIENTED_EDGE('',*,*,#2515,.T.);
#3464=ORIENTED_EDGE('',*,*,#2524,.T.);
#3465=ORIENTED_EDGE('',*,*,#2533,.T.);
#3466=ORIENTED_EDGE('',*,*,#2530,.T.);
#3467=ORIENTED_EDGE('',*,*,#2527,.T.);
#3468=ORIENTED_EDGE('',*,*,#2536,.T.);
#3469=ORIENTED_EDGE('',*,*,#2545,.T.);
#3470=ORIENTED_EDGE('',*,*,#2542,.T.);
#3471=ORIENTED_EDGE('',*,*,#2539,.T.);
#3472=ORIENTED_EDGE('',*,*,#2548,.T.);
#3473=ORIENTED_EDGE('',*,*,#2557,.T.);
#3474=ORIENTED_EDGE('',*,*,#2554,.T.);
#3475=ORIENTED_EDGE('',*,*,#2551,.T.);
#3476=ORIENTED_EDGE('',*,*,#2560,.T.);
#3477=ORIENTED_EDGE('',*,*,#2569,.T.);
#3478=ORIENTED_EDGE('',*,*,#2566,.T.);
#3479=ORIENTED_EDGE('',*,*,#2563,.T.);
#3480=ORIENTED_EDGE('',*,*,#2572,.T.);
#3481=ORIENTED_EDGE('',*,*,#2581,.T.);
#3482=ORIENTED_EDGE('',*,*,#2578,.T.);
#3483=ORIENTED_EDGE('',*,*,#2575,.T.);
#3484=ORIENTED_EDGE('',*,*,#2584,.T.);
#3485=ORIENTED_EDGE('',*,*,#2593,.T.);
#3486=ORIENTED_EDGE('',*,*,#2590,.T.);
#3487=ORIENTED_EDGE('',*,*,#2587,.T.);
#3488=ORIENTED_EDGE('',*,*,#2596,.T.);
#3489=ORIENTED_EDGE('',*,*,#2605,.T.);
#3490=ORIENTED_EDGE('',*,*,#2602,.T.);
#3491=ORIENTED_EDGE('',*,*,#2599,.T.);
#3492=ORIENTED_EDGE('',*,*,#2608,.T.);
#3493=ORIENTED_EDGE('',*,*,#2509,.T.);
#3494=ORIENTED_EDGE('',*,*,#2506,.T.);
#3495=ORIENTED_EDGE('',*,*,#2503,.T.);
#3496=ORIENTED_EDGE('',*,*,#2512,.T.);
#3497=ORIENTED_EDGE('',*,*,#2485,.T.);
#3498=ORIENTED_EDGE('',*,*,#2482,.T.);
#3499=ORIENTED_EDGE('',*,*,#2479,.T.);
#3500=ORIENTED_EDGE('',*,*,#2488,.T.);
#3501=ORIENTED_EDGE('',*,*,#2461,.T.);
#3502=ORIENTED_EDGE('',*,*,#2458,.T.);
#3503=ORIENTED_EDGE('',*,*,#2455,.T.);
#3504=ORIENTED_EDGE('',*,*,#2464,.T.);
#3505=ORIENTED_EDGE('',*,*,#2437,.T.);
#3506=ORIENTED_EDGE('',*,*,#2434,.T.);
#3507=ORIENTED_EDGE('',*,*,#2431,.T.);
#3508=ORIENTED_EDGE('',*,*,#2440,.T.);
#3509=ORIENTED_EDGE('',*,*,#2413,.T.);
#3510=ORIENTED_EDGE('',*,*,#2410,.T.);
#3511=ORIENTED_EDGE('',*,*,#2407,.T.);
#3512=ORIENTED_EDGE('',*,*,#2416,.T.);
#3513=ORIENTED_EDGE('',*,*,#2389,.T.);
#3514=ORIENTED_EDGE('',*,*,#2386,.T.);
#3515=ORIENTED_EDGE('',*,*,#2383,.T.);
#3516=ORIENTED_EDGE('',*,*,#2392,.T.);
#3517=ORIENTED_EDGE('',*,*,#2365,.T.);
#3518=ORIENTED_EDGE('',*,*,#2362,.T.);
#3519=ORIENTED_EDGE('',*,*,#2359,.T.);
#3520=ORIENTED_EDGE('',*,*,#2368,.T.);
#3521=ORIENTED_EDGE('',*,*,#2341,.T.);
#3522=ORIENTED_EDGE('',*,*,#2338,.T.);
#3523=ORIENTED_EDGE('',*,*,#2335,.T.);
#3524=ORIENTED_EDGE('',*,*,#2344,.T.);
#3525=ORIENTED_EDGE('',*,*,#2317,.T.);
#3526=ORIENTED_EDGE('',*,*,#2314,.T.);
#3527=ORIENTED_EDGE('',*,*,#2311,.T.);
#3528=ORIENTED_EDGE('',*,*,#2320,.T.);
#3529=ORIENTED_EDGE('',*,*,#2617,.T.);
#3530=ORIENTED_EDGE('',*,*,#2614,.F.);
#3531=ORIENTED_EDGE('',*,*,#2618,.F.);
#3532=ORIENTED_EDGE('',*,*,#2612,.F.);
#3533=ORIENTED_EDGE('',*,*,#2619,.T.);
#3534=ORIENTED_EDGE('',*,*,#2615,.F.);
#3535=ORIENTED_EDGE('',*,*,#2617,.F.);
#3536=ORIENTED_EDGE('',*,*,#2611,.F.);
#3537=ORIENTED_EDGE('',*,*,#2620,.T.);
#3538=ORIENTED_EDGE('',*,*,#2616,.F.);
#3539=ORIENTED_EDGE('',*,*,#2619,.F.);
#3540=ORIENTED_EDGE('',*,*,#2610,.F.);
#3541=ORIENTED_EDGE('',*,*,#2618,.T.);
#3542=ORIENTED_EDGE('',*,*,#2613,.F.);
#3543=ORIENTED_EDGE('',*,*,#2620,.F.);
#3544=ORIENTED_EDGE('',*,*,#2609,.F.);
#3545=ORIENTED_EDGE('',*,*,#2621,.T.);
#3546=ORIENTED_EDGE('',*,*,#2622,.T.);
#3547=ORIENTED_EDGE('',*,*,#2623,.T.);
#3548=ORIENTED_EDGE('',*,*,#2624,.T.);
#3549=ORIENTED_EDGE('',*,*,#2625,.T.);
#3550=ORIENTED_EDGE('',*,*,#2626,.T.);
#3551=ORIENTED_EDGE('',*,*,#2627,.T.);
#3552=ORIENTED_EDGE('',*,*,#2628,.T.);
#3553=ORIENTED_EDGE('',*,*,#2629,.T.);
#3554=ORIENTED_EDGE('',*,*,#2626,.F.);
#3555=ORIENTED_EDGE('',*,*,#2630,.F.);
#3556=ORIENTED_EDGE('',*,*,#2624,.F.);
#3557=ORIENTED_EDGE('',*,*,#2631,.T.);
#3558=ORIENTED_EDGE('',*,*,#2627,.F.);
#3559=ORIENTED_EDGE('',*,*,#2629,.F.);
#3560=ORIENTED_EDGE('',*,*,#2623,.F.);
#3561=ORIENTED_EDGE('',*,*,#2632,.T.);
#3562=ORIENTED_EDGE('',*,*,#2628,.F.);
#3563=ORIENTED_EDGE('',*,*,#2631,.F.);
#3564=ORIENTED_EDGE('',*,*,#2622,.F.);
#3565=ORIENTED_EDGE('',*,*,#2630,.T.);
#3566=ORIENTED_EDGE('',*,*,#2625,.F.);
#3567=ORIENTED_EDGE('',*,*,#2632,.F.);
#3568=ORIENTED_EDGE('',*,*,#2621,.F.);
#3569=ORIENTED_EDGE('',*,*,#2633,.T.);
#3570=ORIENTED_EDGE('',*,*,#2634,.T.);
#3571=ORIENTED_EDGE('',*,*,#2635,.T.);
#3572=ORIENTED_EDGE('',*,*,#2636,.T.);
#3573=ORIENTED_EDGE('',*,*,#2637,.T.);
#3574=ORIENTED_EDGE('',*,*,#2638,.T.);
#3575=ORIENTED_EDGE('',*,*,#2639,.T.);
#3576=ORIENTED_EDGE('',*,*,#2640,.T.);
#3577=ORIENTED_EDGE('',*,*,#2641,.T.);
#3578=ORIENTED_EDGE('',*,*,#2638,.F.);
#3579=ORIENTED_EDGE('',*,*,#2642,.F.);
#3580=ORIENTED_EDGE('',*,*,#2636,.F.);
#3581=ORIENTED_EDGE('',*,*,#2643,.T.);
#3582=ORIENTED_EDGE('',*,*,#2639,.F.);
#3583=ORIENTED_EDGE('',*,*,#2641,.F.);
#3584=ORIENTED_EDGE('',*,*,#2635,.F.);
#3585=ORIENTED_EDGE('',*,*,#2644,.T.);
#3586=ORIENTED_EDGE('',*,*,#2640,.F.);
#3587=ORIENTED_EDGE('',*,*,#2643,.F.);
#3588=ORIENTED_EDGE('',*,*,#2634,.F.);
#3589=ORIENTED_EDGE('',*,*,#2642,.T.);
#3590=ORIENTED_EDGE('',*,*,#2637,.F.);
#3591=ORIENTED_EDGE('',*,*,#2644,.F.);
#3592=ORIENTED_EDGE('',*,*,#2633,.F.);
#3593=ORIENTED_EDGE('',*,*,#2645,.T.);
#3594=ORIENTED_EDGE('',*,*,#2646,.T.);
#3595=ORIENTED_EDGE('',*,*,#2647,.T.);
#3596=ORIENTED_EDGE('',*,*,#2648,.T.);
#3597=ORIENTED_EDGE('',*,*,#2649,.T.);
#3598=ORIENTED_EDGE('',*,*,#2650,.T.);
#3599=ORIENTED_EDGE('',*,*,#2651,.T.);
#3600=ORIENTED_EDGE('',*,*,#2652,.T.);
#3601=ORIENTED_EDGE('',*,*,#2653,.T.);
#3602=ORIENTED_EDGE('',*,*,#2650,.F.);
#3603=ORIENTED_EDGE('',*,*,#2654,.F.);
#3604=ORIENTED_EDGE('',*,*,#2648,.F.);
#3605=ORIENTED_EDGE('',*,*,#2655,.T.);
#3606=ORIENTED_EDGE('',*,*,#2651,.F.);
#3607=ORIENTED_EDGE('',*,*,#2653,.F.);
#3608=ORIENTED_EDGE('',*,*,#2647,.F.);
#3609=ORIENTED_EDGE('',*,*,#2656,.T.);
#3610=ORIENTED_EDGE('',*,*,#2652,.F.);
#3611=ORIENTED_EDGE('',*,*,#2655,.F.);
#3612=ORIENTED_EDGE('',*,*,#2646,.F.);
#3613=ORIENTED_EDGE('',*,*,#2654,.T.);
#3614=ORIENTED_EDGE('',*,*,#2649,.F.);
#3615=ORIENTED_EDGE('',*,*,#2656,.F.);
#3616=ORIENTED_EDGE('',*,*,#2645,.F.);
#3617=ORIENTED_EDGE('',*,*,#2657,.T.);
#3618=ORIENTED_EDGE('',*,*,#2658,.T.);
#3619=ORIENTED_EDGE('',*,*,#2659,.T.);
#3620=ORIENTED_EDGE('',*,*,#2660,.T.);
#3621=ORIENTED_EDGE('',*,*,#2661,.T.);
#3622=ORIENTED_EDGE('',*,*,#2662,.T.);
#3623=ORIENTED_EDGE('',*,*,#2663,.T.);
#3624=ORIENTED_EDGE('',*,*,#2664,.T.);
#3625=ORIENTED_EDGE('',*,*,#2665,.T.);
#3626=ORIENTED_EDGE('',*,*,#2662,.F.);
#3627=ORIENTED_EDGE('',*,*,#2666,.F.);
#3628=ORIENTED_EDGE('',*,*,#2660,.F.);
#3629=ORIENTED_EDGE('',*,*,#2667,.T.);
#3630=ORIENTED_EDGE('',*,*,#2663,.F.);
#3631=ORIENTED_EDGE('',*,*,#2665,.F.);
#3632=ORIENTED_EDGE('',*,*,#2659,.F.);
#3633=ORIENTED_EDGE('',*,*,#2668,.T.);
#3634=ORIENTED_EDGE('',*,*,#2664,.F.);
#3635=ORIENTED_EDGE('',*,*,#2667,.F.);
#3636=ORIENTED_EDGE('',*,*,#2658,.F.);
#3637=ORIENTED_EDGE('',*,*,#2666,.T.);
#3638=ORIENTED_EDGE('',*,*,#2661,.F.);
#3639=ORIENTED_EDGE('',*,*,#2668,.F.);
#3640=ORIENTED_EDGE('',*,*,#2657,.F.);
#3641=ORIENTED_EDGE('',*,*,#2669,.T.);
#3642=ORIENTED_EDGE('',*,*,#2670,.T.);
#3643=ORIENTED_EDGE('',*,*,#2671,.T.);
#3644=ORIENTED_EDGE('',*,*,#2672,.T.);
#3645=ORIENTED_EDGE('',*,*,#2673,.T.);
#3646=ORIENTED_EDGE('',*,*,#2674,.T.);
#3647=ORIENTED_EDGE('',*,*,#2675,.T.);
#3648=ORIENTED_EDGE('',*,*,#2676,.T.);
#3649=ORIENTED_EDGE('',*,*,#2677,.T.);
#3650=ORIENTED_EDGE('',*,*,#2674,.F.);
#3651=ORIENTED_EDGE('',*,*,#2678,.F.);
#3652=ORIENTED_EDGE('',*,*,#2672,.F.);
#3653=ORIENTED_EDGE('',*,*,#2679,.T.);
#3654=ORIENTED_EDGE('',*,*,#2675,.F.);
#3655=ORIENTED_EDGE('',*,*,#2677,.F.);
#3656=ORIENTED_EDGE('',*,*,#2671,.F.);
#3657=ORIENTED_EDGE('',*,*,#2680,.T.);
#3658=ORIENTED_EDGE('',*,*,#2676,.F.);
#3659=ORIENTED_EDGE('',*,*,#2679,.F.);
#3660=ORIENTED_EDGE('',*,*,#2670,.F.);
#3661=ORIENTED_EDGE('',*,*,#2678,.T.);
#3662=ORIENTED_EDGE('',*,*,#2673,.F.);
#3663=ORIENTED_EDGE('',*,*,#2680,.F.);
#3664=ORIENTED_EDGE('',*,*,#2669,.F.);
#3665=ORIENTED_EDGE('',*,*,#2681,.T.);
#3666=ORIENTED_EDGE('',*,*,#2682,.T.);
#3667=ORIENTED_EDGE('',*,*,#2683,.T.);
#3668=ORIENTED_EDGE('',*,*,#2684,.T.);
#3669=ORIENTED_EDGE('',*,*,#2685,.T.);
#3670=ORIENTED_EDGE('',*,*,#2686,.T.);
#3671=ORIENTED_EDGE('',*,*,#2687,.T.);
#3672=ORIENTED_EDGE('',*,*,#2688,.T.);
#3673=ORIENTED_EDGE('',*,*,#2689,.T.);
#3674=ORIENTED_EDGE('',*,*,#2686,.F.);
#3675=ORIENTED_EDGE('',*,*,#2690,.F.);
#3676=ORIENTED_EDGE('',*,*,#2684,.F.);
#3677=ORIENTED_EDGE('',*,*,#2691,.T.);
#3678=ORIENTED_EDGE('',*,*,#2687,.F.);
#3679=ORIENTED_EDGE('',*,*,#2689,.F.);
#3680=ORIENTED_EDGE('',*,*,#2683,.F.);
#3681=ORIENTED_EDGE('',*,*,#2692,.T.);
#3682=ORIENTED_EDGE('',*,*,#2688,.F.);
#3683=ORIENTED_EDGE('',*,*,#2691,.F.);
#3684=ORIENTED_EDGE('',*,*,#2682,.F.);
#3685=ORIENTED_EDGE('',*,*,#2690,.T.);
#3686=ORIENTED_EDGE('',*,*,#2685,.F.);
#3687=ORIENTED_EDGE('',*,*,#2692,.F.);
#3688=ORIENTED_EDGE('',*,*,#2681,.F.);
#3689=ORIENTED_EDGE('',*,*,#2693,.T.);
#3690=ORIENTED_EDGE('',*,*,#2694,.T.);
#3691=ORIENTED_EDGE('',*,*,#2695,.T.);
#3692=ORIENTED_EDGE('',*,*,#2696,.T.);
#3693=ORIENTED_EDGE('',*,*,#2697,.T.);
#3694=ORIENTED_EDGE('',*,*,#2698,.T.);
#3695=ORIENTED_EDGE('',*,*,#2699,.T.);
#3696=ORIENTED_EDGE('',*,*,#2700,.T.);
#3697=ORIENTED_EDGE('',*,*,#2701,.T.);
#3698=ORIENTED_EDGE('',*,*,#2698,.F.);
#3699=ORIENTED_EDGE('',*,*,#2702,.F.);
#3700=ORIENTED_EDGE('',*,*,#2696,.F.);
#3701=ORIENTED_EDGE('',*,*,#2703,.T.);
#3702=ORIENTED_EDGE('',*,*,#2699,.F.);
#3703=ORIENTED_EDGE('',*,*,#2701,.F.);
#3704=ORIENTED_EDGE('',*,*,#2695,.F.);
#3705=ORIENTED_EDGE('',*,*,#2704,.T.);
#3706=ORIENTED_EDGE('',*,*,#2700,.F.);
#3707=ORIENTED_EDGE('',*,*,#2703,.F.);
#3708=ORIENTED_EDGE('',*,*,#2694,.F.);
#3709=ORIENTED_EDGE('',*,*,#2702,.T.);
#3710=ORIENTED_EDGE('',*,*,#2697,.F.);
#3711=ORIENTED_EDGE('',*,*,#2704,.F.);
#3712=ORIENTED_EDGE('',*,*,#2693,.F.);
#3713=ORIENTED_EDGE('',*,*,#2705,.T.);
#3714=ORIENTED_EDGE('',*,*,#2706,.T.);
#3715=ORIENTED_EDGE('',*,*,#2707,.T.);
#3716=ORIENTED_EDGE('',*,*,#2708,.T.);
#3717=ORIENTED_EDGE('',*,*,#2709,.T.);
#3718=ORIENTED_EDGE('',*,*,#2710,.T.);
#3719=ORIENTED_EDGE('',*,*,#2711,.T.);
#3720=ORIENTED_EDGE('',*,*,#2712,.T.);
#3721=ORIENTED_EDGE('',*,*,#2713,.T.);
#3722=ORIENTED_EDGE('',*,*,#2710,.F.);
#3723=ORIENTED_EDGE('',*,*,#2714,.F.);
#3724=ORIENTED_EDGE('',*,*,#2708,.F.);
#3725=ORIENTED_EDGE('',*,*,#2715,.T.);
#3726=ORIENTED_EDGE('',*,*,#2711,.F.);
#3727=ORIENTED_EDGE('',*,*,#2713,.F.);
#3728=ORIENTED_EDGE('',*,*,#2707,.F.);
#3729=ORIENTED_EDGE('',*,*,#2716,.T.);
#3730=ORIENTED_EDGE('',*,*,#2712,.F.);
#3731=ORIENTED_EDGE('',*,*,#2715,.F.);
#3732=ORIENTED_EDGE('',*,*,#2706,.F.);
#3733=ORIENTED_EDGE('',*,*,#2714,.T.);
#3734=ORIENTED_EDGE('',*,*,#2709,.F.);
#3735=ORIENTED_EDGE('',*,*,#2716,.F.);
#3736=ORIENTED_EDGE('',*,*,#2705,.F.);
#3737=ORIENTED_EDGE('',*,*,#2717,.T.);
#3738=ORIENTED_EDGE('',*,*,#2718,.T.);
#3739=ORIENTED_EDGE('',*,*,#2719,.T.);
#3740=ORIENTED_EDGE('',*,*,#2720,.T.);
#3741=ORIENTED_EDGE('',*,*,#2721,.T.);
#3742=ORIENTED_EDGE('',*,*,#2722,.T.);
#3743=ORIENTED_EDGE('',*,*,#2723,.T.);
#3744=ORIENTED_EDGE('',*,*,#2724,.T.);
#3745=ORIENTED_EDGE('',*,*,#2725,.T.);
#3746=ORIENTED_EDGE('',*,*,#2722,.F.);
#3747=ORIENTED_EDGE('',*,*,#2726,.F.);
#3748=ORIENTED_EDGE('',*,*,#2720,.F.);
#3749=ORIENTED_EDGE('',*,*,#2727,.T.);
#3750=ORIENTED_EDGE('',*,*,#2723,.F.);
#3751=ORIENTED_EDGE('',*,*,#2725,.F.);
#3752=ORIENTED_EDGE('',*,*,#2719,.F.);
#3753=ORIENTED_EDGE('',*,*,#2728,.T.);
#3754=ORIENTED_EDGE('',*,*,#2724,.F.);
#3755=ORIENTED_EDGE('',*,*,#2727,.F.);
#3756=ORIENTED_EDGE('',*,*,#2718,.F.);
#3757=ORIENTED_EDGE('',*,*,#2726,.T.);
#3758=ORIENTED_EDGE('',*,*,#2721,.F.);
#3759=ORIENTED_EDGE('',*,*,#2728,.F.);
#3760=ORIENTED_EDGE('',*,*,#2717,.F.);
#3761=ORIENTED_EDGE('',*,*,#2729,.T.);
#3762=ORIENTED_EDGE('',*,*,#2730,.T.);
#3763=ORIENTED_EDGE('',*,*,#2731,.T.);
#3764=ORIENTED_EDGE('',*,*,#2732,.T.);
#3765=ORIENTED_EDGE('',*,*,#2733,.T.);
#3766=ORIENTED_EDGE('',*,*,#2734,.T.);
#3767=ORIENTED_EDGE('',*,*,#2735,.T.);
#3768=ORIENTED_EDGE('',*,*,#2736,.T.);
#3769=ORIENTED_EDGE('',*,*,#2737,.T.);
#3770=ORIENTED_EDGE('',*,*,#2734,.F.);
#3771=ORIENTED_EDGE('',*,*,#2738,.F.);
#3772=ORIENTED_EDGE('',*,*,#2732,.F.);
#3773=ORIENTED_EDGE('',*,*,#2739,.T.);
#3774=ORIENTED_EDGE('',*,*,#2735,.F.);
#3775=ORIENTED_EDGE('',*,*,#2737,.F.);
#3776=ORIENTED_EDGE('',*,*,#2731,.F.);
#3777=ORIENTED_EDGE('',*,*,#2740,.T.);
#3778=ORIENTED_EDGE('',*,*,#2736,.F.);
#3779=ORIENTED_EDGE('',*,*,#2739,.F.);
#3780=ORIENTED_EDGE('',*,*,#2730,.F.);
#3781=ORIENTED_EDGE('',*,*,#2738,.T.);
#3782=ORIENTED_EDGE('',*,*,#2733,.F.);
#3783=ORIENTED_EDGE('',*,*,#2740,.F.);
#3784=ORIENTED_EDGE('',*,*,#2729,.F.);
#3785=ORIENTED_EDGE('',*,*,#2741,.T.);
#3786=ORIENTED_EDGE('',*,*,#2742,.T.);
#3787=ORIENTED_EDGE('',*,*,#2743,.T.);
#3788=ORIENTED_EDGE('',*,*,#2744,.T.);
#3789=ORIENTED_EDGE('',*,*,#2745,.T.);
#3790=ORIENTED_EDGE('',*,*,#2746,.T.);
#3791=ORIENTED_EDGE('',*,*,#2747,.T.);
#3792=ORIENTED_EDGE('',*,*,#2748,.T.);
#3793=ORIENTED_EDGE('',*,*,#2749,.T.);
#3794=ORIENTED_EDGE('',*,*,#2746,.F.);
#3795=ORIENTED_EDGE('',*,*,#2750,.F.);
#3796=ORIENTED_EDGE('',*,*,#2744,.F.);
#3797=ORIENTED_EDGE('',*,*,#2751,.T.);
#3798=ORIENTED_EDGE('',*,*,#2747,.F.);
#3799=ORIENTED_EDGE('',*,*,#2749,.F.);
#3800=ORIENTED_EDGE('',*,*,#2743,.F.);
#3801=ORIENTED_EDGE('',*,*,#2752,.T.);
#3802=ORIENTED_EDGE('',*,*,#2748,.F.);
#3803=ORIENTED_EDGE('',*,*,#2751,.F.);
#3804=ORIENTED_EDGE('',*,*,#2742,.F.);
#3805=ORIENTED_EDGE('',*,*,#2750,.T.);
#3806=ORIENTED_EDGE('',*,*,#2745,.F.);
#3807=ORIENTED_EDGE('',*,*,#2752,.F.);
#3808=ORIENTED_EDGE('',*,*,#2741,.F.);
#3809=ORIENTED_EDGE('',*,*,#2753,.T.);
#3810=ORIENTED_EDGE('',*,*,#2754,.T.);
#3811=ORIENTED_EDGE('',*,*,#2755,.T.);
#3812=ORIENTED_EDGE('',*,*,#2756,.T.);
#3813=ORIENTED_EDGE('',*,*,#2757,.T.);
#3814=ORIENTED_EDGE('',*,*,#2758,.T.);
#3815=ORIENTED_EDGE('',*,*,#2759,.T.);
#3816=ORIENTED_EDGE('',*,*,#2760,.T.);
#3817=ORIENTED_EDGE('',*,*,#2761,.T.);
#3818=ORIENTED_EDGE('',*,*,#2758,.F.);
#3819=ORIENTED_EDGE('',*,*,#2762,.F.);
#3820=ORIENTED_EDGE('',*,*,#2756,.F.);
#3821=ORIENTED_EDGE('',*,*,#2763,.T.);
#3822=ORIENTED_EDGE('',*,*,#2759,.F.);
#3823=ORIENTED_EDGE('',*,*,#2761,.F.);
#3824=ORIENTED_EDGE('',*,*,#2755,.F.);
#3825=ORIENTED_EDGE('',*,*,#2764,.T.);
#3826=ORIENTED_EDGE('',*,*,#2760,.F.);
#3827=ORIENTED_EDGE('',*,*,#2763,.F.);
#3828=ORIENTED_EDGE('',*,*,#2754,.F.);
#3829=ORIENTED_EDGE('',*,*,#2762,.T.);
#3830=ORIENTED_EDGE('',*,*,#2757,.F.);
#3831=ORIENTED_EDGE('',*,*,#2764,.F.);
#3832=ORIENTED_EDGE('',*,*,#2753,.F.);
#3833=ORIENTED_EDGE('',*,*,#2765,.T.);
#3834=ORIENTED_EDGE('',*,*,#2766,.T.);
#3835=ORIENTED_EDGE('',*,*,#2767,.T.);
#3836=ORIENTED_EDGE('',*,*,#2768,.T.);
#3837=ORIENTED_EDGE('',*,*,#2769,.T.);
#3838=ORIENTED_EDGE('',*,*,#2770,.T.);
#3839=ORIENTED_EDGE('',*,*,#2771,.T.);
#3840=ORIENTED_EDGE('',*,*,#2772,.T.);
#3841=ORIENTED_EDGE('',*,*,#2773,.T.);
#3842=ORIENTED_EDGE('',*,*,#2770,.F.);
#3843=ORIENTED_EDGE('',*,*,#2774,.F.);
#3844=ORIENTED_EDGE('',*,*,#2768,.F.);
#3845=ORIENTED_EDGE('',*,*,#2775,.T.);
#3846=ORIENTED_EDGE('',*,*,#2771,.F.);
#3847=ORIENTED_EDGE('',*,*,#2773,.F.);
#3848=ORIENTED_EDGE('',*,*,#2767,.F.);
#3849=ORIENTED_EDGE('',*,*,#2776,.T.);
#3850=ORIENTED_EDGE('',*,*,#2772,.F.);
#3851=ORIENTED_EDGE('',*,*,#2775,.F.);
#3852=ORIENTED_EDGE('',*,*,#2766,.F.);
#3853=ORIENTED_EDGE('',*,*,#2774,.T.);
#3854=ORIENTED_EDGE('',*,*,#2769,.F.);
#3855=ORIENTED_EDGE('',*,*,#2776,.F.);
#3856=ORIENTED_EDGE('',*,*,#2765,.F.);
#3857=ORIENTED_EDGE('',*,*,#2777,.T.);
#3858=ORIENTED_EDGE('',*,*,#2778,.T.);
#3859=ORIENTED_EDGE('',*,*,#2779,.T.);
#3860=ORIENTED_EDGE('',*,*,#2780,.T.);
#3861=ORIENTED_EDGE('',*,*,#2781,.T.);
#3862=ORIENTED_EDGE('',*,*,#2782,.T.);
#3863=ORIENTED_EDGE('',*,*,#2783,.T.);
#3864=ORIENTED_EDGE('',*,*,#2784,.T.);
#3865=ORIENTED_EDGE('',*,*,#2785,.T.);
#3866=ORIENTED_EDGE('',*,*,#2782,.F.);
#3867=ORIENTED_EDGE('',*,*,#2786,.F.);
#3868=ORIENTED_EDGE('',*,*,#2780,.F.);
#3869=ORIENTED_EDGE('',*,*,#2787,.T.);
#3870=ORIENTED_EDGE('',*,*,#2783,.F.);
#3871=ORIENTED_EDGE('',*,*,#2785,.F.);
#3872=ORIENTED_EDGE('',*,*,#2779,.F.);
#3873=ORIENTED_EDGE('',*,*,#2788,.T.);
#3874=ORIENTED_EDGE('',*,*,#2784,.F.);
#3875=ORIENTED_EDGE('',*,*,#2787,.F.);
#3876=ORIENTED_EDGE('',*,*,#2778,.F.);
#3877=ORIENTED_EDGE('',*,*,#2786,.T.);
#3878=ORIENTED_EDGE('',*,*,#2781,.F.);
#3879=ORIENTED_EDGE('',*,*,#2788,.F.);
#3880=ORIENTED_EDGE('',*,*,#2777,.F.);
#3881=ORIENTED_EDGE('',*,*,#2789,.T.);
#3882=ORIENTED_EDGE('',*,*,#2790,.T.);
#3883=ORIENTED_EDGE('',*,*,#2791,.T.);
#3884=ORIENTED_EDGE('',*,*,#2792,.T.);
#3885=ORIENTED_EDGE('',*,*,#2793,.T.);
#3886=ORIENTED_EDGE('',*,*,#2794,.T.);
#3887=ORIENTED_EDGE('',*,*,#2795,.T.);
#3888=ORIENTED_EDGE('',*,*,#2796,.T.);
#3889=ORIENTED_EDGE('',*,*,#2797,.T.);
#3890=ORIENTED_EDGE('',*,*,#2794,.F.);
#3891=ORIENTED_EDGE('',*,*,#2798,.F.);
#3892=ORIENTED_EDGE('',*,*,#2792,.F.);
#3893=ORIENTED_EDGE('',*,*,#2799,.T.);
#3894=ORIENTED_EDGE('',*,*,#2795,.F.);
#3895=ORIENTED_EDGE('',*,*,#2797,.F.);
#3896=ORIENTED_EDGE('',*,*,#2791,.F.);
#3897=ORIENTED_EDGE('',*,*,#2800,.T.);
#3898=ORIENTED_EDGE('',*,*,#2796,.F.);
#3899=ORIENTED_EDGE('',*,*,#2799,.F.);
#3900=ORIENTED_EDGE('',*,*,#2790,.F.);
#3901=ORIENTED_EDGE('',*,*,#2798,.T.);
#3902=ORIENTED_EDGE('',*,*,#2793,.F.);
#3903=ORIENTED_EDGE('',*,*,#2800,.F.);
#3904=ORIENTED_EDGE('',*,*,#2789,.F.);
#3905=ORIENTED_EDGE('',*,*,#2801,.T.);
#3906=ORIENTED_EDGE('',*,*,#2802,.T.);
#3907=ORIENTED_EDGE('',*,*,#2803,.T.);
#3908=ORIENTED_EDGE('',*,*,#2804,.T.);
#3909=ORIENTED_EDGE('',*,*,#2805,.T.);
#3910=ORIENTED_EDGE('',*,*,#2806,.T.);
#3911=ORIENTED_EDGE('',*,*,#2807,.T.);
#3912=ORIENTED_EDGE('',*,*,#2808,.T.);
#3913=ORIENTED_EDGE('',*,*,#2809,.T.);
#3914=ORIENTED_EDGE('',*,*,#2806,.F.);
#3915=ORIENTED_EDGE('',*,*,#2810,.F.);
#3916=ORIENTED_EDGE('',*,*,#2804,.F.);
#3917=ORIENTED_EDGE('',*,*,#2811,.T.);
#3918=ORIENTED_EDGE('',*,*,#2807,.F.);
#3919=ORIENTED_EDGE('',*,*,#2809,.F.);
#3920=ORIENTED_EDGE('',*,*,#2803,.F.);
#3921=ORIENTED_EDGE('',*,*,#2812,.T.);
#3922=ORIENTED_EDGE('',*,*,#2808,.F.);
#3923=ORIENTED_EDGE('',*,*,#2811,.F.);
#3924=ORIENTED_EDGE('',*,*,#2802,.F.);
#3925=ORIENTED_EDGE('',*,*,#2810,.T.);
#3926=ORIENTED_EDGE('',*,*,#2805,.F.);
#3927=ORIENTED_EDGE('',*,*,#2812,.F.);
#3928=ORIENTED_EDGE('',*,*,#2801,.F.);
#3929=ORIENTED_EDGE('',*,*,#2813,.T.);
#3930=ORIENTED_EDGE('',*,*,#2814,.T.);
#3931=ORIENTED_EDGE('',*,*,#2815,.T.);
#3932=ORIENTED_EDGE('',*,*,#2816,.T.);
#3933=ORIENTED_EDGE('',*,*,#2817,.T.);
#3934=ORIENTED_EDGE('',*,*,#2818,.T.);
#3935=ORIENTED_EDGE('',*,*,#2819,.T.);
#3936=ORIENTED_EDGE('',*,*,#2820,.T.);
#3937=ORIENTED_EDGE('',*,*,#2821,.T.);
#3938=ORIENTED_EDGE('',*,*,#2818,.F.);
#3939=ORIENTED_EDGE('',*,*,#2822,.F.);
#3940=ORIENTED_EDGE('',*,*,#2816,.F.);
#3941=ORIENTED_EDGE('',*,*,#2823,.T.);
#3942=ORIENTED_EDGE('',*,*,#2819,.F.);
#3943=ORIENTED_EDGE('',*,*,#2821,.F.);
#3944=ORIENTED_EDGE('',*,*,#2815,.F.);
#3945=ORIENTED_EDGE('',*,*,#2824,.T.);
#3946=ORIENTED_EDGE('',*,*,#2820,.F.);
#3947=ORIENTED_EDGE('',*,*,#2823,.F.);
#3948=ORIENTED_EDGE('',*,*,#2814,.F.);
#3949=ORIENTED_EDGE('',*,*,#2822,.T.);
#3950=ORIENTED_EDGE('',*,*,#2817,.F.);
#3951=ORIENTED_EDGE('',*,*,#2824,.F.);
#3952=ORIENTED_EDGE('',*,*,#2813,.F.);
#3953=ORIENTED_EDGE('',*,*,#2825,.T.);
#3954=ORIENTED_EDGE('',*,*,#2826,.T.);
#3955=ORIENTED_EDGE('',*,*,#2827,.T.);
#3956=ORIENTED_EDGE('',*,*,#2828,.T.);
#3957=ORIENTED_EDGE('',*,*,#2829,.T.);
#3958=ORIENTED_EDGE('',*,*,#2830,.T.);
#3959=ORIENTED_EDGE('',*,*,#2831,.T.);
#3960=ORIENTED_EDGE('',*,*,#2832,.T.);
#3961=ORIENTED_EDGE('',*,*,#2833,.T.);
#3962=ORIENTED_EDGE('',*,*,#2830,.F.);
#3963=ORIENTED_EDGE('',*,*,#2834,.F.);
#3964=ORIENTED_EDGE('',*,*,#2828,.F.);
#3965=ORIENTED_EDGE('',*,*,#2835,.T.);
#3966=ORIENTED_EDGE('',*,*,#2831,.F.);
#3967=ORIENTED_EDGE('',*,*,#2833,.F.);
#3968=ORIENTED_EDGE('',*,*,#2827,.F.);
#3969=ORIENTED_EDGE('',*,*,#2836,.T.);
#3970=ORIENTED_EDGE('',*,*,#2832,.F.);
#3971=ORIENTED_EDGE('',*,*,#2835,.F.);
#3972=ORIENTED_EDGE('',*,*,#2826,.F.);
#3973=ORIENTED_EDGE('',*,*,#2834,.T.);
#3974=ORIENTED_EDGE('',*,*,#2829,.F.);
#3975=ORIENTED_EDGE('',*,*,#2836,.F.);
#3976=ORIENTED_EDGE('',*,*,#2825,.F.);
#3977=ORIENTED_EDGE('',*,*,#2837,.T.);
#3978=ORIENTED_EDGE('',*,*,#2838,.T.);
#3979=ORIENTED_EDGE('',*,*,#2839,.T.);
#3980=ORIENTED_EDGE('',*,*,#2840,.T.);
#3981=ORIENTED_EDGE('',*,*,#2841,.T.);
#3982=ORIENTED_EDGE('',*,*,#2842,.T.);
#3983=ORIENTED_EDGE('',*,*,#2843,.T.);
#3984=ORIENTED_EDGE('',*,*,#2844,.T.);
#3985=ORIENTED_EDGE('',*,*,#2845,.T.);
#3986=ORIENTED_EDGE('',*,*,#2842,.F.);
#3987=ORIENTED_EDGE('',*,*,#2846,.F.);
#3988=ORIENTED_EDGE('',*,*,#2840,.F.);
#3989=ORIENTED_EDGE('',*,*,#2847,.T.);
#3990=ORIENTED_EDGE('',*,*,#2843,.F.);
#3991=ORIENTED_EDGE('',*,*,#2845,.F.);
#3992=ORIENTED_EDGE('',*,*,#2839,.F.);
#3993=ORIENTED_EDGE('',*,*,#2848,.T.);
#3994=ORIENTED_EDGE('',*,*,#2844,.F.);
#3995=ORIENTED_EDGE('',*,*,#2847,.F.);
#3996=ORIENTED_EDGE('',*,*,#2838,.F.);
#3997=ORIENTED_EDGE('',*,*,#2846,.T.);
#3998=ORIENTED_EDGE('',*,*,#2841,.F.);
#3999=ORIENTED_EDGE('',*,*,#2848,.F.);
#4000=ORIENTED_EDGE('',*,*,#2837,.F.);
#4001=ORIENTED_EDGE('',*,*,#2849,.T.);
#4002=ORIENTED_EDGE('',*,*,#2850,.T.);
#4003=ORIENTED_EDGE('',*,*,#2851,.T.);
#4004=ORIENTED_EDGE('',*,*,#2852,.T.);
#4005=ORIENTED_EDGE('',*,*,#2853,.T.);
#4006=ORIENTED_EDGE('',*,*,#2854,.T.);
#4007=ORIENTED_EDGE('',*,*,#2855,.T.);
#4008=ORIENTED_EDGE('',*,*,#2856,.T.);
#4009=ORIENTED_EDGE('',*,*,#2857,.T.);
#4010=ORIENTED_EDGE('',*,*,#2854,.F.);
#4011=ORIENTED_EDGE('',*,*,#2858,.F.);
#4012=ORIENTED_EDGE('',*,*,#2852,.F.);
#4013=ORIENTED_EDGE('',*,*,#2859,.T.);
#4014=ORIENTED_EDGE('',*,*,#2855,.F.);
#4015=ORIENTED_EDGE('',*,*,#2857,.F.);
#4016=ORIENTED_EDGE('',*,*,#2851,.F.);
#4017=ORIENTED_EDGE('',*,*,#2860,.T.);
#4018=ORIENTED_EDGE('',*,*,#2856,.F.);
#4019=ORIENTED_EDGE('',*,*,#2859,.F.);
#4020=ORIENTED_EDGE('',*,*,#2850,.F.);
#4021=ORIENTED_EDGE('',*,*,#2858,.T.);
#4022=ORIENTED_EDGE('',*,*,#2853,.F.);
#4023=ORIENTED_EDGE('',*,*,#2860,.F.);
#4024=ORIENTED_EDGE('',*,*,#2849,.F.);
#4025=ORIENTED_EDGE('',*,*,#2861,.T.);
#4026=ORIENTED_EDGE('',*,*,#2862,.T.);
#4027=ORIENTED_EDGE('',*,*,#2863,.T.);
#4028=ORIENTED_EDGE('',*,*,#2864,.T.);
#4029=ORIENTED_EDGE('',*,*,#2865,.T.);
#4030=ORIENTED_EDGE('',*,*,#2866,.T.);
#4031=ORIENTED_EDGE('',*,*,#2867,.T.);
#4032=ORIENTED_EDGE('',*,*,#2868,.T.);
#4033=ORIENTED_EDGE('',*,*,#2869,.T.);
#4034=ORIENTED_EDGE('',*,*,#2866,.F.);
#4035=ORIENTED_EDGE('',*,*,#2870,.F.);
#4036=ORIENTED_EDGE('',*,*,#2864,.F.);
#4037=ORIENTED_EDGE('',*,*,#2871,.T.);
#4038=ORIENTED_EDGE('',*,*,#2867,.F.);
#4039=ORIENTED_EDGE('',*,*,#2869,.F.);
#4040=ORIENTED_EDGE('',*,*,#2863,.F.);
#4041=ORIENTED_EDGE('',*,*,#2872,.T.);
#4042=ORIENTED_EDGE('',*,*,#2868,.F.);
#4043=ORIENTED_EDGE('',*,*,#2871,.F.);
#4044=ORIENTED_EDGE('',*,*,#2862,.F.);
#4045=ORIENTED_EDGE('',*,*,#2870,.T.);
#4046=ORIENTED_EDGE('',*,*,#2865,.F.);
#4047=ORIENTED_EDGE('',*,*,#2872,.F.);
#4048=ORIENTED_EDGE('',*,*,#2861,.F.);
#4049=ORIENTED_EDGE('',*,*,#2873,.T.);
#4050=ORIENTED_EDGE('',*,*,#2874,.T.);
#4051=ORIENTED_EDGE('',*,*,#2875,.T.);
#4052=ORIENTED_EDGE('',*,*,#2876,.T.);
#4053=ORIENTED_EDGE('',*,*,#2877,.T.);
#4054=ORIENTED_EDGE('',*,*,#2878,.T.);
#4055=ORIENTED_EDGE('',*,*,#2879,.T.);
#4056=ORIENTED_EDGE('',*,*,#2880,.T.);
#4057=ORIENTED_EDGE('',*,*,#2881,.T.);
#4058=ORIENTED_EDGE('',*,*,#2878,.F.);
#4059=ORIENTED_EDGE('',*,*,#2882,.F.);
#4060=ORIENTED_EDGE('',*,*,#2876,.F.);
#4061=ORIENTED_EDGE('',*,*,#2883,.T.);
#4062=ORIENTED_EDGE('',*,*,#2879,.F.);
#4063=ORIENTED_EDGE('',*,*,#2881,.F.);
#4064=ORIENTED_EDGE('',*,*,#2875,.F.);
#4065=ORIENTED_EDGE('',*,*,#2884,.T.);
#4066=ORIENTED_EDGE('',*,*,#2880,.F.);
#4067=ORIENTED_EDGE('',*,*,#2883,.F.);
#4068=ORIENTED_EDGE('',*,*,#2874,.F.);
#4069=ORIENTED_EDGE('',*,*,#2882,.T.);
#4070=ORIENTED_EDGE('',*,*,#2877,.F.);
#4071=ORIENTED_EDGE('',*,*,#2884,.F.);
#4072=ORIENTED_EDGE('',*,*,#2873,.F.);
#4073=ORIENTED_EDGE('',*,*,#2885,.T.);
#4074=ORIENTED_EDGE('',*,*,#2886,.T.);
#4075=ORIENTED_EDGE('',*,*,#2887,.T.);
#4076=ORIENTED_EDGE('',*,*,#2888,.T.);
#4077=ORIENTED_EDGE('',*,*,#2889,.T.);
#4078=ORIENTED_EDGE('',*,*,#2890,.T.);
#4079=ORIENTED_EDGE('',*,*,#2891,.T.);
#4080=ORIENTED_EDGE('',*,*,#2892,.T.);
#4081=ORIENTED_EDGE('',*,*,#2893,.T.);
#4082=ORIENTED_EDGE('',*,*,#2890,.F.);
#4083=ORIENTED_EDGE('',*,*,#2894,.F.);
#4084=ORIENTED_EDGE('',*,*,#2888,.F.);
#4085=ORIENTED_EDGE('',*,*,#2895,.T.);
#4086=ORIENTED_EDGE('',*,*,#2891,.F.);
#4087=ORIENTED_EDGE('',*,*,#2893,.F.);
#4088=ORIENTED_EDGE('',*,*,#2887,.F.);
#4089=ORIENTED_EDGE('',*,*,#2896,.T.);
#4090=ORIENTED_EDGE('',*,*,#2892,.F.);
#4091=ORIENTED_EDGE('',*,*,#2895,.F.);
#4092=ORIENTED_EDGE('',*,*,#2886,.F.);
#4093=ORIENTED_EDGE('',*,*,#2894,.T.);
#4094=ORIENTED_EDGE('',*,*,#2889,.F.);
#4095=ORIENTED_EDGE('',*,*,#2896,.F.);
#4096=ORIENTED_EDGE('',*,*,#2885,.F.);
#4097=ORIENTED_EDGE('',*,*,#2897,.T.);
#4098=ORIENTED_EDGE('',*,*,#2898,.T.);
#4099=ORIENTED_EDGE('',*,*,#2899,.T.);
#4100=ORIENTED_EDGE('',*,*,#2900,.T.);
#4101=ORIENTED_EDGE('',*,*,#2901,.T.);
#4102=ORIENTED_EDGE('',*,*,#2902,.T.);
#4103=ORIENTED_EDGE('',*,*,#2903,.T.);
#4104=ORIENTED_EDGE('',*,*,#2904,.T.);
#4105=ORIENTED_EDGE('',*,*,#2905,.T.);
#4106=ORIENTED_EDGE('',*,*,#2902,.F.);
#4107=ORIENTED_EDGE('',*,*,#2906,.F.);
#4108=ORIENTED_EDGE('',*,*,#2900,.F.);
#4109=ORIENTED_EDGE('',*,*,#2907,.T.);
#4110=ORIENTED_EDGE('',*,*,#2903,.F.);
#4111=ORIENTED_EDGE('',*,*,#2905,.F.);
#4112=ORIENTED_EDGE('',*,*,#2899,.F.);
#4113=ORIENTED_EDGE('',*,*,#2908,.T.);
#4114=ORIENTED_EDGE('',*,*,#2904,.F.);
#4115=ORIENTED_EDGE('',*,*,#2907,.F.);
#4116=ORIENTED_EDGE('',*,*,#2898,.F.);
#4117=ORIENTED_EDGE('',*,*,#2906,.T.);
#4118=ORIENTED_EDGE('',*,*,#2901,.F.);
#4119=ORIENTED_EDGE('',*,*,#2908,.F.);
#4120=ORIENTED_EDGE('',*,*,#2897,.F.);
#4121=ORIENTED_EDGE('',*,*,#2909,.T.);
#4122=ORIENTED_EDGE('',*,*,#2910,.T.);
#4123=ORIENTED_EDGE('',*,*,#2911,.T.);
#4124=ORIENTED_EDGE('',*,*,#2912,.T.);
#4125=ORIENTED_EDGE('',*,*,#2913,.T.);
#4126=ORIENTED_EDGE('',*,*,#2914,.T.);
#4127=ORIENTED_EDGE('',*,*,#2915,.T.);
#4128=ORIENTED_EDGE('',*,*,#2916,.T.);
#4129=ORIENTED_EDGE('',*,*,#2917,.T.);
#4130=ORIENTED_EDGE('',*,*,#2914,.F.);
#4131=ORIENTED_EDGE('',*,*,#2918,.F.);
#4132=ORIENTED_EDGE('',*,*,#2912,.F.);
#4133=ORIENTED_EDGE('',*,*,#2919,.T.);
#4134=ORIENTED_EDGE('',*,*,#2915,.F.);
#4135=ORIENTED_EDGE('',*,*,#2917,.F.);
#4136=ORIENTED_EDGE('',*,*,#2911,.F.);
#4137=ORIENTED_EDGE('',*,*,#2920,.T.);
#4138=ORIENTED_EDGE('',*,*,#2916,.F.);
#4139=ORIENTED_EDGE('',*,*,#2919,.F.);
#4140=ORIENTED_EDGE('',*,*,#2910,.F.);
#4141=ORIENTED_EDGE('',*,*,#2918,.T.);
#4142=ORIENTED_EDGE('',*,*,#2913,.F.);
#4143=ORIENTED_EDGE('',*,*,#2920,.F.);
#4144=ORIENTED_EDGE('',*,*,#2909,.F.);
#4145=PLANE('',#4696);
#4146=PLANE('',#4697);
#4147=PLANE('',#4698);
#4148=PLANE('',#4699);
#4149=PLANE('',#4700);
#4150=PLANE('',#4701);
#4151=PLANE('',#4702);
#4152=PLANE('',#4703);
#4153=PLANE('',#4704);
#4154=PLANE('',#4705);
#4155=PLANE('',#4706);
#4156=PLANE('',#4707);
#4157=PLANE('',#4708);
#4158=PLANE('',#4709);
#4159=PLANE('',#4710);
#4160=PLANE('',#4711);
#4161=PLANE('',#4712);
#4162=PLANE('',#4713);
#4163=PLANE('',#4714);
#4164=PLANE('',#4715);
#4165=PLANE('',#4716);
#4166=PLANE('',#4717);
#4167=PLANE('',#4718);
#4168=PLANE('',#4719);
#4169=PLANE('',#4720);
#4170=PLANE('',#4721);
#4171=PLANE('',#4722);
#4172=PLANE('',#4723);
#4173=PLANE('',#4724);
#4174=PLANE('',#4725);
#4175=PLANE('',#4726);
#4176=PLANE('',#4727);
#4177=PLANE('',#4728);
#4178=PLANE('',#4729);
#4179=PLANE('',#4730);
#4180=PLANE('',#4731);
#4181=PLANE('',#4732);
#4182=PLANE('',#4733);
#4183=PLANE('',#4734);
#4184=PLANE('',#4735);
#4185=PLANE('',#4736);
#4186=PLANE('',#4737);
#4187=PLANE('',#4738);
#4188=PLANE('',#4739);
#4189=PLANE('',#4740);
#4190=PLANE('',#4741);
#4191=PLANE('',#4742);
#4192=PLANE('',#4743);
#4193=PLANE('',#4744);
#4194=PLANE('',#4745);
#4195=PLANE('',#4746);
#4196=PLANE('',#4747);
#4197=PLANE('',#4748);
#4198=PLANE('',#4749);
#4199=PLANE('',#4750);
#4200=PLANE('',#4751);
#4201=PLANE('',#4752);
#4202=PLANE('',#4753);
#4203=PLANE('',#4754);
#4204=PLANE('',#4755);
#4205=PLANE('',#4756);
#4206=PLANE('',#4757);
#4207=PLANE('',#4758);
#4208=PLANE('',#4759);
#4209=PLANE('',#4760);
#4210=PLANE('',#4761);
#4211=PLANE('',#4762);
#4212=PLANE('',#4763);
#4213=PLANE('',#4764);
#4214=PLANE('',#4765);
#4215=PLANE('',#4766);
#4216=PLANE('',#4767);
#4217=PLANE('',#4768);
#4218=PLANE('',#4769);
#4219=PLANE('',#4770);
#4220=PLANE('',#4771);
#4221=PLANE('',#4772);
#4222=PLANE('',#4773);
#4223=PLANE('',#4774);
#4224=PLANE('',#4775);
#4225=PLANE('',#4776);
#4226=PLANE('',#4777);
#4227=PLANE('',#4778);
#4228=PLANE('',#4779);
#4229=PLANE('',#4780);
#4230=PLANE('',#4781);
#4231=PLANE('',#4782);
#4232=PLANE('',#4783);
#4233=PLANE('',#4784);
#4234=PLANE('',#4785);
#4235=PLANE('',#4786);
#4236=PLANE('',#4787);
#4237=PLANE('',#4788);
#4238=PLANE('',#4789);
#4239=PLANE('',#4790);
#4240=PLANE('',#4791);
#4241=PLANE('',#4792);
#4242=PLANE('',#4793);
#4243=PLANE('',#4794);
#4244=PLANE('',#4795);
#4245=PLANE('',#4796);
#4246=PLANE('',#4797);
#4247=PLANE('',#4798);
#4248=PLANE('',#4799);
#4249=PLANE('',#4800);
#4250=PLANE('',#4801);
#4251=PLANE('',#4802);
#4252=PLANE('',#4803);
#4253=PLANE('',#4804);
#4254=PLANE('',#4805);
#4255=PLANE('',#4806);
#4256=PLANE('',#4807);
#4257=PLANE('',#4808);
#4258=PLANE('',#4809);
#4259=PLANE('',#4810);
#4260=PLANE('',#4811);
#4261=PLANE('',#4812);
#4262=PLANE('',#4813);
#4263=PLANE('',#4814);
#4264=PLANE('',#4815);
#4265=PLANE('',#4816);
#4266=PLANE('',#4817);
#4267=PLANE('',#4818);
#4268=PLANE('',#4819);
#4269=PLANE('',#4820);
#4270=PLANE('',#4821);
#4271=PLANE('',#4822);
#4272=PLANE('',#4823);
#4273=PLANE('',#4824);
#4274=PLANE('',#4825);
#4275=PLANE('',#4826);
#4276=PLANE('',#4827);
#4277=PLANE('',#4828);
#4278=PLANE('',#4829);
#4279=PLANE('',#4830);
#4280=PLANE('',#4831);
#4281=PLANE('',#4832);
#4282=PLANE('',#4833);
#4283=PLANE('',#4834);
#4284=PLANE('',#4835);
#4285=PLANE('',#4836);
#4286=PLANE('',#4837);
#4287=PLANE('',#4838);
#4288=PLANE('',#4839);
#4289=PLANE('',#4840);
#4290=PLANE('',#4841);
#4291=PLANE('',#4842);
#4292=PLANE('',#4843);
#4293=PLANE('',#4844);
#4294=PLANE('',#4845);
#4295=PLANE('',#4846);
#4296=PLANE('',#4847);
#4297=PLANE('',#4848);
#4298=PLANE('',#4849);
#4299=PLANE('',#4850);
#4300=PLANE('',#4851);
#4301=PLANE('',#4852);
#4302=PLANE('',#4853);
#4303=PLANE('',#4854);
#4304=PLANE('',#4855);
#4305=PLANE('',#4856);
#4306=PLANE('',#4857);
#4307=PLANE('',#4858);
#4308=PLANE('',#4859);
#4309=PLANE('',#4860);
#4310=PLANE('',#4861);
#4311=PLANE('',#4862);
#4312=PLANE('',#4863);
#4313=PLANE('',#4864);
#4314=PLANE('',#4865);
#4315=PLANE('',#4866);
#4316=PLANE('',#4867);
#4317=PLANE('',#4868);
#4318=PLANE('',#4869);
#4319=PLANE('',#4870);
#4320=PLANE('',#4871);
#4321=PLANE('',#4872);
#4322=PLANE('',#4873);
#4323=PLANE('',#4874);
#4324=PLANE('',#4875);
#4325=PLANE('',#4876);
#4326=PLANE('',#4877);
#4327=PLANE('',#4878);
#4328=PLANE('',#4879);
#4329=PLANE('',#4880);
#4330=PLANE('',#4881);
#4331=PLANE('',#4882);
#4332=PLANE('',#4883);
#4333=PLANE('',#4884);
#4334=PLANE('',#4885);
#4335=PLANE('',#4886);
#4336=PLANE('',#4887);
#4337=PLANE('',#4888);
#4338=PLANE('',#4889);
#4339=PLANE('',#4890);
#4340=PLANE('',#4891);
#4341=PLANE('',#4892);
#4342=PLANE('',#4893);
#4343=PLANE('',#4894);
#4344=PLANE('',#4895);
#4345=PLANE('',#4896);
#4346=PLANE('',#4897);
#4347=PLANE('',#4898);
#4348=PLANE('',#4899);
#4349=PLANE('',#4900);
#4350=PLANE('',#4901);
#4351=PLANE('',#4902);
#4352=PLANE('',#4903);
#4353=PLANE('',#4904);
#4354=PLANE('',#4905);
#4355=PLANE('',#4906);
#4356=PLANE('',#4907);
#4357=PLANE('',#4908);
#4358=PLANE('',#4909);
#4359=PLANE('',#4910);
#4360=PLANE('',#4911);
#4361=PLANE('',#4912);
#4362=PLANE('',#4913);
#4363=PLANE('',#4914);
#4364=PLANE('',#4915);
#4365=PLANE('',#4916);
#4366=PLANE('',#4917);
#4367=PLANE('',#4918);
#4368=PLANE('',#4919);
#4369=PLANE('',#4920);
#4370=PLANE('',#4921);
#4371=PLANE('',#4922);
#4372=PLANE('',#4923);
#4373=PLANE('',#4924);
#4374=PLANE('',#4925);
#4375=PLANE('',#4926);
#4376=PLANE('',#4927);
#4377=PLANE('',#4928);
#4378=PLANE('',#4929);
#4379=PLANE('',#4930);
#4380=PLANE('',#4931);
#4381=PLANE('',#4932);
#4382=PLANE('',#4933);
#4383=PLANE('',#4934);
#4384=PLANE('',#4935);
#4385=PLANE('',#4936);
#4386=PLANE('',#4937);
#4387=PLANE('',#4938);
#4388=PLANE('',#4939);
#4389=PLANE('',#4940);
#4390=PLANE('',#4941);
#4391=PLANE('',#4942);
#4392=PLANE('',#4943);
#4393=PLANE('',#4944);
#4394=PLANE('',#4945);
#4395=PLANE('',#4946);
#4396=PLANE('',#4947);
#4397=PLANE('',#4948);
#4398=PLANE('',#4949);
#4399=PLANE('',#4950);
#4400=PLANE('',#4951);
#4401=ADVANCED_FACE('',(#115),#4145,.T.);
#4402=ADVANCED_FACE('',(#116),#4146,.T.);
#4403=ADVANCED_FACE('',(#117),#4147,.T.);
#4404=ADVANCED_FACE('',(#118),#4148,.T.);
#4405=ADVANCED_FACE('',(#119),#4149,.T.);
#4406=ADVANCED_FACE('',(#120),#4150,.T.);
#4407=ADVANCED_FACE('',(#121),#4151,.T.);
#4408=ADVANCED_FACE('',(#122),#4152,.T.);
#4409=ADVANCED_FACE('',(#123),#4153,.T.);
#4410=ADVANCED_FACE('',(#124),#4154,.T.);
#4411=ADVANCED_FACE('',(#125),#4155,.T.);
#4412=ADVANCED_FACE('',(#126),#4156,.T.);
#4413=ADVANCED_FACE('',(#127),#4157,.T.);
#4414=ADVANCED_FACE('',(#128),#4158,.T.);
#4415=ADVANCED_FACE('',(#129),#4159,.T.);
#4416=ADVANCED_FACE('',(#130),#4160,.T.);
#4417=ADVANCED_FACE('',(#131),#4161,.T.);
#4418=ADVANCED_FACE('',(#132),#4162,.T.);
#4419=ADVANCED_FACE('',(#133),#4163,.T.);
#4420=ADVANCED_FACE('',(#134),#4164,.T.);
#4421=ADVANCED_FACE('',(#135),#4165,.T.);
#4422=ADVANCED_FACE('',(#136),#4166,.T.);
#4423=ADVANCED_FACE('',(#137),#4167,.T.);
#4424=ADVANCED_FACE('',(#138),#4168,.T.);
#4425=ADVANCED_FACE('',(#139),#4169,.T.);
#4426=ADVANCED_FACE('',(#140),#4170,.T.);
#4427=ADVANCED_FACE('',(#141),#4171,.T.);
#4428=ADVANCED_FACE('',(#142),#4172,.T.);
#4429=ADVANCED_FACE('',(#143),#4173,.T.);
#4430=ADVANCED_FACE('',(#144),#4174,.T.);
#4431=ADVANCED_FACE('',(#145),#4175,.T.);
#4432=ADVANCED_FACE('',(#146),#4176,.T.);
#4433=ADVANCED_FACE('',(#147),#4177,.T.);
#4434=ADVANCED_FACE('',(#148),#4178,.T.);
#4435=ADVANCED_FACE('',(#149),#4179,.T.);
#4436=ADVANCED_FACE('',(#150),#4180,.T.);
#4437=ADVANCED_FACE('',(#151),#4181,.T.);
#4438=ADVANCED_FACE('',(#152),#4182,.T.);
#4439=ADVANCED_FACE('',(#153),#4183,.T.);
#4440=ADVANCED_FACE('',(#154),#4184,.T.);
#4441=ADVANCED_FACE('',(#155),#4185,.T.);
#4442=ADVANCED_FACE('',(#156),#4186,.T.);
#4443=ADVANCED_FACE('',(#157),#4187,.T.);
#4444=ADVANCED_FACE('',(#158),#4188,.T.);
#4445=ADVANCED_FACE('',(#159),#4189,.T.);
#4446=ADVANCED_FACE('',(#160),#4190,.T.);
#4447=ADVANCED_FACE('',(#161),#4191,.T.);
#4448=ADVANCED_FACE('',(#162),#4192,.T.);
#4449=ADVANCED_FACE('',(#163),#4193,.T.);
#4450=ADVANCED_FACE('',(#164),#4194,.T.);
#4451=ADVANCED_FACE('',(#165),#4195,.T.);
#4452=ADVANCED_FACE('',(#166),#4196,.T.);
#4453=ADVANCED_FACE('',(#167),#4197,.T.);
#4454=ADVANCED_FACE('',(#168),#4198,.T.);
#4455=ADVANCED_FACE('',(#169),#4199,.T.);
#4456=ADVANCED_FACE('',(#170),#4200,.T.);
#4457=ADVANCED_FACE('',(#171),#4201,.T.);
#4458=ADVANCED_FACE('',(#172),#4202,.T.);
#4459=ADVANCED_FACE('',(#173),#4203,.T.);
#4460=ADVANCED_FACE('',(#174),#4204,.T.);
#4461=ADVANCED_FACE('',(#175),#4205,.T.);
#4462=ADVANCED_FACE('',(#176),#4206,.T.);
#4463=ADVANCED_FACE('',(#177),#4207,.T.);
#4464=ADVANCED_FACE('',(#178),#4208,.T.);
#4465=ADVANCED_FACE('',(#179),#4209,.T.);
#4466=ADVANCED_FACE('',(#180),#4210,.T.);
#4467=ADVANCED_FACE('',(#181),#4211,.T.);
#4468=ADVANCED_FACE('',(#182),#4212,.T.);
#4469=ADVANCED_FACE('',(#183),#4213,.T.);
#4470=ADVANCED_FACE('',(#184),#4214,.T.);
#4471=ADVANCED_FACE('',(#185),#4215,.T.);
#4472=ADVANCED_FACE('',(#186),#4216,.T.);
#4473=ADVANCED_FACE('',(#187),#4217,.T.);
#4474=ADVANCED_FACE('',(#188),#4218,.T.);
#4475=ADVANCED_FACE('',(#189),#4219,.T.);
#4476=ADVANCED_FACE('',(#190),#4220,.T.);
#4477=ADVANCED_FACE('',(#191),#4221,.T.);
#4478=ADVANCED_FACE('',(#192),#4222,.T.);
#4479=ADVANCED_FACE('',(#193),#4223,.T.);
#4480=ADVANCED_FACE('',(#194),#4224,.T.);
#4481=ADVANCED_FACE('',(#195),#4225,.T.);
#4482=ADVANCED_FACE('',(#196),#4226,.T.);
#4483=ADVANCED_FACE('',(#197),#4227,.T.);
#4484=ADVANCED_FACE('',(#198),#4228,.T.);
#4485=ADVANCED_FACE('',(#199),#4229,.T.);
#4486=ADVANCED_FACE('',(#200),#4230,.T.);
#4487=ADVANCED_FACE('',(#201),#4231,.T.);
#4488=ADVANCED_FACE('',(#202),#4232,.T.);
#4489=ADVANCED_FACE('',(#203),#4233,.T.);
#4490=ADVANCED_FACE('',(#204),#4234,.T.);
#4491=ADVANCED_FACE('',(#205),#4235,.T.);
#4492=ADVANCED_FACE('',(#206),#4236,.T.);
#4493=ADVANCED_FACE('',(#207),#4237,.T.);
#4494=ADVANCED_FACE('',(#208),#4238,.T.);
#4495=ADVANCED_FACE('',(#209),#4239,.T.);
#4496=ADVANCED_FACE('',(#210),#4240,.T.);
#4497=ADVANCED_FACE('',(#211),#4241,.T.);
#4498=ADVANCED_FACE('',(#212),#4242,.T.);
#4499=ADVANCED_FACE('',(#213),#4243,.T.);
#4500=ADVANCED_FACE('',(#214),#4244,.T.);
#4501=ADVANCED_FACE('',(#215,#65,#66,#67,#68,#69,#70,#71,#72,#73,#74,#75,
#76,#77,#78,#79,#80,#81,#82,#83,#84,#85,#86,#87,#88,#89),#4245,.T.);
#4502=ADVANCED_FACE('',(#216,#90,#91,#92,#93,#94,#95,#96,#97,#98,#99,#100,
#101,#102,#103,#104,#105,#106,#107,#108,#109,#110,#111,#112,#113,#114),
#4246,.F.);
#4503=ADVANCED_FACE('',(#217),#4247,.F.);
#4504=ADVANCED_FACE('',(#218),#4248,.F.);
#4505=ADVANCED_FACE('',(#219),#4249,.F.);
#4506=ADVANCED_FACE('',(#220),#4250,.F.);
#4507=ADVANCED_FACE('',(#221),#4251,.T.);
#4508=ADVANCED_FACE('',(#222),#4252,.F.);
#4509=ADVANCED_FACE('',(#223),#4253,.F.);
#4510=ADVANCED_FACE('',(#224),#4254,.F.);
#4511=ADVANCED_FACE('',(#225),#4255,.F.);
#4512=ADVANCED_FACE('',(#226),#4256,.F.);
#4513=ADVANCED_FACE('',(#227),#4257,.T.);
#4514=ADVANCED_FACE('',(#228),#4258,.F.);
#4515=ADVANCED_FACE('',(#229),#4259,.F.);
#4516=ADVANCED_FACE('',(#230),#4260,.F.);
#4517=ADVANCED_FACE('',(#231),#4261,.F.);
#4518=ADVANCED_FACE('',(#232),#4262,.F.);
#4519=ADVANCED_FACE('',(#233),#4263,.T.);
#4520=ADVANCED_FACE('',(#234),#4264,.F.);
#4521=ADVANCED_FACE('',(#235),#4265,.F.);
#4522=ADVANCED_FACE('',(#236),#4266,.F.);
#4523=ADVANCED_FACE('',(#237),#4267,.F.);
#4524=ADVANCED_FACE('',(#238),#4268,.F.);
#4525=ADVANCED_FACE('',(#239),#4269,.T.);
#4526=ADVANCED_FACE('',(#240),#4270,.F.);
#4527=ADVANCED_FACE('',(#241),#4271,.F.);
#4528=ADVANCED_FACE('',(#242),#4272,.F.);
#4529=ADVANCED_FACE('',(#243),#4273,.F.);
#4530=ADVANCED_FACE('',(#244),#4274,.F.);
#4531=ADVANCED_FACE('',(#245),#4275,.T.);
#4532=ADVANCED_FACE('',(#246),#4276,.F.);
#4533=ADVANCED_FACE('',(#247),#4277,.F.);
#4534=ADVANCED_FACE('',(#248),#4278,.F.);
#4535=ADVANCED_FACE('',(#249),#4279,.F.);
#4536=ADVANCED_FACE('',(#250),#4280,.F.);
#4537=ADVANCED_FACE('',(#251),#4281,.T.);
#4538=ADVANCED_FACE('',(#252),#4282,.F.);
#4539=ADVANCED_FACE('',(#253),#4283,.F.);
#4540=ADVANCED_FACE('',(#254),#4284,.F.);
#4541=ADVANCED_FACE('',(#255),#4285,.F.);
#4542=ADVANCED_FACE('',(#256),#4286,.F.);
#4543=ADVANCED_FACE('',(#257),#4287,.T.);
#4544=ADVANCED_FACE('',(#258),#4288,.F.);
#4545=ADVANCED_FACE('',(#259),#4289,.F.);
#4546=ADVANCED_FACE('',(#260),#4290,.F.);
#4547=ADVANCED_FACE('',(#261),#4291,.F.);
#4548=ADVANCED_FACE('',(#262),#4292,.F.);
#4549=ADVANCED_FACE('',(#263),#4293,.T.);
#4550=ADVANCED_FACE('',(#264),#4294,.F.);
#4551=ADVANCED_FACE('',(#265),#4295,.F.);
#4552=ADVANCED_FACE('',(#266),#4296,.F.);
#4553=ADVANCED_FACE('',(#267),#4297,.F.);
#4554=ADVANCED_FACE('',(#268),#4298,.F.);
#4555=ADVANCED_FACE('',(#269),#4299,.T.);
#4556=ADVANCED_FACE('',(#270),#4300,.F.);
#4557=ADVANCED_FACE('',(#271),#4301,.F.);
#4558=ADVANCED_FACE('',(#272),#4302,.F.);
#4559=ADVANCED_FACE('',(#273),#4303,.F.);
#4560=ADVANCED_FACE('',(#274),#4304,.F.);
#4561=ADVANCED_FACE('',(#275),#4305,.T.);
#4562=ADVANCED_FACE('',(#276),#4306,.F.);
#4563=ADVANCED_FACE('',(#277),#4307,.F.);
#4564=ADVANCED_FACE('',(#278),#4308,.F.);
#4565=ADVANCED_FACE('',(#279),#4309,.F.);
#4566=ADVANCED_FACE('',(#280),#4310,.F.);
#4567=ADVANCED_FACE('',(#281),#4311,.T.);
#4568=ADVANCED_FACE('',(#282),#4312,.F.);
#4569=ADVANCED_FACE('',(#283),#4313,.F.);
#4570=ADVANCED_FACE('',(#284),#4314,.F.);
#4571=ADVANCED_FACE('',(#285),#4315,.F.);
#4572=ADVANCED_FACE('',(#286),#4316,.F.);
#4573=ADVANCED_FACE('',(#287),#4317,.T.);
#4574=ADVANCED_FACE('',(#288),#4318,.F.);
#4575=ADVANCED_FACE('',(#289),#4319,.F.);
#4576=ADVANCED_FACE('',(#290),#4320,.F.);
#4577=ADVANCED_FACE('',(#291),#4321,.F.);
#4578=ADVANCED_FACE('',(#292),#4322,.F.);
#4579=ADVANCED_FACE('',(#293),#4323,.T.);
#4580=ADVANCED_FACE('',(#294),#4324,.F.);
#4581=ADVANCED_FACE('',(#295),#4325,.F.);
#4582=ADVANCED_FACE('',(#296),#4326,.F.);
#4583=ADVANCED_FACE('',(#297),#4327,.F.);
#4584=ADVANCED_FACE('',(#298),#4328,.F.);
#4585=ADVANCED_FACE('',(#299),#4329,.T.);
#4586=ADVANCED_FACE('',(#300),#4330,.F.);
#4587=ADVANCED_FACE('',(#301),#4331,.F.);
#4588=ADVANCED_FACE('',(#302),#4332,.F.);
#4589=ADVANCED_FACE('',(#303),#4333,.F.);
#4590=ADVANCED_FACE('',(#304),#4334,.F.);
#4591=ADVANCED_FACE('',(#305),#4335,.T.);
#4592=ADVANCED_FACE('',(#306),#4336,.F.);
#4593=ADVANCED_FACE('',(#307),#4337,.F.);
#4594=ADVANCED_FACE('',(#308),#4338,.F.);
#4595=ADVANCED_FACE('',(#309),#4339,.F.);
#4596=ADVANCED_FACE('',(#310),#4340,.F.);
#4597=ADVANCED_FACE('',(#311),#4341,.T.);
#4598=ADVANCED_FACE('',(#312),#4342,.F.);
#4599=ADVANCED_FACE('',(#313),#4343,.F.);
#4600=ADVANCED_FACE('',(#314),#4344,.F.);
#4601=ADVANCED_FACE('',(#315),#4345,.F.);
#4602=ADVANCED_FACE('',(#316),#4346,.F.);
#4603=ADVANCED_FACE('',(#317),#4347,.T.);
#4604=ADVANCED_FACE('',(#318),#4348,.F.);
#4605=ADVANCED_FACE('',(#319),#4349,.F.);
#4606=ADVANCED_FACE('',(#320),#4350,.F.);
#4607=ADVANCED_FACE('',(#321),#4351,.F.);
#4608=ADVANCED_FACE('',(#322),#4352,.F.);
#4609=ADVANCED_FACE('',(#323),#4353,.T.);
#4610=ADVANCED_FACE('',(#324),#4354,.F.);
#4611=ADVANCED_FACE('',(#325),#4355,.F.);
#4612=ADVANCED_FACE('',(#326),#4356,.F.);
#4613=ADVANCED_FACE('',(#327),#4357,.F.);
#4614=ADVANCED_FACE('',(#328),#4358,.F.);
#4615=ADVANCED_FACE('',(#329),#4359,.T.);
#4616=ADVANCED_FACE('',(#330),#4360,.F.);
#4617=ADVANCED_FACE('',(#331),#4361,.F.);
#4618=ADVANCED_FACE('',(#332),#4362,.F.);
#4619=ADVANCED_FACE('',(#333),#4363,.F.);
#4620=ADVANCED_FACE('',(#334),#4364,.F.);
#4621=ADVANCED_FACE('',(#335),#4365,.T.);
#4622=ADVANCED_FACE('',(#336),#4366,.F.);
#4623=ADVANCED_FACE('',(#337),#4367,.F.);
#4624=ADVANCED_FACE('',(#338),#4368,.F.);
#4625=ADVANCED_FACE('',(#339),#4369,.F.);
#4626=ADVANCED_FACE('',(#340),#4370,.F.);
#4627=ADVANCED_FACE('',(#341),#4371,.T.);
#4628=ADVANCED_FACE('',(#342),#4372,.F.);
#4629=ADVANCED_FACE('',(#343),#4373,.F.);
#4630=ADVANCED_FACE('',(#344),#4374,.F.);
#4631=ADVANCED_FACE('',(#345),#4375,.F.);
#4632=ADVANCED_FACE('',(#346),#4376,.F.);
#4633=ADVANCED_FACE('',(#347),#4377,.T.);
#4634=ADVANCED_FACE('',(#348),#4378,.F.);
#4635=ADVANCED_FACE('',(#349),#4379,.F.);
#4636=ADVANCED_FACE('',(#350),#4380,.F.);
#4637=ADVANCED_FACE('',(#351),#4381,.F.);
#4638=ADVANCED_FACE('',(#352),#4382,.F.);
#4639=ADVANCED_FACE('',(#353),#4383,.T.);
#4640=ADVANCED_FACE('',(#354),#4384,.F.);
#4641=ADVANCED_FACE('',(#355),#4385,.F.);
#4642=ADVANCED_FACE('',(#356),#4386,.F.);
#4643=ADVANCED_FACE('',(#357),#4387,.F.);
#4644=ADVANCED_FACE('',(#358),#4388,.F.);
#4645=ADVANCED_FACE('',(#359),#4389,.T.);
#4646=ADVANCED_FACE('',(#360),#4390,.F.);
#4647=ADVANCED_FACE('',(#361),#4391,.F.);
#4648=ADVANCED_FACE('',(#362),#4392,.F.);
#4649=ADVANCED_FACE('',(#363),#4393,.F.);
#4650=ADVANCED_FACE('',(#364),#4394,.F.);
#4651=ADVANCED_FACE('',(#365),#4395,.T.);
#4652=ADVANCED_FACE('',(#366),#4396,.F.);
#4653=ADVANCED_FACE('',(#367),#4397,.F.);
#4654=ADVANCED_FACE('',(#368),#4398,.F.);
#4655=ADVANCED_FACE('',(#369),#4399,.F.);
#4656=ADVANCED_FACE('',(#370),#4400,.F.);
#4657=CLOSED_SHELL('',(#4401,#4402,#4403,#4404,#4405,#4406,#4407,#4408,
#4409,#4410,#4411,#4412,#4413,#4414,#4415,#4416,#4417,#4418,#4419,#4420,
#4421,#4422,#4423,#4424,#4425,#4426,#4427,#4428,#4429,#4430,#4431,#4432,
#4433,#4434,#4435,#4436,#4437,#4438,#4439,#4440,#4441,#4442,#4443,#4444,
#4445,#4446,#4447,#4448,#4449,#4450,#4451,#4452,#4453,#4454,#4455,#4456,
#4457,#4458,#4459,#4460,#4461,#4462,#4463,#4464,#4465,#4466,#4467,#4468,
#4469,#4470,#4471,#4472,#4473,#4474,#4475,#4476,#4477,#4478,#4479,#4480,
#4481,#4482,#4483,#4484,#4485,#4486,#4487,#4488,#4489,#4490,#4491,#4492,
#4493,#4494,#4495,#4496,#4497,#4498,#4499,#4500,#4501,#4502,#4503,#4504,
#4505,#4506));
#4658=CLOSED_SHELL('',(#4507,#4508,#4509,#4510,#4511,#4512));
#4659=CLOSED_SHELL('',(#4513,#4514,#4515,#4516,#4517,#4518));
#4660=CLOSED_SHELL('',(#4519,#4520,#4521,#4522,#4523,#4524));
#4661=CLOSED_SHELL('',(#4525,#4526,#4527,#4528,#4529,#4530));
#4662=CLOSED_SHELL('',(#4531,#4532,#4533,#4534,#4535,#4536));
#4663=CLOSED_SHELL('',(#4537,#4538,#4539,#4540,#4541,#4542));
#4664=CLOSED_SHELL('',(#4543,#4544,#4545,#4546,#4547,#4548));
#4665=CLOSED_SHELL('',(#4549,#4550,#4551,#4552,#4553,#4554));
#4666=CLOSED_SHELL('',(#4555,#4556,#4557,#4558,#4559,#4560));
#4667=CLOSED_SHELL('',(#4561,#4562,#4563,#4564,#4565,#4566));
#4668=CLOSED_SHELL('',(#4567,#4568,#4569,#4570,#4571,#4572));
#4669=CLOSED_SHELL('',(#4573,#4574,#4575,#4576,#4577,#4578));
#4670=CLOSED_SHELL('',(#4579,#4580,#4581,#4582,#4583,#4584));
#4671=CLOSED_SHELL('',(#4585,#4586,#4587,#4588,#4589,#4590));
#4672=CLOSED_SHELL('',(#4591,#4592,#4593,#4594,#4595,#4596));
#4673=CLOSED_SHELL('',(#4597,#4598,#4599,#4600,#4601,#4602));
#4674=CLOSED_SHELL('',(#4603,#4604,#4605,#4606,#4607,#4608));
#4675=CLOSED_SHELL('',(#4609,#4610,#4611,#4612,#4613,#4614));
#4676=CLOSED_SHELL('',(#4615,#4616,#4617,#4618,#4619,#4620));
#4677=CLOSED_SHELL('',(#4621,#4622,#4623,#4624,#4625,#4626));
#4678=CLOSED_SHELL('',(#4627,#4628,#4629,#4630,#4631,#4632));
#4679=CLOSED_SHELL('',(#4633,#4634,#4635,#4636,#4637,#4638));
#4680=CLOSED_SHELL('',(#4639,#4640,#4641,#4642,#4643,#4644));
#4681=CLOSED_SHELL('',(#4645,#4646,#4647,#4648,#4649,#4650));
#4682=CLOSED_SHELL('',(#4651,#4652,#4653,#4654,#4655,#4656));
#4683=DERIVED_UNIT_ELEMENT(#4685,1.);
#4684=DERIVED_UNIT_ELEMENT(#7360,-3.);
#4685=(
MASS_UNIT()
NAMED_UNIT(*)
SI_UNIT(.KILO.,.GRAM.)
);
#4686=DERIVED_UNIT((#4683,#4684));
#4687=MEASURE_REPRESENTATION_ITEM('density measure',
POSITIVE_RATIO_MEASURE(7850.),#4686);
#4688=PROPERTY_DEFINITION_REPRESENTATION(#4693,#4690);
#4689=PROPERTY_DEFINITION_REPRESENTATION(#4694,#4691);
#4690=REPRESENTATION('material name',(#4692),#7357);
#4691=REPRESENTATION('density',(#4687),#7357);
#4692=DESCRIPTIVE_REPRESENTATION_ITEM('Steel','Steel');
#4693=PROPERTY_DEFINITION('material property','material name',#7367);
#4694=PROPERTY_DEFINITION('material property','density of part',#7367);
#4695=AXIS2_PLACEMENT_3D('',#6078,#4952,#4953);
#4696=AXIS2_PLACEMENT_3D('',#6079,#4954,#4955);
#4697=AXIS2_PLACEMENT_3D('',#6088,#4960,#4961);
#4698=AXIS2_PLACEMENT_3D('',#6094,#4965,#4966);
#4699=AXIS2_PLACEMENT_3D('',#6100,#4970,#4971);
#4700=AXIS2_PLACEMENT_3D('',#6103,#4974,#4975);
#4701=AXIS2_PLACEMENT_3D('',#6112,#4980,#4981);
#4702=AXIS2_PLACEMENT_3D('',#6118,#4985,#4986);
#4703=AXIS2_PLACEMENT_3D('',#6124,#4990,#4991);
#4704=AXIS2_PLACEMENT_3D('',#6127,#4994,#4995);
#4705=AXIS2_PLACEMENT_3D('',#6136,#5000,#5001);
#4706=AXIS2_PLACEMENT_3D('',#6142,#5005,#5006);
#4707=AXIS2_PLACEMENT_3D('',#6148,#5010,#5011);
#4708=AXIS2_PLACEMENT_3D('',#6151,#5014,#5015);
#4709=AXIS2_PLACEMENT_3D('',#6160,#5020,#5021);
#4710=AXIS2_PLACEMENT_3D('',#6166,#5025,#5026);
#4711=AXIS2_PLACEMENT_3D('',#6172,#5030,#5031);
#4712=AXIS2_PLACEMENT_3D('',#6175,#5034,#5035);
#4713=AXIS2_PLACEMENT_3D('',#6184,#5040,#5041);
#4714=AXIS2_PLACEMENT_3D('',#6190,#5045,#5046);
#4715=AXIS2_PLACEMENT_3D('',#6196,#5050,#5051);
#4716=AXIS2_PLACEMENT_3D('',#6199,#5054,#5055);
#4717=AXIS2_PLACEMENT_3D('',#6208,#5060,#5061);
#4718=AXIS2_PLACEMENT_3D('',#6214,#5065,#5066);
#4719=AXIS2_PLACEMENT_3D('',#6220,#5070,#5071);
#4720=AXIS2_PLACEMENT_3D('',#6223,#5074,#5075);
#4721=AXIS2_PLACEMENT_3D('',#6232,#5080,#5081);
#4722=AXIS2_PLACEMENT_3D('',#6238,#5085,#5086);
#4723=AXIS2_PLACEMENT_3D('',#6244,#5090,#5091);
#4724=AXIS2_PLACEMENT_3D('',#6247,#5094,#5095);
#4725=AXIS2_PLACEMENT_3D('',#6256,#5100,#5101);
#4726=AXIS2_PLACEMENT_3D('',#6262,#5105,#5106);
#4727=AXIS2_PLACEMENT_3D('',#6268,#5110,#5111);
#4728=AXIS2_PLACEMENT_3D('',#6271,#5114,#5115);
#4729=AXIS2_PLACEMENT_3D('',#6280,#5120,#5121);
#4730=AXIS2_PLACEMENT_3D('',#6286,#5125,#5126);
#4731=AXIS2_PLACEMENT_3D('',#6292,#5130,#5131);
#4732=AXIS2_PLACEMENT_3D('',#6295,#5134,#5135);
#4733=AXIS2_PLACEMENT_3D('',#6304,#5140,#5141);
#4734=AXIS2_PLACEMENT_3D('',#6310,#5145,#5146);
#4735=AXIS2_PLACEMENT_3D('',#6316,#5150,#5151);
#4736=AXIS2_PLACEMENT_3D('',#6319,#5154,#5155);
#4737=AXIS2_PLACEMENT_3D('',#6328,#5160,#5161);
#4738=AXIS2_PLACEMENT_3D('',#6334,#5165,#5166);
#4739=AXIS2_PLACEMENT_3D('',#6340,#5170,#5171);
#4740=AXIS2_PLACEMENT_3D('',#6343,#5174,#5175);
#4741=AXIS2_PLACEMENT_3D('',#6352,#5180,#5181);
#4742=AXIS2_PLACEMENT_3D('',#6358,#5185,#5186);
#4743=AXIS2_PLACEMENT_3D('',#6364,#5190,#5191);
#4744=AXIS2_PLACEMENT_3D('',#6367,#5194,#5195);
#4745=AXIS2_PLACEMENT_3D('',#6376,#5200,#5201);
#4746=AXIS2_PLACEMENT_3D('',#6382,#5205,#5206);
#4747=AXIS2_PLACEMENT_3D('',#6388,#5210,#5211);
#4748=AXIS2_PLACEMENT_3D('',#6391,#5214,#5215);
#4749=AXIS2_PLACEMENT_3D('',#6400,#5220,#5221);
#4750=AXIS2_PLACEMENT_3D('',#6406,#5225,#5226);
#4751=AXIS2_PLACEMENT_3D('',#6412,#5230,#5231);
#4752=AXIS2_PLACEMENT_3D('',#6415,#5234,#5235);
#4753=AXIS2_PLACEMENT_3D('',#6424,#5240,#5241);
#4754=AXIS2_PLACEMENT_3D('',#6430,#5245,#5246);
#4755=AXIS2_PLACEMENT_3D('',#6436,#5250,#5251);
#4756=AXIS2_PLACEMENT_3D('',#6439,#5254,#5255);
#4757=AXIS2_PLACEMENT_3D('',#6448,#5260,#5261);
#4758=AXIS2_PLACEMENT_3D('',#6454,#5265,#5266);
#4759=AXIS2_PLACEMENT_3D('',#6460,#5270,#5271);
#4760=AXIS2_PLACEMENT_3D('',#6463,#5274,#5275);
#4761=AXIS2_PLACEMENT_3D('',#6472,#5280,#5281);
#4762=AXIS2_PLACEMENT_3D('',#6478,#5285,#5286);
#4763=AXIS2_PLACEMENT_3D('',#6484,#5290,#5291);
#4764=AXIS2_PLACEMENT_3D('',#6487,#5294,#5295);
#4765=AXIS2_PLACEMENT_3D('',#6496,#5300,#5301);
#4766=AXIS2_PLACEMENT_3D('',#6502,#5305,#5306);
#4767=AXIS2_PLACEMENT_3D('',#6508,#5310,#5311);
#4768=AXIS2_PLACEMENT_3D('',#6511,#5314,#5315);
#4769=AXIS2_PLACEMENT_3D('',#6520,#5320,#5321);
#4770=AXIS2_PLACEMENT_3D('',#6526,#5325,#5326);
#4771=AXIS2_PLACEMENT_3D('',#6532,#5330,#5331);
#4772=AXIS2_PLACEMENT_3D('',#6535,#5334,#5335);
#4773=AXIS2_PLACEMENT_3D('',#6544,#5340,#5341);
#4774=AXIS2_PLACEMENT_3D('',#6550,#5345,#5346);
#4775=AXIS2_PLACEMENT_3D('',#6556,#5350,#5351);
#4776=AXIS2_PLACEMENT_3D('',#6559,#5354,#5355);
#4777=AXIS2_PLACEMENT_3D('',#6568,#5360,#5361);
#4778=AXIS2_PLACEMENT_3D('',#6574,#5365,#5366);
#4779=AXIS2_PLACEMENT_3D('',#6580,#5370,#5371);
#4780=AXIS2_PLACEMENT_3D('',#6583,#5374,#5375);
#4781=AXIS2_PLACEMENT_3D('',#6592,#5380,#5381);
#4782=AXIS2_PLACEMENT_3D('',#6598,#5385,#5386);
#4783=AXIS2_PLACEMENT_3D('',#6604,#5390,#5391);
#4784=AXIS2_PLACEMENT_3D('',#6607,#5394,#5395);
#4785=AXIS2_PLACEMENT_3D('',#6616,#5400,#5401);
#4786=AXIS2_PLACEMENT_3D('',#6622,#5405,#5406);
#4787=AXIS2_PLACEMENT_3D('',#6628,#5410,#5411);
#4788=AXIS2_PLACEMENT_3D('',#6631,#5414,#5415);
#4789=AXIS2_PLACEMENT_3D('',#6640,#5420,#5421);
#4790=AXIS2_PLACEMENT_3D('',#6646,#5425,#5426);
#4791=AXIS2_PLACEMENT_3D('',#6652,#5430,#5431);
#4792=AXIS2_PLACEMENT_3D('',#6655,#5434,#5435);
#4793=AXIS2_PLACEMENT_3D('',#6664,#5440,#5441);
#4794=AXIS2_PLACEMENT_3D('',#6670,#5445,#5446);
#4795=AXIS2_PLACEMENT_3D('',#6676,#5450,#5451);
#4796=AXIS2_PLACEMENT_3D('',#6679,#5454,#5455);
#4797=AXIS2_PLACEMENT_3D('',#6688,#5460,#5461);
#4798=AXIS2_PLACEMENT_3D('',#6697,#5466,#5467);
#4799=AXIS2_PLACEMENT_3D('',#6700,#5470,#5471);
#4800=AXIS2_PLACEMENT_3D('',#6702,#5473,#5474);
#4801=AXIS2_PLACEMENT_3D('',#6704,#5476,#5477);
#4802=AXIS2_PLACEMENT_3D('',#6705,#5478,#5479);
#4803=AXIS2_PLACEMENT_3D('',#6714,#5484,#5485);
#4804=AXIS2_PLACEMENT_3D('',#6723,#5490,#5491);
#4805=AXIS2_PLACEMENT_3D('',#6726,#5494,#5495);
#4806=AXIS2_PLACEMENT_3D('',#6728,#5497,#5498);
#4807=AXIS2_PLACEMENT_3D('',#6730,#5500,#5501);
#4808=AXIS2_PLACEMENT_3D('',#6731,#5502,#5503);
#4809=AXIS2_PLACEMENT_3D('',#6740,#5508,#5509);
#4810=AXIS2_PLACEMENT_3D('',#6749,#5514,#5515);
#4811=AXIS2_PLACEMENT_3D('',#6752,#5518,#5519);
#4812=AXIS2_PLACEMENT_3D('',#6754,#5521,#5522);
#4813=AXIS2_PLACEMENT_3D('',#6756,#5524,#5525);
#4814=AXIS2_PLACEMENT_3D('',#6757,#5526,#5527);
#4815=AXIS2_PLACEMENT_3D('',#6766,#5532,#5533);
#4816=AXIS2_PLACEMENT_3D('',#6775,#5538,#5539);
#4817=AXIS2_PLACEMENT_3D('',#6778,#5542,#5543);
#4818=AXIS2_PLACEMENT_3D('',#6780,#5545,#5546);
#4819=AXIS2_PLACEMENT_3D('',#6782,#5548,#5549);
#4820=AXIS2_PLACEMENT_3D('',#6783,#5550,#5551);
#4821=AXIS2_PLACEMENT_3D('',#6792,#5556,#5557);
#4822=AXIS2_PLACEMENT_3D('',#6801,#5562,#5563);
#4823=AXIS2_PLACEMENT_3D('',#6804,#5566,#5567);
#4824=AXIS2_PLACEMENT_3D('',#6806,#5569,#5570);
#4825=AXIS2_PLACEMENT_3D('',#6808,#5572,#5573);
#4826=AXIS2_PLACEMENT_3D('',#6809,#5574,#5575);
#4827=AXIS2_PLACEMENT_3D('',#6818,#5580,#5581);
#4828=AXIS2_PLACEMENT_3D('',#6827,#5586,#5587);
#4829=AXIS2_PLACEMENT_3D('',#6830,#5590,#5591);
#4830=AXIS2_PLACEMENT_3D('',#6832,#5593,#5594);
#4831=AXIS2_PLACEMENT_3D('',#6834,#5596,#5597);
#4832=AXIS2_PLACEMENT_3D('',#6835,#5598,#5599);
#4833=AXIS2_PLACEMENT_3D('',#6844,#5604,#5605);
#4834=AXIS2_PLACEMENT_3D('',#6853,#5610,#5611);
#4835=AXIS2_PLACEMENT_3D('',#6856,#5614,#5615);
#4836=AXIS2_PLACEMENT_3D('',#6858,#5617,#5618);
#4837=AXIS2_PLACEMENT_3D('',#6860,#5620,#5621);
#4838=AXIS2_PLACEMENT_3D('',#6861,#5622,#5623);
#4839=AXIS2_PLACEMENT_3D('',#6870,#5628,#5629);
#4840=AXIS2_PLACEMENT_3D('',#6879,#5634,#5635);
#4841=AXIS2_PLACEMENT_3D('',#6882,#5638,#5639);
#4842=AXIS2_PLACEMENT_3D('',#6884,#5641,#5642);
#4843=AXIS2_PLACEMENT_3D('',#6886,#5644,#5645);
#4844=AXIS2_PLACEMENT_3D('',#6887,#5646,#5647);
#4845=AXIS2_PLACEMENT_3D('',#6896,#5652,#5653);
#4846=AXIS2_PLACEMENT_3D('',#6905,#5658,#5659);
#4847=AXIS2_PLACEMENT_3D('',#6908,#5662,#5663);
#4848=AXIS2_PLACEMENT_3D('',#6910,#5665,#5666);
#4849=AXIS2_PLACEMENT_3D('',#6912,#5668,#5669);
#4850=AXIS2_PLACEMENT_3D('',#6913,#5670,#5671);
#4851=AXIS2_PLACEMENT_3D('',#6922,#5676,#5677);
#4852=AXIS2_PLACEMENT_3D('',#6931,#5682,#5683);
#4853=AXIS2_PLACEMENT_3D('',#6934,#5686,#5687);
#4854=AXIS2_PLACEMENT_3D('',#6936,#5689,#5690);
#4855=AXIS2_PLACEMENT_3D('',#6938,#5692,#5693);
#4856=AXIS2_PLACEMENT_3D('',#6939,#5694,#5695);
#4857=AXIS2_PLACEMENT_3D('',#6948,#5700,#5701);
#4858=AXIS2_PLACEMENT_3D('',#6957,#5706,#5707);
#4859=AXIS2_PLACEMENT_3D('',#6960,#5710,#5711);
#4860=AXIS2_PLACEMENT_3D('',#6962,#5713,#5714);
#4861=AXIS2_PLACEMENT_3D('',#6964,#5716,#5717);
#4862=AXIS2_PLACEMENT_3D('',#6965,#5718,#5719);
#4863=AXIS2_PLACEMENT_3D('',#6974,#5724,#5725);
#4864=AXIS2_PLACEMENT_3D('',#6983,#5730,#5731);
#4865=AXIS2_PLACEMENT_3D('',#6986,#5734,#5735);
#4866=AXIS2_PLACEMENT_3D('',#6988,#5737,#5738);
#4867=AXIS2_PLACEMENT_3D('',#6990,#5740,#5741);
#4868=AXIS2_PLACEMENT_3D('',#6991,#5742,#5743);
#4869=AXIS2_PLACEMENT_3D('',#7000,#5748,#5749);
#4870=AXIS2_PLACEMENT_3D('',#7009,#5754,#5755);
#4871=AXIS2_PLACEMENT_3D('',#7012,#5758,#5759);
#4872=AXIS2_PLACEMENT_3D('',#7014,#5761,#5762);
#4873=AXIS2_PLACEMENT_3D('',#7016,#5764,#5765);
#4874=AXIS2_PLACEMENT_3D('',#7017,#5766,#5767);
#4875=AXIS2_PLACEMENT_3D('',#7026,#5772,#5773);
#4876=AXIS2_PLACEMENT_3D('',#7035,#5778,#5779);
#4877=AXIS2_PLACEMENT_3D('',#7038,#5782,#5783);
#4878=AXIS2_PLACEMENT_3D('',#7040,#5785,#5786);
#4879=AXIS2_PLACEMENT_3D('',#7042,#5788,#5789);
#4880=AXIS2_PLACEMENT_3D('',#7043,#5790,#5791);
#4881=AXIS2_PLACEMENT_3D('',#7052,#5796,#5797);
#4882=AXIS2_PLACEMENT_3D('',#7061,#5802,#5803);
#4883=AXIS2_PLACEMENT_3D('',#7064,#5806,#5807);
#4884=AXIS2_PLACEMENT_3D('',#7066,#5809,#5810);
#4885=AXIS2_PLACEMENT_3D('',#7068,#5812,#5813);
#4886=AXIS2_PLACEMENT_3D('',#7069,#5814,#5815);
#4887=AXIS2_PLACEMENT_3D('',#7078,#5820,#5821);
#4888=AXIS2_PLACEMENT_3D('',#7087,#5826,#5827);
#4889=AXIS2_PLACEMENT_3D('',#7090,#5830,#5831);
#4890=AXIS2_PLACEMENT_3D('',#7092,#5833,#5834);
#4891=AXIS2_PLACEMENT_3D('',#7094,#5836,#5837);
#4892=AXIS2_PLACEMENT_3D('',#7095,#5838,#5839);
#4893=AXIS2_PLACEMENT_3D('',#7104,#5844,#5845);
#4894=AXIS2_PLACEMENT_3D('',#7113,#5850,#5851);
#4895=AXIS2_PLACEMENT_3D('',#7116,#5854,#5855);
#4896=AXIS2_PLACEMENT_3D('',#7118,#5857,#5858);
#4897=AXIS2_PLACEMENT_3D('',#7120,#5860,#5861);
#4898=AXIS2_PLACEMENT_3D('',#7121,#5862,#5863);
#4899=AXIS2_PLACEMENT_3D('',#7130,#5868,#5869);
#4900=AXIS2_PLACEMENT_3D('',#7139,#5874,#5875);
#4901=AXIS2_PLACEMENT_3D('',#7142,#5878,#5879);
#4902=AXIS2_PLACEMENT_3D('',#7144,#5881,#5882);
#4903=AXIS2_PLACEMENT_3D('',#7146,#5884,#5885);
#4904=AXIS2_PLACEMENT_3D('',#7147,#5886,#5887);
#4905=AXIS2_PLACEMENT_3D('',#7156,#5892,#5893);
#4906=AXIS2_PLACEMENT_3D('',#7165,#5898,#5899);
#4907=AXIS2_PLACEMENT_3D('',#7168,#5902,#5903);
#4908=AXIS2_PLACEMENT_3D('',#7170,#5905,#5906);
#4909=AXIS2_PLACEMENT_3D('',#7172,#5908,#5909);
#4910=AXIS2_PLACEMENT_3D('',#7173,#5910,#5911);
#4911=AXIS2_PLACEMENT_3D('',#7182,#5916,#5917);
#4912=AXIS2_PLACEMENT_3D('',#7191,#5922,#5923);
#4913=AXIS2_PLACEMENT_3D('',#7194,#5926,#5927);
#4914=AXIS2_PLACEMENT_3D('',#7196,#5929,#5930);
#4915=AXIS2_PLACEMENT_3D('',#7198,#5932,#5933);
#4916=AXIS2_PLACEMENT_3D('',#7199,#5934,#5935);
#4917=AXIS2_PLACEMENT_3D('',#7208,#5940,#5941);
#4918=AXIS2_PLACEMENT_3D('',#7217,#5946,#5947);
#4919=AXIS2_PLACEMENT_3D('',#7220,#5950,#5951);
#4920=AXIS2_PLACEMENT_3D('',#7222,#5953,#5954);
#4921=AXIS2_PLACEMENT_3D('',#7224,#5956,#5957);
#4922=AXIS2_PLACEMENT_3D('',#7225,#5958,#5959);
#4923=AXIS2_PLACEMENT_3D('',#7234,#5964,#5965);
#4924=AXIS2_PLACEMENT_3D('',#7243,#5970,#5971);
#4925=AXIS2_PLACEMENT_3D('',#7246,#5974,#5975);
#4926=AXIS2_PLACEMENT_3D('',#7248,#5977,#5978);
#4927=AXIS2_PLACEMENT_3D('',#7250,#5980,#5981);
#4928=AXIS2_PLACEMENT_3D('',#7251,#5982,#5983);
#4929=AXIS2_PLACEMENT_3D('',#7260,#5988,#5989);
#4930=AXIS2_PLACEMENT_3D('',#7269,#5994,#5995);
#4931=AXIS2_PLACEMENT_3D('',#7272,#5998,#5999);
#4932=AXIS2_PLACEMENT_3D('',#7274,#6001,#6002);
#4933=AXIS2_PLACEMENT_3D('',#7276,#6004,#6005);
#4934=AXIS2_PLACEMENT_3D('',#7277,#6006,#6007);
#4935=AXIS2_PLACEMENT_3D('',#7286,#6012,#6013);
#4936=AXIS2_PLACEMENT_3D('',#7295,#6018,#6019);
#4937=AXIS2_PLACEMENT_3D('',#7298,#6022,#6023);
#4938=AXIS2_PLACEMENT_3D('',#7300,#6025,#6026);
#4939=AXIS2_PLACEMENT_3D('',#7302,#6028,#6029);
#4940=AXIS2_PLACEMENT_3D('',#7303,#6030,#6031);
#4941=AXIS2_PLACEMENT_3D('',#7312,#6036,#6037);
#4942=AXIS2_PLACEMENT_3D('',#7321,#6042,#6043);
#4943=AXIS2_PLACEMENT_3D('',#7324,#6046,#6047);
#4944=AXIS2_PLACEMENT_3D('',#7326,#6049,#6050);
#4945=AXIS2_PLACEMENT_3D('',#7328,#6052,#6053);
#4946=AXIS2_PLACEMENT_3D('',#7329,#6054,#6055);
#4947=AXIS2_PLACEMENT_3D('',#7338,#6060,#6061);
#4948=AXIS2_PLACEMENT_3D('',#7347,#6066,#6067);
#4949=AXIS2_PLACEMENT_3D('',#7350,#6070,#6071);
#4950=AXIS2_PLACEMENT_3D('',#7352,#6073,#6074);
#4951=AXIS2_PLACEMENT_3D('',#7354,#6076,#6077);
#4952=DIRECTION('axis',(0.,0.,1.));
#4953=DIRECTION('refdir',(1.,0.,0.));
#4954=DIRECTION('center_axis',(0.,-1.,0.));
#4955=DIRECTION('ref_axis',(0.,0.,-1.));
#4956=DIRECTION('',(1.,0.,0.));
#4957=DIRECTION('',(0.,0.,-1.));
#4958=DIRECTION('',(-1.,0.,0.));
#4959=DIRECTION('',(0.,0.,-1.));
#4960=DIRECTION('center_axis',(-1.,0.,0.));
#4961=DIRECTION('ref_axis',(0.,0.,1.));
#4962=DIRECTION('',(0.,-1.,0.));
#4963=DIRECTION('',(0.,1.,0.));
#4964=DIRECTION('',(0.,0.,-1.));
#4965=DIRECTION('center_axis',(0.,1.,0.));
#4966=DIRECTION('ref_axis',(0.,0.,1.));
#4967=DIRECTION('',(-1.,0.,0.));
#4968=DIRECTION('',(1.,0.,0.));
#4969=DIRECTION('',(0.,0.,-1.));
#4970=DIRECTION('center_axis',(1.,0.,0.));
#4971=DIRECTION('ref_axis',(0.,0.,-1.));
#4972=DIRECTION('',(0.,1.,0.));
#4973=DIRECTION('',(0.,-1.,0.));
#4974=DIRECTION('center_axis',(0.,-1.,0.));
#4975=DIRECTION('ref_axis',(0.,0.,-1.));
#4976=DIRECTION('',(1.,0.,0.));
#4977=DIRECTION('',(0.,0.,-1.));
#4978=DIRECTION('',(-1.,0.,0.));
#4979=DIRECTION('',(0.,0.,-1.));
#4980=DIRECTION('center_axis',(-1.,0.,0.));
#4981=DIRECTION('ref_axis',(0.,0.,1.));
#4982=DIRECTION('',(0.,-1.,0.));
#4983=DIRECTION('',(0.,1.,0.));
#4984=DIRECTION('',(0.,0.,-1.));
#4985=DIRECTION('center_axis',(0.,1.,0.));
#4986=DIRECTION('ref_axis',(0.,0.,1.));
#4987=DIRECTION('',(-1.,0.,0.));
#4988=DIRECTION('',(1.,0.,0.));
#4989=DIRECTION('',(0.,0.,-1.));
#4990=DIRECTION('center_axis',(1.,0.,0.));
#4991=DIRECTION('ref_axis',(0.,0.,-1.));
#4992=DIRECTION('',(0.,1.,0.));
#4993=DIRECTION('',(0.,-1.,0.));
#4994=DIRECTION('center_axis',(0.,-1.,0.));
#4995=DIRECTION('ref_axis',(0.,0.,-1.));
#4996=DIRECTION('',(1.,0.,0.));
#4997=DIRECTION('',(0.,0.,-1.));
#4998=DIRECTION('',(-1.,0.,0.));
#4999=DIRECTION('',(0.,0.,-1.));
#5000=DIRECTION('center_axis',(-1.,0.,0.));
#5001=DIRECTION('ref_axis',(0.,0.,1.));
#5002=DIRECTION('',(0.,-1.,0.));
#5003=DIRECTION('',(0.,1.,0.));
#5004=DIRECTION('',(0.,0.,-1.));
#5005=DIRECTION('center_axis',(0.,1.,0.));
#5006=DIRECTION('ref_axis',(0.,0.,1.));
#5007=DIRECTION('',(-1.,0.,0.));
#5008=DIRECTION('',(1.,0.,0.));
#5009=DIRECTION('',(0.,0.,-1.));
#5010=DIRECTION('center_axis',(1.,0.,0.));
#5011=DIRECTION('ref_axis',(0.,0.,-1.));
#5012=DIRECTION('',(0.,1.,0.));
#5013=DIRECTION('',(0.,-1.,0.));
#5014=DIRECTION('center_axis',(0.,-1.,0.));
#5015=DIRECTION('ref_axis',(0.,0.,-1.));
#5016=DIRECTION('',(1.,0.,0.));
#5017=DIRECTION('',(0.,0.,-1.));
#5018=DIRECTION('',(-1.,0.,0.));
#5019=DIRECTION('',(0.,0.,-1.));
#5020=DIRECTION('center_axis',(-1.,0.,0.));
#5021=DIRECTION('ref_axis',(0.,0.,1.));
#5022=DIRECTION('',(0.,-1.,0.));
#5023=DIRECTION('',(0.,1.,0.));
#5024=DIRECTION('',(0.,0.,-1.));
#5025=DIRECTION('center_axis',(0.,1.,0.));
#5026=DIRECTION('ref_axis',(0.,0.,1.));
#5027=DIRECTION('',(-1.,0.,0.));
#5028=DIRECTION('',(1.,0.,0.));
#5029=DIRECTION('',(0.,0.,-1.));
#5030=DIRECTION('center_axis',(1.,0.,0.));
#5031=DIRECTION('ref_axis',(0.,0.,-1.));
#5032=DIRECTION('',(0.,1.,0.));
#5033=DIRECTION('',(0.,-1.,0.));
#5034=DIRECTION('center_axis',(0.,-1.,0.));
#5035=DIRECTION('ref_axis',(0.,0.,-1.));
#5036=DIRECTION('',(1.,0.,0.));
#5037=DIRECTION('',(0.,0.,-1.));
#5038=DIRECTION('',(-1.,0.,0.));
#5039=DIRECTION('',(0.,0.,-1.));
#5040=DIRECTION('center_axis',(-1.,0.,0.));
#5041=DIRECTION('ref_axis',(0.,0.,1.));
#5042=DIRECTION('',(0.,-1.,0.));
#5043=DIRECTION('',(0.,1.,0.));
#5044=DIRECTION('',(0.,0.,-1.));
#5045=DIRECTION('center_axis',(0.,1.,0.));
#5046=DIRECTION('ref_axis',(0.,0.,1.));
#5047=DIRECTION('',(-1.,0.,0.));
#5048=DIRECTION('',(1.,0.,0.));
#5049=DIRECTION('',(0.,0.,-1.));
#5050=DIRECTION('center_axis',(1.,0.,0.));
#5051=DIRECTION('ref_axis',(0.,0.,-1.));
#5052=DIRECTION('',(0.,1.,0.));
#5053=DIRECTION('',(0.,-1.,0.));
#5054=DIRECTION('center_axis',(0.,-1.,0.));
#5055=DIRECTION('ref_axis',(0.,0.,-1.));
#5056=DIRECTION('',(1.,0.,0.));
#5057=DIRECTION('',(0.,0.,-1.));
#5058=DIRECTION('',(-1.,0.,0.));
#5059=DIRECTION('',(0.,0.,-1.));
#5060=DIRECTION('center_axis',(-1.,0.,0.));
#5061=DIRECTION('ref_axis',(0.,0.,1.));
#5062=DIRECTION('',(0.,-1.,0.));
#5063=DIRECTION('',(0.,1.,0.));
#5064=DIRECTION('',(0.,0.,-1.));
#5065=DIRECTION('center_axis',(0.,1.,0.));
#5066=DIRECTION('ref_axis',(0.,0.,1.));
#5067=DIRECTION('',(-1.,0.,0.));
#5068=DIRECTION('',(1.,0.,0.));
#5069=DIRECTION('',(0.,0.,-1.));
#5070=DIRECTION('center_axis',(1.,0.,0.));
#5071=DIRECTION('ref_axis',(0.,0.,-1.));
#5072=DIRECTION('',(0.,1.,0.));
#5073=DIRECTION('',(0.,-1.,0.));
#5074=DIRECTION('center_axis',(0.,-1.,0.));
#5075=DIRECTION('ref_axis',(0.,0.,-1.));
#5076=DIRECTION('',(1.,0.,0.));
#5077=DIRECTION('',(0.,0.,-1.));
#5078=DIRECTION('',(-1.,0.,0.));
#5079=DIRECTION('',(0.,0.,-1.));
#5080=DIRECTION('center_axis',(-1.,0.,0.));
#5081=DIRECTION('ref_axis',(0.,0.,1.));
#5082=DIRECTION('',(0.,-1.,0.));
#5083=DIRECTION('',(0.,1.,0.));
#5084=DIRECTION('',(0.,0.,-1.));
#5085=DIRECTION('center_axis',(0.,1.,0.));
#5086=DIRECTION('ref_axis',(0.,0.,1.));
#5087=DIRECTION('',(-1.,0.,0.));
#5088=DIRECTION('',(1.,0.,0.));
#5089=DIRECTION('',(0.,0.,-1.));
#5090=DIRECTION('center_axis',(1.,0.,0.));
#5091=DIRECTION('ref_axis',(0.,0.,-1.));
#5092=DIRECTION('',(0.,1.,0.));
#5093=DIRECTION('',(0.,-1.,0.));
#5094=DIRECTION('center_axis',(0.,-1.,0.));
#5095=DIRECTION('ref_axis',(0.,0.,-1.));
#5096=DIRECTION('',(1.,0.,0.));
#5097=DIRECTION('',(0.,0.,-1.));
#5098=DIRECTION('',(-1.,0.,0.));
#5099=DIRECTION('',(0.,0.,-1.));
#5100=DIRECTION('center_axis',(-1.,0.,0.));
#5101=DIRECTION('ref_axis',(0.,0.,1.));
#5102=DIRECTION('',(0.,-1.,0.));
#5103=DIRECTION('',(0.,1.,0.));
#5104=DIRECTION('',(0.,0.,-1.));
#5105=DIRECTION('center_axis',(0.,1.,0.));
#5106=DIRECTION('ref_axis',(0.,0.,1.));
#5107=DIRECTION('',(-1.,0.,0.));
#5108=DIRECTION('',(1.,0.,0.));
#5109=DIRECTION('',(0.,0.,-1.));
#5110=DIRECTION('center_axis',(1.,0.,0.));
#5111=DIRECTION('ref_axis',(0.,0.,-1.));
#5112=DIRECTION('',(0.,1.,0.));
#5113=DIRECTION('',(0.,-1.,0.));
#5114=DIRECTION('center_axis',(0.,-1.,0.));
#5115=DIRECTION('ref_axis',(0.,0.,-1.));
#5116=DIRECTION('',(1.,0.,0.));
#5117=DIRECTION('',(0.,0.,-1.));
#5118=DIRECTION('',(-1.,0.,0.));
#5119=DIRECTION('',(0.,0.,-1.));
#5120=DIRECTION('center_axis',(-1.,0.,0.));
#5121=DIRECTION('ref_axis',(0.,0.,1.));
#5122=DIRECTION('',(0.,-1.,0.));
#5123=DIRECTION('',(0.,1.,0.));
#5124=DIRECTION('',(0.,0.,-1.));
#5125=DIRECTION('center_axis',(0.,1.,0.));
#5126=DIRECTION('ref_axis',(0.,0.,1.));
#5127=DIRECTION('',(-1.,0.,0.));
#5128=DIRECTION('',(1.,0.,0.));
#5129=DIRECTION('',(0.,0.,-1.));
#5130=DIRECTION('center_axis',(1.,0.,0.));
#5131=DIRECTION('ref_axis',(0.,0.,-1.));
#5132=DIRECTION('',(0.,1.,0.));
#5133=DIRECTION('',(0.,-1.,0.));
#5134=DIRECTION('center_axis',(0.,-1.,0.));
#5135=DIRECTION('ref_axis',(0.,0.,-1.));
#5136=DIRECTION('',(1.,0.,0.));
#5137=DIRECTION('',(0.,0.,-1.));
#5138=DIRECTION('',(-1.,0.,0.));
#5139=DIRECTION('',(0.,0.,-1.));
#5140=DIRECTION('center_axis',(-1.,0.,0.));
#5141=DIRECTION('ref_axis',(0.,0.,1.));
#5142=DIRECTION('',(0.,-1.,0.));
#5143=DIRECTION('',(0.,1.,0.));
#5144=DIRECTION('',(0.,0.,-1.));
#5145=DIRECTION('center_axis',(0.,1.,0.));
#5146=DIRECTION('ref_axis',(0.,0.,1.));
#5147=DIRECTION('',(-1.,0.,0.));
#5148=DIRECTION('',(1.,0.,0.));
#5149=DIRECTION('',(0.,0.,-1.));
#5150=DIRECTION('center_axis',(1.,0.,0.));
#5151=DIRECTION('ref_axis',(0.,0.,-1.));
#5152=DIRECTION('',(0.,1.,0.));
#5153=DIRECTION('',(0.,-1.,0.));
#5154=DIRECTION('center_axis',(0.,-1.,0.));
#5155=DIRECTION('ref_axis',(0.,0.,-1.));
#5156=DIRECTION('',(1.,0.,0.));
#5157=DIRECTION('',(0.,0.,-1.));
#5158=DIRECTION('',(-1.,0.,0.));
#5159=DIRECTION('',(0.,0.,-1.));
#5160=DIRECTION('center_axis',(-1.,0.,0.));
#5161=DIRECTION('ref_axis',(0.,0.,1.));
#5162=DIRECTION('',(0.,-1.,0.));
#5163=DIRECTION('',(0.,1.,0.));
#5164=DIRECTION('',(0.,0.,-1.));
#5165=DIRECTION('center_axis',(0.,1.,0.));
#5166=DIRECTION('ref_axis',(0.,0.,1.));
#5167=DIRECTION('',(-1.,0.,0.));
#5168=DIRECTION('',(1.,0.,0.));
#5169=DIRECTION('',(0.,0.,-1.));
#5170=DIRECTION('center_axis',(1.,0.,0.));
#5171=DIRECTION('ref_axis',(0.,0.,-1.));
#5172=DIRECTION('',(0.,1.,0.));
#5173=DIRECTION('',(0.,-1.,0.));
#5174=DIRECTION('center_axis',(0.,-1.,0.));
#5175=DIRECTION('ref_axis',(0.,0.,-1.));
#5176=DIRECTION('',(1.,0.,0.));
#5177=DIRECTION('',(0.,0.,-1.));
#5178=DIRECTION('',(-1.,0.,0.));
#5179=DIRECTION('',(0.,0.,-1.));
#5180=DIRECTION('center_axis',(-1.,0.,0.));
#5181=DIRECTION('ref_axis',(0.,0.,1.));
#5182=DIRECTION('',(0.,-1.,0.));
#5183=DIRECTION('',(0.,1.,0.));
#5184=DIRECTION('',(0.,0.,-1.));
#5185=DIRECTION('center_axis',(0.,1.,0.));
#5186=DIRECTION('ref_axis',(0.,0.,1.));
#5187=DIRECTION('',(-1.,0.,0.));
#5188=DIRECTION('',(1.,0.,0.));
#5189=DIRECTION('',(0.,0.,-1.));
#5190=DIRECTION('center_axis',(1.,0.,0.));
#5191=DIRECTION('ref_axis',(0.,0.,-1.));
#5192=DIRECTION('',(0.,1.,0.));
#5193=DIRECTION('',(0.,-1.,0.));
#5194=DIRECTION('center_axis',(0.,-1.,0.));
#5195=DIRECTION('ref_axis',(0.,0.,-1.));
#5196=DIRECTION('',(1.,0.,0.));
#5197=DIRECTION('',(0.,0.,-1.));
#5198=DIRECTION('',(-1.,0.,0.));
#5199=DIRECTION('',(0.,0.,-1.));
#5200=DIRECTION('center_axis',(-1.,0.,0.));
#5201=DIRECTION('ref_axis',(0.,0.,1.));
#5202=DIRECTION('',(0.,-1.,0.));
#5203=DIRECTION('',(0.,1.,0.));
#5204=DIRECTION('',(0.,0.,-1.));
#5205=DIRECTION('center_axis',(0.,1.,0.));
#5206=DIRECTION('ref_axis',(0.,0.,1.));
#5207=DIRECTION('',(-1.,0.,0.));
#5208=DIRECTION('',(1.,0.,0.));
#5209=DIRECTION('',(0.,0.,-1.));
#5210=DIRECTION('center_axis',(1.,0.,0.));
#5211=DIRECTION('ref_axis',(0.,0.,-1.));
#5212=DIRECTION('',(0.,1.,0.));
#5213=DIRECTION('',(0.,-1.,0.));
#5214=DIRECTION('center_axis',(0.,-1.,0.));
#5215=DIRECTION('ref_axis',(0.,0.,-1.));
#5216=DIRECTION('',(1.,0.,0.));
#5217=DIRECTION('',(0.,0.,-1.));
#5218=DIRECTION('',(-1.,0.,0.));
#5219=DIRECTION('',(0.,0.,-1.));
#5220=DIRECTION('center_axis',(-1.,0.,0.));
#5221=DIRECTION('ref_axis',(0.,0.,1.));
#5222=DIRECTION('',(0.,-1.,0.));
#5223=DIRECTION('',(0.,1.,0.));
#5224=DIRECTION('',(0.,0.,-1.));
#5225=DIRECTION('center_axis',(0.,1.,0.));
#5226=DIRECTION('ref_axis',(0.,0.,1.));
#5227=DIRECTION('',(-1.,0.,0.));
#5228=DIRECTION('',(1.,0.,0.));
#5229=DIRECTION('',(0.,0.,-1.));
#5230=DIRECTION('center_axis',(1.,0.,0.));
#5231=DIRECTION('ref_axis',(0.,0.,-1.));
#5232=DIRECTION('',(0.,1.,0.));
#5233=DIRECTION('',(0.,-1.,0.));
#5234=DIRECTION('center_axis',(0.,-1.,0.));
#5235=DIRECTION('ref_axis',(0.,0.,-1.));
#5236=DIRECTION('',(1.,0.,0.));
#5237=DIRECTION('',(0.,0.,-1.));
#5238=DIRECTION('',(-1.,0.,0.));
#5239=DIRECTION('',(0.,0.,-1.));
#5240=DIRECTION('center_axis',(-1.,0.,0.));
#5241=DIRECTION('ref_axis',(0.,0.,1.));
#5242=DIRECTION('',(0.,-1.,0.));
#5243=DIRECTION('',(0.,1.,0.));
#5244=DIRECTION('',(0.,0.,-1.));
#5245=DIRECTION('center_axis',(0.,1.,0.));
#5246=DIRECTION('ref_axis',(0.,0.,1.));
#5247=DIRECTION('',(-1.,0.,0.));
#5248=DIRECTION('',(1.,0.,0.));
#5249=DIRECTION('',(0.,0.,-1.));
#5250=DIRECTION('center_axis',(1.,0.,0.));
#5251=DIRECTION('ref_axis',(0.,0.,-1.));
#5252=DIRECTION('',(0.,1.,0.));
#5253=DIRECTION('',(0.,-1.,0.));
#5254=DIRECTION('center_axis',(0.,-1.,0.));
#5255=DIRECTION('ref_axis',(0.,0.,-1.));
#5256=DIRECTION('',(1.,0.,0.));
#5257=DIRECTION('',(0.,0.,-1.));
#5258=DIRECTION('',(-1.,0.,0.));
#5259=DIRECTION('',(0.,0.,-1.));
#5260=DIRECTION('center_axis',(-1.,0.,0.));
#5261=DIRECTION('ref_axis',(0.,0.,1.));
#5262=DIRECTION('',(0.,-1.,0.));
#5263=DIRECTION('',(0.,1.,0.));
#5264=DIRECTION('',(0.,0.,-1.));
#5265=DIRECTION('center_axis',(0.,1.,0.));
#5266=DIRECTION('ref_axis',(0.,0.,1.));
#5267=DIRECTION('',(-1.,0.,0.));
#5268=DIRECTION('',(1.,0.,0.));
#5269=DIRECTION('',(0.,0.,-1.));
#5270=DIRECTION('center_axis',(1.,0.,0.));
#5271=DIRECTION('ref_axis',(0.,0.,-1.));
#5272=DIRECTION('',(0.,1.,0.));
#5273=DIRECTION('',(0.,-1.,0.));
#5274=DIRECTION('center_axis',(0.,-1.,0.));
#5275=DIRECTION('ref_axis',(0.,0.,-1.));
#5276=DIRECTION('',(1.,0.,0.));
#5277=DIRECTION('',(0.,0.,-1.));
#5278=DIRECTION('',(-1.,0.,0.));
#5279=DIRECTION('',(0.,0.,-1.));
#5280=DIRECTION('center_axis',(-1.,0.,0.));
#5281=DIRECTION('ref_axis',(0.,0.,1.));
#5282=DIRECTION('',(0.,-1.,0.));
#5283=DIRECTION('',(0.,1.,0.));
#5284=DIRECTION('',(0.,0.,-1.));
#5285=DIRECTION('center_axis',(0.,1.,0.));
#5286=DIRECTION('ref_axis',(0.,0.,1.));
#5287=DIRECTION('',(-1.,0.,0.));
#5288=DIRECTION('',(1.,0.,0.));
#5289=DIRECTION('',(0.,0.,-1.));
#5290=DIRECTION('center_axis',(1.,0.,0.));
#5291=DIRECTION('ref_axis',(0.,0.,-1.));
#5292=DIRECTION('',(0.,1.,0.));
#5293=DIRECTION('',(0.,-1.,0.));
#5294=DIRECTION('center_axis',(0.,-1.,0.));
#5295=DIRECTION('ref_axis',(0.,0.,-1.));
#5296=DIRECTION('',(1.,0.,0.));
#5297=DIRECTION('',(0.,0.,-1.));
#5298=DIRECTION('',(-1.,0.,0.));
#5299=DIRECTION('',(0.,0.,-1.));
#5300=DIRECTION('center_axis',(-1.,0.,0.));
#5301=DIRECTION('ref_axis',(0.,0.,1.));
#5302=DIRECTION('',(0.,-1.,0.));
#5303=DIRECTION('',(0.,1.,0.));
#5304=DIRECTION('',(0.,0.,-1.));
#5305=DIRECTION('center_axis',(0.,1.,0.));
#5306=DIRECTION('ref_axis',(0.,0.,1.));
#5307=DIRECTION('',(-1.,0.,0.));
#5308=DIRECTION('',(1.,0.,0.));
#5309=DIRECTION('',(0.,0.,-1.));
#5310=DIRECTION('center_axis',(1.,0.,0.));
#5311=DIRECTION('ref_axis',(0.,0.,-1.));
#5312=DIRECTION('',(0.,1.,0.));
#5313=DIRECTION('',(0.,-1.,0.));
#5314=DIRECTION('center_axis',(0.,-1.,0.));
#5315=DIRECTION('ref_axis',(0.,0.,-1.));
#5316=DIRECTION('',(1.,0.,0.));
#5317=DIRECTION('',(0.,0.,-1.));
#5318=DIRECTION('',(-1.,0.,0.));
#5319=DIRECTION('',(0.,0.,-1.));
#5320=DIRECTION('center_axis',(-1.,0.,0.));
#5321=DIRECTION('ref_axis',(0.,0.,1.));
#5322=DIRECTION('',(0.,-1.,0.));
#5323=DIRECTION('',(0.,1.,0.));
#5324=DIRECTION('',(0.,0.,-1.));
#5325=DIRECTION('center_axis',(0.,1.,0.));
#5326=DIRECTION('ref_axis',(0.,0.,1.));
#5327=DIRECTION('',(-1.,0.,0.));
#5328=DIRECTION('',(1.,0.,0.));
#5329=DIRECTION('',(0.,0.,-1.));
#5330=DIRECTION('center_axis',(1.,0.,0.));
#5331=DIRECTION('ref_axis',(0.,0.,-1.));
#5332=DIRECTION('',(0.,1.,0.));
#5333=DIRECTION('',(0.,-1.,0.));
#5334=DIRECTION('center_axis',(0.,-1.,0.));
#5335=DIRECTION('ref_axis',(0.,0.,-1.));
#5336=DIRECTION('',(1.,0.,0.));
#5337=DIRECTION('',(0.,0.,-1.));
#5338=DIRECTION('',(-1.,0.,0.));
#5339=DIRECTION('',(0.,0.,-1.));
#5340=DIRECTION('center_axis',(-1.,0.,0.));
#5341=DIRECTION('ref_axis',(0.,0.,1.));
#5342=DIRECTION('',(0.,-1.,0.));
#5343=DIRECTION('',(0.,1.,0.));
#5344=DIRECTION('',(0.,0.,-1.));
#5345=DIRECTION('center_axis',(0.,1.,0.));
#5346=DIRECTION('ref_axis',(0.,0.,1.));
#5347=DIRECTION('',(-1.,0.,0.));
#5348=DIRECTION('',(1.,0.,0.));
#5349=DIRECTION('',(0.,0.,-1.));
#5350=DIRECTION('center_axis',(1.,0.,0.));
#5351=DIRECTION('ref_axis',(0.,0.,-1.));
#5352=DIRECTION('',(0.,1.,0.));
#5353=DIRECTION('',(0.,-1.,0.));
#5354=DIRECTION('center_axis',(0.,-1.,0.));
#5355=DIRECTION('ref_axis',(0.,0.,-1.));
#5356=DIRECTION('',(1.,0.,0.));
#5357=DIRECTION('',(0.,0.,-1.));
#5358=DIRECTION('',(-1.,0.,0.));
#5359=DIRECTION('',(0.,0.,-1.));
#5360=DIRECTION('center_axis',(-1.,0.,0.));
#5361=DIRECTION('ref_axis',(0.,0.,1.));
#5362=DIRECTION('',(0.,-1.,0.));
#5363=DIRECTION('',(0.,1.,0.));
#5364=DIRECTION('',(0.,0.,-1.));
#5365=DIRECTION('center_axis',(0.,1.,0.));
#5366=DIRECTION('ref_axis',(0.,0.,1.));
#5367=DIRECTION('',(-1.,0.,0.));
#5368=DIRECTION('',(1.,0.,0.));
#5369=DIRECTION('',(0.,0.,-1.));
#5370=DIRECTION('center_axis',(1.,0.,0.));
#5371=DIRECTION('ref_axis',(0.,0.,-1.));
#5372=DIRECTION('',(0.,1.,0.));
#5373=DIRECTION('',(0.,-1.,0.));
#5374=DIRECTION('center_axis',(0.,-1.,0.));
#5375=DIRECTION('ref_axis',(0.,0.,-1.));
#5376=DIRECTION('',(1.,0.,0.));
#5377=DIRECTION('',(0.,0.,-1.));
#5378=DIRECTION('',(-1.,0.,0.));
#5379=DIRECTION('',(0.,0.,-1.));
#5380=DIRECTION('center_axis',(-1.,0.,0.));
#5381=DIRECTION('ref_axis',(0.,0.,1.));
#5382=DIRECTION('',(0.,-1.,0.));
#5383=DIRECTION('',(0.,1.,0.));
#5384=DIRECTION('',(0.,0.,-1.));
#5385=DIRECTION('center_axis',(0.,1.,0.));
#5386=DIRECTION('ref_axis',(0.,0.,1.));
#5387=DIRECTION('',(-1.,0.,0.));
#5388=DIRECTION('',(1.,0.,0.));
#5389=DIRECTION('',(0.,0.,-1.));
#5390=DIRECTION('center_axis',(1.,0.,0.));
#5391=DIRECTION('ref_axis',(0.,0.,-1.));
#5392=DIRECTION('',(0.,1.,0.));
#5393=DIRECTION('',(0.,-1.,0.));
#5394=DIRECTION('center_axis',(0.,-1.,0.));
#5395=DIRECTION('ref_axis',(0.,0.,-1.));
#5396=DIRECTION('',(1.,0.,0.));
#5397=DIRECTION('',(0.,0.,-1.));
#5398=DIRECTION('',(-1.,0.,0.));
#5399=DIRECTION('',(0.,0.,-1.));
#5400=DIRECTION('center_axis',(-1.,0.,0.));
#5401=DIRECTION('ref_axis',(0.,0.,1.));
#5402=DIRECTION('',(0.,-1.,0.));
#5403=DIRECTION('',(0.,1.,0.));
#5404=DIRECTION('',(0.,0.,-1.));
#5405=DIRECTION('center_axis',(0.,1.,0.));
#5406=DIRECTION('ref_axis',(0.,0.,1.));
#5407=DIRECTION('',(-1.,0.,0.));
#5408=DIRECTION('',(1.,0.,0.));
#5409=DIRECTION('',(0.,0.,-1.));
#5410=DIRECTION('center_axis',(1.,0.,0.));
#5411=DIRECTION('ref_axis',(0.,0.,-1.));
#5412=DIRECTION('',(0.,1.,0.));
#5413=DIRECTION('',(0.,-1.,0.));
#5414=DIRECTION('center_axis',(0.,-1.,0.));
#5415=DIRECTION('ref_axis',(0.,0.,-1.));
#5416=DIRECTION('',(1.,0.,0.));
#5417=DIRECTION('',(0.,0.,-1.));
#5418=DIRECTION('',(-1.,0.,0.));
#5419=DIRECTION('',(0.,0.,-1.));
#5420=DIRECTION('center_axis',(-1.,0.,0.));
#5421=DIRECTION('ref_axis',(0.,0.,1.));
#5422=DIRECTION('',(0.,-1.,0.));
#5423=DIRECTION('',(0.,1.,0.));
#5424=DIRECTION('',(0.,0.,-1.));
#5425=DIRECTION('center_axis',(0.,1.,0.));
#5426=DIRECTION('ref_axis',(0.,0.,1.));
#5427=DIRECTION('',(-1.,0.,0.));
#5428=DIRECTION('',(1.,0.,0.));
#5429=DIRECTION('',(0.,0.,-1.));
#5430=DIRECTION('center_axis',(1.,0.,0.));
#5431=DIRECTION('ref_axis',(0.,0.,-1.));
#5432=DIRECTION('',(0.,1.,0.));
#5433=DIRECTION('',(0.,-1.,0.));
#5434=DIRECTION('center_axis',(0.,-1.,0.));
#5435=DIRECTION('ref_axis',(0.,0.,-1.));
#5436=DIRECTION('',(1.,0.,0.));
#5437=DIRECTION('',(0.,0.,-1.));
#5438=DIRECTION('',(-1.,0.,0.));
#5439=DIRECTION('',(0.,0.,-1.));
#5440=DIRECTION('center_axis',(-1.,0.,0.));
#5441=DIRECTION('ref_axis',(0.,0.,1.));
#5442=DIRECTION('',(0.,-1.,0.));
#5443=DIRECTION('',(0.,1.,0.));
#5444=DIRECTION('',(0.,0.,-1.));
#5445=DIRECTION('center_axis',(0.,1.,0.));
#5446=DIRECTION('ref_axis',(0.,0.,1.));
#5447=DIRECTION('',(-1.,0.,0.));
#5448=DIRECTION('',(1.,0.,0.));
#5449=DIRECTION('',(0.,0.,-1.));
#5450=DIRECTION('center_axis',(1.,0.,0.));
#5451=DIRECTION('ref_axis',(0.,0.,-1.));
#5452=DIRECTION('',(0.,1.,0.));
#5453=DIRECTION('',(0.,-1.,0.));
#5454=DIRECTION('center_axis',(0.,0.,1.));
#5455=DIRECTION('ref_axis',(1.,0.,0.));
#5456=DIRECTION('',(0.,1.,0.));
#5457=DIRECTION('',(-1.,0.,0.));
#5458=DIRECTION('',(0.,-1.,0.));
#5459=DIRECTION('',(1.,0.,0.));
#5460=DIRECTION('center_axis',(0.,0.,1.));
#5461=DIRECTION('ref_axis',(1.,0.,0.));
#5462=DIRECTION('',(0.,-1.,0.));
#5463=DIRECTION('',(-1.,0.,0.));
#5464=DIRECTION('',(0.,1.,0.));
#5465=DIRECTION('',(1.,0.,0.));
#5466=DIRECTION('center_axis',(0.,1.,0.));
#5467=DIRECTION('ref_axis',(0.,0.,1.));
#5468=DIRECTION('',(0.,0.,-1.));
#5469=DIRECTION('',(0.,0.,-1.));
#5470=DIRECTION('center_axis',(1.,0.,0.));
#5471=DIRECTION('ref_axis',(0.,0.,-1.));
#5472=DIRECTION('',(0.,0.,-1.));
#5473=DIRECTION('center_axis',(0.,-1.,0.));
#5474=DIRECTION('ref_axis',(0.,0.,-1.));
#5475=DIRECTION('',(0.,0.,-1.));
#5476=DIRECTION('center_axis',(-1.,0.,0.));
#5477=DIRECTION('ref_axis',(0.,0.,1.));
#5478=DIRECTION('center_axis',(0.,0.,1.));
#5479=DIRECTION('ref_axis',(1.,0.,0.));
#5480=DIRECTION('',(0.,1.,0.));
#5481=DIRECTION('',(-1.,0.,0.));
#5482=DIRECTION('',(0.,-1.,0.));
#5483=DIRECTION('',(1.,0.,0.));
#5484=DIRECTION('center_axis',(0.,0.,1.));
#5485=DIRECTION('ref_axis',(1.,0.,0.));
#5486=DIRECTION('',(0.,-1.,0.));
#5487=DIRECTION('',(-1.,0.,0.));
#5488=DIRECTION('',(0.,1.,0.));
#5489=DIRECTION('',(1.,0.,0.));
#5490=DIRECTION('center_axis',(0.,1.,0.));
#5491=DIRECTION('ref_axis',(0.,0.,1.));
#5492=DIRECTION('',(0.,0.,-1.));
#5493=DIRECTION('',(0.,0.,-1.));
#5494=DIRECTION('center_axis',(1.,0.,0.));
#5495=DIRECTION('ref_axis',(0.,0.,-1.));
#5496=DIRECTION('',(0.,0.,-1.));
#5497=DIRECTION('center_axis',(0.,-1.,0.));
#5498=DIRECTION('ref_axis',(0.,0.,-1.));
#5499=DIRECTION('',(0.,0.,-1.));
#5500=DIRECTION('center_axis',(-1.,0.,0.));
#5501=DIRECTION('ref_axis',(0.,0.,1.));
#5502=DIRECTION('center_axis',(0.,0.,1.));
#5503=DIRECTION('ref_axis',(1.,0.,0.));
#5504=DIRECTION('',(0.,1.,0.));
#5505=DIRECTION('',(-1.,0.,0.));
#5506=DIRECTION('',(0.,-1.,0.));
#5507=DIRECTION('',(1.,0.,0.));
#5508=DIRECTION('center_axis',(0.,0.,1.));
#5509=DIRECTION('ref_axis',(1.,0.,0.));
#5510=DIRECTION('',(0.,-1.,0.));
#5511=DIRECTION('',(-1.,0.,0.));
#5512=DIRECTION('',(0.,1.,0.));
#5513=DIRECTION('',(1.,0.,0.));
#5514=DIRECTION('center_axis',(0.,1.,0.));
#5515=DIRECTION('ref_axis',(0.,0.,1.));
#5516=DIRECTION('',(0.,0.,-1.));
#5517=DIRECTION('',(0.,0.,-1.));
#5518=DIRECTION('center_axis',(1.,0.,0.));
#5519=DIRECTION('ref_axis',(0.,0.,-1.));
#5520=DIRECTION('',(0.,0.,-1.));
#5521=DIRECTION('center_axis',(0.,-1.,0.));
#5522=DIRECTION('ref_axis',(0.,0.,-1.));
#5523=DIRECTION('',(0.,0.,-1.));
#5524=DIRECTION('center_axis',(-1.,0.,0.));
#5525=DIRECTION('ref_axis',(0.,0.,1.));
#5526=DIRECTION('center_axis',(0.,0.,1.));
#5527=DIRECTION('ref_axis',(1.,0.,0.));
#5528=DIRECTION('',(0.,1.,0.));
#5529=DIRECTION('',(-1.,0.,0.));
#5530=DIRECTION('',(0.,-1.,0.));
#5531=DIRECTION('',(1.,0.,0.));
#5532=DIRECTION('center_axis',(0.,0.,1.));
#5533=DIRECTION('ref_axis',(1.,0.,0.));
#5534=DIRECTION('',(0.,-1.,0.));
#5535=DIRECTION('',(-1.,0.,0.));
#5536=DIRECTION('',(0.,1.,0.));
#5537=DIRECTION('',(1.,0.,0.));
#5538=DIRECTION('center_axis',(0.,1.,0.));
#5539=DIRECTION('ref_axis',(0.,0.,1.));
#5540=DIRECTION('',(0.,0.,-1.));
#5541=DIRECTION('',(0.,0.,-1.));
#5542=DIRECTION('center_axis',(1.,0.,0.));
#5543=DIRECTION('ref_axis',(0.,0.,-1.));
#5544=DIRECTION('',(0.,0.,-1.));
#5545=DIRECTION('center_axis',(0.,-1.,0.));
#5546=DIRECTION('ref_axis',(0.,0.,-1.));
#5547=DIRECTION('',(0.,0.,-1.));
#5548=DIRECTION('center_axis',(-1.,0.,0.));
#5549=DIRECTION('ref_axis',(0.,0.,1.));
#5550=DIRECTION('center_axis',(0.,0.,1.));
#5551=DIRECTION('ref_axis',(1.,0.,0.));
#5552=DIRECTION('',(0.,1.,0.));
#5553=DIRECTION('',(-1.,0.,0.));
#5554=DIRECTION('',(0.,-1.,0.));
#5555=DIRECTION('',(1.,0.,0.));
#5556=DIRECTION('center_axis',(0.,0.,1.));
#5557=DIRECTION('ref_axis',(1.,0.,0.));
#5558=DIRECTION('',(0.,-1.,0.));
#5559=DIRECTION('',(-1.,0.,0.));
#5560=DIRECTION('',(0.,1.,0.));
#5561=DIRECTION('',(1.,0.,0.));
#5562=DIRECTION('center_axis',(0.,1.,0.));
#5563=DIRECTION('ref_axis',(0.,0.,1.));
#5564=DIRECTION('',(0.,0.,-1.));
#5565=DIRECTION('',(0.,0.,-1.));
#5566=DIRECTION('center_axis',(1.,0.,0.));
#5567=DIRECTION('ref_axis',(0.,0.,-1.));
#5568=DIRECTION('',(0.,0.,-1.));
#5569=DIRECTION('center_axis',(0.,-1.,0.));
#5570=DIRECTION('ref_axis',(0.,0.,-1.));
#5571=DIRECTION('',(0.,0.,-1.));
#5572=DIRECTION('center_axis',(-1.,0.,0.));
#5573=DIRECTION('ref_axis',(0.,0.,1.));
#5574=DIRECTION('center_axis',(0.,0.,1.));
#5575=DIRECTION('ref_axis',(1.,0.,0.));
#5576=DIRECTION('',(0.,1.,0.));
#5577=DIRECTION('',(-1.,0.,0.));
#5578=DIRECTION('',(0.,-1.,0.));
#5579=DIRECTION('',(1.,0.,0.));
#5580=DIRECTION('center_axis',(0.,0.,1.));
#5581=DIRECTION('ref_axis',(1.,0.,0.));
#5582=DIRECTION('',(0.,-1.,0.));
#5583=DIRECTION('',(-1.,0.,0.));
#5584=DIRECTION('',(0.,1.,0.));
#5585=DIRECTION('',(1.,0.,0.));
#5586=DIRECTION('center_axis',(0.,1.,0.));
#5587=DIRECTION('ref_axis',(0.,0.,1.));
#5588=DIRECTION('',(0.,0.,-1.));
#5589=DIRECTION('',(0.,0.,-1.));
#5590=DIRECTION('center_axis',(1.,0.,0.));
#5591=DIRECTION('ref_axis',(0.,0.,-1.));
#5592=DIRECTION('',(0.,0.,-1.));
#5593=DIRECTION('center_axis',(0.,-1.,0.));
#5594=DIRECTION('ref_axis',(0.,0.,-1.));
#5595=DIRECTION('',(0.,0.,-1.));
#5596=DIRECTION('center_axis',(-1.,0.,0.));
#5597=DIRECTION('ref_axis',(0.,0.,1.));
#5598=DIRECTION('center_axis',(0.,0.,1.));
#5599=DIRECTION('ref_axis',(1.,0.,0.));
#5600=DIRECTION('',(0.,1.,0.));
#5601=DIRECTION('',(-1.,0.,0.));
#5602=DIRECTION('',(0.,-1.,0.));
#5603=DIRECTION('',(1.,0.,0.));
#5604=DIRECTION('center_axis',(0.,0.,1.));
#5605=DIRECTION('ref_axis',(1.,0.,0.));
#5606=DIRECTION('',(0.,-1.,0.));
#5607=DIRECTION('',(-1.,0.,0.));
#5608=DIRECTION('',(0.,1.,0.));
#5609=DIRECTION('',(1.,0.,0.));
#5610=DIRECTION('center_axis',(0.,1.,0.));
#5611=DIRECTION('ref_axis',(0.,0.,1.));
#5612=DIRECTION('',(0.,0.,-1.));
#5613=DIRECTION('',(0.,0.,-1.));
#5614=DIRECTION('center_axis',(1.,0.,0.));
#5615=DIRECTION('ref_axis',(0.,0.,-1.));
#5616=DIRECTION('',(0.,0.,-1.));
#5617=DIRECTION('center_axis',(0.,-1.,0.));
#5618=DIRECTION('ref_axis',(0.,0.,-1.));
#5619=DIRECTION('',(0.,0.,-1.));
#5620=DIRECTION('center_axis',(-1.,0.,0.));
#5621=DIRECTION('ref_axis',(0.,0.,1.));
#5622=DIRECTION('center_axis',(0.,0.,1.));
#5623=DIRECTION('ref_axis',(1.,0.,0.));
#5624=DIRECTION('',(0.,1.,0.));
#5625=DIRECTION('',(-1.,0.,0.));
#5626=DIRECTION('',(0.,-1.,0.));
#5627=DIRECTION('',(1.,0.,0.));
#5628=DIRECTION('center_axis',(0.,0.,1.));
#5629=DIRECTION('ref_axis',(1.,0.,0.));
#5630=DIRECTION('',(0.,-1.,0.));
#5631=DIRECTION('',(-1.,0.,0.));
#5632=DIRECTION('',(0.,1.,0.));
#5633=DIRECTION('',(1.,0.,0.));
#5634=DIRECTION('center_axis',(0.,1.,0.));
#5635=DIRECTION('ref_axis',(0.,0.,1.));
#5636=DIRECTION('',(0.,0.,-1.));
#5637=DIRECTION('',(0.,0.,-1.));
#5638=DIRECTION('center_axis',(1.,0.,0.));
#5639=DIRECTION('ref_axis',(0.,0.,-1.));
#5640=DIRECTION('',(0.,0.,-1.));
#5641=DIRECTION('center_axis',(0.,-1.,0.));
#5642=DIRECTION('ref_axis',(0.,0.,-1.));
#5643=DIRECTION('',(0.,0.,-1.));
#5644=DIRECTION('center_axis',(-1.,0.,0.));
#5645=DIRECTION('ref_axis',(0.,0.,1.));
#5646=DIRECTION('center_axis',(0.,0.,1.));
#5647=DIRECTION('ref_axis',(1.,0.,0.));
#5648=DIRECTION('',(0.,1.,0.));
#5649=DIRECTION('',(-1.,0.,0.));
#5650=DIRECTION('',(0.,-1.,0.));
#5651=DIRECTION('',(1.,0.,0.));
#5652=DIRECTION('center_axis',(0.,0.,1.));
#5653=DIRECTION('ref_axis',(1.,0.,0.));
#5654=DIRECTION('',(0.,-1.,0.));
#5655=DIRECTION('',(-1.,0.,0.));
#5656=DIRECTION('',(0.,1.,0.));
#5657=DIRECTION('',(1.,0.,0.));
#5658=DIRECTION('center_axis',(0.,1.,0.));
#5659=DIRECTION('ref_axis',(0.,0.,1.));
#5660=DIRECTION('',(0.,0.,-1.));
#5661=DIRECTION('',(0.,0.,-1.));
#5662=DIRECTION('center_axis',(1.,0.,0.));
#5663=DIRECTION('ref_axis',(0.,0.,-1.));
#5664=DIRECTION('',(0.,0.,-1.));
#5665=DIRECTION('center_axis',(0.,-1.,0.));
#5666=DIRECTION('ref_axis',(0.,0.,-1.));
#5667=DIRECTION('',(0.,0.,-1.));
#5668=DIRECTION('center_axis',(-1.,0.,0.));
#5669=DIRECTION('ref_axis',(0.,0.,1.));
#5670=DIRECTION('center_axis',(0.,0.,1.));
#5671=DIRECTION('ref_axis',(1.,0.,0.));
#5672=DIRECTION('',(0.,1.,0.));
#5673=DIRECTION('',(-1.,0.,0.));
#5674=DIRECTION('',(0.,-1.,0.));
#5675=DIRECTION('',(1.,0.,0.));
#5676=DIRECTION('center_axis',(0.,0.,1.));
#5677=DIRECTION('ref_axis',(1.,0.,0.));
#5678=DIRECTION('',(0.,-1.,0.));
#5679=DIRECTION('',(-1.,0.,0.));
#5680=DIRECTION('',(0.,1.,0.));
#5681=DIRECTION('',(1.,0.,0.));
#5682=DIRECTION('center_axis',(0.,1.,0.));
#5683=DIRECTION('ref_axis',(0.,0.,1.));
#5684=DIRECTION('',(0.,0.,-1.));
#5685=DIRECTION('',(0.,0.,-1.));
#5686=DIRECTION('center_axis',(1.,0.,0.));
#5687=DIRECTION('ref_axis',(0.,0.,-1.));
#5688=DIRECTION('',(0.,0.,-1.));
#5689=DIRECTION('center_axis',(0.,-1.,0.));
#5690=DIRECTION('ref_axis',(0.,0.,-1.));
#5691=DIRECTION('',(0.,0.,-1.));
#5692=DIRECTION('center_axis',(-1.,0.,0.));
#5693=DIRECTION('ref_axis',(0.,0.,1.));
#5694=DIRECTION('center_axis',(0.,0.,1.));
#5695=DIRECTION('ref_axis',(1.,0.,0.));
#5696=DIRECTION('',(0.,1.,0.));
#5697=DIRECTION('',(-1.,0.,0.));
#5698=DIRECTION('',(0.,-1.,0.));
#5699=DIRECTION('',(1.,0.,0.));
#5700=DIRECTION('center_axis',(0.,0.,1.));
#5701=DIRECTION('ref_axis',(1.,0.,0.));
#5702=DIRECTION('',(0.,-1.,0.));
#5703=DIRECTION('',(-1.,0.,0.));
#5704=DIRECTION('',(0.,1.,0.));
#5705=DIRECTION('',(1.,0.,0.));
#5706=DIRECTION('center_axis',(0.,1.,0.));
#5707=DIRECTION('ref_axis',(0.,0.,1.));
#5708=DIRECTION('',(0.,0.,-1.));
#5709=DIRECTION('',(0.,0.,-1.));
#5710=DIRECTION('center_axis',(1.,0.,0.));
#5711=DIRECTION('ref_axis',(0.,0.,-1.));
#5712=DIRECTION('',(0.,0.,-1.));
#5713=DIRECTION('center_axis',(0.,-1.,0.));
#5714=DIRECTION('ref_axis',(0.,0.,-1.));
#5715=DIRECTION('',(0.,0.,-1.));
#5716=DIRECTION('center_axis',(-1.,0.,0.));
#5717=DIRECTION('ref_axis',(0.,0.,1.));
#5718=DIRECTION('center_axis',(0.,0.,1.));
#5719=DIRECTION('ref_axis',(1.,0.,0.));
#5720=DIRECTION('',(0.,1.,0.));
#5721=DIRECTION('',(-1.,0.,0.));
#5722=DIRECTION('',(0.,-1.,0.));
#5723=DIRECTION('',(1.,0.,0.));
#5724=DIRECTION('center_axis',(0.,0.,1.));
#5725=DIRECTION('ref_axis',(1.,0.,0.));
#5726=DIRECTION('',(0.,-1.,0.));
#5727=DIRECTION('',(-1.,0.,0.));
#5728=DIRECTION('',(0.,1.,0.));
#5729=DIRECTION('',(1.,0.,0.));
#5730=DIRECTION('center_axis',(0.,1.,0.));
#5731=DIRECTION('ref_axis',(0.,0.,1.));
#5732=DIRECTION('',(0.,0.,-1.));
#5733=DIRECTION('',(0.,0.,-1.));
#5734=DIRECTION('center_axis',(1.,0.,0.));
#5735=DIRECTION('ref_axis',(0.,0.,-1.));
#5736=DIRECTION('',(0.,0.,-1.));
#5737=DIRECTION('center_axis',(0.,-1.,0.));
#5738=DIRECTION('ref_axis',(0.,0.,-1.));
#5739=DIRECTION('',(0.,0.,-1.));
#5740=DIRECTION('center_axis',(-1.,0.,0.));
#5741=DIRECTION('ref_axis',(0.,0.,1.));
#5742=DIRECTION('center_axis',(0.,0.,1.));
#5743=DIRECTION('ref_axis',(1.,0.,0.));
#5744=DIRECTION('',(0.,1.,0.));
#5745=DIRECTION('',(-1.,0.,0.));
#5746=DIRECTION('',(0.,-1.,0.));
#5747=DIRECTION('',(1.,0.,0.));
#5748=DIRECTION('center_axis',(0.,0.,1.));
#5749=DIRECTION('ref_axis',(1.,0.,0.));
#5750=DIRECTION('',(0.,-1.,0.));
#5751=DIRECTION('',(-1.,0.,0.));
#5752=DIRECTION('',(0.,1.,0.));
#5753=DIRECTION('',(1.,0.,0.));
#5754=DIRECTION('center_axis',(0.,1.,0.));
#5755=DIRECTION('ref_axis',(0.,0.,1.));
#5756=DIRECTION('',(0.,0.,-1.));
#5757=DIRECTION('',(0.,0.,-1.));
#5758=DIRECTION('center_axis',(1.,0.,0.));
#5759=DIRECTION('ref_axis',(0.,0.,-1.));
#5760=DIRECTION('',(0.,0.,-1.));
#5761=DIRECTION('center_axis',(0.,-1.,0.));
#5762=DIRECTION('ref_axis',(0.,0.,-1.));
#5763=DIRECTION('',(0.,0.,-1.));
#5764=DIRECTION('center_axis',(-1.,0.,0.));
#5765=DIRECTION('ref_axis',(0.,0.,1.));
#5766=DIRECTION('center_axis',(0.,0.,1.));
#5767=DIRECTION('ref_axis',(1.,0.,0.));
#5768=DIRECTION('',(0.,1.,0.));
#5769=DIRECTION('',(-1.,0.,0.));
#5770=DIRECTION('',(0.,-1.,0.));
#5771=DIRECTION('',(1.,0.,0.));
#5772=DIRECTION('center_axis',(0.,0.,1.));
#5773=DIRECTION('ref_axis',(1.,0.,0.));
#5774=DIRECTION('',(0.,-1.,0.));
#5775=DIRECTION('',(-1.,0.,0.));
#5776=DIRECTION('',(0.,1.,0.));
#5777=DIRECTION('',(1.,0.,0.));
#5778=DIRECTION('center_axis',(0.,1.,0.));
#5779=DIRECTION('ref_axis',(0.,0.,1.));
#5780=DIRECTION('',(0.,0.,-1.));
#5781=DIRECTION('',(0.,0.,-1.));
#5782=DIRECTION('center_axis',(1.,0.,0.));
#5783=DIRECTION('ref_axis',(0.,0.,-1.));
#5784=DIRECTION('',(0.,0.,-1.));
#5785=DIRECTION('center_axis',(0.,-1.,0.));
#5786=DIRECTION('ref_axis',(0.,0.,-1.));
#5787=DIRECTION('',(0.,0.,-1.));
#5788=DIRECTION('center_axis',(-1.,0.,0.));
#5789=DIRECTION('ref_axis',(0.,0.,1.));
#5790=DIRECTION('center_axis',(0.,0.,1.));
#5791=DIRECTION('ref_axis',(1.,0.,0.));
#5792=DIRECTION('',(0.,1.,0.));
#5793=DIRECTION('',(-1.,0.,0.));
#5794=DIRECTION('',(0.,-1.,0.));
#5795=DIRECTION('',(1.,0.,0.));
#5796=DIRECTION('center_axis',(0.,0.,1.));
#5797=DIRECTION('ref_axis',(1.,0.,0.));
#5798=DIRECTION('',(0.,-1.,0.));
#5799=DIRECTION('',(-1.,0.,0.));
#5800=DIRECTION('',(0.,1.,0.));
#5801=DIRECTION('',(1.,0.,0.));
#5802=DIRECTION('center_axis',(0.,1.,0.));
#5803=DIRECTION('ref_axis',(0.,0.,1.));
#5804=DIRECTION('',(0.,0.,-1.));
#5805=DIRECTION('',(0.,0.,-1.));
#5806=DIRECTION('center_axis',(1.,0.,0.));
#5807=DIRECTION('ref_axis',(0.,0.,-1.));
#5808=DIRECTION('',(0.,0.,-1.));
#5809=DIRECTION('center_axis',(0.,-1.,0.));
#5810=DIRECTION('ref_axis',(0.,0.,-1.));
#5811=DIRECTION('',(0.,0.,-1.));
#5812=DIRECTION('center_axis',(-1.,0.,0.));
#5813=DIRECTION('ref_axis',(0.,0.,1.));
#5814=DIRECTION('center_axis',(0.,0.,1.));
#5815=DIRECTION('ref_axis',(1.,0.,0.));
#5816=DIRECTION('',(0.,1.,0.));
#5817=DIRECTION('',(-1.,0.,0.));
#5818=DIRECTION('',(0.,-1.,0.));
#5819=DIRECTION('',(1.,0.,0.));
#5820=DIRECTION('center_axis',(0.,0.,1.));
#5821=DIRECTION('ref_axis',(1.,0.,0.));
#5822=DIRECTION('',(0.,-1.,0.));
#5823=DIRECTION('',(-1.,0.,0.));
#5824=DIRECTION('',(0.,1.,0.));
#5825=DIRECTION('',(1.,0.,0.));
#5826=DIRECTION('center_axis',(0.,1.,0.));
#5827=DIRECTION('ref_axis',(0.,0.,1.));
#5828=DIRECTION('',(0.,0.,-1.));
#5829=DIRECTION('',(0.,0.,-1.));
#5830=DIRECTION('center_axis',(1.,0.,0.));
#5831=DIRECTION('ref_axis',(0.,0.,-1.));
#5832=DIRECTION('',(0.,0.,-1.));
#5833=DIRECTION('center_axis',(0.,-1.,0.));
#5834=DIRECTION('ref_axis',(0.,0.,-1.));
#5835=DIRECTION('',(0.,0.,-1.));
#5836=DIRECTION('center_axis',(-1.,0.,0.));
#5837=DIRECTION('ref_axis',(0.,0.,1.));
#5838=DIRECTION('center_axis',(0.,0.,1.));
#5839=DIRECTION('ref_axis',(1.,0.,0.));
#5840=DIRECTION('',(0.,1.,0.));
#5841=DIRECTION('',(-1.,0.,0.));
#5842=DIRECTION('',(0.,-1.,0.));
#5843=DIRECTION('',(1.,0.,0.));
#5844=DIRECTION('center_axis',(0.,0.,1.));
#5845=DIRECTION('ref_axis',(1.,0.,0.));
#5846=DIRECTION('',(0.,-1.,0.));
#5847=DIRECTION('',(-1.,0.,0.));
#5848=DIRECTION('',(0.,1.,0.));
#5849=DIRECTION('',(1.,0.,0.));
#5850=DIRECTION('center_axis',(0.,1.,0.));
#5851=DIRECTION('ref_axis',(0.,0.,1.));
#5852=DIRECTION('',(0.,0.,-1.));
#5853=DIRECTION('',(0.,0.,-1.));
#5854=DIRECTION('center_axis',(1.,0.,0.));
#5855=DIRECTION('ref_axis',(0.,0.,-1.));
#5856=DIRECTION('',(0.,0.,-1.));
#5857=DIRECTION('center_axis',(0.,-1.,0.));
#5858=DIRECTION('ref_axis',(0.,0.,-1.));
#5859=DIRECTION('',(0.,0.,-1.));
#5860=DIRECTION('center_axis',(-1.,0.,0.));
#5861=DIRECTION('ref_axis',(0.,0.,1.));
#5862=DIRECTION('center_axis',(0.,0.,1.));
#5863=DIRECTION('ref_axis',(1.,0.,0.));
#5864=DIRECTION('',(0.,1.,0.));
#5865=DIRECTION('',(-1.,0.,0.));
#5866=DIRECTION('',(0.,-1.,0.));
#5867=DIRECTION('',(1.,0.,0.));
#5868=DIRECTION('center_axis',(0.,0.,1.));
#5869=DIRECTION('ref_axis',(1.,0.,0.));
#5870=DIRECTION('',(0.,-1.,0.));
#5871=DIRECTION('',(-1.,0.,0.));
#5872=DIRECTION('',(0.,1.,0.));
#5873=DIRECTION('',(1.,0.,0.));
#5874=DIRECTION('center_axis',(0.,1.,0.));
#5875=DIRECTION('ref_axis',(0.,0.,1.));
#5876=DIRECTION('',(0.,0.,-1.));
#5877=DIRECTION('',(0.,0.,-1.));
#5878=DIRECTION('center_axis',(1.,0.,0.));
#5879=DIRECTION('ref_axis',(0.,0.,-1.));
#5880=DIRECTION('',(0.,0.,-1.));
#5881=DIRECTION('center_axis',(0.,-1.,0.));
#5882=DIRECTION('ref_axis',(0.,0.,-1.));
#5883=DIRECTION('',(0.,0.,-1.));
#5884=DIRECTION('center_axis',(-1.,0.,0.));
#5885=DIRECTION('ref_axis',(0.,0.,1.));
#5886=DIRECTION('center_axis',(0.,0.,1.));
#5887=DIRECTION('ref_axis',(1.,0.,0.));
#5888=DIRECTION('',(0.,1.,0.));
#5889=DIRECTION('',(-1.,0.,0.));
#5890=DIRECTION('',(0.,-1.,0.));
#5891=DIRECTION('',(1.,0.,0.));
#5892=DIRECTION('center_axis',(0.,0.,1.));
#5893=DIRECTION('ref_axis',(1.,0.,0.));
#5894=DIRECTION('',(0.,-1.,0.));
#5895=DIRECTION('',(-1.,0.,0.));
#5896=DIRECTION('',(0.,1.,0.));
#5897=DIRECTION('',(1.,0.,0.));
#5898=DIRECTION('center_axis',(0.,1.,0.));
#5899=DIRECTION('ref_axis',(0.,0.,1.));
#5900=DIRECTION('',(0.,0.,-1.));
#5901=DIRECTION('',(0.,0.,-1.));
#5902=DIRECTION('center_axis',(1.,0.,0.));
#5903=DIRECTION('ref_axis',(0.,0.,-1.));
#5904=DIRECTION('',(0.,0.,-1.));
#5905=DIRECTION('center_axis',(0.,-1.,0.));
#5906=DIRECTION('ref_axis',(0.,0.,-1.));
#5907=DIRECTION('',(0.,0.,-1.));
#5908=DIRECTION('center_axis',(-1.,0.,0.));
#5909=DIRECTION('ref_axis',(0.,0.,1.));
#5910=DIRECTION('center_axis',(0.,0.,1.));
#5911=DIRECTION('ref_axis',(1.,0.,0.));
#5912=DIRECTION('',(0.,1.,0.));
#5913=DIRECTION('',(-1.,0.,0.));
#5914=DIRECTION('',(0.,-1.,0.));
#5915=DIRECTION('',(1.,0.,0.));
#5916=DIRECTION('center_axis',(0.,0.,1.));
#5917=DIRECTION('ref_axis',(1.,0.,0.));
#5918=DIRECTION('',(0.,-1.,0.));
#5919=DIRECTION('',(-1.,0.,0.));
#5920=DIRECTION('',(0.,1.,0.));
#5921=DIRECTION('',(1.,0.,0.));
#5922=DIRECTION('center_axis',(0.,1.,0.));
#5923=DIRECTION('ref_axis',(0.,0.,1.));
#5924=DIRECTION('',(0.,0.,-1.));
#5925=DIRECTION('',(0.,0.,-1.));
#5926=DIRECTION('center_axis',(1.,0.,0.));
#5927=DIRECTION('ref_axis',(0.,0.,-1.));
#5928=DIRECTION('',(0.,0.,-1.));
#5929=DIRECTION('center_axis',(0.,-1.,0.));
#5930=DIRECTION('ref_axis',(0.,0.,-1.));
#5931=DIRECTION('',(0.,0.,-1.));
#5932=DIRECTION('center_axis',(-1.,0.,0.));
#5933=DIRECTION('ref_axis',(0.,0.,1.));
#5934=DIRECTION('center_axis',(0.,0.,1.));
#5935=DIRECTION('ref_axis',(1.,0.,0.));
#5936=DIRECTION('',(0.,1.,0.));
#5937=DIRECTION('',(-1.,0.,0.));
#5938=DIRECTION('',(0.,-1.,0.));
#5939=DIRECTION('',(1.,0.,0.));
#5940=DIRECTION('center_axis',(0.,0.,1.));
#5941=DIRECTION('ref_axis',(1.,0.,0.));
#5942=DIRECTION('',(0.,-1.,0.));
#5943=DIRECTION('',(-1.,0.,0.));
#5944=DIRECTION('',(0.,1.,0.));
#5945=DIRECTION('',(1.,0.,0.));
#5946=DIRECTION('center_axis',(0.,1.,0.));
#5947=DIRECTION('ref_axis',(0.,0.,1.));
#5948=DIRECTION('',(0.,0.,-1.));
#5949=DIRECTION('',(0.,0.,-1.));
#5950=DIRECTION('center_axis',(1.,0.,0.));
#5951=DIRECTION('ref_axis',(0.,0.,-1.));
#5952=DIRECTION('',(0.,0.,-1.));
#5953=DIRECTION('center_axis',(0.,-1.,0.));
#5954=DIRECTION('ref_axis',(0.,0.,-1.));
#5955=DIRECTION('',(0.,0.,-1.));
#5956=DIRECTION('center_axis',(-1.,0.,0.));
#5957=DIRECTION('ref_axis',(0.,0.,1.));
#5958=DIRECTION('center_axis',(0.,0.,1.));
#5959=DIRECTION('ref_axis',(1.,0.,0.));
#5960=DIRECTION('',(0.,1.,0.));
#5961=DIRECTION('',(-1.,0.,0.));
#5962=DIRECTION('',(0.,-1.,0.));
#5963=DIRECTION('',(1.,0.,0.));
#5964=DIRECTION('center_axis',(0.,0.,1.));
#5965=DIRECTION('ref_axis',(1.,0.,0.));
#5966=DIRECTION('',(0.,-1.,0.));
#5967=DIRECTION('',(-1.,0.,0.));
#5968=DIRECTION('',(0.,1.,0.));
#5969=DIRECTION('',(1.,0.,0.));
#5970=DIRECTION('center_axis',(0.,1.,0.));
#5971=DIRECTION('ref_axis',(0.,0.,1.));
#5972=DIRECTION('',(0.,0.,-1.));
#5973=DIRECTION('',(0.,0.,-1.));
#5974=DIRECTION('center_axis',(1.,0.,0.));
#5975=DIRECTION('ref_axis',(0.,0.,-1.));
#5976=DIRECTION('',(0.,0.,-1.));
#5977=DIRECTION('center_axis',(0.,-1.,0.));
#5978=DIRECTION('ref_axis',(0.,0.,-1.));
#5979=DIRECTION('',(0.,0.,-1.));
#5980=DIRECTION('center_axis',(-1.,0.,0.));
#5981=DIRECTION('ref_axis',(0.,0.,1.));
#5982=DIRECTION('center_axis',(0.,0.,1.));
#5983=DIRECTION('ref_axis',(1.,0.,0.));
#5984=DIRECTION('',(0.,1.,0.));
#5985=DIRECTION('',(-1.,0.,0.));
#5986=DIRECTION('',(0.,-1.,0.));
#5987=DIRECTION('',(1.,0.,0.));
#5988=DIRECTION('center_axis',(0.,0.,1.));
#5989=DIRECTION('ref_axis',(1.,0.,0.));
#5990=DIRECTION('',(0.,-1.,0.));
#5991=DIRECTION('',(-1.,0.,0.));
#5992=DIRECTION('',(0.,1.,0.));
#5993=DIRECTION('',(1.,0.,0.));
#5994=DIRECTION('center_axis',(0.,1.,0.));
#5995=DIRECTION('ref_axis',(0.,0.,1.));
#5996=DIRECTION('',(0.,0.,-1.));
#5997=DIRECTION('',(0.,0.,-1.));
#5998=DIRECTION('center_axis',(1.,0.,0.));
#5999=DIRECTION('ref_axis',(0.,0.,-1.));
#6000=DIRECTION('',(0.,0.,-1.));
#6001=DIRECTION('center_axis',(0.,-1.,0.));
#6002=DIRECTION('ref_axis',(0.,0.,-1.));
#6003=DIRECTION('',(0.,0.,-1.));
#6004=DIRECTION('center_axis',(-1.,0.,0.));
#6005=DIRECTION('ref_axis',(0.,0.,1.));
#6006=DIRECTION('center_axis',(0.,0.,1.));
#6007=DIRECTION('ref_axis',(1.,0.,0.));
#6008=DIRECTION('',(0.,1.,0.));
#6009=DIRECTION('',(-1.,0.,0.));
#6010=DIRECTION('',(0.,-1.,0.));
#6011=DIRECTION('',(1.,0.,0.));
#6012=DIRECTION('center_axis',(0.,0.,1.));
#6013=DIRECTION('ref_axis',(1.,0.,0.));
#6014=DIRECTION('',(0.,-1.,0.));
#6015=DIRECTION('',(-1.,0.,0.));
#6016=DIRECTION('',(0.,1.,0.));
#6017=DIRECTION('',(1.,0.,0.));
#6018=DIRECTION('center_axis',(0.,1.,0.));
#6019=DIRECTION('ref_axis',(0.,0.,1.));
#6020=DIRECTION('',(0.,0.,-1.));
#6021=DIRECTION('',(0.,0.,-1.));
#6022=DIRECTION('center_axis',(1.,0.,0.));
#6023=DIRECTION('ref_axis',(0.,0.,-1.));
#6024=DIRECTION('',(0.,0.,-1.));
#6025=DIRECTION('center_axis',(0.,-1.,0.));
#6026=DIRECTION('ref_axis',(0.,0.,-1.));
#6027=DIRECTION('',(0.,0.,-1.));
#6028=DIRECTION('center_axis',(-1.,0.,0.));
#6029=DIRECTION('ref_axis',(0.,0.,1.));
#6030=DIRECTION('center_axis',(0.,0.,1.));
#6031=DIRECTION('ref_axis',(1.,0.,0.));
#6032=DIRECTION('',(0.,1.,0.));
#6033=DIRECTION('',(-1.,0.,0.));
#6034=DIRECTION('',(0.,-1.,0.));
#6035=DIRECTION('',(1.,0.,0.));
#6036=DIRECTION('center_axis',(0.,0.,1.));
#6037=DIRECTION('ref_axis',(1.,0.,0.));
#6038=DIRECTION('',(0.,-1.,0.));
#6039=DIRECTION('',(-1.,0.,0.));
#6040=DIRECTION('',(0.,1.,0.));
#6041=DIRECTION('',(1.,0.,0.));
#6042=DIRECTION('center_axis',(0.,1.,0.));
#6043=DIRECTION('ref_axis',(0.,0.,1.));
#6044=DIRECTION('',(0.,0.,-1.));
#6045=DIRECTION('',(0.,0.,-1.));
#6046=DIRECTION('center_axis',(1.,0.,0.));
#6047=DIRECTION('ref_axis',(0.,0.,-1.));
#6048=DIRECTION('',(0.,0.,-1.));
#6049=DIRECTION('center_axis',(0.,-1.,0.));
#6050=DIRECTION('ref_axis',(0.,0.,-1.));
#6051=DIRECTION('',(0.,0.,-1.));
#6052=DIRECTION('center_axis',(-1.,0.,0.));
#6053=DIRECTION('ref_axis',(0.,0.,1.));
#6054=DIRECTION('center_axis',(0.,0.,1.));
#6055=DIRECTION('ref_axis',(1.,0.,0.));
#6056=DIRECTION('',(0.,1.,0.));
#6057=DIRECTION('',(-1.,0.,0.));
#6058=DIRECTION('',(0.,-1.,0.));
#6059=DIRECTION('',(1.,0.,0.));
#6060=DIRECTION('center_axis',(0.,0.,1.));
#6061=DIRECTION('ref_axis',(1.,0.,0.));
#6062=DIRECTION('',(0.,-1.,0.));
#6063=DIRECTION('',(-1.,0.,0.));
#6064=DIRECTION('',(0.,1.,0.));
#6065=DIRECTION('',(1.,0.,0.));
#6066=DIRECTION('center_axis',(0.,1.,0.));
#6067=DIRECTION('ref_axis',(0.,0.,1.));
#6068=DIRECTION('',(0.,0.,-1.));
#6069=DIRECTION('',(0.,0.,-1.));
#6070=DIRECTION('center_axis',(1.,0.,0.));
#6071=DIRECTION('ref_axis',(0.,0.,-1.));
#6072=DIRECTION('',(0.,0.,-1.));
#6073=DIRECTION('center_axis',(0.,-1.,0.));
#6074=DIRECTION('ref_axis',(0.,0.,-1.));
#6075=DIRECTION('',(0.,0.,-1.));
#6076=DIRECTION('center_axis',(-1.,0.,0.));
#6077=DIRECTION('ref_axis',(0.,0.,1.));
#6078=CARTESIAN_POINT('',(0.,0.,0.));
#6079=CARTESIAN_POINT('Origin',(0.254,-3.016,0.2921));
#6080=CARTESIAN_POINT('',(0.222,-3.016,0.254));
#6081=CARTESIAN_POINT('',(0.286,-3.016,0.254));
#6082=CARTESIAN_POINT('',(0.1905,-3.016,0.254));
#6083=CARTESIAN_POINT('',(0.222,-3.016,0.));
#6084=CARTESIAN_POINT('',(0.222,-3.016,0.2921));
#6085=CARTESIAN_POINT('',(0.286,-3.016,0.));
#6086=CARTESIAN_POINT('',(0.1905,-3.016,0.));
#6087=CARTESIAN_POINT('',(0.286,-3.016,0.2921));
#6088=CARTESIAN_POINT('Origin',(0.286,-3.048,0.2921));
#6089=CARTESIAN_POINT('',(0.286,-3.08,0.254));
#6090=CARTESIAN_POINT('',(0.286,-2.286,0.254));
#6091=CARTESIAN_POINT('',(0.286,-3.08,0.));
#6092=CARTESIAN_POINT('',(0.286,-2.286,0.));
#6093=CARTESIAN_POINT('',(0.286,-3.08,0.2921));
#6094=CARTESIAN_POINT('Origin',(0.254,-3.08,0.2921));
#6095=CARTESIAN_POINT('',(0.222,-3.08,0.254));
#6096=CARTESIAN_POINT('',(0.1905,-3.08,0.254));
#6097=CARTESIAN_POINT('',(0.222,-3.08,0.));
#6098=CARTESIAN_POINT('',(0.1905,-3.08,0.));
#6099=CARTESIAN_POINT('',(0.222,-3.08,0.2921));
#6100=CARTESIAN_POINT('Origin',(0.222,-3.048,0.2921));
#6101=CARTESIAN_POINT('',(0.222,-2.286,0.254));
#6102=CARTESIAN_POINT('',(0.222,-2.286,0.));
#6103=CARTESIAN_POINT('Origin',(0.,-3.016,0.2921));
#6104=CARTESIAN_POINT('',(-0.032,-3.016,0.254));
#6105=CARTESIAN_POINT('',(0.032,-3.016,0.254));
#6106=CARTESIAN_POINT('',(0.0635,-3.016,0.254));
#6107=CARTESIAN_POINT('',(-0.032,-3.016,0.));
#6108=CARTESIAN_POINT('',(-0.032,-3.016,0.2921));
#6109=CARTESIAN_POINT('',(0.032,-3.016,0.));
#6110=CARTESIAN_POINT('',(0.0635,-3.016,0.));
#6111=CARTESIAN_POINT('',(0.032,-3.016,0.2921));
#6112=CARTESIAN_POINT('Origin',(0.032,-3.048,0.2921));
#6113=CARTESIAN_POINT('',(0.032,-3.08,0.254));
#6114=CARTESIAN_POINT('',(0.032,-2.286,0.254));
#6115=CARTESIAN_POINT('',(0.032,-3.08,0.));
#6116=CARTESIAN_POINT('',(0.032,-2.286,0.));
#6117=CARTESIAN_POINT('',(0.032,-3.08,0.2921));
#6118=CARTESIAN_POINT('Origin',(0.,-3.08,0.2921));
#6119=CARTESIAN_POINT('',(-0.032,-3.08,0.254));
#6120=CARTESIAN_POINT('',(0.0635,-3.08,0.254));
#6121=CARTESIAN_POINT('',(-0.032,-3.08,0.));
#6122=CARTESIAN_POINT('',(0.0635,-3.08,0.));
#6123=CARTESIAN_POINT('',(-0.032,-3.08,0.2921));
#6124=CARTESIAN_POINT('Origin',(-0.032,-3.048,0.2921));
#6125=CARTESIAN_POINT('',(-0.032,-2.286,0.254));
#6126=CARTESIAN_POINT('',(-0.032,-2.286,0.));
#6127=CARTESIAN_POINT('Origin',(0.254,-2.762,0.2921));
#6128=CARTESIAN_POINT('',(0.222,-2.762,0.254));
#6129=CARTESIAN_POINT('',(0.286,-2.762,0.254));
#6130=CARTESIAN_POINT('',(0.1905,-2.762,0.254));
#6131=CARTESIAN_POINT('',(0.222,-2.762,0.));
#6132=CARTESIAN_POINT('',(0.222,-2.762,0.2921));
#6133=CARTESIAN_POINT('',(0.286,-2.762,0.));
#6134=CARTESIAN_POINT('',(0.1905,-2.762,0.));
#6135=CARTESIAN_POINT('',(0.286,-2.762,0.2921));
#6136=CARTESIAN_POINT('Origin',(0.286,-2.794,0.2921));
#6137=CARTESIAN_POINT('',(0.286,-2.826,0.254));
#6138=CARTESIAN_POINT('',(0.286,-2.159,0.254));
#6139=CARTESIAN_POINT('',(0.286,-2.826,0.));
#6140=CARTESIAN_POINT('',(0.286,-2.159,0.));
#6141=CARTESIAN_POINT('',(0.286,-2.826,0.2921));
#6142=CARTESIAN_POINT('Origin',(0.254,-2.826,0.2921));
#6143=CARTESIAN_POINT('',(0.222,-2.826,0.254));
#6144=CARTESIAN_POINT('',(0.1905,-2.826,0.254));
#6145=CARTESIAN_POINT('',(0.222,-2.826,0.));
#6146=CARTESIAN_POINT('',(0.1905,-2.826,0.));
#6147=CARTESIAN_POINT('',(0.222,-2.826,0.2921));
#6148=CARTESIAN_POINT('Origin',(0.222,-2.794,0.2921));
#6149=CARTESIAN_POINT('',(0.222,-2.159,0.254));
#6150=CARTESIAN_POINT('',(0.222,-2.159,0.));
#6151=CARTESIAN_POINT('Origin',(0.,-2.762,0.2921));
#6152=CARTESIAN_POINT('',(-0.032,-2.762,0.254));
#6153=CARTESIAN_POINT('',(0.032,-2.762,0.254));
#6154=CARTESIAN_POINT('',(0.0635,-2.762,0.254));
#6155=CARTESIAN_POINT('',(-0.032,-2.762,0.));
#6156=CARTESIAN_POINT('',(-0.032,-2.762,0.2921));
#6157=CARTESIAN_POINT('',(0.032,-2.762,0.));
#6158=CARTESIAN_POINT('',(0.0635,-2.762,0.));
#6159=CARTESIAN_POINT('',(0.032,-2.762,0.2921));
#6160=CARTESIAN_POINT('Origin',(0.032,-2.794,0.2921));
#6161=CARTESIAN_POINT('',(0.032,-2.826,0.254));
#6162=CARTESIAN_POINT('',(0.032,-2.159,0.254));
#6163=CARTESIAN_POINT('',(0.032,-2.826,0.));
#6164=CARTESIAN_POINT('',(0.032,-2.159,0.));
#6165=CARTESIAN_POINT('',(0.032,-2.826,0.2921));
#6166=CARTESIAN_POINT('Origin',(0.,-2.826,0.2921));
#6167=CARTESIAN_POINT('',(-0.032,-2.826,0.254));
#6168=CARTESIAN_POINT('',(0.0635,-2.826,0.254));
#6169=CARTESIAN_POINT('',(-0.032,-2.826,0.));
#6170=CARTESIAN_POINT('',(0.0635,-2.826,0.));
#6171=CARTESIAN_POINT('',(-0.032,-2.826,0.2921));
#6172=CARTESIAN_POINT('Origin',(-0.032,-2.794,0.2921));
#6173=CARTESIAN_POINT('',(-0.032,-2.159,0.254));
#6174=CARTESIAN_POINT('',(-0.032,-2.159,0.));
#6175=CARTESIAN_POINT('Origin',(0.254,-2.508,0.2921));
#6176=CARTESIAN_POINT('',(0.222,-2.508,0.254));
#6177=CARTESIAN_POINT('',(0.286,-2.508,0.254));
#6178=CARTESIAN_POINT('',(0.1905,-2.508,0.254));
#6179=CARTESIAN_POINT('',(0.222,-2.508,0.));
#6180=CARTESIAN_POINT('',(0.222,-2.508,0.2921));
#6181=CARTESIAN_POINT('',(0.286,-2.508,0.));
#6182=CARTESIAN_POINT('',(0.1905,-2.508,0.));
#6183=CARTESIAN_POINT('',(0.286,-2.508,0.2921));
#6184=CARTESIAN_POINT('Origin',(0.286,-2.54,0.2921));
#6185=CARTESIAN_POINT('',(0.286,-2.572,0.254));
#6186=CARTESIAN_POINT('',(0.286,-2.032,0.254));
#6187=CARTESIAN_POINT('',(0.286,-2.572,0.));
#6188=CARTESIAN_POINT('',(0.286,-2.032,0.));
#6189=CARTESIAN_POINT('',(0.286,-2.572,0.2921));
#6190=CARTESIAN_POINT('Origin',(0.254,-2.572,0.2921));
#6191=CARTESIAN_POINT('',(0.222,-2.572,0.254));
#6192=CARTESIAN_POINT('',(0.1905,-2.572,0.254));
#6193=CARTESIAN_POINT('',(0.222,-2.572,0.));
#6194=CARTESIAN_POINT('',(0.1905,-2.572,0.));
#6195=CARTESIAN_POINT('',(0.222,-2.572,0.2921));
#6196=CARTESIAN_POINT('Origin',(0.222,-2.54,0.2921));
#6197=CARTESIAN_POINT('',(0.222,-2.032,0.254));
#6198=CARTESIAN_POINT('',(0.222,-2.032,0.));
#6199=CARTESIAN_POINT('Origin',(0.,-2.508,0.2921));
#6200=CARTESIAN_POINT('',(-0.032,-2.508,0.254));
#6201=CARTESIAN_POINT('',(0.032,-2.508,0.254));
#6202=CARTESIAN_POINT('',(0.0635,-2.508,0.254));
#6203=CARTESIAN_POINT('',(-0.032,-2.508,0.));
#6204=CARTESIAN_POINT('',(-0.032,-2.508,0.2921));
#6205=CARTESIAN_POINT('',(0.032,-2.508,0.));
#6206=CARTESIAN_POINT('',(0.0635,-2.508,0.));
#6207=CARTESIAN_POINT('',(0.032,-2.508,0.2921));
#6208=CARTESIAN_POINT('Origin',(0.032,-2.54,0.2921));
#6209=CARTESIAN_POINT('',(0.032,-2.572,0.254));
#6210=CARTESIAN_POINT('',(0.032,-2.032,0.254));
#6211=CARTESIAN_POINT('',(0.032,-2.572,0.));
#6212=CARTESIAN_POINT('',(0.032,-2.032,0.));
#6213=CARTESIAN_POINT('',(0.032,-2.572,0.2921));
#6214=CARTESIAN_POINT('Origin',(0.,-2.572,0.2921));
#6215=CARTESIAN_POINT('',(-0.032,-2.572,0.254));
#6216=CARTESIAN_POINT('',(0.0635,-2.572,0.254));
#6217=CARTESIAN_POINT('',(-0.032,-2.572,0.));
#6218=CARTESIAN_POINT('',(0.0635,-2.572,0.));
#6219=CARTESIAN_POINT('',(-0.032,-2.572,0.2921));
#6220=CARTESIAN_POINT('Origin',(-0.032,-2.54,0.2921));
#6221=CARTESIAN_POINT('',(-0.032,-2.032,0.254));
#6222=CARTESIAN_POINT('',(-0.032,-2.032,0.));
#6223=CARTESIAN_POINT('Origin',(0.254,-2.254,0.2921));
#6224=CARTESIAN_POINT('',(0.222,-2.254,0.254));
#6225=CARTESIAN_POINT('',(0.286,-2.254,0.254));
#6226=CARTESIAN_POINT('',(0.1905,-2.254,0.254));
#6227=CARTESIAN_POINT('',(0.222,-2.254,0.));
#6228=CARTESIAN_POINT('',(0.222,-2.254,0.2921));
#6229=CARTESIAN_POINT('',(0.286,-2.254,0.));
#6230=CARTESIAN_POINT('',(0.1905,-2.254,0.));
#6231=CARTESIAN_POINT('',(0.286,-2.254,0.2921));
#6232=CARTESIAN_POINT('Origin',(0.286,-2.286,0.2921));
#6233=CARTESIAN_POINT('',(0.286,-2.318,0.254));
#6234=CARTESIAN_POINT('',(0.286,-1.905,0.254));
#6235=CARTESIAN_POINT('',(0.286,-2.318,0.));
#6236=CARTESIAN_POINT('',(0.286,-1.905,0.));
#6237=CARTESIAN_POINT('',(0.286,-2.318,0.2921));
#6238=CARTESIAN_POINT('Origin',(0.254,-2.318,0.2921));
#6239=CARTESIAN_POINT('',(0.222,-2.318,0.254));
#6240=CARTESIAN_POINT('',(0.1905,-2.318,0.254));
#6241=CARTESIAN_POINT('',(0.222,-2.318,0.));
#6242=CARTESIAN_POINT('',(0.1905,-2.318,0.));
#6243=CARTESIAN_POINT('',(0.222,-2.318,0.2921));
#6244=CARTESIAN_POINT('Origin',(0.222,-2.286,0.2921));
#6245=CARTESIAN_POINT('',(0.222,-1.905,0.254));
#6246=CARTESIAN_POINT('',(0.222,-1.905,0.));
#6247=CARTESIAN_POINT('Origin',(0.,-2.254,0.2921));
#6248=CARTESIAN_POINT('',(-0.032,-2.254,0.254));
#6249=CARTESIAN_POINT('',(0.032,-2.254,0.254));
#6250=CARTESIAN_POINT('',(0.0635,-2.254,0.254));
#6251=CARTESIAN_POINT('',(-0.032,-2.254,0.));
#6252=CARTESIAN_POINT('',(-0.032,-2.254,0.2921));
#6253=CARTESIAN_POINT('',(0.032,-2.254,0.));
#6254=CARTESIAN_POINT('',(0.0635,-2.254,0.));
#6255=CARTESIAN_POINT('',(0.032,-2.254,0.2921));
#6256=CARTESIAN_POINT('Origin',(0.032,-2.286,0.2921));
#6257=CARTESIAN_POINT('',(0.032,-2.318,0.254));
#6258=CARTESIAN_POINT('',(0.032,-1.905,0.254));
#6259=CARTESIAN_POINT('',(0.032,-2.318,0.));
#6260=CARTESIAN_POINT('',(0.032,-1.905,0.));
#6261=CARTESIAN_POINT('',(0.032,-2.318,0.2921));
#6262=CARTESIAN_POINT('Origin',(0.,-2.318,0.2921));
#6263=CARTESIAN_POINT('',(-0.032,-2.318,0.254));
#6264=CARTESIAN_POINT('',(0.0635,-2.318,0.254));
#6265=CARTESIAN_POINT('',(-0.032,-2.318,0.));
#6266=CARTESIAN_POINT('',(0.0635,-2.318,0.));
#6267=CARTESIAN_POINT('',(-0.032,-2.318,0.2921));
#6268=CARTESIAN_POINT('Origin',(-0.032,-2.286,0.2921));
#6269=CARTESIAN_POINT('',(-0.032,-1.905,0.254));
#6270=CARTESIAN_POINT('',(-0.032,-1.905,0.));
#6271=CARTESIAN_POINT('Origin',(0.254,-2.,0.2921));
#6272=CARTESIAN_POINT('',(0.222,-2.,0.254));
#6273=CARTESIAN_POINT('',(0.286,-2.,0.254));
#6274=CARTESIAN_POINT('',(0.1905,-2.,0.254));
#6275=CARTESIAN_POINT('',(0.222,-2.,0.));
#6276=CARTESIAN_POINT('',(0.222,-2.,0.2921));
#6277=CARTESIAN_POINT('',(0.286,-2.,0.));
#6278=CARTESIAN_POINT('',(0.1905,-2.,0.));
#6279=CARTESIAN_POINT('',(0.286,-2.,0.2921));
#6280=CARTESIAN_POINT('Origin',(0.286,-2.032,0.2921));
#6281=CARTESIAN_POINT('',(0.286,-2.064,0.254));
#6282=CARTESIAN_POINT('',(0.286,-1.778,0.254));
#6283=CARTESIAN_POINT('',(0.286,-2.064,0.));
#6284=CARTESIAN_POINT('',(0.286,-1.778,0.));
#6285=CARTESIAN_POINT('',(0.286,-2.064,0.2921));
#6286=CARTESIAN_POINT('Origin',(0.254,-2.064,0.2921));
#6287=CARTESIAN_POINT('',(0.222,-2.064,0.254));
#6288=CARTESIAN_POINT('',(0.1905,-2.064,0.254));
#6289=CARTESIAN_POINT('',(0.222,-2.064,0.));
#6290=CARTESIAN_POINT('',(0.1905,-2.064,0.));
#6291=CARTESIAN_POINT('',(0.222,-2.064,0.2921));
#6292=CARTESIAN_POINT('Origin',(0.222,-2.032,0.2921));
#6293=CARTESIAN_POINT('',(0.222,-1.778,0.254));
#6294=CARTESIAN_POINT('',(0.222,-1.778,0.));
#6295=CARTESIAN_POINT('Origin',(0.,-2.,0.2921));
#6296=CARTESIAN_POINT('',(-0.032,-2.,0.254));
#6297=CARTESIAN_POINT('',(0.032,-2.,0.254));
#6298=CARTESIAN_POINT('',(0.0635,-2.,0.254));
#6299=CARTESIAN_POINT('',(-0.032,-2.,0.));
#6300=CARTESIAN_POINT('',(-0.032,-2.,0.2921));
#6301=CARTESIAN_POINT('',(0.032,-2.,0.));
#6302=CARTESIAN_POINT('',(0.0635,-2.,0.));
#6303=CARTESIAN_POINT('',(0.032,-2.,0.2921));
#6304=CARTESIAN_POINT('Origin',(0.032,-2.032,0.2921));
#6305=CARTESIAN_POINT('',(0.032,-2.064,0.254));
#6306=CARTESIAN_POINT('',(0.032,-1.778,0.254));
#6307=CARTESIAN_POINT('',(0.032,-2.064,0.));
#6308=CARTESIAN_POINT('',(0.032,-1.778,0.));
#6309=CARTESIAN_POINT('',(0.032,-2.064,0.2921));
#6310=CARTESIAN_POINT('Origin',(0.,-2.064,0.2921));
#6311=CARTESIAN_POINT('',(-0.032,-2.064,0.254));
#6312=CARTESIAN_POINT('',(0.0635,-2.064,0.254));
#6313=CARTESIAN_POINT('',(-0.032,-2.064,0.));
#6314=CARTESIAN_POINT('',(0.0635,-2.064,0.));
#6315=CARTESIAN_POINT('',(-0.032,-2.064,0.2921));
#6316=CARTESIAN_POINT('Origin',(-0.032,-2.032,0.2921));
#6317=CARTESIAN_POINT('',(-0.032,-1.778,0.254));
#6318=CARTESIAN_POINT('',(-0.032,-1.778,0.));
#6319=CARTESIAN_POINT('Origin',(0.254,-1.746,0.2921));
#6320=CARTESIAN_POINT('',(0.222,-1.746,0.254));
#6321=CARTESIAN_POINT('',(0.286,-1.746,0.254));
#6322=CARTESIAN_POINT('',(0.1905,-1.746,0.254));
#6323=CARTESIAN_POINT('',(0.222,-1.746,0.));
#6324=CARTESIAN_POINT('',(0.222,-1.746,0.2921));
#6325=CARTESIAN_POINT('',(0.286,-1.746,0.));
#6326=CARTESIAN_POINT('',(0.1905,-1.746,0.));
#6327=CARTESIAN_POINT('',(0.286,-1.746,0.2921));
#6328=CARTESIAN_POINT('Origin',(0.286,-1.778,0.2921));
#6329=CARTESIAN_POINT('',(0.286,-1.81,0.254));
#6330=CARTESIAN_POINT('',(0.286,-1.651,0.254));
#6331=CARTESIAN_POINT('',(0.286,-1.81,0.));
#6332=CARTESIAN_POINT('',(0.286,-1.651,0.));
#6333=CARTESIAN_POINT('',(0.286,-1.81,0.2921));
#6334=CARTESIAN_POINT('Origin',(0.254,-1.81,0.2921));
#6335=CARTESIAN_POINT('',(0.222,-1.81,0.254));
#6336=CARTESIAN_POINT('',(0.1905,-1.81,0.254));
#6337=CARTESIAN_POINT('',(0.222,-1.81,0.));
#6338=CARTESIAN_POINT('',(0.1905,-1.81,0.));
#6339=CARTESIAN_POINT('',(0.222,-1.81,0.2921));
#6340=CARTESIAN_POINT('Origin',(0.222,-1.778,0.2921));
#6341=CARTESIAN_POINT('',(0.222,-1.651,0.254));
#6342=CARTESIAN_POINT('',(0.222,-1.651,0.));
#6343=CARTESIAN_POINT('Origin',(0.,-1.746,0.2921));
#6344=CARTESIAN_POINT('',(-0.032,-1.746,0.254));
#6345=CARTESIAN_POINT('',(0.032,-1.746,0.254));
#6346=CARTESIAN_POINT('',(0.0635,-1.746,0.254));
#6347=CARTESIAN_POINT('',(-0.032,-1.746,0.));
#6348=CARTESIAN_POINT('',(-0.032,-1.746,0.2921));
#6349=CARTESIAN_POINT('',(0.032,-1.746,0.));
#6350=CARTESIAN_POINT('',(0.0635,-1.746,0.));
#6351=CARTESIAN_POINT('',(0.032,-1.746,0.2921));
#6352=CARTESIAN_POINT('Origin',(0.032,-1.778,0.2921));
#6353=CARTESIAN_POINT('',(0.032,-1.81,0.254));
#6354=CARTESIAN_POINT('',(0.032,-1.651,0.254));
#6355=CARTESIAN_POINT('',(0.032,-1.81,0.));
#6356=CARTESIAN_POINT('',(0.032,-1.651,0.));
#6357=CARTESIAN_POINT('',(0.032,-1.81,0.2921));
#6358=CARTESIAN_POINT('Origin',(0.,-1.81,0.2921));
#6359=CARTESIAN_POINT('',(-0.032,-1.81,0.254));
#6360=CARTESIAN_POINT('',(0.0635,-1.81,0.254));
#6361=CARTESIAN_POINT('',(-0.032,-1.81,0.));
#6362=CARTESIAN_POINT('',(0.0635,-1.81,0.));
#6363=CARTESIAN_POINT('',(-0.032,-1.81,0.2921));
#6364=CARTESIAN_POINT('Origin',(-0.032,-1.778,0.2921));
#6365=CARTESIAN_POINT('',(-0.032,-1.651,0.254));
#6366=CARTESIAN_POINT('',(-0.032,-1.651,0.));
#6367=CARTESIAN_POINT('Origin',(0.254,-1.492,0.2921));
#6368=CARTESIAN_POINT('',(0.222,-1.492,0.254));
#6369=CARTESIAN_POINT('',(0.286,-1.492,0.254));
#6370=CARTESIAN_POINT('',(0.1905,-1.492,0.254));
#6371=CARTESIAN_POINT('',(0.222,-1.492,0.));
#6372=CARTESIAN_POINT('',(0.222,-1.492,0.2921));
#6373=CARTESIAN_POINT('',(0.286,-1.492,0.));
#6374=CARTESIAN_POINT('',(0.1905,-1.492,0.));
#6375=CARTESIAN_POINT('',(0.286,-1.492,0.2921));
#6376=CARTESIAN_POINT('Origin',(0.286,-1.524,0.2921));
#6377=CARTESIAN_POINT('',(0.286,-1.556,0.254));
#6378=CARTESIAN_POINT('',(0.286,-1.524,0.254));
#6379=CARTESIAN_POINT('',(0.286,-1.556,0.));
#6380=CARTESIAN_POINT('',(0.286,-1.524,0.));
#6381=CARTESIAN_POINT('',(0.286,-1.556,0.2921));
#6382=CARTESIAN_POINT('Origin',(0.254,-1.556,0.2921));
#6383=CARTESIAN_POINT('',(0.222,-1.556,0.254));
#6384=CARTESIAN_POINT('',(0.1905,-1.556,0.254));
#6385=CARTESIAN_POINT('',(0.222,-1.556,0.));
#6386=CARTESIAN_POINT('',(0.1905,-1.556,0.));
#6387=CARTESIAN_POINT('',(0.222,-1.556,0.2921));
#6388=CARTESIAN_POINT('Origin',(0.222,-1.524,0.2921));
#6389=CARTESIAN_POINT('',(0.222,-1.524,0.254));
#6390=CARTESIAN_POINT('',(0.222,-1.524,0.));
#6391=CARTESIAN_POINT('Origin',(0.,-1.492,0.2921));
#6392=CARTESIAN_POINT('',(-0.032,-1.492,0.254));
#6393=CARTESIAN_POINT('',(0.032,-1.492,0.254));
#6394=CARTESIAN_POINT('',(0.0635,-1.492,0.254));
#6395=CARTESIAN_POINT('',(-0.032,-1.492,0.));
#6396=CARTESIAN_POINT('',(-0.032,-1.492,0.2921));
#6397=CARTESIAN_POINT('',(0.032,-1.492,0.));
#6398=CARTESIAN_POINT('',(0.0635,-1.492,0.));
#6399=CARTESIAN_POINT('',(0.032,-1.492,0.2921));
#6400=CARTESIAN_POINT('Origin',(0.032,-1.524,0.2921));
#6401=CARTESIAN_POINT('',(0.032,-1.556,0.254));
#6402=CARTESIAN_POINT('',(0.032,-1.524,0.254));
#6403=CARTESIAN_POINT('',(0.032,-1.556,0.));
#6404=CARTESIAN_POINT('',(0.032,-1.524,0.));
#6405=CARTESIAN_POINT('',(0.032,-1.556,0.2921));
#6406=CARTESIAN_POINT('Origin',(0.,-1.556,0.2921));
#6407=CARTESIAN_POINT('',(-0.032,-1.556,0.254));
#6408=CARTESIAN_POINT('',(0.0635,-1.556,0.254));
#6409=CARTESIAN_POINT('',(-0.032,-1.556,0.));
#6410=CARTESIAN_POINT('',(0.0635,-1.556,0.));
#6411=CARTESIAN_POINT('',(-0.032,-1.556,0.2921));
#6412=CARTESIAN_POINT('Origin',(-0.032,-1.524,0.2921));
#6413=CARTESIAN_POINT('',(-0.032,-1.524,0.254));
#6414=CARTESIAN_POINT('',(-0.032,-1.524,0.));
#6415=CARTESIAN_POINT('Origin',(0.254,-1.238,0.2921));
#6416=CARTESIAN_POINT('',(0.222,-1.238,0.254));
#6417=CARTESIAN_POINT('',(0.286,-1.238,0.254));
#6418=CARTESIAN_POINT('',(0.1905,-1.238,0.254));
#6419=CARTESIAN_POINT('',(0.222,-1.238,0.));
#6420=CARTESIAN_POINT('',(0.222,-1.238,0.2921));
#6421=CARTESIAN_POINT('',(0.286,-1.238,0.));
#6422=CARTESIAN_POINT('',(0.1905,-1.238,0.));
#6423=CARTESIAN_POINT('',(0.286,-1.238,0.2921));
#6424=CARTESIAN_POINT('Origin',(0.286,-1.27,0.2921));
#6425=CARTESIAN_POINT('',(0.286,-1.302,0.254));
#6426=CARTESIAN_POINT('',(0.286,-1.397,0.254));
#6427=CARTESIAN_POINT('',(0.286,-1.302,0.));
#6428=CARTESIAN_POINT('',(0.286,-1.397,0.));
#6429=CARTESIAN_POINT('',(0.286,-1.302,0.2921));
#6430=CARTESIAN_POINT('Origin',(0.254,-1.302,0.2921));
#6431=CARTESIAN_POINT('',(0.222,-1.302,0.254));
#6432=CARTESIAN_POINT('',(0.1905,-1.302,0.254));
#6433=CARTESIAN_POINT('',(0.222,-1.302,0.));
#6434=CARTESIAN_POINT('',(0.1905,-1.302,0.));
#6435=CARTESIAN_POINT('',(0.222,-1.302,0.2921));
#6436=CARTESIAN_POINT('Origin',(0.222,-1.27,0.2921));
#6437=CARTESIAN_POINT('',(0.222,-1.397,0.254));
#6438=CARTESIAN_POINT('',(0.222,-1.397,0.));
#6439=CARTESIAN_POINT('Origin',(0.,-1.238,0.2921));
#6440=CARTESIAN_POINT('',(-0.032,-1.238,0.254));
#6441=CARTESIAN_POINT('',(0.032,-1.238,0.254));
#6442=CARTESIAN_POINT('',(0.0635,-1.238,0.254));
#6443=CARTESIAN_POINT('',(-0.032,-1.238,0.));
#6444=CARTESIAN_POINT('',(-0.032,-1.238,0.2921));
#6445=CARTESIAN_POINT('',(0.032,-1.238,0.));
#6446=CARTESIAN_POINT('',(0.0635,-1.238,0.));
#6447=CARTESIAN_POINT('',(0.032,-1.238,0.2921));
#6448=CARTESIAN_POINT('Origin',(0.032,-1.27,0.2921));
#6449=CARTESIAN_POINT('',(0.032,-1.302,0.254));
#6450=CARTESIAN_POINT('',(0.032,-1.397,0.254));
#6451=CARTESIAN_POINT('',(0.032,-1.302,0.));
#6452=CARTESIAN_POINT('',(0.032,-1.397,0.));
#6453=CARTESIAN_POINT('',(0.032,-1.302,0.2921));
#6454=CARTESIAN_POINT('Origin',(0.,-1.302,0.2921));
#6455=CARTESIAN_POINT('',(-0.032,-1.302,0.254));
#6456=CARTESIAN_POINT('',(0.0635,-1.302,0.254));
#6457=CARTESIAN_POINT('',(-0.032,-1.302,0.));
#6458=CARTESIAN_POINT('',(0.0635,-1.302,0.));
#6459=CARTESIAN_POINT('',(-0.032,-1.302,0.2921));
#6460=CARTESIAN_POINT('Origin',(-0.032,-1.27,0.2921));
#6461=CARTESIAN_POINT('',(-0.032,-1.397,0.254));
#6462=CARTESIAN_POINT('',(-0.032,-1.397,0.));
#6463=CARTESIAN_POINT('Origin',(0.254,-0.984,0.2921));
#6464=CARTESIAN_POINT('',(0.222,-0.984,0.254));
#6465=CARTESIAN_POINT('',(0.286,-0.984,0.254));
#6466=CARTESIAN_POINT('',(0.1905,-0.984,0.254));
#6467=CARTESIAN_POINT('',(0.222,-0.984,0.));
#6468=CARTESIAN_POINT('',(0.222,-0.984,0.2921));
#6469=CARTESIAN_POINT('',(0.286,-0.984,0.));
#6470=CARTESIAN_POINT('',(0.1905,-0.984,0.));
#6471=CARTESIAN_POINT('',(0.286,-0.984,0.2921));
#6472=CARTESIAN_POINT('Origin',(0.286,-1.016,0.2921));
#6473=CARTESIAN_POINT('',(0.286,-1.048,0.254));
#6474=CARTESIAN_POINT('',(0.286,-1.27,0.254));
#6475=CARTESIAN_POINT('',(0.286,-1.048,0.));
#6476=CARTESIAN_POINT('',(0.286,-1.27,0.));
#6477=CARTESIAN_POINT('',(0.286,-1.048,0.2921));
#6478=CARTESIAN_POINT('Origin',(0.254,-1.048,0.2921));
#6479=CARTESIAN_POINT('',(0.222,-1.048,0.254));
#6480=CARTESIAN_POINT('',(0.1905,-1.048,0.254));
#6481=CARTESIAN_POINT('',(0.222,-1.048,0.));
#6482=CARTESIAN_POINT('',(0.1905,-1.048,0.));
#6483=CARTESIAN_POINT('',(0.222,-1.048,0.2921));
#6484=CARTESIAN_POINT('Origin',(0.222,-1.016,0.2921));
#6485=CARTESIAN_POINT('',(0.222,-1.27,0.254));
#6486=CARTESIAN_POINT('',(0.222,-1.27,0.));
#6487=CARTESIAN_POINT('Origin',(0.,-0.984,0.2921));
#6488=CARTESIAN_POINT('',(-0.032,-0.984,0.254));
#6489=CARTESIAN_POINT('',(0.032,-0.984,0.254));
#6490=CARTESIAN_POINT('',(0.0635,-0.984,0.254));
#6491=CARTESIAN_POINT('',(-0.032,-0.984,0.));
#6492=CARTESIAN_POINT('',(-0.032,-0.984,0.2921));
#6493=CARTESIAN_POINT('',(0.032,-0.984,0.));
#6494=CARTESIAN_POINT('',(0.0635,-0.984,0.));
#6495=CARTESIAN_POINT('',(0.032,-0.984,0.2921));
#6496=CARTESIAN_POINT('Origin',(0.032,-1.016,0.2921));
#6497=CARTESIAN_POINT('',(0.032,-1.048,0.254));
#6498=CARTESIAN_POINT('',(0.032,-1.27,0.254));
#6499=CARTESIAN_POINT('',(0.032,-1.048,0.));
#6500=CARTESIAN_POINT('',(0.032,-1.27,0.));
#6501=CARTESIAN_POINT('',(0.032,-1.048,0.2921));
#6502=CARTESIAN_POINT('Origin',(0.,-1.048,0.2921));
#6503=CARTESIAN_POINT('',(-0.032,-1.048,0.254));
#6504=CARTESIAN_POINT('',(0.0635,-1.048,0.254));
#6505=CARTESIAN_POINT('',(-0.032,-1.048,0.));
#6506=CARTESIAN_POINT('',(0.0635,-1.048,0.));
#6507=CARTESIAN_POINT('',(-0.032,-1.048,0.2921));
#6508=CARTESIAN_POINT('Origin',(-0.032,-1.016,0.2921));
#6509=CARTESIAN_POINT('',(-0.032,-1.27,0.254));
#6510=CARTESIAN_POINT('',(-0.032,-1.27,0.));
#6511=CARTESIAN_POINT('Origin',(0.254,-0.73,0.2921));
#6512=CARTESIAN_POINT('',(0.222,-0.73,0.254));
#6513=CARTESIAN_POINT('',(0.286,-0.73,0.254));
#6514=CARTESIAN_POINT('',(0.1905,-0.73,0.254));
#6515=CARTESIAN_POINT('',(0.222,-0.73,0.));
#6516=CARTESIAN_POINT('',(0.222,-0.73,0.2921));
#6517=CARTESIAN_POINT('',(0.286,-0.73,0.));
#6518=CARTESIAN_POINT('',(0.1905,-0.73,0.));
#6519=CARTESIAN_POINT('',(0.286,-0.73,0.2921));
#6520=CARTESIAN_POINT('Origin',(0.286,-0.762,0.2921));
#6521=CARTESIAN_POINT('',(0.286,-0.794,0.254));
#6522=CARTESIAN_POINT('',(0.286,-1.143,0.254));
#6523=CARTESIAN_POINT('',(0.286,-0.794,0.));
#6524=CARTESIAN_POINT('',(0.286,-1.143,0.));
#6525=CARTESIAN_POINT('',(0.286,-0.794,0.2921));
#6526=CARTESIAN_POINT('Origin',(0.254,-0.794,0.2921));
#6527=CARTESIAN_POINT('',(0.222,-0.794,0.254));
#6528=CARTESIAN_POINT('',(0.1905,-0.794,0.254));
#6529=CARTESIAN_POINT('',(0.222,-0.794,0.));
#6530=CARTESIAN_POINT('',(0.1905,-0.794,0.));
#6531=CARTESIAN_POINT('',(0.222,-0.794,0.2921));
#6532=CARTESIAN_POINT('Origin',(0.222,-0.762,0.2921));
#6533=CARTESIAN_POINT('',(0.222,-1.143,0.254));
#6534=CARTESIAN_POINT('',(0.222,-1.143,0.));
#6535=CARTESIAN_POINT('Origin',(0.254,-0.476,0.2921));
#6536=CARTESIAN_POINT('',(0.222,-0.476,0.254));
#6537=CARTESIAN_POINT('',(0.286,-0.476,0.254));
#6538=CARTESIAN_POINT('',(0.1905,-0.476,0.254));
#6539=CARTESIAN_POINT('',(0.222,-0.476,0.));
#6540=CARTESIAN_POINT('',(0.222,-0.476,0.2921));
#6541=CARTESIAN_POINT('',(0.286,-0.476,0.));
#6542=CARTESIAN_POINT('',(0.1905,-0.476,0.));
#6543=CARTESIAN_POINT('',(0.286,-0.476,0.2921));
#6544=CARTESIAN_POINT('Origin',(0.286,-0.508,0.2921));
#6545=CARTESIAN_POINT('',(0.286,-0.54,0.254));
#6546=CARTESIAN_POINT('',(0.286,-1.016,0.254));
#6547=CARTESIAN_POINT('',(0.286,-0.54,0.));
#6548=CARTESIAN_POINT('',(0.286,-1.016,0.));
#6549=CARTESIAN_POINT('',(0.286,-0.54,0.2921));
#6550=CARTESIAN_POINT('Origin',(0.254,-0.54,0.2921));
#6551=CARTESIAN_POINT('',(0.222,-0.54,0.254));
#6552=CARTESIAN_POINT('',(0.1905,-0.54,0.254));
#6553=CARTESIAN_POINT('',(0.222,-0.54,0.));
#6554=CARTESIAN_POINT('',(0.1905,-0.54,0.));
#6555=CARTESIAN_POINT('',(0.222,-0.54,0.2921));
#6556=CARTESIAN_POINT('Origin',(0.222,-0.508,0.2921));
#6557=CARTESIAN_POINT('',(0.222,-1.016,0.254));
#6558=CARTESIAN_POINT('',(0.222,-1.016,0.));
#6559=CARTESIAN_POINT('Origin',(0.,-0.476,0.2921));
#6560=CARTESIAN_POINT('',(-0.032,-0.476,0.254));
#6561=CARTESIAN_POINT('',(0.032,-0.476,0.254));
#6562=CARTESIAN_POINT('',(0.0635,-0.476,0.254));
#6563=CARTESIAN_POINT('',(-0.032,-0.476,0.));
#6564=CARTESIAN_POINT('',(-0.032,-0.476,0.2921));
#6565=CARTESIAN_POINT('',(0.032,-0.476,0.));
#6566=CARTESIAN_POINT('',(0.0635,-0.476,0.));
#6567=CARTESIAN_POINT('',(0.032,-0.476,0.2921));
#6568=CARTESIAN_POINT('Origin',(0.032,-0.508,0.2921));
#6569=CARTESIAN_POINT('',(0.032,-0.54,0.254));
#6570=CARTESIAN_POINT('',(0.032,-1.016,0.254));
#6571=CARTESIAN_POINT('',(0.032,-0.54,0.));
#6572=CARTESIAN_POINT('',(0.032,-1.016,0.));
#6573=CARTESIAN_POINT('',(0.032,-0.54,0.2921));
#6574=CARTESIAN_POINT('Origin',(0.,-0.54,0.2921));
#6575=CARTESIAN_POINT('',(-0.032,-0.54,0.254));
#6576=CARTESIAN_POINT('',(0.0635,-0.54,0.254));
#6577=CARTESIAN_POINT('',(-0.032,-0.54,0.));
#6578=CARTESIAN_POINT('',(0.0635,-0.54,0.));
#6579=CARTESIAN_POINT('',(-0.032,-0.54,0.2921));
#6580=CARTESIAN_POINT('Origin',(-0.032,-0.508,0.2921));
#6581=CARTESIAN_POINT('',(-0.032,-1.016,0.254));
#6582=CARTESIAN_POINT('',(-0.032,-1.016,0.));
#6583=CARTESIAN_POINT('Origin',(0.254,-0.222,0.2921));
#6584=CARTESIAN_POINT('',(0.222,-0.222,0.254));
#6585=CARTESIAN_POINT('',(0.286,-0.222,0.254));
#6586=CARTESIAN_POINT('',(0.1905,-0.222,0.254));
#6587=CARTESIAN_POINT('',(0.222,-0.222,0.));
#6588=CARTESIAN_POINT('',(0.222,-0.222,0.2921));
#6589=CARTESIAN_POINT('',(0.286,-0.222,0.));
#6590=CARTESIAN_POINT('',(0.1905,-0.222,0.));
#6591=CARTESIAN_POINT('',(0.286,-0.222,0.2921));
#6592=CARTESIAN_POINT('Origin',(0.286,-0.254,0.2921));
#6593=CARTESIAN_POINT('',(0.286,-0.286,0.254));
#6594=CARTESIAN_POINT('',(0.286,-0.889,0.254));
#6595=CARTESIAN_POINT('',(0.286,-0.286,0.));
#6596=CARTESIAN_POINT('',(0.286,-0.889,0.));
#6597=CARTESIAN_POINT('',(0.286,-0.286,0.2921));
#6598=CARTESIAN_POINT('Origin',(0.254,-0.286,0.2921));
#6599=CARTESIAN_POINT('',(0.222,-0.286,0.254));
#6600=CARTESIAN_POINT('',(0.1905,-0.286,0.254));
#6601=CARTESIAN_POINT('',(0.222,-0.286,0.));
#6602=CARTESIAN_POINT('',(0.1905,-0.286,0.));
#6603=CARTESIAN_POINT('',(0.222,-0.286,0.2921));
#6604=CARTESIAN_POINT('Origin',(0.222,-0.254,0.2921));
#6605=CARTESIAN_POINT('',(0.222,-0.889,0.254));
#6606=CARTESIAN_POINT('',(0.222,-0.889,0.));
#6607=CARTESIAN_POINT('Origin',(0.,-0.222,0.2921));
#6608=CARTESIAN_POINT('',(-0.032,-0.222,0.254));
#6609=CARTESIAN_POINT('',(0.032,-0.222,0.254));
#6610=CARTESIAN_POINT('',(0.0635,-0.222,0.254));
#6611=CARTESIAN_POINT('',(-0.032,-0.222,0.));
#6612=CARTESIAN_POINT('',(-0.032,-0.222,0.2921));
#6613=CARTESIAN_POINT('',(0.032,-0.222,0.));
#6614=CARTESIAN_POINT('',(0.0635,-0.222,0.));
#6615=CARTESIAN_POINT('',(0.032,-0.222,0.2921));
#6616=CARTESIAN_POINT('Origin',(0.032,-0.254,0.2921));
#6617=CARTESIAN_POINT('',(0.032,-0.286,0.254));
#6618=CARTESIAN_POINT('',(0.032,-0.889,0.254));
#6619=CARTESIAN_POINT('',(0.032,-0.286,0.));
#6620=CARTESIAN_POINT('',(0.032,-0.889,0.));
#6621=CARTESIAN_POINT('',(0.032,-0.286,0.2921));
#6622=CARTESIAN_POINT('Origin',(0.,-0.286,0.2921));
#6623=CARTESIAN_POINT('',(-0.032,-0.286,0.254));
#6624=CARTESIAN_POINT('',(0.0635,-0.286,0.254));
#6625=CARTESIAN_POINT('',(-0.032,-0.286,0.));
#6626=CARTESIAN_POINT('',(0.0635,-0.286,0.));
#6627=CARTESIAN_POINT('',(-0.032,-0.286,0.2921));
#6628=CARTESIAN_POINT('Origin',(-0.032,-0.254,0.2921));
#6629=CARTESIAN_POINT('',(-0.032,-0.889,0.254));
#6630=CARTESIAN_POINT('',(-0.032,-0.889,0.));
#6631=CARTESIAN_POINT('Origin',(0.254,0.032,0.2921));
#6632=CARTESIAN_POINT('',(0.222,0.032,0.254));
#6633=CARTESIAN_POINT('',(0.286,0.032,0.254));
#6634=CARTESIAN_POINT('',(0.1905,0.032,0.254));
#6635=CARTESIAN_POINT('',(0.222,0.032,0.));
#6636=CARTESIAN_POINT('',(0.222,0.032,0.2921));
#6637=CARTESIAN_POINT('',(0.286,0.032,0.));
#6638=CARTESIAN_POINT('',(0.1905,0.032,0.));
#6639=CARTESIAN_POINT('',(0.286,0.032,0.2921));
#6640=CARTESIAN_POINT('Origin',(0.286,0.,0.2921));
#6641=CARTESIAN_POINT('',(0.286,-0.032,0.254));
#6642=CARTESIAN_POINT('',(0.286,-0.762,0.254));
#6643=CARTESIAN_POINT('',(0.286,-0.032,0.));
#6644=CARTESIAN_POINT('',(0.286,-0.762,0.));
#6645=CARTESIAN_POINT('',(0.286,-0.032,0.2921));
#6646=CARTESIAN_POINT('Origin',(0.254,-0.032,0.2921));
#6647=CARTESIAN_POINT('',(0.222,-0.032,0.254));
#6648=CARTESIAN_POINT('',(0.1905,-0.032,0.254));
#6649=CARTESIAN_POINT('',(0.222,-0.032,0.));
#6650=CARTESIAN_POINT('',(0.1905,-0.032,0.));
#6651=CARTESIAN_POINT('',(0.222,-0.032,0.2921));
#6652=CARTESIAN_POINT('Origin',(0.222,0.,0.2921));
#6653=CARTESIAN_POINT('',(0.222,-0.762,0.254));
#6654=CARTESIAN_POINT('',(0.222,-0.762,0.));
#6655=CARTESIAN_POINT('Origin',(0.,0.032,0.2921));
#6656=CARTESIAN_POINT('',(-0.032,0.032,0.254));
#6657=CARTESIAN_POINT('',(0.032,0.032,0.254));
#6658=CARTESIAN_POINT('',(0.0635,0.032,0.254));
#6659=CARTESIAN_POINT('',(-0.032,0.032,0.));
#6660=CARTESIAN_POINT('',(-0.032,0.032,0.2921));
#6661=CARTESIAN_POINT('',(0.032,0.032,0.));
#6662=CARTESIAN_POINT('',(0.0635,0.032,0.));
#6663=CARTESIAN_POINT('',(0.032,0.032,0.2921));
#6664=CARTESIAN_POINT('Origin',(0.032,0.,0.2921));
#6665=CARTESIAN_POINT('',(0.032,-0.032,0.254));
#6666=CARTESIAN_POINT('',(0.032,-0.762,0.254));
#6667=CARTESIAN_POINT('',(0.032,-0.032,0.));
#6668=CARTESIAN_POINT('',(0.032,-0.762,0.));
#6669=CARTESIAN_POINT('',(0.032,-0.032,0.2921));
#6670=CARTESIAN_POINT('Origin',(0.,-0.032,0.2921));
#6671=CARTESIAN_POINT('',(-0.032,-0.032,0.254));
#6672=CARTESIAN_POINT('',(0.0635,-0.032,0.254));
#6673=CARTESIAN_POINT('',(-0.032,-0.032,0.));
#6674=CARTESIAN_POINT('',(0.0635,-0.032,0.));
#6675=CARTESIAN_POINT('',(-0.032,-0.032,0.2921));
#6676=CARTESIAN_POINT('Origin',(-0.032,0.,0.2921));
#6677=CARTESIAN_POINT('',(-0.032,-0.762,0.254));
#6678=CARTESIAN_POINT('',(-0.032,-0.762,0.));
#6679=CARTESIAN_POINT('Origin',(0.127,-1.524,0.254));
#6680=CARTESIAN_POINT('',(0.37846,-3.175,0.254));
#6681=CARTESIAN_POINT('',(0.37846,0.127,0.254));
#6682=CARTESIAN_POINT('',(0.37846,-1.524,0.254));
#6683=CARTESIAN_POINT('',(-0.12446,0.127,0.254));
#6684=CARTESIAN_POINT('',(0.127,0.127,0.254));
#6685=CARTESIAN_POINT('',(-0.12446,-3.175,0.254));
#6686=CARTESIAN_POINT('',(-0.12446,-1.524,0.254));
#6687=CARTESIAN_POINT('',(0.127,-3.175,0.254));
#6688=CARTESIAN_POINT('Origin',(0.127,-1.524,0.));
#6689=CARTESIAN_POINT('',(0.37846,0.127,0.));
#6690=CARTESIAN_POINT('',(0.37846,-3.175,0.));
#6691=CARTESIAN_POINT('',(0.37846,-1.524,0.));
#6692=CARTESIAN_POINT('',(-0.12446,-3.175,0.));
#6693=CARTESIAN_POINT('',(0.127,-3.175,0.));
#6694=CARTESIAN_POINT('',(-0.12446,0.127,0.));
#6695=CARTESIAN_POINT('',(-0.12446,-1.524,0.));
#6696=CARTESIAN_POINT('',(0.127,0.127,0.));
#6697=CARTESIAN_POINT('Origin',(0.127,-3.175,0.127));
#6698=CARTESIAN_POINT('',(-0.12446,-3.175,0.127));
#6699=CARTESIAN_POINT('',(0.37846,-3.175,0.127));
#6700=CARTESIAN_POINT('Origin',(-0.12446,-1.524,0.127));
#6701=CARTESIAN_POINT('',(-0.12446,0.127,0.127));
#6702=CARTESIAN_POINT('Origin',(0.127,0.127,0.127));
#6703=CARTESIAN_POINT('',(0.37846,0.127,0.127));
#6704=CARTESIAN_POINT('Origin',(0.37846,-1.524,0.127));
#6705=CARTESIAN_POINT('Origin',(0.,0.,0.8382));
#6706=CARTESIAN_POINT('',(0.032,-0.032,0.8382));
#6707=CARTESIAN_POINT('',(0.032,0.032,0.8382));
#6708=CARTESIAN_POINT('',(0.032,0.,0.8382));
#6709=CARTESIAN_POINT('',(-0.032,0.032,0.8382));
#6710=CARTESIAN_POINT('',(0.,0.032,0.8382));
#6711=CARTESIAN_POINT('',(-0.032,-0.032,0.8382));
#6712=CARTESIAN_POINT('',(-0.032,0.,0.8382));
#6713=CARTESIAN_POINT('',(0.,-0.032,0.8382));
#6714=CARTESIAN_POINT('Origin',(0.,0.,-0.254));
#6715=CARTESIAN_POINT('',(0.032,0.032,-0.254));
#6716=CARTESIAN_POINT('',(0.032,-0.032,-0.254));
#6717=CARTESIAN_POINT('',(0.032,0.,-0.254));
#6718=CARTESIAN_POINT('',(-0.032,-0.032,-0.254));
#6719=CARTESIAN_POINT('',(0.,-0.032,-0.254));
#6720=CARTESIAN_POINT('',(-0.032,0.032,-0.254));
#6721=CARTESIAN_POINT('',(-0.032,0.,-0.254));
#6722=CARTESIAN_POINT('',(0.,0.032,-0.254));
#6723=CARTESIAN_POINT('Origin',(0.,-0.032,0.2921));
#6724=CARTESIAN_POINT('',(-0.032,-0.032,0.2921));
#6725=CARTESIAN_POINT('',(0.032,-0.032,0.2921));
#6726=CARTESIAN_POINT('Origin',(-0.032,0.,0.2921));
#6727=CARTESIAN_POINT('',(-0.032,0.032,0.2921));
#6728=CARTESIAN_POINT('Origin',(0.,0.032,0.2921));
#6729=CARTESIAN_POINT('',(0.032,0.032,0.2921));
#6730=CARTESIAN_POINT('Origin',(0.032,0.,0.2921));
#6731=CARTESIAN_POINT('Origin',(0.254,0.,0.8382));
#6732=CARTESIAN_POINT('',(0.286,-0.032,0.8382));
#6733=CARTESIAN_POINT('',(0.286,0.032,0.8382));
#6734=CARTESIAN_POINT('',(0.286,0.,0.8382));
#6735=CARTESIAN_POINT('',(0.222,0.032,0.8382));
#6736=CARTESIAN_POINT('',(0.254,0.032,0.8382));
#6737=CARTESIAN_POINT('',(0.222,-0.032,0.8382));
#6738=CARTESIAN_POINT('',(0.222,0.,0.8382));
#6739=CARTESIAN_POINT('',(0.254,-0.032,0.8382));
#6740=CARTESIAN_POINT('Origin',(0.254,0.,-0.254));
#6741=CARTESIAN_POINT('',(0.286,0.032,-0.254));
#6742=CARTESIAN_POINT('',(0.286,-0.032,-0.254));
#6743=CARTESIAN_POINT('',(0.286,0.,-0.254));
#6744=CARTESIAN_POINT('',(0.222,-0.032,-0.254));
#6745=CARTESIAN_POINT('',(0.254,-0.032,-0.254));
#6746=CARTESIAN_POINT('',(0.222,0.032,-0.254));
#6747=CARTESIAN_POINT('',(0.222,0.,-0.254));
#6748=CARTESIAN_POINT('',(0.254,0.032,-0.254));
#6749=CARTESIAN_POINT('Origin',(0.254,-0.032,0.2921));
#6750=CARTESIAN_POINT('',(0.222,-0.032,0.2921));
#6751=CARTESIAN_POINT('',(0.286,-0.032,0.2921));
#6752=CARTESIAN_POINT('Origin',(0.222,0.,0.2921));
#6753=CARTESIAN_POINT('',(0.222,0.032,0.2921));
#6754=CARTESIAN_POINT('Origin',(0.254,0.032,0.2921));
#6755=CARTESIAN_POINT('',(0.286,0.032,0.2921));
#6756=CARTESIAN_POINT('Origin',(0.286,0.,0.2921));
#6757=CARTESIAN_POINT('Origin',(0.,-0.254,0.8382));
#6758=CARTESIAN_POINT('',(0.032,-0.286,0.8382));
#6759=CARTESIAN_POINT('',(0.032,-0.222,0.8382));
#6760=CARTESIAN_POINT('',(0.032,-0.254,0.8382));
#6761=CARTESIAN_POINT('',(-0.032,-0.222,0.8382));
#6762=CARTESIAN_POINT('',(0.,-0.222,0.8382));
#6763=CARTESIAN_POINT('',(-0.032,-0.286,0.8382));
#6764=CARTESIAN_POINT('',(-0.032,-0.254,0.8382));
#6765=CARTESIAN_POINT('',(0.,-0.286,0.8382));
#6766=CARTESIAN_POINT('Origin',(0.,-0.254,-0.254));
#6767=CARTESIAN_POINT('',(0.032,-0.222,-0.254));
#6768=CARTESIAN_POINT('',(0.032,-0.286,-0.254));
#6769=CARTESIAN_POINT('',(0.032,-0.254,-0.254));
#6770=CARTESIAN_POINT('',(-0.032,-0.286,-0.254));
#6771=CARTESIAN_POINT('',(0.,-0.286,-0.254));
#6772=CARTESIAN_POINT('',(-0.032,-0.222,-0.254));
#6773=CARTESIAN_POINT('',(-0.032,-0.254,-0.254));
#6774=CARTESIAN_POINT('',(0.,-0.222,-0.254));
#6775=CARTESIAN_POINT('Origin',(0.,-0.286,0.2921));
#6776=CARTESIAN_POINT('',(-0.032,-0.286,0.2921));
#6777=CARTESIAN_POINT('',(0.032,-0.286,0.2921));
#6778=CARTESIAN_POINT('Origin',(-0.032,-0.254,0.2921));
#6779=CARTESIAN_POINT('',(-0.032,-0.222,0.2921));
#6780=CARTESIAN_POINT('Origin',(0.,-0.222,0.2921));
#6781=CARTESIAN_POINT('',(0.032,-0.222,0.2921));
#6782=CARTESIAN_POINT('Origin',(0.032,-0.254,0.2921));
#6783=CARTESIAN_POINT('Origin',(0.254,-0.254,0.8382));
#6784=CARTESIAN_POINT('',(0.286,-0.286,0.8382));
#6785=CARTESIAN_POINT('',(0.286,-0.222,0.8382));
#6786=CARTESIAN_POINT('',(0.286,-0.254,0.8382));
#6787=CARTESIAN_POINT('',(0.222,-0.222,0.8382));
#6788=CARTESIAN_POINT('',(0.254,-0.222,0.8382));
#6789=CARTESIAN_POINT('',(0.222,-0.286,0.8382));
#6790=CARTESIAN_POINT('',(0.222,-0.254,0.8382));
#6791=CARTESIAN_POINT('',(0.254,-0.286,0.8382));
#6792=CARTESIAN_POINT('Origin',(0.254,-0.254,-0.254));
#6793=CARTESIAN_POINT('',(0.286,-0.222,-0.254));
#6794=CARTESIAN_POINT('',(0.286,-0.286,-0.254));
#6795=CARTESIAN_POINT('',(0.286,-0.254,-0.254));
#6796=CARTESIAN_POINT('',(0.222,-0.286,-0.254));
#6797=CARTESIAN_POINT('',(0.254,-0.286,-0.254));
#6798=CARTESIAN_POINT('',(0.222,-0.222,-0.254));
#6799=CARTESIAN_POINT('',(0.222,-0.254,-0.254));
#6800=CARTESIAN_POINT('',(0.254,-0.222,-0.254));
#6801=CARTESIAN_POINT('Origin',(0.254,-0.286,0.2921));
#6802=CARTESIAN_POINT('',(0.222,-0.286,0.2921));
#6803=CARTESIAN_POINT('',(0.286,-0.286,0.2921));
#6804=CARTESIAN_POINT('Origin',(0.222,-0.254,0.2921));
#6805=CARTESIAN_POINT('',(0.222,-0.222,0.2921));
#6806=CARTESIAN_POINT('Origin',(0.254,-0.222,0.2921));
#6807=CARTESIAN_POINT('',(0.286,-0.222,0.2921));
#6808=CARTESIAN_POINT('Origin',(0.286,-0.254,0.2921));
#6809=CARTESIAN_POINT('Origin',(0.,-0.508,0.8382));
#6810=CARTESIAN_POINT('',(0.032,-0.54,0.8382));
#6811=CARTESIAN_POINT('',(0.032,-0.476,0.8382));
#6812=CARTESIAN_POINT('',(0.032,-0.508,0.8382));
#6813=CARTESIAN_POINT('',(-0.032,-0.476,0.8382));
#6814=CARTESIAN_POINT('',(0.,-0.476,0.8382));
#6815=CARTESIAN_POINT('',(-0.032,-0.54,0.8382));
#6816=CARTESIAN_POINT('',(-0.032,-0.508,0.8382));
#6817=CARTESIAN_POINT('',(0.,-0.54,0.8382));
#6818=CARTESIAN_POINT('Origin',(0.,-0.508,-0.254));
#6819=CARTESIAN_POINT('',(0.032,-0.476,-0.254));
#6820=CARTESIAN_POINT('',(0.032,-0.54,-0.254));
#6821=CARTESIAN_POINT('',(0.032,-0.508,-0.254));
#6822=CARTESIAN_POINT('',(-0.032,-0.54,-0.254));
#6823=CARTESIAN_POINT('',(0.,-0.54,-0.254));
#6824=CARTESIAN_POINT('',(-0.032,-0.476,-0.254));
#6825=CARTESIAN_POINT('',(-0.032,-0.508,-0.254));
#6826=CARTESIAN_POINT('',(0.,-0.476,-0.254));
#6827=CARTESIAN_POINT('Origin',(0.,-0.54,0.2921));
#6828=CARTESIAN_POINT('',(-0.032,-0.54,0.2921));
#6829=CARTESIAN_POINT('',(0.032,-0.54,0.2921));
#6830=CARTESIAN_POINT('Origin',(-0.032,-0.508,0.2921));
#6831=CARTESIAN_POINT('',(-0.032,-0.476,0.2921));
#6832=CARTESIAN_POINT('Origin',(0.,-0.476,0.2921));
#6833=CARTESIAN_POINT('',(0.032,-0.476,0.2921));
#6834=CARTESIAN_POINT('Origin',(0.032,-0.508,0.2921));
#6835=CARTESIAN_POINT('Origin',(0.254,-0.508,0.8382));
#6836=CARTESIAN_POINT('',(0.286,-0.54,0.8382));
#6837=CARTESIAN_POINT('',(0.286,-0.476,0.8382));
#6838=CARTESIAN_POINT('',(0.286,-0.508,0.8382));
#6839=CARTESIAN_POINT('',(0.222,-0.476,0.8382));
#6840=CARTESIAN_POINT('',(0.254,-0.476,0.8382));
#6841=CARTESIAN_POINT('',(0.222,-0.54,0.8382));
#6842=CARTESIAN_POINT('',(0.222,-0.508,0.8382));
#6843=CARTESIAN_POINT('',(0.254,-0.54,0.8382));
#6844=CARTESIAN_POINT('Origin',(0.254,-0.508,-0.254));
#6845=CARTESIAN_POINT('',(0.286,-0.476,-0.254));
#6846=CARTESIAN_POINT('',(0.286,-0.54,-0.254));
#6847=CARTESIAN_POINT('',(0.286,-0.508,-0.254));
#6848=CARTESIAN_POINT('',(0.222,-0.54,-0.254));
#6849=CARTESIAN_POINT('',(0.254,-0.54,-0.254));
#6850=CARTESIAN_POINT('',(0.222,-0.476,-0.254));
#6851=CARTESIAN_POINT('',(0.222,-0.508,-0.254));
#6852=CARTESIAN_POINT('',(0.254,-0.476,-0.254));
#6853=CARTESIAN_POINT('Origin',(0.254,-0.54,0.2921));
#6854=CARTESIAN_POINT('',(0.222,-0.54,0.2921));
#6855=CARTESIAN_POINT('',(0.286,-0.54,0.2921));
#6856=CARTESIAN_POINT('Origin',(0.222,-0.508,0.2921));
#6857=CARTESIAN_POINT('',(0.222,-0.476,0.2921));
#6858=CARTESIAN_POINT('Origin',(0.254,-0.476,0.2921));
#6859=CARTESIAN_POINT('',(0.286,-0.476,0.2921));
#6860=CARTESIAN_POINT('Origin',(0.286,-0.508,0.2921));
#6861=CARTESIAN_POINT('Origin',(0.254,-0.762,0.8382));
#6862=CARTESIAN_POINT('',(0.286,-0.794,0.8382));
#6863=CARTESIAN_POINT('',(0.286,-0.73,0.8382));
#6864=CARTESIAN_POINT('',(0.286,-0.762,0.8382));
#6865=CARTESIAN_POINT('',(0.222,-0.73,0.8382));
#6866=CARTESIAN_POINT('',(0.254,-0.73,0.8382));
#6867=CARTESIAN_POINT('',(0.222,-0.794,0.8382));
#6868=CARTESIAN_POINT('',(0.222,-0.762,0.8382));
#6869=CARTESIAN_POINT('',(0.254,-0.794,0.8382));
#6870=CARTESIAN_POINT('Origin',(0.254,-0.762,-0.254));
#6871=CARTESIAN_POINT('',(0.286,-0.73,-0.254));
#6872=CARTESIAN_POINT('',(0.286,-0.794,-0.254));
#6873=CARTESIAN_POINT('',(0.286,-0.762,-0.254));
#6874=CARTESIAN_POINT('',(0.222,-0.794,-0.254));
#6875=CARTESIAN_POINT('',(0.254,-0.794,-0.254));
#6876=CARTESIAN_POINT('',(0.222,-0.73,-0.254));
#6877=CARTESIAN_POINT('',(0.222,-0.762,-0.254));
#6878=CARTESIAN_POINT('',(0.254,-0.73,-0.254));
#6879=CARTESIAN_POINT('Origin',(0.254,-0.794,0.2921));
#6880=CARTESIAN_POINT('',(0.222,-0.794,0.2921));
#6881=CARTESIAN_POINT('',(0.286,-0.794,0.2921));
#6882=CARTESIAN_POINT('Origin',(0.222,-0.762,0.2921));
#6883=CARTESIAN_POINT('',(0.222,-0.73,0.2921));
#6884=CARTESIAN_POINT('Origin',(0.254,-0.73,0.2921));
#6885=CARTESIAN_POINT('',(0.286,-0.73,0.2921));
#6886=CARTESIAN_POINT('Origin',(0.286,-0.762,0.2921));
#6887=CARTESIAN_POINT('Origin',(0.,-1.016,0.8382));
#6888=CARTESIAN_POINT('',(0.032,-1.048,0.8382));
#6889=CARTESIAN_POINT('',(0.032,-0.984,0.8382));
#6890=CARTESIAN_POINT('',(0.032,-1.016,0.8382));
#6891=CARTESIAN_POINT('',(-0.032,-0.984,0.8382));
#6892=CARTESIAN_POINT('',(0.,-0.984,0.8382));
#6893=CARTESIAN_POINT('',(-0.032,-1.048,0.8382));
#6894=CARTESIAN_POINT('',(-0.032,-1.016,0.8382));
#6895=CARTESIAN_POINT('',(0.,-1.048,0.8382));
#6896=CARTESIAN_POINT('Origin',(0.,-1.016,-0.254));
#6897=CARTESIAN_POINT('',(0.032,-0.984,-0.254));
#6898=CARTESIAN_POINT('',(0.032,-1.048,-0.254));
#6899=CARTESIAN_POINT('',(0.032,-1.016,-0.254));
#6900=CARTESIAN_POINT('',(-0.032,-1.048,-0.254));
#6901=CARTESIAN_POINT('',(0.,-1.048,-0.254));
#6902=CARTESIAN_POINT('',(-0.032,-0.984,-0.254));
#6903=CARTESIAN_POINT('',(-0.032,-1.016,-0.254));
#6904=CARTESIAN_POINT('',(0.,-0.984,-0.254));
#6905=CARTESIAN_POINT('Origin',(0.,-1.048,0.2921));
#6906=CARTESIAN_POINT('',(-0.032,-1.048,0.2921));
#6907=CARTESIAN_POINT('',(0.032,-1.048,0.2921));
#6908=CARTESIAN_POINT('Origin',(-0.032,-1.016,0.2921));
#6909=CARTESIAN_POINT('',(-0.032,-0.984,0.2921));
#6910=CARTESIAN_POINT('Origin',(0.,-0.984,0.2921));
#6911=CARTESIAN_POINT('',(0.032,-0.984,0.2921));
#6912=CARTESIAN_POINT('Origin',(0.032,-1.016,0.2921));
#6913=CARTESIAN_POINT('Origin',(0.254,-1.016,0.8382));
#6914=CARTESIAN_POINT('',(0.286,-1.048,0.8382));
#6915=CARTESIAN_POINT('',(0.286,-0.984,0.8382));
#6916=CARTESIAN_POINT('',(0.286,-1.016,0.8382));
#6917=CARTESIAN_POINT('',(0.222,-0.984,0.8382));
#6918=CARTESIAN_POINT('',(0.254,-0.984,0.8382));
#6919=CARTESIAN_POINT('',(0.222,-1.048,0.8382));
#6920=CARTESIAN_POINT('',(0.222,-1.016,0.8382));
#6921=CARTESIAN_POINT('',(0.254,-1.048,0.8382));
#6922=CARTESIAN_POINT('Origin',(0.254,-1.016,-0.254));
#6923=CARTESIAN_POINT('',(0.286,-0.984,-0.254));
#6924=CARTESIAN_POINT('',(0.286,-1.048,-0.254));
#6925=CARTESIAN_POINT('',(0.286,-1.016,-0.254));
#6926=CARTESIAN_POINT('',(0.222,-1.048,-0.254));
#6927=CARTESIAN_POINT('',(0.254,-1.048,-0.254));
#6928=CARTESIAN_POINT('',(0.222,-0.984,-0.254));
#6929=CARTESIAN_POINT('',(0.222,-1.016,-0.254));
#6930=CARTESIAN_POINT('',(0.254,-0.984,-0.254));
#6931=CARTESIAN_POINT('Origin',(0.254,-1.048,0.2921));
#6932=CARTESIAN_POINT('',(0.222,-1.048,0.2921));
#6933=CARTESIAN_POINT('',(0.286,-1.048,0.2921));
#6934=CARTESIAN_POINT('Origin',(0.222,-1.016,0.2921));
#6935=CARTESIAN_POINT('',(0.222,-0.984,0.2921));
#6936=CARTESIAN_POINT('Origin',(0.254,-0.984,0.2921));
#6937=CARTESIAN_POINT('',(0.286,-0.984,0.2921));
#6938=CARTESIAN_POINT('Origin',(0.286,-1.016,0.2921));
#6939=CARTESIAN_POINT('Origin',(0.,-1.27,0.8382));
#6940=CARTESIAN_POINT('',(0.032,-1.302,0.8382));
#6941=CARTESIAN_POINT('',(0.032,-1.238,0.8382));
#6942=CARTESIAN_POINT('',(0.032,-1.27,0.8382));
#6943=CARTESIAN_POINT('',(-0.032,-1.238,0.8382));
#6944=CARTESIAN_POINT('',(0.,-1.238,0.8382));
#6945=CARTESIAN_POINT('',(-0.032,-1.302,0.8382));
#6946=CARTESIAN_POINT('',(-0.032,-1.27,0.8382));
#6947=CARTESIAN_POINT('',(0.,-1.302,0.8382));
#6948=CARTESIAN_POINT('Origin',(0.,-1.27,-0.254));
#6949=CARTESIAN_POINT('',(0.032,-1.238,-0.254));
#6950=CARTESIAN_POINT('',(0.032,-1.302,-0.254));
#6951=CARTESIAN_POINT('',(0.032,-1.27,-0.254));
#6952=CARTESIAN_POINT('',(-0.032,-1.302,-0.254));
#6953=CARTESIAN_POINT('',(0.,-1.302,-0.254));
#6954=CARTESIAN_POINT('',(-0.032,-1.238,-0.254));
#6955=CARTESIAN_POINT('',(-0.032,-1.27,-0.254));
#6956=CARTESIAN_POINT('',(0.,-1.238,-0.254));
#6957=CARTESIAN_POINT('Origin',(0.,-1.302,0.2921));
#6958=CARTESIAN_POINT('',(-0.032,-1.302,0.2921));
#6959=CARTESIAN_POINT('',(0.032,-1.302,0.2921));
#6960=CARTESIAN_POINT('Origin',(-0.032,-1.27,0.2921));
#6961=CARTESIAN_POINT('',(-0.032,-1.238,0.2921));
#6962=CARTESIAN_POINT('Origin',(0.,-1.238,0.2921));
#6963=CARTESIAN_POINT('',(0.032,-1.238,0.2921));
#6964=CARTESIAN_POINT('Origin',(0.032,-1.27,0.2921));
#6965=CARTESIAN_POINT('Origin',(0.254,-1.27,0.8382));
#6966=CARTESIAN_POINT('',(0.286,-1.302,0.8382));
#6967=CARTESIAN_POINT('',(0.286,-1.238,0.8382));
#6968=CARTESIAN_POINT('',(0.286,-1.27,0.8382));
#6969=CARTESIAN_POINT('',(0.222,-1.238,0.8382));
#6970=CARTESIAN_POINT('',(0.254,-1.238,0.8382));
#6971=CARTESIAN_POINT('',(0.222,-1.302,0.8382));
#6972=CARTESIAN_POINT('',(0.222,-1.27,0.8382));
#6973=CARTESIAN_POINT('',(0.254,-1.302,0.8382));
#6974=CARTESIAN_POINT('Origin',(0.254,-1.27,-0.254));
#6975=CARTESIAN_POINT('',(0.286,-1.238,-0.254));
#6976=CARTESIAN_POINT('',(0.286,-1.302,-0.254));
#6977=CARTESIAN_POINT('',(0.286,-1.27,-0.254));
#6978=CARTESIAN_POINT('',(0.222,-1.302,-0.254));
#6979=CARTESIAN_POINT('',(0.254,-1.302,-0.254));
#6980=CARTESIAN_POINT('',(0.222,-1.238,-0.254));
#6981=CARTESIAN_POINT('',(0.222,-1.27,-0.254));
#6982=CARTESIAN_POINT('',(0.254,-1.238,-0.254));
#6983=CARTESIAN_POINT('Origin',(0.254,-1.302,0.2921));
#6984=CARTESIAN_POINT('',(0.222,-1.302,0.2921));
#6985=CARTESIAN_POINT('',(0.286,-1.302,0.2921));
#6986=CARTESIAN_POINT('Origin',(0.222,-1.27,0.2921));
#6987=CARTESIAN_POINT('',(0.222,-1.238,0.2921));
#6988=CARTESIAN_POINT('Origin',(0.254,-1.238,0.2921));
#6989=CARTESIAN_POINT('',(0.286,-1.238,0.2921));
#6990=CARTESIAN_POINT('Origin',(0.286,-1.27,0.2921));
#6991=CARTESIAN_POINT('Origin',(0.,-1.524,0.8382));
#6992=CARTESIAN_POINT('',(0.032,-1.556,0.8382));
#6993=CARTESIAN_POINT('',(0.032,-1.492,0.8382));
#6994=CARTESIAN_POINT('',(0.032,-1.524,0.8382));
#6995=CARTESIAN_POINT('',(-0.032,-1.492,0.8382));
#6996=CARTESIAN_POINT('',(0.,-1.492,0.8382));
#6997=CARTESIAN_POINT('',(-0.032,-1.556,0.8382));
#6998=CARTESIAN_POINT('',(-0.032,-1.524,0.8382));
#6999=CARTESIAN_POINT('',(0.,-1.556,0.8382));
#7000=CARTESIAN_POINT('Origin',(0.,-1.524,-0.254));
#7001=CARTESIAN_POINT('',(0.032,-1.492,-0.254));
#7002=CARTESIAN_POINT('',(0.032,-1.556,-0.254));
#7003=CARTESIAN_POINT('',(0.032,-1.524,-0.254));
#7004=CARTESIAN_POINT('',(-0.032,-1.556,-0.254));
#7005=CARTESIAN_POINT('',(0.,-1.556,-0.254));
#7006=CARTESIAN_POINT('',(-0.032,-1.492,-0.254));
#7007=CARTESIAN_POINT('',(-0.032,-1.524,-0.254));
#7008=CARTESIAN_POINT('',(0.,-1.492,-0.254));
#7009=CARTESIAN_POINT('Origin',(0.,-1.556,0.2921));
#7010=CARTESIAN_POINT('',(-0.032,-1.556,0.2921));
#7011=CARTESIAN_POINT('',(0.032,-1.556,0.2921));
#7012=CARTESIAN_POINT('Origin',(-0.032,-1.524,0.2921));
#7013=CARTESIAN_POINT('',(-0.032,-1.492,0.2921));
#7014=CARTESIAN_POINT('Origin',(0.,-1.492,0.2921));
#7015=CARTESIAN_POINT('',(0.032,-1.492,0.2921));
#7016=CARTESIAN_POINT('Origin',(0.032,-1.524,0.2921));
#7017=CARTESIAN_POINT('Origin',(0.254,-1.524,0.8382));
#7018=CARTESIAN_POINT('',(0.286,-1.556,0.8382));
#7019=CARTESIAN_POINT('',(0.286,-1.492,0.8382));
#7020=CARTESIAN_POINT('',(0.286,-1.524,0.8382));
#7021=CARTESIAN_POINT('',(0.222,-1.492,0.8382));
#7022=CARTESIAN_POINT('',(0.254,-1.492,0.8382));
#7023=CARTESIAN_POINT('',(0.222,-1.556,0.8382));
#7024=CARTESIAN_POINT('',(0.222,-1.524,0.8382));
#7025=CARTESIAN_POINT('',(0.254,-1.556,0.8382));
#7026=CARTESIAN_POINT('Origin',(0.254,-1.524,-0.254));
#7027=CARTESIAN_POINT('',(0.286,-1.492,-0.254));
#7028=CARTESIAN_POINT('',(0.286,-1.556,-0.254));
#7029=CARTESIAN_POINT('',(0.286,-1.524,-0.254));
#7030=CARTESIAN_POINT('',(0.222,-1.556,-0.254));
#7031=CARTESIAN_POINT('',(0.254,-1.556,-0.254));
#7032=CARTESIAN_POINT('',(0.222,-1.492,-0.254));
#7033=CARTESIAN_POINT('',(0.222,-1.524,-0.254));
#7034=CARTESIAN_POINT('',(0.254,-1.492,-0.254));
#7035=CARTESIAN_POINT('Origin',(0.254,-1.556,0.2921));
#7036=CARTESIAN_POINT('',(0.222,-1.556,0.2921));
#7037=CARTESIAN_POINT('',(0.286,-1.556,0.2921));
#7038=CARTESIAN_POINT('Origin',(0.222,-1.524,0.2921));
#7039=CARTESIAN_POINT('',(0.222,-1.492,0.2921));
#7040=CARTESIAN_POINT('Origin',(0.254,-1.492,0.2921));
#7041=CARTESIAN_POINT('',(0.286,-1.492,0.2921));
#7042=CARTESIAN_POINT('Origin',(0.286,-1.524,0.2921));
#7043=CARTESIAN_POINT('Origin',(0.,-1.778,0.8382));
#7044=CARTESIAN_POINT('',(0.032,-1.81,0.8382));
#7045=CARTESIAN_POINT('',(0.032,-1.746,0.8382));
#7046=CARTESIAN_POINT('',(0.032,-1.778,0.8382));
#7047=CARTESIAN_POINT('',(-0.032,-1.746,0.8382));
#7048=CARTESIAN_POINT('',(0.,-1.746,0.8382));
#7049=CARTESIAN_POINT('',(-0.032,-1.81,0.8382));
#7050=CARTESIAN_POINT('',(-0.032,-1.778,0.8382));
#7051=CARTESIAN_POINT('',(0.,-1.81,0.8382));
#7052=CARTESIAN_POINT('Origin',(0.,-1.778,-0.254));
#7053=CARTESIAN_POINT('',(0.032,-1.746,-0.254));
#7054=CARTESIAN_POINT('',(0.032,-1.81,-0.254));
#7055=CARTESIAN_POINT('',(0.032,-1.778,-0.254));
#7056=CARTESIAN_POINT('',(-0.032,-1.81,-0.254));
#7057=CARTESIAN_POINT('',(0.,-1.81,-0.254));
#7058=CARTESIAN_POINT('',(-0.032,-1.746,-0.254));
#7059=CARTESIAN_POINT('',(-0.032,-1.778,-0.254));
#7060=CARTESIAN_POINT('',(0.,-1.746,-0.254));
#7061=CARTESIAN_POINT('Origin',(0.,-1.81,0.2921));
#7062=CARTESIAN_POINT('',(-0.032,-1.81,0.2921));
#7063=CARTESIAN_POINT('',(0.032,-1.81,0.2921));
#7064=CARTESIAN_POINT('Origin',(-0.032,-1.778,0.2921));
#7065=CARTESIAN_POINT('',(-0.032,-1.746,0.2921));
#7066=CARTESIAN_POINT('Origin',(0.,-1.746,0.2921));
#7067=CARTESIAN_POINT('',(0.032,-1.746,0.2921));
#7068=CARTESIAN_POINT('Origin',(0.032,-1.778,0.2921));
#7069=CARTESIAN_POINT('Origin',(0.254,-1.778,0.8382));
#7070=CARTESIAN_POINT('',(0.286,-1.81,0.8382));
#7071=CARTESIAN_POINT('',(0.286,-1.746,0.8382));
#7072=CARTESIAN_POINT('',(0.286,-1.778,0.8382));
#7073=CARTESIAN_POINT('',(0.222,-1.746,0.8382));
#7074=CARTESIAN_POINT('',(0.254,-1.746,0.8382));
#7075=CARTESIAN_POINT('',(0.222,-1.81,0.8382));
#7076=CARTESIAN_POINT('',(0.222,-1.778,0.8382));
#7077=CARTESIAN_POINT('',(0.254,-1.81,0.8382));
#7078=CARTESIAN_POINT('Origin',(0.254,-1.778,-0.254));
#7079=CARTESIAN_POINT('',(0.286,-1.746,-0.254));
#7080=CARTESIAN_POINT('',(0.286,-1.81,-0.254));
#7081=CARTESIAN_POINT('',(0.286,-1.778,-0.254));
#7082=CARTESIAN_POINT('',(0.222,-1.81,-0.254));
#7083=CARTESIAN_POINT('',(0.254,-1.81,-0.254));
#7084=CARTESIAN_POINT('',(0.222,-1.746,-0.254));
#7085=CARTESIAN_POINT('',(0.222,-1.778,-0.254));
#7086=CARTESIAN_POINT('',(0.254,-1.746,-0.254));
#7087=CARTESIAN_POINT('Origin',(0.254,-1.81,0.2921));
#7088=CARTESIAN_POINT('',(0.222,-1.81,0.2921));
#7089=CARTESIAN_POINT('',(0.286,-1.81,0.2921));
#7090=CARTESIAN_POINT('Origin',(0.222,-1.778,0.2921));
#7091=CARTESIAN_POINT('',(0.222,-1.746,0.2921));
#7092=CARTESIAN_POINT('Origin',(0.254,-1.746,0.2921));
#7093=CARTESIAN_POINT('',(0.286,-1.746,0.2921));
#7094=CARTESIAN_POINT('Origin',(0.286,-1.778,0.2921));
#7095=CARTESIAN_POINT('Origin',(0.,-2.032,0.8382));
#7096=CARTESIAN_POINT('',(0.032,-2.064,0.8382));
#7097=CARTESIAN_POINT('',(0.032,-2.,0.8382));
#7098=CARTESIAN_POINT('',(0.032,-2.032,0.8382));
#7099=CARTESIAN_POINT('',(-0.032,-2.,0.8382));
#7100=CARTESIAN_POINT('',(0.,-2.,0.8382));
#7101=CARTESIAN_POINT('',(-0.032,-2.064,0.8382));
#7102=CARTESIAN_POINT('',(-0.032,-2.032,0.8382));
#7103=CARTESIAN_POINT('',(0.,-2.064,0.8382));
#7104=CARTESIAN_POINT('Origin',(0.,-2.032,-0.254));
#7105=CARTESIAN_POINT('',(0.032,-2.,-0.254));
#7106=CARTESIAN_POINT('',(0.032,-2.064,-0.254));
#7107=CARTESIAN_POINT('',(0.032,-2.032,-0.254));
#7108=CARTESIAN_POINT('',(-0.032,-2.064,-0.254));
#7109=CARTESIAN_POINT('',(0.,-2.064,-0.254));
#7110=CARTESIAN_POINT('',(-0.032,-2.,-0.254));
#7111=CARTESIAN_POINT('',(-0.032,-2.032,-0.254));
#7112=CARTESIAN_POINT('',(0.,-2.,-0.254));
#7113=CARTESIAN_POINT('Origin',(0.,-2.064,0.2921));
#7114=CARTESIAN_POINT('',(-0.032,-2.064,0.2921));
#7115=CARTESIAN_POINT('',(0.032,-2.064,0.2921));
#7116=CARTESIAN_POINT('Origin',(-0.032,-2.032,0.2921));
#7117=CARTESIAN_POINT('',(-0.032,-2.,0.2921));
#7118=CARTESIAN_POINT('Origin',(0.,-2.,0.2921));
#7119=CARTESIAN_POINT('',(0.032,-2.,0.2921));
#7120=CARTESIAN_POINT('Origin',(0.032,-2.032,0.2921));
#7121=CARTESIAN_POINT('Origin',(0.254,-2.032,0.8382));
#7122=CARTESIAN_POINT('',(0.286,-2.064,0.8382));
#7123=CARTESIAN_POINT('',(0.286,-2.,0.8382));
#7124=CARTESIAN_POINT('',(0.286,-2.032,0.8382));
#7125=CARTESIAN_POINT('',(0.222,-2.,0.8382));
#7126=CARTESIAN_POINT('',(0.254,-2.,0.8382));
#7127=CARTESIAN_POINT('',(0.222,-2.064,0.8382));
#7128=CARTESIAN_POINT('',(0.222,-2.032,0.8382));
#7129=CARTESIAN_POINT('',(0.254,-2.064,0.8382));
#7130=CARTESIAN_POINT('Origin',(0.254,-2.032,-0.254));
#7131=CARTESIAN_POINT('',(0.286,-2.,-0.254));
#7132=CARTESIAN_POINT('',(0.286,-2.064,-0.254));
#7133=CARTESIAN_POINT('',(0.286,-2.032,-0.254));
#7134=CARTESIAN_POINT('',(0.222,-2.064,-0.254));
#7135=CARTESIAN_POINT('',(0.254,-2.064,-0.254));
#7136=CARTESIAN_POINT('',(0.222,-2.,-0.254));
#7137=CARTESIAN_POINT('',(0.222,-2.032,-0.254));
#7138=CARTESIAN_POINT('',(0.254,-2.,-0.254));
#7139=CARTESIAN_POINT('Origin',(0.254,-2.064,0.2921));
#7140=CARTESIAN_POINT('',(0.222,-2.064,0.2921));
#7141=CARTESIAN_POINT('',(0.286,-2.064,0.2921));
#7142=CARTESIAN_POINT('Origin',(0.222,-2.032,0.2921));
#7143=CARTESIAN_POINT('',(0.222,-2.,0.2921));
#7144=CARTESIAN_POINT('Origin',(0.254,-2.,0.2921));
#7145=CARTESIAN_POINT('',(0.286,-2.,0.2921));
#7146=CARTESIAN_POINT('Origin',(0.286,-2.032,0.2921));
#7147=CARTESIAN_POINT('Origin',(0.,-2.286,0.8382));
#7148=CARTESIAN_POINT('',(0.032,-2.318,0.8382));
#7149=CARTESIAN_POINT('',(0.032,-2.254,0.8382));
#7150=CARTESIAN_POINT('',(0.032,-2.286,0.8382));
#7151=CARTESIAN_POINT('',(-0.032,-2.254,0.8382));
#7152=CARTESIAN_POINT('',(0.,-2.254,0.8382));
#7153=CARTESIAN_POINT('',(-0.032,-2.318,0.8382));
#7154=CARTESIAN_POINT('',(-0.032,-2.286,0.8382));
#7155=CARTESIAN_POINT('',(0.,-2.318,0.8382));
#7156=CARTESIAN_POINT('Origin',(0.,-2.286,-0.254));
#7157=CARTESIAN_POINT('',(0.032,-2.254,-0.254));
#7158=CARTESIAN_POINT('',(0.032,-2.318,-0.254));
#7159=CARTESIAN_POINT('',(0.032,-2.286,-0.254));
#7160=CARTESIAN_POINT('',(-0.032,-2.318,-0.254));
#7161=CARTESIAN_POINT('',(0.,-2.318,-0.254));
#7162=CARTESIAN_POINT('',(-0.032,-2.254,-0.254));
#7163=CARTESIAN_POINT('',(-0.032,-2.286,-0.254));
#7164=CARTESIAN_POINT('',(0.,-2.254,-0.254));
#7165=CARTESIAN_POINT('Origin',(0.,-2.318,0.2921));
#7166=CARTESIAN_POINT('',(-0.032,-2.318,0.2921));
#7167=CARTESIAN_POINT('',(0.032,-2.318,0.2921));
#7168=CARTESIAN_POINT('Origin',(-0.032,-2.286,0.2921));
#7169=CARTESIAN_POINT('',(-0.032,-2.254,0.2921));
#7170=CARTESIAN_POINT('Origin',(0.,-2.254,0.2921));
#7171=CARTESIAN_POINT('',(0.032,-2.254,0.2921));
#7172=CARTESIAN_POINT('Origin',(0.032,-2.286,0.2921));
#7173=CARTESIAN_POINT('Origin',(0.254,-2.286,0.8382));
#7174=CARTESIAN_POINT('',(0.286,-2.318,0.8382));
#7175=CARTESIAN_POINT('',(0.286,-2.254,0.8382));
#7176=CARTESIAN_POINT('',(0.286,-2.286,0.8382));
#7177=CARTESIAN_POINT('',(0.222,-2.254,0.8382));
#7178=CARTESIAN_POINT('',(0.254,-2.254,0.8382));
#7179=CARTESIAN_POINT('',(0.222,-2.318,0.8382));
#7180=CARTESIAN_POINT('',(0.222,-2.286,0.8382));
#7181=CARTESIAN_POINT('',(0.254,-2.318,0.8382));
#7182=CARTESIAN_POINT('Origin',(0.254,-2.286,-0.254));
#7183=CARTESIAN_POINT('',(0.286,-2.254,-0.254));
#7184=CARTESIAN_POINT('',(0.286,-2.318,-0.254));
#7185=CARTESIAN_POINT('',(0.286,-2.286,-0.254));
#7186=CARTESIAN_POINT('',(0.222,-2.318,-0.254));
#7187=CARTESIAN_POINT('',(0.254,-2.318,-0.254));
#7188=CARTESIAN_POINT('',(0.222,-2.254,-0.254));
#7189=CARTESIAN_POINT('',(0.222,-2.286,-0.254));
#7190=CARTESIAN_POINT('',(0.254,-2.254,-0.254));
#7191=CARTESIAN_POINT('Origin',(0.254,-2.318,0.2921));
#7192=CARTESIAN_POINT('',(0.222,-2.318,0.2921));
#7193=CARTESIAN_POINT('',(0.286,-2.318,0.2921));
#7194=CARTESIAN_POINT('Origin',(0.222,-2.286,0.2921));
#7195=CARTESIAN_POINT('',(0.222,-2.254,0.2921));
#7196=CARTESIAN_POINT('Origin',(0.254,-2.254,0.2921));
#7197=CARTESIAN_POINT('',(0.286,-2.254,0.2921));
#7198=CARTESIAN_POINT('Origin',(0.286,-2.286,0.2921));
#7199=CARTESIAN_POINT('Origin',(0.,-2.54,0.8382));
#7200=CARTESIAN_POINT('',(0.032,-2.572,0.8382));
#7201=CARTESIAN_POINT('',(0.032,-2.508,0.8382));
#7202=CARTESIAN_POINT('',(0.032,-2.54,0.8382));
#7203=CARTESIAN_POINT('',(-0.032,-2.508,0.8382));
#7204=CARTESIAN_POINT('',(0.,-2.508,0.8382));
#7205=CARTESIAN_POINT('',(-0.032,-2.572,0.8382));
#7206=CARTESIAN_POINT('',(-0.032,-2.54,0.8382));
#7207=CARTESIAN_POINT('',(0.,-2.572,0.8382));
#7208=CARTESIAN_POINT('Origin',(0.,-2.54,-0.254));
#7209=CARTESIAN_POINT('',(0.032,-2.508,-0.254));
#7210=CARTESIAN_POINT('',(0.032,-2.572,-0.254));
#7211=CARTESIAN_POINT('',(0.032,-2.54,-0.254));
#7212=CARTESIAN_POINT('',(-0.032,-2.572,-0.254));
#7213=CARTESIAN_POINT('',(0.,-2.572,-0.254));
#7214=CARTESIAN_POINT('',(-0.032,-2.508,-0.254));
#7215=CARTESIAN_POINT('',(-0.032,-2.54,-0.254));
#7216=CARTESIAN_POINT('',(0.,-2.508,-0.254));
#7217=CARTESIAN_POINT('Origin',(0.,-2.572,0.2921));
#7218=CARTESIAN_POINT('',(-0.032,-2.572,0.2921));
#7219=CARTESIAN_POINT('',(0.032,-2.572,0.2921));
#7220=CARTESIAN_POINT('Origin',(-0.032,-2.54,0.2921));
#7221=CARTESIAN_POINT('',(-0.032,-2.508,0.2921));
#7222=CARTESIAN_POINT('Origin',(0.,-2.508,0.2921));
#7223=CARTESIAN_POINT('',(0.032,-2.508,0.2921));
#7224=CARTESIAN_POINT('Origin',(0.032,-2.54,0.2921));
#7225=CARTESIAN_POINT('Origin',(0.254,-2.54,0.8382));
#7226=CARTESIAN_POINT('',(0.286,-2.572,0.8382));
#7227=CARTESIAN_POINT('',(0.286,-2.508,0.8382));
#7228=CARTESIAN_POINT('',(0.286,-2.54,0.8382));
#7229=CARTESIAN_POINT('',(0.222,-2.508,0.8382));
#7230=CARTESIAN_POINT('',(0.254,-2.508,0.8382));
#7231=CARTESIAN_POINT('',(0.222,-2.572,0.8382));
#7232=CARTESIAN_POINT('',(0.222,-2.54,0.8382));
#7233=CARTESIAN_POINT('',(0.254,-2.572,0.8382));
#7234=CARTESIAN_POINT('Origin',(0.254,-2.54,-0.254));
#7235=CARTESIAN_POINT('',(0.286,-2.508,-0.254));
#7236=CARTESIAN_POINT('',(0.286,-2.572,-0.254));
#7237=CARTESIAN_POINT('',(0.286,-2.54,-0.254));
#7238=CARTESIAN_POINT('',(0.222,-2.572,-0.254));
#7239=CARTESIAN_POINT('',(0.254,-2.572,-0.254));
#7240=CARTESIAN_POINT('',(0.222,-2.508,-0.254));
#7241=CARTESIAN_POINT('',(0.222,-2.54,-0.254));
#7242=CARTESIAN_POINT('',(0.254,-2.508,-0.254));
#7243=CARTESIAN_POINT('Origin',(0.254,-2.572,0.2921));
#7244=CARTESIAN_POINT('',(0.222,-2.572,0.2921));
#7245=CARTESIAN_POINT('',(0.286,-2.572,0.2921));
#7246=CARTESIAN_POINT('Origin',(0.222,-2.54,0.2921));
#7247=CARTESIAN_POINT('',(0.222,-2.508,0.2921));
#7248=CARTESIAN_POINT('Origin',(0.254,-2.508,0.2921));
#7249=CARTESIAN_POINT('',(0.286,-2.508,0.2921));
#7250=CARTESIAN_POINT('Origin',(0.286,-2.54,0.2921));
#7251=CARTESIAN_POINT('Origin',(0.,-2.794,0.8382));
#7252=CARTESIAN_POINT('',(0.032,-2.826,0.8382));
#7253=CARTESIAN_POINT('',(0.032,-2.762,0.8382));
#7254=CARTESIAN_POINT('',(0.032,-2.794,0.8382));
#7255=CARTESIAN_POINT('',(-0.032,-2.762,0.8382));
#7256=CARTESIAN_POINT('',(0.,-2.762,0.8382));
#7257=CARTESIAN_POINT('',(-0.032,-2.826,0.8382));
#7258=CARTESIAN_POINT('',(-0.032,-2.794,0.8382));
#7259=CARTESIAN_POINT('',(0.,-2.826,0.8382));
#7260=CARTESIAN_POINT('Origin',(0.,-2.794,-0.254));
#7261=CARTESIAN_POINT('',(0.032,-2.762,-0.254));
#7262=CARTESIAN_POINT('',(0.032,-2.826,-0.254));
#7263=CARTESIAN_POINT('',(0.032,-2.794,-0.254));
#7264=CARTESIAN_POINT('',(-0.032,-2.826,-0.254));
#7265=CARTESIAN_POINT('',(0.,-2.826,-0.254));
#7266=CARTESIAN_POINT('',(-0.032,-2.762,-0.254));
#7267=CARTESIAN_POINT('',(-0.032,-2.794,-0.254));
#7268=CARTESIAN_POINT('',(0.,-2.762,-0.254));
#7269=CARTESIAN_POINT('Origin',(0.,-2.826,0.2921));
#7270=CARTESIAN_POINT('',(-0.032,-2.826,0.2921));
#7271=CARTESIAN_POINT('',(0.032,-2.826,0.2921));
#7272=CARTESIAN_POINT('Origin',(-0.032,-2.794,0.2921));
#7273=CARTESIAN_POINT('',(-0.032,-2.762,0.2921));
#7274=CARTESIAN_POINT('Origin',(0.,-2.762,0.2921));
#7275=CARTESIAN_POINT('',(0.032,-2.762,0.2921));
#7276=CARTESIAN_POINT('Origin',(0.032,-2.794,0.2921));
#7277=CARTESIAN_POINT('Origin',(0.254,-2.794,0.8382));
#7278=CARTESIAN_POINT('',(0.286,-2.826,0.8382));
#7279=CARTESIAN_POINT('',(0.286,-2.762,0.8382));
#7280=CARTESIAN_POINT('',(0.286,-2.794,0.8382));
#7281=CARTESIAN_POINT('',(0.222,-2.762,0.8382));
#7282=CARTESIAN_POINT('',(0.254,-2.762,0.8382));
#7283=CARTESIAN_POINT('',(0.222,-2.826,0.8382));
#7284=CARTESIAN_POINT('',(0.222,-2.794,0.8382));
#7285=CARTESIAN_POINT('',(0.254,-2.826,0.8382));
#7286=CARTESIAN_POINT('Origin',(0.254,-2.794,-0.254));
#7287=CARTESIAN_POINT('',(0.286,-2.762,-0.254));
#7288=CARTESIAN_POINT('',(0.286,-2.826,-0.254));
#7289=CARTESIAN_POINT('',(0.286,-2.794,-0.254));
#7290=CARTESIAN_POINT('',(0.222,-2.826,-0.254));
#7291=CARTESIAN_POINT('',(0.254,-2.826,-0.254));
#7292=CARTESIAN_POINT('',(0.222,-2.762,-0.254));
#7293=CARTESIAN_POINT('',(0.222,-2.794,-0.254));
#7294=CARTESIAN_POINT('',(0.254,-2.762,-0.254));
#7295=CARTESIAN_POINT('Origin',(0.254,-2.826,0.2921));
#7296=CARTESIAN_POINT('',(0.222,-2.826,0.2921));
#7297=CARTESIAN_POINT('',(0.286,-2.826,0.2921));
#7298=CARTESIAN_POINT('Origin',(0.222,-2.794,0.2921));
#7299=CARTESIAN_POINT('',(0.222,-2.762,0.2921));
#7300=CARTESIAN_POINT('Origin',(0.254,-2.762,0.2921));
#7301=CARTESIAN_POINT('',(0.286,-2.762,0.2921));
#7302=CARTESIAN_POINT('Origin',(0.286,-2.794,0.2921));
#7303=CARTESIAN_POINT('Origin',(0.,-3.048,0.8382));
#7304=CARTESIAN_POINT('',(0.032,-3.08,0.8382));
#7305=CARTESIAN_POINT('',(0.032,-3.016,0.8382));
#7306=CARTESIAN_POINT('',(0.032,-3.048,0.8382));
#7307=CARTESIAN_POINT('',(-0.032,-3.016,0.8382));
#7308=CARTESIAN_POINT('',(0.,-3.016,0.8382));
#7309=CARTESIAN_POINT('',(-0.032,-3.08,0.8382));
#7310=CARTESIAN_POINT('',(-0.032,-3.048,0.8382));
#7311=CARTESIAN_POINT('',(0.,-3.08,0.8382));
#7312=CARTESIAN_POINT('Origin',(0.,-3.048,-0.254));
#7313=CARTESIAN_POINT('',(0.032,-3.016,-0.254));
#7314=CARTESIAN_POINT('',(0.032,-3.08,-0.254));
#7315=CARTESIAN_POINT('',(0.032,-3.048,-0.254));
#7316=CARTESIAN_POINT('',(-0.032,-3.08,-0.254));
#7317=CARTESIAN_POINT('',(0.,-3.08,-0.254));
#7318=CARTESIAN_POINT('',(-0.032,-3.016,-0.254));
#7319=CARTESIAN_POINT('',(-0.032,-3.048,-0.254));
#7320=CARTESIAN_POINT('',(0.,-3.016,-0.254));
#7321=CARTESIAN_POINT('Origin',(0.,-3.08,0.2921));
#7322=CARTESIAN_POINT('',(-0.032,-3.08,0.2921));
#7323=CARTESIAN_POINT('',(0.032,-3.08,0.2921));
#7324=CARTESIAN_POINT('Origin',(-0.032,-3.048,0.2921));
#7325=CARTESIAN_POINT('',(-0.032,-3.016,0.2921));
#7326=CARTESIAN_POINT('Origin',(0.,-3.016,0.2921));
#7327=CARTESIAN_POINT('',(0.032,-3.016,0.2921));
#7328=CARTESIAN_POINT('Origin',(0.032,-3.048,0.2921));
#7329=CARTESIAN_POINT('Origin',(0.254,-3.048,0.8382));
#7330=CARTESIAN_POINT('',(0.286,-3.08,0.8382));
#7331=CARTESIAN_POINT('',(0.286,-3.016,0.8382));
#7332=CARTESIAN_POINT('',(0.286,-3.048,0.8382));
#7333=CARTESIAN_POINT('',(0.222,-3.016,0.8382));
#7334=CARTESIAN_POINT('',(0.254,-3.016,0.8382));
#7335=CARTESIAN_POINT('',(0.222,-3.08,0.8382));
#7336=CARTESIAN_POINT('',(0.222,-3.048,0.8382));
#7337=CARTESIAN_POINT('',(0.254,-3.08,0.8382));
#7338=CARTESIAN_POINT('Origin',(0.254,-3.048,-0.254));
#7339=CARTESIAN_POINT('',(0.286,-3.016,-0.254));
#7340=CARTESIAN_POINT('',(0.286,-3.08,-0.254));
#7341=CARTESIAN_POINT('',(0.286,-3.048,-0.254));
#7342=CARTESIAN_POINT('',(0.222,-3.08,-0.254));
#7343=CARTESIAN_POINT('',(0.254,-3.08,-0.254));
#7344=CARTESIAN_POINT('',(0.222,-3.016,-0.254));
#7345=CARTESIAN_POINT('',(0.222,-3.048,-0.254));
#7346=CARTESIAN_POINT('',(0.254,-3.016,-0.254));
#7347=CARTESIAN_POINT('Origin',(0.254,-3.08,0.2921));
#7348=CARTESIAN_POINT('',(0.222,-3.08,0.2921));
#7349=CARTESIAN_POINT('',(0.286,-3.08,0.2921));
#7350=CARTESIAN_POINT('Origin',(0.222,-3.048,0.2921));
#7351=CARTESIAN_POINT('',(0.222,-3.016,0.2921));
#7352=CARTESIAN_POINT('Origin',(0.254,-3.016,0.2921));
#7353=CARTESIAN_POINT('',(0.286,-3.016,0.2921));
#7354=CARTESIAN_POINT('Origin',(0.286,-3.048,0.2921));
#7355=UNCERTAINTY_MEASURE_WITH_UNIT(LENGTH_MEASURE(0.001),#7359,
'DISTANCE_ACCURACY_VALUE',
'Maximum model space distance between geometric entities at asserted c
onnectivities');
#7356=UNCERTAINTY_MEASURE_WITH_UNIT(LENGTH_MEASURE(0.001),#7359,
'DISTANCE_ACCURACY_VALUE',
'Maximum model space distance between geometric entities at asserted c
onnectivities');
#7357=(
GEOMETRIC_REPRESENTATION_CONTEXT(3)
GLOBAL_UNCERTAINTY_ASSIGNED_CONTEXT((#7355))
GLOBAL_UNIT_ASSIGNED_CONTEXT((#7359,#7361,#7362))
REPRESENTATION_CONTEXT('','3D')
);
#7358=(
GEOMETRIC_REPRESENTATION_CONTEXT(3)
GLOBAL_UNCERTAINTY_ASSIGNED_CONTEXT((#7356))
GLOBAL_UNIT_ASSIGNED_CONTEXT((#7359,#7361,#7362))
REPRESENTATION_CONTEXT('','3D')
);
#7359=(
LENGTH_UNIT()
NAMED_UNIT(*)
SI_UNIT(.CENTI.,.METRE.)
);
#7360=(
LENGTH_UNIT()
NAMED_UNIT(*)
SI_UNIT($,.METRE.)
);
#7361=(
NAMED_UNIT(*)
PLANE_ANGLE_UNIT()
SI_UNIT($,.RADIAN.)
);
#7362=(
NAMED_UNIT(*)
SI_UNIT($,.STERADIAN.)
SOLID_ANGLE_UNIT()
);
#7363=SHAPE_DEFINITION_REPRESENTATION(#7364,#7365);
#7364=PRODUCT_DEFINITION_SHAPE('',$,#7367);
#7365=SHAPE_REPRESENTATION('',(#4695),#7357);
#7366=PRODUCT_DEFINITION_CONTEXT('part definition',#7371,'design');
#7367=PRODUCT_DEFINITION('HTSW-113-07-L-D-007',
'Samtec HTSW-113-07-L-D-007 nominal drawing reconstruction',#7368,#7366);
#7368=PRODUCT_DEFINITION_FORMATION('',$,#7373);
#7369=PRODUCT_RELATED_PRODUCT_CATEGORY(
'Samtec HTSW-113-07-L-D-007 nominal drawing reconstruction',
'Samtec HTSW-113-07-L-D-007 nominal drawing reconstruction',(#7373));
#7370=APPLICATION_PROTOCOL_DEFINITION('international standard',
'automotive_design',2009,#7371);
#7371=APPLICATION_CONTEXT(
'Core Data for Automotive Mechanical Design Process');
#7372=PRODUCT_CONTEXT('part definition',#7371,'mechanical');
#7373=PRODUCT('HTSW-113-07-L-D-007',
'Samtec HTSW-113-07-L-D-007 nominal drawing reconstruction',
'Proposed factory-omitted pin7. Nominal referencebody/squarepost model
; not manufacturer CAD. No manually removedpin approval or orderabilit
y guarantee.',(#7372));
#7374=PRESENTATION_STYLE_ASSIGNMENT((#7376));
#7375=PRESENTATION_STYLE_ASSIGNMENT((#7377));
#7376=SURFACE_STYLE_USAGE(.BOTH.,#7378);
#7377=SURFACE_STYLE_USAGE(.BOTH.,#7379);
#7378=SURFACE_SIDE_STYLE('',(#7380));
#7379=SURFACE_SIDE_STYLE('',(#7381));
#7380=SURFACE_STYLE_FILL_AREA(#7382);
#7381=SURFACE_STYLE_FILL_AREA(#7383);
#7382=FILL_AREA_STYLE('Steel - Satin',(#7384));
#7383=FILL_AREA_STYLE('Gold plated contact visual reference',(#7385));
#7384=FILL_AREA_STYLE_COLOUR('Steel - Satin',#7386);
#7385=FILL_AREA_STYLE_COLOUR('Gold plated contact visual reference',#7387);
#7386=COLOUR_RGB('Steel - Satin',0.627450980392157,0.627450980392157,0.627450980392157);
#7387=COLOUR_RGB('Gold plated contact visual reference',0.952941176470588,
0.796078431372549,0.486274509803922);
ENDSEC;
END-ISO-10303-21;
