ISO-10303-21;
HEADER;
FILE_DESCRIPTION(('KiCad electronic assembly'),'2;1');
FILE_NAME('Trimix_USB_Input.step','2026-09-06T20:25:15',('Pcbnew'),(
    'Kicad'),'Open CASCADE STEP processor 7.9','KiCad to STEP converter'
  ,'Unknown');
FILE_SCHEMA(('AUTOMOTIVE_DESIGN { 1 0 10303 214 1 1 1 1 }'));
ENDSEC;
DATA;
#1 = APPLICATION_PROTOCOL_DEFINITION('international standard',
  'automotive_design',2000,#2);
#2 = APPLICATION_CONTEXT(
  'core data for automotive mechanical design processes');
#3 = SHAPE_DEFINITION_REPRESENTATION(#4,#10);
#4 = PRODUCT_DEFINITION_SHAPE('','',#5);
#5 = PRODUCT_DEFINITION('design','',#6,#9);
#6 = PRODUCT_DEFINITION_FORMATION('','',#7);
#7 = PRODUCT('Trimix_USB_Input 1','Trimix_USB_Input 1','',(#8));
#8 = PRODUCT_CONTEXT('',#2,'mechanical');
#9 = PRODUCT_DEFINITION_CONTEXT('part definition',#2,'design');
#10 = SHAPE_REPRESENTATION('',(#11,#15,#19,#23,#27),#31);
#11 = AXIS2_PLACEMENT_3D('',#12,#13,#14);
#12 = CARTESIAN_POINT('',(0.,0.,0.));
#13 = DIRECTION('',(0.,0.,1.));
#14 = DIRECTION('',(1.,0.,-0.));
#15 = AXIS2_PLACEMENT_3D('',#16,#17,#18);
#16 = CARTESIAN_POINT('',(6.75,-7.3,0.595));
#17 = DIRECTION('',(0.,-0.,1.));
#18 = DIRECTION('',(1.110223024625E-16,1.,0.));
#19 = AXIS2_PLACEMENT_3D('',#20,#21,#22);
#20 = CARTESIAN_POINT('',(9.75,-7.3,0.595));
#21 = DIRECTION('',(0.,-0.,1.));
#22 = DIRECTION('',(1.110223024625E-16,1.,0.));
#23 = AXIS2_PLACEMENT_3D('',#24,#25,#26);
#24 = CARTESIAN_POINT('',(0.,0.,0.));
#25 = DIRECTION('',(0.,0.,1.));
#26 = DIRECTION('',(1.,0.,-0.));
#27 = AXIS2_PLACEMENT_3D('',#28,#29,#30);
#28 = CARTESIAN_POINT('',(0.,0.,0.));
#29 = DIRECTION('',(0.,0.,1.));
#30 = DIRECTION('',(1.,0.,-0.));
#31 = ( GEOMETRIC_REPRESENTATION_CONTEXT(3) 
GLOBAL_UNCERTAINTY_ASSIGNED_CONTEXT((#35)) GLOBAL_UNIT_ASSIGNED_CONTEXT(
(#32,#33,#34)) REPRESENTATION_CONTEXT('Context #1',
  '3D Context with UNIT and UNCERTAINTY') );
#32 = ( LENGTH_UNIT() NAMED_UNIT(*) SI_UNIT(.MILLI.,.METRE.) );
#33 = ( NAMED_UNIT(*) PLANE_ANGLE_UNIT() SI_UNIT($,.RADIAN.) );
#34 = ( NAMED_UNIT(*) SI_UNIT($,.STERADIAN.) SOLID_ANGLE_UNIT() );
#35 = UNCERTAINTY_MEASURE_WITH_UNIT(LENGTH_MEASURE(1.E-07),#32,
  'distance_accuracy_value','confusion accuracy');
#36 = PRODUCT_RELATED_PRODUCT_CATEGORY('part',$,(#7));
#37 = SHAPE_DEFINITION_REPRESENTATION(#38,#44);
#38 = PRODUCT_DEFINITION_SHAPE('','',#39);
#39 = PRODUCT_DEFINITION('design','',#40,#43);
#40 = PRODUCT_DEFINITION_FORMATION('','',#41);
#41 = PRODUCT('R_0603_1608Metric','R_0603_1608Metric','',(#42));
#42 = PRODUCT_CONTEXT('',#2,'mechanical');
#43 = PRODUCT_DEFINITION_CONTEXT('part definition',#2,'design');
#44 = SHAPE_REPRESENTATION('',(#11,#45),#49);
#45 = AXIS2_PLACEMENT_3D('',#46,#47,#48);
#46 = CARTESIAN_POINT('',(0.,0.,0.));
#47 = DIRECTION('',(0.,0.,1.));
#48 = DIRECTION('',(1.,0.,-0.));
#49 = ( GEOMETRIC_REPRESENTATION_CONTEXT(3) 
GLOBAL_UNCERTAINTY_ASSIGNED_CONTEXT((#53)) GLOBAL_UNIT_ASSIGNED_CONTEXT(
(#50,#51,#52)) REPRESENTATION_CONTEXT('Context #1',
  '3D Context with UNIT and UNCERTAINTY') );
#50 = ( LENGTH_UNIT() NAMED_UNIT(*) SI_UNIT(.MILLI.,.METRE.) );
#51 = ( NAMED_UNIT(*) PLANE_ANGLE_UNIT() SI_UNIT($,.RADIAN.) );
#52 = ( NAMED_UNIT(*) SI_UNIT($,.STERADIAN.) SOLID_ANGLE_UNIT() );
#53 = UNCERTAINTY_MEASURE_WITH_UNIT(LENGTH_MEASURE(1.E-07),#50,
  'distance_accuracy_value','confusion accuracy');
#54 = CONTEXT_DEPENDENT_SHAPE_REPRESENTATION(#55,#57);
#55 = ( REPRESENTATION_RELATIONSHIP('','',#44,#10) 
REPRESENTATION_RELATIONSHIP_WITH_TRANSFORMATION(#56) 
SHAPE_REPRESENTATION_RELATIONSHIP() );
#56 = ITEM_DEFINED_TRANSFORMATION('','',#11,#15);
#57 = PRODUCT_DEFINITION_SHAPE('Placement','Placement of an item',#58);
#58 = NEXT_ASSEMBLY_USAGE_OCCURRENCE('2','R901','',#5,#39,$);
#59 = PRODUCT_RELATED_PRODUCT_CATEGORY('part',$,(#41));
#60 = SHAPE_DEFINITION_REPRESENTATION(#61,#67);
#61 = PRODUCT_DEFINITION_SHAPE('','',#62);
#62 = PRODUCT_DEFINITION('design','',#63,#66);
#63 = PRODUCT_DEFINITION_FORMATION('','',#64);
#64 = PRODUCT('R_0603_1608Metric','R_0603_1608Metric','',(#65));
#65 = PRODUCT_CONTEXT('',#2,'mechanical');
#66 = PRODUCT_DEFINITION_CONTEXT('part definition',#2,'design');
#67 = ADVANCED_BREP_SHAPE_REPRESENTATION('',(#11,#68),#858);
#68 = MANIFOLD_SOLID_BREP('',#69);
#69 = CLOSED_SHELL('',(#70,#110,#193,#218,#243,#310,#327,#344,#393,#410,
    #427,#476,#493,#562,#593,#617,#686,#710,#727,#744,#761,#778,#795,
    #812,#829,#846));
#70 = ADVANCED_FACE('',(#71),#105,.F.);
#71 = FACE_BOUND('',#72,.F.);
#72 = EDGE_LOOP('',(#73,#83,#91,#99));
#73 = ORIENTED_EDGE('',*,*,#74,.F.);
#74 = EDGE_CURVE('',#75,#77,#79,.T.);
#75 = VERTEX_POINT('',#76);
#76 = CARTESIAN_POINT('',(-0.8,-0.4,4.5E-02));
#77 = VERTEX_POINT('',#78);
#78 = CARTESIAN_POINT('',(-0.8,-0.4,0.405));
#79 = LINE('',#80,#81);
#80 = CARTESIAN_POINT('',(-0.8,-0.4,0.));
#81 = VECTOR('',#82,1.);
#82 = DIRECTION('',(0.,0.,1.));
#83 = ORIENTED_EDGE('',*,*,#84,.T.);
#84 = EDGE_CURVE('',#75,#85,#87,.T.);
#85 = VERTEX_POINT('',#86);
#86 = CARTESIAN_POINT('',(-0.8,0.4,4.5E-02));
#87 = LINE('',#88,#89);
#88 = CARTESIAN_POINT('',(-0.8,-0.4,4.5E-02));
#89 = VECTOR('',#90,1.);
#90 = DIRECTION('',(0.,1.,0.));
#91 = ORIENTED_EDGE('',*,*,#92,.T.);
#92 = EDGE_CURVE('',#85,#93,#95,.T.);
#93 = VERTEX_POINT('',#94);
#94 = CARTESIAN_POINT('',(-0.8,0.4,0.405));
#95 = LINE('',#96,#97);
#96 = CARTESIAN_POINT('',(-0.8,0.4,0.));
#97 = VECTOR('',#98,1.);
#98 = DIRECTION('',(0.,0.,1.));
#99 = ORIENTED_EDGE('',*,*,#100,.F.);
#100 = EDGE_CURVE('',#77,#93,#101,.T.);
#101 = LINE('',#102,#103);
#102 = CARTESIAN_POINT('',(-0.8,-0.4,0.405));
#103 = VECTOR('',#104,1.);
#104 = DIRECTION('',(0.,1.,0.));
#105 = PLANE('',#106);
#106 = AXIS2_PLACEMENT_3D('',#107,#108,#109);
#107 = CARTESIAN_POINT('',(-0.8,-0.4,0.));
#108 = DIRECTION('',(1.,0.,0.));
#109 = DIRECTION('',(0.,0.,1.));
#110 = ADVANCED_FACE('',(#111),#188,.F.);
#111 = FACE_BOUND('',#112,.F.);
#112 = EDGE_LOOP('',(#113,#123,#130,#131,#140,#148,#157,#165,#173,#181)
  );
#113 = ORIENTED_EDGE('',*,*,#114,.F.);
#114 = EDGE_CURVE('',#115,#117,#119,.T.);
#115 = VERTEX_POINT('',#116);
#116 = CARTESIAN_POINT('',(-0.755,-0.4,-2.775557561563E-17));
#117 = VERTEX_POINT('',#118);
#118 = CARTESIAN_POINT('',(-0.545,-0.4,-2.775557561563E-17));
#119 = LINE('',#120,#121);
#120 = CARTESIAN_POINT('',(-0.8,-0.4,0.));
#121 = VECTOR('',#122,1.);
#122 = DIRECTION('',(1.,0.,0.));
#123 = ORIENTED_EDGE('',*,*,#124,.F.);
#124 = EDGE_CURVE('',#75,#115,#125,.T.);
#125 = CIRCLE('',#126,4.5E-02);
#126 = AXIS2_PLACEMENT_3D('',#127,#128,#129);
#127 = CARTESIAN_POINT('',(-0.755,-0.4,4.5E-02));
#128 = DIRECTION('',(0.,-1.,0.));
#129 = DIRECTION('',(0.,0.,1.));
#130 = ORIENTED_EDGE('',*,*,#74,.T.);
#131 = ORIENTED_EDGE('',*,*,#132,.T.);
#132 = EDGE_CURVE('',#77,#133,#135,.T.);
#133 = VERTEX_POINT('',#134);
#134 = CARTESIAN_POINT('',(-0.755,-0.4,0.45));
#135 = CIRCLE('',#136,4.5E-02);
#136 = AXIS2_PLACEMENT_3D('',#137,#138,#139);
#137 = CARTESIAN_POINT('',(-0.755,-0.4,0.405));
#138 = DIRECTION('',(0.,1.,0.));
#139 = DIRECTION('',(0.,-0.,1.));
#140 = ORIENTED_EDGE('',*,*,#141,.T.);
#141 = EDGE_CURVE('',#133,#142,#144,.T.);
#142 = VERTEX_POINT('',#143);
#143 = CARTESIAN_POINT('',(-0.545,-0.4,0.45));
#144 = LINE('',#145,#146);
#145 = CARTESIAN_POINT('',(-0.8,-0.4,0.45));
#146 = VECTOR('',#147,1.);
#147 = DIRECTION('',(1.,0.,0.));
#148 = ORIENTED_EDGE('',*,*,#149,.F.);
#149 = EDGE_CURVE('',#150,#142,#152,.T.);
#150 = VERTEX_POINT('',#151);
#151 = CARTESIAN_POINT('',(-0.5,-0.4,0.405));
#152 = CIRCLE('',#153,4.5E-02);
#153 = AXIS2_PLACEMENT_3D('',#154,#155,#156);
#154 = CARTESIAN_POINT('',(-0.545,-0.4,0.405));
#155 = DIRECTION('',(0.,-1.,0.));
#156 = DIRECTION('',(0.,0.,1.));
#157 = ORIENTED_EDGE('',*,*,#158,.F.);
#158 = EDGE_CURVE('',#159,#150,#161,.T.);
#159 = VERTEX_POINT('',#160);
#160 = CARTESIAN_POINT('',(-0.755,-0.4,0.405));
#161 = LINE('',#162,#163);
#162 = CARTESIAN_POINT('',(-0.755,-0.4,0.405));
#163 = VECTOR('',#164,1.);
#164 = DIRECTION('',(1.,0.,0.));
#165 = ORIENTED_EDGE('',*,*,#166,.F.);
#166 = EDGE_CURVE('',#167,#159,#169,.T.);
#167 = VERTEX_POINT('',#168);
#168 = CARTESIAN_POINT('',(-0.755,-0.4,4.5E-02));
#169 = LINE('',#170,#171);
#170 = CARTESIAN_POINT('',(-0.755,-0.4,4.5E-02));
#171 = VECTOR('',#172,1.);
#172 = DIRECTION('',(0.,0.,1.));
#173 = ORIENTED_EDGE('',*,*,#174,.T.);
#174 = EDGE_CURVE('',#167,#175,#177,.T.);
#175 = VERTEX_POINT('',#176);
#176 = CARTESIAN_POINT('',(-0.5,-0.4,4.5E-02));
#177 = LINE('',#178,#179);
#178 = CARTESIAN_POINT('',(-0.755,-0.4,4.5E-02));
#179 = VECTOR('',#180,1.);
#180 = DIRECTION('',(1.,0.,0.));
#181 = ORIENTED_EDGE('',*,*,#182,.T.);
#182 = EDGE_CURVE('',#175,#117,#183,.T.);
#183 = CIRCLE('',#184,4.5E-02);
#184 = AXIS2_PLACEMENT_3D('',#185,#186,#187);
#185 = CARTESIAN_POINT('',(-0.545,-0.4,4.5E-02));
#186 = DIRECTION('',(0.,1.,0.));
#187 = DIRECTION('',(0.,-0.,1.));
#188 = PLANE('',#189);
#189 = AXIS2_PLACEMENT_3D('',#190,#191,#192);
#190 = CARTESIAN_POINT('',(-0.8,-0.4,0.));
#191 = DIRECTION('',(0.,1.,0.));
#192 = DIRECTION('',(0.,-0.,1.));
#193 = ADVANCED_FACE('',(#194),#213,.T.);
#194 = FACE_BOUND('',#195,.T.);
#195 = EDGE_LOOP('',(#196,#197,#206,#212));
#196 = ORIENTED_EDGE('',*,*,#84,.T.);
#197 = ORIENTED_EDGE('',*,*,#198,.T.);
#198 = EDGE_CURVE('',#85,#199,#201,.T.);
#199 = VERTEX_POINT('',#200);
#200 = CARTESIAN_POINT('',(-0.755,0.4,-2.775557561563E-17));
#201 = CIRCLE('',#202,4.5E-02);
#202 = AXIS2_PLACEMENT_3D('',#203,#204,#205);
#203 = CARTESIAN_POINT('',(-0.755,0.4,4.5E-02));
#204 = DIRECTION('',(0.,-1.,0.));
#205 = DIRECTION('',(0.,0.,1.));
#206 = ORIENTED_EDGE('',*,*,#207,.F.);
#207 = EDGE_CURVE('',#115,#199,#208,.T.);
#208 = LINE('',#209,#210);
#209 = CARTESIAN_POINT('',(-0.755,-0.4,-2.775557561563E-17));
#210 = VECTOR('',#211,1.);
#211 = DIRECTION('',(0.,1.,0.));
#212 = ORIENTED_EDGE('',*,*,#124,.F.);
#213 = CYLINDRICAL_SURFACE('',#214,4.5E-02);
#214 = AXIS2_PLACEMENT_3D('',#215,#216,#217);
#215 = CARTESIAN_POINT('',(-0.755,-0.4,4.5E-02));
#216 = DIRECTION('',(0.,1.,0.));
#217 = DIRECTION('',(-1.,0.,0.));
#218 = ADVANCED_FACE('',(#219),#238,.T.);
#219 = FACE_BOUND('',#220,.T.);
#220 = EDGE_LOOP('',(#221,#222,#230,#237));
#221 = ORIENTED_EDGE('',*,*,#132,.T.);
#222 = ORIENTED_EDGE('',*,*,#223,.T.);
#223 = EDGE_CURVE('',#133,#224,#226,.T.);
#224 = VERTEX_POINT('',#225);
#225 = CARTESIAN_POINT('',(-0.755,0.4,0.45));
#226 = LINE('',#227,#228);
#227 = CARTESIAN_POINT('',(-0.755,-0.4,0.45));
#228 = VECTOR('',#229,1.);
#229 = DIRECTION('',(0.,1.,0.));
#230 = ORIENTED_EDGE('',*,*,#231,.F.);
#231 = EDGE_CURVE('',#93,#224,#232,.T.);
#232 = CIRCLE('',#233,4.5E-02);
#233 = AXIS2_PLACEMENT_3D('',#234,#235,#236);
#234 = CARTESIAN_POINT('',(-0.755,0.4,0.405));
#235 = DIRECTION('',(0.,1.,0.));
#236 = DIRECTION('',(0.,-0.,1.));
#237 = ORIENTED_EDGE('',*,*,#100,.F.);
#238 = CYLINDRICAL_SURFACE('',#239,4.5E-02);
#239 = AXIS2_PLACEMENT_3D('',#240,#241,#242);
#240 = CARTESIAN_POINT('',(-0.755,-0.4,0.405));
#241 = DIRECTION('',(0.,1.,0.));
#242 = DIRECTION('',(-1.,0.,0.));
#243 = ADVANCED_FACE('',(#244),#305,.T.);
#244 = FACE_BOUND('',#245,.T.);
#245 = EDGE_LOOP('',(#246,#254,#255,#256,#257,#265,#274,#282,#290,#298)
  );
#246 = ORIENTED_EDGE('',*,*,#247,.F.);
#247 = EDGE_CURVE('',#199,#248,#250,.T.);
#248 = VERTEX_POINT('',#249);
#249 = CARTESIAN_POINT('',(-0.545,0.4,-2.775557561563E-17));
#250 = LINE('',#251,#252);
#251 = CARTESIAN_POINT('',(-0.8,0.4,0.));
#252 = VECTOR('',#253,1.);
#253 = DIRECTION('',(1.,0.,0.));
#254 = ORIENTED_EDGE('',*,*,#198,.F.);
#255 = ORIENTED_EDGE('',*,*,#92,.T.);
#256 = ORIENTED_EDGE('',*,*,#231,.T.);
#257 = ORIENTED_EDGE('',*,*,#258,.T.);
#258 = EDGE_CURVE('',#224,#259,#261,.T.);
#259 = VERTEX_POINT('',#260);
#260 = CARTESIAN_POINT('',(-0.545,0.4,0.45));
#261 = LINE('',#262,#263);
#262 = CARTESIAN_POINT('',(-0.8,0.4,0.45));
#263 = VECTOR('',#264,1.);
#264 = DIRECTION('',(1.,0.,0.));
#265 = ORIENTED_EDGE('',*,*,#266,.F.);
#266 = EDGE_CURVE('',#267,#259,#269,.T.);
#267 = VERTEX_POINT('',#268);
#268 = CARTESIAN_POINT('',(-0.5,0.4,0.405));
#269 = CIRCLE('',#270,4.5E-02);
#270 = AXIS2_PLACEMENT_3D('',#271,#272,#273);
#271 = CARTESIAN_POINT('',(-0.545,0.4,0.405));
#272 = DIRECTION('',(0.,-1.,0.));
#273 = DIRECTION('',(0.,0.,1.));
#274 = ORIENTED_EDGE('',*,*,#275,.F.);
#275 = EDGE_CURVE('',#276,#267,#278,.T.);
#276 = VERTEX_POINT('',#277);
#277 = CARTESIAN_POINT('',(-0.755,0.4,0.405));
#278 = LINE('',#279,#280);
#279 = CARTESIAN_POINT('',(-0.755,0.4,0.405));
#280 = VECTOR('',#281,1.);
#281 = DIRECTION('',(1.,0.,0.));
#282 = ORIENTED_EDGE('',*,*,#283,.F.);
#283 = EDGE_CURVE('',#284,#276,#286,.T.);
#284 = VERTEX_POINT('',#285);
#285 = CARTESIAN_POINT('',(-0.755,0.4,4.5E-02));
#286 = LINE('',#287,#288);
#287 = CARTESIAN_POINT('',(-0.755,0.4,4.5E-02));
#288 = VECTOR('',#289,1.);
#289 = DIRECTION('',(0.,0.,1.));
#290 = ORIENTED_EDGE('',*,*,#291,.T.);
#291 = EDGE_CURVE('',#284,#292,#294,.T.);
#292 = VERTEX_POINT('',#293);
#293 = CARTESIAN_POINT('',(-0.5,0.4,4.5E-02));
#294 = LINE('',#295,#296);
#295 = CARTESIAN_POINT('',(-0.755,0.4,4.5E-02));
#296 = VECTOR('',#297,1.);
#297 = DIRECTION('',(1.,0.,0.));
#298 = ORIENTED_EDGE('',*,*,#299,.T.);
#299 = EDGE_CURVE('',#292,#248,#300,.T.);
#300 = CIRCLE('',#301,4.5E-02);
#301 = AXIS2_PLACEMENT_3D('',#302,#303,#304);
#302 = CARTESIAN_POINT('',(-0.545,0.4,4.5E-02));
#303 = DIRECTION('',(0.,1.,0.));
#304 = DIRECTION('',(0.,-0.,1.));
#305 = PLANE('',#306);
#306 = AXIS2_PLACEMENT_3D('',#307,#308,#309);
#307 = CARTESIAN_POINT('',(-0.8,0.4,0.));
#308 = DIRECTION('',(0.,1.,0.));
#309 = DIRECTION('',(0.,-0.,1.));
#310 = ADVANCED_FACE('',(#311),#322,.F.);
#311 = FACE_BOUND('',#312,.F.);
#312 = EDGE_LOOP('',(#313,#314,#315,#316));
#313 = ORIENTED_EDGE('',*,*,#247,.F.);
#314 = ORIENTED_EDGE('',*,*,#207,.F.);
#315 = ORIENTED_EDGE('',*,*,#114,.T.);
#316 = ORIENTED_EDGE('',*,*,#317,.T.);
#317 = EDGE_CURVE('',#117,#248,#318,.T.);
#318 = LINE('',#319,#320);
#319 = CARTESIAN_POINT('',(-0.545,-0.4,-2.775557561563E-17));
#320 = VECTOR('',#321,1.);
#321 = DIRECTION('',(0.,1.,0.));
#322 = PLANE('',#323);
#323 = AXIS2_PLACEMENT_3D('',#324,#325,#326);
#324 = CARTESIAN_POINT('',(-0.8,-0.4,0.));
#325 = DIRECTION('',(0.,0.,1.));
#326 = DIRECTION('',(1.,0.,-0.));
#327 = ADVANCED_FACE('',(#328),#339,.T.);
#328 = FACE_BOUND('',#329,.T.);
#329 = EDGE_LOOP('',(#330,#331,#332,#333));
#330 = ORIENTED_EDGE('',*,*,#182,.T.);
#331 = ORIENTED_EDGE('',*,*,#317,.T.);
#332 = ORIENTED_EDGE('',*,*,#299,.F.);
#333 = ORIENTED_EDGE('',*,*,#334,.F.);
#334 = EDGE_CURVE('',#175,#292,#335,.T.);
#335 = LINE('',#336,#337);
#336 = CARTESIAN_POINT('',(-0.5,-0.4,4.5E-02));
#337 = VECTOR('',#338,1.);
#338 = DIRECTION('',(0.,1.,0.));
#339 = CYLINDRICAL_SURFACE('',#340,4.5E-02);
#340 = AXIS2_PLACEMENT_3D('',#341,#342,#343);
#341 = CARTESIAN_POINT('',(-0.545,-0.4,4.5E-02));
#342 = DIRECTION('',(0.,1.,0.));
#343 = DIRECTION('',(1.,0.,0.));
#344 = ADVANCED_FACE('',(#345),#388,.F.);
#345 = FACE_BOUND('',#346,.F.);
#346 = EDGE_LOOP('',(#347,#348,#349,#350,#358,#366,#374,#382));
#347 = ORIENTED_EDGE('',*,*,#174,.F.);
#348 = ORIENTED_EDGE('',*,*,#166,.T.);
#349 = ORIENTED_EDGE('',*,*,#158,.T.);
#350 = ORIENTED_EDGE('',*,*,#351,.T.);
#351 = EDGE_CURVE('',#150,#352,#354,.T.);
#352 = VERTEX_POINT('',#353);
#353 = CARTESIAN_POINT('',(0.5,-0.4,0.405));
#354 = LINE('',#355,#356);
#355 = CARTESIAN_POINT('',(-0.5,-0.4,0.405));
#356 = VECTOR('',#357,1.);
#357 = DIRECTION('',(1.,0.,0.));
#358 = ORIENTED_EDGE('',*,*,#359,.T.);
#359 = EDGE_CURVE('',#352,#360,#362,.T.);
#360 = VERTEX_POINT('',#361);
#361 = CARTESIAN_POINT('',(0.755,-0.4,0.405));
#362 = LINE('',#363,#364);
#363 = CARTESIAN_POINT('',(-0.755,-0.4,0.405));
#364 = VECTOR('',#365,1.);
#365 = DIRECTION('',(1.,0.,0.));
#366 = ORIENTED_EDGE('',*,*,#367,.F.);
#367 = EDGE_CURVE('',#368,#360,#370,.T.);
#368 = VERTEX_POINT('',#369);
#369 = CARTESIAN_POINT('',(0.755,-0.4,4.5E-02));
#370 = LINE('',#371,#372);
#371 = CARTESIAN_POINT('',(0.755,-0.4,4.5E-02));
#372 = VECTOR('',#373,1.);
#373 = DIRECTION('',(0.,0.,1.));
#374 = ORIENTED_EDGE('',*,*,#375,.F.);
#375 = EDGE_CURVE('',#376,#368,#378,.T.);
#376 = VERTEX_POINT('',#377);
#377 = CARTESIAN_POINT('',(0.5,-0.4,4.5E-02));
#378 = LINE('',#379,#380);
#379 = CARTESIAN_POINT('',(-0.755,-0.4,4.5E-02));
#380 = VECTOR('',#381,1.);
#381 = DIRECTION('',(1.,0.,0.));
#382 = ORIENTED_EDGE('',*,*,#383,.F.);
#383 = EDGE_CURVE('',#175,#376,#384,.T.);
#384 = LINE('',#385,#386);
#385 = CARTESIAN_POINT('',(-0.755,-0.4,4.5E-02));
#386 = VECTOR('',#387,1.);
#387 = DIRECTION('',(1.,0.,0.));
#388 = PLANE('',#389);
#389 = AXIS2_PLACEMENT_3D('',#390,#391,#392);
#390 = CARTESIAN_POINT('',(-0.755,-0.4,4.5E-02));
#391 = DIRECTION('',(0.,1.,0.));
#392 = DIRECTION('',(0.,-0.,1.));
#393 = ADVANCED_FACE('',(#394),#405,.T.);
#394 = FACE_BOUND('',#395,.T.);
#395 = EDGE_LOOP('',(#396,#397,#398,#399));
#396 = ORIENTED_EDGE('',*,*,#258,.F.);
#397 = ORIENTED_EDGE('',*,*,#223,.F.);
#398 = ORIENTED_EDGE('',*,*,#141,.T.);
#399 = ORIENTED_EDGE('',*,*,#400,.T.);
#400 = EDGE_CURVE('',#142,#259,#401,.T.);
#401 = LINE('',#402,#403);
#402 = CARTESIAN_POINT('',(-0.545,-0.4,0.45));
#403 = VECTOR('',#404,1.);
#404 = DIRECTION('',(0.,1.,0.));
#405 = PLANE('',#406);
#406 = AXIS2_PLACEMENT_3D('',#407,#408,#409);
#407 = CARTESIAN_POINT('',(-0.8,-0.4,0.45));
#408 = DIRECTION('',(0.,0.,1.));
#409 = DIRECTION('',(1.,0.,-0.));
#410 = ADVANCED_FACE('',(#411),#422,.T.);
#411 = FACE_BOUND('',#412,.T.);
#412 = EDGE_LOOP('',(#413,#419,#420,#421));
#413 = ORIENTED_EDGE('',*,*,#414,.T.);
#414 = EDGE_CURVE('',#150,#267,#415,.T.);
#415 = LINE('',#416,#417);
#416 = CARTESIAN_POINT('',(-0.5,-0.4,0.405));
#417 = VECTOR('',#418,1.);
#418 = DIRECTION('',(0.,1.,0.));
#419 = ORIENTED_EDGE('',*,*,#266,.T.);
#420 = ORIENTED_EDGE('',*,*,#400,.F.);
#421 = ORIENTED_EDGE('',*,*,#149,.F.);
#422 = CYLINDRICAL_SURFACE('',#423,4.5E-02);
#423 = AXIS2_PLACEMENT_3D('',#424,#425,#426);
#424 = CARTESIAN_POINT('',(-0.545,-0.4,0.405));
#425 = DIRECTION('',(0.,1.,0.));
#426 = DIRECTION('',(1.,0.,0.));
#427 = ADVANCED_FACE('',(#428),#471,.T.);
#428 = FACE_BOUND('',#429,.T.);
#429 = EDGE_LOOP('',(#430,#431,#432,#433,#441,#449,#457,#465));
#430 = ORIENTED_EDGE('',*,*,#291,.F.);
#431 = ORIENTED_EDGE('',*,*,#283,.T.);
#432 = ORIENTED_EDGE('',*,*,#275,.T.);
#433 = ORIENTED_EDGE('',*,*,#434,.T.);
#434 = EDGE_CURVE('',#267,#435,#437,.T.);
#435 = VERTEX_POINT('',#436);
#436 = CARTESIAN_POINT('',(0.5,0.4,0.405));
#437 = LINE('',#438,#439);
#438 = CARTESIAN_POINT('',(-0.5,0.4,0.405));
#439 = VECTOR('',#440,1.);
#440 = DIRECTION('',(1.,0.,0.));
#441 = ORIENTED_EDGE('',*,*,#442,.T.);
#442 = EDGE_CURVE('',#435,#443,#445,.T.);
#443 = VERTEX_POINT('',#444);
#444 = CARTESIAN_POINT('',(0.755,0.4,0.405));
#445 = LINE('',#446,#447);
#446 = CARTESIAN_POINT('',(-0.755,0.4,0.405));
#447 = VECTOR('',#448,1.);
#448 = DIRECTION('',(1.,0.,0.));
#449 = ORIENTED_EDGE('',*,*,#450,.F.);
#450 = EDGE_CURVE('',#451,#443,#453,.T.);
#451 = VERTEX_POINT('',#452);
#452 = CARTESIAN_POINT('',(0.755,0.4,4.5E-02));
#453 = LINE('',#454,#455);
#454 = CARTESIAN_POINT('',(0.755,0.4,4.5E-02));
#455 = VECTOR('',#456,1.);
#456 = DIRECTION('',(0.,0.,1.));
#457 = ORIENTED_EDGE('',*,*,#458,.F.);
#458 = EDGE_CURVE('',#459,#451,#461,.T.);
#459 = VERTEX_POINT('',#460);
#460 = CARTESIAN_POINT('',(0.5,0.4,4.5E-02));
#461 = LINE('',#462,#463);
#462 = CARTESIAN_POINT('',(-0.755,0.4,4.5E-02));
#463 = VECTOR('',#464,1.);
#464 = DIRECTION('',(1.,0.,0.));
#465 = ORIENTED_EDGE('',*,*,#466,.F.);
#466 = EDGE_CURVE('',#292,#459,#467,.T.);
#467 = LINE('',#468,#469);
#468 = CARTESIAN_POINT('',(-0.755,0.4,4.5E-02));
#469 = VECTOR('',#470,1.);
#470 = DIRECTION('',(1.,0.,0.));
#471 = PLANE('',#472);
#472 = AXIS2_PLACEMENT_3D('',#473,#474,#475);
#473 = CARTESIAN_POINT('',(-0.755,0.4,4.5E-02));
#474 = DIRECTION('',(0.,1.,0.));
#475 = DIRECTION('',(0.,-0.,1.));
#476 = ADVANCED_FACE('',(#477),#488,.F.);
#477 = FACE_BOUND('',#478,.F.);
#478 = EDGE_LOOP('',(#479,#480,#481,#487));
#479 = ORIENTED_EDGE('',*,*,#334,.F.);
#480 = ORIENTED_EDGE('',*,*,#383,.T.);
#481 = ORIENTED_EDGE('',*,*,#482,.T.);
#482 = EDGE_CURVE('',#376,#459,#483,.T.);
#483 = LINE('',#484,#485);
#484 = CARTESIAN_POINT('',(0.5,-0.4,4.5E-02));
#485 = VECTOR('',#486,1.);
#486 = DIRECTION('',(0.,1.,0.));
#487 = ORIENTED_EDGE('',*,*,#466,.F.);
#488 = PLANE('',#489);
#489 = AXIS2_PLACEMENT_3D('',#490,#491,#492);
#490 = CARTESIAN_POINT('',(-0.755,-0.4,4.5E-02));
#491 = DIRECTION('',(0.,0.,1.));
#492 = DIRECTION('',(1.,0.,-0.));
#493 = ADVANCED_FACE('',(#494),#557,.F.);
#494 = FACE_BOUND('',#495,.F.);
#495 = EDGE_LOOP('',(#496,#506,#513,#514,#515,#516,#525,#533,#542,#550)
  );
#496 = ORIENTED_EDGE('',*,*,#497,.F.);
#497 = EDGE_CURVE('',#498,#500,#502,.T.);
#498 = VERTEX_POINT('',#499);
#499 = CARTESIAN_POINT('',(0.545,-0.4,-2.775557561563E-17));
#500 = VERTEX_POINT('',#501);
#501 = CARTESIAN_POINT('',(0.755,-0.4,-2.775557561563E-17));
#502 = LINE('',#503,#504);
#503 = CARTESIAN_POINT('',(0.5,-0.4,0.));
#504 = VECTOR('',#505,1.);
#505 = DIRECTION('',(1.,0.,0.));
#506 = ORIENTED_EDGE('',*,*,#507,.F.);
#507 = EDGE_CURVE('',#376,#498,#508,.T.);
#508 = CIRCLE('',#509,4.5E-02);
#509 = AXIS2_PLACEMENT_3D('',#510,#511,#512);
#510 = CARTESIAN_POINT('',(0.545,-0.4,4.5E-02));
#511 = DIRECTION('',(0.,-1.,0.));
#512 = DIRECTION('',(0.,0.,1.));
#513 = ORIENTED_EDGE('',*,*,#375,.T.);
#514 = ORIENTED_EDGE('',*,*,#367,.T.);
#515 = ORIENTED_EDGE('',*,*,#359,.F.);
#516 = ORIENTED_EDGE('',*,*,#517,.T.);
#517 = EDGE_CURVE('',#352,#518,#520,.T.);
#518 = VERTEX_POINT('',#519);
#519 = CARTESIAN_POINT('',(0.545,-0.4,0.45));
#520 = CIRCLE('',#521,4.5E-02);
#521 = AXIS2_PLACEMENT_3D('',#522,#523,#524);
#522 = CARTESIAN_POINT('',(0.545,-0.4,0.405));
#523 = DIRECTION('',(0.,1.,0.));
#524 = DIRECTION('',(0.,-0.,1.));
#525 = ORIENTED_EDGE('',*,*,#526,.T.);
#526 = EDGE_CURVE('',#518,#527,#529,.T.);
#527 = VERTEX_POINT('',#528);
#528 = CARTESIAN_POINT('',(0.755,-0.4,0.45));
#529 = LINE('',#530,#531);
#530 = CARTESIAN_POINT('',(0.5,-0.4,0.45));
#531 = VECTOR('',#532,1.);
#532 = DIRECTION('',(1.,0.,0.));
#533 = ORIENTED_EDGE('',*,*,#534,.F.);
#534 = EDGE_CURVE('',#535,#527,#537,.T.);
#535 = VERTEX_POINT('',#536);
#536 = CARTESIAN_POINT('',(0.8,-0.4,0.405));
#537 = CIRCLE('',#538,4.5E-02);
#538 = AXIS2_PLACEMENT_3D('',#539,#540,#541);
#539 = CARTESIAN_POINT('',(0.755,-0.4,0.405));
#540 = DIRECTION('',(0.,-1.,0.));
#541 = DIRECTION('',(0.,0.,1.));
#542 = ORIENTED_EDGE('',*,*,#543,.F.);
#543 = EDGE_CURVE('',#544,#535,#546,.T.);
#544 = VERTEX_POINT('',#545);
#545 = CARTESIAN_POINT('',(0.8,-0.4,4.5E-02));
#546 = LINE('',#547,#548);
#547 = CARTESIAN_POINT('',(0.8,-0.4,0.));
#548 = VECTOR('',#549,1.);
#549 = DIRECTION('',(0.,0.,1.));
#550 = ORIENTED_EDGE('',*,*,#551,.T.);
#551 = EDGE_CURVE('',#544,#500,#552,.T.);
#552 = CIRCLE('',#553,4.5E-02);
#553 = AXIS2_PLACEMENT_3D('',#554,#555,#556);
#554 = CARTESIAN_POINT('',(0.755,-0.4,4.5E-02));
#555 = DIRECTION('',(0.,1.,0.));
#556 = DIRECTION('',(0.,-0.,1.));
#557 = PLANE('',#558);
#558 = AXIS2_PLACEMENT_3D('',#559,#560,#561);
#559 = CARTESIAN_POINT('',(0.5,-0.4,0.));
#560 = DIRECTION('',(0.,1.,0.));
#561 = DIRECTION('',(0.,-0.,1.));
#562 = ADVANCED_FACE('',(#563),#588,.F.);
#563 = FACE_BOUND('',#564,.F.);
#564 = EDGE_LOOP('',(#565,#566,#574,#582));
#565 = ORIENTED_EDGE('',*,*,#351,.F.);
#566 = ORIENTED_EDGE('',*,*,#567,.T.);
#567 = EDGE_CURVE('',#150,#568,#570,.T.);
#568 = VERTEX_POINT('',#569);
#569 = CARTESIAN_POINT('',(-0.5,-0.4,0.45));
#570 = LINE('',#571,#572);
#571 = CARTESIAN_POINT('',(-0.5,-0.4,0.405));
#572 = VECTOR('',#573,1.);
#573 = DIRECTION('',(0.,0.,1.));
#574 = ORIENTED_EDGE('',*,*,#575,.T.);
#575 = EDGE_CURVE('',#568,#576,#578,.T.);
#576 = VERTEX_POINT('',#577);
#577 = CARTESIAN_POINT('',(0.5,-0.4,0.45));
#578 = LINE('',#579,#580);
#579 = CARTESIAN_POINT('',(-0.5,-0.4,0.45));
#580 = VECTOR('',#581,1.);
#581 = DIRECTION('',(1.,0.,0.));
#582 = ORIENTED_EDGE('',*,*,#583,.F.);
#583 = EDGE_CURVE('',#352,#576,#584,.T.);
#584 = LINE('',#585,#586);
#585 = CARTESIAN_POINT('',(0.5,-0.4,0.405));
#586 = VECTOR('',#587,1.);
#587 = DIRECTION('',(0.,0.,1.));
#588 = PLANE('',#589);
#589 = AXIS2_PLACEMENT_3D('',#590,#591,#592);
#590 = CARTESIAN_POINT('',(-0.5,-0.4,0.405));
#591 = DIRECTION('',(0.,1.,0.));
#592 = DIRECTION('',(0.,-0.,1.));
#593 = ADVANCED_FACE('',(#594),#612,.F.);
#594 = FACE_BOUND('',#595,.F.);
#595 = EDGE_LOOP('',(#596,#597,#598,#606));
#596 = ORIENTED_EDGE('',*,*,#567,.F.);
#597 = ORIENTED_EDGE('',*,*,#414,.T.);
#598 = ORIENTED_EDGE('',*,*,#599,.T.);
#599 = EDGE_CURVE('',#267,#600,#602,.T.);
#600 = VERTEX_POINT('',#601);
#601 = CARTESIAN_POINT('',(-0.5,0.4,0.45));
#602 = LINE('',#603,#604);
#603 = CARTESIAN_POINT('',(-0.5,0.4,0.405));
#604 = VECTOR('',#605,1.);
#605 = DIRECTION('',(0.,0.,1.));
#606 = ORIENTED_EDGE('',*,*,#607,.F.);
#607 = EDGE_CURVE('',#568,#600,#608,.T.);
#608 = LINE('',#609,#610);
#609 = CARTESIAN_POINT('',(-0.5,-0.4,0.45));
#610 = VECTOR('',#611,1.);
#611 = DIRECTION('',(0.,1.,0.));
#612 = PLANE('',#613);
#613 = AXIS2_PLACEMENT_3D('',#614,#615,#616);
#614 = CARTESIAN_POINT('',(-0.5,-0.4,0.405));
#615 = DIRECTION('',(1.,0.,0.));
#616 = DIRECTION('',(0.,0.,1.));
#617 = ADVANCED_FACE('',(#618),#681,.T.);
#618 = FACE_BOUND('',#619,.T.);
#619 = EDGE_LOOP('',(#620,#630,#637,#638,#639,#640,#649,#657,#666,#674)
  );
#620 = ORIENTED_EDGE('',*,*,#621,.F.);
#621 = EDGE_CURVE('',#622,#624,#626,.T.);
#622 = VERTEX_POINT('',#623);
#623 = CARTESIAN_POINT('',(0.545,0.4,-2.775557561563E-17));
#624 = VERTEX_POINT('',#625);
#625 = CARTESIAN_POINT('',(0.755,0.4,-2.775557561563E-17));
#626 = LINE('',#627,#628);
#627 = CARTESIAN_POINT('',(0.5,0.4,0.));
#628 = VECTOR('',#629,1.);
#629 = DIRECTION('',(1.,0.,0.));
#630 = ORIENTED_EDGE('',*,*,#631,.F.);
#631 = EDGE_CURVE('',#459,#622,#632,.T.);
#632 = CIRCLE('',#633,4.5E-02);
#633 = AXIS2_PLACEMENT_3D('',#634,#635,#636);
#634 = CARTESIAN_POINT('',(0.545,0.4,4.5E-02));
#635 = DIRECTION('',(0.,-1.,0.));
#636 = DIRECTION('',(0.,0.,1.));
#637 = ORIENTED_EDGE('',*,*,#458,.T.);
#638 = ORIENTED_EDGE('',*,*,#450,.T.);
#639 = ORIENTED_EDGE('',*,*,#442,.F.);
#640 = ORIENTED_EDGE('',*,*,#641,.T.);
#641 = EDGE_CURVE('',#435,#642,#644,.T.);
#642 = VERTEX_POINT('',#643);
#643 = CARTESIAN_POINT('',(0.545,0.4,0.45));
#644 = CIRCLE('',#645,4.5E-02);
#645 = AXIS2_PLACEMENT_3D('',#646,#647,#648);
#646 = CARTESIAN_POINT('',(0.545,0.4,0.405));
#647 = DIRECTION('',(0.,1.,0.));
#648 = DIRECTION('',(0.,-0.,1.));
#649 = ORIENTED_EDGE('',*,*,#650,.T.);
#650 = EDGE_CURVE('',#642,#651,#653,.T.);
#651 = VERTEX_POINT('',#652);
#652 = CARTESIAN_POINT('',(0.755,0.4,0.45));
#653 = LINE('',#654,#655);
#654 = CARTESIAN_POINT('',(0.5,0.4,0.45));
#655 = VECTOR('',#656,1.);
#656 = DIRECTION('',(1.,0.,0.));
#657 = ORIENTED_EDGE('',*,*,#658,.F.);
#658 = EDGE_CURVE('',#659,#651,#661,.T.);
#659 = VERTEX_POINT('',#660);
#660 = CARTESIAN_POINT('',(0.8,0.4,0.405));
#661 = CIRCLE('',#662,4.5E-02);
#662 = AXIS2_PLACEMENT_3D('',#663,#664,#665);
#663 = CARTESIAN_POINT('',(0.755,0.4,0.405));
#664 = DIRECTION('',(0.,-1.,0.));
#665 = DIRECTION('',(0.,0.,1.));
#666 = ORIENTED_EDGE('',*,*,#667,.F.);
#667 = EDGE_CURVE('',#668,#659,#670,.T.);
#668 = VERTEX_POINT('',#669);
#669 = CARTESIAN_POINT('',(0.8,0.4,4.5E-02));
#670 = LINE('',#671,#672);
#671 = CARTESIAN_POINT('',(0.8,0.4,0.));
#672 = VECTOR('',#673,1.);
#673 = DIRECTION('',(0.,0.,1.));
#674 = ORIENTED_EDGE('',*,*,#675,.T.);
#675 = EDGE_CURVE('',#668,#624,#676,.T.);
#676 = CIRCLE('',#677,4.5E-02);
#677 = AXIS2_PLACEMENT_3D('',#678,#679,#680);
#678 = CARTESIAN_POINT('',(0.755,0.4,4.5E-02));
#679 = DIRECTION('',(0.,1.,0.));
#680 = DIRECTION('',(0.,-0.,1.));
#681 = PLANE('',#682);
#682 = AXIS2_PLACEMENT_3D('',#683,#684,#685);
#683 = CARTESIAN_POINT('',(0.5,0.4,0.));
#684 = DIRECTION('',(0.,1.,0.));
#685 = DIRECTION('',(0.,-0.,1.));
#686 = ADVANCED_FACE('',(#687),#705,.T.);
#687 = FACE_BOUND('',#688,.T.);
#688 = EDGE_LOOP('',(#689,#690,#691,#699));
#689 = ORIENTED_EDGE('',*,*,#434,.F.);
#690 = ORIENTED_EDGE('',*,*,#599,.T.);
#691 = ORIENTED_EDGE('',*,*,#692,.T.);
#692 = EDGE_CURVE('',#600,#693,#695,.T.);
#693 = VERTEX_POINT('',#694);
#694 = CARTESIAN_POINT('',(0.5,0.4,0.45));
#695 = LINE('',#696,#697);
#696 = CARTESIAN_POINT('',(-0.5,0.4,0.45));
#697 = VECTOR('',#698,1.);
#698 = DIRECTION('',(1.,0.,0.));
#699 = ORIENTED_EDGE('',*,*,#700,.F.);
#700 = EDGE_CURVE('',#435,#693,#701,.T.);
#701 = LINE('',#702,#703);
#702 = CARTESIAN_POINT('',(0.5,0.4,0.405));
#703 = VECTOR('',#704,1.);
#704 = DIRECTION('',(0.,0.,1.));
#705 = PLANE('',#706);
#706 = AXIS2_PLACEMENT_3D('',#707,#708,#709);
#707 = CARTESIAN_POINT('',(-0.5,0.4,0.405));
#708 = DIRECTION('',(0.,1.,0.));
#709 = DIRECTION('',(0.,-0.,1.));
#710 = ADVANCED_FACE('',(#711),#722,.T.);
#711 = FACE_BOUND('',#712,.T.);
#712 = EDGE_LOOP('',(#713,#714,#715,#721));
#713 = ORIENTED_EDGE('',*,*,#482,.T.);
#714 = ORIENTED_EDGE('',*,*,#631,.T.);
#715 = ORIENTED_EDGE('',*,*,#716,.F.);
#716 = EDGE_CURVE('',#498,#622,#717,.T.);
#717 = LINE('',#718,#719);
#718 = CARTESIAN_POINT('',(0.545,-0.4,-2.775557561563E-17));
#719 = VECTOR('',#720,1.);
#720 = DIRECTION('',(0.,1.,0.));
#721 = ORIENTED_EDGE('',*,*,#507,.F.);
#722 = CYLINDRICAL_SURFACE('',#723,4.5E-02);
#723 = AXIS2_PLACEMENT_3D('',#724,#725,#726);
#724 = CARTESIAN_POINT('',(0.545,-0.4,4.5E-02));
#725 = DIRECTION('',(0.,1.,0.));
#726 = DIRECTION('',(-1.,0.,0.));
#727 = ADVANCED_FACE('',(#728),#739,.F.);
#728 = FACE_BOUND('',#729,.F.);
#729 = EDGE_LOOP('',(#730,#731,#732,#733));
#730 = ORIENTED_EDGE('',*,*,#621,.F.);
#731 = ORIENTED_EDGE('',*,*,#716,.F.);
#732 = ORIENTED_EDGE('',*,*,#497,.T.);
#733 = ORIENTED_EDGE('',*,*,#734,.T.);
#734 = EDGE_CURVE('',#500,#624,#735,.T.);
#735 = LINE('',#736,#737);
#736 = CARTESIAN_POINT('',(0.755,-0.4,-2.775557561563E-17));
#737 = VECTOR('',#738,1.);
#738 = DIRECTION('',(0.,1.,0.));
#739 = PLANE('',#740);
#740 = AXIS2_PLACEMENT_3D('',#741,#742,#743);
#741 = CARTESIAN_POINT('',(0.5,-0.4,0.));
#742 = DIRECTION('',(0.,0.,1.));
#743 = DIRECTION('',(1.,0.,-0.));
#744 = ADVANCED_FACE('',(#745),#756,.T.);
#745 = FACE_BOUND('',#746,.T.);
#746 = EDGE_LOOP('',(#747,#748,#749,#750));
#747 = ORIENTED_EDGE('',*,*,#551,.T.);
#748 = ORIENTED_EDGE('',*,*,#734,.T.);
#749 = ORIENTED_EDGE('',*,*,#675,.F.);
#750 = ORIENTED_EDGE('',*,*,#751,.F.);
#751 = EDGE_CURVE('',#544,#668,#752,.T.);
#752 = LINE('',#753,#754);
#753 = CARTESIAN_POINT('',(0.8,-0.4,4.5E-02));
#754 = VECTOR('',#755,1.);
#755 = DIRECTION('',(0.,1.,0.));
#756 = CYLINDRICAL_SURFACE('',#757,4.5E-02);
#757 = AXIS2_PLACEMENT_3D('',#758,#759,#760);
#758 = CARTESIAN_POINT('',(0.755,-0.4,4.5E-02));
#759 = DIRECTION('',(0.,1.,0.));
#760 = DIRECTION('',(1.,0.,0.));
#761 = ADVANCED_FACE('',(#762),#773,.T.);
#762 = FACE_BOUND('',#763,.T.);
#763 = EDGE_LOOP('',(#764,#765,#766,#767));
#764 = ORIENTED_EDGE('',*,*,#543,.F.);
#765 = ORIENTED_EDGE('',*,*,#751,.T.);
#766 = ORIENTED_EDGE('',*,*,#667,.T.);
#767 = ORIENTED_EDGE('',*,*,#768,.F.);
#768 = EDGE_CURVE('',#535,#659,#769,.T.);
#769 = LINE('',#770,#771);
#770 = CARTESIAN_POINT('',(0.8,-0.4,0.405));
#771 = VECTOR('',#772,1.);
#772 = DIRECTION('',(0.,1.,0.));
#773 = PLANE('',#774);
#774 = AXIS2_PLACEMENT_3D('',#775,#776,#777);
#775 = CARTESIAN_POINT('',(0.8,-0.4,0.));
#776 = DIRECTION('',(1.,0.,0.));
#777 = DIRECTION('',(0.,0.,1.));
#778 = ADVANCED_FACE('',(#779),#790,.T.);
#779 = FACE_BOUND('',#780,.T.);
#780 = EDGE_LOOP('',(#781,#782,#783,#789));
#781 = ORIENTED_EDGE('',*,*,#768,.T.);
#782 = ORIENTED_EDGE('',*,*,#658,.T.);
#783 = ORIENTED_EDGE('',*,*,#784,.F.);
#784 = EDGE_CURVE('',#527,#651,#785,.T.);
#785 = LINE('',#786,#787);
#786 = CARTESIAN_POINT('',(0.755,-0.4,0.45));
#787 = VECTOR('',#788,1.);
#788 = DIRECTION('',(0.,1.,0.));
#789 = ORIENTED_EDGE('',*,*,#534,.F.);
#790 = CYLINDRICAL_SURFACE('',#791,4.5E-02);
#791 = AXIS2_PLACEMENT_3D('',#792,#793,#794);
#792 = CARTESIAN_POINT('',(0.755,-0.4,0.405));
#793 = DIRECTION('',(0.,1.,0.));
#794 = DIRECTION('',(1.,0.,0.));
#795 = ADVANCED_FACE('',(#796),#807,.T.);
#796 = FACE_BOUND('',#797,.T.);
#797 = EDGE_LOOP('',(#798,#799,#805,#806));
#798 = ORIENTED_EDGE('',*,*,#650,.F.);
#799 = ORIENTED_EDGE('',*,*,#800,.F.);
#800 = EDGE_CURVE('',#518,#642,#801,.T.);
#801 = LINE('',#802,#803);
#802 = CARTESIAN_POINT('',(0.545,-0.4,0.45));
#803 = VECTOR('',#804,1.);
#804 = DIRECTION('',(0.,1.,0.));
#805 = ORIENTED_EDGE('',*,*,#526,.T.);
#806 = ORIENTED_EDGE('',*,*,#784,.T.);
#807 = PLANE('',#808);
#808 = AXIS2_PLACEMENT_3D('',#809,#810,#811);
#809 = CARTESIAN_POINT('',(0.5,-0.4,0.45));
#810 = DIRECTION('',(0.,0.,1.));
#811 = DIRECTION('',(1.,0.,-0.));
#812 = ADVANCED_FACE('',(#813),#824,.T.);
#813 = FACE_BOUND('',#814,.T.);
#814 = EDGE_LOOP('',(#815,#816,#817,#818));
#815 = ORIENTED_EDGE('',*,*,#517,.T.);
#816 = ORIENTED_EDGE('',*,*,#800,.T.);
#817 = ORIENTED_EDGE('',*,*,#641,.F.);
#818 = ORIENTED_EDGE('',*,*,#819,.F.);
#819 = EDGE_CURVE('',#352,#435,#820,.T.);
#820 = LINE('',#821,#822);
#821 = CARTESIAN_POINT('',(0.5,-0.4,0.405));
#822 = VECTOR('',#823,1.);
#823 = DIRECTION('',(0.,1.,0.));
#824 = CYLINDRICAL_SURFACE('',#825,4.5E-02);
#825 = AXIS2_PLACEMENT_3D('',#826,#827,#828);
#826 = CARTESIAN_POINT('',(0.545,-0.4,0.405));
#827 = DIRECTION('',(0.,1.,0.));
#828 = DIRECTION('',(-1.,0.,0.));
#829 = ADVANCED_FACE('',(#830),#841,.T.);
#830 = FACE_BOUND('',#831,.T.);
#831 = EDGE_LOOP('',(#832,#833,#834,#835));
#832 = ORIENTED_EDGE('',*,*,#583,.F.);
#833 = ORIENTED_EDGE('',*,*,#819,.T.);
#834 = ORIENTED_EDGE('',*,*,#700,.T.);
#835 = ORIENTED_EDGE('',*,*,#836,.F.);
#836 = EDGE_CURVE('',#576,#693,#837,.T.);
#837 = LINE('',#838,#839);
#838 = CARTESIAN_POINT('',(0.5,-0.4,0.45));
#839 = VECTOR('',#840,1.);
#840 = DIRECTION('',(0.,1.,0.));
#841 = PLANE('',#842);
#842 = AXIS2_PLACEMENT_3D('',#843,#844,#845);
#843 = CARTESIAN_POINT('',(0.5,-0.4,0.405));
#844 = DIRECTION('',(1.,0.,0.));
#845 = DIRECTION('',(0.,0.,1.));
#846 = ADVANCED_FACE('',(#847),#853,.T.);
#847 = FACE_BOUND('',#848,.T.);
#848 = EDGE_LOOP('',(#849,#850,#851,#852));
#849 = ORIENTED_EDGE('',*,*,#607,.F.);
#850 = ORIENTED_EDGE('',*,*,#575,.T.);
#851 = ORIENTED_EDGE('',*,*,#836,.T.);
#852 = ORIENTED_EDGE('',*,*,#692,.F.);
#853 = PLANE('',#854);
#854 = AXIS2_PLACEMENT_3D('',#855,#856,#857);
#855 = CARTESIAN_POINT('',(-0.5,-0.4,0.45));
#856 = DIRECTION('',(0.,0.,1.));
#857 = DIRECTION('',(1.,0.,-0.));
#858 = ( GEOMETRIC_REPRESENTATION_CONTEXT(3) 
GLOBAL_UNCERTAINTY_ASSIGNED_CONTEXT((#862)) GLOBAL_UNIT_ASSIGNED_CONTEXT
((#859,#860,#861)) REPRESENTATION_CONTEXT('Context #1',
  '3D Context with UNIT and UNCERTAINTY') );
#859 = ( LENGTH_UNIT() NAMED_UNIT(*) SI_UNIT(.MILLI.,.METRE.) );
#860 = ( NAMED_UNIT(*) PLANE_ANGLE_UNIT() SI_UNIT($,.RADIAN.) );
#861 = ( NAMED_UNIT(*) SI_UNIT($,.STERADIAN.) SOLID_ANGLE_UNIT() );
#862 = UNCERTAINTY_MEASURE_WITH_UNIT(LENGTH_MEASURE(1.E-07),#859,
  'distance_accuracy_value','confusion accuracy');
#863 = CONTEXT_DEPENDENT_SHAPE_REPRESENTATION(#864,#866);
#864 = ( REPRESENTATION_RELATIONSHIP('','',#67,#44) 
REPRESENTATION_RELATIONSHIP_WITH_TRANSFORMATION(#865) 
SHAPE_REPRESENTATION_RELATIONSHIP() );
#865 = ITEM_DEFINED_TRANSFORMATION('','',#11,#45);
#866 = PRODUCT_DEFINITION_SHAPE('Placement','Placement of an item',#867
  );
#867 = NEXT_ASSEMBLY_USAGE_OCCURRENCE('1','=>[0:1:1:3]','',#39,#62,$);
#868 = PRODUCT_RELATED_PRODUCT_CATEGORY('part',$,(#64));
#869 = CONTEXT_DEPENDENT_SHAPE_REPRESENTATION(#870,#872);
#870 = ( REPRESENTATION_RELATIONSHIP('','',#44,#10) 
REPRESENTATION_RELATIONSHIP_WITH_TRANSFORMATION(#871) 
SHAPE_REPRESENTATION_RELATIONSHIP() );
#871 = ITEM_DEFINED_TRANSFORMATION('','',#11,#19);
#872 = PRODUCT_DEFINITION_SHAPE('Placement','Placement of an item',#873
  );
#873 = NEXT_ASSEMBLY_USAGE_OCCURRENCE('3','R902','',#5,#39,$);
#874 = SHAPE_DEFINITION_REPRESENTATION(#875,#881);
#875 = PRODUCT_DEFINITION_SHAPE('','',#876);
#876 = PRODUCT_DEFINITION('design','',#877,#880);
#877 = PRODUCT_DEFINITION_FORMATION('','',#878);
#878 = PRODUCT('Trimix_USB_Input_pad','Trimix_USB_Input_pad','',(#879));
#879 = PRODUCT_CONTEXT('',#2,'mechanical');
#880 = PRODUCT_DEFINITION_CONTEXT('part definition',#2,'design');
#881 = SHAPE_REPRESENTATION('',(#11,#882,#1172,#1462,#1554,#1646,#1738,
    #1991,#2244,#2497,#2589,#2681,#2773,#3026,#3320,#3614,#3908,#4202,
    #4496,#4790,#5084,#5378,#5672,#5966,#6260,#6554,#6646,#6738,#6830,
    #6980,#7130,#7280,#7430,#7759,#8088,#8180,#8470,#8620,#8910,#9060,
    #9210,#9360,#9510,#9660,#9810),#9960);
#882 = MANIFOLD_SOLID_BREP('',#883);
#883 = CLOSED_SHELL('',(#884,#926,#957,#990,#1021,#1054,#1085,#1118,
    #1140,#1156));
#884 = ADVANCED_FACE('',(#885),#921,.T.);
#885 = FACE_BOUND('',#886,.T.);
#886 = EDGE_LOOP('',(#887,#897,#906,#914));
#887 = ORIENTED_EDGE('',*,*,#888,.T.);
#888 = EDGE_CURVE('',#889,#891,#893,.T.);
#889 = VERTEX_POINT('',#890);
#890 = CARTESIAN_POINT('',(6.275,-6.275,0.51));
#891 = VERTEX_POINT('',#892);
#892 = CARTESIAN_POINT('',(6.275,-6.275,0.55));
#893 = LINE('',#894,#895);
#894 = CARTESIAN_POINT('',(6.275,-6.275,0.51));
#895 = VECTOR('',#896,1.);
#896 = DIRECTION('',(0.,0.,1.));
#897 = ORIENTED_EDGE('',*,*,#898,.T.);
#898 = EDGE_CURVE('',#891,#899,#901,.T.);
#899 = VERTEX_POINT('',#900);
#900 = CARTESIAN_POINT('',(6.475,-6.075,0.55));
#901 = CIRCLE('',#902,0.200001216283);
#902 = AXIS2_PLACEMENT_3D('',#903,#904,#905);
#903 = CARTESIAN_POINT('',(6.475001216279,-6.275001216279,0.55));
#904 = DIRECTION('',(0.,0.,-1.));
#905 = DIRECTION('',(-0.999999999982,6.08135892359E-06,0.));
#906 = ORIENTED_EDGE('',*,*,#907,.F.);
#907 = EDGE_CURVE('',#908,#899,#910,.T.);
#908 = VERTEX_POINT('',#909);
#909 = CARTESIAN_POINT('',(6.475,-6.075,0.51));
#910 = LINE('',#911,#912);
#911 = CARTESIAN_POINT('',(6.475,-6.075,0.51));
#912 = VECTOR('',#913,1.);
#913 = DIRECTION('',(0.,0.,1.));
#914 = ORIENTED_EDGE('',*,*,#915,.F.);
#915 = EDGE_CURVE('',#889,#908,#916,.T.);
#916 = CIRCLE('',#917,0.200001216283);
#917 = AXIS2_PLACEMENT_3D('',#918,#919,#920);
#918 = CARTESIAN_POINT('',(6.475001216279,-6.275001216279,0.51));
#919 = DIRECTION('',(0.,0.,-1.));
#920 = DIRECTION('',(-0.999999999982,6.08135892359E-06,0.));
#921 = CYLINDRICAL_SURFACE('',#922,0.200001216283);
#922 = AXIS2_PLACEMENT_3D('',#923,#924,#925);
#923 = CARTESIAN_POINT('',(6.475001216279,-6.275001216279,0.51));
#924 = DIRECTION('',(0.,0.,-1.));
#925 = DIRECTION('',(-0.999999999982,6.08135892359E-06,0.));
#926 = ADVANCED_FACE('',(#927),#952,.T.);
#927 = FACE_BOUND('',#928,.T.);
#928 = EDGE_LOOP('',(#929,#930,#938,#946));
#929 = ORIENTED_EDGE('',*,*,#907,.T.);
#930 = ORIENTED_EDGE('',*,*,#931,.T.);
#931 = EDGE_CURVE('',#899,#932,#934,.T.);
#932 = VERTEX_POINT('',#933);
#933 = CARTESIAN_POINT('',(7.025,-6.075,0.55));
#934 = LINE('',#935,#936);
#935 = CARTESIAN_POINT('',(6.475,-6.075,0.55));
#936 = VECTOR('',#937,1.);
#937 = DIRECTION('',(1.,0.,0.));
#938 = ORIENTED_EDGE('',*,*,#939,.F.);
#939 = EDGE_CURVE('',#940,#932,#942,.T.);
#940 = VERTEX_POINT('',#941);
#941 = CARTESIAN_POINT('',(7.025,-6.075,0.51));
#942 = LINE('',#943,#944);
#943 = CARTESIAN_POINT('',(7.025,-6.075,0.51));
#944 = VECTOR('',#945,1.);
#945 = DIRECTION('',(0.,0.,1.));
#946 = ORIENTED_EDGE('',*,*,#947,.F.);
#947 = EDGE_CURVE('',#908,#940,#948,.T.);
#948 = LINE('',#949,#950);
#949 = CARTESIAN_POINT('',(6.475,-6.075,0.51));
#950 = VECTOR('',#951,1.);
#951 = DIRECTION('',(1.,0.,0.));
#952 = PLANE('',#953);
#953 = AXIS2_PLACEMENT_3D('',#954,#955,#956);
#954 = CARTESIAN_POINT('',(6.475,-6.075,0.51));
#955 = DIRECTION('',(0.,1.,0.));
#956 = DIRECTION('',(1.,0.,0.));
#957 = ADVANCED_FACE('',(#958),#985,.T.);
#958 = FACE_BOUND('',#959,.T.);
#959 = EDGE_LOOP('',(#960,#961,#970,#978));
#960 = ORIENTED_EDGE('',*,*,#939,.T.);
#961 = ORIENTED_EDGE('',*,*,#962,.T.);
#962 = EDGE_CURVE('',#932,#963,#965,.T.);
#963 = VERTEX_POINT('',#964);
#964 = CARTESIAN_POINT('',(7.225,-6.275,0.55));
#965 = CIRCLE('',#966,0.200001216283);
#966 = AXIS2_PLACEMENT_3D('',#967,#968,#969);
#967 = CARTESIAN_POINT('',(7.024998783721,-6.275001216279,0.55));
#968 = DIRECTION('',(0.,0.,-1.));
#969 = DIRECTION('',(6.081358928031E-06,0.999999999982,0.));
#970 = ORIENTED_EDGE('',*,*,#971,.F.);
#971 = EDGE_CURVE('',#972,#963,#974,.T.);
#972 = VERTEX_POINT('',#973);
#973 = CARTESIAN_POINT('',(7.225,-6.275,0.51));
#974 = LINE('',#975,#976);
#975 = CARTESIAN_POINT('',(7.225,-6.275,0.51));
#976 = VECTOR('',#977,1.);
#977 = DIRECTION('',(0.,0.,1.));
#978 = ORIENTED_EDGE('',*,*,#979,.F.);
#979 = EDGE_CURVE('',#940,#972,#980,.T.);
#980 = CIRCLE('',#981,0.200001216283);
#981 = AXIS2_PLACEMENT_3D('',#982,#983,#984);
#982 = CARTESIAN_POINT('',(7.024998783721,-6.275001216279,0.51));
#983 = DIRECTION('',(0.,0.,-1.));
#984 = DIRECTION('',(6.081358928031E-06,0.999999999982,0.));
#985 = CYLINDRICAL_SURFACE('',#986,0.200001216283);
#986 = AXIS2_PLACEMENT_3D('',#987,#988,#989);
#987 = CARTESIAN_POINT('',(7.024998783721,-6.275001216279,0.51));
#988 = DIRECTION('',(0.,0.,-1.));
#989 = DIRECTION('',(6.081358928031E-06,0.999999999982,0.));
#990 = ADVANCED_FACE('',(#991),#1016,.T.);
#991 = FACE_BOUND('',#992,.T.);
#992 = EDGE_LOOP('',(#993,#994,#1002,#1010));
#993 = ORIENTED_EDGE('',*,*,#971,.T.);
#994 = ORIENTED_EDGE('',*,*,#995,.T.);
#995 = EDGE_CURVE('',#963,#996,#998,.T.);
#996 = VERTEX_POINT('',#997);
#997 = CARTESIAN_POINT('',(7.225,-6.675,0.55));
#998 = LINE('',#999,#1000);
#999 = CARTESIAN_POINT('',(7.225,-6.275,0.55));
#1000 = VECTOR('',#1001,1.);
#1001 = DIRECTION('',(0.,-1.,0.));
#1002 = ORIENTED_EDGE('',*,*,#1003,.F.);
#1003 = EDGE_CURVE('',#1004,#996,#1006,.T.);
#1004 = VERTEX_POINT('',#1005);
#1005 = CARTESIAN_POINT('',(7.225,-6.675,0.51));
#1006 = LINE('',#1007,#1008);
#1007 = CARTESIAN_POINT('',(7.225,-6.675,0.51));
#1008 = VECTOR('',#1009,1.);
#1009 = DIRECTION('',(0.,0.,1.));
#1010 = ORIENTED_EDGE('',*,*,#1011,.F.);
#1011 = EDGE_CURVE('',#972,#1004,#1012,.T.);
#1012 = LINE('',#1013,#1014);
#1013 = CARTESIAN_POINT('',(7.225,-6.275,0.51));
#1014 = VECTOR('',#1015,1.);
#1015 = DIRECTION('',(0.,-1.,0.));
#1016 = PLANE('',#1017);
#1017 = AXIS2_PLACEMENT_3D('',#1018,#1019,#1020);
#1018 = CARTESIAN_POINT('',(7.225,-6.275,0.51));
#1019 = DIRECTION('',(1.,0.,-0.));
#1020 = DIRECTION('',(0.,-1.,0.));
#1021 = ADVANCED_FACE('',(#1022),#1049,.T.);
#1022 = FACE_BOUND('',#1023,.T.);
#1023 = EDGE_LOOP('',(#1024,#1025,#1034,#1042));
#1024 = ORIENTED_EDGE('',*,*,#1003,.T.);
#1025 = ORIENTED_EDGE('',*,*,#1026,.T.);
#1026 = EDGE_CURVE('',#996,#1027,#1029,.T.);
#1027 = VERTEX_POINT('',#1028);
#1028 = CARTESIAN_POINT('',(7.025,-6.875,0.55));
#1029 = CIRCLE('',#1030,0.200001216283);
#1030 = AXIS2_PLACEMENT_3D('',#1031,#1032,#1033);
#1031 = CARTESIAN_POINT('',(7.024998783721,-6.674998783721,0.55));
#1032 = DIRECTION('',(0.,0.,-1.));
#1033 = DIRECTION('',(0.999999999982,-6.081358928031E-06,0.));
#1034 = ORIENTED_EDGE('',*,*,#1035,.F.);
#1035 = EDGE_CURVE('',#1036,#1027,#1038,.T.);
#1036 = VERTEX_POINT('',#1037);
#1037 = CARTESIAN_POINT('',(7.025,-6.875,0.51));
#1038 = LINE('',#1039,#1040);
#1039 = CARTESIAN_POINT('',(7.025,-6.875,0.51));
#1040 = VECTOR('',#1041,1.);
#1041 = DIRECTION('',(0.,0.,1.));
#1042 = ORIENTED_EDGE('',*,*,#1043,.F.);
#1043 = EDGE_CURVE('',#1004,#1036,#1044,.T.);
#1044 = CIRCLE('',#1045,0.200001216283);
#1045 = AXIS2_PLACEMENT_3D('',#1046,#1047,#1048);
#1046 = CARTESIAN_POINT('',(7.024998783721,-6.674998783721,0.51));
#1047 = DIRECTION('',(0.,0.,-1.));
#1048 = DIRECTION('',(0.999999999982,-6.081358928031E-06,0.));
#1049 = CYLINDRICAL_SURFACE('',#1050,0.200001216283);
#1050 = AXIS2_PLACEMENT_3D('',#1051,#1052,#1053);
#1051 = CARTESIAN_POINT('',(7.024998783721,-6.674998783721,0.51));
#1052 = DIRECTION('',(0.,0.,-1.));
#1053 = DIRECTION('',(0.999999999982,-6.081358928031E-06,0.));
#1054 = ADVANCED_FACE('',(#1055),#1080,.T.);
#1055 = FACE_BOUND('',#1056,.T.);
#1056 = EDGE_LOOP('',(#1057,#1058,#1066,#1074));
#1057 = ORIENTED_EDGE('',*,*,#1035,.T.);
#1058 = ORIENTED_EDGE('',*,*,#1059,.T.);
#1059 = EDGE_CURVE('',#1027,#1060,#1062,.T.);
#1060 = VERTEX_POINT('',#1061);
#1061 = CARTESIAN_POINT('',(6.475,-6.875,0.55));
#1062 = LINE('',#1063,#1064);
#1063 = CARTESIAN_POINT('',(7.025,-6.875,0.55));
#1064 = VECTOR('',#1065,1.);
#1065 = DIRECTION('',(-1.,0.,0.));
#1066 = ORIENTED_EDGE('',*,*,#1067,.F.);
#1067 = EDGE_CURVE('',#1068,#1060,#1070,.T.);
#1068 = VERTEX_POINT('',#1069);
#1069 = CARTESIAN_POINT('',(6.475,-6.875,0.51));
#1070 = LINE('',#1071,#1072);
#1071 = CARTESIAN_POINT('',(6.475,-6.875,0.51));
#1072 = VECTOR('',#1073,1.);
#1073 = DIRECTION('',(0.,0.,1.));
#1074 = ORIENTED_EDGE('',*,*,#1075,.F.);
#1075 = EDGE_CURVE('',#1036,#1068,#1076,.T.);
#1076 = LINE('',#1077,#1078);
#1077 = CARTESIAN_POINT('',(7.025,-6.875,0.51));
#1078 = VECTOR('',#1079,1.);
#1079 = DIRECTION('',(-1.,0.,0.));
#1080 = PLANE('',#1081);
#1081 = AXIS2_PLACEMENT_3D('',#1082,#1083,#1084);
#1082 = CARTESIAN_POINT('',(7.025,-6.875,0.51));
#1083 = DIRECTION('',(0.,-1.,0.));
#1084 = DIRECTION('',(-1.,0.,0.));
#1085 = ADVANCED_FACE('',(#1086),#1113,.T.);
#1086 = FACE_BOUND('',#1087,.T.);
#1087 = EDGE_LOOP('',(#1088,#1089,#1098,#1106));
#1088 = ORIENTED_EDGE('',*,*,#1067,.T.);
#1089 = ORIENTED_EDGE('',*,*,#1090,.T.);
#1090 = EDGE_CURVE('',#1060,#1091,#1093,.T.);
#1091 = VERTEX_POINT('',#1092);
#1092 = CARTESIAN_POINT('',(6.275,-6.675,0.55));
#1093 = CIRCLE('',#1094,0.200001216283);
#1094 = AXIS2_PLACEMENT_3D('',#1095,#1096,#1097);
#1095 = CARTESIAN_POINT('',(6.475001216279,-6.674998783721,0.55));
#1096 = DIRECTION('',(0.,0.,-1.));
#1097 = DIRECTION('',(-6.081358928031E-06,-0.999999999982,-0.));
#1098 = ORIENTED_EDGE('',*,*,#1099,.F.);
#1099 = EDGE_CURVE('',#1100,#1091,#1102,.T.);
#1100 = VERTEX_POINT('',#1101);
#1101 = CARTESIAN_POINT('',(6.275,-6.675,0.51));
#1102 = LINE('',#1103,#1104);
#1103 = CARTESIAN_POINT('',(6.275,-6.675,0.51));
#1104 = VECTOR('',#1105,1.);
#1105 = DIRECTION('',(0.,0.,1.));
#1106 = ORIENTED_EDGE('',*,*,#1107,.F.);
#1107 = EDGE_CURVE('',#1068,#1100,#1108,.T.);
#1108 = CIRCLE('',#1109,0.200001216283);
#1109 = AXIS2_PLACEMENT_3D('',#1110,#1111,#1112);
#1110 = CARTESIAN_POINT('',(6.475001216279,-6.674998783721,0.51));
#1111 = DIRECTION('',(0.,0.,-1.));
#1112 = DIRECTION('',(-6.081358928031E-06,-0.999999999982,-0.));
#1113 = CYLINDRICAL_SURFACE('',#1114,0.200001216283);
#1114 = AXIS2_PLACEMENT_3D('',#1115,#1116,#1117);
#1115 = CARTESIAN_POINT('',(6.475001216279,-6.674998783721,0.51));
#1116 = DIRECTION('',(0.,0.,-1.));
#1117 = DIRECTION('',(-6.081358928031E-06,-0.999999999982,-0.));
#1118 = ADVANCED_FACE('',(#1119),#1135,.T.);
#1119 = FACE_BOUND('',#1120,.T.);
#1120 = EDGE_LOOP('',(#1121,#1122,#1128,#1129));
#1121 = ORIENTED_EDGE('',*,*,#1099,.T.);
#1122 = ORIENTED_EDGE('',*,*,#1123,.T.);
#1123 = EDGE_CURVE('',#1091,#891,#1124,.T.);
#1124 = LINE('',#1125,#1126);
#1125 = CARTESIAN_POINT('',(6.275,-6.675,0.55));
#1126 = VECTOR('',#1127,1.);
#1127 = DIRECTION('',(0.,1.,0.));
#1128 = ORIENTED_EDGE('',*,*,#888,.F.);
#1129 = ORIENTED_EDGE('',*,*,#1130,.F.);
#1130 = EDGE_CURVE('',#1100,#889,#1131,.T.);
#1131 = LINE('',#1132,#1133);
#1132 = CARTESIAN_POINT('',(6.275,-6.675,0.51));
#1133 = VECTOR('',#1134,1.);
#1134 = DIRECTION('',(0.,1.,0.));
#1135 = PLANE('',#1136);
#1136 = AXIS2_PLACEMENT_3D('',#1137,#1138,#1139);
#1137 = CARTESIAN_POINT('',(6.275,-6.675,0.51));
#1138 = DIRECTION('',(-1.,0.,0.));
#1139 = DIRECTION('',(0.,1.,0.));
#1140 = ADVANCED_FACE('',(#1141),#1151,.F.);
#1141 = FACE_BOUND('',#1142,.T.);
#1142 = EDGE_LOOP('',(#1143,#1144,#1145,#1146,#1147,#1148,#1149,#1150));
#1143 = ORIENTED_EDGE('',*,*,#915,.T.);
#1144 = ORIENTED_EDGE('',*,*,#947,.T.);
#1145 = ORIENTED_EDGE('',*,*,#979,.T.);
#1146 = ORIENTED_EDGE('',*,*,#1011,.T.);
#1147 = ORIENTED_EDGE('',*,*,#1043,.T.);
#1148 = ORIENTED_EDGE('',*,*,#1075,.T.);
#1149 = ORIENTED_EDGE('',*,*,#1107,.T.);
#1150 = ORIENTED_EDGE('',*,*,#1130,.T.);
#1151 = PLANE('',#1152);
#1152 = AXIS2_PLACEMENT_3D('',#1153,#1154,#1155);
#1153 = CARTESIAN_POINT('',(0.,0.,0.51));
#1154 = DIRECTION('',(0.,0.,1.));
#1155 = DIRECTION('',(1.,0.,-0.));
#1156 = ADVANCED_FACE('',(#1157),#1167,.T.);
#1157 = FACE_BOUND('',#1158,.F.);
#1158 = EDGE_LOOP('',(#1159,#1160,#1161,#1162,#1163,#1164,#1165,#1166));
#1159 = ORIENTED_EDGE('',*,*,#898,.T.);
#1160 = ORIENTED_EDGE('',*,*,#931,.T.);
#1161 = ORIENTED_EDGE('',*,*,#962,.T.);
#1162 = ORIENTED_EDGE('',*,*,#995,.T.);
#1163 = ORIENTED_EDGE('',*,*,#1026,.T.);
#1164 = ORIENTED_EDGE('',*,*,#1059,.T.);
#1165 = ORIENTED_EDGE('',*,*,#1090,.T.);
#1166 = ORIENTED_EDGE('',*,*,#1123,.T.);
#1167 = PLANE('',#1168);
#1168 = AXIS2_PLACEMENT_3D('',#1169,#1170,#1171);
#1169 = CARTESIAN_POINT('',(0.,0.,0.55));
#1170 = DIRECTION('',(0.,0.,1.));
#1171 = DIRECTION('',(1.,0.,-0.));
#1172 = MANIFOLD_SOLID_BREP('',#1173);
#1173 = CLOSED_SHELL('',(#1174,#1216,#1247,#1280,#1311,#1344,#1375,#1408
    ,#1430,#1446));
#1174 = ADVANCED_FACE('',(#1175),#1211,.T.);
#1175 = FACE_BOUND('',#1176,.T.);
#1176 = EDGE_LOOP('',(#1177,#1187,#1196,#1204));
#1177 = ORIENTED_EDGE('',*,*,#1178,.T.);
#1178 = EDGE_CURVE('',#1179,#1181,#1183,.T.);
#1179 = VERTEX_POINT('',#1180);
#1180 = CARTESIAN_POINT('',(9.275,-6.275,0.51));
#1181 = VERTEX_POINT('',#1182);
#1182 = CARTESIAN_POINT('',(9.275,-6.275,0.55));
#1183 = LINE('',#1184,#1185);
#1184 = CARTESIAN_POINT('',(9.275,-6.275,0.51));
#1185 = VECTOR('',#1186,1.);
#1186 = DIRECTION('',(0.,0.,1.));
#1187 = ORIENTED_EDGE('',*,*,#1188,.T.);
#1188 = EDGE_CURVE('',#1181,#1189,#1191,.T.);
#1189 = VERTEX_POINT('',#1190);
#1190 = CARTESIAN_POINT('',(9.475,-6.075,0.55));
#1191 = CIRCLE('',#1192,0.200001216283);
#1192 = AXIS2_PLACEMENT_3D('',#1193,#1194,#1195);
#1193 = CARTESIAN_POINT('',(9.475001216279,-6.275001216279,0.55));
#1194 = DIRECTION('',(0.,0.,-1.));
#1195 = DIRECTION('',(-0.999999999982,6.081358928031E-06,0.));
#1196 = ORIENTED_EDGE('',*,*,#1197,.F.);
#1197 = EDGE_CURVE('',#1198,#1189,#1200,.T.);
#1198 = VERTEX_POINT('',#1199);
#1199 = CARTESIAN_POINT('',(9.475,-6.075,0.51));
#1200 = LINE('',#1201,#1202);
#1201 = CARTESIAN_POINT('',(9.475,-6.075,0.51));
#1202 = VECTOR('',#1203,1.);
#1203 = DIRECTION('',(0.,0.,1.));
#1204 = ORIENTED_EDGE('',*,*,#1205,.F.);
#1205 = EDGE_CURVE('',#1179,#1198,#1206,.T.);
#1206 = CIRCLE('',#1207,0.200001216283);
#1207 = AXIS2_PLACEMENT_3D('',#1208,#1209,#1210);
#1208 = CARTESIAN_POINT('',(9.475001216279,-6.275001216279,0.51));
#1209 = DIRECTION('',(0.,0.,-1.));
#1210 = DIRECTION('',(-0.999999999982,6.081358928031E-06,0.));
#1211 = CYLINDRICAL_SURFACE('',#1212,0.200001216283);
#1212 = AXIS2_PLACEMENT_3D('',#1213,#1214,#1215);
#1213 = CARTESIAN_POINT('',(9.475001216279,-6.275001216279,0.51));
#1214 = DIRECTION('',(0.,0.,-1.));
#1215 = DIRECTION('',(-0.999999999982,6.081358928031E-06,0.));
#1216 = ADVANCED_FACE('',(#1217),#1242,.T.);
#1217 = FACE_BOUND('',#1218,.T.);
#1218 = EDGE_LOOP('',(#1219,#1220,#1228,#1236));
#1219 = ORIENTED_EDGE('',*,*,#1197,.T.);
#1220 = ORIENTED_EDGE('',*,*,#1221,.T.);
#1221 = EDGE_CURVE('',#1189,#1222,#1224,.T.);
#1222 = VERTEX_POINT('',#1223);
#1223 = CARTESIAN_POINT('',(10.025,-6.075,0.55));
#1224 = LINE('',#1225,#1226);
#1225 = CARTESIAN_POINT('',(9.475,-6.075,0.55));
#1226 = VECTOR('',#1227,1.);
#1227 = DIRECTION('',(1.,0.,0.));
#1228 = ORIENTED_EDGE('',*,*,#1229,.F.);
#1229 = EDGE_CURVE('',#1230,#1222,#1232,.T.);
#1230 = VERTEX_POINT('',#1231);
#1231 = CARTESIAN_POINT('',(10.025,-6.075,0.51));
#1232 = LINE('',#1233,#1234);
#1233 = CARTESIAN_POINT('',(10.025,-6.075,0.51));
#1234 = VECTOR('',#1235,1.);
#1235 = DIRECTION('',(0.,0.,1.));
#1236 = ORIENTED_EDGE('',*,*,#1237,.F.);
#1237 = EDGE_CURVE('',#1198,#1230,#1238,.T.);
#1238 = LINE('',#1239,#1240);
#1239 = CARTESIAN_POINT('',(9.475,-6.075,0.51));
#1240 = VECTOR('',#1241,1.);
#1241 = DIRECTION('',(1.,0.,0.));
#1242 = PLANE('',#1243);
#1243 = AXIS2_PLACEMENT_3D('',#1244,#1245,#1246);
#1244 = CARTESIAN_POINT('',(9.475,-6.075,0.51));
#1245 = DIRECTION('',(0.,1.,0.));
#1246 = DIRECTION('',(1.,0.,0.));
#1247 = ADVANCED_FACE('',(#1248),#1275,.T.);
#1248 = FACE_BOUND('',#1249,.T.);
#1249 = EDGE_LOOP('',(#1250,#1251,#1260,#1268));
#1250 = ORIENTED_EDGE('',*,*,#1229,.T.);
#1251 = ORIENTED_EDGE('',*,*,#1252,.T.);
#1252 = EDGE_CURVE('',#1222,#1253,#1255,.T.);
#1253 = VERTEX_POINT('',#1254);
#1254 = CARTESIAN_POINT('',(10.225,-6.275,0.55));
#1255 = CIRCLE('',#1256,0.200001216283);
#1256 = AXIS2_PLACEMENT_3D('',#1257,#1258,#1259);
#1257 = CARTESIAN_POINT('',(10.024998783721,-6.275001216279,0.55));
#1258 = DIRECTION('',(0.,0.,-1.));
#1259 = DIRECTION('',(6.081358936913E-06,0.999999999982,0.));
#1260 = ORIENTED_EDGE('',*,*,#1261,.F.);
#1261 = EDGE_CURVE('',#1262,#1253,#1264,.T.);
#1262 = VERTEX_POINT('',#1263);
#1263 = CARTESIAN_POINT('',(10.225,-6.275,0.51));
#1264 = LINE('',#1265,#1266);
#1265 = CARTESIAN_POINT('',(10.225,-6.275,0.51));
#1266 = VECTOR('',#1267,1.);
#1267 = DIRECTION('',(0.,0.,1.));
#1268 = ORIENTED_EDGE('',*,*,#1269,.F.);
#1269 = EDGE_CURVE('',#1230,#1262,#1270,.T.);
#1270 = CIRCLE('',#1271,0.200001216283);
#1271 = AXIS2_PLACEMENT_3D('',#1272,#1273,#1274);
#1272 = CARTESIAN_POINT('',(10.024998783721,-6.275001216279,0.51));
#1273 = DIRECTION('',(0.,0.,-1.));
#1274 = DIRECTION('',(6.081358936913E-06,0.999999999982,0.));
#1275 = CYLINDRICAL_SURFACE('',#1276,0.200001216283);
#1276 = AXIS2_PLACEMENT_3D('',#1277,#1278,#1279);
#1277 = CARTESIAN_POINT('',(10.024998783721,-6.275001216279,0.51));
#1278 = DIRECTION('',(0.,0.,-1.));
#1279 = DIRECTION('',(6.081358936913E-06,0.999999999982,0.));
#1280 = ADVANCED_FACE('',(#1281),#1306,.T.);
#1281 = FACE_BOUND('',#1282,.T.);
#1282 = EDGE_LOOP('',(#1283,#1284,#1292,#1300));
#1283 = ORIENTED_EDGE('',*,*,#1261,.T.);
#1284 = ORIENTED_EDGE('',*,*,#1285,.T.);
#1285 = EDGE_CURVE('',#1253,#1286,#1288,.T.);
#1286 = VERTEX_POINT('',#1287);
#1287 = CARTESIAN_POINT('',(10.225,-6.675,0.55));
#1288 = LINE('',#1289,#1290);
#1289 = CARTESIAN_POINT('',(10.225,-6.275,0.55));
#1290 = VECTOR('',#1291,1.);
#1291 = DIRECTION('',(0.,-1.,0.));
#1292 = ORIENTED_EDGE('',*,*,#1293,.F.);
#1293 = EDGE_CURVE('',#1294,#1286,#1296,.T.);
#1294 = VERTEX_POINT('',#1295);
#1295 = CARTESIAN_POINT('',(10.225,-6.675,0.51));
#1296 = LINE('',#1297,#1298);
#1297 = CARTESIAN_POINT('',(10.225,-6.675,0.51));
#1298 = VECTOR('',#1299,1.);
#1299 = DIRECTION('',(0.,0.,1.));
#1300 = ORIENTED_EDGE('',*,*,#1301,.F.);
#1301 = EDGE_CURVE('',#1262,#1294,#1302,.T.);
#1302 = LINE('',#1303,#1304);
#1303 = CARTESIAN_POINT('',(10.225,-6.275,0.51));
#1304 = VECTOR('',#1305,1.);
#1305 = DIRECTION('',(0.,-1.,0.));
#1306 = PLANE('',#1307);
#1307 = AXIS2_PLACEMENT_3D('',#1308,#1309,#1310);
#1308 = CARTESIAN_POINT('',(10.225,-6.275,0.51));
#1309 = DIRECTION('',(1.,0.,-0.));
#1310 = DIRECTION('',(0.,-1.,0.));
#1311 = ADVANCED_FACE('',(#1312),#1339,.T.);
#1312 = FACE_BOUND('',#1313,.T.);
#1313 = EDGE_LOOP('',(#1314,#1315,#1324,#1332));
#1314 = ORIENTED_EDGE('',*,*,#1293,.T.);
#1315 = ORIENTED_EDGE('',*,*,#1316,.T.);
#1316 = EDGE_CURVE('',#1286,#1317,#1319,.T.);
#1317 = VERTEX_POINT('',#1318);
#1318 = CARTESIAN_POINT('',(10.025,-6.875,0.55));
#1319 = CIRCLE('',#1320,0.200001216283);
#1320 = AXIS2_PLACEMENT_3D('',#1321,#1322,#1323);
#1321 = CARTESIAN_POINT('',(10.024998783721,-6.674998783721,0.55));
#1322 = DIRECTION('',(0.,0.,-1.));
#1323 = DIRECTION('',(0.999999999982,-6.081358932472E-06,0.));
#1324 = ORIENTED_EDGE('',*,*,#1325,.F.);
#1325 = EDGE_CURVE('',#1326,#1317,#1328,.T.);
#1326 = VERTEX_POINT('',#1327);
#1327 = CARTESIAN_POINT('',(10.025,-6.875,0.51));
#1328 = LINE('',#1329,#1330);
#1329 = CARTESIAN_POINT('',(10.025,-6.875,0.51));
#1330 = VECTOR('',#1331,1.);
#1331 = DIRECTION('',(0.,0.,1.));
#1332 = ORIENTED_EDGE('',*,*,#1333,.F.);
#1333 = EDGE_CURVE('',#1294,#1326,#1334,.T.);
#1334 = CIRCLE('',#1335,0.200001216283);
#1335 = AXIS2_PLACEMENT_3D('',#1336,#1337,#1338);
#1336 = CARTESIAN_POINT('',(10.024998783721,-6.674998783721,0.51));
#1337 = DIRECTION('',(0.,0.,-1.));
#1338 = DIRECTION('',(0.999999999982,-6.081358932472E-06,0.));
#1339 = CYLINDRICAL_SURFACE('',#1340,0.200001216283);
#1340 = AXIS2_PLACEMENT_3D('',#1341,#1342,#1343);
#1341 = CARTESIAN_POINT('',(10.024998783721,-6.674998783721,0.51));
#1342 = DIRECTION('',(0.,0.,-1.));
#1343 = DIRECTION('',(0.999999999982,-6.081358932472E-06,0.));
#1344 = ADVANCED_FACE('',(#1345),#1370,.T.);
#1345 = FACE_BOUND('',#1346,.T.);
#1346 = EDGE_LOOP('',(#1347,#1348,#1356,#1364));
#1347 = ORIENTED_EDGE('',*,*,#1325,.T.);
#1348 = ORIENTED_EDGE('',*,*,#1349,.T.);
#1349 = EDGE_CURVE('',#1317,#1350,#1352,.T.);
#1350 = VERTEX_POINT('',#1351);
#1351 = CARTESIAN_POINT('',(9.475,-6.875,0.55));
#1352 = LINE('',#1353,#1354);
#1353 = CARTESIAN_POINT('',(10.025,-6.875,0.55));
#1354 = VECTOR('',#1355,1.);
#1355 = DIRECTION('',(-1.,0.,0.));
#1356 = ORIENTED_EDGE('',*,*,#1357,.F.);
#1357 = EDGE_CURVE('',#1358,#1350,#1360,.T.);
#1358 = VERTEX_POINT('',#1359);
#1359 = CARTESIAN_POINT('',(9.475,-6.875,0.51));
#1360 = LINE('',#1361,#1362);
#1361 = CARTESIAN_POINT('',(9.475,-6.875,0.51));
#1362 = VECTOR('',#1363,1.);
#1363 = DIRECTION('',(0.,0.,1.));
#1364 = ORIENTED_EDGE('',*,*,#1365,.F.);
#1365 = EDGE_CURVE('',#1326,#1358,#1366,.T.);
#1366 = LINE('',#1367,#1368);
#1367 = CARTESIAN_POINT('',(10.025,-6.875,0.51));
#1368 = VECTOR('',#1369,1.);
#1369 = DIRECTION('',(-1.,0.,0.));
#1370 = PLANE('',#1371);
#1371 = AXIS2_PLACEMENT_3D('',#1372,#1373,#1374);
#1372 = CARTESIAN_POINT('',(10.025,-6.875,0.51));
#1373 = DIRECTION('',(0.,-1.,0.));
#1374 = DIRECTION('',(-1.,0.,0.));
#1375 = ADVANCED_FACE('',(#1376),#1403,.T.);
#1376 = FACE_BOUND('',#1377,.T.);
#1377 = EDGE_LOOP('',(#1378,#1379,#1388,#1396));
#1378 = ORIENTED_EDGE('',*,*,#1357,.T.);
#1379 = ORIENTED_EDGE('',*,*,#1380,.T.);
#1380 = EDGE_CURVE('',#1350,#1381,#1383,.T.);
#1381 = VERTEX_POINT('',#1382);
#1382 = CARTESIAN_POINT('',(9.275,-6.675,0.55));
#1383 = CIRCLE('',#1384,0.200001216283);
#1384 = AXIS2_PLACEMENT_3D('',#1385,#1386,#1387);
#1385 = CARTESIAN_POINT('',(9.475001216279,-6.674998783721,0.55));
#1386 = DIRECTION('',(0.,0.,-1.));
#1387 = DIRECTION('',(-6.081358936913E-06,-0.999999999982,-0.));
#1388 = ORIENTED_EDGE('',*,*,#1389,.F.);
#1389 = EDGE_CURVE('',#1390,#1381,#1392,.T.);
#1390 = VERTEX_POINT('',#1391);
#1391 = CARTESIAN_POINT('',(9.275,-6.675,0.51));
#1392 = LINE('',#1393,#1394);
#1393 = CARTESIAN_POINT('',(9.275,-6.675,0.51));
#1394 = VECTOR('',#1395,1.);
#1395 = DIRECTION('',(0.,0.,1.));
#1396 = ORIENTED_EDGE('',*,*,#1397,.F.);
#1397 = EDGE_CURVE('',#1358,#1390,#1398,.T.);
#1398 = CIRCLE('',#1399,0.200001216283);
#1399 = AXIS2_PLACEMENT_3D('',#1400,#1401,#1402);
#1400 = CARTESIAN_POINT('',(9.475001216279,-6.674998783721,0.51));
#1401 = DIRECTION('',(0.,0.,-1.));
#1402 = DIRECTION('',(-6.081358936913E-06,-0.999999999982,-0.));
#1403 = CYLINDRICAL_SURFACE('',#1404,0.200001216283);
#1404 = AXIS2_PLACEMENT_3D('',#1405,#1406,#1407);
#1405 = CARTESIAN_POINT('',(9.475001216279,-6.674998783721,0.51));
#1406 = DIRECTION('',(0.,0.,-1.));
#1407 = DIRECTION('',(-6.081358936913E-06,-0.999999999982,-0.));
#1408 = ADVANCED_FACE('',(#1409),#1425,.T.);
#1409 = FACE_BOUND('',#1410,.T.);
#1410 = EDGE_LOOP('',(#1411,#1412,#1418,#1419));
#1411 = ORIENTED_EDGE('',*,*,#1389,.T.);
#1412 = ORIENTED_EDGE('',*,*,#1413,.T.);
#1413 = EDGE_CURVE('',#1381,#1181,#1414,.T.);
#1414 = LINE('',#1415,#1416);
#1415 = CARTESIAN_POINT('',(9.275,-6.675,0.55));
#1416 = VECTOR('',#1417,1.);
#1417 = DIRECTION('',(0.,1.,0.));
#1418 = ORIENTED_EDGE('',*,*,#1178,.F.);
#1419 = ORIENTED_EDGE('',*,*,#1420,.F.);
#1420 = EDGE_CURVE('',#1390,#1179,#1421,.T.);
#1421 = LINE('',#1422,#1423);
#1422 = CARTESIAN_POINT('',(9.275,-6.675,0.51));
#1423 = VECTOR('',#1424,1.);
#1424 = DIRECTION('',(0.,1.,0.));
#1425 = PLANE('',#1426);
#1426 = AXIS2_PLACEMENT_3D('',#1427,#1428,#1429);
#1427 = CARTESIAN_POINT('',(9.275,-6.675,0.51));
#1428 = DIRECTION('',(-1.,0.,0.));
#1429 = DIRECTION('',(0.,1.,0.));
#1430 = ADVANCED_FACE('',(#1431),#1441,.F.);
#1431 = FACE_BOUND('',#1432,.T.);
#1432 = EDGE_LOOP('',(#1433,#1434,#1435,#1436,#1437,#1438,#1439,#1440));
#1433 = ORIENTED_EDGE('',*,*,#1205,.T.);
#1434 = ORIENTED_EDGE('',*,*,#1237,.T.);
#1435 = ORIENTED_EDGE('',*,*,#1269,.T.);
#1436 = ORIENTED_EDGE('',*,*,#1301,.T.);
#1437 = ORIENTED_EDGE('',*,*,#1333,.T.);
#1438 = ORIENTED_EDGE('',*,*,#1365,.T.);
#1439 = ORIENTED_EDGE('',*,*,#1397,.T.);
#1440 = ORIENTED_EDGE('',*,*,#1420,.T.);
#1441 = PLANE('',#1442);
#1442 = AXIS2_PLACEMENT_3D('',#1443,#1444,#1445);
#1443 = CARTESIAN_POINT('',(0.,0.,0.51));
#1444 = DIRECTION('',(0.,0.,1.));
#1445 = DIRECTION('',(1.,0.,-0.));
#1446 = ADVANCED_FACE('',(#1447),#1457,.T.);
#1447 = FACE_BOUND('',#1448,.F.);
#1448 = EDGE_LOOP('',(#1449,#1450,#1451,#1452,#1453,#1454,#1455,#1456));
#1449 = ORIENTED_EDGE('',*,*,#1188,.T.);
#1450 = ORIENTED_EDGE('',*,*,#1221,.T.);
#1451 = ORIENTED_EDGE('',*,*,#1252,.T.);
#1452 = ORIENTED_EDGE('',*,*,#1285,.T.);
#1453 = ORIENTED_EDGE('',*,*,#1316,.T.);
#1454 = ORIENTED_EDGE('',*,*,#1349,.T.);
#1455 = ORIENTED_EDGE('',*,*,#1380,.T.);
#1456 = ORIENTED_EDGE('',*,*,#1413,.T.);
#1457 = PLANE('',#1458);
#1458 = AXIS2_PLACEMENT_3D('',#1459,#1460,#1461);
#1459 = CARTESIAN_POINT('',(0.,0.,0.55));
#1460 = DIRECTION('',(0.,0.,1.));
#1461 = DIRECTION('',(1.,0.,-0.));
#1462 = MANIFOLD_SOLID_BREP('',#1463);
#1463 = CLOSED_SHELL('',(#1464,#1497,#1517,#1537));
#1464 = ADVANCED_FACE('',(#1465),#1492,.T.);
#1465 = FACE_BOUND('',#1466,.F.);
#1466 = EDGE_LOOP('',(#1467,#1477,#1484,#1485));
#1467 = ORIENTED_EDGE('',*,*,#1468,.T.);
#1468 = EDGE_CURVE('',#1469,#1471,#1473,.T.);
#1469 = VERTEX_POINT('',#1470);
#1470 = CARTESIAN_POINT('',(4.3,-10.14,0.51));
#1471 = VERTEX_POINT('',#1472);
#1472 = CARTESIAN_POINT('',(4.3,-10.14,0.55));
#1473 = LINE('',#1474,#1475);
#1474 = CARTESIAN_POINT('',(4.3,-10.14,0.51));
#1475 = VECTOR('',#1476,1.);
#1476 = DIRECTION('',(0.,0.,1.));
#1477 = ORIENTED_EDGE('',*,*,#1478,.T.);
#1478 = EDGE_CURVE('',#1471,#1471,#1479,.T.);
#1479 = CIRCLE('',#1480,0.4);
#1480 = AXIS2_PLACEMENT_3D('',#1481,#1482,#1483);
#1481 = CARTESIAN_POINT('',(3.9,-10.14,0.55));
#1482 = DIRECTION('',(0.,0.,1.));
#1483 = DIRECTION('',(1.,0.,-0.));
#1484 = ORIENTED_EDGE('',*,*,#1468,.F.);
#1485 = ORIENTED_EDGE('',*,*,#1486,.F.);
#1486 = EDGE_CURVE('',#1469,#1469,#1487,.T.);
#1487 = CIRCLE('',#1488,0.4);
#1488 = AXIS2_PLACEMENT_3D('',#1489,#1490,#1491);
#1489 = CARTESIAN_POINT('',(3.9,-10.14,0.51));
#1490 = DIRECTION('',(0.,0.,1.));
#1491 = DIRECTION('',(1.,0.,-0.));
#1492 = CYLINDRICAL_SURFACE('',#1493,0.4);
#1493 = AXIS2_PLACEMENT_3D('',#1494,#1495,#1496);
#1494 = CARTESIAN_POINT('',(3.9,-10.14,0.51));
#1495 = DIRECTION('',(-0.,-0.,-1.));
#1496 = DIRECTION('',(1.,0.,-0.));
#1497 = ADVANCED_FACE('',(#1498,#1501),#1512,.F.);
#1498 = FACE_BOUND('',#1499,.F.);
#1499 = EDGE_LOOP('',(#1500));
#1500 = ORIENTED_EDGE('',*,*,#1486,.T.);
#1501 = FACE_BOUND('',#1502,.F.);
#1502 = EDGE_LOOP('',(#1503));
#1503 = ORIENTED_EDGE('',*,*,#1504,.T.);
#1504 = EDGE_CURVE('',#1505,#1505,#1507,.T.);
#1505 = VERTEX_POINT('',#1506);
#1506 = CARTESIAN_POINT('',(3.9,-10.365,0.51));
#1507 = CIRCLE('',#1508,0.225);
#1508 = AXIS2_PLACEMENT_3D('',#1509,#1510,#1511);
#1509 = CARTESIAN_POINT('',(3.9,-10.14,0.51));
#1510 = DIRECTION('',(-0.,0.,-1.));
#1511 = DIRECTION('',(-0.,-1.,0.));
#1512 = PLANE('',#1513);
#1513 = AXIS2_PLACEMENT_3D('',#1514,#1515,#1516);
#1514 = CARTESIAN_POINT('',(0.,0.,0.51));
#1515 = DIRECTION('',(0.,0.,1.));
#1516 = DIRECTION('',(1.,0.,-0.));
#1517 = ADVANCED_FACE('',(#1518,#1521),#1532,.T.);
#1518 = FACE_BOUND('',#1519,.T.);
#1519 = EDGE_LOOP('',(#1520));
#1520 = ORIENTED_EDGE('',*,*,#1478,.T.);
#1521 = FACE_BOUND('',#1522,.T.);
#1522 = EDGE_LOOP('',(#1523));
#1523 = ORIENTED_EDGE('',*,*,#1524,.T.);
#1524 = EDGE_CURVE('',#1525,#1525,#1527,.T.);
#1525 = VERTEX_POINT('',#1526);
#1526 = CARTESIAN_POINT('',(3.9,-10.365,0.55));
#1527 = CIRCLE('',#1528,0.225);
#1528 = AXIS2_PLACEMENT_3D('',#1529,#1530,#1531);
#1529 = CARTESIAN_POINT('',(3.9,-10.14,0.55));
#1530 = DIRECTION('',(-0.,0.,-1.));
#1531 = DIRECTION('',(-0.,-1.,0.));
#1532 = PLANE('',#1533);
#1533 = AXIS2_PLACEMENT_3D('',#1534,#1535,#1536);
#1534 = CARTESIAN_POINT('',(0.,0.,0.55));
#1535 = DIRECTION('',(0.,0.,1.));
#1536 = DIRECTION('',(1.,0.,-0.));
#1537 = ADVANCED_FACE('',(#1538),#1549,.F.);
#1538 = FACE_BOUND('',#1539,.T.);
#1539 = EDGE_LOOP('',(#1540,#1541,#1547,#1548));
#1540 = ORIENTED_EDGE('',*,*,#1504,.T.);
#1541 = ORIENTED_EDGE('',*,*,#1542,.T.);
#1542 = EDGE_CURVE('',#1505,#1525,#1543,.T.);
#1543 = LINE('',#1544,#1545);
#1544 = CARTESIAN_POINT('',(3.9,-10.365,-4.6E-02));
#1545 = VECTOR('',#1546,1.);
#1546 = DIRECTION('',(0.,0.,1.));
#1547 = ORIENTED_EDGE('',*,*,#1524,.F.);
#1548 = ORIENTED_EDGE('',*,*,#1542,.F.);
#1549 = CYLINDRICAL_SURFACE('',#1550,0.225);
#1550 = AXIS2_PLACEMENT_3D('',#1551,#1552,#1553);
#1551 = CARTESIAN_POINT('',(3.9,-10.14,-4.6E-02));
#1552 = DIRECTION('',(-0.,-0.,-1.));
#1553 = DIRECTION('',(-0.,-1.,0.));
#1554 = MANIFOLD_SOLID_BREP('',#1555);
#1555 = CLOSED_SHELL('',(#1556,#1589,#1609,#1629));
#1556 = ADVANCED_FACE('',(#1557),#1584,.T.);
#1557 = FACE_BOUND('',#1558,.T.);
#1558 = EDGE_LOOP('',(#1559,#1569,#1576,#1577));
#1559 = ORIENTED_EDGE('',*,*,#1560,.T.);
#1560 = EDGE_CURVE('',#1561,#1563,#1565,.T.);
#1561 = VERTEX_POINT('',#1562);
#1562 = CARTESIAN_POINT('',(4.3,-10.14,0.));
#1563 = VERTEX_POINT('',#1564);
#1564 = CARTESIAN_POINT('',(4.3,-10.14,-4.E-02));
#1565 = LINE('',#1566,#1567);
#1566 = CARTESIAN_POINT('',(4.3,-10.14,0.));
#1567 = VECTOR('',#1568,1.);
#1568 = DIRECTION('',(0.,0.,-1.));
#1569 = ORIENTED_EDGE('',*,*,#1570,.T.);
#1570 = EDGE_CURVE('',#1563,#1563,#1571,.T.);
#1571 = CIRCLE('',#1572,0.4);
#1572 = AXIS2_PLACEMENT_3D('',#1573,#1574,#1575);
#1573 = CARTESIAN_POINT('',(3.9,-10.14,-4.E-02));
#1574 = DIRECTION('',(0.,0.,1.));
#1575 = DIRECTION('',(1.,0.,-0.));
#1576 = ORIENTED_EDGE('',*,*,#1560,.F.);
#1577 = ORIENTED_EDGE('',*,*,#1578,.F.);
#1578 = EDGE_CURVE('',#1561,#1561,#1579,.T.);
#1579 = CIRCLE('',#1580,0.4);
#1580 = AXIS2_PLACEMENT_3D('',#1581,#1582,#1583);
#1581 = CARTESIAN_POINT('',(3.9,-10.14,0.));
#1582 = DIRECTION('',(0.,0.,1.));
#1583 = DIRECTION('',(1.,0.,-0.));
#1584 = CYLINDRICAL_SURFACE('',#1585,0.4);
#1585 = AXIS2_PLACEMENT_3D('',#1586,#1587,#1588);
#1586 = CARTESIAN_POINT('',(3.9,-10.14,0.));
#1587 = DIRECTION('',(0.,0.,1.));
#1588 = DIRECTION('',(1.,0.,-0.));
#1589 = ADVANCED_FACE('',(#1590,#1593),#1604,.F.);
#1590 = FACE_BOUND('',#1591,.F.);
#1591 = EDGE_LOOP('',(#1592));
#1592 = ORIENTED_EDGE('',*,*,#1578,.F.);
#1593 = FACE_BOUND('',#1594,.F.);
#1594 = EDGE_LOOP('',(#1595));
#1595 = ORIENTED_EDGE('',*,*,#1596,.F.);
#1596 = EDGE_CURVE('',#1597,#1597,#1599,.T.);
#1597 = VERTEX_POINT('',#1598);
#1598 = CARTESIAN_POINT('',(3.9,-10.365,0.));
#1599 = CIRCLE('',#1600,0.225);
#1600 = AXIS2_PLACEMENT_3D('',#1601,#1602,#1603);
#1601 = CARTESIAN_POINT('',(3.9,-10.14,0.));
#1602 = DIRECTION('',(-0.,0.,-1.));
#1603 = DIRECTION('',(-0.,-1.,0.));
#1604 = PLANE('',#1605);
#1605 = AXIS2_PLACEMENT_3D('',#1606,#1607,#1608);
#1606 = CARTESIAN_POINT('',(0.,0.,0.));
#1607 = DIRECTION('',(-0.,-0.,-1.));
#1608 = DIRECTION('',(-1.,0.,0.));
#1609 = ADVANCED_FACE('',(#1610,#1613),#1624,.T.);
#1610 = FACE_BOUND('',#1611,.T.);
#1611 = EDGE_LOOP('',(#1612));
#1612 = ORIENTED_EDGE('',*,*,#1570,.F.);
#1613 = FACE_BOUND('',#1614,.T.);
#1614 = EDGE_LOOP('',(#1615));
#1615 = ORIENTED_EDGE('',*,*,#1616,.F.);
#1616 = EDGE_CURVE('',#1617,#1617,#1619,.T.);
#1617 = VERTEX_POINT('',#1618);
#1618 = CARTESIAN_POINT('',(3.9,-10.365,-4.E-02));
#1619 = CIRCLE('',#1620,0.225);
#1620 = AXIS2_PLACEMENT_3D('',#1621,#1622,#1623);
#1621 = CARTESIAN_POINT('',(3.9,-10.14,-4.E-02));
#1622 = DIRECTION('',(-0.,0.,-1.));
#1623 = DIRECTION('',(-0.,-1.,0.));
#1624 = PLANE('',#1625);
#1625 = AXIS2_PLACEMENT_3D('',#1626,#1627,#1628);
#1626 = CARTESIAN_POINT('',(0.,0.,-4.E-02));
#1627 = DIRECTION('',(-0.,-0.,-1.));
#1628 = DIRECTION('',(-1.,0.,0.));
#1629 = ADVANCED_FACE('',(#1630),#1641,.F.);
#1630 = FACE_BOUND('',#1631,.T.);
#1631 = EDGE_LOOP('',(#1632,#1633,#1639,#1640));
#1632 = ORIENTED_EDGE('',*,*,#1616,.T.);
#1633 = ORIENTED_EDGE('',*,*,#1634,.T.);
#1634 = EDGE_CURVE('',#1617,#1597,#1635,.T.);
#1635 = LINE('',#1636,#1637);
#1636 = CARTESIAN_POINT('',(3.9,-10.365,-4.6E-02));
#1637 = VECTOR('',#1638,1.);
#1638 = DIRECTION('',(0.,0.,1.));
#1639 = ORIENTED_EDGE('',*,*,#1596,.F.);
#1640 = ORIENTED_EDGE('',*,*,#1634,.F.);
#1641 = CYLINDRICAL_SURFACE('',#1642,0.225);
#1642 = AXIS2_PLACEMENT_3D('',#1643,#1644,#1645);
#1643 = CARTESIAN_POINT('',(3.9,-10.14,-4.6E-02));
#1644 = DIRECTION('',(-0.,-0.,-1.));
#1645 = DIRECTION('',(-0.,-1.,0.));
#1646 = MANIFOLD_SOLID_BREP('',#1647);
#1647 = CLOSED_SHELL('',(#1648,#1681,#1701,#1721));
#1648 = ADVANCED_FACE('',(#1649),#1676,.T.);
#1649 = FACE_BOUND('',#1650,.F.);
#1650 = EDGE_LOOP('',(#1651,#1661,#1668,#1669));
#1651 = ORIENTED_EDGE('',*,*,#1652,.T.);
#1652 = EDGE_CURVE('',#1653,#1655,#1657,.T.);
#1653 = VERTEX_POINT('',#1654);
#1654 = CARTESIAN_POINT('',(3.9,-10.39,-4.E-02));
#1655 = VERTEX_POINT('',#1656);
#1656 = CARTESIAN_POINT('',(3.9,-10.39,0.55));
#1657 = LINE('',#1658,#1659);
#1658 = CARTESIAN_POINT('',(3.9,-10.39,-4.E-02));
#1659 = VECTOR('',#1660,1.);
#1660 = DIRECTION('',(0.,0.,1.));
#1661 = ORIENTED_EDGE('',*,*,#1662,.T.);
#1662 = EDGE_CURVE('',#1655,#1655,#1663,.T.);
#1663 = CIRCLE('',#1664,0.25);
#1664 = AXIS2_PLACEMENT_3D('',#1665,#1666,#1667);
#1665 = CARTESIAN_POINT('',(3.9,-10.14,0.55));
#1666 = DIRECTION('',(0.,0.,1.));
#1667 = DIRECTION('',(-1.7763568394E-15,-1.,0.));
#1668 = ORIENTED_EDGE('',*,*,#1652,.F.);
#1669 = ORIENTED_EDGE('',*,*,#1670,.F.);
#1670 = EDGE_CURVE('',#1653,#1653,#1671,.T.);
#1671 = CIRCLE('',#1672,0.25);
#1672 = AXIS2_PLACEMENT_3D('',#1673,#1674,#1675);
#1673 = CARTESIAN_POINT('',(3.9,-10.14,-4.E-02));
#1674 = DIRECTION('',(0.,0.,1.));
#1675 = DIRECTION('',(-1.7763568394E-15,-1.,0.));
#1676 = CYLINDRICAL_SURFACE('',#1677,0.25);
#1677 = AXIS2_PLACEMENT_3D('',#1678,#1679,#1680);
#1678 = CARTESIAN_POINT('',(3.9,-10.14,-4.E-02));
#1679 = DIRECTION('',(-0.,-0.,-1.));
#1680 = DIRECTION('',(-1.7763568394E-15,-1.,0.));
#1681 = ADVANCED_FACE('',(#1682,#1685),#1696,.F.);
#1682 = FACE_BOUND('',#1683,.F.);
#1683 = EDGE_LOOP('',(#1684));
#1684 = ORIENTED_EDGE('',*,*,#1670,.T.);
#1685 = FACE_BOUND('',#1686,.F.);
#1686 = EDGE_LOOP('',(#1687));
#1687 = ORIENTED_EDGE('',*,*,#1688,.T.);
#1688 = EDGE_CURVE('',#1689,#1689,#1691,.T.);
#1689 = VERTEX_POINT('',#1690);
#1690 = CARTESIAN_POINT('',(3.9,-10.365,-4.E-02));
#1691 = CIRCLE('',#1692,0.225);
#1692 = AXIS2_PLACEMENT_3D('',#1693,#1694,#1695);
#1693 = CARTESIAN_POINT('',(3.9,-10.14,-4.E-02));
#1694 = DIRECTION('',(-0.,0.,-1.));
#1695 = DIRECTION('',(-0.,-1.,0.));
#1696 = PLANE('',#1697);
#1697 = AXIS2_PLACEMENT_3D('',#1698,#1699,#1700);
#1698 = CARTESIAN_POINT('',(3.9,-10.39,-4.E-02));
#1699 = DIRECTION('',(0.,0.,1.));
#1700 = DIRECTION('',(1.,0.,-0.));
#1701 = ADVANCED_FACE('',(#1702,#1705),#1716,.T.);
#1702 = FACE_BOUND('',#1703,.T.);
#1703 = EDGE_LOOP('',(#1704));
#1704 = ORIENTED_EDGE('',*,*,#1662,.T.);
#1705 = FACE_BOUND('',#1706,.T.);
#1706 = EDGE_LOOP('',(#1707));
#1707 = ORIENTED_EDGE('',*,*,#1708,.T.);
#1708 = EDGE_CURVE('',#1709,#1709,#1711,.T.);
#1709 = VERTEX_POINT('',#1710);
#1710 = CARTESIAN_POINT('',(3.9,-10.365,0.55));
#1711 = CIRCLE('',#1712,0.225);
#1712 = AXIS2_PLACEMENT_3D('',#1713,#1714,#1715);
#1713 = CARTESIAN_POINT('',(3.9,-10.14,0.55));
#1714 = DIRECTION('',(-0.,0.,-1.));
#1715 = DIRECTION('',(-0.,-1.,0.));
#1716 = PLANE('',#1717);
#1717 = AXIS2_PLACEMENT_3D('',#1718,#1719,#1720);
#1718 = CARTESIAN_POINT('',(3.9,-10.39,0.55));
#1719 = DIRECTION('',(0.,0.,1.));
#1720 = DIRECTION('',(1.,0.,-0.));
#1721 = ADVANCED_FACE('',(#1722),#1733,.F.);
#1722 = FACE_BOUND('',#1723,.T.);
#1723 = EDGE_LOOP('',(#1724,#1725,#1731,#1732));
#1724 = ORIENTED_EDGE('',*,*,#1688,.T.);
#1725 = ORIENTED_EDGE('',*,*,#1726,.T.);
#1726 = EDGE_CURVE('',#1689,#1709,#1727,.T.);
#1727 = LINE('',#1728,#1729);
#1728 = CARTESIAN_POINT('',(3.9,-10.365,-4.6E-02));
#1729 = VECTOR('',#1730,1.);
#1730 = DIRECTION('',(0.,0.,1.));
#1731 = ORIENTED_EDGE('',*,*,#1708,.F.);
#1732 = ORIENTED_EDGE('',*,*,#1726,.F.);
#1733 = CYLINDRICAL_SURFACE('',#1734,0.225);
#1734 = AXIS2_PLACEMENT_3D('',#1735,#1736,#1737);
#1735 = CARTESIAN_POINT('',(3.9,-10.14,-4.6E-02));
#1736 = DIRECTION('',(-0.,-0.,-1.));
#1737 = DIRECTION('',(-0.,-1.,0.));
#1738 = MANIFOLD_SOLID_BREP('',#1739);
#1739 = CLOSED_SHELL('',(#1740,#1780,#1811,#1874,#1908,#1925,#1937,#1962
    ,#1979));
#1740 = ADVANCED_FACE('',(#1741),#1775,.T.);
#1741 = FACE_BOUND('',#1742,.T.);
#1742 = EDGE_LOOP('',(#1743,#1753,#1761,#1769));
#1743 = ORIENTED_EDGE('',*,*,#1744,.T.);
#1744 = EDGE_CURVE('',#1745,#1747,#1749,.T.);
#1745 = VERTEX_POINT('',#1746);
#1746 = CARTESIAN_POINT('',(4.395,-10.59,0.51));
#1747 = VERTEX_POINT('',#1748);
#1748 = CARTESIAN_POINT('',(4.395,-10.59,0.55));
#1749 = LINE('',#1750,#1751);
#1750 = CARTESIAN_POINT('',(4.395,-10.59,0.51));
#1751 = VECTOR('',#1752,1.);
#1752 = DIRECTION('',(0.,0.,1.));
#1753 = ORIENTED_EDGE('',*,*,#1754,.T.);
#1754 = EDGE_CURVE('',#1747,#1755,#1757,.T.);
#1755 = VERTEX_POINT('',#1756);
#1756 = CARTESIAN_POINT('',(4.395,-9.79,0.55));
#1757 = LINE('',#1758,#1759);
#1758 = CARTESIAN_POINT('',(4.395,-10.59,0.55));
#1759 = VECTOR('',#1760,1.);
#1760 = DIRECTION('',(0.,1.,0.));
#1761 = ORIENTED_EDGE('',*,*,#1762,.F.);
#1762 = EDGE_CURVE('',#1763,#1755,#1765,.T.);
#1763 = VERTEX_POINT('',#1764);
#1764 = CARTESIAN_POINT('',(4.395,-9.79,0.51));
#1765 = LINE('',#1766,#1767);
#1766 = CARTESIAN_POINT('',(4.395,-9.79,0.51));
#1767 = VECTOR('',#1768,1.);
#1768 = DIRECTION('',(0.,0.,1.));
#1769 = ORIENTED_EDGE('',*,*,#1770,.F.);
#1770 = EDGE_CURVE('',#1745,#1763,#1771,.T.);
#1771 = LINE('',#1772,#1773);
#1772 = CARTESIAN_POINT('',(4.395,-10.59,0.51));
#1773 = VECTOR('',#1774,1.);
#1774 = DIRECTION('',(0.,1.,0.));
#1775 = PLANE('',#1776);
#1776 = AXIS2_PLACEMENT_3D('',#1777,#1778,#1779);
#1777 = CARTESIAN_POINT('',(4.395,-10.59,0.51));
#1778 = DIRECTION('',(-1.,0.,0.));
#1779 = DIRECTION('',(0.,1.,0.));
#1780 = ADVANCED_FACE('',(#1781),#1806,.T.);
#1781 = FACE_BOUND('',#1782,.T.);
#1782 = EDGE_LOOP('',(#1783,#1793,#1799,#1800));
#1783 = ORIENTED_EDGE('',*,*,#1784,.T.);
#1784 = EDGE_CURVE('',#1785,#1787,#1789,.T.);
#1785 = VERTEX_POINT('',#1786);
#1786 = CARTESIAN_POINT('',(5.045,-10.59,0.51));
#1787 = VERTEX_POINT('',#1788);
#1788 = CARTESIAN_POINT('',(5.045,-10.59,0.55));
#1789 = LINE('',#1790,#1791);
#1790 = CARTESIAN_POINT('',(5.045,-10.59,0.51));
#1791 = VECTOR('',#1792,1.);
#1792 = DIRECTION('',(0.,0.,1.));
#1793 = ORIENTED_EDGE('',*,*,#1794,.T.);
#1794 = EDGE_CURVE('',#1787,#1747,#1795,.T.);
#1795 = LINE('',#1796,#1797);
#1796 = CARTESIAN_POINT('',(5.045,-10.59,0.55));
#1797 = VECTOR('',#1798,1.);
#1798 = DIRECTION('',(-1.,0.,0.));
#1799 = ORIENTED_EDGE('',*,*,#1744,.F.);
#1800 = ORIENTED_EDGE('',*,*,#1801,.F.);
#1801 = EDGE_CURVE('',#1785,#1745,#1802,.T.);
#1802 = LINE('',#1803,#1804);
#1803 = CARTESIAN_POINT('',(5.045,-10.59,0.51));
#1804 = VECTOR('',#1805,1.);
#1805 = DIRECTION('',(-1.,0.,0.));
#1806 = PLANE('',#1807);
#1807 = AXIS2_PLACEMENT_3D('',#1808,#1809,#1810);
#1808 = CARTESIAN_POINT('',(5.045,-10.59,0.51));
#1809 = DIRECTION('',(0.,-1.,0.));
#1810 = DIRECTION('',(-1.,0.,0.));
#1811 = ADVANCED_FACE('',(#1812),#1869,.T.);
#1812 = FACE_BOUND('',#1813,.T.);
#1813 = EDGE_LOOP('',(#1814,#1822,#1823,#1831,#1839,#1847,#1855,#1863));
#1814 = ORIENTED_EDGE('',*,*,#1815,.F.);
#1815 = EDGE_CURVE('',#1763,#1816,#1818,.T.);
#1816 = VERTEX_POINT('',#1817);
#1817 = CARTESIAN_POINT('',(4.660628289565,-9.79,0.51));
#1818 = LINE('',#1819,#1820);
#1819 = CARTESIAN_POINT('',(4.395,-9.79,0.51));
#1820 = VECTOR('',#1821,1.);
#1821 = DIRECTION('',(1.,0.,0.));
#1822 = ORIENTED_EDGE('',*,*,#1762,.T.);
#1823 = ORIENTED_EDGE('',*,*,#1824,.T.);
#1824 = EDGE_CURVE('',#1755,#1825,#1827,.T.);
#1825 = VERTEX_POINT('',#1826);
#1826 = CARTESIAN_POINT('',(5.045,-9.79,0.55));
#1827 = LINE('',#1828,#1829);
#1828 = CARTESIAN_POINT('',(4.395,-9.79,0.55));
#1829 = VECTOR('',#1830,1.);
#1830 = DIRECTION('',(1.,0.,0.));
#1831 = ORIENTED_EDGE('',*,*,#1832,.F.);
#1832 = EDGE_CURVE('',#1833,#1825,#1835,.T.);
#1833 = VERTEX_POINT('',#1834);
#1834 = CARTESIAN_POINT('',(5.045,-9.79,0.51));
#1835 = LINE('',#1836,#1837);
#1836 = CARTESIAN_POINT('',(5.045,-9.79,0.51));
#1837 = VECTOR('',#1838,1.);
#1838 = DIRECTION('',(0.,0.,1.));
#1839 = ORIENTED_EDGE('',*,*,#1840,.F.);
#1840 = EDGE_CURVE('',#1841,#1833,#1843,.T.);
#1841 = VERTEX_POINT('',#1842);
#1842 = CARTESIAN_POINT('',(4.779371710435,-9.79,0.51));
#1843 = LINE('',#1844,#1845);
#1844 = CARTESIAN_POINT('',(4.395,-9.79,0.51));
#1845 = VECTOR('',#1846,1.);
#1846 = DIRECTION('',(1.,0.,0.));
#1847 = ORIENTED_EDGE('',*,*,#1848,.F.);
#1848 = EDGE_CURVE('',#1849,#1841,#1851,.T.);
#1849 = VERTEX_POINT('',#1850);
#1850 = CARTESIAN_POINT('',(4.779371710435,-9.79,0.546));
#1851 = LINE('',#1852,#1853);
#1852 = CARTESIAN_POINT('',(4.779371710435,-9.79,-3.6E-02));
#1853 = VECTOR('',#1854,1.);
#1854 = DIRECTION('',(-0.,-0.,-1.));
#1855 = ORIENTED_EDGE('',*,*,#1856,.F.);
#1856 = EDGE_CURVE('',#1857,#1849,#1859,.T.);
#1857 = VERTEX_POINT('',#1858);
#1858 = CARTESIAN_POINT('',(4.660628289565,-9.79,0.546));
#1859 = LINE('',#1860,#1861);
#1860 = CARTESIAN_POINT('',(4.5575,-9.79,0.546));
#1861 = VECTOR('',#1862,1.);
#1862 = DIRECTION('',(1.,0.,0.));
#1863 = ORIENTED_EDGE('',*,*,#1864,.T.);
#1864 = EDGE_CURVE('',#1857,#1816,#1865,.T.);
#1865 = LINE('',#1866,#1867);
#1866 = CARTESIAN_POINT('',(4.660628289565,-9.79,-3.6E-02));
#1867 = VECTOR('',#1868,1.);
#1868 = DIRECTION('',(-0.,-0.,-1.));
#1869 = PLANE('',#1870);
#1870 = AXIS2_PLACEMENT_3D('',#1871,#1872,#1873);
#1871 = CARTESIAN_POINT('',(4.395,-9.79,0.51));
#1872 = DIRECTION('',(0.,1.,0.));
#1873 = DIRECTION('',(1.,0.,0.));
#1874 = ADVANCED_FACE('',(#1875),#1903,.F.);
#1875 = FACE_BOUND('',#1876,.F.);
#1876 = EDGE_LOOP('',(#1877,#1878,#1879,#1885,#1886,#1895,#1902));
#1877 = ORIENTED_EDGE('',*,*,#1770,.F.);
#1878 = ORIENTED_EDGE('',*,*,#1801,.F.);
#1879 = ORIENTED_EDGE('',*,*,#1880,.F.);
#1880 = EDGE_CURVE('',#1833,#1785,#1881,.T.);
#1881 = LINE('',#1882,#1883);
#1882 = CARTESIAN_POINT('',(5.045,-9.79,0.51));
#1883 = VECTOR('',#1884,1.);
#1884 = DIRECTION('',(0.,-1.,0.));
#1885 = ORIENTED_EDGE('',*,*,#1840,.F.);
#1886 = ORIENTED_EDGE('',*,*,#1887,.T.);
#1887 = EDGE_CURVE('',#1841,#1888,#1890,.T.);
#1888 = VERTEX_POINT('',#1889);
#1889 = CARTESIAN_POINT('',(4.72,-10.025,0.51));
#1890 = CIRCLE('',#1891,0.125);
#1891 = AXIS2_PLACEMENT_3D('',#1892,#1893,#1894);
#1892 = CARTESIAN_POINT('',(4.72,-9.9,0.51));
#1893 = DIRECTION('',(-0.,0.,-1.));
#1894 = DIRECTION('',(-0.,-1.,0.));
#1895 = ORIENTED_EDGE('',*,*,#1896,.T.);
#1896 = EDGE_CURVE('',#1888,#1816,#1897,.T.);
#1897 = CIRCLE('',#1898,0.125);
#1898 = AXIS2_PLACEMENT_3D('',#1899,#1900,#1901);
#1899 = CARTESIAN_POINT('',(4.72,-9.9,0.51));
#1900 = DIRECTION('',(-0.,0.,-1.));
#1901 = DIRECTION('',(-0.,-1.,0.));
#1902 = ORIENTED_EDGE('',*,*,#1815,.F.);
#1903 = PLANE('',#1904);
#1904 = AXIS2_PLACEMENT_3D('',#1905,#1906,#1907);
#1905 = CARTESIAN_POINT('',(0.,0.,0.51));
#1906 = DIRECTION('',(0.,0.,1.));
#1907 = DIRECTION('',(1.,0.,-0.));
#1908 = ADVANCED_FACE('',(#1909),#1920,.T.);
#1909 = FACE_BOUND('',#1910,.F.);
#1910 = EDGE_LOOP('',(#1911,#1912,#1913,#1919));
#1911 = ORIENTED_EDGE('',*,*,#1754,.T.);
#1912 = ORIENTED_EDGE('',*,*,#1824,.T.);
#1913 = ORIENTED_EDGE('',*,*,#1914,.T.);
#1914 = EDGE_CURVE('',#1825,#1787,#1915,.T.);
#1915 = LINE('',#1916,#1917);
#1916 = CARTESIAN_POINT('',(5.045,-9.79,0.55));
#1917 = VECTOR('',#1918,1.);
#1918 = DIRECTION('',(0.,-1.,0.));
#1919 = ORIENTED_EDGE('',*,*,#1794,.T.);
#1920 = PLANE('',#1921);
#1921 = AXIS2_PLACEMENT_3D('',#1922,#1923,#1924);
#1922 = CARTESIAN_POINT('',(0.,0.,0.55));
#1923 = DIRECTION('',(0.,0.,1.));
#1924 = DIRECTION('',(1.,0.,-0.));
#1925 = ADVANCED_FACE('',(#1926),#1932,.T.);
#1926 = FACE_BOUND('',#1927,.T.);
#1927 = EDGE_LOOP('',(#1928,#1929,#1930,#1931));
#1928 = ORIENTED_EDGE('',*,*,#1832,.T.);
#1929 = ORIENTED_EDGE('',*,*,#1914,.T.);
#1930 = ORIENTED_EDGE('',*,*,#1784,.F.);
#1931 = ORIENTED_EDGE('',*,*,#1880,.F.);
#1932 = PLANE('',#1933);
#1933 = AXIS2_PLACEMENT_3D('',#1934,#1935,#1936);
#1934 = CARTESIAN_POINT('',(5.045,-9.79,0.51));
#1935 = DIRECTION('',(1.,0.,-0.));
#1936 = DIRECTION('',(0.,-1.,0.));
#1937 = ADVANCED_FACE('',(#1938),#1957,.F.);
#1938 = FACE_BOUND('',#1939,.T.);
#1939 = EDGE_LOOP('',(#1940,#1948,#1949,#1950));
#1940 = ORIENTED_EDGE('',*,*,#1941,.F.);
#1941 = EDGE_CURVE('',#1888,#1942,#1944,.T.);
#1942 = VERTEX_POINT('',#1943);
#1943 = CARTESIAN_POINT('',(4.72,-10.025,0.546));
#1944 = LINE('',#1945,#1946);
#1945 = CARTESIAN_POINT('',(4.72,-10.025,-3.6E-02));
#1946 = VECTOR('',#1947,1.);
#1947 = DIRECTION('',(0.,0.,1.));
#1948 = ORIENTED_EDGE('',*,*,#1896,.T.);
#1949 = ORIENTED_EDGE('',*,*,#1864,.F.);
#1950 = ORIENTED_EDGE('',*,*,#1951,.T.);
#1951 = EDGE_CURVE('',#1857,#1942,#1952,.T.);
#1952 = CIRCLE('',#1953,0.125);
#1953 = AXIS2_PLACEMENT_3D('',#1954,#1955,#1956);
#1954 = CARTESIAN_POINT('',(4.72,-9.9,0.546));
#1955 = DIRECTION('',(0.,0.,1.));
#1956 = DIRECTION('',(-0.,-1.,0.));
#1957 = CYLINDRICAL_SURFACE('',#1958,0.125);
#1958 = AXIS2_PLACEMENT_3D('',#1959,#1960,#1961);
#1959 = CARTESIAN_POINT('',(4.72,-9.9,-3.6E-02));
#1960 = DIRECTION('',(-0.,-0.,-1.));
#1961 = DIRECTION('',(-0.,-1.,0.));
#1962 = ADVANCED_FACE('',(#1963),#1974,.F.);
#1963 = FACE_BOUND('',#1964,.F.);
#1964 = EDGE_LOOP('',(#1965,#1966,#1973));
#1965 = ORIENTED_EDGE('',*,*,#1951,.T.);
#1966 = ORIENTED_EDGE('',*,*,#1967,.T.);
#1967 = EDGE_CURVE('',#1942,#1849,#1968,.T.);
#1968 = CIRCLE('',#1969,0.125);
#1969 = AXIS2_PLACEMENT_3D('',#1970,#1971,#1972);
#1970 = CARTESIAN_POINT('',(4.72,-9.9,0.546));
#1971 = DIRECTION('',(0.,0.,1.));
#1972 = DIRECTION('',(-0.,-1.,0.));
#1973 = ORIENTED_EDGE('',*,*,#1856,.F.);
#1974 = PLANE('',#1975);
#1975 = AXIS2_PLACEMENT_3D('',#1976,#1977,#1978);
#1976 = CARTESIAN_POINT('',(4.72,-10.025,0.546));
#1977 = DIRECTION('',(0.,0.,1.));
#1978 = DIRECTION('',(1.,0.,-0.));
#1979 = ADVANCED_FACE('',(#1980),#1986,.F.);
#1980 = FACE_BOUND('',#1981,.T.);
#1981 = EDGE_LOOP('',(#1982,#1983,#1984,#1985));
#1982 = ORIENTED_EDGE('',*,*,#1887,.T.);
#1983 = ORIENTED_EDGE('',*,*,#1941,.T.);
#1984 = ORIENTED_EDGE('',*,*,#1967,.T.);
#1985 = ORIENTED_EDGE('',*,*,#1848,.T.);
#1986 = CYLINDRICAL_SURFACE('',#1987,0.125);
#1987 = AXIS2_PLACEMENT_3D('',#1988,#1989,#1990);
#1988 = CARTESIAN_POINT('',(4.72,-9.9,-3.6E-02));
#1989 = DIRECTION('',(-0.,-0.,-1.));
#1990 = DIRECTION('',(-0.,-1.,0.));
#1991 = MANIFOLD_SOLID_BREP('',#1992);
#1992 = CLOSED_SHELL('',(#1993,#2033,#2064,#2127,#2161,#2178,#2190,#2215
    ,#2232));
#1993 = ADVANCED_FACE('',(#1994),#2028,.T.);
#1994 = FACE_BOUND('',#1995,.T.);
#1995 = EDGE_LOOP('',(#1996,#2006,#2014,#2022));
#1996 = ORIENTED_EDGE('',*,*,#1997,.T.);
#1997 = EDGE_CURVE('',#1998,#2000,#2002,.T.);
#1998 = VERTEX_POINT('',#1999);
#1999 = CARTESIAN_POINT('',(10.955,-10.59,0.51));
#2000 = VERTEX_POINT('',#2001);
#2001 = CARTESIAN_POINT('',(10.955,-10.59,0.55));
#2002 = LINE('',#2003,#2004);
#2003 = CARTESIAN_POINT('',(10.955,-10.59,0.51));
#2004 = VECTOR('',#2005,1.);
#2005 = DIRECTION('',(0.,0.,1.));
#2006 = ORIENTED_EDGE('',*,*,#2007,.T.);
#2007 = EDGE_CURVE('',#2000,#2008,#2010,.T.);
#2008 = VERTEX_POINT('',#2009);
#2009 = CARTESIAN_POINT('',(10.955,-9.79,0.55));
#2010 = LINE('',#2011,#2012);
#2011 = CARTESIAN_POINT('',(10.955,-10.59,0.55));
#2012 = VECTOR('',#2013,1.);
#2013 = DIRECTION('',(0.,1.,0.));
#2014 = ORIENTED_EDGE('',*,*,#2015,.F.);
#2015 = EDGE_CURVE('',#2016,#2008,#2018,.T.);
#2016 = VERTEX_POINT('',#2017);
#2017 = CARTESIAN_POINT('',(10.955,-9.79,0.51));
#2018 = LINE('',#2019,#2020);
#2019 = CARTESIAN_POINT('',(10.955,-9.79,0.51));
#2020 = VECTOR('',#2021,1.);
#2021 = DIRECTION('',(0.,0.,1.));
#2022 = ORIENTED_EDGE('',*,*,#2023,.F.);
#2023 = EDGE_CURVE('',#1998,#2016,#2024,.T.);
#2024 = LINE('',#2025,#2026);
#2025 = CARTESIAN_POINT('',(10.955,-10.59,0.51));
#2026 = VECTOR('',#2027,1.);
#2027 = DIRECTION('',(0.,1.,0.));
#2028 = PLANE('',#2029);
#2029 = AXIS2_PLACEMENT_3D('',#2030,#2031,#2032);
#2030 = CARTESIAN_POINT('',(10.955,-10.59,0.51));
#2031 = DIRECTION('',(-1.,0.,0.));
#2032 = DIRECTION('',(0.,1.,0.));
#2033 = ADVANCED_FACE('',(#2034),#2059,.T.);
#2034 = FACE_BOUND('',#2035,.T.);
#2035 = EDGE_LOOP('',(#2036,#2046,#2052,#2053));
#2036 = ORIENTED_EDGE('',*,*,#2037,.T.);
#2037 = EDGE_CURVE('',#2038,#2040,#2042,.T.);
#2038 = VERTEX_POINT('',#2039);
#2039 = CARTESIAN_POINT('',(11.605,-10.59,0.51));
#2040 = VERTEX_POINT('',#2041);
#2041 = CARTESIAN_POINT('',(11.605,-10.59,0.55));
#2042 = LINE('',#2043,#2044);
#2043 = CARTESIAN_POINT('',(11.605,-10.59,0.51));
#2044 = VECTOR('',#2045,1.);
#2045 = DIRECTION('',(0.,0.,1.));
#2046 = ORIENTED_EDGE('',*,*,#2047,.T.);
#2047 = EDGE_CURVE('',#2040,#2000,#2048,.T.);
#2048 = LINE('',#2049,#2050);
#2049 = CARTESIAN_POINT('',(11.605,-10.59,0.55));
#2050 = VECTOR('',#2051,1.);
#2051 = DIRECTION('',(-1.,0.,0.));
#2052 = ORIENTED_EDGE('',*,*,#1997,.F.);
#2053 = ORIENTED_EDGE('',*,*,#2054,.F.);
#2054 = EDGE_CURVE('',#2038,#1998,#2055,.T.);
#2055 = LINE('',#2056,#2057);
#2056 = CARTESIAN_POINT('',(11.605,-10.59,0.51));
#2057 = VECTOR('',#2058,1.);
#2058 = DIRECTION('',(-1.,0.,0.));
#2059 = PLANE('',#2060);
#2060 = AXIS2_PLACEMENT_3D('',#2061,#2062,#2063);
#2061 = CARTESIAN_POINT('',(11.605,-10.59,0.51));
#2062 = DIRECTION('',(0.,-1.,0.));
#2063 = DIRECTION('',(-1.,0.,0.));
#2064 = ADVANCED_FACE('',(#2065),#2122,.T.);
#2065 = FACE_BOUND('',#2066,.T.);
#2066 = EDGE_LOOP('',(#2067,#2075,#2076,#2084,#2092,#2100,#2108,#2116));
#2067 = ORIENTED_EDGE('',*,*,#2068,.F.);
#2068 = EDGE_CURVE('',#2016,#2069,#2071,.T.);
#2069 = VERTEX_POINT('',#2070);
#2070 = CARTESIAN_POINT('',(11.220628289565,-9.79,0.51));
#2071 = LINE('',#2072,#2073);
#2072 = CARTESIAN_POINT('',(10.955,-9.79,0.51));
#2073 = VECTOR('',#2074,1.);
#2074 = DIRECTION('',(1.,0.,0.));
#2075 = ORIENTED_EDGE('',*,*,#2015,.T.);
#2076 = ORIENTED_EDGE('',*,*,#2077,.T.);
#2077 = EDGE_CURVE('',#2008,#2078,#2080,.T.);
#2078 = VERTEX_POINT('',#2079);
#2079 = CARTESIAN_POINT('',(11.605,-9.79,0.55));
#2080 = LINE('',#2081,#2082);
#2081 = CARTESIAN_POINT('',(10.955,-9.79,0.55));
#2082 = VECTOR('',#2083,1.);
#2083 = DIRECTION('',(1.,0.,0.));
#2084 = ORIENTED_EDGE('',*,*,#2085,.F.);
#2085 = EDGE_CURVE('',#2086,#2078,#2088,.T.);
#2086 = VERTEX_POINT('',#2087);
#2087 = CARTESIAN_POINT('',(11.605,-9.79,0.51));
#2088 = LINE('',#2089,#2090);
#2089 = CARTESIAN_POINT('',(11.605,-9.79,0.51));
#2090 = VECTOR('',#2091,1.);
#2091 = DIRECTION('',(0.,0.,1.));
#2092 = ORIENTED_EDGE('',*,*,#2093,.F.);
#2093 = EDGE_CURVE('',#2094,#2086,#2096,.T.);
#2094 = VERTEX_POINT('',#2095);
#2095 = CARTESIAN_POINT('',(11.339371710435,-9.79,0.51));
#2096 = LINE('',#2097,#2098);
#2097 = CARTESIAN_POINT('',(10.955,-9.79,0.51));
#2098 = VECTOR('',#2099,1.);
#2099 = DIRECTION('',(1.,0.,0.));
#2100 = ORIENTED_EDGE('',*,*,#2101,.F.);
#2101 = EDGE_CURVE('',#2102,#2094,#2104,.T.);
#2102 = VERTEX_POINT('',#2103);
#2103 = CARTESIAN_POINT('',(11.339371710435,-9.79,0.546));
#2104 = LINE('',#2105,#2106);
#2105 = CARTESIAN_POINT('',(11.339371710435,-9.79,-3.6E-02));
#2106 = VECTOR('',#2107,1.);
#2107 = DIRECTION('',(-0.,-0.,-1.));
#2108 = ORIENTED_EDGE('',*,*,#2109,.F.);
#2109 = EDGE_CURVE('',#2110,#2102,#2112,.T.);
#2110 = VERTEX_POINT('',#2111);
#2111 = CARTESIAN_POINT('',(11.220628289565,-9.79,0.546));
#2112 = LINE('',#2113,#2114);
#2113 = CARTESIAN_POINT('',(11.1175,-9.79,0.546));
#2114 = VECTOR('',#2115,1.);
#2115 = DIRECTION('',(1.,0.,0.));
#2116 = ORIENTED_EDGE('',*,*,#2117,.T.);
#2117 = EDGE_CURVE('',#2110,#2069,#2118,.T.);
#2118 = LINE('',#2119,#2120);
#2119 = CARTESIAN_POINT('',(11.220628289565,-9.79,-3.6E-02));
#2120 = VECTOR('',#2121,1.);
#2121 = DIRECTION('',(-0.,-0.,-1.));
#2122 = PLANE('',#2123);
#2123 = AXIS2_PLACEMENT_3D('',#2124,#2125,#2126);
#2124 = CARTESIAN_POINT('',(10.955,-9.79,0.51));
#2125 = DIRECTION('',(0.,1.,0.));
#2126 = DIRECTION('',(1.,0.,0.));
#2127 = ADVANCED_FACE('',(#2128),#2156,.F.);
#2128 = FACE_BOUND('',#2129,.F.);
#2129 = EDGE_LOOP('',(#2130,#2131,#2132,#2138,#2139,#2148,#2155));
#2130 = ORIENTED_EDGE('',*,*,#2023,.F.);
#2131 = ORIENTED_EDGE('',*,*,#2054,.F.);
#2132 = ORIENTED_EDGE('',*,*,#2133,.F.);
#2133 = EDGE_CURVE('',#2086,#2038,#2134,.T.);
#2134 = LINE('',#2135,#2136);
#2135 = CARTESIAN_POINT('',(11.605,-9.79,0.51));
#2136 = VECTOR('',#2137,1.);
#2137 = DIRECTION('',(0.,-1.,0.));
#2138 = ORIENTED_EDGE('',*,*,#2093,.F.);
#2139 = ORIENTED_EDGE('',*,*,#2140,.T.);
#2140 = EDGE_CURVE('',#2094,#2141,#2143,.T.);
#2141 = VERTEX_POINT('',#2142);
#2142 = CARTESIAN_POINT('',(11.28,-10.025,0.51));
#2143 = CIRCLE('',#2144,0.125);
#2144 = AXIS2_PLACEMENT_3D('',#2145,#2146,#2147);
#2145 = CARTESIAN_POINT('',(11.28,-9.9,0.51));
#2146 = DIRECTION('',(-0.,0.,-1.));
#2147 = DIRECTION('',(-0.,-1.,0.));
#2148 = ORIENTED_EDGE('',*,*,#2149,.T.);
#2149 = EDGE_CURVE('',#2141,#2069,#2150,.T.);
#2150 = CIRCLE('',#2151,0.125);
#2151 = AXIS2_PLACEMENT_3D('',#2152,#2153,#2154);
#2152 = CARTESIAN_POINT('',(11.28,-9.9,0.51));
#2153 = DIRECTION('',(-0.,0.,-1.));
#2154 = DIRECTION('',(-0.,-1.,0.));
#2155 = ORIENTED_EDGE('',*,*,#2068,.F.);
#2156 = PLANE('',#2157);
#2157 = AXIS2_PLACEMENT_3D('',#2158,#2159,#2160);
#2158 = CARTESIAN_POINT('',(0.,0.,0.51));
#2159 = DIRECTION('',(0.,0.,1.));
#2160 = DIRECTION('',(1.,0.,-0.));
#2161 = ADVANCED_FACE('',(#2162),#2173,.T.);
#2162 = FACE_BOUND('',#2163,.F.);
#2163 = EDGE_LOOP('',(#2164,#2165,#2166,#2172));
#2164 = ORIENTED_EDGE('',*,*,#2007,.T.);
#2165 = ORIENTED_EDGE('',*,*,#2077,.T.);
#2166 = ORIENTED_EDGE('',*,*,#2167,.T.);
#2167 = EDGE_CURVE('',#2078,#2040,#2168,.T.);
#2168 = LINE('',#2169,#2170);
#2169 = CARTESIAN_POINT('',(11.605,-9.79,0.55));
#2170 = VECTOR('',#2171,1.);
#2171 = DIRECTION('',(0.,-1.,0.));
#2172 = ORIENTED_EDGE('',*,*,#2047,.T.);
#2173 = PLANE('',#2174);
#2174 = AXIS2_PLACEMENT_3D('',#2175,#2176,#2177);
#2175 = CARTESIAN_POINT('',(0.,0.,0.55));
#2176 = DIRECTION('',(0.,0.,1.));
#2177 = DIRECTION('',(1.,0.,-0.));
#2178 = ADVANCED_FACE('',(#2179),#2185,.T.);
#2179 = FACE_BOUND('',#2180,.T.);
#2180 = EDGE_LOOP('',(#2181,#2182,#2183,#2184));
#2181 = ORIENTED_EDGE('',*,*,#2085,.T.);
#2182 = ORIENTED_EDGE('',*,*,#2167,.T.);
#2183 = ORIENTED_EDGE('',*,*,#2037,.F.);
#2184 = ORIENTED_EDGE('',*,*,#2133,.F.);
#2185 = PLANE('',#2186);
#2186 = AXIS2_PLACEMENT_3D('',#2187,#2188,#2189);
#2187 = CARTESIAN_POINT('',(11.605,-9.79,0.51));
#2188 = DIRECTION('',(1.,0.,-0.));
#2189 = DIRECTION('',(0.,-1.,0.));
#2190 = ADVANCED_FACE('',(#2191),#2210,.F.);
#2191 = FACE_BOUND('',#2192,.T.);
#2192 = EDGE_LOOP('',(#2193,#2201,#2202,#2203));
#2193 = ORIENTED_EDGE('',*,*,#2194,.F.);
#2194 = EDGE_CURVE('',#2141,#2195,#2197,.T.);
#2195 = VERTEX_POINT('',#2196);
#2196 = CARTESIAN_POINT('',(11.28,-10.025,0.546));
#2197 = LINE('',#2198,#2199);
#2198 = CARTESIAN_POINT('',(11.28,-10.025,-3.6E-02));
#2199 = VECTOR('',#2200,1.);
#2200 = DIRECTION('',(0.,0.,1.));
#2201 = ORIENTED_EDGE('',*,*,#2149,.T.);
#2202 = ORIENTED_EDGE('',*,*,#2117,.F.);
#2203 = ORIENTED_EDGE('',*,*,#2204,.T.);
#2204 = EDGE_CURVE('',#2110,#2195,#2205,.T.);
#2205 = CIRCLE('',#2206,0.125);
#2206 = AXIS2_PLACEMENT_3D('',#2207,#2208,#2209);
#2207 = CARTESIAN_POINT('',(11.28,-9.9,0.546));
#2208 = DIRECTION('',(0.,0.,1.));
#2209 = DIRECTION('',(-0.,-1.,0.));
#2210 = CYLINDRICAL_SURFACE('',#2211,0.125);
#2211 = AXIS2_PLACEMENT_3D('',#2212,#2213,#2214);
#2212 = CARTESIAN_POINT('',(11.28,-9.9,-3.6E-02));
#2213 = DIRECTION('',(-0.,-0.,-1.));
#2214 = DIRECTION('',(-0.,-1.,0.));
#2215 = ADVANCED_FACE('',(#2216),#2227,.F.);
#2216 = FACE_BOUND('',#2217,.F.);
#2217 = EDGE_LOOP('',(#2218,#2219,#2226));
#2218 = ORIENTED_EDGE('',*,*,#2204,.T.);
#2219 = ORIENTED_EDGE('',*,*,#2220,.T.);
#2220 = EDGE_CURVE('',#2195,#2102,#2221,.T.);
#2221 = CIRCLE('',#2222,0.125);
#2222 = AXIS2_PLACEMENT_3D('',#2223,#2224,#2225);
#2223 = CARTESIAN_POINT('',(11.28,-9.9,0.546));
#2224 = DIRECTION('',(0.,0.,1.));
#2225 = DIRECTION('',(-0.,-1.,0.));
#2226 = ORIENTED_EDGE('',*,*,#2109,.F.);
#2227 = PLANE('',#2228);
#2228 = AXIS2_PLACEMENT_3D('',#2229,#2230,#2231);
#2229 = CARTESIAN_POINT('',(11.28,-10.025,0.546));
#2230 = DIRECTION('',(0.,0.,1.));
#2231 = DIRECTION('',(1.,0.,-0.));
#2232 = ADVANCED_FACE('',(#2233),#2239,.F.);
#2233 = FACE_BOUND('',#2234,.T.);
#2234 = EDGE_LOOP('',(#2235,#2236,#2237,#2238));
#2235 = ORIENTED_EDGE('',*,*,#2140,.T.);
#2236 = ORIENTED_EDGE('',*,*,#2194,.T.);
#2237 = ORIENTED_EDGE('',*,*,#2220,.T.);
#2238 = ORIENTED_EDGE('',*,*,#2101,.T.);
#2239 = CYLINDRICAL_SURFACE('',#2240,0.125);
#2240 = AXIS2_PLACEMENT_3D('',#2241,#2242,#2243);
#2241 = CARTESIAN_POINT('',(11.28,-9.9,-3.6E-02));
#2242 = DIRECTION('',(-0.,-0.,-1.));
#2243 = DIRECTION('',(-0.,-1.,0.));
#2244 = MANIFOLD_SOLID_BREP('',#2245);
#2245 = CLOSED_SHELL('',(#2246,#2286,#2317,#2380,#2414,#2431,#2443,#2468
    ,#2485));
#2246 = ADVANCED_FACE('',(#2247),#2281,.T.);
#2247 = FACE_BOUND('',#2248,.T.);
#2248 = EDGE_LOOP('',(#2249,#2259,#2267,#2275));
#2249 = ORIENTED_EDGE('',*,*,#2250,.T.);
#2250 = EDGE_CURVE('',#2251,#2253,#2255,.T.);
#2251 = VERTEX_POINT('',#2252);
#2252 = CARTESIAN_POINT('',(10.955,-10.59,0.51));
#2253 = VERTEX_POINT('',#2254);
#2254 = CARTESIAN_POINT('',(10.955,-10.59,0.55));
#2255 = LINE('',#2256,#2257);
#2256 = CARTESIAN_POINT('',(10.955,-10.59,0.51));
#2257 = VECTOR('',#2258,1.);
#2258 = DIRECTION('',(0.,0.,1.));
#2259 = ORIENTED_EDGE('',*,*,#2260,.T.);
#2260 = EDGE_CURVE('',#2253,#2261,#2263,.T.);
#2261 = VERTEX_POINT('',#2262);
#2262 = CARTESIAN_POINT('',(10.955,-9.79,0.55));
#2263 = LINE('',#2264,#2265);
#2264 = CARTESIAN_POINT('',(10.955,-10.59,0.55));
#2265 = VECTOR('',#2266,1.);
#2266 = DIRECTION('',(0.,1.,0.));
#2267 = ORIENTED_EDGE('',*,*,#2268,.F.);
#2268 = EDGE_CURVE('',#2269,#2261,#2271,.T.);
#2269 = VERTEX_POINT('',#2270);
#2270 = CARTESIAN_POINT('',(10.955,-9.79,0.51));
#2271 = LINE('',#2272,#2273);
#2272 = CARTESIAN_POINT('',(10.955,-9.79,0.51));
#2273 = VECTOR('',#2274,1.);
#2274 = DIRECTION('',(0.,0.,1.));
#2275 = ORIENTED_EDGE('',*,*,#2276,.F.);
#2276 = EDGE_CURVE('',#2251,#2269,#2277,.T.);
#2277 = LINE('',#2278,#2279);
#2278 = CARTESIAN_POINT('',(10.955,-10.59,0.51));
#2279 = VECTOR('',#2280,1.);
#2280 = DIRECTION('',(0.,1.,0.));
#2281 = PLANE('',#2282);
#2282 = AXIS2_PLACEMENT_3D('',#2283,#2284,#2285);
#2283 = CARTESIAN_POINT('',(10.955,-10.59,0.51));
#2284 = DIRECTION('',(-1.,0.,0.));
#2285 = DIRECTION('',(0.,1.,0.));
#2286 = ADVANCED_FACE('',(#2287),#2312,.T.);
#2287 = FACE_BOUND('',#2288,.T.);
#2288 = EDGE_LOOP('',(#2289,#2299,#2305,#2306));
#2289 = ORIENTED_EDGE('',*,*,#2290,.T.);
#2290 = EDGE_CURVE('',#2291,#2293,#2295,.T.);
#2291 = VERTEX_POINT('',#2292);
#2292 = CARTESIAN_POINT('',(11.605,-10.59,0.51));
#2293 = VERTEX_POINT('',#2294);
#2294 = CARTESIAN_POINT('',(11.605,-10.59,0.55));
#2295 = LINE('',#2296,#2297);
#2296 = CARTESIAN_POINT('',(11.605,-10.59,0.51));
#2297 = VECTOR('',#2298,1.);
#2298 = DIRECTION('',(0.,0.,1.));
#2299 = ORIENTED_EDGE('',*,*,#2300,.T.);
#2300 = EDGE_CURVE('',#2293,#2253,#2301,.T.);
#2301 = LINE('',#2302,#2303);
#2302 = CARTESIAN_POINT('',(11.605,-10.59,0.55));
#2303 = VECTOR('',#2304,1.);
#2304 = DIRECTION('',(-1.,0.,0.));
#2305 = ORIENTED_EDGE('',*,*,#2250,.F.);
#2306 = ORIENTED_EDGE('',*,*,#2307,.F.);
#2307 = EDGE_CURVE('',#2291,#2251,#2308,.T.);
#2308 = LINE('',#2309,#2310);
#2309 = CARTESIAN_POINT('',(11.605,-10.59,0.51));
#2310 = VECTOR('',#2311,1.);
#2311 = DIRECTION('',(-1.,0.,0.));
#2312 = PLANE('',#2313);
#2313 = AXIS2_PLACEMENT_3D('',#2314,#2315,#2316);
#2314 = CARTESIAN_POINT('',(11.605,-10.59,0.51));
#2315 = DIRECTION('',(0.,-1.,0.));
#2316 = DIRECTION('',(-1.,0.,0.));
#2317 = ADVANCED_FACE('',(#2318),#2375,.T.);
#2318 = FACE_BOUND('',#2319,.T.);
#2319 = EDGE_LOOP('',(#2320,#2328,#2329,#2337,#2345,#2353,#2361,#2369));
#2320 = ORIENTED_EDGE('',*,*,#2321,.F.);
#2321 = EDGE_CURVE('',#2269,#2322,#2324,.T.);
#2322 = VERTEX_POINT('',#2323);
#2323 = CARTESIAN_POINT('',(11.220628289565,-9.79,0.51));
#2324 = LINE('',#2325,#2326);
#2325 = CARTESIAN_POINT('',(10.955,-9.79,0.51));
#2326 = VECTOR('',#2327,1.);
#2327 = DIRECTION('',(1.,0.,0.));
#2328 = ORIENTED_EDGE('',*,*,#2268,.T.);
#2329 = ORIENTED_EDGE('',*,*,#2330,.T.);
#2330 = EDGE_CURVE('',#2261,#2331,#2333,.T.);
#2331 = VERTEX_POINT('',#2332);
#2332 = CARTESIAN_POINT('',(11.605,-9.79,0.55));
#2333 = LINE('',#2334,#2335);
#2334 = CARTESIAN_POINT('',(10.955,-9.79,0.55));
#2335 = VECTOR('',#2336,1.);
#2336 = DIRECTION('',(1.,0.,0.));
#2337 = ORIENTED_EDGE('',*,*,#2338,.F.);
#2338 = EDGE_CURVE('',#2339,#2331,#2341,.T.);
#2339 = VERTEX_POINT('',#2340);
#2340 = CARTESIAN_POINT('',(11.605,-9.79,0.51));
#2341 = LINE('',#2342,#2343);
#2342 = CARTESIAN_POINT('',(11.605,-9.79,0.51));
#2343 = VECTOR('',#2344,1.);
#2344 = DIRECTION('',(0.,0.,1.));
#2345 = ORIENTED_EDGE('',*,*,#2346,.F.);
#2346 = EDGE_CURVE('',#2347,#2339,#2349,.T.);
#2347 = VERTEX_POINT('',#2348);
#2348 = CARTESIAN_POINT('',(11.339371710435,-9.79,0.51));
#2349 = LINE('',#2350,#2351);
#2350 = CARTESIAN_POINT('',(10.955,-9.79,0.51));
#2351 = VECTOR('',#2352,1.);
#2352 = DIRECTION('',(1.,0.,0.));
#2353 = ORIENTED_EDGE('',*,*,#2354,.F.);
#2354 = EDGE_CURVE('',#2355,#2347,#2357,.T.);
#2355 = VERTEX_POINT('',#2356);
#2356 = CARTESIAN_POINT('',(11.339371710435,-9.79,0.546));
#2357 = LINE('',#2358,#2359);
#2358 = CARTESIAN_POINT('',(11.339371710435,-9.79,-3.6E-02));
#2359 = VECTOR('',#2360,1.);
#2360 = DIRECTION('',(-0.,-0.,-1.));
#2361 = ORIENTED_EDGE('',*,*,#2362,.F.);
#2362 = EDGE_CURVE('',#2363,#2355,#2365,.T.);
#2363 = VERTEX_POINT('',#2364);
#2364 = CARTESIAN_POINT('',(11.220628289565,-9.79,0.546));
#2365 = LINE('',#2366,#2367);
#2366 = CARTESIAN_POINT('',(11.1175,-9.79,0.546));
#2367 = VECTOR('',#2368,1.);
#2368 = DIRECTION('',(1.,0.,0.));
#2369 = ORIENTED_EDGE('',*,*,#2370,.T.);
#2370 = EDGE_CURVE('',#2363,#2322,#2371,.T.);
#2371 = LINE('',#2372,#2373);
#2372 = CARTESIAN_POINT('',(11.220628289565,-9.79,-3.6E-02));
#2373 = VECTOR('',#2374,1.);
#2374 = DIRECTION('',(-0.,-0.,-1.));
#2375 = PLANE('',#2376);
#2376 = AXIS2_PLACEMENT_3D('',#2377,#2378,#2379);
#2377 = CARTESIAN_POINT('',(10.955,-9.79,0.51));
#2378 = DIRECTION('',(0.,1.,0.));
#2379 = DIRECTION('',(1.,0.,0.));
#2380 = ADVANCED_FACE('',(#2381),#2409,.F.);
#2381 = FACE_BOUND('',#2382,.F.);
#2382 = EDGE_LOOP('',(#2383,#2384,#2385,#2391,#2392,#2401,#2408));
#2383 = ORIENTED_EDGE('',*,*,#2276,.F.);
#2384 = ORIENTED_EDGE('',*,*,#2307,.F.);
#2385 = ORIENTED_EDGE('',*,*,#2386,.F.);
#2386 = EDGE_CURVE('',#2339,#2291,#2387,.T.);
#2387 = LINE('',#2388,#2389);
#2388 = CARTESIAN_POINT('',(11.605,-9.79,0.51));
#2389 = VECTOR('',#2390,1.);
#2390 = DIRECTION('',(0.,-1.,0.));
#2391 = ORIENTED_EDGE('',*,*,#2346,.F.);
#2392 = ORIENTED_EDGE('',*,*,#2393,.T.);
#2393 = EDGE_CURVE('',#2347,#2394,#2396,.T.);
#2394 = VERTEX_POINT('',#2395);
#2395 = CARTESIAN_POINT('',(11.28,-10.025,0.51));
#2396 = CIRCLE('',#2397,0.125);
#2397 = AXIS2_PLACEMENT_3D('',#2398,#2399,#2400);
#2398 = CARTESIAN_POINT('',(11.28,-9.9,0.51));
#2399 = DIRECTION('',(-0.,0.,-1.));
#2400 = DIRECTION('',(-0.,-1.,0.));
#2401 = ORIENTED_EDGE('',*,*,#2402,.T.);
#2402 = EDGE_CURVE('',#2394,#2322,#2403,.T.);
#2403 = CIRCLE('',#2404,0.125);
#2404 = AXIS2_PLACEMENT_3D('',#2405,#2406,#2407);
#2405 = CARTESIAN_POINT('',(11.28,-9.9,0.51));
#2406 = DIRECTION('',(-0.,0.,-1.));
#2407 = DIRECTION('',(-0.,-1.,0.));
#2408 = ORIENTED_EDGE('',*,*,#2321,.F.);
#2409 = PLANE('',#2410);
#2410 = AXIS2_PLACEMENT_3D('',#2411,#2412,#2413);
#2411 = CARTESIAN_POINT('',(0.,0.,0.51));
#2412 = DIRECTION('',(0.,0.,1.));
#2413 = DIRECTION('',(1.,0.,-0.));
#2414 = ADVANCED_FACE('',(#2415),#2426,.T.);
#2415 = FACE_BOUND('',#2416,.F.);
#2416 = EDGE_LOOP('',(#2417,#2418,#2419,#2425));
#2417 = ORIENTED_EDGE('',*,*,#2260,.T.);
#2418 = ORIENTED_EDGE('',*,*,#2330,.T.);
#2419 = ORIENTED_EDGE('',*,*,#2420,.T.);
#2420 = EDGE_CURVE('',#2331,#2293,#2421,.T.);
#2421 = LINE('',#2422,#2423);
#2422 = CARTESIAN_POINT('',(11.605,-9.79,0.55));
#2423 = VECTOR('',#2424,1.);
#2424 = DIRECTION('',(0.,-1.,0.));
#2425 = ORIENTED_EDGE('',*,*,#2300,.T.);
#2426 = PLANE('',#2427);
#2427 = AXIS2_PLACEMENT_3D('',#2428,#2429,#2430);
#2428 = CARTESIAN_POINT('',(0.,0.,0.55));
#2429 = DIRECTION('',(0.,0.,1.));
#2430 = DIRECTION('',(1.,0.,-0.));
#2431 = ADVANCED_FACE('',(#2432),#2438,.T.);
#2432 = FACE_BOUND('',#2433,.T.);
#2433 = EDGE_LOOP('',(#2434,#2435,#2436,#2437));
#2434 = ORIENTED_EDGE('',*,*,#2338,.T.);
#2435 = ORIENTED_EDGE('',*,*,#2420,.T.);
#2436 = ORIENTED_EDGE('',*,*,#2290,.F.);
#2437 = ORIENTED_EDGE('',*,*,#2386,.F.);
#2438 = PLANE('',#2439);
#2439 = AXIS2_PLACEMENT_3D('',#2440,#2441,#2442);
#2440 = CARTESIAN_POINT('',(11.605,-9.79,0.51));
#2441 = DIRECTION('',(1.,0.,-0.));
#2442 = DIRECTION('',(0.,-1.,0.));
#2443 = ADVANCED_FACE('',(#2444),#2463,.F.);
#2444 = FACE_BOUND('',#2445,.T.);
#2445 = EDGE_LOOP('',(#2446,#2454,#2455,#2456));
#2446 = ORIENTED_EDGE('',*,*,#2447,.F.);
#2447 = EDGE_CURVE('',#2394,#2448,#2450,.T.);
#2448 = VERTEX_POINT('',#2449);
#2449 = CARTESIAN_POINT('',(11.28,-10.025,0.546));
#2450 = LINE('',#2451,#2452);
#2451 = CARTESIAN_POINT('',(11.28,-10.025,-3.6E-02));
#2452 = VECTOR('',#2453,1.);
#2453 = DIRECTION('',(0.,0.,1.));
#2454 = ORIENTED_EDGE('',*,*,#2402,.T.);
#2455 = ORIENTED_EDGE('',*,*,#2370,.F.);
#2456 = ORIENTED_EDGE('',*,*,#2457,.T.);
#2457 = EDGE_CURVE('',#2363,#2448,#2458,.T.);
#2458 = CIRCLE('',#2459,0.125);
#2459 = AXIS2_PLACEMENT_3D('',#2460,#2461,#2462);
#2460 = CARTESIAN_POINT('',(11.28,-9.9,0.546));
#2461 = DIRECTION('',(0.,0.,1.));
#2462 = DIRECTION('',(-0.,-1.,0.));
#2463 = CYLINDRICAL_SURFACE('',#2464,0.125);
#2464 = AXIS2_PLACEMENT_3D('',#2465,#2466,#2467);
#2465 = CARTESIAN_POINT('',(11.28,-9.9,-3.6E-02));
#2466 = DIRECTION('',(-0.,-0.,-1.));
#2467 = DIRECTION('',(-0.,-1.,0.));
#2468 = ADVANCED_FACE('',(#2469),#2480,.F.);
#2469 = FACE_BOUND('',#2470,.F.);
#2470 = EDGE_LOOP('',(#2471,#2472,#2479));
#2471 = ORIENTED_EDGE('',*,*,#2457,.T.);
#2472 = ORIENTED_EDGE('',*,*,#2473,.T.);
#2473 = EDGE_CURVE('',#2448,#2355,#2474,.T.);
#2474 = CIRCLE('',#2475,0.125);
#2475 = AXIS2_PLACEMENT_3D('',#2476,#2477,#2478);
#2476 = CARTESIAN_POINT('',(11.28,-9.9,0.546));
#2477 = DIRECTION('',(0.,0.,1.));
#2478 = DIRECTION('',(-0.,-1.,0.));
#2479 = ORIENTED_EDGE('',*,*,#2362,.F.);
#2480 = PLANE('',#2481);
#2481 = AXIS2_PLACEMENT_3D('',#2482,#2483,#2484);
#2482 = CARTESIAN_POINT('',(11.28,-10.025,0.546));
#2483 = DIRECTION('',(0.,0.,1.));
#2484 = DIRECTION('',(1.,0.,-0.));
#2485 = ADVANCED_FACE('',(#2486),#2492,.F.);
#2486 = FACE_BOUND('',#2487,.T.);
#2487 = EDGE_LOOP('',(#2488,#2489,#2490,#2491));
#2488 = ORIENTED_EDGE('',*,*,#2393,.T.);
#2489 = ORIENTED_EDGE('',*,*,#2447,.T.);
#2490 = ORIENTED_EDGE('',*,*,#2473,.T.);
#2491 = ORIENTED_EDGE('',*,*,#2354,.T.);
#2492 = CYLINDRICAL_SURFACE('',#2493,0.125);
#2493 = AXIS2_PLACEMENT_3D('',#2494,#2495,#2496);
#2494 = CARTESIAN_POINT('',(11.28,-9.9,-3.6E-02));
#2495 = DIRECTION('',(-0.,-0.,-1.));
#2496 = DIRECTION('',(-0.,-1.,0.));
#2497 = MANIFOLD_SOLID_BREP('',#2498);
#2498 = CLOSED_SHELL('',(#2499,#2532,#2552,#2572));
#2499 = ADVANCED_FACE('',(#2500),#2527,.T.);
#2500 = FACE_BOUND('',#2501,.F.);
#2501 = EDGE_LOOP('',(#2502,#2512,#2519,#2520));
#2502 = ORIENTED_EDGE('',*,*,#2503,.T.);
#2503 = EDGE_CURVE('',#2504,#2506,#2508,.T.);
#2504 = VERTEX_POINT('',#2505);
#2505 = CARTESIAN_POINT('',(12.5,-10.14,0.51));
#2506 = VERTEX_POINT('',#2507);
#2507 = CARTESIAN_POINT('',(12.5,-10.14,0.55));
#2508 = LINE('',#2509,#2510);
#2509 = CARTESIAN_POINT('',(12.5,-10.14,0.51));
#2510 = VECTOR('',#2511,1.);
#2511 = DIRECTION('',(0.,0.,1.));
#2512 = ORIENTED_EDGE('',*,*,#2513,.T.);
#2513 = EDGE_CURVE('',#2506,#2506,#2514,.T.);
#2514 = CIRCLE('',#2515,0.4);
#2515 = AXIS2_PLACEMENT_3D('',#2516,#2517,#2518);
#2516 = CARTESIAN_POINT('',(12.1,-10.14,0.55));
#2517 = DIRECTION('',(0.,0.,1.));
#2518 = DIRECTION('',(1.,0.,-0.));
#2519 = ORIENTED_EDGE('',*,*,#2503,.F.);
#2520 = ORIENTED_EDGE('',*,*,#2521,.F.);
#2521 = EDGE_CURVE('',#2504,#2504,#2522,.T.);
#2522 = CIRCLE('',#2523,0.4);
#2523 = AXIS2_PLACEMENT_3D('',#2524,#2525,#2526);
#2524 = CARTESIAN_POINT('',(12.1,-10.14,0.51));
#2525 = DIRECTION('',(0.,0.,1.));
#2526 = DIRECTION('',(1.,0.,-0.));
#2527 = CYLINDRICAL_SURFACE('',#2528,0.4);
#2528 = AXIS2_PLACEMENT_3D('',#2529,#2530,#2531);
#2529 = CARTESIAN_POINT('',(12.1,-10.14,0.51));
#2530 = DIRECTION('',(-0.,-0.,-1.));
#2531 = DIRECTION('',(1.,0.,-0.));
#2532 = ADVANCED_FACE('',(#2533,#2536),#2547,.F.);
#2533 = FACE_BOUND('',#2534,.F.);
#2534 = EDGE_LOOP('',(#2535));
#2535 = ORIENTED_EDGE('',*,*,#2521,.T.);
#2536 = FACE_BOUND('',#2537,.F.);
#2537 = EDGE_LOOP('',(#2538));
#2538 = ORIENTED_EDGE('',*,*,#2539,.T.);
#2539 = EDGE_CURVE('',#2540,#2540,#2542,.T.);
#2540 = VERTEX_POINT('',#2541);
#2541 = CARTESIAN_POINT('',(12.1,-10.365,0.51));
#2542 = CIRCLE('',#2543,0.225);
#2543 = AXIS2_PLACEMENT_3D('',#2544,#2545,#2546);
#2544 = CARTESIAN_POINT('',(12.1,-10.14,0.51));
#2545 = DIRECTION('',(-0.,0.,-1.));
#2546 = DIRECTION('',(-0.,-1.,0.));
#2547 = PLANE('',#2548);
#2548 = AXIS2_PLACEMENT_3D('',#2549,#2550,#2551);
#2549 = CARTESIAN_POINT('',(0.,0.,0.51));
#2550 = DIRECTION('',(0.,0.,1.));
#2551 = DIRECTION('',(1.,0.,-0.));
#2552 = ADVANCED_FACE('',(#2553,#2556),#2567,.T.);
#2553 = FACE_BOUND('',#2554,.T.);
#2554 = EDGE_LOOP('',(#2555));
#2555 = ORIENTED_EDGE('',*,*,#2513,.T.);
#2556 = FACE_BOUND('',#2557,.T.);
#2557 = EDGE_LOOP('',(#2558));
#2558 = ORIENTED_EDGE('',*,*,#2559,.T.);
#2559 = EDGE_CURVE('',#2560,#2560,#2562,.T.);
#2560 = VERTEX_POINT('',#2561);
#2561 = CARTESIAN_POINT('',(12.1,-10.365,0.55));
#2562 = CIRCLE('',#2563,0.225);
#2563 = AXIS2_PLACEMENT_3D('',#2564,#2565,#2566);
#2564 = CARTESIAN_POINT('',(12.1,-10.14,0.55));
#2565 = DIRECTION('',(-0.,0.,-1.));
#2566 = DIRECTION('',(-0.,-1.,0.));
#2567 = PLANE('',#2568);
#2568 = AXIS2_PLACEMENT_3D('',#2569,#2570,#2571);
#2569 = CARTESIAN_POINT('',(0.,0.,0.55));
#2570 = DIRECTION('',(0.,0.,1.));
#2571 = DIRECTION('',(1.,0.,-0.));
#2572 = ADVANCED_FACE('',(#2573),#2584,.F.);
#2573 = FACE_BOUND('',#2574,.T.);
#2574 = EDGE_LOOP('',(#2575,#2576,#2582,#2583));
#2575 = ORIENTED_EDGE('',*,*,#2539,.T.);
#2576 = ORIENTED_EDGE('',*,*,#2577,.T.);
#2577 = EDGE_CURVE('',#2540,#2560,#2578,.T.);
#2578 = LINE('',#2579,#2580);
#2579 = CARTESIAN_POINT('',(12.1,-10.365,-4.6E-02));
#2580 = VECTOR('',#2581,1.);
#2581 = DIRECTION('',(0.,0.,1.));
#2582 = ORIENTED_EDGE('',*,*,#2559,.F.);
#2583 = ORIENTED_EDGE('',*,*,#2577,.F.);
#2584 = CYLINDRICAL_SURFACE('',#2585,0.225);
#2585 = AXIS2_PLACEMENT_3D('',#2586,#2587,#2588);
#2586 = CARTESIAN_POINT('',(12.1,-10.14,-4.6E-02));
#2587 = DIRECTION('',(-0.,-0.,-1.));
#2588 = DIRECTION('',(-0.,-1.,0.));
#2589 = MANIFOLD_SOLID_BREP('',#2590);
#2590 = CLOSED_SHELL('',(#2591,#2624,#2644,#2664));
#2591 = ADVANCED_FACE('',(#2592),#2619,.T.);
#2592 = FACE_BOUND('',#2593,.T.);
#2593 = EDGE_LOOP('',(#2594,#2604,#2611,#2612));
#2594 = ORIENTED_EDGE('',*,*,#2595,.T.);
#2595 = EDGE_CURVE('',#2596,#2598,#2600,.T.);
#2596 = VERTEX_POINT('',#2597);
#2597 = CARTESIAN_POINT('',(12.5,-10.14,0.));
#2598 = VERTEX_POINT('',#2599);
#2599 = CARTESIAN_POINT('',(12.5,-10.14,-4.E-02));
#2600 = LINE('',#2601,#2602);
#2601 = CARTESIAN_POINT('',(12.5,-10.14,0.));
#2602 = VECTOR('',#2603,1.);
#2603 = DIRECTION('',(0.,0.,-1.));
#2604 = ORIENTED_EDGE('',*,*,#2605,.T.);
#2605 = EDGE_CURVE('',#2598,#2598,#2606,.T.);
#2606 = CIRCLE('',#2607,0.4);
#2607 = AXIS2_PLACEMENT_3D('',#2608,#2609,#2610);
#2608 = CARTESIAN_POINT('',(12.1,-10.14,-4.E-02));
#2609 = DIRECTION('',(0.,0.,1.));
#2610 = DIRECTION('',(1.,0.,-0.));
#2611 = ORIENTED_EDGE('',*,*,#2595,.F.);
#2612 = ORIENTED_EDGE('',*,*,#2613,.F.);
#2613 = EDGE_CURVE('',#2596,#2596,#2614,.T.);
#2614 = CIRCLE('',#2615,0.4);
#2615 = AXIS2_PLACEMENT_3D('',#2616,#2617,#2618);
#2616 = CARTESIAN_POINT('',(12.1,-10.14,0.));
#2617 = DIRECTION('',(0.,0.,1.));
#2618 = DIRECTION('',(1.,0.,-0.));
#2619 = CYLINDRICAL_SURFACE('',#2620,0.4);
#2620 = AXIS2_PLACEMENT_3D('',#2621,#2622,#2623);
#2621 = CARTESIAN_POINT('',(12.1,-10.14,0.));
#2622 = DIRECTION('',(0.,0.,1.));
#2623 = DIRECTION('',(1.,0.,-0.));
#2624 = ADVANCED_FACE('',(#2625,#2628),#2639,.F.);
#2625 = FACE_BOUND('',#2626,.F.);
#2626 = EDGE_LOOP('',(#2627));
#2627 = ORIENTED_EDGE('',*,*,#2613,.F.);
#2628 = FACE_BOUND('',#2629,.F.);
#2629 = EDGE_LOOP('',(#2630));
#2630 = ORIENTED_EDGE('',*,*,#2631,.F.);
#2631 = EDGE_CURVE('',#2632,#2632,#2634,.T.);
#2632 = VERTEX_POINT('',#2633);
#2633 = CARTESIAN_POINT('',(12.1,-10.365,0.));
#2634 = CIRCLE('',#2635,0.225);
#2635 = AXIS2_PLACEMENT_3D('',#2636,#2637,#2638);
#2636 = CARTESIAN_POINT('',(12.1,-10.14,0.));
#2637 = DIRECTION('',(-0.,0.,-1.));
#2638 = DIRECTION('',(-0.,-1.,0.));
#2639 = PLANE('',#2640);
#2640 = AXIS2_PLACEMENT_3D('',#2641,#2642,#2643);
#2641 = CARTESIAN_POINT('',(0.,0.,0.));
#2642 = DIRECTION('',(-0.,-0.,-1.));
#2643 = DIRECTION('',(-1.,0.,0.));
#2644 = ADVANCED_FACE('',(#2645,#2648),#2659,.T.);
#2645 = FACE_BOUND('',#2646,.T.);
#2646 = EDGE_LOOP('',(#2647));
#2647 = ORIENTED_EDGE('',*,*,#2605,.F.);
#2648 = FACE_BOUND('',#2649,.T.);
#2649 = EDGE_LOOP('',(#2650));
#2650 = ORIENTED_EDGE('',*,*,#2651,.F.);
#2651 = EDGE_CURVE('',#2652,#2652,#2654,.T.);
#2652 = VERTEX_POINT('',#2653);
#2653 = CARTESIAN_POINT('',(12.1,-10.365,-4.E-02));
#2654 = CIRCLE('',#2655,0.225);
#2655 = AXIS2_PLACEMENT_3D('',#2656,#2657,#2658);
#2656 = CARTESIAN_POINT('',(12.1,-10.14,-4.E-02));
#2657 = DIRECTION('',(-0.,0.,-1.));
#2658 = DIRECTION('',(-0.,-1.,0.));
#2659 = PLANE('',#2660);
#2660 = AXIS2_PLACEMENT_3D('',#2661,#2662,#2663);
#2661 = CARTESIAN_POINT('',(0.,0.,-4.E-02));
#2662 = DIRECTION('',(-0.,-0.,-1.));
#2663 = DIRECTION('',(-1.,0.,0.));
#2664 = ADVANCED_FACE('',(#2665),#2676,.F.);
#2665 = FACE_BOUND('',#2666,.T.);
#2666 = EDGE_LOOP('',(#2667,#2668,#2674,#2675));
#2667 = ORIENTED_EDGE('',*,*,#2651,.T.);
#2668 = ORIENTED_EDGE('',*,*,#2669,.T.);
#2669 = EDGE_CURVE('',#2652,#2632,#2670,.T.);
#2670 = LINE('',#2671,#2672);
#2671 = CARTESIAN_POINT('',(12.1,-10.365,-4.6E-02));
#2672 = VECTOR('',#2673,1.);
#2673 = DIRECTION('',(0.,0.,1.));
#2674 = ORIENTED_EDGE('',*,*,#2631,.F.);
#2675 = ORIENTED_EDGE('',*,*,#2669,.F.);
#2676 = CYLINDRICAL_SURFACE('',#2677,0.225);
#2677 = AXIS2_PLACEMENT_3D('',#2678,#2679,#2680);
#2678 = CARTESIAN_POINT('',(12.1,-10.14,-4.6E-02));
#2679 = DIRECTION('',(-0.,-0.,-1.));
#2680 = DIRECTION('',(-0.,-1.,0.));
#2681 = MANIFOLD_SOLID_BREP('',#2682);
#2682 = CLOSED_SHELL('',(#2683,#2716,#2736,#2756));
#2683 = ADVANCED_FACE('',(#2684),#2711,.T.);
#2684 = FACE_BOUND('',#2685,.F.);
#2685 = EDGE_LOOP('',(#2686,#2696,#2703,#2704));
#2686 = ORIENTED_EDGE('',*,*,#2687,.T.);
#2687 = EDGE_CURVE('',#2688,#2690,#2692,.T.);
#2688 = VERTEX_POINT('',#2689);
#2689 = CARTESIAN_POINT('',(12.1,-10.39,-4.E-02));
#2690 = VERTEX_POINT('',#2691);
#2691 = CARTESIAN_POINT('',(12.1,-10.39,0.55));
#2692 = LINE('',#2693,#2694);
#2693 = CARTESIAN_POINT('',(12.1,-10.39,-4.E-02));
#2694 = VECTOR('',#2695,1.);
#2695 = DIRECTION('',(0.,0.,1.));
#2696 = ORIENTED_EDGE('',*,*,#2697,.T.);
#2697 = EDGE_CURVE('',#2690,#2690,#2698,.T.);
#2698 = CIRCLE('',#2699,0.25);
#2699 = AXIS2_PLACEMENT_3D('',#2700,#2701,#2702);
#2700 = CARTESIAN_POINT('',(12.1,-10.14,0.55));
#2701 = DIRECTION('',(0.,0.,1.));
#2702 = DIRECTION('',(-0.,-1.,0.));
#2703 = ORIENTED_EDGE('',*,*,#2687,.F.);
#2704 = ORIENTED_EDGE('',*,*,#2705,.F.);
#2705 = EDGE_CURVE('',#2688,#2688,#2706,.T.);
#2706 = CIRCLE('',#2707,0.25);
#2707 = AXIS2_PLACEMENT_3D('',#2708,#2709,#2710);
#2708 = CARTESIAN_POINT('',(12.1,-10.14,-4.E-02));
#2709 = DIRECTION('',(0.,0.,1.));
#2710 = DIRECTION('',(-0.,-1.,0.));
#2711 = CYLINDRICAL_SURFACE('',#2712,0.25);
#2712 = AXIS2_PLACEMENT_3D('',#2713,#2714,#2715);
#2713 = CARTESIAN_POINT('',(12.1,-10.14,-4.E-02));
#2714 = DIRECTION('',(-0.,-0.,-1.));
#2715 = DIRECTION('',(-0.,-1.,0.));
#2716 = ADVANCED_FACE('',(#2717,#2720),#2731,.F.);
#2717 = FACE_BOUND('',#2718,.F.);
#2718 = EDGE_LOOP('',(#2719));
#2719 = ORIENTED_EDGE('',*,*,#2705,.T.);
#2720 = FACE_BOUND('',#2721,.F.);
#2721 = EDGE_LOOP('',(#2722));
#2722 = ORIENTED_EDGE('',*,*,#2723,.T.);
#2723 = EDGE_CURVE('',#2724,#2724,#2726,.T.);
#2724 = VERTEX_POINT('',#2725);
#2725 = CARTESIAN_POINT('',(12.1,-10.365,-4.E-02));
#2726 = CIRCLE('',#2727,0.225);
#2727 = AXIS2_PLACEMENT_3D('',#2728,#2729,#2730);
#2728 = CARTESIAN_POINT('',(12.1,-10.14,-4.E-02));
#2729 = DIRECTION('',(-0.,0.,-1.));
#2730 = DIRECTION('',(-0.,-1.,0.));
#2731 = PLANE('',#2732);
#2732 = AXIS2_PLACEMENT_3D('',#2733,#2734,#2735);
#2733 = CARTESIAN_POINT('',(12.1,-10.39,-4.E-02));
#2734 = DIRECTION('',(0.,0.,1.));
#2735 = DIRECTION('',(1.,0.,-0.));
#2736 = ADVANCED_FACE('',(#2737,#2740),#2751,.T.);
#2737 = FACE_BOUND('',#2738,.T.);
#2738 = EDGE_LOOP('',(#2739));
#2739 = ORIENTED_EDGE('',*,*,#2697,.T.);
#2740 = FACE_BOUND('',#2741,.T.);
#2741 = EDGE_LOOP('',(#2742));
#2742 = ORIENTED_EDGE('',*,*,#2743,.T.);
#2743 = EDGE_CURVE('',#2744,#2744,#2746,.T.);
#2744 = VERTEX_POINT('',#2745);
#2745 = CARTESIAN_POINT('',(12.1,-10.365,0.55));
#2746 = CIRCLE('',#2747,0.225);
#2747 = AXIS2_PLACEMENT_3D('',#2748,#2749,#2750);
#2748 = CARTESIAN_POINT('',(12.1,-10.14,0.55));
#2749 = DIRECTION('',(-0.,0.,-1.));
#2750 = DIRECTION('',(-0.,-1.,0.));
#2751 = PLANE('',#2752);
#2752 = AXIS2_PLACEMENT_3D('',#2753,#2754,#2755);
#2753 = CARTESIAN_POINT('',(12.1,-10.39,0.55));
#2754 = DIRECTION('',(0.,0.,1.));
#2755 = DIRECTION('',(1.,0.,-0.));
#2756 = ADVANCED_FACE('',(#2757),#2768,.F.);
#2757 = FACE_BOUND('',#2758,.T.);
#2758 = EDGE_LOOP('',(#2759,#2760,#2766,#2767));
#2759 = ORIENTED_EDGE('',*,*,#2723,.T.);
#2760 = ORIENTED_EDGE('',*,*,#2761,.T.);
#2761 = EDGE_CURVE('',#2724,#2744,#2762,.T.);
#2762 = LINE('',#2763,#2764);
#2763 = CARTESIAN_POINT('',(12.1,-10.365,-4.6E-02));
#2764 = VECTOR('',#2765,1.);
#2765 = DIRECTION('',(0.,0.,1.));
#2766 = ORIENTED_EDGE('',*,*,#2743,.F.);
#2767 = ORIENTED_EDGE('',*,*,#2761,.F.);
#2768 = CYLINDRICAL_SURFACE('',#2769,0.225);
#2769 = AXIS2_PLACEMENT_3D('',#2770,#2771,#2772);
#2770 = CARTESIAN_POINT('',(12.1,-10.14,-4.6E-02));
#2771 = DIRECTION('',(-0.,-0.,-1.));
#2772 = DIRECTION('',(-0.,-1.,0.));
#2773 = MANIFOLD_SOLID_BREP('',#2774);
#2774 = CLOSED_SHELL('',(#2775,#2815,#2846,#2909,#2943,#2960,#2972,#2997
    ,#3014));
#2775 = ADVANCED_FACE('',(#2776),#2810,.T.);
#2776 = FACE_BOUND('',#2777,.T.);
#2777 = EDGE_LOOP('',(#2778,#2788,#2796,#2804));
#2778 = ORIENTED_EDGE('',*,*,#2779,.T.);
#2779 = EDGE_CURVE('',#2780,#2782,#2784,.T.);
#2780 = VERTEX_POINT('',#2781);
#2781 = CARTESIAN_POINT('',(4.395,-10.59,0.51));
#2782 = VERTEX_POINT('',#2783);
#2783 = CARTESIAN_POINT('',(4.395,-10.59,0.55));
#2784 = LINE('',#2785,#2786);
#2785 = CARTESIAN_POINT('',(4.395,-10.59,0.51));
#2786 = VECTOR('',#2787,1.);
#2787 = DIRECTION('',(0.,0.,1.));
#2788 = ORIENTED_EDGE('',*,*,#2789,.T.);
#2789 = EDGE_CURVE('',#2782,#2790,#2792,.T.);
#2790 = VERTEX_POINT('',#2791);
#2791 = CARTESIAN_POINT('',(4.395,-9.79,0.55));
#2792 = LINE('',#2793,#2794);
#2793 = CARTESIAN_POINT('',(4.395,-10.59,0.55));
#2794 = VECTOR('',#2795,1.);
#2795 = DIRECTION('',(0.,1.,0.));
#2796 = ORIENTED_EDGE('',*,*,#2797,.F.);
#2797 = EDGE_CURVE('',#2798,#2790,#2800,.T.);
#2798 = VERTEX_POINT('',#2799);
#2799 = CARTESIAN_POINT('',(4.395,-9.79,0.51));
#2800 = LINE('',#2801,#2802);
#2801 = CARTESIAN_POINT('',(4.395,-9.79,0.51));
#2802 = VECTOR('',#2803,1.);
#2803 = DIRECTION('',(0.,0.,1.));
#2804 = ORIENTED_EDGE('',*,*,#2805,.F.);
#2805 = EDGE_CURVE('',#2780,#2798,#2806,.T.);
#2806 = LINE('',#2807,#2808);
#2807 = CARTESIAN_POINT('',(4.395,-10.59,0.51));
#2808 = VECTOR('',#2809,1.);
#2809 = DIRECTION('',(0.,1.,0.));
#2810 = PLANE('',#2811);
#2811 = AXIS2_PLACEMENT_3D('',#2812,#2813,#2814);
#2812 = CARTESIAN_POINT('',(4.395,-10.59,0.51));
#2813 = DIRECTION('',(-1.,0.,0.));
#2814 = DIRECTION('',(0.,1.,0.));
#2815 = ADVANCED_FACE('',(#2816),#2841,.T.);
#2816 = FACE_BOUND('',#2817,.T.);
#2817 = EDGE_LOOP('',(#2818,#2828,#2834,#2835));
#2818 = ORIENTED_EDGE('',*,*,#2819,.T.);
#2819 = EDGE_CURVE('',#2820,#2822,#2824,.T.);
#2820 = VERTEX_POINT('',#2821);
#2821 = CARTESIAN_POINT('',(5.045,-10.59,0.51));
#2822 = VERTEX_POINT('',#2823);
#2823 = CARTESIAN_POINT('',(5.045,-10.59,0.55));
#2824 = LINE('',#2825,#2826);
#2825 = CARTESIAN_POINT('',(5.045,-10.59,0.51));
#2826 = VECTOR('',#2827,1.);
#2827 = DIRECTION('',(0.,0.,1.));
#2828 = ORIENTED_EDGE('',*,*,#2829,.T.);
#2829 = EDGE_CURVE('',#2822,#2782,#2830,.T.);
#2830 = LINE('',#2831,#2832);
#2831 = CARTESIAN_POINT('',(5.045,-10.59,0.55));
#2832 = VECTOR('',#2833,1.);
#2833 = DIRECTION('',(-1.,0.,0.));
#2834 = ORIENTED_EDGE('',*,*,#2779,.F.);
#2835 = ORIENTED_EDGE('',*,*,#2836,.F.);
#2836 = EDGE_CURVE('',#2820,#2780,#2837,.T.);
#2837 = LINE('',#2838,#2839);
#2838 = CARTESIAN_POINT('',(5.045,-10.59,0.51));
#2839 = VECTOR('',#2840,1.);
#2840 = DIRECTION('',(-1.,0.,0.));
#2841 = PLANE('',#2842);
#2842 = AXIS2_PLACEMENT_3D('',#2843,#2844,#2845);
#2843 = CARTESIAN_POINT('',(5.045,-10.59,0.51));
#2844 = DIRECTION('',(0.,-1.,0.));
#2845 = DIRECTION('',(-1.,0.,0.));
#2846 = ADVANCED_FACE('',(#2847),#2904,.T.);
#2847 = FACE_BOUND('',#2848,.T.);
#2848 = EDGE_LOOP('',(#2849,#2857,#2858,#2866,#2874,#2882,#2890,#2898));
#2849 = ORIENTED_EDGE('',*,*,#2850,.F.);
#2850 = EDGE_CURVE('',#2798,#2851,#2853,.T.);
#2851 = VERTEX_POINT('',#2852);
#2852 = CARTESIAN_POINT('',(4.660628289565,-9.79,0.51));
#2853 = LINE('',#2854,#2855);
#2854 = CARTESIAN_POINT('',(4.395,-9.79,0.51));
#2855 = VECTOR('',#2856,1.);
#2856 = DIRECTION('',(1.,0.,0.));
#2857 = ORIENTED_EDGE('',*,*,#2797,.T.);
#2858 = ORIENTED_EDGE('',*,*,#2859,.T.);
#2859 = EDGE_CURVE('',#2790,#2860,#2862,.T.);
#2860 = VERTEX_POINT('',#2861);
#2861 = CARTESIAN_POINT('',(5.045,-9.79,0.55));
#2862 = LINE('',#2863,#2864);
#2863 = CARTESIAN_POINT('',(4.395,-9.79,0.55));
#2864 = VECTOR('',#2865,1.);
#2865 = DIRECTION('',(1.,0.,0.));
#2866 = ORIENTED_EDGE('',*,*,#2867,.F.);
#2867 = EDGE_CURVE('',#2868,#2860,#2870,.T.);
#2868 = VERTEX_POINT('',#2869);
#2869 = CARTESIAN_POINT('',(5.045,-9.79,0.51));
#2870 = LINE('',#2871,#2872);
#2871 = CARTESIAN_POINT('',(5.045,-9.79,0.51));
#2872 = VECTOR('',#2873,1.);
#2873 = DIRECTION('',(0.,0.,1.));
#2874 = ORIENTED_EDGE('',*,*,#2875,.F.);
#2875 = EDGE_CURVE('',#2876,#2868,#2878,.T.);
#2876 = VERTEX_POINT('',#2877);
#2877 = CARTESIAN_POINT('',(4.779371710435,-9.79,0.51));
#2878 = LINE('',#2879,#2880);
#2879 = CARTESIAN_POINT('',(4.395,-9.79,0.51));
#2880 = VECTOR('',#2881,1.);
#2881 = DIRECTION('',(1.,0.,0.));
#2882 = ORIENTED_EDGE('',*,*,#2883,.F.);
#2883 = EDGE_CURVE('',#2884,#2876,#2886,.T.);
#2884 = VERTEX_POINT('',#2885);
#2885 = CARTESIAN_POINT('',(4.779371710435,-9.79,0.546));
#2886 = LINE('',#2887,#2888);
#2887 = CARTESIAN_POINT('',(4.779371710435,-9.79,-3.6E-02));
#2888 = VECTOR('',#2889,1.);
#2889 = DIRECTION('',(-0.,-0.,-1.));
#2890 = ORIENTED_EDGE('',*,*,#2891,.F.);
#2891 = EDGE_CURVE('',#2892,#2884,#2894,.T.);
#2892 = VERTEX_POINT('',#2893);
#2893 = CARTESIAN_POINT('',(4.660628289565,-9.79,0.546));
#2894 = LINE('',#2895,#2896);
#2895 = CARTESIAN_POINT('',(4.5575,-9.79,0.546));
#2896 = VECTOR('',#2897,1.);
#2897 = DIRECTION('',(1.,0.,0.));
#2898 = ORIENTED_EDGE('',*,*,#2899,.T.);
#2899 = EDGE_CURVE('',#2892,#2851,#2900,.T.);
#2900 = LINE('',#2901,#2902);
#2901 = CARTESIAN_POINT('',(4.660628289565,-9.79,-3.6E-02));
#2902 = VECTOR('',#2903,1.);
#2903 = DIRECTION('',(-0.,-0.,-1.));
#2904 = PLANE('',#2905);
#2905 = AXIS2_PLACEMENT_3D('',#2906,#2907,#2908);
#2906 = CARTESIAN_POINT('',(4.395,-9.79,0.51));
#2907 = DIRECTION('',(0.,1.,0.));
#2908 = DIRECTION('',(1.,0.,0.));
#2909 = ADVANCED_FACE('',(#2910),#2938,.F.);
#2910 = FACE_BOUND('',#2911,.F.);
#2911 = EDGE_LOOP('',(#2912,#2913,#2914,#2920,#2921,#2930,#2937));
#2912 = ORIENTED_EDGE('',*,*,#2805,.F.);
#2913 = ORIENTED_EDGE('',*,*,#2836,.F.);
#2914 = ORIENTED_EDGE('',*,*,#2915,.F.);
#2915 = EDGE_CURVE('',#2868,#2820,#2916,.T.);
#2916 = LINE('',#2917,#2918);
#2917 = CARTESIAN_POINT('',(5.045,-9.79,0.51));
#2918 = VECTOR('',#2919,1.);
#2919 = DIRECTION('',(0.,-1.,0.));
#2920 = ORIENTED_EDGE('',*,*,#2875,.F.);
#2921 = ORIENTED_EDGE('',*,*,#2922,.T.);
#2922 = EDGE_CURVE('',#2876,#2923,#2925,.T.);
#2923 = VERTEX_POINT('',#2924);
#2924 = CARTESIAN_POINT('',(4.72,-10.025,0.51));
#2925 = CIRCLE('',#2926,0.125);
#2926 = AXIS2_PLACEMENT_3D('',#2927,#2928,#2929);
#2927 = CARTESIAN_POINT('',(4.72,-9.9,0.51));
#2928 = DIRECTION('',(-0.,0.,-1.));
#2929 = DIRECTION('',(-0.,-1.,0.));
#2930 = ORIENTED_EDGE('',*,*,#2931,.T.);
#2931 = EDGE_CURVE('',#2923,#2851,#2932,.T.);
#2932 = CIRCLE('',#2933,0.125);
#2933 = AXIS2_PLACEMENT_3D('',#2934,#2935,#2936);
#2934 = CARTESIAN_POINT('',(4.72,-9.9,0.51));
#2935 = DIRECTION('',(-0.,0.,-1.));
#2936 = DIRECTION('',(-0.,-1.,0.));
#2937 = ORIENTED_EDGE('',*,*,#2850,.F.);
#2938 = PLANE('',#2939);
#2939 = AXIS2_PLACEMENT_3D('',#2940,#2941,#2942);
#2940 = CARTESIAN_POINT('',(0.,0.,0.51));
#2941 = DIRECTION('',(0.,0.,1.));
#2942 = DIRECTION('',(1.,0.,-0.));
#2943 = ADVANCED_FACE('',(#2944),#2955,.T.);
#2944 = FACE_BOUND('',#2945,.F.);
#2945 = EDGE_LOOP('',(#2946,#2947,#2948,#2954));
#2946 = ORIENTED_EDGE('',*,*,#2789,.T.);
#2947 = ORIENTED_EDGE('',*,*,#2859,.T.);
#2948 = ORIENTED_EDGE('',*,*,#2949,.T.);
#2949 = EDGE_CURVE('',#2860,#2822,#2950,.T.);
#2950 = LINE('',#2951,#2952);
#2951 = CARTESIAN_POINT('',(5.045,-9.79,0.55));
#2952 = VECTOR('',#2953,1.);
#2953 = DIRECTION('',(0.,-1.,0.));
#2954 = ORIENTED_EDGE('',*,*,#2829,.T.);
#2955 = PLANE('',#2956);
#2956 = AXIS2_PLACEMENT_3D('',#2957,#2958,#2959);
#2957 = CARTESIAN_POINT('',(0.,0.,0.55));
#2958 = DIRECTION('',(0.,0.,1.));
#2959 = DIRECTION('',(1.,0.,-0.));
#2960 = ADVANCED_FACE('',(#2961),#2967,.T.);
#2961 = FACE_BOUND('',#2962,.T.);
#2962 = EDGE_LOOP('',(#2963,#2964,#2965,#2966));
#2963 = ORIENTED_EDGE('',*,*,#2867,.T.);
#2964 = ORIENTED_EDGE('',*,*,#2949,.T.);
#2965 = ORIENTED_EDGE('',*,*,#2819,.F.);
#2966 = ORIENTED_EDGE('',*,*,#2915,.F.);
#2967 = PLANE('',#2968);
#2968 = AXIS2_PLACEMENT_3D('',#2969,#2970,#2971);
#2969 = CARTESIAN_POINT('',(5.045,-9.79,0.51));
#2970 = DIRECTION('',(1.,0.,-0.));
#2971 = DIRECTION('',(0.,-1.,0.));
#2972 = ADVANCED_FACE('',(#2973),#2992,.F.);
#2973 = FACE_BOUND('',#2974,.T.);
#2974 = EDGE_LOOP('',(#2975,#2983,#2984,#2985));
#2975 = ORIENTED_EDGE('',*,*,#2976,.F.);
#2976 = EDGE_CURVE('',#2923,#2977,#2979,.T.);
#2977 = VERTEX_POINT('',#2978);
#2978 = CARTESIAN_POINT('',(4.72,-10.025,0.546));
#2979 = LINE('',#2980,#2981);
#2980 = CARTESIAN_POINT('',(4.72,-10.025,-3.6E-02));
#2981 = VECTOR('',#2982,1.);
#2982 = DIRECTION('',(0.,0.,1.));
#2983 = ORIENTED_EDGE('',*,*,#2931,.T.);
#2984 = ORIENTED_EDGE('',*,*,#2899,.F.);
#2985 = ORIENTED_EDGE('',*,*,#2986,.T.);
#2986 = EDGE_CURVE('',#2892,#2977,#2987,.T.);
#2987 = CIRCLE('',#2988,0.125);
#2988 = AXIS2_PLACEMENT_3D('',#2989,#2990,#2991);
#2989 = CARTESIAN_POINT('',(4.72,-9.9,0.546));
#2990 = DIRECTION('',(0.,0.,1.));
#2991 = DIRECTION('',(-0.,-1.,0.));
#2992 = CYLINDRICAL_SURFACE('',#2993,0.125);
#2993 = AXIS2_PLACEMENT_3D('',#2994,#2995,#2996);
#2994 = CARTESIAN_POINT('',(4.72,-9.9,-3.6E-02));
#2995 = DIRECTION('',(-0.,-0.,-1.));
#2996 = DIRECTION('',(-0.,-1.,0.));
#2997 = ADVANCED_FACE('',(#2998),#3009,.F.);
#2998 = FACE_BOUND('',#2999,.F.);
#2999 = EDGE_LOOP('',(#3000,#3001,#3008));
#3000 = ORIENTED_EDGE('',*,*,#2986,.T.);
#3001 = ORIENTED_EDGE('',*,*,#3002,.T.);
#3002 = EDGE_CURVE('',#2977,#2884,#3003,.T.);
#3003 = CIRCLE('',#3004,0.125);
#3004 = AXIS2_PLACEMENT_3D('',#3005,#3006,#3007);
#3005 = CARTESIAN_POINT('',(4.72,-9.9,0.546));
#3006 = DIRECTION('',(0.,0.,1.));
#3007 = DIRECTION('',(-0.,-1.,0.));
#3008 = ORIENTED_EDGE('',*,*,#2891,.F.);
#3009 = PLANE('',#3010);
#3010 = AXIS2_PLACEMENT_3D('',#3011,#3012,#3013);
#3011 = CARTESIAN_POINT('',(4.72,-10.025,0.546));
#3012 = DIRECTION('',(0.,0.,1.));
#3013 = DIRECTION('',(1.,0.,-0.));
#3014 = ADVANCED_FACE('',(#3015),#3021,.F.);
#3015 = FACE_BOUND('',#3016,.T.);
#3016 = EDGE_LOOP('',(#3017,#3018,#3019,#3020));
#3017 = ORIENTED_EDGE('',*,*,#2922,.T.);
#3018 = ORIENTED_EDGE('',*,*,#2976,.T.);
#3019 = ORIENTED_EDGE('',*,*,#3002,.T.);
#3020 = ORIENTED_EDGE('',*,*,#2883,.T.);
#3021 = CYLINDRICAL_SURFACE('',#3022,0.125);
#3022 = AXIS2_PLACEMENT_3D('',#3023,#3024,#3025);
#3023 = CARTESIAN_POINT('',(4.72,-9.9,-3.6E-02));
#3024 = DIRECTION('',(-0.,-0.,-1.));
#3025 = DIRECTION('',(-0.,-1.,0.));
#3026 = MANIFOLD_SOLID_BREP('',#3027);
#3027 = CLOSED_SHELL('',(#3028,#3070,#3101,#3132,#3186,#3240,#3252,#3274
    ,#3291,#3308));
#3028 = ADVANCED_FACE('',(#3029),#3065,.T.);
#3029 = FACE_BOUND('',#3030,.T.);
#3030 = EDGE_LOOP('',(#3031,#3041,#3050,#3058));
#3031 = ORIENTED_EDGE('',*,*,#3032,.T.);
#3032 = EDGE_CURVE('',#3033,#3035,#3037,.T.);
#3033 = VERTEX_POINT('',#3034);
#3034 = CARTESIAN_POINT('',(2.85,-11.015,0.51));
#3035 = VERTEX_POINT('',#3036);
#3036 = CARTESIAN_POINT('',(2.85,-11.015,0.55));
#3037 = LINE('',#3038,#3039);
#3038 = CARTESIAN_POINT('',(2.85,-11.015,0.51));
#3039 = VECTOR('',#3040,1.);
#3040 = DIRECTION('',(0.,0.,1.));
#3041 = ORIENTED_EDGE('',*,*,#3042,.T.);
#3042 = EDGE_CURVE('',#3035,#3043,#3045,.T.);
#3043 = VERTEX_POINT('',#3044);
#3044 = CARTESIAN_POINT('',(1.85,-11.015,0.55));
#3045 = CIRCLE('',#3046,0.5);
#3046 = AXIS2_PLACEMENT_3D('',#3047,#3048,#3049);
#3047 = CARTESIAN_POINT('',(2.35,-11.01499955666,0.55));
#3048 = DIRECTION('',(-0.,0.,-1.));
#3049 = DIRECTION('',(1.,-8.866804392934E-07,-0.));
#3050 = ORIENTED_EDGE('',*,*,#3051,.F.);
#3051 = EDGE_CURVE('',#3052,#3043,#3054,.T.);
#3052 = VERTEX_POINT('',#3053);
#3053 = CARTESIAN_POINT('',(1.85,-11.015,0.51));
#3054 = LINE('',#3055,#3056);
#3055 = CARTESIAN_POINT('',(1.85,-11.015,0.51));
#3056 = VECTOR('',#3057,1.);
#3057 = DIRECTION('',(0.,0.,1.));
#3058 = ORIENTED_EDGE('',*,*,#3059,.F.);
#3059 = EDGE_CURVE('',#3033,#3052,#3060,.T.);
#3060 = CIRCLE('',#3061,0.5);
#3061 = AXIS2_PLACEMENT_3D('',#3062,#3063,#3064);
#3062 = CARTESIAN_POINT('',(2.35,-11.01499955666,0.51));
#3063 = DIRECTION('',(-0.,0.,-1.));
#3064 = DIRECTION('',(1.,-8.866804392934E-07,-0.));
#3065 = CYLINDRICAL_SURFACE('',#3066,0.5);
#3066 = AXIS2_PLACEMENT_3D('',#3067,#3068,#3069);
#3067 = CARTESIAN_POINT('',(2.35,-11.01499955666,0.51));
#3068 = DIRECTION('',(-0.,0.,-1.));
#3069 = DIRECTION('',(1.,-8.866804392934E-07,-0.));
#3070 = ADVANCED_FACE('',(#3071),#3096,.T.);
#3071 = FACE_BOUND('',#3072,.T.);
#3072 = EDGE_LOOP('',(#3073,#3083,#3089,#3090));
#3073 = ORIENTED_EDGE('',*,*,#3074,.T.);
#3074 = EDGE_CURVE('',#3075,#3077,#3079,.T.);
#3075 = VERTEX_POINT('',#3076);
#3076 = CARTESIAN_POINT('',(2.85,-9.865,0.51));
#3077 = VERTEX_POINT('',#3078);
#3078 = CARTESIAN_POINT('',(2.85,-9.865,0.55));
#3079 = LINE('',#3080,#3081);
#3080 = CARTESIAN_POINT('',(2.85,-9.865,0.51));
#3081 = VECTOR('',#3082,1.);
#3082 = DIRECTION('',(0.,0.,1.));
#3083 = ORIENTED_EDGE('',*,*,#3084,.T.);
#3084 = EDGE_CURVE('',#3077,#3035,#3085,.T.);
#3085 = LINE('',#3086,#3087);
#3086 = CARTESIAN_POINT('',(2.85,-9.865,0.55));
#3087 = VECTOR('',#3088,1.);
#3088 = DIRECTION('',(0.,-1.,0.));
#3089 = ORIENTED_EDGE('',*,*,#3032,.F.);
#3090 = ORIENTED_EDGE('',*,*,#3091,.F.);
#3091 = EDGE_CURVE('',#3075,#3033,#3092,.T.);
#3092 = LINE('',#3093,#3094);
#3093 = CARTESIAN_POINT('',(2.85,-9.865,0.51));
#3094 = VECTOR('',#3095,1.);
#3095 = DIRECTION('',(0.,-1.,0.));
#3096 = PLANE('',#3097);
#3097 = AXIS2_PLACEMENT_3D('',#3098,#3099,#3100);
#3098 = CARTESIAN_POINT('',(2.85,-9.865,0.51));
#3099 = DIRECTION('',(1.,0.,-0.));
#3100 = DIRECTION('',(0.,-1.,0.));
#3101 = ADVANCED_FACE('',(#3102),#3127,.T.);
#3102 = FACE_BOUND('',#3103,.T.);
#3103 = EDGE_LOOP('',(#3104,#3105,#3113,#3121));
#3104 = ORIENTED_EDGE('',*,*,#3051,.T.);
#3105 = ORIENTED_EDGE('',*,*,#3106,.T.);
#3106 = EDGE_CURVE('',#3043,#3107,#3109,.T.);
#3107 = VERTEX_POINT('',#3108);
#3108 = CARTESIAN_POINT('',(1.85,-9.865,0.55));
#3109 = LINE('',#3110,#3111);
#3110 = CARTESIAN_POINT('',(1.85,-11.015,0.55));
#3111 = VECTOR('',#3112,1.);
#3112 = DIRECTION('',(0.,1.,0.));
#3113 = ORIENTED_EDGE('',*,*,#3114,.F.);
#3114 = EDGE_CURVE('',#3115,#3107,#3117,.T.);
#3115 = VERTEX_POINT('',#3116);
#3116 = CARTESIAN_POINT('',(1.85,-9.865,0.51));
#3117 = LINE('',#3118,#3119);
#3118 = CARTESIAN_POINT('',(1.85,-9.865,0.51));
#3119 = VECTOR('',#3120,1.);
#3120 = DIRECTION('',(0.,0.,1.));
#3121 = ORIENTED_EDGE('',*,*,#3122,.F.);
#3122 = EDGE_CURVE('',#3052,#3115,#3123,.T.);
#3123 = LINE('',#3124,#3125);
#3124 = CARTESIAN_POINT('',(1.85,-11.015,0.51));
#3125 = VECTOR('',#3126,1.);
#3126 = DIRECTION('',(0.,1.,0.));
#3127 = PLANE('',#3128);
#3128 = AXIS2_PLACEMENT_3D('',#3129,#3130,#3131);
#3129 = CARTESIAN_POINT('',(1.85,-11.015,0.51));
#3130 = DIRECTION('',(-1.,0.,0.));
#3131 = DIRECTION('',(0.,1.,0.));
#3132 = ADVANCED_FACE('',(#3133,#3145),#3181,.F.);
#3133 = FACE_BOUND('',#3134,.F.);
#3134 = EDGE_LOOP('',(#3135,#3136,#3137,#3144));
#3135 = ORIENTED_EDGE('',*,*,#3059,.F.);
#3136 = ORIENTED_EDGE('',*,*,#3091,.F.);
#3137 = ORIENTED_EDGE('',*,*,#3138,.F.);
#3138 = EDGE_CURVE('',#3115,#3075,#3139,.T.);
#3139 = CIRCLE('',#3140,0.500000000001);
#3140 = AXIS2_PLACEMENT_3D('',#3141,#3142,#3143);
#3141 = CARTESIAN_POINT('',(2.35,-9.864999151875,0.51));
#3142 = DIRECTION('',(0.,0.,-1.));
#3143 = DIRECTION('',(-0.999999999999,-1.696250695457E-06,-0.));
#3144 = ORIENTED_EDGE('',*,*,#3122,.F.);
#3145 = FACE_BOUND('',#3146,.F.);
#3146 = EDGE_LOOP('',(#3147,#3158,#3166,#3175));
#3147 = ORIENTED_EDGE('',*,*,#3148,.T.);
#3148 = EDGE_CURVE('',#3149,#3151,#3153,.T.);
#3149 = VERTEX_POINT('',#3150);
#3150 = CARTESIAN_POINT('',(2.575,-11.015,0.51));
#3151 = VERTEX_POINT('',#3152);
#3152 = CARTESIAN_POINT('',(2.125,-11.015,0.51));
#3153 = CIRCLE('',#3154,0.225);
#3154 = AXIS2_PLACEMENT_3D('',#3155,#3156,#3157);
#3155 = CARTESIAN_POINT('',(2.35,-11.015,0.51));
#3156 = DIRECTION('',(-0.,0.,-1.));
#3157 = DIRECTION('',(-1.,0.,0.));
#3158 = ORIENTED_EDGE('',*,*,#3159,.T.);
#3159 = EDGE_CURVE('',#3151,#3160,#3162,.T.);
#3160 = VERTEX_POINT('',#3161);
#3161 = CARTESIAN_POINT('',(2.125,-9.865,0.51));
#3162 = LINE('',#3163,#3164);
#3163 = CARTESIAN_POINT('',(2.125,-4.9325,0.51));
#3164 = VECTOR('',#3165,1.);
#3165 = DIRECTION('',(-0.,1.,0.));
#3166 = ORIENTED_EDGE('',*,*,#3167,.T.);
#3167 = EDGE_CURVE('',#3160,#3168,#3170,.T.);
#3168 = VERTEX_POINT('',#3169);
#3169 = CARTESIAN_POINT('',(2.575,-9.865,0.51));
#3170 = CIRCLE('',#3171,0.225);
#3171 = AXIS2_PLACEMENT_3D('',#3172,#3173,#3174);
#3172 = CARTESIAN_POINT('',(2.35,-9.865,0.51));
#3173 = DIRECTION('',(0.,-0.,-1.));
#3174 = DIRECTION('',(1.,7.894919286223E-15,-0.));
#3175 = ORIENTED_EDGE('',*,*,#3176,.T.);
#3176 = EDGE_CURVE('',#3168,#3149,#3177,.T.);
#3177 = LINE('',#3178,#3179);
#3178 = CARTESIAN_POINT('',(2.575,-5.5075,0.51));
#3179 = VECTOR('',#3180,1.);
#3180 = DIRECTION('',(0.,-1.,0.));
#3181 = PLANE('',#3182);
#3182 = AXIS2_PLACEMENT_3D('',#3183,#3184,#3185);
#3183 = CARTESIAN_POINT('',(0.,0.,0.51));
#3184 = DIRECTION('',(0.,0.,1.));
#3185 = DIRECTION('',(1.,0.,-0.));
#3186 = ADVANCED_FACE('',(#3187,#3199),#3235,.T.);
#3187 = FACE_BOUND('',#3188,.T.);
#3188 = EDGE_LOOP('',(#3189,#3190,#3191,#3198));
#3189 = ORIENTED_EDGE('',*,*,#3042,.F.);
#3190 = ORIENTED_EDGE('',*,*,#3084,.F.);
#3191 = ORIENTED_EDGE('',*,*,#3192,.F.);
#3192 = EDGE_CURVE('',#3107,#3077,#3193,.T.);
#3193 = CIRCLE('',#3194,0.500000000001);
#3194 = AXIS2_PLACEMENT_3D('',#3195,#3196,#3197);
#3195 = CARTESIAN_POINT('',(2.35,-9.864999151875,0.55));
#3196 = DIRECTION('',(0.,0.,-1.));
#3197 = DIRECTION('',(-0.999999999999,-1.696250695457E-06,-0.));
#3198 = ORIENTED_EDGE('',*,*,#3106,.F.);
#3199 = FACE_BOUND('',#3200,.T.);
#3200 = EDGE_LOOP('',(#3201,#3212,#3220,#3229));
#3201 = ORIENTED_EDGE('',*,*,#3202,.T.);
#3202 = EDGE_CURVE('',#3203,#3205,#3207,.T.);
#3203 = VERTEX_POINT('',#3204);
#3204 = CARTESIAN_POINT('',(2.575,-11.015,0.55));
#3205 = VERTEX_POINT('',#3206);
#3206 = CARTESIAN_POINT('',(2.125,-11.015,0.55));
#3207 = CIRCLE('',#3208,0.225);
#3208 = AXIS2_PLACEMENT_3D('',#3209,#3210,#3211);
#3209 = CARTESIAN_POINT('',(2.35,-11.015,0.55));
#3210 = DIRECTION('',(-0.,0.,-1.));
#3211 = DIRECTION('',(-1.,0.,0.));
#3212 = ORIENTED_EDGE('',*,*,#3213,.T.);
#3213 = EDGE_CURVE('',#3205,#3214,#3216,.T.);
#3214 = VERTEX_POINT('',#3215);
#3215 = CARTESIAN_POINT('',(2.125,-9.865,0.55));
#3216 = LINE('',#3217,#3218);
#3217 = CARTESIAN_POINT('',(2.125,-4.9325,0.55));
#3218 = VECTOR('',#3219,1.);
#3219 = DIRECTION('',(-0.,1.,0.));
#3220 = ORIENTED_EDGE('',*,*,#3221,.T.);
#3221 = EDGE_CURVE('',#3214,#3222,#3224,.T.);
#3222 = VERTEX_POINT('',#3223);
#3223 = CARTESIAN_POINT('',(2.575,-9.865,0.55));
#3224 = CIRCLE('',#3225,0.225);
#3225 = AXIS2_PLACEMENT_3D('',#3226,#3227,#3228);
#3226 = CARTESIAN_POINT('',(2.35,-9.865,0.55));
#3227 = DIRECTION('',(0.,-0.,-1.));
#3228 = DIRECTION('',(1.,7.894919286223E-15,-0.));
#3229 = ORIENTED_EDGE('',*,*,#3230,.T.);
#3230 = EDGE_CURVE('',#3222,#3203,#3231,.T.);
#3231 = LINE('',#3232,#3233);
#3232 = CARTESIAN_POINT('',(2.575,-5.5075,0.55));
#3233 = VECTOR('',#3234,1.);
#3234 = DIRECTION('',(0.,-1.,0.));
#3235 = PLANE('',#3236);
#3236 = AXIS2_PLACEMENT_3D('',#3237,#3238,#3239);
#3237 = CARTESIAN_POINT('',(0.,0.,0.55));
#3238 = DIRECTION('',(0.,0.,1.));
#3239 = DIRECTION('',(1.,0.,-0.));
#3240 = ADVANCED_FACE('',(#3241),#3247,.T.);
#3241 = FACE_BOUND('',#3242,.T.);
#3242 = EDGE_LOOP('',(#3243,#3244,#3245,#3246));
#3243 = ORIENTED_EDGE('',*,*,#3114,.T.);
#3244 = ORIENTED_EDGE('',*,*,#3192,.T.);
#3245 = ORIENTED_EDGE('',*,*,#3074,.F.);
#3246 = ORIENTED_EDGE('',*,*,#3138,.F.);
#3247 = CYLINDRICAL_SURFACE('',#3248,0.500000000001);
#3248 = AXIS2_PLACEMENT_3D('',#3249,#3250,#3251);
#3249 = CARTESIAN_POINT('',(2.35,-9.864999151875,0.51));
#3250 = DIRECTION('',(0.,0.,-1.));
#3251 = DIRECTION('',(-0.999999999999,-1.696250695457E-06,-0.));
#3252 = ADVANCED_FACE('',(#3253),#3269,.F.);
#3253 = FACE_BOUND('',#3254,.T.);
#3254 = EDGE_LOOP('',(#3255,#3256,#3262,#3263));
#3255 = ORIENTED_EDGE('',*,*,#3148,.T.);
#3256 = ORIENTED_EDGE('',*,*,#3257,.T.);
#3257 = EDGE_CURVE('',#3151,#3205,#3258,.T.);
#3258 = LINE('',#3259,#3260);
#3259 = CARTESIAN_POINT('',(2.125,-11.015,-4.6E-02));
#3260 = VECTOR('',#3261,1.);
#3261 = DIRECTION('',(0.,0.,1.));
#3262 = ORIENTED_EDGE('',*,*,#3202,.F.);
#3263 = ORIENTED_EDGE('',*,*,#3264,.F.);
#3264 = EDGE_CURVE('',#3149,#3203,#3265,.T.);
#3265 = LINE('',#3266,#3267);
#3266 = CARTESIAN_POINT('',(2.575,-11.015,-4.6E-02));
#3267 = VECTOR('',#3268,1.);
#3268 = DIRECTION('',(0.,0.,1.));
#3269 = CYLINDRICAL_SURFACE('',#3270,0.225);
#3270 = AXIS2_PLACEMENT_3D('',#3271,#3272,#3273);
#3271 = CARTESIAN_POINT('',(2.35,-11.015,-4.6E-02));
#3272 = DIRECTION('',(-0.,-0.,-1.));
#3273 = DIRECTION('',(-1.,0.,-0.));
#3274 = ADVANCED_FACE('',(#3275),#3286,.T.);
#3275 = FACE_BOUND('',#3276,.T.);
#3276 = EDGE_LOOP('',(#3277,#3278,#3279,#3280));
#3277 = ORIENTED_EDGE('',*,*,#3176,.T.);
#3278 = ORIENTED_EDGE('',*,*,#3264,.T.);
#3279 = ORIENTED_EDGE('',*,*,#3230,.F.);
#3280 = ORIENTED_EDGE('',*,*,#3281,.F.);
#3281 = EDGE_CURVE('',#3168,#3222,#3282,.T.);
#3282 = LINE('',#3283,#3284);
#3283 = CARTESIAN_POINT('',(2.575,-9.865,-4.6E-02));
#3284 = VECTOR('',#3285,1.);
#3285 = DIRECTION('',(0.,0.,1.));
#3286 = PLANE('',#3287);
#3287 = AXIS2_PLACEMENT_3D('',#3288,#3289,#3290);
#3288 = CARTESIAN_POINT('',(2.575,-11.015,-4.6E-02));
#3289 = DIRECTION('',(-1.,0.,0.));
#3290 = DIRECTION('',(0.,1.,0.));
#3291 = ADVANCED_FACE('',(#3292),#3303,.F.);
#3292 = FACE_BOUND('',#3293,.T.);
#3293 = EDGE_LOOP('',(#3294,#3295,#3296,#3297));
#3294 = ORIENTED_EDGE('',*,*,#3167,.T.);
#3295 = ORIENTED_EDGE('',*,*,#3281,.T.);
#3296 = ORIENTED_EDGE('',*,*,#3221,.F.);
#3297 = ORIENTED_EDGE('',*,*,#3298,.F.);
#3298 = EDGE_CURVE('',#3160,#3214,#3299,.T.);
#3299 = LINE('',#3300,#3301);
#3300 = CARTESIAN_POINT('',(2.125,-9.865,-4.6E-02));
#3301 = VECTOR('',#3302,1.);
#3302 = DIRECTION('',(0.,0.,1.));
#3303 = CYLINDRICAL_SURFACE('',#3304,0.225);
#3304 = AXIS2_PLACEMENT_3D('',#3305,#3306,#3307);
#3305 = CARTESIAN_POINT('',(2.35,-9.865,-4.6E-02));
#3306 = DIRECTION('',(-0.,-0.,-1.));
#3307 = DIRECTION('',(1.,7.894919286223E-15,-0.));
#3308 = ADVANCED_FACE('',(#3309),#3315,.T.);
#3309 = FACE_BOUND('',#3310,.T.);
#3310 = EDGE_LOOP('',(#3311,#3312,#3313,#3314));
#3311 = ORIENTED_EDGE('',*,*,#3159,.T.);
#3312 = ORIENTED_EDGE('',*,*,#3298,.T.);
#3313 = ORIENTED_EDGE('',*,*,#3213,.F.);
#3314 = ORIENTED_EDGE('',*,*,#3257,.F.);
#3315 = PLANE('',#3316);
#3316 = AXIS2_PLACEMENT_3D('',#3317,#3318,#3319);
#3317 = CARTESIAN_POINT('',(2.125,-9.865,-4.6E-02));
#3318 = DIRECTION('',(1.,0.,-0.));
#3319 = DIRECTION('',(0.,-1.,0.));
#3320 = MANIFOLD_SOLID_BREP('',#3321);
#3321 = CLOSED_SHELL('',(#3322,#3364,#3395,#3426,#3480,#3534,#3546,#3568
    ,#3585,#3602));
#3322 = ADVANCED_FACE('',(#3323),#3359,.T.);
#3323 = FACE_BOUND('',#3324,.F.);
#3324 = EDGE_LOOP('',(#3325,#3335,#3344,#3352));
#3325 = ORIENTED_EDGE('',*,*,#3326,.T.);
#3326 = EDGE_CURVE('',#3327,#3329,#3331,.T.);
#3327 = VERTEX_POINT('',#3328);
#3328 = CARTESIAN_POINT('',(2.85,-11.015,0.));
#3329 = VERTEX_POINT('',#3330);
#3330 = CARTESIAN_POINT('',(2.85,-11.015,-4.E-02));
#3331 = LINE('',#3332,#3333);
#3332 = CARTESIAN_POINT('',(2.85,-11.015,0.));
#3333 = VECTOR('',#3334,1.);
#3334 = DIRECTION('',(0.,0.,-1.));
#3335 = ORIENTED_EDGE('',*,*,#3336,.T.);
#3336 = EDGE_CURVE('',#3329,#3337,#3339,.T.);
#3337 = VERTEX_POINT('',#3338);
#3338 = CARTESIAN_POINT('',(1.85,-11.015,-4.E-02));
#3339 = CIRCLE('',#3340,0.5);
#3340 = AXIS2_PLACEMENT_3D('',#3341,#3342,#3343);
#3341 = CARTESIAN_POINT('',(2.35,-11.01499955666,-4.E-02));
#3342 = DIRECTION('',(-0.,0.,-1.));
#3343 = DIRECTION('',(1.,-8.866804392934E-07,-0.));
#3344 = ORIENTED_EDGE('',*,*,#3345,.F.);
#3345 = EDGE_CURVE('',#3346,#3337,#3348,.T.);
#3346 = VERTEX_POINT('',#3347);
#3347 = CARTESIAN_POINT('',(1.85,-11.015,0.));
#3348 = LINE('',#3349,#3350);
#3349 = CARTESIAN_POINT('',(1.85,-11.015,0.));
#3350 = VECTOR('',#3351,1.);
#3351 = DIRECTION('',(0.,0.,-1.));
#3352 = ORIENTED_EDGE('',*,*,#3353,.F.);
#3353 = EDGE_CURVE('',#3327,#3346,#3354,.T.);
#3354 = CIRCLE('',#3355,0.5);
#3355 = AXIS2_PLACEMENT_3D('',#3356,#3357,#3358);
#3356 = CARTESIAN_POINT('',(2.35,-11.01499955666,0.));
#3357 = DIRECTION('',(-0.,0.,-1.));
#3358 = DIRECTION('',(1.,-8.866804392934E-07,-0.));
#3359 = CYLINDRICAL_SURFACE('',#3360,0.5);
#3360 = AXIS2_PLACEMENT_3D('',#3361,#3362,#3363);
#3361 = CARTESIAN_POINT('',(2.35,-11.01499955666,0.));
#3362 = DIRECTION('',(0.,-0.,1.));
#3363 = DIRECTION('',(1.,-8.866804392934E-07,-0.));
#3364 = ADVANCED_FACE('',(#3365),#3390,.F.);
#3365 = FACE_BOUND('',#3366,.F.);
#3366 = EDGE_LOOP('',(#3367,#3377,#3383,#3384));
#3367 = ORIENTED_EDGE('',*,*,#3368,.T.);
#3368 = EDGE_CURVE('',#3369,#3371,#3373,.T.);
#3369 = VERTEX_POINT('',#3370);
#3370 = CARTESIAN_POINT('',(2.85,-9.865,0.));
#3371 = VERTEX_POINT('',#3372);
#3372 = CARTESIAN_POINT('',(2.85,-9.865,-4.E-02));
#3373 = LINE('',#3374,#3375);
#3374 = CARTESIAN_POINT('',(2.85,-9.865,0.));
#3375 = VECTOR('',#3376,1.);
#3376 = DIRECTION('',(0.,0.,-1.));
#3377 = ORIENTED_EDGE('',*,*,#3378,.T.);
#3378 = EDGE_CURVE('',#3371,#3329,#3379,.T.);
#3379 = LINE('',#3380,#3381);
#3380 = CARTESIAN_POINT('',(2.85,-9.865,-4.E-02));
#3381 = VECTOR('',#3382,1.);
#3382 = DIRECTION('',(0.,-1.,0.));
#3383 = ORIENTED_EDGE('',*,*,#3326,.F.);
#3384 = ORIENTED_EDGE('',*,*,#3385,.F.);
#3385 = EDGE_CURVE('',#3369,#3327,#3386,.T.);
#3386 = LINE('',#3387,#3388);
#3387 = CARTESIAN_POINT('',(2.85,-9.865,0.));
#3388 = VECTOR('',#3389,1.);
#3389 = DIRECTION('',(0.,-1.,0.));
#3390 = PLANE('',#3391);
#3391 = AXIS2_PLACEMENT_3D('',#3392,#3393,#3394);
#3392 = CARTESIAN_POINT('',(2.85,-9.865,0.));
#3393 = DIRECTION('',(-1.,-0.,-0.));
#3394 = DIRECTION('',(0.,-1.,0.));
#3395 = ADVANCED_FACE('',(#3396),#3421,.F.);
#3396 = FACE_BOUND('',#3397,.F.);
#3397 = EDGE_LOOP('',(#3398,#3399,#3407,#3415));
#3398 = ORIENTED_EDGE('',*,*,#3345,.T.);
#3399 = ORIENTED_EDGE('',*,*,#3400,.T.);
#3400 = EDGE_CURVE('',#3337,#3401,#3403,.T.);
#3401 = VERTEX_POINT('',#3402);
#3402 = CARTESIAN_POINT('',(1.85,-9.865,-4.E-02));
#3403 = LINE('',#3404,#3405);
#3404 = CARTESIAN_POINT('',(1.85,-11.015,-4.E-02));
#3405 = VECTOR('',#3406,1.);
#3406 = DIRECTION('',(0.,1.,0.));
#3407 = ORIENTED_EDGE('',*,*,#3408,.F.);
#3408 = EDGE_CURVE('',#3409,#3401,#3411,.T.);
#3409 = VERTEX_POINT('',#3410);
#3410 = CARTESIAN_POINT('',(1.85,-9.865,0.));
#3411 = LINE('',#3412,#3413);
#3412 = CARTESIAN_POINT('',(1.85,-9.865,0.));
#3413 = VECTOR('',#3414,1.);
#3414 = DIRECTION('',(0.,0.,-1.));
#3415 = ORIENTED_EDGE('',*,*,#3416,.F.);
#3416 = EDGE_CURVE('',#3346,#3409,#3417,.T.);
#3417 = LINE('',#3418,#3419);
#3418 = CARTESIAN_POINT('',(1.85,-11.015,0.));
#3419 = VECTOR('',#3420,1.);
#3420 = DIRECTION('',(0.,1.,0.));
#3421 = PLANE('',#3422);
#3422 = AXIS2_PLACEMENT_3D('',#3423,#3424,#3425);
#3423 = CARTESIAN_POINT('',(1.85,-11.015,0.));
#3424 = DIRECTION('',(1.,-0.,0.));
#3425 = DIRECTION('',(0.,1.,0.));
#3426 = ADVANCED_FACE('',(#3427,#3439),#3475,.F.);
#3427 = FACE_BOUND('',#3428,.F.);
#3428 = EDGE_LOOP('',(#3429,#3430,#3431,#3438));
#3429 = ORIENTED_EDGE('',*,*,#3353,.T.);
#3430 = ORIENTED_EDGE('',*,*,#3416,.T.);
#3431 = ORIENTED_EDGE('',*,*,#3432,.T.);
#3432 = EDGE_CURVE('',#3409,#3369,#3433,.T.);
#3433 = CIRCLE('',#3434,0.500000000001);
#3434 = AXIS2_PLACEMENT_3D('',#3435,#3436,#3437);
#3435 = CARTESIAN_POINT('',(2.35,-9.864999151875,0.));
#3436 = DIRECTION('',(0.,0.,-1.));
#3437 = DIRECTION('',(-0.999999999999,-1.696250695457E-06,-0.));
#3438 = ORIENTED_EDGE('',*,*,#3385,.T.);
#3439 = FACE_BOUND('',#3440,.F.);
#3440 = EDGE_LOOP('',(#3441,#3452,#3460,#3469));
#3441 = ORIENTED_EDGE('',*,*,#3442,.F.);
#3442 = EDGE_CURVE('',#3443,#3445,#3447,.T.);
#3443 = VERTEX_POINT('',#3444);
#3444 = CARTESIAN_POINT('',(2.125,-9.865,0.));
#3445 = VERTEX_POINT('',#3446);
#3446 = CARTESIAN_POINT('',(2.575,-9.865,0.));
#3447 = CIRCLE('',#3448,0.225);
#3448 = AXIS2_PLACEMENT_3D('',#3449,#3450,#3451);
#3449 = CARTESIAN_POINT('',(2.35,-9.865,0.));
#3450 = DIRECTION('',(0.,-0.,-1.));
#3451 = DIRECTION('',(1.,7.894919286223E-15,-0.));
#3452 = ORIENTED_EDGE('',*,*,#3453,.T.);
#3453 = EDGE_CURVE('',#3443,#3454,#3456,.T.);
#3454 = VERTEX_POINT('',#3455);
#3455 = CARTESIAN_POINT('',(2.125,-11.015,0.));
#3456 = LINE('',#3457,#3458);
#3457 = CARTESIAN_POINT('',(2.125,-4.9325,0.));
#3458 = VECTOR('',#3459,1.);
#3459 = DIRECTION('',(0.,-1.,0.));
#3460 = ORIENTED_EDGE('',*,*,#3461,.F.);
#3461 = EDGE_CURVE('',#3462,#3454,#3464,.T.);
#3462 = VERTEX_POINT('',#3463);
#3463 = CARTESIAN_POINT('',(2.575,-11.015,0.));
#3464 = CIRCLE('',#3465,0.225);
#3465 = AXIS2_PLACEMENT_3D('',#3466,#3467,#3468);
#3466 = CARTESIAN_POINT('',(2.35,-11.015,0.));
#3467 = DIRECTION('',(-0.,0.,-1.));
#3468 = DIRECTION('',(-1.,0.,0.));
#3469 = ORIENTED_EDGE('',*,*,#3470,.T.);
#3470 = EDGE_CURVE('',#3462,#3445,#3471,.T.);
#3471 = LINE('',#3472,#3473);
#3472 = CARTESIAN_POINT('',(2.575,-5.5075,0.));
#3473 = VECTOR('',#3474,1.);
#3474 = DIRECTION('',(0.,1.,-0.));
#3475 = PLANE('',#3476);
#3476 = AXIS2_PLACEMENT_3D('',#3477,#3478,#3479);
#3477 = CARTESIAN_POINT('',(0.,0.,0.));
#3478 = DIRECTION('',(-0.,-0.,-1.));
#3479 = DIRECTION('',(-1.,0.,0.));
#3480 = ADVANCED_FACE('',(#3481,#3493),#3529,.T.);
#3481 = FACE_BOUND('',#3482,.T.);
#3482 = EDGE_LOOP('',(#3483,#3484,#3485,#3492));
#3483 = ORIENTED_EDGE('',*,*,#3336,.T.);
#3484 = ORIENTED_EDGE('',*,*,#3400,.T.);
#3485 = ORIENTED_EDGE('',*,*,#3486,.T.);
#3486 = EDGE_CURVE('',#3401,#3371,#3487,.T.);
#3487 = CIRCLE('',#3488,0.500000000001);
#3488 = AXIS2_PLACEMENT_3D('',#3489,#3490,#3491);
#3489 = CARTESIAN_POINT('',(2.35,-9.864999151875,-4.E-02));
#3490 = DIRECTION('',(0.,0.,-1.));
#3491 = DIRECTION('',(-0.999999999999,-1.696250695457E-06,-0.));
#3492 = ORIENTED_EDGE('',*,*,#3378,.T.);
#3493 = FACE_BOUND('',#3494,.T.);
#3494 = EDGE_LOOP('',(#3495,#3506,#3514,#3523));
#3495 = ORIENTED_EDGE('',*,*,#3496,.F.);
#3496 = EDGE_CURVE('',#3497,#3499,#3501,.T.);
#3497 = VERTEX_POINT('',#3498);
#3498 = CARTESIAN_POINT('',(2.125,-9.865,-4.E-02));
#3499 = VERTEX_POINT('',#3500);
#3500 = CARTESIAN_POINT('',(2.575,-9.865,-4.E-02));
#3501 = CIRCLE('',#3502,0.225);
#3502 = AXIS2_PLACEMENT_3D('',#3503,#3504,#3505);
#3503 = CARTESIAN_POINT('',(2.35,-9.865,-4.E-02));
#3504 = DIRECTION('',(0.,-0.,-1.));
#3505 = DIRECTION('',(1.,7.894919286223E-15,-0.));
#3506 = ORIENTED_EDGE('',*,*,#3507,.T.);
#3507 = EDGE_CURVE('',#3497,#3508,#3510,.T.);
#3508 = VERTEX_POINT('',#3509);
#3509 = CARTESIAN_POINT('',(2.125,-11.015,-4.E-02));
#3510 = LINE('',#3511,#3512);
#3511 = CARTESIAN_POINT('',(2.125,-4.9325,-4.E-02));
#3512 = VECTOR('',#3513,1.);
#3513 = DIRECTION('',(0.,-1.,0.));
#3514 = ORIENTED_EDGE('',*,*,#3515,.F.);
#3515 = EDGE_CURVE('',#3516,#3508,#3518,.T.);
#3516 = VERTEX_POINT('',#3517);
#3517 = CARTESIAN_POINT('',(2.575,-11.015,-4.E-02));
#3518 = CIRCLE('',#3519,0.225);
#3519 = AXIS2_PLACEMENT_3D('',#3520,#3521,#3522);
#3520 = CARTESIAN_POINT('',(2.35,-11.015,-4.E-02));
#3521 = DIRECTION('',(-0.,0.,-1.));
#3522 = DIRECTION('',(-1.,0.,0.));
#3523 = ORIENTED_EDGE('',*,*,#3524,.T.);
#3524 = EDGE_CURVE('',#3516,#3499,#3525,.T.);
#3525 = LINE('',#3526,#3527);
#3526 = CARTESIAN_POINT('',(2.575,-5.5075,-4.E-02));
#3527 = VECTOR('',#3528,1.);
#3528 = DIRECTION('',(0.,1.,-0.));
#3529 = PLANE('',#3530);
#3530 = AXIS2_PLACEMENT_3D('',#3531,#3532,#3533);
#3531 = CARTESIAN_POINT('',(0.,0.,-4.E-02));
#3532 = DIRECTION('',(-0.,-0.,-1.));
#3533 = DIRECTION('',(-1.,0.,0.));
#3534 = ADVANCED_FACE('',(#3535),#3541,.T.);
#3535 = FACE_BOUND('',#3536,.F.);
#3536 = EDGE_LOOP('',(#3537,#3538,#3539,#3540));
#3537 = ORIENTED_EDGE('',*,*,#3408,.T.);
#3538 = ORIENTED_EDGE('',*,*,#3486,.T.);
#3539 = ORIENTED_EDGE('',*,*,#3368,.F.);
#3540 = ORIENTED_EDGE('',*,*,#3432,.F.);
#3541 = CYLINDRICAL_SURFACE('',#3542,0.500000000001);
#3542 = AXIS2_PLACEMENT_3D('',#3543,#3544,#3545);
#3543 = CARTESIAN_POINT('',(2.35,-9.864999151875,0.));
#3544 = DIRECTION('',(-0.,-0.,1.));
#3545 = DIRECTION('',(-0.999999999999,-1.696250695457E-06,-0.));
#3546 = ADVANCED_FACE('',(#3547),#3563,.F.);
#3547 = FACE_BOUND('',#3548,.T.);
#3548 = EDGE_LOOP('',(#3549,#3550,#3556,#3557));
#3549 = ORIENTED_EDGE('',*,*,#3496,.T.);
#3550 = ORIENTED_EDGE('',*,*,#3551,.T.);
#3551 = EDGE_CURVE('',#3499,#3445,#3552,.T.);
#3552 = LINE('',#3553,#3554);
#3553 = CARTESIAN_POINT('',(2.575,-9.865,-4.6E-02));
#3554 = VECTOR('',#3555,1.);
#3555 = DIRECTION('',(0.,0.,1.));
#3556 = ORIENTED_EDGE('',*,*,#3442,.F.);
#3557 = ORIENTED_EDGE('',*,*,#3558,.F.);
#3558 = EDGE_CURVE('',#3497,#3443,#3559,.T.);
#3559 = LINE('',#3560,#3561);
#3560 = CARTESIAN_POINT('',(2.125,-9.865,-4.6E-02));
#3561 = VECTOR('',#3562,1.);
#3562 = DIRECTION('',(0.,0.,1.));
#3563 = CYLINDRICAL_SURFACE('',#3564,0.225);
#3564 = AXIS2_PLACEMENT_3D('',#3565,#3566,#3567);
#3565 = CARTESIAN_POINT('',(2.35,-9.865,-4.6E-02));
#3566 = DIRECTION('',(-0.,-0.,-1.));
#3567 = DIRECTION('',(1.,7.894919286223E-15,-0.));
#3568 = ADVANCED_FACE('',(#3569),#3580,.T.);
#3569 = FACE_BOUND('',#3570,.T.);
#3570 = EDGE_LOOP('',(#3571,#3572,#3578,#3579));
#3571 = ORIENTED_EDGE('',*,*,#3524,.F.);
#3572 = ORIENTED_EDGE('',*,*,#3573,.T.);
#3573 = EDGE_CURVE('',#3516,#3462,#3574,.T.);
#3574 = LINE('',#3575,#3576);
#3575 = CARTESIAN_POINT('',(2.575,-11.015,-4.6E-02));
#3576 = VECTOR('',#3577,1.);
#3577 = DIRECTION('',(0.,0.,1.));
#3578 = ORIENTED_EDGE('',*,*,#3470,.T.);
#3579 = ORIENTED_EDGE('',*,*,#3551,.F.);
#3580 = PLANE('',#3581);
#3581 = AXIS2_PLACEMENT_3D('',#3582,#3583,#3584);
#3582 = CARTESIAN_POINT('',(2.575,-11.015,-4.6E-02));
#3583 = DIRECTION('',(-1.,0.,0.));
#3584 = DIRECTION('',(0.,1.,0.));
#3585 = ADVANCED_FACE('',(#3586),#3597,.F.);
#3586 = FACE_BOUND('',#3587,.T.);
#3587 = EDGE_LOOP('',(#3588,#3589,#3595,#3596));
#3588 = ORIENTED_EDGE('',*,*,#3515,.T.);
#3589 = ORIENTED_EDGE('',*,*,#3590,.T.);
#3590 = EDGE_CURVE('',#3508,#3454,#3591,.T.);
#3591 = LINE('',#3592,#3593);
#3592 = CARTESIAN_POINT('',(2.125,-11.015,-4.6E-02));
#3593 = VECTOR('',#3594,1.);
#3594 = DIRECTION('',(0.,0.,1.));
#3595 = ORIENTED_EDGE('',*,*,#3461,.F.);
#3596 = ORIENTED_EDGE('',*,*,#3573,.F.);
#3597 = CYLINDRICAL_SURFACE('',#3598,0.225);
#3598 = AXIS2_PLACEMENT_3D('',#3599,#3600,#3601);
#3599 = CARTESIAN_POINT('',(2.35,-11.015,-4.6E-02));
#3600 = DIRECTION('',(-0.,-0.,-1.));
#3601 = DIRECTION('',(-1.,0.,-0.));
#3602 = ADVANCED_FACE('',(#3603),#3609,.T.);
#3603 = FACE_BOUND('',#3604,.T.);
#3604 = EDGE_LOOP('',(#3605,#3606,#3607,#3608));
#3605 = ORIENTED_EDGE('',*,*,#3507,.F.);
#3606 = ORIENTED_EDGE('',*,*,#3558,.T.);
#3607 = ORIENTED_EDGE('',*,*,#3453,.T.);
#3608 = ORIENTED_EDGE('',*,*,#3590,.F.);
#3609 = PLANE('',#3610);
#3610 = AXIS2_PLACEMENT_3D('',#3611,#3612,#3613);
#3611 = CARTESIAN_POINT('',(2.125,-9.865,-4.6E-02));
#3612 = DIRECTION('',(1.,0.,-0.));
#3613 = DIRECTION('',(0.,-1.,0.));
#3614 = MANIFOLD_SOLID_BREP('',#3615);
#3615 = CLOSED_SHELL('',(#3616,#3656,#3689,#3722,#3775,#3828,#3840,#3862
    ,#3879,#3896));
#3616 = ADVANCED_FACE('',(#3617),#3651,.F.);
#3617 = FACE_BOUND('',#3618,.F.);
#3618 = EDGE_LOOP('',(#3619,#3629,#3637,#3645));
#3619 = ORIENTED_EDGE('',*,*,#3620,.T.);
#3620 = EDGE_CURVE('',#3621,#3623,#3625,.T.);
#3621 = VERTEX_POINT('',#3622);
#3622 = CARTESIAN_POINT('',(2.1,-9.865,-4.E-02));
#3623 = VERTEX_POINT('',#3624);
#3624 = CARTESIAN_POINT('',(2.1,-9.865,0.55));
#3625 = LINE('',#3626,#3627);
#3626 = CARTESIAN_POINT('',(2.1,-9.865,-4.E-02));
#3627 = VECTOR('',#3628,1.);
#3628 = DIRECTION('',(0.,0.,1.));
#3629 = ORIENTED_EDGE('',*,*,#3630,.T.);
#3630 = EDGE_CURVE('',#3623,#3631,#3633,.T.);
#3631 = VERTEX_POINT('',#3632);
#3632 = CARTESIAN_POINT('',(2.1,-11.015,0.55));
#3633 = LINE('',#3634,#3635);
#3634 = CARTESIAN_POINT('',(2.1,-9.865,0.55));
#3635 = VECTOR('',#3636,1.);
#3636 = DIRECTION('',(0.,-1.,0.));
#3637 = ORIENTED_EDGE('',*,*,#3638,.F.);
#3638 = EDGE_CURVE('',#3639,#3631,#3641,.T.);
#3639 = VERTEX_POINT('',#3640);
#3640 = CARTESIAN_POINT('',(2.1,-11.015,-4.E-02));
#3641 = LINE('',#3642,#3643);
#3642 = CARTESIAN_POINT('',(2.1,-11.015,-4.E-02));
#3643 = VECTOR('',#3644,1.);
#3644 = DIRECTION('',(0.,0.,1.));
#3645 = ORIENTED_EDGE('',*,*,#3646,.F.);
#3646 = EDGE_CURVE('',#3621,#3639,#3647,.T.);
#3647 = LINE('',#3648,#3649);
#3648 = CARTESIAN_POINT('',(2.1,-9.865,-4.E-02));
#3649 = VECTOR('',#3650,1.);
#3650 = DIRECTION('',(0.,-1.,0.));
#3651 = PLANE('',#3652);
#3652 = AXIS2_PLACEMENT_3D('',#3653,#3654,#3655);
#3653 = CARTESIAN_POINT('',(2.1,-9.865,-4.E-02));
#3654 = DIRECTION('',(1.,0.,-0.));
#3655 = DIRECTION('',(0.,-1.,0.));
#3656 = ADVANCED_FACE('',(#3657),#3684,.T.);
#3657 = FACE_BOUND('',#3658,.F.);
#3658 = EDGE_LOOP('',(#3659,#3669,#3676,#3677));
#3659 = ORIENTED_EDGE('',*,*,#3660,.T.);
#3660 = EDGE_CURVE('',#3661,#3663,#3665,.T.);
#3661 = VERTEX_POINT('',#3662);
#3662 = CARTESIAN_POINT('',(2.6,-9.865,-4.E-02));
#3663 = VERTEX_POINT('',#3664);
#3664 = CARTESIAN_POINT('',(2.6,-9.865,0.55));
#3665 = LINE('',#3666,#3667);
#3666 = CARTESIAN_POINT('',(2.6,-9.865,-4.E-02));
#3667 = VECTOR('',#3668,1.);
#3668 = DIRECTION('',(0.,0.,1.));
#3669 = ORIENTED_EDGE('',*,*,#3670,.T.);
#3670 = EDGE_CURVE('',#3663,#3623,#3671,.T.);
#3671 = CIRCLE('',#3672,0.25);
#3672 = AXIS2_PLACEMENT_3D('',#3673,#3674,#3675);
#3673 = CARTESIAN_POINT('',(2.35,-9.865,0.55));
#3674 = DIRECTION('',(0.,0.,1.));
#3675 = DIRECTION('',(1.,0.,-0.));
#3676 = ORIENTED_EDGE('',*,*,#3620,.F.);
#3677 = ORIENTED_EDGE('',*,*,#3678,.F.);
#3678 = EDGE_CURVE('',#3661,#3621,#3679,.T.);
#3679 = CIRCLE('',#3680,0.25);
#3680 = AXIS2_PLACEMENT_3D('',#3681,#3682,#3683);
#3681 = CARTESIAN_POINT('',(2.35,-9.865,-4.E-02));
#3682 = DIRECTION('',(0.,0.,1.));
#3683 = DIRECTION('',(1.,0.,-0.));
#3684 = CYLINDRICAL_SURFACE('',#3685,0.25);
#3685 = AXIS2_PLACEMENT_3D('',#3686,#3687,#3688);
#3686 = CARTESIAN_POINT('',(2.35,-9.865,-4.E-02));
#3687 = DIRECTION('',(-0.,-0.,-1.));
#3688 = DIRECTION('',(1.,0.,-0.));
#3689 = ADVANCED_FACE('',(#3690),#3717,.T.);
#3690 = FACE_BOUND('',#3691,.F.);
#3691 = EDGE_LOOP('',(#3692,#3693,#3702,#3710));
#3692 = ORIENTED_EDGE('',*,*,#3638,.T.);
#3693 = ORIENTED_EDGE('',*,*,#3694,.T.);
#3694 = EDGE_CURVE('',#3631,#3695,#3697,.T.);
#3695 = VERTEX_POINT('',#3696);
#3696 = CARTESIAN_POINT('',(2.6,-11.015,0.55));
#3697 = CIRCLE('',#3698,0.25);
#3698 = AXIS2_PLACEMENT_3D('',#3699,#3700,#3701);
#3699 = CARTESIAN_POINT('',(2.35,-11.015,0.55));
#3700 = DIRECTION('',(0.,0.,1.));
#3701 = DIRECTION('',(-1.,0.,-0.));
#3702 = ORIENTED_EDGE('',*,*,#3703,.F.);
#3703 = EDGE_CURVE('',#3704,#3695,#3706,.T.);
#3704 = VERTEX_POINT('',#3705);
#3705 = CARTESIAN_POINT('',(2.6,-11.015,-4.E-02));
#3706 = LINE('',#3707,#3708);
#3707 = CARTESIAN_POINT('',(2.6,-11.015,-4.E-02));
#3708 = VECTOR('',#3709,1.);
#3709 = DIRECTION('',(0.,0.,1.));
#3710 = ORIENTED_EDGE('',*,*,#3711,.F.);
#3711 = EDGE_CURVE('',#3639,#3704,#3712,.T.);
#3712 = CIRCLE('',#3713,0.25);
#3713 = AXIS2_PLACEMENT_3D('',#3714,#3715,#3716);
#3714 = CARTESIAN_POINT('',(2.35,-11.015,-4.E-02));
#3715 = DIRECTION('',(0.,0.,1.));
#3716 = DIRECTION('',(-1.,0.,-0.));
#3717 = CYLINDRICAL_SURFACE('',#3718,0.25);
#3718 = AXIS2_PLACEMENT_3D('',#3719,#3720,#3721);
#3719 = CARTESIAN_POINT('',(2.35,-11.015,-4.E-02));
#3720 = DIRECTION('',(-0.,-0.,-1.));
#3721 = DIRECTION('',(-1.,0.,-0.));
#3722 = ADVANCED_FACE('',(#3723,#3734),#3770,.F.);
#3723 = FACE_BOUND('',#3724,.F.);
#3724 = EDGE_LOOP('',(#3725,#3726,#3727,#3733));
#3725 = ORIENTED_EDGE('',*,*,#3646,.T.);
#3726 = ORIENTED_EDGE('',*,*,#3711,.T.);
#3727 = ORIENTED_EDGE('',*,*,#3728,.T.);
#3728 = EDGE_CURVE('',#3704,#3661,#3729,.T.);
#3729 = LINE('',#3730,#3731);
#3730 = CARTESIAN_POINT('',(2.6,-11.015,-4.E-02));
#3731 = VECTOR('',#3732,1.);
#3732 = DIRECTION('',(0.,1.,0.));
#3733 = ORIENTED_EDGE('',*,*,#3678,.T.);
#3734 = FACE_BOUND('',#3735,.F.);
#3735 = EDGE_LOOP('',(#3736,#3747,#3755,#3764));
#3736 = ORIENTED_EDGE('',*,*,#3737,.T.);
#3737 = EDGE_CURVE('',#3738,#3740,#3742,.T.);
#3738 = VERTEX_POINT('',#3739);
#3739 = CARTESIAN_POINT('',(2.575,-11.015,-4.E-02));
#3740 = VERTEX_POINT('',#3741);
#3741 = CARTESIAN_POINT('',(2.125,-11.015,-4.E-02));
#3742 = CIRCLE('',#3743,0.225);
#3743 = AXIS2_PLACEMENT_3D('',#3744,#3745,#3746);
#3744 = CARTESIAN_POINT('',(2.35,-11.015,-4.E-02));
#3745 = DIRECTION('',(-0.,0.,-1.));
#3746 = DIRECTION('',(-1.,0.,0.));
#3747 = ORIENTED_EDGE('',*,*,#3748,.T.);
#3748 = EDGE_CURVE('',#3740,#3749,#3751,.T.);
#3749 = VERTEX_POINT('',#3750);
#3750 = CARTESIAN_POINT('',(2.125,-9.865,-4.E-02));
#3751 = LINE('',#3752,#3753);
#3752 = CARTESIAN_POINT('',(2.125,-9.865,-4.E-02));
#3753 = VECTOR('',#3754,1.);
#3754 = DIRECTION('',(-0.,1.,0.));
#3755 = ORIENTED_EDGE('',*,*,#3756,.T.);
#3756 = EDGE_CURVE('',#3749,#3757,#3759,.T.);
#3757 = VERTEX_POINT('',#3758);
#3758 = CARTESIAN_POINT('',(2.575,-9.865,-4.E-02));
#3759 = CIRCLE('',#3760,0.225);
#3760 = AXIS2_PLACEMENT_3D('',#3761,#3762,#3763);
#3761 = CARTESIAN_POINT('',(2.35,-9.865,-4.E-02));
#3762 = DIRECTION('',(0.,-0.,-1.));
#3763 = DIRECTION('',(1.,7.894919286223E-15,-0.));
#3764 = ORIENTED_EDGE('',*,*,#3765,.T.);
#3765 = EDGE_CURVE('',#3757,#3738,#3766,.T.);
#3766 = LINE('',#3767,#3768);
#3767 = CARTESIAN_POINT('',(2.575,-10.44,-4.E-02));
#3768 = VECTOR('',#3769,1.);
#3769 = DIRECTION('',(0.,-1.,0.));
#3770 = PLANE('',#3771);
#3771 = AXIS2_PLACEMENT_3D('',#3772,#3773,#3774);
#3772 = CARTESIAN_POINT('',(2.1,-9.865,-4.E-02));
#3773 = DIRECTION('',(0.,0.,1.));
#3774 = DIRECTION('',(1.,0.,-0.));
#3775 = ADVANCED_FACE('',(#3776,#3787),#3823,.T.);
#3776 = FACE_BOUND('',#3777,.T.);
#3777 = EDGE_LOOP('',(#3778,#3779,#3780,#3786));
#3778 = ORIENTED_EDGE('',*,*,#3630,.T.);
#3779 = ORIENTED_EDGE('',*,*,#3694,.T.);
#3780 = ORIENTED_EDGE('',*,*,#3781,.T.);
#3781 = EDGE_CURVE('',#3695,#3663,#3782,.T.);
#3782 = LINE('',#3783,#3784);
#3783 = CARTESIAN_POINT('',(2.6,-11.015,0.55));
#3784 = VECTOR('',#3785,1.);
#3785 = DIRECTION('',(0.,1.,0.));
#3786 = ORIENTED_EDGE('',*,*,#3670,.T.);
#3787 = FACE_BOUND('',#3788,.T.);
#3788 = EDGE_LOOP('',(#3789,#3800,#3808,#3817));
#3789 = ORIENTED_EDGE('',*,*,#3790,.T.);
#3790 = EDGE_CURVE('',#3791,#3793,#3795,.T.);
#3791 = VERTEX_POINT('',#3792);
#3792 = CARTESIAN_POINT('',(2.575,-11.015,0.55));
#3793 = VERTEX_POINT('',#3794);
#3794 = CARTESIAN_POINT('',(2.125,-11.015,0.55));
#3795 = CIRCLE('',#3796,0.225);
#3796 = AXIS2_PLACEMENT_3D('',#3797,#3798,#3799);
#3797 = CARTESIAN_POINT('',(2.35,-11.015,0.55));
#3798 = DIRECTION('',(-0.,0.,-1.));
#3799 = DIRECTION('',(-1.,0.,0.));
#3800 = ORIENTED_EDGE('',*,*,#3801,.T.);
#3801 = EDGE_CURVE('',#3793,#3802,#3804,.T.);
#3802 = VERTEX_POINT('',#3803);
#3803 = CARTESIAN_POINT('',(2.125,-9.865,0.55));
#3804 = LINE('',#3805,#3806);
#3805 = CARTESIAN_POINT('',(2.125,-9.865,0.55));
#3806 = VECTOR('',#3807,1.);
#3807 = DIRECTION('',(-0.,1.,0.));
#3808 = ORIENTED_EDGE('',*,*,#3809,.T.);
#3809 = EDGE_CURVE('',#3802,#3810,#3812,.T.);
#3810 = VERTEX_POINT('',#3811);
#3811 = CARTESIAN_POINT('',(2.575,-9.865,0.55));
#3812 = CIRCLE('',#3813,0.225);
#3813 = AXIS2_PLACEMENT_3D('',#3814,#3815,#3816);
#3814 = CARTESIAN_POINT('',(2.35,-9.865,0.55));
#3815 = DIRECTION('',(0.,-0.,-1.));
#3816 = DIRECTION('',(1.,7.894919286223E-15,-0.));
#3817 = ORIENTED_EDGE('',*,*,#3818,.T.);
#3818 = EDGE_CURVE('',#3810,#3791,#3819,.T.);
#3819 = LINE('',#3820,#3821);
#3820 = CARTESIAN_POINT('',(2.575,-10.44,0.55));
#3821 = VECTOR('',#3822,1.);
#3822 = DIRECTION('',(0.,-1.,0.));
#3823 = PLANE('',#3824);
#3824 = AXIS2_PLACEMENT_3D('',#3825,#3826,#3827);
#3825 = CARTESIAN_POINT('',(2.1,-9.865,0.55));
#3826 = DIRECTION('',(0.,0.,1.));
#3827 = DIRECTION('',(1.,0.,-0.));
#3828 = ADVANCED_FACE('',(#3829),#3835,.F.);
#3829 = FACE_BOUND('',#3830,.F.);
#3830 = EDGE_LOOP('',(#3831,#3832,#3833,#3834));
#3831 = ORIENTED_EDGE('',*,*,#3703,.T.);
#3832 = ORIENTED_EDGE('',*,*,#3781,.T.);
#3833 = ORIENTED_EDGE('',*,*,#3660,.F.);
#3834 = ORIENTED_EDGE('',*,*,#3728,.F.);
#3835 = PLANE('',#3836);
#3836 = AXIS2_PLACEMENT_3D('',#3837,#3838,#3839);
#3837 = CARTESIAN_POINT('',(2.6,-11.015,-4.E-02));
#3838 = DIRECTION('',(-1.,0.,0.));
#3839 = DIRECTION('',(0.,1.,0.));
#3840 = ADVANCED_FACE('',(#3841),#3857,.F.);
#3841 = FACE_BOUND('',#3842,.T.);
#3842 = EDGE_LOOP('',(#3843,#3844,#3850,#3851));
#3843 = ORIENTED_EDGE('',*,*,#3737,.T.);
#3844 = ORIENTED_EDGE('',*,*,#3845,.T.);
#3845 = EDGE_CURVE('',#3740,#3793,#3846,.T.);
#3846 = LINE('',#3847,#3848);
#3847 = CARTESIAN_POINT('',(2.125,-11.015,-4.6E-02));
#3848 = VECTOR('',#3849,1.);
#3849 = DIRECTION('',(0.,0.,1.));
#3850 = ORIENTED_EDGE('',*,*,#3790,.F.);
#3851 = ORIENTED_EDGE('',*,*,#3852,.F.);
#3852 = EDGE_CURVE('',#3738,#3791,#3853,.T.);
#3853 = LINE('',#3854,#3855);
#3854 = CARTESIAN_POINT('',(2.575,-11.015,-4.6E-02));
#3855 = VECTOR('',#3856,1.);
#3856 = DIRECTION('',(0.,0.,1.));
#3857 = CYLINDRICAL_SURFACE('',#3858,0.225);
#3858 = AXIS2_PLACEMENT_3D('',#3859,#3860,#3861);
#3859 = CARTESIAN_POINT('',(2.35,-11.015,-4.6E-02));
#3860 = DIRECTION('',(-0.,-0.,-1.));
#3861 = DIRECTION('',(-1.,0.,-0.));
#3862 = ADVANCED_FACE('',(#3863),#3874,.T.);
#3863 = FACE_BOUND('',#3864,.T.);
#3864 = EDGE_LOOP('',(#3865,#3866,#3867,#3868));
#3865 = ORIENTED_EDGE('',*,*,#3765,.T.);
#3866 = ORIENTED_EDGE('',*,*,#3852,.T.);
#3867 = ORIENTED_EDGE('',*,*,#3818,.F.);
#3868 = ORIENTED_EDGE('',*,*,#3869,.F.);
#3869 = EDGE_CURVE('',#3757,#3810,#3870,.T.);
#3870 = LINE('',#3871,#3872);
#3871 = CARTESIAN_POINT('',(2.575,-9.865,-4.6E-02));
#3872 = VECTOR('',#3873,1.);
#3873 = DIRECTION('',(0.,0.,1.));
#3874 = PLANE('',#3875);
#3875 = AXIS2_PLACEMENT_3D('',#3876,#3877,#3878);
#3876 = CARTESIAN_POINT('',(2.575,-11.015,-4.6E-02));
#3877 = DIRECTION('',(-1.,0.,0.));
#3878 = DIRECTION('',(0.,1.,0.));
#3879 = ADVANCED_FACE('',(#3880),#3891,.F.);
#3880 = FACE_BOUND('',#3881,.T.);
#3881 = EDGE_LOOP('',(#3882,#3883,#3884,#3885));
#3882 = ORIENTED_EDGE('',*,*,#3756,.T.);
#3883 = ORIENTED_EDGE('',*,*,#3869,.T.);
#3884 = ORIENTED_EDGE('',*,*,#3809,.F.);
#3885 = ORIENTED_EDGE('',*,*,#3886,.F.);
#3886 = EDGE_CURVE('',#3749,#3802,#3887,.T.);
#3887 = LINE('',#3888,#3889);
#3888 = CARTESIAN_POINT('',(2.125,-9.865,-4.6E-02));
#3889 = VECTOR('',#3890,1.);
#3890 = DIRECTION('',(0.,0.,1.));
#3891 = CYLINDRICAL_SURFACE('',#3892,0.225);
#3892 = AXIS2_PLACEMENT_3D('',#3893,#3894,#3895);
#3893 = CARTESIAN_POINT('',(2.35,-9.865,-4.6E-02));
#3894 = DIRECTION('',(-0.,-0.,-1.));
#3895 = DIRECTION('',(1.,7.894919286223E-15,-0.));
#3896 = ADVANCED_FACE('',(#3897),#3903,.T.);
#3897 = FACE_BOUND('',#3898,.T.);
#3898 = EDGE_LOOP('',(#3899,#3900,#3901,#3902));
#3899 = ORIENTED_EDGE('',*,*,#3748,.T.);
#3900 = ORIENTED_EDGE('',*,*,#3886,.T.);
#3901 = ORIENTED_EDGE('',*,*,#3801,.F.);
#3902 = ORIENTED_EDGE('',*,*,#3845,.F.);
#3903 = PLANE('',#3904);
#3904 = AXIS2_PLACEMENT_3D('',#3905,#3906,#3907);
#3905 = CARTESIAN_POINT('',(2.125,-9.865,-4.6E-02));
#3906 = DIRECTION('',(1.,0.,-0.));
#3907 = DIRECTION('',(0.,-1.,0.));
#3908 = MANIFOLD_SOLID_BREP('',#3909);
#3909 = CLOSED_SHELL('',(#3910,#3952,#3983,#4014,#4068,#4122,#4134,#4156
    ,#4173,#4190));
#3910 = ADVANCED_FACE('',(#3911),#3947,.T.);
#3911 = FACE_BOUND('',#3912,.T.);
#3912 = EDGE_LOOP('',(#3913,#3923,#3932,#3940));
#3913 = ORIENTED_EDGE('',*,*,#3914,.T.);
#3914 = EDGE_CURVE('',#3915,#3917,#3919,.T.);
#3915 = VERTEX_POINT('',#3916);
#3916 = CARTESIAN_POINT('',(2.85,-15.015,0.51));
#3917 = VERTEX_POINT('',#3918);
#3918 = CARTESIAN_POINT('',(2.85,-15.015,0.55));
#3919 = LINE('',#3920,#3921);
#3920 = CARTESIAN_POINT('',(2.85,-15.015,0.51));
#3921 = VECTOR('',#3922,1.);
#3922 = DIRECTION('',(0.,0.,1.));
#3923 = ORIENTED_EDGE('',*,*,#3924,.T.);
#3924 = EDGE_CURVE('',#3917,#3925,#3927,.T.);
#3925 = VERTEX_POINT('',#3926);
#3926 = CARTESIAN_POINT('',(1.85,-15.015,0.55));
#3927 = CIRCLE('',#3928,0.5);
#3928 = AXIS2_PLACEMENT_3D('',#3929,#3930,#3931);
#3929 = CARTESIAN_POINT('',(2.35,-15.01499955666,0.55));
#3930 = DIRECTION('',(-0.,0.,-1.));
#3931 = DIRECTION('',(1.,-8.866804392934E-07,-0.));
#3932 = ORIENTED_EDGE('',*,*,#3933,.F.);
#3933 = EDGE_CURVE('',#3934,#3925,#3936,.T.);
#3934 = VERTEX_POINT('',#3935);
#3935 = CARTESIAN_POINT('',(1.85,-15.015,0.51));
#3936 = LINE('',#3937,#3938);
#3937 = CARTESIAN_POINT('',(1.85,-15.015,0.51));
#3938 = VECTOR('',#3939,1.);
#3939 = DIRECTION('',(0.,0.,1.));
#3940 = ORIENTED_EDGE('',*,*,#3941,.F.);
#3941 = EDGE_CURVE('',#3915,#3934,#3942,.T.);
#3942 = CIRCLE('',#3943,0.5);
#3943 = AXIS2_PLACEMENT_3D('',#3944,#3945,#3946);
#3944 = CARTESIAN_POINT('',(2.35,-15.01499955666,0.51));
#3945 = DIRECTION('',(-0.,0.,-1.));
#3946 = DIRECTION('',(1.,-8.866804392934E-07,-0.));
#3947 = CYLINDRICAL_SURFACE('',#3948,0.5);
#3948 = AXIS2_PLACEMENT_3D('',#3949,#3950,#3951);
#3949 = CARTESIAN_POINT('',(2.35,-15.01499955666,0.51));
#3950 = DIRECTION('',(-0.,0.,-1.));
#3951 = DIRECTION('',(1.,-8.866804392934E-07,-0.));
#3952 = ADVANCED_FACE('',(#3953),#3978,.T.);
#3953 = FACE_BOUND('',#3954,.T.);
#3954 = EDGE_LOOP('',(#3955,#3965,#3971,#3972));
#3955 = ORIENTED_EDGE('',*,*,#3956,.T.);
#3956 = EDGE_CURVE('',#3957,#3959,#3961,.T.);
#3957 = VERTEX_POINT('',#3958);
#3958 = CARTESIAN_POINT('',(2.85,-13.865,0.51));
#3959 = VERTEX_POINT('',#3960);
#3960 = CARTESIAN_POINT('',(2.85,-13.865,0.55));
#3961 = LINE('',#3962,#3963);
#3962 = CARTESIAN_POINT('',(2.85,-13.865,0.51));
#3963 = VECTOR('',#3964,1.);
#3964 = DIRECTION('',(0.,0.,1.));
#3965 = ORIENTED_EDGE('',*,*,#3966,.T.);
#3966 = EDGE_CURVE('',#3959,#3917,#3967,.T.);
#3967 = LINE('',#3968,#3969);
#3968 = CARTESIAN_POINT('',(2.85,-13.865,0.55));
#3969 = VECTOR('',#3970,1.);
#3970 = DIRECTION('',(0.,-1.,0.));
#3971 = ORIENTED_EDGE('',*,*,#3914,.F.);
#3972 = ORIENTED_EDGE('',*,*,#3973,.F.);
#3973 = EDGE_CURVE('',#3957,#3915,#3974,.T.);
#3974 = LINE('',#3975,#3976);
#3975 = CARTESIAN_POINT('',(2.85,-13.865,0.51));
#3976 = VECTOR('',#3977,1.);
#3977 = DIRECTION('',(0.,-1.,0.));
#3978 = PLANE('',#3979);
#3979 = AXIS2_PLACEMENT_3D('',#3980,#3981,#3982);
#3980 = CARTESIAN_POINT('',(2.85,-13.865,0.51));
#3981 = DIRECTION('',(1.,0.,-0.));
#3982 = DIRECTION('',(0.,-1.,0.));
#3983 = ADVANCED_FACE('',(#3984),#4009,.T.);
#3984 = FACE_BOUND('',#3985,.T.);
#3985 = EDGE_LOOP('',(#3986,#3987,#3995,#4003));
#3986 = ORIENTED_EDGE('',*,*,#3933,.T.);
#3987 = ORIENTED_EDGE('',*,*,#3988,.T.);
#3988 = EDGE_CURVE('',#3925,#3989,#3991,.T.);
#3989 = VERTEX_POINT('',#3990);
#3990 = CARTESIAN_POINT('',(1.85,-13.865,0.55));
#3991 = LINE('',#3992,#3993);
#3992 = CARTESIAN_POINT('',(1.85,-15.015,0.55));
#3993 = VECTOR('',#3994,1.);
#3994 = DIRECTION('',(0.,1.,0.));
#3995 = ORIENTED_EDGE('',*,*,#3996,.F.);
#3996 = EDGE_CURVE('',#3997,#3989,#3999,.T.);
#3997 = VERTEX_POINT('',#3998);
#3998 = CARTESIAN_POINT('',(1.85,-13.865,0.51));
#3999 = LINE('',#4000,#4001);
#4000 = CARTESIAN_POINT('',(1.85,-13.865,0.51));
#4001 = VECTOR('',#4002,1.);
#4002 = DIRECTION('',(0.,0.,1.));
#4003 = ORIENTED_EDGE('',*,*,#4004,.F.);
#4004 = EDGE_CURVE('',#3934,#3997,#4005,.T.);
#4005 = LINE('',#4006,#4007);
#4006 = CARTESIAN_POINT('',(1.85,-15.015,0.51));
#4007 = VECTOR('',#4008,1.);
#4008 = DIRECTION('',(0.,1.,0.));
#4009 = PLANE('',#4010);
#4010 = AXIS2_PLACEMENT_3D('',#4011,#4012,#4013);
#4011 = CARTESIAN_POINT('',(1.85,-15.015,0.51));
#4012 = DIRECTION('',(-1.,0.,0.));
#4013 = DIRECTION('',(0.,1.,0.));
#4014 = ADVANCED_FACE('',(#4015,#4027),#4063,.F.);
#4015 = FACE_BOUND('',#4016,.F.);
#4016 = EDGE_LOOP('',(#4017,#4018,#4019,#4026));
#4017 = ORIENTED_EDGE('',*,*,#3941,.F.);
#4018 = ORIENTED_EDGE('',*,*,#3973,.F.);
#4019 = ORIENTED_EDGE('',*,*,#4020,.F.);
#4020 = EDGE_CURVE('',#3997,#3957,#4021,.T.);
#4021 = CIRCLE('',#4022,0.500000000001);
#4022 = AXIS2_PLACEMENT_3D('',#4023,#4024,#4025);
#4023 = CARTESIAN_POINT('',(2.35,-13.86499915187,0.51));
#4024 = DIRECTION('',(0.,0.,-1.));
#4025 = DIRECTION('',(-0.999999999999,-1.696250695457E-06,-0.));
#4026 = ORIENTED_EDGE('',*,*,#4004,.F.);
#4027 = FACE_BOUND('',#4028,.F.);
#4028 = EDGE_LOOP('',(#4029,#4040,#4048,#4057));
#4029 = ORIENTED_EDGE('',*,*,#4030,.T.);
#4030 = EDGE_CURVE('',#4031,#4033,#4035,.T.);
#4031 = VERTEX_POINT('',#4032);
#4032 = CARTESIAN_POINT('',(2.575,-15.015,0.51));
#4033 = VERTEX_POINT('',#4034);
#4034 = CARTESIAN_POINT('',(2.125,-15.015,0.51));
#4035 = CIRCLE('',#4036,0.225);
#4036 = AXIS2_PLACEMENT_3D('',#4037,#4038,#4039);
#4037 = CARTESIAN_POINT('',(2.35,-15.015,0.51));
#4038 = DIRECTION('',(-0.,0.,-1.));
#4039 = DIRECTION('',(-1.,0.,0.));
#4040 = ORIENTED_EDGE('',*,*,#4041,.T.);
#4041 = EDGE_CURVE('',#4033,#4042,#4044,.T.);
#4042 = VERTEX_POINT('',#4043);
#4043 = CARTESIAN_POINT('',(2.125,-13.865,0.51));
#4044 = LINE('',#4045,#4046);
#4045 = CARTESIAN_POINT('',(2.125,-6.9325,0.51));
#4046 = VECTOR('',#4047,1.);
#4047 = DIRECTION('',(-0.,1.,0.));
#4048 = ORIENTED_EDGE('',*,*,#4049,.T.);
#4049 = EDGE_CURVE('',#4042,#4050,#4052,.T.);
#4050 = VERTEX_POINT('',#4051);
#4051 = CARTESIAN_POINT('',(2.575,-13.865,0.51));
#4052 = CIRCLE('',#4053,0.225);
#4053 = AXIS2_PLACEMENT_3D('',#4054,#4055,#4056);
#4054 = CARTESIAN_POINT('',(2.35,-13.865,0.51));
#4055 = DIRECTION('',(0.,-0.,-1.));
#4056 = DIRECTION('',(1.,7.894919286223E-15,-0.));
#4057 = ORIENTED_EDGE('',*,*,#4058,.T.);
#4058 = EDGE_CURVE('',#4050,#4031,#4059,.T.);
#4059 = LINE('',#4060,#4061);
#4060 = CARTESIAN_POINT('',(2.575,-7.5075,0.51));
#4061 = VECTOR('',#4062,1.);
#4062 = DIRECTION('',(0.,-1.,0.));
#4063 = PLANE('',#4064);
#4064 = AXIS2_PLACEMENT_3D('',#4065,#4066,#4067);
#4065 = CARTESIAN_POINT('',(0.,0.,0.51));
#4066 = DIRECTION('',(0.,0.,1.));
#4067 = DIRECTION('',(1.,0.,-0.));
#4068 = ADVANCED_FACE('',(#4069,#4081),#4117,.T.);
#4069 = FACE_BOUND('',#4070,.T.);
#4070 = EDGE_LOOP('',(#4071,#4072,#4073,#4080));
#4071 = ORIENTED_EDGE('',*,*,#3924,.F.);
#4072 = ORIENTED_EDGE('',*,*,#3966,.F.);
#4073 = ORIENTED_EDGE('',*,*,#4074,.F.);
#4074 = EDGE_CURVE('',#3989,#3959,#4075,.T.);
#4075 = CIRCLE('',#4076,0.500000000001);
#4076 = AXIS2_PLACEMENT_3D('',#4077,#4078,#4079);
#4077 = CARTESIAN_POINT('',(2.35,-13.86499915187,0.55));
#4078 = DIRECTION('',(0.,0.,-1.));
#4079 = DIRECTION('',(-0.999999999999,-1.696250695457E-06,-0.));
#4080 = ORIENTED_EDGE('',*,*,#3988,.F.);
#4081 = FACE_BOUND('',#4082,.T.);
#4082 = EDGE_LOOP('',(#4083,#4094,#4102,#4111));
#4083 = ORIENTED_EDGE('',*,*,#4084,.T.);
#4084 = EDGE_CURVE('',#4085,#4087,#4089,.T.);
#4085 = VERTEX_POINT('',#4086);
#4086 = CARTESIAN_POINT('',(2.575,-15.015,0.55));
#4087 = VERTEX_POINT('',#4088);
#4088 = CARTESIAN_POINT('',(2.125,-15.015,0.55));
#4089 = CIRCLE('',#4090,0.225);
#4090 = AXIS2_PLACEMENT_3D('',#4091,#4092,#4093);
#4091 = CARTESIAN_POINT('',(2.35,-15.015,0.55));
#4092 = DIRECTION('',(-0.,0.,-1.));
#4093 = DIRECTION('',(-1.,0.,0.));
#4094 = ORIENTED_EDGE('',*,*,#4095,.T.);
#4095 = EDGE_CURVE('',#4087,#4096,#4098,.T.);
#4096 = VERTEX_POINT('',#4097);
#4097 = CARTESIAN_POINT('',(2.125,-13.865,0.55));
#4098 = LINE('',#4099,#4100);
#4099 = CARTESIAN_POINT('',(2.125,-6.9325,0.55));
#4100 = VECTOR('',#4101,1.);
#4101 = DIRECTION('',(-0.,1.,0.));
#4102 = ORIENTED_EDGE('',*,*,#4103,.T.);
#4103 = EDGE_CURVE('',#4096,#4104,#4106,.T.);
#4104 = VERTEX_POINT('',#4105);
#4105 = CARTESIAN_POINT('',(2.575,-13.865,0.55));
#4106 = CIRCLE('',#4107,0.225);
#4107 = AXIS2_PLACEMENT_3D('',#4108,#4109,#4110);
#4108 = CARTESIAN_POINT('',(2.35,-13.865,0.55));
#4109 = DIRECTION('',(0.,-0.,-1.));
#4110 = DIRECTION('',(1.,7.894919286223E-15,-0.));
#4111 = ORIENTED_EDGE('',*,*,#4112,.T.);
#4112 = EDGE_CURVE('',#4104,#4085,#4113,.T.);
#4113 = LINE('',#4114,#4115);
#4114 = CARTESIAN_POINT('',(2.575,-7.5075,0.55));
#4115 = VECTOR('',#4116,1.);
#4116 = DIRECTION('',(0.,-1.,0.));
#4117 = PLANE('',#4118);
#4118 = AXIS2_PLACEMENT_3D('',#4119,#4120,#4121);
#4119 = CARTESIAN_POINT('',(0.,0.,0.55));
#4120 = DIRECTION('',(0.,0.,1.));
#4121 = DIRECTION('',(1.,0.,-0.));
#4122 = ADVANCED_FACE('',(#4123),#4129,.T.);
#4123 = FACE_BOUND('',#4124,.T.);
#4124 = EDGE_LOOP('',(#4125,#4126,#4127,#4128));
#4125 = ORIENTED_EDGE('',*,*,#3996,.T.);
#4126 = ORIENTED_EDGE('',*,*,#4074,.T.);
#4127 = ORIENTED_EDGE('',*,*,#3956,.F.);
#4128 = ORIENTED_EDGE('',*,*,#4020,.F.);
#4129 = CYLINDRICAL_SURFACE('',#4130,0.500000000001);
#4130 = AXIS2_PLACEMENT_3D('',#4131,#4132,#4133);
#4131 = CARTESIAN_POINT('',(2.35,-13.86499915187,0.51));
#4132 = DIRECTION('',(0.,0.,-1.));
#4133 = DIRECTION('',(-0.999999999999,-1.696250695457E-06,-0.));
#4134 = ADVANCED_FACE('',(#4135),#4151,.F.);
#4135 = FACE_BOUND('',#4136,.T.);
#4136 = EDGE_LOOP('',(#4137,#4138,#4144,#4145));
#4137 = ORIENTED_EDGE('',*,*,#4030,.T.);
#4138 = ORIENTED_EDGE('',*,*,#4139,.T.);
#4139 = EDGE_CURVE('',#4033,#4087,#4140,.T.);
#4140 = LINE('',#4141,#4142);
#4141 = CARTESIAN_POINT('',(2.125,-15.015,-4.6E-02));
#4142 = VECTOR('',#4143,1.);
#4143 = DIRECTION('',(0.,0.,1.));
#4144 = ORIENTED_EDGE('',*,*,#4084,.F.);
#4145 = ORIENTED_EDGE('',*,*,#4146,.F.);
#4146 = EDGE_CURVE('',#4031,#4085,#4147,.T.);
#4147 = LINE('',#4148,#4149);
#4148 = CARTESIAN_POINT('',(2.575,-15.015,-4.6E-02));
#4149 = VECTOR('',#4150,1.);
#4150 = DIRECTION('',(0.,0.,1.));
#4151 = CYLINDRICAL_SURFACE('',#4152,0.225);
#4152 = AXIS2_PLACEMENT_3D('',#4153,#4154,#4155);
#4153 = CARTESIAN_POINT('',(2.35,-15.015,-4.6E-02));
#4154 = DIRECTION('',(-0.,-0.,-1.));
#4155 = DIRECTION('',(-1.,0.,-0.));
#4156 = ADVANCED_FACE('',(#4157),#4168,.T.);
#4157 = FACE_BOUND('',#4158,.T.);
#4158 = EDGE_LOOP('',(#4159,#4160,#4161,#4162));
#4159 = ORIENTED_EDGE('',*,*,#4058,.T.);
#4160 = ORIENTED_EDGE('',*,*,#4146,.T.);
#4161 = ORIENTED_EDGE('',*,*,#4112,.F.);
#4162 = ORIENTED_EDGE('',*,*,#4163,.F.);
#4163 = EDGE_CURVE('',#4050,#4104,#4164,.T.);
#4164 = LINE('',#4165,#4166);
#4165 = CARTESIAN_POINT('',(2.575,-13.865,-4.6E-02));
#4166 = VECTOR('',#4167,1.);
#4167 = DIRECTION('',(0.,0.,1.));
#4168 = PLANE('',#4169);
#4169 = AXIS2_PLACEMENT_3D('',#4170,#4171,#4172);
#4170 = CARTESIAN_POINT('',(2.575,-15.015,-4.6E-02));
#4171 = DIRECTION('',(-1.,0.,0.));
#4172 = DIRECTION('',(0.,1.,0.));
#4173 = ADVANCED_FACE('',(#4174),#4185,.F.);
#4174 = FACE_BOUND('',#4175,.T.);
#4175 = EDGE_LOOP('',(#4176,#4177,#4178,#4179));
#4176 = ORIENTED_EDGE('',*,*,#4049,.T.);
#4177 = ORIENTED_EDGE('',*,*,#4163,.T.);
#4178 = ORIENTED_EDGE('',*,*,#4103,.F.);
#4179 = ORIENTED_EDGE('',*,*,#4180,.F.);
#4180 = EDGE_CURVE('',#4042,#4096,#4181,.T.);
#4181 = LINE('',#4182,#4183);
#4182 = CARTESIAN_POINT('',(2.125,-13.865,-4.6E-02));
#4183 = VECTOR('',#4184,1.);
#4184 = DIRECTION('',(0.,0.,1.));
#4185 = CYLINDRICAL_SURFACE('',#4186,0.225);
#4186 = AXIS2_PLACEMENT_3D('',#4187,#4188,#4189);
#4187 = CARTESIAN_POINT('',(2.35,-13.865,-4.6E-02));
#4188 = DIRECTION('',(-0.,-0.,-1.));
#4189 = DIRECTION('',(1.,7.894919286223E-15,-0.));
#4190 = ADVANCED_FACE('',(#4191),#4197,.T.);
#4191 = FACE_BOUND('',#4192,.T.);
#4192 = EDGE_LOOP('',(#4193,#4194,#4195,#4196));
#4193 = ORIENTED_EDGE('',*,*,#4041,.T.);
#4194 = ORIENTED_EDGE('',*,*,#4180,.T.);
#4195 = ORIENTED_EDGE('',*,*,#4095,.F.);
#4196 = ORIENTED_EDGE('',*,*,#4139,.F.);
#4197 = PLANE('',#4198);
#4198 = AXIS2_PLACEMENT_3D('',#4199,#4200,#4201);
#4199 = CARTESIAN_POINT('',(2.125,-13.865,-4.6E-02));
#4200 = DIRECTION('',(1.,0.,-0.));
#4201 = DIRECTION('',(0.,-1.,0.));
#4202 = MANIFOLD_SOLID_BREP('',#4203);
#4203 = CLOSED_SHELL('',(#4204,#4246,#4277,#4308,#4362,#4416,#4428,#4450
    ,#4467,#4484));
#4204 = ADVANCED_FACE('',(#4205),#4241,.T.);
#4205 = FACE_BOUND('',#4206,.F.);
#4206 = EDGE_LOOP('',(#4207,#4217,#4226,#4234));
#4207 = ORIENTED_EDGE('',*,*,#4208,.T.);
#4208 = EDGE_CURVE('',#4209,#4211,#4213,.T.);
#4209 = VERTEX_POINT('',#4210);
#4210 = CARTESIAN_POINT('',(2.85,-15.015,0.));
#4211 = VERTEX_POINT('',#4212);
#4212 = CARTESIAN_POINT('',(2.85,-15.015,-4.E-02));
#4213 = LINE('',#4214,#4215);
#4214 = CARTESIAN_POINT('',(2.85,-15.015,0.));
#4215 = VECTOR('',#4216,1.);
#4216 = DIRECTION('',(0.,0.,-1.));
#4217 = ORIENTED_EDGE('',*,*,#4218,.T.);
#4218 = EDGE_CURVE('',#4211,#4219,#4221,.T.);
#4219 = VERTEX_POINT('',#4220);
#4220 = CARTESIAN_POINT('',(1.85,-15.015,-4.E-02));
#4221 = CIRCLE('',#4222,0.5);
#4222 = AXIS2_PLACEMENT_3D('',#4223,#4224,#4225);
#4223 = CARTESIAN_POINT('',(2.35,-15.01499955666,-4.E-02));
#4224 = DIRECTION('',(-0.,0.,-1.));
#4225 = DIRECTION('',(1.,-8.866804392934E-07,-0.));
#4226 = ORIENTED_EDGE('',*,*,#4227,.F.);
#4227 = EDGE_CURVE('',#4228,#4219,#4230,.T.);
#4228 = VERTEX_POINT('',#4229);
#4229 = CARTESIAN_POINT('',(1.85,-15.015,0.));
#4230 = LINE('',#4231,#4232);
#4231 = CARTESIAN_POINT('',(1.85,-15.015,0.));
#4232 = VECTOR('',#4233,1.);
#4233 = DIRECTION('',(0.,0.,-1.));
#4234 = ORIENTED_EDGE('',*,*,#4235,.F.);
#4235 = EDGE_CURVE('',#4209,#4228,#4236,.T.);
#4236 = CIRCLE('',#4237,0.5);
#4237 = AXIS2_PLACEMENT_3D('',#4238,#4239,#4240);
#4238 = CARTESIAN_POINT('',(2.35,-15.01499955666,0.));
#4239 = DIRECTION('',(-0.,0.,-1.));
#4240 = DIRECTION('',(1.,-8.866804392934E-07,-0.));
#4241 = CYLINDRICAL_SURFACE('',#4242,0.5);
#4242 = AXIS2_PLACEMENT_3D('',#4243,#4244,#4245);
#4243 = CARTESIAN_POINT('',(2.35,-15.01499955666,0.));
#4244 = DIRECTION('',(0.,-0.,1.));
#4245 = DIRECTION('',(1.,-8.866804392934E-07,-0.));
#4246 = ADVANCED_FACE('',(#4247),#4272,.F.);
#4247 = FACE_BOUND('',#4248,.F.);
#4248 = EDGE_LOOP('',(#4249,#4259,#4265,#4266));
#4249 = ORIENTED_EDGE('',*,*,#4250,.T.);
#4250 = EDGE_CURVE('',#4251,#4253,#4255,.T.);
#4251 = VERTEX_POINT('',#4252);
#4252 = CARTESIAN_POINT('',(2.85,-13.865,0.));
#4253 = VERTEX_POINT('',#4254);
#4254 = CARTESIAN_POINT('',(2.85,-13.865,-4.E-02));
#4255 = LINE('',#4256,#4257);
#4256 = CARTESIAN_POINT('',(2.85,-13.865,0.));
#4257 = VECTOR('',#4258,1.);
#4258 = DIRECTION('',(0.,0.,-1.));
#4259 = ORIENTED_EDGE('',*,*,#4260,.T.);
#4260 = EDGE_CURVE('',#4253,#4211,#4261,.T.);
#4261 = LINE('',#4262,#4263);
#4262 = CARTESIAN_POINT('',(2.85,-13.865,-4.E-02));
#4263 = VECTOR('',#4264,1.);
#4264 = DIRECTION('',(0.,-1.,0.));
#4265 = ORIENTED_EDGE('',*,*,#4208,.F.);
#4266 = ORIENTED_EDGE('',*,*,#4267,.F.);
#4267 = EDGE_CURVE('',#4251,#4209,#4268,.T.);
#4268 = LINE('',#4269,#4270);
#4269 = CARTESIAN_POINT('',(2.85,-13.865,0.));
#4270 = VECTOR('',#4271,1.);
#4271 = DIRECTION('',(0.,-1.,0.));
#4272 = PLANE('',#4273);
#4273 = AXIS2_PLACEMENT_3D('',#4274,#4275,#4276);
#4274 = CARTESIAN_POINT('',(2.85,-13.865,0.));
#4275 = DIRECTION('',(-1.,-0.,-0.));
#4276 = DIRECTION('',(0.,-1.,0.));
#4277 = ADVANCED_FACE('',(#4278),#4303,.F.);
#4278 = FACE_BOUND('',#4279,.F.);
#4279 = EDGE_LOOP('',(#4280,#4281,#4289,#4297));
#4280 = ORIENTED_EDGE('',*,*,#4227,.T.);
#4281 = ORIENTED_EDGE('',*,*,#4282,.T.);
#4282 = EDGE_CURVE('',#4219,#4283,#4285,.T.);
#4283 = VERTEX_POINT('',#4284);
#4284 = CARTESIAN_POINT('',(1.85,-13.865,-4.E-02));
#4285 = LINE('',#4286,#4287);
#4286 = CARTESIAN_POINT('',(1.85,-15.015,-4.E-02));
#4287 = VECTOR('',#4288,1.);
#4288 = DIRECTION('',(0.,1.,0.));
#4289 = ORIENTED_EDGE('',*,*,#4290,.F.);
#4290 = EDGE_CURVE('',#4291,#4283,#4293,.T.);
#4291 = VERTEX_POINT('',#4292);
#4292 = CARTESIAN_POINT('',(1.85,-13.865,0.));
#4293 = LINE('',#4294,#4295);
#4294 = CARTESIAN_POINT('',(1.85,-13.865,0.));
#4295 = VECTOR('',#4296,1.);
#4296 = DIRECTION('',(0.,0.,-1.));
#4297 = ORIENTED_EDGE('',*,*,#4298,.F.);
#4298 = EDGE_CURVE('',#4228,#4291,#4299,.T.);
#4299 = LINE('',#4300,#4301);
#4300 = CARTESIAN_POINT('',(1.85,-15.015,0.));
#4301 = VECTOR('',#4302,1.);
#4302 = DIRECTION('',(0.,1.,0.));
#4303 = PLANE('',#4304);
#4304 = AXIS2_PLACEMENT_3D('',#4305,#4306,#4307);
#4305 = CARTESIAN_POINT('',(1.85,-15.015,0.));
#4306 = DIRECTION('',(1.,-0.,0.));
#4307 = DIRECTION('',(0.,1.,0.));
#4308 = ADVANCED_FACE('',(#4309,#4321),#4357,.F.);
#4309 = FACE_BOUND('',#4310,.F.);
#4310 = EDGE_LOOP('',(#4311,#4312,#4313,#4320));
#4311 = ORIENTED_EDGE('',*,*,#4235,.T.);
#4312 = ORIENTED_EDGE('',*,*,#4298,.T.);
#4313 = ORIENTED_EDGE('',*,*,#4314,.T.);
#4314 = EDGE_CURVE('',#4291,#4251,#4315,.T.);
#4315 = CIRCLE('',#4316,0.500000000001);
#4316 = AXIS2_PLACEMENT_3D('',#4317,#4318,#4319);
#4317 = CARTESIAN_POINT('',(2.35,-13.86499915187,0.));
#4318 = DIRECTION('',(0.,0.,-1.));
#4319 = DIRECTION('',(-0.999999999999,-1.696250695457E-06,-0.));
#4320 = ORIENTED_EDGE('',*,*,#4267,.T.);
#4321 = FACE_BOUND('',#4322,.F.);
#4322 = EDGE_LOOP('',(#4323,#4334,#4342,#4351));
#4323 = ORIENTED_EDGE('',*,*,#4324,.F.);
#4324 = EDGE_CURVE('',#4325,#4327,#4329,.T.);
#4325 = VERTEX_POINT('',#4326);
#4326 = CARTESIAN_POINT('',(2.125,-13.865,0.));
#4327 = VERTEX_POINT('',#4328);
#4328 = CARTESIAN_POINT('',(2.575,-13.865,0.));
#4329 = CIRCLE('',#4330,0.225);
#4330 = AXIS2_PLACEMENT_3D('',#4331,#4332,#4333);
#4331 = CARTESIAN_POINT('',(2.35,-13.865,0.));
#4332 = DIRECTION('',(0.,-0.,-1.));
#4333 = DIRECTION('',(1.,7.894919286223E-15,-0.));
#4334 = ORIENTED_EDGE('',*,*,#4335,.T.);
#4335 = EDGE_CURVE('',#4325,#4336,#4338,.T.);
#4336 = VERTEX_POINT('',#4337);
#4337 = CARTESIAN_POINT('',(2.125,-15.015,0.));
#4338 = LINE('',#4339,#4340);
#4339 = CARTESIAN_POINT('',(2.125,-6.9325,0.));
#4340 = VECTOR('',#4341,1.);
#4341 = DIRECTION('',(0.,-1.,0.));
#4342 = ORIENTED_EDGE('',*,*,#4343,.F.);
#4343 = EDGE_CURVE('',#4344,#4336,#4346,.T.);
#4344 = VERTEX_POINT('',#4345);
#4345 = CARTESIAN_POINT('',(2.575,-15.015,0.));
#4346 = CIRCLE('',#4347,0.225);
#4347 = AXIS2_PLACEMENT_3D('',#4348,#4349,#4350);
#4348 = CARTESIAN_POINT('',(2.35,-15.015,0.));
#4349 = DIRECTION('',(-0.,0.,-1.));
#4350 = DIRECTION('',(-1.,0.,0.));
#4351 = ORIENTED_EDGE('',*,*,#4352,.T.);
#4352 = EDGE_CURVE('',#4344,#4327,#4353,.T.);
#4353 = LINE('',#4354,#4355);
#4354 = CARTESIAN_POINT('',(2.575,-7.5075,0.));
#4355 = VECTOR('',#4356,1.);
#4356 = DIRECTION('',(0.,1.,-0.));
#4357 = PLANE('',#4358);
#4358 = AXIS2_PLACEMENT_3D('',#4359,#4360,#4361);
#4359 = CARTESIAN_POINT('',(0.,0.,0.));
#4360 = DIRECTION('',(-0.,-0.,-1.));
#4361 = DIRECTION('',(-1.,0.,0.));
#4362 = ADVANCED_FACE('',(#4363,#4375),#4411,.T.);
#4363 = FACE_BOUND('',#4364,.T.);
#4364 = EDGE_LOOP('',(#4365,#4366,#4367,#4374));
#4365 = ORIENTED_EDGE('',*,*,#4218,.T.);
#4366 = ORIENTED_EDGE('',*,*,#4282,.T.);
#4367 = ORIENTED_EDGE('',*,*,#4368,.T.);
#4368 = EDGE_CURVE('',#4283,#4253,#4369,.T.);
#4369 = CIRCLE('',#4370,0.500000000001);
#4370 = AXIS2_PLACEMENT_3D('',#4371,#4372,#4373);
#4371 = CARTESIAN_POINT('',(2.35,-13.86499915187,-4.E-02));
#4372 = DIRECTION('',(0.,0.,-1.));
#4373 = DIRECTION('',(-0.999999999999,-1.696250695457E-06,-0.));
#4374 = ORIENTED_EDGE('',*,*,#4260,.T.);
#4375 = FACE_BOUND('',#4376,.T.);
#4376 = EDGE_LOOP('',(#4377,#4388,#4396,#4405));
#4377 = ORIENTED_EDGE('',*,*,#4378,.F.);
#4378 = EDGE_CURVE('',#4379,#4381,#4383,.T.);
#4379 = VERTEX_POINT('',#4380);
#4380 = CARTESIAN_POINT('',(2.125,-13.865,-4.E-02));
#4381 = VERTEX_POINT('',#4382);
#4382 = CARTESIAN_POINT('',(2.575,-13.865,-4.E-02));
#4383 = CIRCLE('',#4384,0.225);
#4384 = AXIS2_PLACEMENT_3D('',#4385,#4386,#4387);
#4385 = CARTESIAN_POINT('',(2.35,-13.865,-4.E-02));
#4386 = DIRECTION('',(0.,-0.,-1.));
#4387 = DIRECTION('',(1.,7.894919286223E-15,-0.));
#4388 = ORIENTED_EDGE('',*,*,#4389,.T.);
#4389 = EDGE_CURVE('',#4379,#4390,#4392,.T.);
#4390 = VERTEX_POINT('',#4391);
#4391 = CARTESIAN_POINT('',(2.125,-15.015,-4.E-02));
#4392 = LINE('',#4393,#4394);
#4393 = CARTESIAN_POINT('',(2.125,-6.9325,-4.E-02));
#4394 = VECTOR('',#4395,1.);
#4395 = DIRECTION('',(0.,-1.,0.));
#4396 = ORIENTED_EDGE('',*,*,#4397,.F.);
#4397 = EDGE_CURVE('',#4398,#4390,#4400,.T.);
#4398 = VERTEX_POINT('',#4399);
#4399 = CARTESIAN_POINT('',(2.575,-15.015,-4.E-02));
#4400 = CIRCLE('',#4401,0.225);
#4401 = AXIS2_PLACEMENT_3D('',#4402,#4403,#4404);
#4402 = CARTESIAN_POINT('',(2.35,-15.015,-4.E-02));
#4403 = DIRECTION('',(-0.,0.,-1.));
#4404 = DIRECTION('',(-1.,0.,0.));
#4405 = ORIENTED_EDGE('',*,*,#4406,.T.);
#4406 = EDGE_CURVE('',#4398,#4381,#4407,.T.);
#4407 = LINE('',#4408,#4409);
#4408 = CARTESIAN_POINT('',(2.575,-7.5075,-4.E-02));
#4409 = VECTOR('',#4410,1.);
#4410 = DIRECTION('',(0.,1.,-0.));
#4411 = PLANE('',#4412);
#4412 = AXIS2_PLACEMENT_3D('',#4413,#4414,#4415);
#4413 = CARTESIAN_POINT('',(0.,0.,-4.E-02));
#4414 = DIRECTION('',(-0.,-0.,-1.));
#4415 = DIRECTION('',(-1.,0.,0.));
#4416 = ADVANCED_FACE('',(#4417),#4423,.T.);
#4417 = FACE_BOUND('',#4418,.F.);
#4418 = EDGE_LOOP('',(#4419,#4420,#4421,#4422));
#4419 = ORIENTED_EDGE('',*,*,#4290,.T.);
#4420 = ORIENTED_EDGE('',*,*,#4368,.T.);
#4421 = ORIENTED_EDGE('',*,*,#4250,.F.);
#4422 = ORIENTED_EDGE('',*,*,#4314,.F.);
#4423 = CYLINDRICAL_SURFACE('',#4424,0.500000000001);
#4424 = AXIS2_PLACEMENT_3D('',#4425,#4426,#4427);
#4425 = CARTESIAN_POINT('',(2.35,-13.86499915187,0.));
#4426 = DIRECTION('',(-0.,-0.,1.));
#4427 = DIRECTION('',(-0.999999999999,-1.696250695457E-06,-0.));
#4428 = ADVANCED_FACE('',(#4429),#4445,.F.);
#4429 = FACE_BOUND('',#4430,.T.);
#4430 = EDGE_LOOP('',(#4431,#4432,#4438,#4439));
#4431 = ORIENTED_EDGE('',*,*,#4378,.T.);
#4432 = ORIENTED_EDGE('',*,*,#4433,.T.);
#4433 = EDGE_CURVE('',#4381,#4327,#4434,.T.);
#4434 = LINE('',#4435,#4436);
#4435 = CARTESIAN_POINT('',(2.575,-13.865,-4.6E-02));
#4436 = VECTOR('',#4437,1.);
#4437 = DIRECTION('',(0.,0.,1.));
#4438 = ORIENTED_EDGE('',*,*,#4324,.F.);
#4439 = ORIENTED_EDGE('',*,*,#4440,.F.);
#4440 = EDGE_CURVE('',#4379,#4325,#4441,.T.);
#4441 = LINE('',#4442,#4443);
#4442 = CARTESIAN_POINT('',(2.125,-13.865,-4.6E-02));
#4443 = VECTOR('',#4444,1.);
#4444 = DIRECTION('',(0.,0.,1.));
#4445 = CYLINDRICAL_SURFACE('',#4446,0.225);
#4446 = AXIS2_PLACEMENT_3D('',#4447,#4448,#4449);
#4447 = CARTESIAN_POINT('',(2.35,-13.865,-4.6E-02));
#4448 = DIRECTION('',(-0.,-0.,-1.));
#4449 = DIRECTION('',(1.,7.894919286223E-15,-0.));
#4450 = ADVANCED_FACE('',(#4451),#4462,.T.);
#4451 = FACE_BOUND('',#4452,.T.);
#4452 = EDGE_LOOP('',(#4453,#4454,#4460,#4461));
#4453 = ORIENTED_EDGE('',*,*,#4406,.F.);
#4454 = ORIENTED_EDGE('',*,*,#4455,.T.);
#4455 = EDGE_CURVE('',#4398,#4344,#4456,.T.);
#4456 = LINE('',#4457,#4458);
#4457 = CARTESIAN_POINT('',(2.575,-15.015,-4.6E-02));
#4458 = VECTOR('',#4459,1.);
#4459 = DIRECTION('',(0.,0.,1.));
#4460 = ORIENTED_EDGE('',*,*,#4352,.T.);
#4461 = ORIENTED_EDGE('',*,*,#4433,.F.);
#4462 = PLANE('',#4463);
#4463 = AXIS2_PLACEMENT_3D('',#4464,#4465,#4466);
#4464 = CARTESIAN_POINT('',(2.575,-15.015,-4.6E-02));
#4465 = DIRECTION('',(-1.,0.,0.));
#4466 = DIRECTION('',(0.,1.,0.));
#4467 = ADVANCED_FACE('',(#4468),#4479,.F.);
#4468 = FACE_BOUND('',#4469,.T.);
#4469 = EDGE_LOOP('',(#4470,#4471,#4477,#4478));
#4470 = ORIENTED_EDGE('',*,*,#4397,.T.);
#4471 = ORIENTED_EDGE('',*,*,#4472,.T.);
#4472 = EDGE_CURVE('',#4390,#4336,#4473,.T.);
#4473 = LINE('',#4474,#4475);
#4474 = CARTESIAN_POINT('',(2.125,-15.015,-4.6E-02));
#4475 = VECTOR('',#4476,1.);
#4476 = DIRECTION('',(0.,0.,1.));
#4477 = ORIENTED_EDGE('',*,*,#4343,.F.);
#4478 = ORIENTED_EDGE('',*,*,#4455,.F.);
#4479 = CYLINDRICAL_SURFACE('',#4480,0.225);
#4480 = AXIS2_PLACEMENT_3D('',#4481,#4482,#4483);
#4481 = CARTESIAN_POINT('',(2.35,-15.015,-4.6E-02));
#4482 = DIRECTION('',(-0.,-0.,-1.));
#4483 = DIRECTION('',(-1.,0.,-0.));
#4484 = ADVANCED_FACE('',(#4485),#4491,.T.);
#4485 = FACE_BOUND('',#4486,.T.);
#4486 = EDGE_LOOP('',(#4487,#4488,#4489,#4490));
#4487 = ORIENTED_EDGE('',*,*,#4389,.F.);
#4488 = ORIENTED_EDGE('',*,*,#4440,.T.);
#4489 = ORIENTED_EDGE('',*,*,#4335,.T.);
#4490 = ORIENTED_EDGE('',*,*,#4472,.F.);
#4491 = PLANE('',#4492);
#4492 = AXIS2_PLACEMENT_3D('',#4493,#4494,#4495);
#4493 = CARTESIAN_POINT('',(2.125,-13.865,-4.6E-02));
#4494 = DIRECTION('',(1.,0.,-0.));
#4495 = DIRECTION('',(0.,-1.,0.));
#4496 = MANIFOLD_SOLID_BREP('',#4497);
#4497 = CLOSED_SHELL('',(#4498,#4538,#4571,#4604,#4657,#4710,#4722,#4744
    ,#4761,#4778));
#4498 = ADVANCED_FACE('',(#4499),#4533,.F.);
#4499 = FACE_BOUND('',#4500,.F.);
#4500 = EDGE_LOOP('',(#4501,#4511,#4519,#4527));
#4501 = ORIENTED_EDGE('',*,*,#4502,.T.);
#4502 = EDGE_CURVE('',#4503,#4505,#4507,.T.);
#4503 = VERTEX_POINT('',#4504);
#4504 = CARTESIAN_POINT('',(2.1,-13.865,-4.E-02));
#4505 = VERTEX_POINT('',#4506);
#4506 = CARTESIAN_POINT('',(2.1,-13.865,0.55));
#4507 = LINE('',#4508,#4509);
#4508 = CARTESIAN_POINT('',(2.1,-13.865,-4.E-02));
#4509 = VECTOR('',#4510,1.);
#4510 = DIRECTION('',(0.,0.,1.));
#4511 = ORIENTED_EDGE('',*,*,#4512,.T.);
#4512 = EDGE_CURVE('',#4505,#4513,#4515,.T.);
#4513 = VERTEX_POINT('',#4514);
#4514 = CARTESIAN_POINT('',(2.1,-15.015,0.55));
#4515 = LINE('',#4516,#4517);
#4516 = CARTESIAN_POINT('',(2.1,-13.865,0.55));
#4517 = VECTOR('',#4518,1.);
#4518 = DIRECTION('',(0.,-1.,0.));
#4519 = ORIENTED_EDGE('',*,*,#4520,.F.);
#4520 = EDGE_CURVE('',#4521,#4513,#4523,.T.);
#4521 = VERTEX_POINT('',#4522);
#4522 = CARTESIAN_POINT('',(2.1,-15.015,-4.E-02));
#4523 = LINE('',#4524,#4525);
#4524 = CARTESIAN_POINT('',(2.1,-15.015,-4.E-02));
#4525 = VECTOR('',#4526,1.);
#4526 = DIRECTION('',(0.,0.,1.));
#4527 = ORIENTED_EDGE('',*,*,#4528,.F.);
#4528 = EDGE_CURVE('',#4503,#4521,#4529,.T.);
#4529 = LINE('',#4530,#4531);
#4530 = CARTESIAN_POINT('',(2.1,-13.865,-4.E-02));
#4531 = VECTOR('',#4532,1.);
#4532 = DIRECTION('',(0.,-1.,0.));
#4533 = PLANE('',#4534);
#4534 = AXIS2_PLACEMENT_3D('',#4535,#4536,#4537);
#4535 = CARTESIAN_POINT('',(2.1,-13.865,-4.E-02));
#4536 = DIRECTION('',(1.,0.,-0.));
#4537 = DIRECTION('',(0.,-1.,0.));
#4538 = ADVANCED_FACE('',(#4539),#4566,.T.);
#4539 = FACE_BOUND('',#4540,.F.);
#4540 = EDGE_LOOP('',(#4541,#4551,#4558,#4559));
#4541 = ORIENTED_EDGE('',*,*,#4542,.T.);
#4542 = EDGE_CURVE('',#4543,#4545,#4547,.T.);
#4543 = VERTEX_POINT('',#4544);
#4544 = CARTESIAN_POINT('',(2.6,-13.865,-4.E-02));
#4545 = VERTEX_POINT('',#4546);
#4546 = CARTESIAN_POINT('',(2.6,-13.865,0.55));
#4547 = LINE('',#4548,#4549);
#4548 = CARTESIAN_POINT('',(2.6,-13.865,-4.E-02));
#4549 = VECTOR('',#4550,1.);
#4550 = DIRECTION('',(0.,0.,1.));
#4551 = ORIENTED_EDGE('',*,*,#4552,.T.);
#4552 = EDGE_CURVE('',#4545,#4505,#4553,.T.);
#4553 = CIRCLE('',#4554,0.25);
#4554 = AXIS2_PLACEMENT_3D('',#4555,#4556,#4557);
#4555 = CARTESIAN_POINT('',(2.35,-13.865,0.55));
#4556 = DIRECTION('',(0.,0.,1.));
#4557 = DIRECTION('',(1.,0.,-0.));
#4558 = ORIENTED_EDGE('',*,*,#4502,.F.);
#4559 = ORIENTED_EDGE('',*,*,#4560,.F.);
#4560 = EDGE_CURVE('',#4543,#4503,#4561,.T.);
#4561 = CIRCLE('',#4562,0.25);
#4562 = AXIS2_PLACEMENT_3D('',#4563,#4564,#4565);
#4563 = CARTESIAN_POINT('',(2.35,-13.865,-4.E-02));
#4564 = DIRECTION('',(0.,0.,1.));
#4565 = DIRECTION('',(1.,0.,-0.));
#4566 = CYLINDRICAL_SURFACE('',#4567,0.25);
#4567 = AXIS2_PLACEMENT_3D('',#4568,#4569,#4570);
#4568 = CARTESIAN_POINT('',(2.35,-13.865,-4.E-02));
#4569 = DIRECTION('',(-0.,-0.,-1.));
#4570 = DIRECTION('',(1.,0.,-0.));
#4571 = ADVANCED_FACE('',(#4572),#4599,.T.);
#4572 = FACE_BOUND('',#4573,.F.);
#4573 = EDGE_LOOP('',(#4574,#4575,#4584,#4592));
#4574 = ORIENTED_EDGE('',*,*,#4520,.T.);
#4575 = ORIENTED_EDGE('',*,*,#4576,.T.);
#4576 = EDGE_CURVE('',#4513,#4577,#4579,.T.);
#4577 = VERTEX_POINT('',#4578);
#4578 = CARTESIAN_POINT('',(2.6,-15.015,0.55));
#4579 = CIRCLE('',#4580,0.25);
#4580 = AXIS2_PLACEMENT_3D('',#4581,#4582,#4583);
#4581 = CARTESIAN_POINT('',(2.35,-15.015,0.55));
#4582 = DIRECTION('',(0.,0.,1.));
#4583 = DIRECTION('',(-1.,0.,-0.));
#4584 = ORIENTED_EDGE('',*,*,#4585,.F.);
#4585 = EDGE_CURVE('',#4586,#4577,#4588,.T.);
#4586 = VERTEX_POINT('',#4587);
#4587 = CARTESIAN_POINT('',(2.6,-15.015,-4.E-02));
#4588 = LINE('',#4589,#4590);
#4589 = CARTESIAN_POINT('',(2.6,-15.015,-4.E-02));
#4590 = VECTOR('',#4591,1.);
#4591 = DIRECTION('',(0.,0.,1.));
#4592 = ORIENTED_EDGE('',*,*,#4593,.F.);
#4593 = EDGE_CURVE('',#4521,#4586,#4594,.T.);
#4594 = CIRCLE('',#4595,0.25);
#4595 = AXIS2_PLACEMENT_3D('',#4596,#4597,#4598);
#4596 = CARTESIAN_POINT('',(2.35,-15.015,-4.E-02));
#4597 = DIRECTION('',(0.,0.,1.));
#4598 = DIRECTION('',(-1.,0.,-0.));
#4599 = CYLINDRICAL_SURFACE('',#4600,0.25);
#4600 = AXIS2_PLACEMENT_3D('',#4601,#4602,#4603);
#4601 = CARTESIAN_POINT('',(2.35,-15.015,-4.E-02));
#4602 = DIRECTION('',(-0.,-0.,-1.));
#4603 = DIRECTION('',(-1.,0.,-0.));
#4604 = ADVANCED_FACE('',(#4605,#4616),#4652,.F.);
#4605 = FACE_BOUND('',#4606,.F.);
#4606 = EDGE_LOOP('',(#4607,#4608,#4609,#4615));
#4607 = ORIENTED_EDGE('',*,*,#4528,.T.);
#4608 = ORIENTED_EDGE('',*,*,#4593,.T.);
#4609 = ORIENTED_EDGE('',*,*,#4610,.T.);
#4610 = EDGE_CURVE('',#4586,#4543,#4611,.T.);
#4611 = LINE('',#4612,#4613);
#4612 = CARTESIAN_POINT('',(2.6,-15.015,-4.E-02));
#4613 = VECTOR('',#4614,1.);
#4614 = DIRECTION('',(0.,1.,0.));
#4615 = ORIENTED_EDGE('',*,*,#4560,.T.);
#4616 = FACE_BOUND('',#4617,.F.);
#4617 = EDGE_LOOP('',(#4618,#4629,#4637,#4646));
#4618 = ORIENTED_EDGE('',*,*,#4619,.T.);
#4619 = EDGE_CURVE('',#4620,#4622,#4624,.T.);
#4620 = VERTEX_POINT('',#4621);
#4621 = CARTESIAN_POINT('',(2.575,-15.015,-4.E-02));
#4622 = VERTEX_POINT('',#4623);
#4623 = CARTESIAN_POINT('',(2.125,-15.015,-4.E-02));
#4624 = CIRCLE('',#4625,0.225);
#4625 = AXIS2_PLACEMENT_3D('',#4626,#4627,#4628);
#4626 = CARTESIAN_POINT('',(2.35,-15.015,-4.E-02));
#4627 = DIRECTION('',(-0.,0.,-1.));
#4628 = DIRECTION('',(-1.,0.,0.));
#4629 = ORIENTED_EDGE('',*,*,#4630,.T.);
#4630 = EDGE_CURVE('',#4622,#4631,#4633,.T.);
#4631 = VERTEX_POINT('',#4632);
#4632 = CARTESIAN_POINT('',(2.125,-13.865,-4.E-02));
#4633 = LINE('',#4634,#4635);
#4634 = CARTESIAN_POINT('',(2.125,-13.865,-4.E-02));
#4635 = VECTOR('',#4636,1.);
#4636 = DIRECTION('',(-0.,1.,0.));
#4637 = ORIENTED_EDGE('',*,*,#4638,.T.);
#4638 = EDGE_CURVE('',#4631,#4639,#4641,.T.);
#4639 = VERTEX_POINT('',#4640);
#4640 = CARTESIAN_POINT('',(2.575,-13.865,-4.E-02));
#4641 = CIRCLE('',#4642,0.225);
#4642 = AXIS2_PLACEMENT_3D('',#4643,#4644,#4645);
#4643 = CARTESIAN_POINT('',(2.35,-13.865,-4.E-02));
#4644 = DIRECTION('',(0.,-0.,-1.));
#4645 = DIRECTION('',(1.,7.894919286223E-15,-0.));
#4646 = ORIENTED_EDGE('',*,*,#4647,.T.);
#4647 = EDGE_CURVE('',#4639,#4620,#4648,.T.);
#4648 = LINE('',#4649,#4650);
#4649 = CARTESIAN_POINT('',(2.575,-14.44,-4.E-02));
#4650 = VECTOR('',#4651,1.);
#4651 = DIRECTION('',(0.,-1.,0.));
#4652 = PLANE('',#4653);
#4653 = AXIS2_PLACEMENT_3D('',#4654,#4655,#4656);
#4654 = CARTESIAN_POINT('',(2.1,-13.865,-4.E-02));
#4655 = DIRECTION('',(0.,0.,1.));
#4656 = DIRECTION('',(1.,0.,-0.));
#4657 = ADVANCED_FACE('',(#4658,#4669),#4705,.T.);
#4658 = FACE_BOUND('',#4659,.T.);
#4659 = EDGE_LOOP('',(#4660,#4661,#4662,#4668));
#4660 = ORIENTED_EDGE('',*,*,#4512,.T.);
#4661 = ORIENTED_EDGE('',*,*,#4576,.T.);
#4662 = ORIENTED_EDGE('',*,*,#4663,.T.);
#4663 = EDGE_CURVE('',#4577,#4545,#4664,.T.);
#4664 = LINE('',#4665,#4666);
#4665 = CARTESIAN_POINT('',(2.6,-15.015,0.55));
#4666 = VECTOR('',#4667,1.);
#4667 = DIRECTION('',(0.,1.,0.));
#4668 = ORIENTED_EDGE('',*,*,#4552,.T.);
#4669 = FACE_BOUND('',#4670,.T.);
#4670 = EDGE_LOOP('',(#4671,#4682,#4690,#4699));
#4671 = ORIENTED_EDGE('',*,*,#4672,.T.);
#4672 = EDGE_CURVE('',#4673,#4675,#4677,.T.);
#4673 = VERTEX_POINT('',#4674);
#4674 = CARTESIAN_POINT('',(2.575,-15.015,0.55));
#4675 = VERTEX_POINT('',#4676);
#4676 = CARTESIAN_POINT('',(2.125,-15.015,0.55));
#4677 = CIRCLE('',#4678,0.225);
#4678 = AXIS2_PLACEMENT_3D('',#4679,#4680,#4681);
#4679 = CARTESIAN_POINT('',(2.35,-15.015,0.55));
#4680 = DIRECTION('',(-0.,0.,-1.));
#4681 = DIRECTION('',(-1.,0.,0.));
#4682 = ORIENTED_EDGE('',*,*,#4683,.T.);
#4683 = EDGE_CURVE('',#4675,#4684,#4686,.T.);
#4684 = VERTEX_POINT('',#4685);
#4685 = CARTESIAN_POINT('',(2.125,-13.865,0.55));
#4686 = LINE('',#4687,#4688);
#4687 = CARTESIAN_POINT('',(2.125,-13.865,0.55));
#4688 = VECTOR('',#4689,1.);
#4689 = DIRECTION('',(-0.,1.,0.));
#4690 = ORIENTED_EDGE('',*,*,#4691,.T.);
#4691 = EDGE_CURVE('',#4684,#4692,#4694,.T.);
#4692 = VERTEX_POINT('',#4693);
#4693 = CARTESIAN_POINT('',(2.575,-13.865,0.55));
#4694 = CIRCLE('',#4695,0.225);
#4695 = AXIS2_PLACEMENT_3D('',#4696,#4697,#4698);
#4696 = CARTESIAN_POINT('',(2.35,-13.865,0.55));
#4697 = DIRECTION('',(0.,-0.,-1.));
#4698 = DIRECTION('',(1.,7.894919286223E-15,-0.));
#4699 = ORIENTED_EDGE('',*,*,#4700,.T.);
#4700 = EDGE_CURVE('',#4692,#4673,#4701,.T.);
#4701 = LINE('',#4702,#4703);
#4702 = CARTESIAN_POINT('',(2.575,-14.44,0.55));
#4703 = VECTOR('',#4704,1.);
#4704 = DIRECTION('',(0.,-1.,0.));
#4705 = PLANE('',#4706);
#4706 = AXIS2_PLACEMENT_3D('',#4707,#4708,#4709);
#4707 = CARTESIAN_POINT('',(2.1,-13.865,0.55));
#4708 = DIRECTION('',(0.,0.,1.));
#4709 = DIRECTION('',(1.,0.,-0.));
#4710 = ADVANCED_FACE('',(#4711),#4717,.F.);
#4711 = FACE_BOUND('',#4712,.F.);
#4712 = EDGE_LOOP('',(#4713,#4714,#4715,#4716));
#4713 = ORIENTED_EDGE('',*,*,#4585,.T.);
#4714 = ORIENTED_EDGE('',*,*,#4663,.T.);
#4715 = ORIENTED_EDGE('',*,*,#4542,.F.);
#4716 = ORIENTED_EDGE('',*,*,#4610,.F.);
#4717 = PLANE('',#4718);
#4718 = AXIS2_PLACEMENT_3D('',#4719,#4720,#4721);
#4719 = CARTESIAN_POINT('',(2.6,-15.015,-4.E-02));
#4720 = DIRECTION('',(-1.,0.,0.));
#4721 = DIRECTION('',(0.,1.,0.));
#4722 = ADVANCED_FACE('',(#4723),#4739,.F.);
#4723 = FACE_BOUND('',#4724,.T.);
#4724 = EDGE_LOOP('',(#4725,#4726,#4732,#4733));
#4725 = ORIENTED_EDGE('',*,*,#4619,.T.);
#4726 = ORIENTED_EDGE('',*,*,#4727,.T.);
#4727 = EDGE_CURVE('',#4622,#4675,#4728,.T.);
#4728 = LINE('',#4729,#4730);
#4729 = CARTESIAN_POINT('',(2.125,-15.015,-4.6E-02));
#4730 = VECTOR('',#4731,1.);
#4731 = DIRECTION('',(0.,0.,1.));
#4732 = ORIENTED_EDGE('',*,*,#4672,.F.);
#4733 = ORIENTED_EDGE('',*,*,#4734,.F.);
#4734 = EDGE_CURVE('',#4620,#4673,#4735,.T.);
#4735 = LINE('',#4736,#4737);
#4736 = CARTESIAN_POINT('',(2.575,-15.015,-4.6E-02));
#4737 = VECTOR('',#4738,1.);
#4738 = DIRECTION('',(0.,0.,1.));
#4739 = CYLINDRICAL_SURFACE('',#4740,0.225);
#4740 = AXIS2_PLACEMENT_3D('',#4741,#4742,#4743);
#4741 = CARTESIAN_POINT('',(2.35,-15.015,-4.6E-02));
#4742 = DIRECTION('',(-0.,-0.,-1.));
#4743 = DIRECTION('',(-1.,0.,-0.));
#4744 = ADVANCED_FACE('',(#4745),#4756,.T.);
#4745 = FACE_BOUND('',#4746,.T.);
#4746 = EDGE_LOOP('',(#4747,#4748,#4749,#4750));
#4747 = ORIENTED_EDGE('',*,*,#4647,.T.);
#4748 = ORIENTED_EDGE('',*,*,#4734,.T.);
#4749 = ORIENTED_EDGE('',*,*,#4700,.F.);
#4750 = ORIENTED_EDGE('',*,*,#4751,.F.);
#4751 = EDGE_CURVE('',#4639,#4692,#4752,.T.);
#4752 = LINE('',#4753,#4754);
#4753 = CARTESIAN_POINT('',(2.575,-13.865,-4.6E-02));
#4754 = VECTOR('',#4755,1.);
#4755 = DIRECTION('',(0.,0.,1.));
#4756 = PLANE('',#4757);
#4757 = AXIS2_PLACEMENT_3D('',#4758,#4759,#4760);
#4758 = CARTESIAN_POINT('',(2.575,-15.015,-4.6E-02));
#4759 = DIRECTION('',(-1.,0.,0.));
#4760 = DIRECTION('',(0.,1.,0.));
#4761 = ADVANCED_FACE('',(#4762),#4773,.F.);
#4762 = FACE_BOUND('',#4763,.T.);
#4763 = EDGE_LOOP('',(#4764,#4765,#4766,#4767));
#4764 = ORIENTED_EDGE('',*,*,#4638,.T.);
#4765 = ORIENTED_EDGE('',*,*,#4751,.T.);
#4766 = ORIENTED_EDGE('',*,*,#4691,.F.);
#4767 = ORIENTED_EDGE('',*,*,#4768,.F.);
#4768 = EDGE_CURVE('',#4631,#4684,#4769,.T.);
#4769 = LINE('',#4770,#4771);
#4770 = CARTESIAN_POINT('',(2.125,-13.865,-4.6E-02));
#4771 = VECTOR('',#4772,1.);
#4772 = DIRECTION('',(0.,0.,1.));
#4773 = CYLINDRICAL_SURFACE('',#4774,0.225);
#4774 = AXIS2_PLACEMENT_3D('',#4775,#4776,#4777);
#4775 = CARTESIAN_POINT('',(2.35,-13.865,-4.6E-02));
#4776 = DIRECTION('',(-0.,-0.,-1.));
#4777 = DIRECTION('',(1.,7.894919286223E-15,-0.));
#4778 = ADVANCED_FACE('',(#4779),#4785,.T.);
#4779 = FACE_BOUND('',#4780,.T.);
#4780 = EDGE_LOOP('',(#4781,#4782,#4783,#4784));
#4781 = ORIENTED_EDGE('',*,*,#4630,.T.);
#4782 = ORIENTED_EDGE('',*,*,#4768,.T.);
#4783 = ORIENTED_EDGE('',*,*,#4683,.F.);
#4784 = ORIENTED_EDGE('',*,*,#4727,.F.);
#4785 = PLANE('',#4786);
#4786 = AXIS2_PLACEMENT_3D('',#4787,#4788,#4789);
#4787 = CARTESIAN_POINT('',(2.125,-13.865,-4.6E-02));
#4788 = DIRECTION('',(1.,0.,-0.));
#4789 = DIRECTION('',(0.,-1.,0.));
#4790 = MANIFOLD_SOLID_BREP('',#4791);
#4791 = CLOSED_SHELL('',(#4792,#4834,#4865,#4896,#4950,#5004,#5016,#5038
    ,#5055,#5072));
#4792 = ADVANCED_FACE('',(#4793),#4829,.T.);
#4793 = FACE_BOUND('',#4794,.T.);
#4794 = EDGE_LOOP('',(#4795,#4805,#4814,#4822));
#4795 = ORIENTED_EDGE('',*,*,#4796,.T.);
#4796 = EDGE_CURVE('',#4797,#4799,#4801,.T.);
#4797 = VERTEX_POINT('',#4798);
#4798 = CARTESIAN_POINT('',(14.15,-11.015,0.51));
#4799 = VERTEX_POINT('',#4800);
#4800 = CARTESIAN_POINT('',(14.15,-11.015,0.55));
#4801 = LINE('',#4802,#4803);
#4802 = CARTESIAN_POINT('',(14.15,-11.015,0.51));
#4803 = VECTOR('',#4804,1.);
#4804 = DIRECTION('',(0.,0.,1.));
#4805 = ORIENTED_EDGE('',*,*,#4806,.T.);
#4806 = EDGE_CURVE('',#4799,#4807,#4809,.T.);
#4807 = VERTEX_POINT('',#4808);
#4808 = CARTESIAN_POINT('',(13.15,-11.015,0.55));
#4809 = CIRCLE('',#4810,0.5);
#4810 = AXIS2_PLACEMENT_3D('',#4811,#4812,#4813);
#4811 = CARTESIAN_POINT('',(13.65,-11.01499955666,0.55));
#4812 = DIRECTION('',(-0.,0.,-1.));
#4813 = DIRECTION('',(1.,-8.866804392934E-07,-0.));
#4814 = ORIENTED_EDGE('',*,*,#4815,.F.);
#4815 = EDGE_CURVE('',#4816,#4807,#4818,.T.);
#4816 = VERTEX_POINT('',#4817);
#4817 = CARTESIAN_POINT('',(13.15,-11.015,0.51));
#4818 = LINE('',#4819,#4820);
#4819 = CARTESIAN_POINT('',(13.15,-11.015,0.51));
#4820 = VECTOR('',#4821,1.);
#4821 = DIRECTION('',(0.,0.,1.));
#4822 = ORIENTED_EDGE('',*,*,#4823,.F.);
#4823 = EDGE_CURVE('',#4797,#4816,#4824,.T.);
#4824 = CIRCLE('',#4825,0.5);
#4825 = AXIS2_PLACEMENT_3D('',#4826,#4827,#4828);
#4826 = CARTESIAN_POINT('',(13.65,-11.01499955666,0.51));
#4827 = DIRECTION('',(-0.,0.,-1.));
#4828 = DIRECTION('',(1.,-8.866804392934E-07,-0.));
#4829 = CYLINDRICAL_SURFACE('',#4830,0.5);
#4830 = AXIS2_PLACEMENT_3D('',#4831,#4832,#4833);
#4831 = CARTESIAN_POINT('',(13.65,-11.01499955666,0.51));
#4832 = DIRECTION('',(-0.,0.,-1.));
#4833 = DIRECTION('',(1.,-8.866804392934E-07,-0.));
#4834 = ADVANCED_FACE('',(#4835),#4860,.T.);
#4835 = FACE_BOUND('',#4836,.T.);
#4836 = EDGE_LOOP('',(#4837,#4847,#4853,#4854));
#4837 = ORIENTED_EDGE('',*,*,#4838,.T.);
#4838 = EDGE_CURVE('',#4839,#4841,#4843,.T.);
#4839 = VERTEX_POINT('',#4840);
#4840 = CARTESIAN_POINT('',(14.15,-9.865,0.51));
#4841 = VERTEX_POINT('',#4842);
#4842 = CARTESIAN_POINT('',(14.15,-9.865,0.55));
#4843 = LINE('',#4844,#4845);
#4844 = CARTESIAN_POINT('',(14.15,-9.865,0.51));
#4845 = VECTOR('',#4846,1.);
#4846 = DIRECTION('',(0.,0.,1.));
#4847 = ORIENTED_EDGE('',*,*,#4848,.T.);
#4848 = EDGE_CURVE('',#4841,#4799,#4849,.T.);
#4849 = LINE('',#4850,#4851);
#4850 = CARTESIAN_POINT('',(14.15,-9.865,0.55));
#4851 = VECTOR('',#4852,1.);
#4852 = DIRECTION('',(0.,-1.,0.));
#4853 = ORIENTED_EDGE('',*,*,#4796,.F.);
#4854 = ORIENTED_EDGE('',*,*,#4855,.F.);
#4855 = EDGE_CURVE('',#4839,#4797,#4856,.T.);
#4856 = LINE('',#4857,#4858);
#4857 = CARTESIAN_POINT('',(14.15,-9.865,0.51));
#4858 = VECTOR('',#4859,1.);
#4859 = DIRECTION('',(0.,-1.,0.));
#4860 = PLANE('',#4861);
#4861 = AXIS2_PLACEMENT_3D('',#4862,#4863,#4864);
#4862 = CARTESIAN_POINT('',(14.15,-9.865,0.51));
#4863 = DIRECTION('',(1.,0.,-0.));
#4864 = DIRECTION('',(0.,-1.,0.));
#4865 = ADVANCED_FACE('',(#4866),#4891,.T.);
#4866 = FACE_BOUND('',#4867,.T.);
#4867 = EDGE_LOOP('',(#4868,#4869,#4877,#4885));
#4868 = ORIENTED_EDGE('',*,*,#4815,.T.);
#4869 = ORIENTED_EDGE('',*,*,#4870,.T.);
#4870 = EDGE_CURVE('',#4807,#4871,#4873,.T.);
#4871 = VERTEX_POINT('',#4872);
#4872 = CARTESIAN_POINT('',(13.15,-9.865,0.55));
#4873 = LINE('',#4874,#4875);
#4874 = CARTESIAN_POINT('',(13.15,-11.015,0.55));
#4875 = VECTOR('',#4876,1.);
#4876 = DIRECTION('',(0.,1.,0.));
#4877 = ORIENTED_EDGE('',*,*,#4878,.F.);
#4878 = EDGE_CURVE('',#4879,#4871,#4881,.T.);
#4879 = VERTEX_POINT('',#4880);
#4880 = CARTESIAN_POINT('',(13.15,-9.865,0.51));
#4881 = LINE('',#4882,#4883);
#4882 = CARTESIAN_POINT('',(13.15,-9.865,0.51));
#4883 = VECTOR('',#4884,1.);
#4884 = DIRECTION('',(0.,0.,1.));
#4885 = ORIENTED_EDGE('',*,*,#4886,.F.);
#4886 = EDGE_CURVE('',#4816,#4879,#4887,.T.);
#4887 = LINE('',#4888,#4889);
#4888 = CARTESIAN_POINT('',(13.15,-11.015,0.51));
#4889 = VECTOR('',#4890,1.);
#4890 = DIRECTION('',(0.,1.,0.));
#4891 = PLANE('',#4892);
#4892 = AXIS2_PLACEMENT_3D('',#4893,#4894,#4895);
#4893 = CARTESIAN_POINT('',(13.15,-11.015,0.51));
#4894 = DIRECTION('',(-1.,0.,0.));
#4895 = DIRECTION('',(0.,1.,0.));
#4896 = ADVANCED_FACE('',(#4897,#4909),#4945,.F.);
#4897 = FACE_BOUND('',#4898,.F.);
#4898 = EDGE_LOOP('',(#4899,#4900,#4901,#4908));
#4899 = ORIENTED_EDGE('',*,*,#4823,.F.);
#4900 = ORIENTED_EDGE('',*,*,#4855,.F.);
#4901 = ORIENTED_EDGE('',*,*,#4902,.F.);
#4902 = EDGE_CURVE('',#4879,#4839,#4903,.T.);
#4903 = CIRCLE('',#4904,0.500000000001);
#4904 = AXIS2_PLACEMENT_3D('',#4905,#4906,#4907);
#4905 = CARTESIAN_POINT('',(13.65,-9.864999151875,0.51));
#4906 = DIRECTION('',(0.,0.,-1.));
#4907 = DIRECTION('',(-0.999999999999,-1.696250695457E-06,-0.));
#4908 = ORIENTED_EDGE('',*,*,#4886,.F.);
#4909 = FACE_BOUND('',#4910,.F.);
#4910 = EDGE_LOOP('',(#4911,#4922,#4930,#4939));
#4911 = ORIENTED_EDGE('',*,*,#4912,.T.);
#4912 = EDGE_CURVE('',#4913,#4915,#4917,.T.);
#4913 = VERTEX_POINT('',#4914);
#4914 = CARTESIAN_POINT('',(13.875,-11.015,0.51));
#4915 = VERTEX_POINT('',#4916);
#4916 = CARTESIAN_POINT('',(13.425,-11.015,0.51));
#4917 = CIRCLE('',#4918,0.225);
#4918 = AXIS2_PLACEMENT_3D('',#4919,#4920,#4921);
#4919 = CARTESIAN_POINT('',(13.65,-11.015,0.51));
#4920 = DIRECTION('',(-0.,0.,-1.));
#4921 = DIRECTION('',(-1.,7.894919286223E-15,0.));
#4922 = ORIENTED_EDGE('',*,*,#4923,.T.);
#4923 = EDGE_CURVE('',#4915,#4924,#4926,.T.);
#4924 = VERTEX_POINT('',#4925);
#4925 = CARTESIAN_POINT('',(13.425,-9.865,0.51));
#4926 = LINE('',#4927,#4928);
#4927 = CARTESIAN_POINT('',(13.425,-4.9325,0.51));
#4928 = VECTOR('',#4929,1.);
#4929 = DIRECTION('',(-0.,1.,0.));
#4930 = ORIENTED_EDGE('',*,*,#4931,.T.);
#4931 = EDGE_CURVE('',#4924,#4932,#4934,.T.);
#4932 = VERTEX_POINT('',#4933);
#4933 = CARTESIAN_POINT('',(13.875,-9.865,0.51));
#4934 = CIRCLE('',#4935,0.225);
#4935 = AXIS2_PLACEMENT_3D('',#4936,#4937,#4938);
#4936 = CARTESIAN_POINT('',(13.65,-9.865,0.51));
#4937 = DIRECTION('',(0.,-0.,-1.));
#4938 = DIRECTION('',(1.,0.,-0.));
#4939 = ORIENTED_EDGE('',*,*,#4940,.T.);
#4940 = EDGE_CURVE('',#4932,#4913,#4941,.T.);
#4941 = LINE('',#4942,#4943);
#4942 = CARTESIAN_POINT('',(13.875,-5.5075,0.51));
#4943 = VECTOR('',#4944,1.);
#4944 = DIRECTION('',(0.,-1.,0.));
#4945 = PLANE('',#4946);
#4946 = AXIS2_PLACEMENT_3D('',#4947,#4948,#4949);
#4947 = CARTESIAN_POINT('',(0.,0.,0.51));
#4948 = DIRECTION('',(0.,0.,1.));
#4949 = DIRECTION('',(1.,0.,-0.));
#4950 = ADVANCED_FACE('',(#4951,#4963),#4999,.T.);
#4951 = FACE_BOUND('',#4952,.T.);
#4952 = EDGE_LOOP('',(#4953,#4954,#4955,#4962));
#4953 = ORIENTED_EDGE('',*,*,#4806,.F.);
#4954 = ORIENTED_EDGE('',*,*,#4848,.F.);
#4955 = ORIENTED_EDGE('',*,*,#4956,.F.);
#4956 = EDGE_CURVE('',#4871,#4841,#4957,.T.);
#4957 = CIRCLE('',#4958,0.500000000001);
#4958 = AXIS2_PLACEMENT_3D('',#4959,#4960,#4961);
#4959 = CARTESIAN_POINT('',(13.65,-9.864999151875,0.55));
#4960 = DIRECTION('',(0.,0.,-1.));
#4961 = DIRECTION('',(-0.999999999999,-1.696250695457E-06,-0.));
#4962 = ORIENTED_EDGE('',*,*,#4870,.F.);
#4963 = FACE_BOUND('',#4964,.T.);
#4964 = EDGE_LOOP('',(#4965,#4976,#4984,#4993));
#4965 = ORIENTED_EDGE('',*,*,#4966,.T.);
#4966 = EDGE_CURVE('',#4967,#4969,#4971,.T.);
#4967 = VERTEX_POINT('',#4968);
#4968 = CARTESIAN_POINT('',(13.875,-11.015,0.55));
#4969 = VERTEX_POINT('',#4970);
#4970 = CARTESIAN_POINT('',(13.425,-11.015,0.55));
#4971 = CIRCLE('',#4972,0.225);
#4972 = AXIS2_PLACEMENT_3D('',#4973,#4974,#4975);
#4973 = CARTESIAN_POINT('',(13.65,-11.015,0.55));
#4974 = DIRECTION('',(-0.,0.,-1.));
#4975 = DIRECTION('',(-1.,7.894919286223E-15,0.));
#4976 = ORIENTED_EDGE('',*,*,#4977,.T.);
#4977 = EDGE_CURVE('',#4969,#4978,#4980,.T.);
#4978 = VERTEX_POINT('',#4979);
#4979 = CARTESIAN_POINT('',(13.425,-9.865,0.55));
#4980 = LINE('',#4981,#4982);
#4981 = CARTESIAN_POINT('',(13.425,-4.9325,0.55));
#4982 = VECTOR('',#4983,1.);
#4983 = DIRECTION('',(-0.,1.,0.));
#4984 = ORIENTED_EDGE('',*,*,#4985,.T.);
#4985 = EDGE_CURVE('',#4978,#4986,#4988,.T.);
#4986 = VERTEX_POINT('',#4987);
#4987 = CARTESIAN_POINT('',(13.875,-9.865,0.55));
#4988 = CIRCLE('',#4989,0.225);
#4989 = AXIS2_PLACEMENT_3D('',#4990,#4991,#4992);
#4990 = CARTESIAN_POINT('',(13.65,-9.865,0.55));
#4991 = DIRECTION('',(0.,-0.,-1.));
#4992 = DIRECTION('',(1.,0.,-0.));
#4993 = ORIENTED_EDGE('',*,*,#4994,.T.);
#4994 = EDGE_CURVE('',#4986,#4967,#4995,.T.);
#4995 = LINE('',#4996,#4997);
#4996 = CARTESIAN_POINT('',(13.875,-5.5075,0.55));
#4997 = VECTOR('',#4998,1.);
#4998 = DIRECTION('',(0.,-1.,0.));
#4999 = PLANE('',#5000);
#5000 = AXIS2_PLACEMENT_3D('',#5001,#5002,#5003);
#5001 = CARTESIAN_POINT('',(0.,0.,0.55));
#5002 = DIRECTION('',(0.,0.,1.));
#5003 = DIRECTION('',(1.,0.,-0.));
#5004 = ADVANCED_FACE('',(#5005),#5011,.T.);
#5005 = FACE_BOUND('',#5006,.T.);
#5006 = EDGE_LOOP('',(#5007,#5008,#5009,#5010));
#5007 = ORIENTED_EDGE('',*,*,#4878,.T.);
#5008 = ORIENTED_EDGE('',*,*,#4956,.T.);
#5009 = ORIENTED_EDGE('',*,*,#4838,.F.);
#5010 = ORIENTED_EDGE('',*,*,#4902,.F.);
#5011 = CYLINDRICAL_SURFACE('',#5012,0.500000000001);
#5012 = AXIS2_PLACEMENT_3D('',#5013,#5014,#5015);
#5013 = CARTESIAN_POINT('',(13.65,-9.864999151875,0.51));
#5014 = DIRECTION('',(0.,0.,-1.));
#5015 = DIRECTION('',(-0.999999999999,-1.696250695457E-06,-0.));
#5016 = ADVANCED_FACE('',(#5017),#5033,.F.);
#5017 = FACE_BOUND('',#5018,.T.);
#5018 = EDGE_LOOP('',(#5019,#5020,#5026,#5027));
#5019 = ORIENTED_EDGE('',*,*,#4912,.T.);
#5020 = ORIENTED_EDGE('',*,*,#5021,.T.);
#5021 = EDGE_CURVE('',#4915,#4969,#5022,.T.);
#5022 = LINE('',#5023,#5024);
#5023 = CARTESIAN_POINT('',(13.425,-11.015,-4.6E-02));
#5024 = VECTOR('',#5025,1.);
#5025 = DIRECTION('',(0.,0.,1.));
#5026 = ORIENTED_EDGE('',*,*,#4966,.F.);
#5027 = ORIENTED_EDGE('',*,*,#5028,.F.);
#5028 = EDGE_CURVE('',#4913,#4967,#5029,.T.);
#5029 = LINE('',#5030,#5031);
#5030 = CARTESIAN_POINT('',(13.875,-11.015,-4.6E-02));
#5031 = VECTOR('',#5032,1.);
#5032 = DIRECTION('',(0.,0.,1.));
#5033 = CYLINDRICAL_SURFACE('',#5034,0.225);
#5034 = AXIS2_PLACEMENT_3D('',#5035,#5036,#5037);
#5035 = CARTESIAN_POINT('',(13.65,-11.015,-4.6E-02));
#5036 = DIRECTION('',(-0.,-0.,-1.));
#5037 = DIRECTION('',(-1.,7.894919286223E-15,-0.));
#5038 = ADVANCED_FACE('',(#5039),#5050,.T.);
#5039 = FACE_BOUND('',#5040,.T.);
#5040 = EDGE_LOOP('',(#5041,#5042,#5043,#5044));
#5041 = ORIENTED_EDGE('',*,*,#4940,.T.);
#5042 = ORIENTED_EDGE('',*,*,#5028,.T.);
#5043 = ORIENTED_EDGE('',*,*,#4994,.F.);
#5044 = ORIENTED_EDGE('',*,*,#5045,.F.);
#5045 = EDGE_CURVE('',#4932,#4986,#5046,.T.);
#5046 = LINE('',#5047,#5048);
#5047 = CARTESIAN_POINT('',(13.875,-9.865,-4.6E-02));
#5048 = VECTOR('',#5049,1.);
#5049 = DIRECTION('',(0.,0.,1.));
#5050 = PLANE('',#5051);
#5051 = AXIS2_PLACEMENT_3D('',#5052,#5053,#5054);
#5052 = CARTESIAN_POINT('',(13.875,-11.015,-4.6E-02));
#5053 = DIRECTION('',(-1.,0.,0.));
#5054 = DIRECTION('',(0.,1.,0.));
#5055 = ADVANCED_FACE('',(#5056),#5067,.F.);
#5056 = FACE_BOUND('',#5057,.T.);
#5057 = EDGE_LOOP('',(#5058,#5059,#5060,#5061));
#5058 = ORIENTED_EDGE('',*,*,#4931,.T.);
#5059 = ORIENTED_EDGE('',*,*,#5045,.T.);
#5060 = ORIENTED_EDGE('',*,*,#4985,.F.);
#5061 = ORIENTED_EDGE('',*,*,#5062,.F.);
#5062 = EDGE_CURVE('',#4924,#4978,#5063,.T.);
#5063 = LINE('',#5064,#5065);
#5064 = CARTESIAN_POINT('',(13.425,-9.865,-4.6E-02));
#5065 = VECTOR('',#5066,1.);
#5066 = DIRECTION('',(0.,0.,1.));
#5067 = CYLINDRICAL_SURFACE('',#5068,0.225);
#5068 = AXIS2_PLACEMENT_3D('',#5069,#5070,#5071);
#5069 = CARTESIAN_POINT('',(13.65,-9.865,-4.6E-02));
#5070 = DIRECTION('',(-0.,-0.,-1.));
#5071 = DIRECTION('',(1.,0.,-0.));
#5072 = ADVANCED_FACE('',(#5073),#5079,.T.);
#5073 = FACE_BOUND('',#5074,.T.);
#5074 = EDGE_LOOP('',(#5075,#5076,#5077,#5078));
#5075 = ORIENTED_EDGE('',*,*,#4923,.T.);
#5076 = ORIENTED_EDGE('',*,*,#5062,.T.);
#5077 = ORIENTED_EDGE('',*,*,#4977,.F.);
#5078 = ORIENTED_EDGE('',*,*,#5021,.F.);
#5079 = PLANE('',#5080);
#5080 = AXIS2_PLACEMENT_3D('',#5081,#5082,#5083);
#5081 = CARTESIAN_POINT('',(13.425,-9.865,-4.6E-02));
#5082 = DIRECTION('',(1.,0.,-0.));
#5083 = DIRECTION('',(0.,-1.,0.));
#5084 = MANIFOLD_SOLID_BREP('',#5085);
#5085 = CLOSED_SHELL('',(#5086,#5128,#5159,#5190,#5244,#5298,#5310,#5332
    ,#5349,#5366));
#5086 = ADVANCED_FACE('',(#5087),#5123,.T.);
#5087 = FACE_BOUND('',#5088,.F.);
#5088 = EDGE_LOOP('',(#5089,#5099,#5108,#5116));
#5089 = ORIENTED_EDGE('',*,*,#5090,.T.);
#5090 = EDGE_CURVE('',#5091,#5093,#5095,.T.);
#5091 = VERTEX_POINT('',#5092);
#5092 = CARTESIAN_POINT('',(14.15,-11.015,0.));
#5093 = VERTEX_POINT('',#5094);
#5094 = CARTESIAN_POINT('',(14.15,-11.015,-4.E-02));
#5095 = LINE('',#5096,#5097);
#5096 = CARTESIAN_POINT('',(14.15,-11.015,0.));
#5097 = VECTOR('',#5098,1.);
#5098 = DIRECTION('',(0.,0.,-1.));
#5099 = ORIENTED_EDGE('',*,*,#5100,.T.);
#5100 = EDGE_CURVE('',#5093,#5101,#5103,.T.);
#5101 = VERTEX_POINT('',#5102);
#5102 = CARTESIAN_POINT('',(13.15,-11.015,-4.E-02));
#5103 = CIRCLE('',#5104,0.5);
#5104 = AXIS2_PLACEMENT_3D('',#5105,#5106,#5107);
#5105 = CARTESIAN_POINT('',(13.65,-11.01499955666,-4.E-02));
#5106 = DIRECTION('',(-0.,0.,-1.));
#5107 = DIRECTION('',(1.,-8.866804392934E-07,-0.));
#5108 = ORIENTED_EDGE('',*,*,#5109,.F.);
#5109 = EDGE_CURVE('',#5110,#5101,#5112,.T.);
#5110 = VERTEX_POINT('',#5111);
#5111 = CARTESIAN_POINT('',(13.15,-11.015,0.));
#5112 = LINE('',#5113,#5114);
#5113 = CARTESIAN_POINT('',(13.15,-11.015,0.));
#5114 = VECTOR('',#5115,1.);
#5115 = DIRECTION('',(0.,0.,-1.));
#5116 = ORIENTED_EDGE('',*,*,#5117,.F.);
#5117 = EDGE_CURVE('',#5091,#5110,#5118,.T.);
#5118 = CIRCLE('',#5119,0.5);
#5119 = AXIS2_PLACEMENT_3D('',#5120,#5121,#5122);
#5120 = CARTESIAN_POINT('',(13.65,-11.01499955666,0.));
#5121 = DIRECTION('',(-0.,0.,-1.));
#5122 = DIRECTION('',(1.,-8.866804392934E-07,-0.));
#5123 = CYLINDRICAL_SURFACE('',#5124,0.5);
#5124 = AXIS2_PLACEMENT_3D('',#5125,#5126,#5127);
#5125 = CARTESIAN_POINT('',(13.65,-11.01499955666,0.));
#5126 = DIRECTION('',(0.,-0.,1.));
#5127 = DIRECTION('',(1.,-8.866804392934E-07,-0.));
#5128 = ADVANCED_FACE('',(#5129),#5154,.F.);
#5129 = FACE_BOUND('',#5130,.F.);
#5130 = EDGE_LOOP('',(#5131,#5141,#5147,#5148));
#5131 = ORIENTED_EDGE('',*,*,#5132,.T.);
#5132 = EDGE_CURVE('',#5133,#5135,#5137,.T.);
#5133 = VERTEX_POINT('',#5134);
#5134 = CARTESIAN_POINT('',(14.15,-9.865,0.));
#5135 = VERTEX_POINT('',#5136);
#5136 = CARTESIAN_POINT('',(14.15,-9.865,-4.E-02));
#5137 = LINE('',#5138,#5139);
#5138 = CARTESIAN_POINT('',(14.15,-9.865,0.));
#5139 = VECTOR('',#5140,1.);
#5140 = DIRECTION('',(0.,0.,-1.));
#5141 = ORIENTED_EDGE('',*,*,#5142,.T.);
#5142 = EDGE_CURVE('',#5135,#5093,#5143,.T.);
#5143 = LINE('',#5144,#5145);
#5144 = CARTESIAN_POINT('',(14.15,-9.865,-4.E-02));
#5145 = VECTOR('',#5146,1.);
#5146 = DIRECTION('',(0.,-1.,0.));
#5147 = ORIENTED_EDGE('',*,*,#5090,.F.);
#5148 = ORIENTED_EDGE('',*,*,#5149,.F.);
#5149 = EDGE_CURVE('',#5133,#5091,#5150,.T.);
#5150 = LINE('',#5151,#5152);
#5151 = CARTESIAN_POINT('',(14.15,-9.865,0.));
#5152 = VECTOR('',#5153,1.);
#5153 = DIRECTION('',(0.,-1.,0.));
#5154 = PLANE('',#5155);
#5155 = AXIS2_PLACEMENT_3D('',#5156,#5157,#5158);
#5156 = CARTESIAN_POINT('',(14.15,-9.865,0.));
#5157 = DIRECTION('',(-1.,-0.,-0.));
#5158 = DIRECTION('',(0.,-1.,0.));
#5159 = ADVANCED_FACE('',(#5160),#5185,.F.);
#5160 = FACE_BOUND('',#5161,.F.);
#5161 = EDGE_LOOP('',(#5162,#5163,#5171,#5179));
#5162 = ORIENTED_EDGE('',*,*,#5109,.T.);
#5163 = ORIENTED_EDGE('',*,*,#5164,.T.);
#5164 = EDGE_CURVE('',#5101,#5165,#5167,.T.);
#5165 = VERTEX_POINT('',#5166);
#5166 = CARTESIAN_POINT('',(13.15,-9.865,-4.E-02));
#5167 = LINE('',#5168,#5169);
#5168 = CARTESIAN_POINT('',(13.15,-11.015,-4.E-02));
#5169 = VECTOR('',#5170,1.);
#5170 = DIRECTION('',(0.,1.,0.));
#5171 = ORIENTED_EDGE('',*,*,#5172,.F.);
#5172 = EDGE_CURVE('',#5173,#5165,#5175,.T.);
#5173 = VERTEX_POINT('',#5174);
#5174 = CARTESIAN_POINT('',(13.15,-9.865,0.));
#5175 = LINE('',#5176,#5177);
#5176 = CARTESIAN_POINT('',(13.15,-9.865,0.));
#5177 = VECTOR('',#5178,1.);
#5178 = DIRECTION('',(0.,0.,-1.));
#5179 = ORIENTED_EDGE('',*,*,#5180,.F.);
#5180 = EDGE_CURVE('',#5110,#5173,#5181,.T.);
#5181 = LINE('',#5182,#5183);
#5182 = CARTESIAN_POINT('',(13.15,-11.015,0.));
#5183 = VECTOR('',#5184,1.);
#5184 = DIRECTION('',(0.,1.,0.));
#5185 = PLANE('',#5186);
#5186 = AXIS2_PLACEMENT_3D('',#5187,#5188,#5189);
#5187 = CARTESIAN_POINT('',(13.15,-11.015,0.));
#5188 = DIRECTION('',(1.,-0.,0.));
#5189 = DIRECTION('',(0.,1.,0.));
#5190 = ADVANCED_FACE('',(#5191,#5203),#5239,.F.);
#5191 = FACE_BOUND('',#5192,.F.);
#5192 = EDGE_LOOP('',(#5193,#5194,#5195,#5202));
#5193 = ORIENTED_EDGE('',*,*,#5117,.T.);
#5194 = ORIENTED_EDGE('',*,*,#5180,.T.);
#5195 = ORIENTED_EDGE('',*,*,#5196,.T.);
#5196 = EDGE_CURVE('',#5173,#5133,#5197,.T.);
#5197 = CIRCLE('',#5198,0.500000000001);
#5198 = AXIS2_PLACEMENT_3D('',#5199,#5200,#5201);
#5199 = CARTESIAN_POINT('',(13.65,-9.864999151875,0.));
#5200 = DIRECTION('',(0.,0.,-1.));
#5201 = DIRECTION('',(-0.999999999999,-1.696250695457E-06,-0.));
#5202 = ORIENTED_EDGE('',*,*,#5149,.T.);
#5203 = FACE_BOUND('',#5204,.F.);
#5204 = EDGE_LOOP('',(#5205,#5216,#5224,#5233));
#5205 = ORIENTED_EDGE('',*,*,#5206,.F.);
#5206 = EDGE_CURVE('',#5207,#5209,#5211,.T.);
#5207 = VERTEX_POINT('',#5208);
#5208 = CARTESIAN_POINT('',(13.425,-9.865,0.));
#5209 = VERTEX_POINT('',#5210);
#5210 = CARTESIAN_POINT('',(13.875,-9.865,0.));
#5211 = CIRCLE('',#5212,0.225);
#5212 = AXIS2_PLACEMENT_3D('',#5213,#5214,#5215);
#5213 = CARTESIAN_POINT('',(13.65,-9.865,0.));
#5214 = DIRECTION('',(0.,-0.,-1.));
#5215 = DIRECTION('',(1.,0.,-0.));
#5216 = ORIENTED_EDGE('',*,*,#5217,.T.);
#5217 = EDGE_CURVE('',#5207,#5218,#5220,.T.);
#5218 = VERTEX_POINT('',#5219);
#5219 = CARTESIAN_POINT('',(13.425,-11.015,0.));
#5220 = LINE('',#5221,#5222);
#5221 = CARTESIAN_POINT('',(13.425,-4.9325,0.));
#5222 = VECTOR('',#5223,1.);
#5223 = DIRECTION('',(0.,-1.,0.));
#5224 = ORIENTED_EDGE('',*,*,#5225,.F.);
#5225 = EDGE_CURVE('',#5226,#5218,#5228,.T.);
#5226 = VERTEX_POINT('',#5227);
#5227 = CARTESIAN_POINT('',(13.875,-11.015,0.));
#5228 = CIRCLE('',#5229,0.225);
#5229 = AXIS2_PLACEMENT_3D('',#5230,#5231,#5232);
#5230 = CARTESIAN_POINT('',(13.65,-11.015,0.));
#5231 = DIRECTION('',(-0.,0.,-1.));
#5232 = DIRECTION('',(-1.,7.894919286223E-15,0.));
#5233 = ORIENTED_EDGE('',*,*,#5234,.T.);
#5234 = EDGE_CURVE('',#5226,#5209,#5235,.T.);
#5235 = LINE('',#5236,#5237);
#5236 = CARTESIAN_POINT('',(13.875,-5.5075,0.));
#5237 = VECTOR('',#5238,1.);
#5238 = DIRECTION('',(0.,1.,-0.));
#5239 = PLANE('',#5240);
#5240 = AXIS2_PLACEMENT_3D('',#5241,#5242,#5243);
#5241 = CARTESIAN_POINT('',(0.,0.,0.));
#5242 = DIRECTION('',(-0.,-0.,-1.));
#5243 = DIRECTION('',(-1.,0.,0.));
#5244 = ADVANCED_FACE('',(#5245,#5257),#5293,.T.);
#5245 = FACE_BOUND('',#5246,.T.);
#5246 = EDGE_LOOP('',(#5247,#5248,#5249,#5256));
#5247 = ORIENTED_EDGE('',*,*,#5100,.T.);
#5248 = ORIENTED_EDGE('',*,*,#5164,.T.);
#5249 = ORIENTED_EDGE('',*,*,#5250,.T.);
#5250 = EDGE_CURVE('',#5165,#5135,#5251,.T.);
#5251 = CIRCLE('',#5252,0.500000000001);
#5252 = AXIS2_PLACEMENT_3D('',#5253,#5254,#5255);
#5253 = CARTESIAN_POINT('',(13.65,-9.864999151875,-4.E-02));
#5254 = DIRECTION('',(0.,0.,-1.));
#5255 = DIRECTION('',(-0.999999999999,-1.696250695457E-06,-0.));
#5256 = ORIENTED_EDGE('',*,*,#5142,.T.);
#5257 = FACE_BOUND('',#5258,.T.);
#5258 = EDGE_LOOP('',(#5259,#5270,#5278,#5287));
#5259 = ORIENTED_EDGE('',*,*,#5260,.F.);
#5260 = EDGE_CURVE('',#5261,#5263,#5265,.T.);
#5261 = VERTEX_POINT('',#5262);
#5262 = CARTESIAN_POINT('',(13.425,-9.865,-4.E-02));
#5263 = VERTEX_POINT('',#5264);
#5264 = CARTESIAN_POINT('',(13.875,-9.865,-4.E-02));
#5265 = CIRCLE('',#5266,0.225);
#5266 = AXIS2_PLACEMENT_3D('',#5267,#5268,#5269);
#5267 = CARTESIAN_POINT('',(13.65,-9.865,-4.E-02));
#5268 = DIRECTION('',(0.,-0.,-1.));
#5269 = DIRECTION('',(1.,0.,-0.));
#5270 = ORIENTED_EDGE('',*,*,#5271,.T.);
#5271 = EDGE_CURVE('',#5261,#5272,#5274,.T.);
#5272 = VERTEX_POINT('',#5273);
#5273 = CARTESIAN_POINT('',(13.425,-11.015,-4.E-02));
#5274 = LINE('',#5275,#5276);
#5275 = CARTESIAN_POINT('',(13.425,-4.9325,-4.E-02));
#5276 = VECTOR('',#5277,1.);
#5277 = DIRECTION('',(0.,-1.,0.));
#5278 = ORIENTED_EDGE('',*,*,#5279,.F.);
#5279 = EDGE_CURVE('',#5280,#5272,#5282,.T.);
#5280 = VERTEX_POINT('',#5281);
#5281 = CARTESIAN_POINT('',(13.875,-11.015,-4.E-02));
#5282 = CIRCLE('',#5283,0.225);
#5283 = AXIS2_PLACEMENT_3D('',#5284,#5285,#5286);
#5284 = CARTESIAN_POINT('',(13.65,-11.015,-4.E-02));
#5285 = DIRECTION('',(-0.,0.,-1.));
#5286 = DIRECTION('',(-1.,7.894919286223E-15,0.));
#5287 = ORIENTED_EDGE('',*,*,#5288,.T.);
#5288 = EDGE_CURVE('',#5280,#5263,#5289,.T.);
#5289 = LINE('',#5290,#5291);
#5290 = CARTESIAN_POINT('',(13.875,-5.5075,-4.E-02));
#5291 = VECTOR('',#5292,1.);
#5292 = DIRECTION('',(0.,1.,-0.));
#5293 = PLANE('',#5294);
#5294 = AXIS2_PLACEMENT_3D('',#5295,#5296,#5297);
#5295 = CARTESIAN_POINT('',(0.,0.,-4.E-02));
#5296 = DIRECTION('',(-0.,-0.,-1.));
#5297 = DIRECTION('',(-1.,0.,0.));
#5298 = ADVANCED_FACE('',(#5299),#5305,.T.);
#5299 = FACE_BOUND('',#5300,.F.);
#5300 = EDGE_LOOP('',(#5301,#5302,#5303,#5304));
#5301 = ORIENTED_EDGE('',*,*,#5172,.T.);
#5302 = ORIENTED_EDGE('',*,*,#5250,.T.);
#5303 = ORIENTED_EDGE('',*,*,#5132,.F.);
#5304 = ORIENTED_EDGE('',*,*,#5196,.F.);
#5305 = CYLINDRICAL_SURFACE('',#5306,0.500000000001);
#5306 = AXIS2_PLACEMENT_3D('',#5307,#5308,#5309);
#5307 = CARTESIAN_POINT('',(13.65,-9.864999151875,0.));
#5308 = DIRECTION('',(-0.,-0.,1.));
#5309 = DIRECTION('',(-0.999999999999,-1.696250695457E-06,-0.));
#5310 = ADVANCED_FACE('',(#5311),#5327,.F.);
#5311 = FACE_BOUND('',#5312,.T.);
#5312 = EDGE_LOOP('',(#5313,#5314,#5320,#5321));
#5313 = ORIENTED_EDGE('',*,*,#5260,.T.);
#5314 = ORIENTED_EDGE('',*,*,#5315,.T.);
#5315 = EDGE_CURVE('',#5263,#5209,#5316,.T.);
#5316 = LINE('',#5317,#5318);
#5317 = CARTESIAN_POINT('',(13.875,-9.865,-4.6E-02));
#5318 = VECTOR('',#5319,1.);
#5319 = DIRECTION('',(0.,0.,1.));
#5320 = ORIENTED_EDGE('',*,*,#5206,.F.);
#5321 = ORIENTED_EDGE('',*,*,#5322,.F.);
#5322 = EDGE_CURVE('',#5261,#5207,#5323,.T.);
#5323 = LINE('',#5324,#5325);
#5324 = CARTESIAN_POINT('',(13.425,-9.865,-4.6E-02));
#5325 = VECTOR('',#5326,1.);
#5326 = DIRECTION('',(0.,0.,1.));
#5327 = CYLINDRICAL_SURFACE('',#5328,0.225);
#5328 = AXIS2_PLACEMENT_3D('',#5329,#5330,#5331);
#5329 = CARTESIAN_POINT('',(13.65,-9.865,-4.6E-02));
#5330 = DIRECTION('',(-0.,-0.,-1.));
#5331 = DIRECTION('',(1.,0.,-0.));
#5332 = ADVANCED_FACE('',(#5333),#5344,.T.);
#5333 = FACE_BOUND('',#5334,.T.);
#5334 = EDGE_LOOP('',(#5335,#5336,#5342,#5343));
#5335 = ORIENTED_EDGE('',*,*,#5288,.F.);
#5336 = ORIENTED_EDGE('',*,*,#5337,.T.);
#5337 = EDGE_CURVE('',#5280,#5226,#5338,.T.);
#5338 = LINE('',#5339,#5340);
#5339 = CARTESIAN_POINT('',(13.875,-11.015,-4.6E-02));
#5340 = VECTOR('',#5341,1.);
#5341 = DIRECTION('',(0.,0.,1.));
#5342 = ORIENTED_EDGE('',*,*,#5234,.T.);
#5343 = ORIENTED_EDGE('',*,*,#5315,.F.);
#5344 = PLANE('',#5345);
#5345 = AXIS2_PLACEMENT_3D('',#5346,#5347,#5348);
#5346 = CARTESIAN_POINT('',(13.875,-11.015,-4.6E-02));
#5347 = DIRECTION('',(-1.,0.,0.));
#5348 = DIRECTION('',(0.,1.,0.));
#5349 = ADVANCED_FACE('',(#5350),#5361,.F.);
#5350 = FACE_BOUND('',#5351,.T.);
#5351 = EDGE_LOOP('',(#5352,#5353,#5359,#5360));
#5352 = ORIENTED_EDGE('',*,*,#5279,.T.);
#5353 = ORIENTED_EDGE('',*,*,#5354,.T.);
#5354 = EDGE_CURVE('',#5272,#5218,#5355,.T.);
#5355 = LINE('',#5356,#5357);
#5356 = CARTESIAN_POINT('',(13.425,-11.015,-4.6E-02));
#5357 = VECTOR('',#5358,1.);
#5358 = DIRECTION('',(0.,0.,1.));
#5359 = ORIENTED_EDGE('',*,*,#5225,.F.);
#5360 = ORIENTED_EDGE('',*,*,#5337,.F.);
#5361 = CYLINDRICAL_SURFACE('',#5362,0.225);
#5362 = AXIS2_PLACEMENT_3D('',#5363,#5364,#5365);
#5363 = CARTESIAN_POINT('',(13.65,-11.015,-4.6E-02));
#5364 = DIRECTION('',(-0.,-0.,-1.));
#5365 = DIRECTION('',(-1.,7.894919286223E-15,-0.));
#5366 = ADVANCED_FACE('',(#5367),#5373,.T.);
#5367 = FACE_BOUND('',#5368,.T.);
#5368 = EDGE_LOOP('',(#5369,#5370,#5371,#5372));
#5369 = ORIENTED_EDGE('',*,*,#5271,.F.);
#5370 = ORIENTED_EDGE('',*,*,#5322,.T.);
#5371 = ORIENTED_EDGE('',*,*,#5217,.T.);
#5372 = ORIENTED_EDGE('',*,*,#5354,.F.);
#5373 = PLANE('',#5374);
#5374 = AXIS2_PLACEMENT_3D('',#5375,#5376,#5377);
#5375 = CARTESIAN_POINT('',(13.425,-9.865,-4.6E-02));
#5376 = DIRECTION('',(1.,0.,-0.));
#5377 = DIRECTION('',(0.,-1.,0.));
#5378 = MANIFOLD_SOLID_BREP('',#5379);
#5379 = CLOSED_SHELL('',(#5380,#5420,#5453,#5486,#5539,#5592,#5604,#5626
    ,#5643,#5660));
#5380 = ADVANCED_FACE('',(#5381),#5415,.F.);
#5381 = FACE_BOUND('',#5382,.F.);
#5382 = EDGE_LOOP('',(#5383,#5393,#5401,#5409));
#5383 = ORIENTED_EDGE('',*,*,#5384,.T.);
#5384 = EDGE_CURVE('',#5385,#5387,#5389,.T.);
#5385 = VERTEX_POINT('',#5386);
#5386 = CARTESIAN_POINT('',(13.4,-9.865,-4.E-02));
#5387 = VERTEX_POINT('',#5388);
#5388 = CARTESIAN_POINT('',(13.4,-9.865,0.55));
#5389 = LINE('',#5390,#5391);
#5390 = CARTESIAN_POINT('',(13.4,-9.865,-4.E-02));
#5391 = VECTOR('',#5392,1.);
#5392 = DIRECTION('',(0.,0.,1.));
#5393 = ORIENTED_EDGE('',*,*,#5394,.T.);
#5394 = EDGE_CURVE('',#5387,#5395,#5397,.T.);
#5395 = VERTEX_POINT('',#5396);
#5396 = CARTESIAN_POINT('',(13.4,-11.015,0.55));
#5397 = LINE('',#5398,#5399);
#5398 = CARTESIAN_POINT('',(13.4,-9.865,0.55));
#5399 = VECTOR('',#5400,1.);
#5400 = DIRECTION('',(0.,-1.,0.));
#5401 = ORIENTED_EDGE('',*,*,#5402,.F.);
#5402 = EDGE_CURVE('',#5403,#5395,#5405,.T.);
#5403 = VERTEX_POINT('',#5404);
#5404 = CARTESIAN_POINT('',(13.4,-11.015,-4.E-02));
#5405 = LINE('',#5406,#5407);
#5406 = CARTESIAN_POINT('',(13.4,-11.015,-4.E-02));
#5407 = VECTOR('',#5408,1.);
#5408 = DIRECTION('',(0.,0.,1.));
#5409 = ORIENTED_EDGE('',*,*,#5410,.F.);
#5410 = EDGE_CURVE('',#5385,#5403,#5411,.T.);
#5411 = LINE('',#5412,#5413);
#5412 = CARTESIAN_POINT('',(13.4,-9.865,-4.E-02));
#5413 = VECTOR('',#5414,1.);
#5414 = DIRECTION('',(0.,-1.,0.));
#5415 = PLANE('',#5416);
#5416 = AXIS2_PLACEMENT_3D('',#5417,#5418,#5419);
#5417 = CARTESIAN_POINT('',(13.4,-9.865,-4.E-02));
#5418 = DIRECTION('',(1.,0.,-0.));
#5419 = DIRECTION('',(0.,-1.,0.));
#5420 = ADVANCED_FACE('',(#5421),#5448,.T.);
#5421 = FACE_BOUND('',#5422,.F.);
#5422 = EDGE_LOOP('',(#5423,#5433,#5440,#5441));
#5423 = ORIENTED_EDGE('',*,*,#5424,.T.);
#5424 = EDGE_CURVE('',#5425,#5427,#5429,.T.);
#5425 = VERTEX_POINT('',#5426);
#5426 = CARTESIAN_POINT('',(13.9,-9.865,-4.E-02));
#5427 = VERTEX_POINT('',#5428);
#5428 = CARTESIAN_POINT('',(13.9,-9.865,0.55));
#5429 = LINE('',#5430,#5431);
#5430 = CARTESIAN_POINT('',(13.9,-9.865,-4.E-02));
#5431 = VECTOR('',#5432,1.);
#5432 = DIRECTION('',(0.,0.,1.));
#5433 = ORIENTED_EDGE('',*,*,#5434,.T.);
#5434 = EDGE_CURVE('',#5427,#5387,#5435,.T.);
#5435 = CIRCLE('',#5436,0.25);
#5436 = AXIS2_PLACEMENT_3D('',#5437,#5438,#5439);
#5437 = CARTESIAN_POINT('',(13.65,-9.865,0.55));
#5438 = DIRECTION('',(0.,0.,1.));
#5439 = DIRECTION('',(1.,0.,-0.));
#5440 = ORIENTED_EDGE('',*,*,#5384,.F.);
#5441 = ORIENTED_EDGE('',*,*,#5442,.F.);
#5442 = EDGE_CURVE('',#5425,#5385,#5443,.T.);
#5443 = CIRCLE('',#5444,0.25);
#5444 = AXIS2_PLACEMENT_3D('',#5445,#5446,#5447);
#5445 = CARTESIAN_POINT('',(13.65,-9.865,-4.E-02));
#5446 = DIRECTION('',(0.,0.,1.));
#5447 = DIRECTION('',(1.,0.,-0.));
#5448 = CYLINDRICAL_SURFACE('',#5449,0.25);
#5449 = AXIS2_PLACEMENT_3D('',#5450,#5451,#5452);
#5450 = CARTESIAN_POINT('',(13.65,-9.865,-4.E-02));
#5451 = DIRECTION('',(-0.,-0.,-1.));
#5452 = DIRECTION('',(1.,0.,-0.));
#5453 = ADVANCED_FACE('',(#5454),#5481,.T.);
#5454 = FACE_BOUND('',#5455,.F.);
#5455 = EDGE_LOOP('',(#5456,#5457,#5466,#5474));
#5456 = ORIENTED_EDGE('',*,*,#5402,.T.);
#5457 = ORIENTED_EDGE('',*,*,#5458,.T.);
#5458 = EDGE_CURVE('',#5395,#5459,#5461,.T.);
#5459 = VERTEX_POINT('',#5460);
#5460 = CARTESIAN_POINT('',(13.9,-11.015,0.55));
#5461 = CIRCLE('',#5462,0.25);
#5462 = AXIS2_PLACEMENT_3D('',#5463,#5464,#5465);
#5463 = CARTESIAN_POINT('',(13.65,-11.015,0.55));
#5464 = DIRECTION('',(0.,0.,1.));
#5465 = DIRECTION('',(-1.,0.,-0.));
#5466 = ORIENTED_EDGE('',*,*,#5467,.F.);
#5467 = EDGE_CURVE('',#5468,#5459,#5470,.T.);
#5468 = VERTEX_POINT('',#5469);
#5469 = CARTESIAN_POINT('',(13.9,-11.015,-4.E-02));
#5470 = LINE('',#5471,#5472);
#5471 = CARTESIAN_POINT('',(13.9,-11.015,-4.E-02));
#5472 = VECTOR('',#5473,1.);
#5473 = DIRECTION('',(0.,0.,1.));
#5474 = ORIENTED_EDGE('',*,*,#5475,.F.);
#5475 = EDGE_CURVE('',#5403,#5468,#5476,.T.);
#5476 = CIRCLE('',#5477,0.25);
#5477 = AXIS2_PLACEMENT_3D('',#5478,#5479,#5480);
#5478 = CARTESIAN_POINT('',(13.65,-11.015,-4.E-02));
#5479 = DIRECTION('',(0.,0.,1.));
#5480 = DIRECTION('',(-1.,0.,-0.));
#5481 = CYLINDRICAL_SURFACE('',#5482,0.25);
#5482 = AXIS2_PLACEMENT_3D('',#5483,#5484,#5485);
#5483 = CARTESIAN_POINT('',(13.65,-11.015,-4.E-02));
#5484 = DIRECTION('',(-0.,-0.,-1.));
#5485 = DIRECTION('',(-1.,0.,-0.));
#5486 = ADVANCED_FACE('',(#5487,#5498),#5534,.F.);
#5487 = FACE_BOUND('',#5488,.F.);
#5488 = EDGE_LOOP('',(#5489,#5490,#5491,#5497));
#5489 = ORIENTED_EDGE('',*,*,#5410,.T.);
#5490 = ORIENTED_EDGE('',*,*,#5475,.T.);
#5491 = ORIENTED_EDGE('',*,*,#5492,.T.);
#5492 = EDGE_CURVE('',#5468,#5425,#5493,.T.);
#5493 = LINE('',#5494,#5495);
#5494 = CARTESIAN_POINT('',(13.9,-11.015,-4.E-02));
#5495 = VECTOR('',#5496,1.);
#5496 = DIRECTION('',(0.,1.,0.));
#5497 = ORIENTED_EDGE('',*,*,#5442,.T.);
#5498 = FACE_BOUND('',#5499,.F.);
#5499 = EDGE_LOOP('',(#5500,#5511,#5519,#5528));
#5500 = ORIENTED_EDGE('',*,*,#5501,.T.);
#5501 = EDGE_CURVE('',#5502,#5504,#5506,.T.);
#5502 = VERTEX_POINT('',#5503);
#5503 = CARTESIAN_POINT('',(13.875,-11.015,-4.E-02));
#5504 = VERTEX_POINT('',#5505);
#5505 = CARTESIAN_POINT('',(13.425,-11.015,-4.E-02));
#5506 = CIRCLE('',#5507,0.225);
#5507 = AXIS2_PLACEMENT_3D('',#5508,#5509,#5510);
#5508 = CARTESIAN_POINT('',(13.65,-11.015,-4.E-02));
#5509 = DIRECTION('',(-0.,0.,-1.));
#5510 = DIRECTION('',(-1.,7.894919286223E-15,0.));
#5511 = ORIENTED_EDGE('',*,*,#5512,.T.);
#5512 = EDGE_CURVE('',#5504,#5513,#5515,.T.);
#5513 = VERTEX_POINT('',#5514);
#5514 = CARTESIAN_POINT('',(13.425,-9.865,-4.E-02));
#5515 = LINE('',#5516,#5517);
#5516 = CARTESIAN_POINT('',(13.425,-9.865,-4.E-02));
#5517 = VECTOR('',#5518,1.);
#5518 = DIRECTION('',(-0.,1.,0.));
#5519 = ORIENTED_EDGE('',*,*,#5520,.T.);
#5520 = EDGE_CURVE('',#5513,#5521,#5523,.T.);
#5521 = VERTEX_POINT('',#5522);
#5522 = CARTESIAN_POINT('',(13.875,-9.865,-4.E-02));
#5523 = CIRCLE('',#5524,0.225);
#5524 = AXIS2_PLACEMENT_3D('',#5525,#5526,#5527);
#5525 = CARTESIAN_POINT('',(13.65,-9.865,-4.E-02));
#5526 = DIRECTION('',(0.,-0.,-1.));
#5527 = DIRECTION('',(1.,0.,-0.));
#5528 = ORIENTED_EDGE('',*,*,#5529,.T.);
#5529 = EDGE_CURVE('',#5521,#5502,#5530,.T.);
#5530 = LINE('',#5531,#5532);
#5531 = CARTESIAN_POINT('',(13.875,-10.44,-4.E-02));
#5532 = VECTOR('',#5533,1.);
#5533 = DIRECTION('',(0.,-1.,0.));
#5534 = PLANE('',#5535);
#5535 = AXIS2_PLACEMENT_3D('',#5536,#5537,#5538);
#5536 = CARTESIAN_POINT('',(13.4,-9.865,-4.E-02));
#5537 = DIRECTION('',(0.,0.,1.));
#5538 = DIRECTION('',(1.,0.,-0.));
#5539 = ADVANCED_FACE('',(#5540,#5551),#5587,.T.);
#5540 = FACE_BOUND('',#5541,.T.);
#5541 = EDGE_LOOP('',(#5542,#5543,#5544,#5550));
#5542 = ORIENTED_EDGE('',*,*,#5394,.T.);
#5543 = ORIENTED_EDGE('',*,*,#5458,.T.);
#5544 = ORIENTED_EDGE('',*,*,#5545,.T.);
#5545 = EDGE_CURVE('',#5459,#5427,#5546,.T.);
#5546 = LINE('',#5547,#5548);
#5547 = CARTESIAN_POINT('',(13.9,-11.015,0.55));
#5548 = VECTOR('',#5549,1.);
#5549 = DIRECTION('',(0.,1.,0.));
#5550 = ORIENTED_EDGE('',*,*,#5434,.T.);
#5551 = FACE_BOUND('',#5552,.T.);
#5552 = EDGE_LOOP('',(#5553,#5564,#5572,#5581));
#5553 = ORIENTED_EDGE('',*,*,#5554,.T.);
#5554 = EDGE_CURVE('',#5555,#5557,#5559,.T.);
#5555 = VERTEX_POINT('',#5556);
#5556 = CARTESIAN_POINT('',(13.875,-11.015,0.55));
#5557 = VERTEX_POINT('',#5558);
#5558 = CARTESIAN_POINT('',(13.425,-11.015,0.55));
#5559 = CIRCLE('',#5560,0.225);
#5560 = AXIS2_PLACEMENT_3D('',#5561,#5562,#5563);
#5561 = CARTESIAN_POINT('',(13.65,-11.015,0.55));
#5562 = DIRECTION('',(-0.,0.,-1.));
#5563 = DIRECTION('',(-1.,7.894919286223E-15,0.));
#5564 = ORIENTED_EDGE('',*,*,#5565,.T.);
#5565 = EDGE_CURVE('',#5557,#5566,#5568,.T.);
#5566 = VERTEX_POINT('',#5567);
#5567 = CARTESIAN_POINT('',(13.425,-9.865,0.55));
#5568 = LINE('',#5569,#5570);
#5569 = CARTESIAN_POINT('',(13.425,-9.865,0.55));
#5570 = VECTOR('',#5571,1.);
#5571 = DIRECTION('',(-0.,1.,0.));
#5572 = ORIENTED_EDGE('',*,*,#5573,.T.);
#5573 = EDGE_CURVE('',#5566,#5574,#5576,.T.);
#5574 = VERTEX_POINT('',#5575);
#5575 = CARTESIAN_POINT('',(13.875,-9.865,0.55));
#5576 = CIRCLE('',#5577,0.225);
#5577 = AXIS2_PLACEMENT_3D('',#5578,#5579,#5580);
#5578 = CARTESIAN_POINT('',(13.65,-9.865,0.55));
#5579 = DIRECTION('',(0.,-0.,-1.));
#5580 = DIRECTION('',(1.,0.,-0.));
#5581 = ORIENTED_EDGE('',*,*,#5582,.T.);
#5582 = EDGE_CURVE('',#5574,#5555,#5583,.T.);
#5583 = LINE('',#5584,#5585);
#5584 = CARTESIAN_POINT('',(13.875,-10.44,0.55));
#5585 = VECTOR('',#5586,1.);
#5586 = DIRECTION('',(0.,-1.,0.));
#5587 = PLANE('',#5588);
#5588 = AXIS2_PLACEMENT_3D('',#5589,#5590,#5591);
#5589 = CARTESIAN_POINT('',(13.4,-9.865,0.55));
#5590 = DIRECTION('',(0.,0.,1.));
#5591 = DIRECTION('',(1.,0.,-0.));
#5592 = ADVANCED_FACE('',(#5593),#5599,.F.);
#5593 = FACE_BOUND('',#5594,.F.);
#5594 = EDGE_LOOP('',(#5595,#5596,#5597,#5598));
#5595 = ORIENTED_EDGE('',*,*,#5467,.T.);
#5596 = ORIENTED_EDGE('',*,*,#5545,.T.);
#5597 = ORIENTED_EDGE('',*,*,#5424,.F.);
#5598 = ORIENTED_EDGE('',*,*,#5492,.F.);
#5599 = PLANE('',#5600);
#5600 = AXIS2_PLACEMENT_3D('',#5601,#5602,#5603);
#5601 = CARTESIAN_POINT('',(13.9,-11.015,-4.E-02));
#5602 = DIRECTION('',(-1.,0.,0.));
#5603 = DIRECTION('',(0.,1.,0.));
#5604 = ADVANCED_FACE('',(#5605),#5621,.F.);
#5605 = FACE_BOUND('',#5606,.T.);
#5606 = EDGE_LOOP('',(#5607,#5608,#5614,#5615));
#5607 = ORIENTED_EDGE('',*,*,#5501,.T.);
#5608 = ORIENTED_EDGE('',*,*,#5609,.T.);
#5609 = EDGE_CURVE('',#5504,#5557,#5610,.T.);
#5610 = LINE('',#5611,#5612);
#5611 = CARTESIAN_POINT('',(13.425,-11.015,-4.6E-02));
#5612 = VECTOR('',#5613,1.);
#5613 = DIRECTION('',(0.,0.,1.));
#5614 = ORIENTED_EDGE('',*,*,#5554,.F.);
#5615 = ORIENTED_EDGE('',*,*,#5616,.F.);
#5616 = EDGE_CURVE('',#5502,#5555,#5617,.T.);
#5617 = LINE('',#5618,#5619);
#5618 = CARTESIAN_POINT('',(13.875,-11.015,-4.6E-02));
#5619 = VECTOR('',#5620,1.);
#5620 = DIRECTION('',(0.,0.,1.));
#5621 = CYLINDRICAL_SURFACE('',#5622,0.225);
#5622 = AXIS2_PLACEMENT_3D('',#5623,#5624,#5625);
#5623 = CARTESIAN_POINT('',(13.65,-11.015,-4.6E-02));
#5624 = DIRECTION('',(-0.,-0.,-1.));
#5625 = DIRECTION('',(-1.,7.894919286223E-15,-0.));
#5626 = ADVANCED_FACE('',(#5627),#5638,.T.);
#5627 = FACE_BOUND('',#5628,.T.);
#5628 = EDGE_LOOP('',(#5629,#5630,#5631,#5632));
#5629 = ORIENTED_EDGE('',*,*,#5529,.T.);
#5630 = ORIENTED_EDGE('',*,*,#5616,.T.);
#5631 = ORIENTED_EDGE('',*,*,#5582,.F.);
#5632 = ORIENTED_EDGE('',*,*,#5633,.F.);
#5633 = EDGE_CURVE('',#5521,#5574,#5634,.T.);
#5634 = LINE('',#5635,#5636);
#5635 = CARTESIAN_POINT('',(13.875,-9.865,-4.6E-02));
#5636 = VECTOR('',#5637,1.);
#5637 = DIRECTION('',(0.,0.,1.));
#5638 = PLANE('',#5639);
#5639 = AXIS2_PLACEMENT_3D('',#5640,#5641,#5642);
#5640 = CARTESIAN_POINT('',(13.875,-11.015,-4.6E-02));
#5641 = DIRECTION('',(-1.,0.,0.));
#5642 = DIRECTION('',(0.,1.,0.));
#5643 = ADVANCED_FACE('',(#5644),#5655,.F.);
#5644 = FACE_BOUND('',#5645,.T.);
#5645 = EDGE_LOOP('',(#5646,#5647,#5648,#5649));
#5646 = ORIENTED_EDGE('',*,*,#5520,.T.);
#5647 = ORIENTED_EDGE('',*,*,#5633,.T.);
#5648 = ORIENTED_EDGE('',*,*,#5573,.F.);
#5649 = ORIENTED_EDGE('',*,*,#5650,.F.);
#5650 = EDGE_CURVE('',#5513,#5566,#5651,.T.);
#5651 = LINE('',#5652,#5653);
#5652 = CARTESIAN_POINT('',(13.425,-9.865,-4.6E-02));
#5653 = VECTOR('',#5654,1.);
#5654 = DIRECTION('',(0.,0.,1.));
#5655 = CYLINDRICAL_SURFACE('',#5656,0.225);
#5656 = AXIS2_PLACEMENT_3D('',#5657,#5658,#5659);
#5657 = CARTESIAN_POINT('',(13.65,-9.865,-4.6E-02));
#5658 = DIRECTION('',(-0.,-0.,-1.));
#5659 = DIRECTION('',(1.,0.,-0.));
#5660 = ADVANCED_FACE('',(#5661),#5667,.T.);
#5661 = FACE_BOUND('',#5662,.T.);
#5662 = EDGE_LOOP('',(#5663,#5664,#5665,#5666));
#5663 = ORIENTED_EDGE('',*,*,#5512,.T.);
#5664 = ORIENTED_EDGE('',*,*,#5650,.T.);
#5665 = ORIENTED_EDGE('',*,*,#5565,.F.);
#5666 = ORIENTED_EDGE('',*,*,#5609,.F.);
#5667 = PLANE('',#5668);
#5668 = AXIS2_PLACEMENT_3D('',#5669,#5670,#5671);
#5669 = CARTESIAN_POINT('',(13.425,-9.865,-4.6E-02));
#5670 = DIRECTION('',(1.,0.,-0.));
#5671 = DIRECTION('',(0.,-1.,0.));
#5672 = MANIFOLD_SOLID_BREP('',#5673);
#5673 = CLOSED_SHELL('',(#5674,#5716,#5747,#5778,#5832,#5886,#5898,#5920
    ,#5937,#5954));
#5674 = ADVANCED_FACE('',(#5675),#5711,.T.);
#5675 = FACE_BOUND('',#5676,.T.);
#5676 = EDGE_LOOP('',(#5677,#5687,#5696,#5704));
#5677 = ORIENTED_EDGE('',*,*,#5678,.T.);
#5678 = EDGE_CURVE('',#5679,#5681,#5683,.T.);
#5679 = VERTEX_POINT('',#5680);
#5680 = CARTESIAN_POINT('',(14.15,-15.015,0.51));
#5681 = VERTEX_POINT('',#5682);
#5682 = CARTESIAN_POINT('',(14.15,-15.015,0.55));
#5683 = LINE('',#5684,#5685);
#5684 = CARTESIAN_POINT('',(14.15,-15.015,0.51));
#5685 = VECTOR('',#5686,1.);
#5686 = DIRECTION('',(0.,0.,1.));
#5687 = ORIENTED_EDGE('',*,*,#5688,.T.);
#5688 = EDGE_CURVE('',#5681,#5689,#5691,.T.);
#5689 = VERTEX_POINT('',#5690);
#5690 = CARTESIAN_POINT('',(13.15,-15.015,0.55));
#5691 = CIRCLE('',#5692,0.5);
#5692 = AXIS2_PLACEMENT_3D('',#5693,#5694,#5695);
#5693 = CARTESIAN_POINT('',(13.65,-15.01499955666,0.55));
#5694 = DIRECTION('',(-0.,0.,-1.));
#5695 = DIRECTION('',(1.,-8.866804392934E-07,-0.));
#5696 = ORIENTED_EDGE('',*,*,#5697,.F.);
#5697 = EDGE_CURVE('',#5698,#5689,#5700,.T.);
#5698 = VERTEX_POINT('',#5699);
#5699 = CARTESIAN_POINT('',(13.15,-15.015,0.51));
#5700 = LINE('',#5701,#5702);
#5701 = CARTESIAN_POINT('',(13.15,-15.015,0.51));
#5702 = VECTOR('',#5703,1.);
#5703 = DIRECTION('',(0.,0.,1.));
#5704 = ORIENTED_EDGE('',*,*,#5705,.F.);
#5705 = EDGE_CURVE('',#5679,#5698,#5706,.T.);
#5706 = CIRCLE('',#5707,0.5);
#5707 = AXIS2_PLACEMENT_3D('',#5708,#5709,#5710);
#5708 = CARTESIAN_POINT('',(13.65,-15.01499955666,0.51));
#5709 = DIRECTION('',(-0.,0.,-1.));
#5710 = DIRECTION('',(1.,-8.866804392934E-07,-0.));
#5711 = CYLINDRICAL_SURFACE('',#5712,0.5);
#5712 = AXIS2_PLACEMENT_3D('',#5713,#5714,#5715);
#5713 = CARTESIAN_POINT('',(13.65,-15.01499955666,0.51));
#5714 = DIRECTION('',(-0.,0.,-1.));
#5715 = DIRECTION('',(1.,-8.866804392934E-07,-0.));
#5716 = ADVANCED_FACE('',(#5717),#5742,.T.);
#5717 = FACE_BOUND('',#5718,.T.);
#5718 = EDGE_LOOP('',(#5719,#5729,#5735,#5736));
#5719 = ORIENTED_EDGE('',*,*,#5720,.T.);
#5720 = EDGE_CURVE('',#5721,#5723,#5725,.T.);
#5721 = VERTEX_POINT('',#5722);
#5722 = CARTESIAN_POINT('',(14.15,-13.865,0.51));
#5723 = VERTEX_POINT('',#5724);
#5724 = CARTESIAN_POINT('',(14.15,-13.865,0.55));
#5725 = LINE('',#5726,#5727);
#5726 = CARTESIAN_POINT('',(14.15,-13.865,0.51));
#5727 = VECTOR('',#5728,1.);
#5728 = DIRECTION('',(0.,0.,1.));
#5729 = ORIENTED_EDGE('',*,*,#5730,.T.);
#5730 = EDGE_CURVE('',#5723,#5681,#5731,.T.);
#5731 = LINE('',#5732,#5733);
#5732 = CARTESIAN_POINT('',(14.15,-13.865,0.55));
#5733 = VECTOR('',#5734,1.);
#5734 = DIRECTION('',(0.,-1.,0.));
#5735 = ORIENTED_EDGE('',*,*,#5678,.F.);
#5736 = ORIENTED_EDGE('',*,*,#5737,.F.);
#5737 = EDGE_CURVE('',#5721,#5679,#5738,.T.);
#5738 = LINE('',#5739,#5740);
#5739 = CARTESIAN_POINT('',(14.15,-13.865,0.51));
#5740 = VECTOR('',#5741,1.);
#5741 = DIRECTION('',(0.,-1.,0.));
#5742 = PLANE('',#5743);
#5743 = AXIS2_PLACEMENT_3D('',#5744,#5745,#5746);
#5744 = CARTESIAN_POINT('',(14.15,-13.865,0.51));
#5745 = DIRECTION('',(1.,0.,-0.));
#5746 = DIRECTION('',(0.,-1.,0.));
#5747 = ADVANCED_FACE('',(#5748),#5773,.T.);
#5748 = FACE_BOUND('',#5749,.T.);
#5749 = EDGE_LOOP('',(#5750,#5751,#5759,#5767));
#5750 = ORIENTED_EDGE('',*,*,#5697,.T.);
#5751 = ORIENTED_EDGE('',*,*,#5752,.T.);
#5752 = EDGE_CURVE('',#5689,#5753,#5755,.T.);
#5753 = VERTEX_POINT('',#5754);
#5754 = CARTESIAN_POINT('',(13.15,-13.865,0.55));
#5755 = LINE('',#5756,#5757);
#5756 = CARTESIAN_POINT('',(13.15,-15.015,0.55));
#5757 = VECTOR('',#5758,1.);
#5758 = DIRECTION('',(0.,1.,0.));
#5759 = ORIENTED_EDGE('',*,*,#5760,.F.);
#5760 = EDGE_CURVE('',#5761,#5753,#5763,.T.);
#5761 = VERTEX_POINT('',#5762);
#5762 = CARTESIAN_POINT('',(13.15,-13.865,0.51));
#5763 = LINE('',#5764,#5765);
#5764 = CARTESIAN_POINT('',(13.15,-13.865,0.51));
#5765 = VECTOR('',#5766,1.);
#5766 = DIRECTION('',(0.,0.,1.));
#5767 = ORIENTED_EDGE('',*,*,#5768,.F.);
#5768 = EDGE_CURVE('',#5698,#5761,#5769,.T.);
#5769 = LINE('',#5770,#5771);
#5770 = CARTESIAN_POINT('',(13.15,-15.015,0.51));
#5771 = VECTOR('',#5772,1.);
#5772 = DIRECTION('',(0.,1.,0.));
#5773 = PLANE('',#5774);
#5774 = AXIS2_PLACEMENT_3D('',#5775,#5776,#5777);
#5775 = CARTESIAN_POINT('',(13.15,-15.015,0.51));
#5776 = DIRECTION('',(-1.,0.,0.));
#5777 = DIRECTION('',(0.,1.,0.));
#5778 = ADVANCED_FACE('',(#5779,#5791),#5827,.F.);
#5779 = FACE_BOUND('',#5780,.F.);
#5780 = EDGE_LOOP('',(#5781,#5782,#5783,#5790));
#5781 = ORIENTED_EDGE('',*,*,#5705,.F.);
#5782 = ORIENTED_EDGE('',*,*,#5737,.F.);
#5783 = ORIENTED_EDGE('',*,*,#5784,.F.);
#5784 = EDGE_CURVE('',#5761,#5721,#5785,.T.);
#5785 = CIRCLE('',#5786,0.500000000001);
#5786 = AXIS2_PLACEMENT_3D('',#5787,#5788,#5789);
#5787 = CARTESIAN_POINT('',(13.65,-13.86499915187,0.51));
#5788 = DIRECTION('',(0.,0.,-1.));
#5789 = DIRECTION('',(-0.999999999999,-1.696250695457E-06,-0.));
#5790 = ORIENTED_EDGE('',*,*,#5768,.F.);
#5791 = FACE_BOUND('',#5792,.F.);
#5792 = EDGE_LOOP('',(#5793,#5804,#5812,#5821));
#5793 = ORIENTED_EDGE('',*,*,#5794,.T.);
#5794 = EDGE_CURVE('',#5795,#5797,#5799,.T.);
#5795 = VERTEX_POINT('',#5796);
#5796 = CARTESIAN_POINT('',(13.875,-15.015,0.51));
#5797 = VERTEX_POINT('',#5798);
#5798 = CARTESIAN_POINT('',(13.425,-15.015,0.51));
#5799 = CIRCLE('',#5800,0.225);
#5800 = AXIS2_PLACEMENT_3D('',#5801,#5802,#5803);
#5801 = CARTESIAN_POINT('',(13.65,-15.015,0.51));
#5802 = DIRECTION('',(-0.,0.,-1.));
#5803 = DIRECTION('',(-1.,7.894919286223E-15,0.));
#5804 = ORIENTED_EDGE('',*,*,#5805,.T.);
#5805 = EDGE_CURVE('',#5797,#5806,#5808,.T.);
#5806 = VERTEX_POINT('',#5807);
#5807 = CARTESIAN_POINT('',(13.425,-13.865,0.51));
#5808 = LINE('',#5809,#5810);
#5809 = CARTESIAN_POINT('',(13.425,-6.9325,0.51));
#5810 = VECTOR('',#5811,1.);
#5811 = DIRECTION('',(-0.,1.,0.));
#5812 = ORIENTED_EDGE('',*,*,#5813,.T.);
#5813 = EDGE_CURVE('',#5806,#5814,#5816,.T.);
#5814 = VERTEX_POINT('',#5815);
#5815 = CARTESIAN_POINT('',(13.875,-13.865,0.51));
#5816 = CIRCLE('',#5817,0.225);
#5817 = AXIS2_PLACEMENT_3D('',#5818,#5819,#5820);
#5818 = CARTESIAN_POINT('',(13.65,-13.865,0.51));
#5819 = DIRECTION('',(0.,-0.,-1.));
#5820 = DIRECTION('',(1.,0.,-0.));
#5821 = ORIENTED_EDGE('',*,*,#5822,.T.);
#5822 = EDGE_CURVE('',#5814,#5795,#5823,.T.);
#5823 = LINE('',#5824,#5825);
#5824 = CARTESIAN_POINT('',(13.875,-7.5075,0.51));
#5825 = VECTOR('',#5826,1.);
#5826 = DIRECTION('',(0.,-1.,0.));
#5827 = PLANE('',#5828);
#5828 = AXIS2_PLACEMENT_3D('',#5829,#5830,#5831);
#5829 = CARTESIAN_POINT('',(0.,0.,0.51));
#5830 = DIRECTION('',(0.,0.,1.));
#5831 = DIRECTION('',(1.,0.,-0.));
#5832 = ADVANCED_FACE('',(#5833,#5845),#5881,.T.);
#5833 = FACE_BOUND('',#5834,.T.);
#5834 = EDGE_LOOP('',(#5835,#5836,#5837,#5844));
#5835 = ORIENTED_EDGE('',*,*,#5688,.F.);
#5836 = ORIENTED_EDGE('',*,*,#5730,.F.);
#5837 = ORIENTED_EDGE('',*,*,#5838,.F.);
#5838 = EDGE_CURVE('',#5753,#5723,#5839,.T.);
#5839 = CIRCLE('',#5840,0.500000000001);
#5840 = AXIS2_PLACEMENT_3D('',#5841,#5842,#5843);
#5841 = CARTESIAN_POINT('',(13.65,-13.86499915187,0.55));
#5842 = DIRECTION('',(0.,0.,-1.));
#5843 = DIRECTION('',(-0.999999999999,-1.696250695457E-06,-0.));
#5844 = ORIENTED_EDGE('',*,*,#5752,.F.);
#5845 = FACE_BOUND('',#5846,.T.);
#5846 = EDGE_LOOP('',(#5847,#5858,#5866,#5875));
#5847 = ORIENTED_EDGE('',*,*,#5848,.T.);
#5848 = EDGE_CURVE('',#5849,#5851,#5853,.T.);
#5849 = VERTEX_POINT('',#5850);
#5850 = CARTESIAN_POINT('',(13.875,-15.015,0.55));
#5851 = VERTEX_POINT('',#5852);
#5852 = CARTESIAN_POINT('',(13.425,-15.015,0.55));
#5853 = CIRCLE('',#5854,0.225);
#5854 = AXIS2_PLACEMENT_3D('',#5855,#5856,#5857);
#5855 = CARTESIAN_POINT('',(13.65,-15.015,0.55));
#5856 = DIRECTION('',(-0.,0.,-1.));
#5857 = DIRECTION('',(-1.,7.894919286223E-15,0.));
#5858 = ORIENTED_EDGE('',*,*,#5859,.T.);
#5859 = EDGE_CURVE('',#5851,#5860,#5862,.T.);
#5860 = VERTEX_POINT('',#5861);
#5861 = CARTESIAN_POINT('',(13.425,-13.865,0.55));
#5862 = LINE('',#5863,#5864);
#5863 = CARTESIAN_POINT('',(13.425,-6.9325,0.55));
#5864 = VECTOR('',#5865,1.);
#5865 = DIRECTION('',(-0.,1.,0.));
#5866 = ORIENTED_EDGE('',*,*,#5867,.T.);
#5867 = EDGE_CURVE('',#5860,#5868,#5870,.T.);
#5868 = VERTEX_POINT('',#5869);
#5869 = CARTESIAN_POINT('',(13.875,-13.865,0.55));
#5870 = CIRCLE('',#5871,0.225);
#5871 = AXIS2_PLACEMENT_3D('',#5872,#5873,#5874);
#5872 = CARTESIAN_POINT('',(13.65,-13.865,0.55));
#5873 = DIRECTION('',(0.,-0.,-1.));
#5874 = DIRECTION('',(1.,0.,-0.));
#5875 = ORIENTED_EDGE('',*,*,#5876,.T.);
#5876 = EDGE_CURVE('',#5868,#5849,#5877,.T.);
#5877 = LINE('',#5878,#5879);
#5878 = CARTESIAN_POINT('',(13.875,-7.5075,0.55));
#5879 = VECTOR('',#5880,1.);
#5880 = DIRECTION('',(0.,-1.,0.));
#5881 = PLANE('',#5882);
#5882 = AXIS2_PLACEMENT_3D('',#5883,#5884,#5885);
#5883 = CARTESIAN_POINT('',(0.,0.,0.55));
#5884 = DIRECTION('',(0.,0.,1.));
#5885 = DIRECTION('',(1.,0.,-0.));
#5886 = ADVANCED_FACE('',(#5887),#5893,.T.);
#5887 = FACE_BOUND('',#5888,.T.);
#5888 = EDGE_LOOP('',(#5889,#5890,#5891,#5892));
#5889 = ORIENTED_EDGE('',*,*,#5760,.T.);
#5890 = ORIENTED_EDGE('',*,*,#5838,.T.);
#5891 = ORIENTED_EDGE('',*,*,#5720,.F.);
#5892 = ORIENTED_EDGE('',*,*,#5784,.F.);
#5893 = CYLINDRICAL_SURFACE('',#5894,0.500000000001);
#5894 = AXIS2_PLACEMENT_3D('',#5895,#5896,#5897);
#5895 = CARTESIAN_POINT('',(13.65,-13.86499915187,0.51));
#5896 = DIRECTION('',(0.,0.,-1.));
#5897 = DIRECTION('',(-0.999999999999,-1.696250695457E-06,-0.));
#5898 = ADVANCED_FACE('',(#5899),#5915,.F.);
#5899 = FACE_BOUND('',#5900,.T.);
#5900 = EDGE_LOOP('',(#5901,#5902,#5908,#5909));
#5901 = ORIENTED_EDGE('',*,*,#5794,.T.);
#5902 = ORIENTED_EDGE('',*,*,#5903,.T.);
#5903 = EDGE_CURVE('',#5797,#5851,#5904,.T.);
#5904 = LINE('',#5905,#5906);
#5905 = CARTESIAN_POINT('',(13.425,-15.015,-4.6E-02));
#5906 = VECTOR('',#5907,1.);
#5907 = DIRECTION('',(0.,0.,1.));
#5908 = ORIENTED_EDGE('',*,*,#5848,.F.);
#5909 = ORIENTED_EDGE('',*,*,#5910,.F.);
#5910 = EDGE_CURVE('',#5795,#5849,#5911,.T.);
#5911 = LINE('',#5912,#5913);
#5912 = CARTESIAN_POINT('',(13.875,-15.015,-4.6E-02));
#5913 = VECTOR('',#5914,1.);
#5914 = DIRECTION('',(0.,0.,1.));
#5915 = CYLINDRICAL_SURFACE('',#5916,0.225);
#5916 = AXIS2_PLACEMENT_3D('',#5917,#5918,#5919);
#5917 = CARTESIAN_POINT('',(13.65,-15.015,-4.6E-02));
#5918 = DIRECTION('',(-0.,-0.,-1.));
#5919 = DIRECTION('',(-1.,7.894919286223E-15,-0.));
#5920 = ADVANCED_FACE('',(#5921),#5932,.T.);
#5921 = FACE_BOUND('',#5922,.T.);
#5922 = EDGE_LOOP('',(#5923,#5924,#5925,#5926));
#5923 = ORIENTED_EDGE('',*,*,#5822,.T.);
#5924 = ORIENTED_EDGE('',*,*,#5910,.T.);
#5925 = ORIENTED_EDGE('',*,*,#5876,.F.);
#5926 = ORIENTED_EDGE('',*,*,#5927,.F.);
#5927 = EDGE_CURVE('',#5814,#5868,#5928,.T.);
#5928 = LINE('',#5929,#5930);
#5929 = CARTESIAN_POINT('',(13.875,-13.865,-4.6E-02));
#5930 = VECTOR('',#5931,1.);
#5931 = DIRECTION('',(0.,0.,1.));
#5932 = PLANE('',#5933);
#5933 = AXIS2_PLACEMENT_3D('',#5934,#5935,#5936);
#5934 = CARTESIAN_POINT('',(13.875,-15.015,-4.6E-02));
#5935 = DIRECTION('',(-1.,0.,0.));
#5936 = DIRECTION('',(0.,1.,0.));
#5937 = ADVANCED_FACE('',(#5938),#5949,.F.);
#5938 = FACE_BOUND('',#5939,.T.);
#5939 = EDGE_LOOP('',(#5940,#5941,#5942,#5943));
#5940 = ORIENTED_EDGE('',*,*,#5813,.T.);
#5941 = ORIENTED_EDGE('',*,*,#5927,.T.);
#5942 = ORIENTED_EDGE('',*,*,#5867,.F.);
#5943 = ORIENTED_EDGE('',*,*,#5944,.F.);
#5944 = EDGE_CURVE('',#5806,#5860,#5945,.T.);
#5945 = LINE('',#5946,#5947);
#5946 = CARTESIAN_POINT('',(13.425,-13.865,-4.6E-02));
#5947 = VECTOR('',#5948,1.);
#5948 = DIRECTION('',(0.,0.,1.));
#5949 = CYLINDRICAL_SURFACE('',#5950,0.225);
#5950 = AXIS2_PLACEMENT_3D('',#5951,#5952,#5953);
#5951 = CARTESIAN_POINT('',(13.65,-13.865,-4.6E-02));
#5952 = DIRECTION('',(-0.,-0.,-1.));
#5953 = DIRECTION('',(1.,0.,-0.));
#5954 = ADVANCED_FACE('',(#5955),#5961,.T.);
#5955 = FACE_BOUND('',#5956,.T.);
#5956 = EDGE_LOOP('',(#5957,#5958,#5959,#5960));
#5957 = ORIENTED_EDGE('',*,*,#5805,.T.);
#5958 = ORIENTED_EDGE('',*,*,#5944,.T.);
#5959 = ORIENTED_EDGE('',*,*,#5859,.F.);
#5960 = ORIENTED_EDGE('',*,*,#5903,.F.);
#5961 = PLANE('',#5962);
#5962 = AXIS2_PLACEMENT_3D('',#5963,#5964,#5965);
#5963 = CARTESIAN_POINT('',(13.425,-13.865,-4.6E-02));
#5964 = DIRECTION('',(1.,0.,-0.));
#5965 = DIRECTION('',(0.,-1.,0.));
#5966 = MANIFOLD_SOLID_BREP('',#5967);
#5967 = CLOSED_SHELL('',(#5968,#6010,#6041,#6072,#6126,#6180,#6192,#6214
    ,#6231,#6248));
#5968 = ADVANCED_FACE('',(#5969),#6005,.T.);
#5969 = FACE_BOUND('',#5970,.F.);
#5970 = EDGE_LOOP('',(#5971,#5981,#5990,#5998));
#5971 = ORIENTED_EDGE('',*,*,#5972,.T.);
#5972 = EDGE_CURVE('',#5973,#5975,#5977,.T.);
#5973 = VERTEX_POINT('',#5974);
#5974 = CARTESIAN_POINT('',(14.15,-15.015,0.));
#5975 = VERTEX_POINT('',#5976);
#5976 = CARTESIAN_POINT('',(14.15,-15.015,-4.E-02));
#5977 = LINE('',#5978,#5979);
#5978 = CARTESIAN_POINT('',(14.15,-15.015,0.));
#5979 = VECTOR('',#5980,1.);
#5980 = DIRECTION('',(0.,0.,-1.));
#5981 = ORIENTED_EDGE('',*,*,#5982,.T.);
#5982 = EDGE_CURVE('',#5975,#5983,#5985,.T.);
#5983 = VERTEX_POINT('',#5984);
#5984 = CARTESIAN_POINT('',(13.15,-15.015,-4.E-02));
#5985 = CIRCLE('',#5986,0.5);
#5986 = AXIS2_PLACEMENT_3D('',#5987,#5988,#5989);
#5987 = CARTESIAN_POINT('',(13.65,-15.01499955666,-4.E-02));
#5988 = DIRECTION('',(-0.,0.,-1.));
#5989 = DIRECTION('',(1.,-8.866804392934E-07,-0.));
#5990 = ORIENTED_EDGE('',*,*,#5991,.F.);
#5991 = EDGE_CURVE('',#5992,#5983,#5994,.T.);
#5992 = VERTEX_POINT('',#5993);
#5993 = CARTESIAN_POINT('',(13.15,-15.015,0.));
#5994 = LINE('',#5995,#5996);
#5995 = CARTESIAN_POINT('',(13.15,-15.015,0.));
#5996 = VECTOR('',#5997,1.);
#5997 = DIRECTION('',(0.,0.,-1.));
#5998 = ORIENTED_EDGE('',*,*,#5999,.F.);
#5999 = EDGE_CURVE('',#5973,#5992,#6000,.T.);
#6000 = CIRCLE('',#6001,0.5);
#6001 = AXIS2_PLACEMENT_3D('',#6002,#6003,#6004);
#6002 = CARTESIAN_POINT('',(13.65,-15.01499955666,0.));
#6003 = DIRECTION('',(-0.,0.,-1.));
#6004 = DIRECTION('',(1.,-8.866804392934E-07,-0.));
#6005 = CYLINDRICAL_SURFACE('',#6006,0.5);
#6006 = AXIS2_PLACEMENT_3D('',#6007,#6008,#6009);
#6007 = CARTESIAN_POINT('',(13.65,-15.01499955666,0.));
#6008 = DIRECTION('',(0.,-0.,1.));
#6009 = DIRECTION('',(1.,-8.866804392934E-07,-0.));
#6010 = ADVANCED_FACE('',(#6011),#6036,.F.);
#6011 = FACE_BOUND('',#6012,.F.);
#6012 = EDGE_LOOP('',(#6013,#6023,#6029,#6030));
#6013 = ORIENTED_EDGE('',*,*,#6014,.T.);
#6014 = EDGE_CURVE('',#6015,#6017,#6019,.T.);
#6015 = VERTEX_POINT('',#6016);
#6016 = CARTESIAN_POINT('',(14.15,-13.865,0.));
#6017 = VERTEX_POINT('',#6018);
#6018 = CARTESIAN_POINT('',(14.15,-13.865,-4.E-02));
#6019 = LINE('',#6020,#6021);
#6020 = CARTESIAN_POINT('',(14.15,-13.865,0.));
#6021 = VECTOR('',#6022,1.);
#6022 = DIRECTION('',(0.,0.,-1.));
#6023 = ORIENTED_EDGE('',*,*,#6024,.T.);
#6024 = EDGE_CURVE('',#6017,#5975,#6025,.T.);
#6025 = LINE('',#6026,#6027);
#6026 = CARTESIAN_POINT('',(14.15,-13.865,-4.E-02));
#6027 = VECTOR('',#6028,1.);
#6028 = DIRECTION('',(0.,-1.,0.));
#6029 = ORIENTED_EDGE('',*,*,#5972,.F.);
#6030 = ORIENTED_EDGE('',*,*,#6031,.F.);
#6031 = EDGE_CURVE('',#6015,#5973,#6032,.T.);
#6032 = LINE('',#6033,#6034);
#6033 = CARTESIAN_POINT('',(14.15,-13.865,0.));
#6034 = VECTOR('',#6035,1.);
#6035 = DIRECTION('',(0.,-1.,0.));
#6036 = PLANE('',#6037);
#6037 = AXIS2_PLACEMENT_3D('',#6038,#6039,#6040);
#6038 = CARTESIAN_POINT('',(14.15,-13.865,0.));
#6039 = DIRECTION('',(-1.,-0.,-0.));
#6040 = DIRECTION('',(0.,-1.,0.));
#6041 = ADVANCED_FACE('',(#6042),#6067,.F.);
#6042 = FACE_BOUND('',#6043,.F.);
#6043 = EDGE_LOOP('',(#6044,#6045,#6053,#6061));
#6044 = ORIENTED_EDGE('',*,*,#5991,.T.);
#6045 = ORIENTED_EDGE('',*,*,#6046,.T.);
#6046 = EDGE_CURVE('',#5983,#6047,#6049,.T.);
#6047 = VERTEX_POINT('',#6048);
#6048 = CARTESIAN_POINT('',(13.15,-13.865,-4.E-02));
#6049 = LINE('',#6050,#6051);
#6050 = CARTESIAN_POINT('',(13.15,-15.015,-4.E-02));
#6051 = VECTOR('',#6052,1.);
#6052 = DIRECTION('',(0.,1.,0.));
#6053 = ORIENTED_EDGE('',*,*,#6054,.F.);
#6054 = EDGE_CURVE('',#6055,#6047,#6057,.T.);
#6055 = VERTEX_POINT('',#6056);
#6056 = CARTESIAN_POINT('',(13.15,-13.865,0.));
#6057 = LINE('',#6058,#6059);
#6058 = CARTESIAN_POINT('',(13.15,-13.865,0.));
#6059 = VECTOR('',#6060,1.);
#6060 = DIRECTION('',(0.,0.,-1.));
#6061 = ORIENTED_EDGE('',*,*,#6062,.F.);
#6062 = EDGE_CURVE('',#5992,#6055,#6063,.T.);
#6063 = LINE('',#6064,#6065);
#6064 = CARTESIAN_POINT('',(13.15,-15.015,0.));
#6065 = VECTOR('',#6066,1.);
#6066 = DIRECTION('',(0.,1.,0.));
#6067 = PLANE('',#6068);
#6068 = AXIS2_PLACEMENT_3D('',#6069,#6070,#6071);
#6069 = CARTESIAN_POINT('',(13.15,-15.015,0.));
#6070 = DIRECTION('',(1.,-0.,0.));
#6071 = DIRECTION('',(0.,1.,0.));
#6072 = ADVANCED_FACE('',(#6073,#6085),#6121,.F.);
#6073 = FACE_BOUND('',#6074,.F.);
#6074 = EDGE_LOOP('',(#6075,#6076,#6077,#6084));
#6075 = ORIENTED_EDGE('',*,*,#5999,.T.);
#6076 = ORIENTED_EDGE('',*,*,#6062,.T.);
#6077 = ORIENTED_EDGE('',*,*,#6078,.T.);
#6078 = EDGE_CURVE('',#6055,#6015,#6079,.T.);
#6079 = CIRCLE('',#6080,0.500000000001);
#6080 = AXIS2_PLACEMENT_3D('',#6081,#6082,#6083);
#6081 = CARTESIAN_POINT('',(13.65,-13.86499915187,0.));
#6082 = DIRECTION('',(0.,0.,-1.));
#6083 = DIRECTION('',(-0.999999999999,-1.696250695457E-06,-0.));
#6084 = ORIENTED_EDGE('',*,*,#6031,.T.);
#6085 = FACE_BOUND('',#6086,.F.);
#6086 = EDGE_LOOP('',(#6087,#6098,#6106,#6115));
#6087 = ORIENTED_EDGE('',*,*,#6088,.F.);
#6088 = EDGE_CURVE('',#6089,#6091,#6093,.T.);
#6089 = VERTEX_POINT('',#6090);
#6090 = CARTESIAN_POINT('',(13.425,-13.865,0.));
#6091 = VERTEX_POINT('',#6092);
#6092 = CARTESIAN_POINT('',(13.875,-13.865,0.));
#6093 = CIRCLE('',#6094,0.225);
#6094 = AXIS2_PLACEMENT_3D('',#6095,#6096,#6097);
#6095 = CARTESIAN_POINT('',(13.65,-13.865,0.));
#6096 = DIRECTION('',(0.,-0.,-1.));
#6097 = DIRECTION('',(1.,0.,-0.));
#6098 = ORIENTED_EDGE('',*,*,#6099,.T.);
#6099 = EDGE_CURVE('',#6089,#6100,#6102,.T.);
#6100 = VERTEX_POINT('',#6101);
#6101 = CARTESIAN_POINT('',(13.425,-15.015,0.));
#6102 = LINE('',#6103,#6104);
#6103 = CARTESIAN_POINT('',(13.425,-6.9325,0.));
#6104 = VECTOR('',#6105,1.);
#6105 = DIRECTION('',(0.,-1.,0.));
#6106 = ORIENTED_EDGE('',*,*,#6107,.F.);
#6107 = EDGE_CURVE('',#6108,#6100,#6110,.T.);
#6108 = VERTEX_POINT('',#6109);
#6109 = CARTESIAN_POINT('',(13.875,-15.015,0.));
#6110 = CIRCLE('',#6111,0.225);
#6111 = AXIS2_PLACEMENT_3D('',#6112,#6113,#6114);
#6112 = CARTESIAN_POINT('',(13.65,-15.015,0.));
#6113 = DIRECTION('',(-0.,0.,-1.));
#6114 = DIRECTION('',(-1.,7.894919286223E-15,0.));
#6115 = ORIENTED_EDGE('',*,*,#6116,.T.);
#6116 = EDGE_CURVE('',#6108,#6091,#6117,.T.);
#6117 = LINE('',#6118,#6119);
#6118 = CARTESIAN_POINT('',(13.875,-7.5075,0.));
#6119 = VECTOR('',#6120,1.);
#6120 = DIRECTION('',(0.,1.,-0.));
#6121 = PLANE('',#6122);
#6122 = AXIS2_PLACEMENT_3D('',#6123,#6124,#6125);
#6123 = CARTESIAN_POINT('',(0.,0.,0.));
#6124 = DIRECTION('',(-0.,-0.,-1.));
#6125 = DIRECTION('',(-1.,0.,0.));
#6126 = ADVANCED_FACE('',(#6127,#6139),#6175,.T.);
#6127 = FACE_BOUND('',#6128,.T.);
#6128 = EDGE_LOOP('',(#6129,#6130,#6131,#6138));
#6129 = ORIENTED_EDGE('',*,*,#5982,.T.);
#6130 = ORIENTED_EDGE('',*,*,#6046,.T.);
#6131 = ORIENTED_EDGE('',*,*,#6132,.T.);
#6132 = EDGE_CURVE('',#6047,#6017,#6133,.T.);
#6133 = CIRCLE('',#6134,0.500000000001);
#6134 = AXIS2_PLACEMENT_3D('',#6135,#6136,#6137);
#6135 = CARTESIAN_POINT('',(13.65,-13.86499915187,-4.E-02));
#6136 = DIRECTION('',(0.,0.,-1.));
#6137 = DIRECTION('',(-0.999999999999,-1.696250695457E-06,-0.));
#6138 = ORIENTED_EDGE('',*,*,#6024,.T.);
#6139 = FACE_BOUND('',#6140,.T.);
#6140 = EDGE_LOOP('',(#6141,#6152,#6160,#6169));
#6141 = ORIENTED_EDGE('',*,*,#6142,.F.);
#6142 = EDGE_CURVE('',#6143,#6145,#6147,.T.);
#6143 = VERTEX_POINT('',#6144);
#6144 = CARTESIAN_POINT('',(13.425,-13.865,-4.E-02));
#6145 = VERTEX_POINT('',#6146);
#6146 = CARTESIAN_POINT('',(13.875,-13.865,-4.E-02));
#6147 = CIRCLE('',#6148,0.225);
#6148 = AXIS2_PLACEMENT_3D('',#6149,#6150,#6151);
#6149 = CARTESIAN_POINT('',(13.65,-13.865,-4.E-02));
#6150 = DIRECTION('',(0.,-0.,-1.));
#6151 = DIRECTION('',(1.,0.,-0.));
#6152 = ORIENTED_EDGE('',*,*,#6153,.T.);
#6153 = EDGE_CURVE('',#6143,#6154,#6156,.T.);
#6154 = VERTEX_POINT('',#6155);
#6155 = CARTESIAN_POINT('',(13.425,-15.015,-4.E-02));
#6156 = LINE('',#6157,#6158);
#6157 = CARTESIAN_POINT('',(13.425,-6.9325,-4.E-02));
#6158 = VECTOR('',#6159,1.);
#6159 = DIRECTION('',(0.,-1.,0.));
#6160 = ORIENTED_EDGE('',*,*,#6161,.F.);
#6161 = EDGE_CURVE('',#6162,#6154,#6164,.T.);
#6162 = VERTEX_POINT('',#6163);
#6163 = CARTESIAN_POINT('',(13.875,-15.015,-4.E-02));
#6164 = CIRCLE('',#6165,0.225);
#6165 = AXIS2_PLACEMENT_3D('',#6166,#6167,#6168);
#6166 = CARTESIAN_POINT('',(13.65,-15.015,-4.E-02));
#6167 = DIRECTION('',(-0.,0.,-1.));
#6168 = DIRECTION('',(-1.,7.894919286223E-15,0.));
#6169 = ORIENTED_EDGE('',*,*,#6170,.T.);
#6170 = EDGE_CURVE('',#6162,#6145,#6171,.T.);
#6171 = LINE('',#6172,#6173);
#6172 = CARTESIAN_POINT('',(13.875,-7.5075,-4.E-02));
#6173 = VECTOR('',#6174,1.);
#6174 = DIRECTION('',(0.,1.,-0.));
#6175 = PLANE('',#6176);
#6176 = AXIS2_PLACEMENT_3D('',#6177,#6178,#6179);
#6177 = CARTESIAN_POINT('',(0.,0.,-4.E-02));
#6178 = DIRECTION('',(-0.,-0.,-1.));
#6179 = DIRECTION('',(-1.,0.,0.));
#6180 = ADVANCED_FACE('',(#6181),#6187,.T.);
#6181 = FACE_BOUND('',#6182,.F.);
#6182 = EDGE_LOOP('',(#6183,#6184,#6185,#6186));
#6183 = ORIENTED_EDGE('',*,*,#6054,.T.);
#6184 = ORIENTED_EDGE('',*,*,#6132,.T.);
#6185 = ORIENTED_EDGE('',*,*,#6014,.F.);
#6186 = ORIENTED_EDGE('',*,*,#6078,.F.);
#6187 = CYLINDRICAL_SURFACE('',#6188,0.500000000001);
#6188 = AXIS2_PLACEMENT_3D('',#6189,#6190,#6191);
#6189 = CARTESIAN_POINT('',(13.65,-13.86499915187,0.));
#6190 = DIRECTION('',(-0.,-0.,1.));
#6191 = DIRECTION('',(-0.999999999999,-1.696250695457E-06,-0.));
#6192 = ADVANCED_FACE('',(#6193),#6209,.F.);
#6193 = FACE_BOUND('',#6194,.T.);
#6194 = EDGE_LOOP('',(#6195,#6196,#6202,#6203));
#6195 = ORIENTED_EDGE('',*,*,#6142,.T.);
#6196 = ORIENTED_EDGE('',*,*,#6197,.T.);
#6197 = EDGE_CURVE('',#6145,#6091,#6198,.T.);
#6198 = LINE('',#6199,#6200);
#6199 = CARTESIAN_POINT('',(13.875,-13.865,-4.6E-02));
#6200 = VECTOR('',#6201,1.);
#6201 = DIRECTION('',(0.,0.,1.));
#6202 = ORIENTED_EDGE('',*,*,#6088,.F.);
#6203 = ORIENTED_EDGE('',*,*,#6204,.F.);
#6204 = EDGE_CURVE('',#6143,#6089,#6205,.T.);
#6205 = LINE('',#6206,#6207);
#6206 = CARTESIAN_POINT('',(13.425,-13.865,-4.6E-02));
#6207 = VECTOR('',#6208,1.);
#6208 = DIRECTION('',(0.,0.,1.));
#6209 = CYLINDRICAL_SURFACE('',#6210,0.225);
#6210 = AXIS2_PLACEMENT_3D('',#6211,#6212,#6213);
#6211 = CARTESIAN_POINT('',(13.65,-13.865,-4.6E-02));
#6212 = DIRECTION('',(-0.,-0.,-1.));
#6213 = DIRECTION('',(1.,0.,-0.));
#6214 = ADVANCED_FACE('',(#6215),#6226,.T.);
#6215 = FACE_BOUND('',#6216,.T.);
#6216 = EDGE_LOOP('',(#6217,#6218,#6224,#6225));
#6217 = ORIENTED_EDGE('',*,*,#6170,.F.);
#6218 = ORIENTED_EDGE('',*,*,#6219,.T.);
#6219 = EDGE_CURVE('',#6162,#6108,#6220,.T.);
#6220 = LINE('',#6221,#6222);
#6221 = CARTESIAN_POINT('',(13.875,-15.015,-4.6E-02));
#6222 = VECTOR('',#6223,1.);
#6223 = DIRECTION('',(0.,0.,1.));
#6224 = ORIENTED_EDGE('',*,*,#6116,.T.);
#6225 = ORIENTED_EDGE('',*,*,#6197,.F.);
#6226 = PLANE('',#6227);
#6227 = AXIS2_PLACEMENT_3D('',#6228,#6229,#6230);
#6228 = CARTESIAN_POINT('',(13.875,-15.015,-4.6E-02));
#6229 = DIRECTION('',(-1.,0.,0.));
#6230 = DIRECTION('',(0.,1.,0.));
#6231 = ADVANCED_FACE('',(#6232),#6243,.F.);
#6232 = FACE_BOUND('',#6233,.T.);
#6233 = EDGE_LOOP('',(#6234,#6235,#6241,#6242));
#6234 = ORIENTED_EDGE('',*,*,#6161,.T.);
#6235 = ORIENTED_EDGE('',*,*,#6236,.T.);
#6236 = EDGE_CURVE('',#6154,#6100,#6237,.T.);
#6237 = LINE('',#6238,#6239);
#6238 = CARTESIAN_POINT('',(13.425,-15.015,-4.6E-02));
#6239 = VECTOR('',#6240,1.);
#6240 = DIRECTION('',(0.,0.,1.));
#6241 = ORIENTED_EDGE('',*,*,#6107,.F.);
#6242 = ORIENTED_EDGE('',*,*,#6219,.F.);
#6243 = CYLINDRICAL_SURFACE('',#6244,0.225);
#6244 = AXIS2_PLACEMENT_3D('',#6245,#6246,#6247);
#6245 = CARTESIAN_POINT('',(13.65,-15.015,-4.6E-02));
#6246 = DIRECTION('',(-0.,-0.,-1.));
#6247 = DIRECTION('',(-1.,7.894919286223E-15,-0.));
#6248 = ADVANCED_FACE('',(#6249),#6255,.T.);
#6249 = FACE_BOUND('',#6250,.T.);
#6250 = EDGE_LOOP('',(#6251,#6252,#6253,#6254));
#6251 = ORIENTED_EDGE('',*,*,#6153,.F.);
#6252 = ORIENTED_EDGE('',*,*,#6204,.T.);
#6253 = ORIENTED_EDGE('',*,*,#6099,.T.);
#6254 = ORIENTED_EDGE('',*,*,#6236,.F.);
#6255 = PLANE('',#6256);
#6256 = AXIS2_PLACEMENT_3D('',#6257,#6258,#6259);
#6257 = CARTESIAN_POINT('',(13.425,-13.865,-4.6E-02));
#6258 = DIRECTION('',(1.,0.,-0.));
#6259 = DIRECTION('',(0.,-1.,0.));
#6260 = MANIFOLD_SOLID_BREP('',#6261);
#6261 = CLOSED_SHELL('',(#6262,#6302,#6335,#6368,#6421,#6474,#6486,#6508
    ,#6525,#6542));
#6262 = ADVANCED_FACE('',(#6263),#6297,.F.);
#6263 = FACE_BOUND('',#6264,.F.);
#6264 = EDGE_LOOP('',(#6265,#6275,#6283,#6291));
#6265 = ORIENTED_EDGE('',*,*,#6266,.T.);
#6266 = EDGE_CURVE('',#6267,#6269,#6271,.T.);
#6267 = VERTEX_POINT('',#6268);
#6268 = CARTESIAN_POINT('',(13.4,-13.865,-4.E-02));
#6269 = VERTEX_POINT('',#6270);
#6270 = CARTESIAN_POINT('',(13.4,-13.865,0.55));
#6271 = LINE('',#6272,#6273);
#6272 = CARTESIAN_POINT('',(13.4,-13.865,-4.E-02));
#6273 = VECTOR('',#6274,1.);
#6274 = DIRECTION('',(0.,0.,1.));
#6275 = ORIENTED_EDGE('',*,*,#6276,.T.);
#6276 = EDGE_CURVE('',#6269,#6277,#6279,.T.);
#6277 = VERTEX_POINT('',#6278);
#6278 = CARTESIAN_POINT('',(13.4,-15.015,0.55));
#6279 = LINE('',#6280,#6281);
#6280 = CARTESIAN_POINT('',(13.4,-13.865,0.55));
#6281 = VECTOR('',#6282,1.);
#6282 = DIRECTION('',(0.,-1.,0.));
#6283 = ORIENTED_EDGE('',*,*,#6284,.F.);
#6284 = EDGE_CURVE('',#6285,#6277,#6287,.T.);
#6285 = VERTEX_POINT('',#6286);
#6286 = CARTESIAN_POINT('',(13.4,-15.015,-4.E-02));
#6287 = LINE('',#6288,#6289);
#6288 = CARTESIAN_POINT('',(13.4,-15.015,-4.E-02));
#6289 = VECTOR('',#6290,1.);
#6290 = DIRECTION('',(0.,0.,1.));
#6291 = ORIENTED_EDGE('',*,*,#6292,.F.);
#6292 = EDGE_CURVE('',#6267,#6285,#6293,.T.);
#6293 = LINE('',#6294,#6295);
#6294 = CARTESIAN_POINT('',(13.4,-13.865,-4.E-02));
#6295 = VECTOR('',#6296,1.);
#6296 = DIRECTION('',(0.,-1.,0.));
#6297 = PLANE('',#6298);
#6298 = AXIS2_PLACEMENT_3D('',#6299,#6300,#6301);
#6299 = CARTESIAN_POINT('',(13.4,-13.865,-4.E-02));
#6300 = DIRECTION('',(1.,0.,-0.));
#6301 = DIRECTION('',(0.,-1.,0.));
#6302 = ADVANCED_FACE('',(#6303),#6330,.T.);
#6303 = FACE_BOUND('',#6304,.F.);
#6304 = EDGE_LOOP('',(#6305,#6315,#6322,#6323));
#6305 = ORIENTED_EDGE('',*,*,#6306,.T.);
#6306 = EDGE_CURVE('',#6307,#6309,#6311,.T.);
#6307 = VERTEX_POINT('',#6308);
#6308 = CARTESIAN_POINT('',(13.9,-13.865,-4.E-02));
#6309 = VERTEX_POINT('',#6310);
#6310 = CARTESIAN_POINT('',(13.9,-13.865,0.55));
#6311 = LINE('',#6312,#6313);
#6312 = CARTESIAN_POINT('',(13.9,-13.865,-4.E-02));
#6313 = VECTOR('',#6314,1.);
#6314 = DIRECTION('',(0.,0.,1.));
#6315 = ORIENTED_EDGE('',*,*,#6316,.T.);
#6316 = EDGE_CURVE('',#6309,#6269,#6317,.T.);
#6317 = CIRCLE('',#6318,0.25);
#6318 = AXIS2_PLACEMENT_3D('',#6319,#6320,#6321);
#6319 = CARTESIAN_POINT('',(13.65,-13.865,0.55));
#6320 = DIRECTION('',(0.,0.,1.));
#6321 = DIRECTION('',(1.,0.,-0.));
#6322 = ORIENTED_EDGE('',*,*,#6266,.F.);
#6323 = ORIENTED_EDGE('',*,*,#6324,.F.);
#6324 = EDGE_CURVE('',#6307,#6267,#6325,.T.);
#6325 = CIRCLE('',#6326,0.25);
#6326 = AXIS2_PLACEMENT_3D('',#6327,#6328,#6329);
#6327 = CARTESIAN_POINT('',(13.65,-13.865,-4.E-02));
#6328 = DIRECTION('',(0.,0.,1.));
#6329 = DIRECTION('',(1.,0.,-0.));
#6330 = CYLINDRICAL_SURFACE('',#6331,0.25);
#6331 = AXIS2_PLACEMENT_3D('',#6332,#6333,#6334);
#6332 = CARTESIAN_POINT('',(13.65,-13.865,-4.E-02));
#6333 = DIRECTION('',(-0.,-0.,-1.));
#6334 = DIRECTION('',(1.,0.,-0.));
#6335 = ADVANCED_FACE('',(#6336),#6363,.T.);
#6336 = FACE_BOUND('',#6337,.F.);
#6337 = EDGE_LOOP('',(#6338,#6339,#6348,#6356));
#6338 = ORIENTED_EDGE('',*,*,#6284,.T.);
#6339 = ORIENTED_EDGE('',*,*,#6340,.T.);
#6340 = EDGE_CURVE('',#6277,#6341,#6343,.T.);
#6341 = VERTEX_POINT('',#6342);
#6342 = CARTESIAN_POINT('',(13.9,-15.015,0.55));
#6343 = CIRCLE('',#6344,0.25);
#6344 = AXIS2_PLACEMENT_3D('',#6345,#6346,#6347);
#6345 = CARTESIAN_POINT('',(13.65,-15.015,0.55));
#6346 = DIRECTION('',(0.,0.,1.));
#6347 = DIRECTION('',(-1.,0.,-0.));
#6348 = ORIENTED_EDGE('',*,*,#6349,.F.);
#6349 = EDGE_CURVE('',#6350,#6341,#6352,.T.);
#6350 = VERTEX_POINT('',#6351);
#6351 = CARTESIAN_POINT('',(13.9,-15.015,-4.E-02));
#6352 = LINE('',#6353,#6354);
#6353 = CARTESIAN_POINT('',(13.9,-15.015,-4.E-02));
#6354 = VECTOR('',#6355,1.);
#6355 = DIRECTION('',(0.,0.,1.));
#6356 = ORIENTED_EDGE('',*,*,#6357,.F.);
#6357 = EDGE_CURVE('',#6285,#6350,#6358,.T.);
#6358 = CIRCLE('',#6359,0.25);
#6359 = AXIS2_PLACEMENT_3D('',#6360,#6361,#6362);
#6360 = CARTESIAN_POINT('',(13.65,-15.015,-4.E-02));
#6361 = DIRECTION('',(0.,0.,1.));
#6362 = DIRECTION('',(-1.,0.,-0.));
#6363 = CYLINDRICAL_SURFACE('',#6364,0.25);
#6364 = AXIS2_PLACEMENT_3D('',#6365,#6366,#6367);
#6365 = CARTESIAN_POINT('',(13.65,-15.015,-4.E-02));
#6366 = DIRECTION('',(-0.,-0.,-1.));
#6367 = DIRECTION('',(-1.,0.,-0.));
#6368 = ADVANCED_FACE('',(#6369,#6380),#6416,.F.);
#6369 = FACE_BOUND('',#6370,.F.);
#6370 = EDGE_LOOP('',(#6371,#6372,#6373,#6379));
#6371 = ORIENTED_EDGE('',*,*,#6292,.T.);
#6372 = ORIENTED_EDGE('',*,*,#6357,.T.);
#6373 = ORIENTED_EDGE('',*,*,#6374,.T.);
#6374 = EDGE_CURVE('',#6350,#6307,#6375,.T.);
#6375 = LINE('',#6376,#6377);
#6376 = CARTESIAN_POINT('',(13.9,-15.015,-4.E-02));
#6377 = VECTOR('',#6378,1.);
#6378 = DIRECTION('',(0.,1.,0.));
#6379 = ORIENTED_EDGE('',*,*,#6324,.T.);
#6380 = FACE_BOUND('',#6381,.F.);
#6381 = EDGE_LOOP('',(#6382,#6393,#6401,#6410));
#6382 = ORIENTED_EDGE('',*,*,#6383,.T.);
#6383 = EDGE_CURVE('',#6384,#6386,#6388,.T.);
#6384 = VERTEX_POINT('',#6385);
#6385 = CARTESIAN_POINT('',(13.875,-15.015,-4.E-02));
#6386 = VERTEX_POINT('',#6387);
#6387 = CARTESIAN_POINT('',(13.425,-15.015,-4.E-02));
#6388 = CIRCLE('',#6389,0.225);
#6389 = AXIS2_PLACEMENT_3D('',#6390,#6391,#6392);
#6390 = CARTESIAN_POINT('',(13.65,-15.015,-4.E-02));
#6391 = DIRECTION('',(-0.,0.,-1.));
#6392 = DIRECTION('',(-1.,7.894919286223E-15,0.));
#6393 = ORIENTED_EDGE('',*,*,#6394,.T.);
#6394 = EDGE_CURVE('',#6386,#6395,#6397,.T.);
#6395 = VERTEX_POINT('',#6396);
#6396 = CARTESIAN_POINT('',(13.425,-13.865,-4.E-02));
#6397 = LINE('',#6398,#6399);
#6398 = CARTESIAN_POINT('',(13.425,-13.865,-4.E-02));
#6399 = VECTOR('',#6400,1.);
#6400 = DIRECTION('',(-0.,1.,0.));
#6401 = ORIENTED_EDGE('',*,*,#6402,.T.);
#6402 = EDGE_CURVE('',#6395,#6403,#6405,.T.);
#6403 = VERTEX_POINT('',#6404);
#6404 = CARTESIAN_POINT('',(13.875,-13.865,-4.E-02));
#6405 = CIRCLE('',#6406,0.225);
#6406 = AXIS2_PLACEMENT_3D('',#6407,#6408,#6409);
#6407 = CARTESIAN_POINT('',(13.65,-13.865,-4.E-02));
#6408 = DIRECTION('',(0.,-0.,-1.));
#6409 = DIRECTION('',(1.,0.,-0.));
#6410 = ORIENTED_EDGE('',*,*,#6411,.T.);
#6411 = EDGE_CURVE('',#6403,#6384,#6412,.T.);
#6412 = LINE('',#6413,#6414);
#6413 = CARTESIAN_POINT('',(13.875,-14.44,-4.E-02));
#6414 = VECTOR('',#6415,1.);
#6415 = DIRECTION('',(0.,-1.,0.));
#6416 = PLANE('',#6417);
#6417 = AXIS2_PLACEMENT_3D('',#6418,#6419,#6420);
#6418 = CARTESIAN_POINT('',(13.4,-13.865,-4.E-02));
#6419 = DIRECTION('',(0.,0.,1.));
#6420 = DIRECTION('',(1.,0.,-0.));
#6421 = ADVANCED_FACE('',(#6422,#6433),#6469,.T.);
#6422 = FACE_BOUND('',#6423,.T.);
#6423 = EDGE_LOOP('',(#6424,#6425,#6426,#6432));
#6424 = ORIENTED_EDGE('',*,*,#6276,.T.);
#6425 = ORIENTED_EDGE('',*,*,#6340,.T.);
#6426 = ORIENTED_EDGE('',*,*,#6427,.T.);
#6427 = EDGE_CURVE('',#6341,#6309,#6428,.T.);
#6428 = LINE('',#6429,#6430);
#6429 = CARTESIAN_POINT('',(13.9,-15.015,0.55));
#6430 = VECTOR('',#6431,1.);
#6431 = DIRECTION('',(0.,1.,0.));
#6432 = ORIENTED_EDGE('',*,*,#6316,.T.);
#6433 = FACE_BOUND('',#6434,.T.);
#6434 = EDGE_LOOP('',(#6435,#6446,#6454,#6463));
#6435 = ORIENTED_EDGE('',*,*,#6436,.T.);
#6436 = EDGE_CURVE('',#6437,#6439,#6441,.T.);
#6437 = VERTEX_POINT('',#6438);
#6438 = CARTESIAN_POINT('',(13.875,-15.015,0.55));
#6439 = VERTEX_POINT('',#6440);
#6440 = CARTESIAN_POINT('',(13.425,-15.015,0.55));
#6441 = CIRCLE('',#6442,0.225);
#6442 = AXIS2_PLACEMENT_3D('',#6443,#6444,#6445);
#6443 = CARTESIAN_POINT('',(13.65,-15.015,0.55));
#6444 = DIRECTION('',(-0.,0.,-1.));
#6445 = DIRECTION('',(-1.,7.894919286223E-15,0.));
#6446 = ORIENTED_EDGE('',*,*,#6447,.T.);
#6447 = EDGE_CURVE('',#6439,#6448,#6450,.T.);
#6448 = VERTEX_POINT('',#6449);
#6449 = CARTESIAN_POINT('',(13.425,-13.865,0.55));
#6450 = LINE('',#6451,#6452);
#6451 = CARTESIAN_POINT('',(13.425,-13.865,0.55));
#6452 = VECTOR('',#6453,1.);
#6453 = DIRECTION('',(-0.,1.,0.));
#6454 = ORIENTED_EDGE('',*,*,#6455,.T.);
#6455 = EDGE_CURVE('',#6448,#6456,#6458,.T.);
#6456 = VERTEX_POINT('',#6457);
#6457 = CARTESIAN_POINT('',(13.875,-13.865,0.55));
#6458 = CIRCLE('',#6459,0.225);
#6459 = AXIS2_PLACEMENT_3D('',#6460,#6461,#6462);
#6460 = CARTESIAN_POINT('',(13.65,-13.865,0.55));
#6461 = DIRECTION('',(0.,-0.,-1.));
#6462 = DIRECTION('',(1.,0.,-0.));
#6463 = ORIENTED_EDGE('',*,*,#6464,.T.);
#6464 = EDGE_CURVE('',#6456,#6437,#6465,.T.);
#6465 = LINE('',#6466,#6467);
#6466 = CARTESIAN_POINT('',(13.875,-14.44,0.55));
#6467 = VECTOR('',#6468,1.);
#6468 = DIRECTION('',(0.,-1.,0.));
#6469 = PLANE('',#6470);
#6470 = AXIS2_PLACEMENT_3D('',#6471,#6472,#6473);
#6471 = CARTESIAN_POINT('',(13.4,-13.865,0.55));
#6472 = DIRECTION('',(0.,0.,1.));
#6473 = DIRECTION('',(1.,0.,-0.));
#6474 = ADVANCED_FACE('',(#6475),#6481,.F.);
#6475 = FACE_BOUND('',#6476,.F.);
#6476 = EDGE_LOOP('',(#6477,#6478,#6479,#6480));
#6477 = ORIENTED_EDGE('',*,*,#6349,.T.);
#6478 = ORIENTED_EDGE('',*,*,#6427,.T.);
#6479 = ORIENTED_EDGE('',*,*,#6306,.F.);
#6480 = ORIENTED_EDGE('',*,*,#6374,.F.);
#6481 = PLANE('',#6482);
#6482 = AXIS2_PLACEMENT_3D('',#6483,#6484,#6485);
#6483 = CARTESIAN_POINT('',(13.9,-15.015,-4.E-02));
#6484 = DIRECTION('',(-1.,0.,0.));
#6485 = DIRECTION('',(0.,1.,0.));
#6486 = ADVANCED_FACE('',(#6487),#6503,.F.);
#6487 = FACE_BOUND('',#6488,.T.);
#6488 = EDGE_LOOP('',(#6489,#6490,#6496,#6497));
#6489 = ORIENTED_EDGE('',*,*,#6383,.T.);
#6490 = ORIENTED_EDGE('',*,*,#6491,.T.);
#6491 = EDGE_CURVE('',#6386,#6439,#6492,.T.);
#6492 = LINE('',#6493,#6494);
#6493 = CARTESIAN_POINT('',(13.425,-15.015,-4.6E-02));
#6494 = VECTOR('',#6495,1.);
#6495 = DIRECTION('',(0.,0.,1.));
#6496 = ORIENTED_EDGE('',*,*,#6436,.F.);
#6497 = ORIENTED_EDGE('',*,*,#6498,.F.);
#6498 = EDGE_CURVE('',#6384,#6437,#6499,.T.);
#6499 = LINE('',#6500,#6501);
#6500 = CARTESIAN_POINT('',(13.875,-15.015,-4.6E-02));
#6501 = VECTOR('',#6502,1.);
#6502 = DIRECTION('',(0.,0.,1.));
#6503 = CYLINDRICAL_SURFACE('',#6504,0.225);
#6504 = AXIS2_PLACEMENT_3D('',#6505,#6506,#6507);
#6505 = CARTESIAN_POINT('',(13.65,-15.015,-4.6E-02));
#6506 = DIRECTION('',(-0.,-0.,-1.));
#6507 = DIRECTION('',(-1.,7.894919286223E-15,-0.));
#6508 = ADVANCED_FACE('',(#6509),#6520,.T.);
#6509 = FACE_BOUND('',#6510,.T.);
#6510 = EDGE_LOOP('',(#6511,#6512,#6513,#6514));
#6511 = ORIENTED_EDGE('',*,*,#6411,.T.);
#6512 = ORIENTED_EDGE('',*,*,#6498,.T.);
#6513 = ORIENTED_EDGE('',*,*,#6464,.F.);
#6514 = ORIENTED_EDGE('',*,*,#6515,.F.);
#6515 = EDGE_CURVE('',#6403,#6456,#6516,.T.);
#6516 = LINE('',#6517,#6518);
#6517 = CARTESIAN_POINT('',(13.875,-13.865,-4.6E-02));
#6518 = VECTOR('',#6519,1.);
#6519 = DIRECTION('',(0.,0.,1.));
#6520 = PLANE('',#6521);
#6521 = AXIS2_PLACEMENT_3D('',#6522,#6523,#6524);
#6522 = CARTESIAN_POINT('',(13.875,-15.015,-4.6E-02));
#6523 = DIRECTION('',(-1.,0.,0.));
#6524 = DIRECTION('',(0.,1.,0.));
#6525 = ADVANCED_FACE('',(#6526),#6537,.F.);
#6526 = FACE_BOUND('',#6527,.T.);
#6527 = EDGE_LOOP('',(#6528,#6529,#6530,#6531));
#6528 = ORIENTED_EDGE('',*,*,#6402,.T.);
#6529 = ORIENTED_EDGE('',*,*,#6515,.T.);
#6530 = ORIENTED_EDGE('',*,*,#6455,.F.);
#6531 = ORIENTED_EDGE('',*,*,#6532,.F.);
#6532 = EDGE_CURVE('',#6395,#6448,#6533,.T.);
#6533 = LINE('',#6534,#6535);
#6534 = CARTESIAN_POINT('',(13.425,-13.865,-4.6E-02));
#6535 = VECTOR('',#6536,1.);
#6536 = DIRECTION('',(0.,0.,1.));
#6537 = CYLINDRICAL_SURFACE('',#6538,0.225);
#6538 = AXIS2_PLACEMENT_3D('',#6539,#6540,#6541);
#6539 = CARTESIAN_POINT('',(13.65,-13.865,-4.6E-02));
#6540 = DIRECTION('',(-0.,-0.,-1.));
#6541 = DIRECTION('',(1.,0.,-0.));
#6542 = ADVANCED_FACE('',(#6543),#6549,.T.);
#6543 = FACE_BOUND('',#6544,.T.);
#6544 = EDGE_LOOP('',(#6545,#6546,#6547,#6548));
#6545 = ORIENTED_EDGE('',*,*,#6394,.T.);
#6546 = ORIENTED_EDGE('',*,*,#6532,.T.);
#6547 = ORIENTED_EDGE('',*,*,#6447,.F.);
#6548 = ORIENTED_EDGE('',*,*,#6491,.F.);
#6549 = PLANE('',#6550);
#6550 = AXIS2_PLACEMENT_3D('',#6551,#6552,#6553);
#6551 = CARTESIAN_POINT('',(13.425,-13.865,-4.6E-02));
#6552 = DIRECTION('',(1.,0.,-0.));
#6553 = DIRECTION('',(0.,-1.,0.));
#6554 = MANIFOLD_SOLID_BREP('',#6555);
#6555 = CLOSED_SHELL('',(#6556,#6589,#6609,#6629));
#6556 = ADVANCED_FACE('',(#6557),#6584,.T.);
#6557 = FACE_BOUND('',#6558,.F.);
#6558 = EDGE_LOOP('',(#6559,#6569,#6576,#6577));
#6559 = ORIENTED_EDGE('',*,*,#6560,.T.);
#6560 = EDGE_CURVE('',#6561,#6563,#6565,.T.);
#6561 = VERTEX_POINT('',#6562);
#6562 = CARTESIAN_POINT('',(11.025,-4.,0.51));
#6563 = VERTEX_POINT('',#6564);
#6564 = CARTESIAN_POINT('',(11.025,-4.,0.55));
#6565 = LINE('',#6566,#6567);
#6566 = CARTESIAN_POINT('',(11.025,-4.,0.51));
#6567 = VECTOR('',#6568,1.);
#6568 = DIRECTION('',(0.,0.,1.));
#6569 = ORIENTED_EDGE('',*,*,#6570,.T.);
#6570 = EDGE_CURVE('',#6563,#6563,#6571,.T.);
#6571 = CIRCLE('',#6572,0.925);
#6572 = AXIS2_PLACEMENT_3D('',#6573,#6574,#6575);
#6573 = CARTESIAN_POINT('',(10.1,-4.,0.55));
#6574 = DIRECTION('',(0.,0.,1.));
#6575 = DIRECTION('',(1.,0.,-0.));
#6576 = ORIENTED_EDGE('',*,*,#6560,.F.);
#6577 = ORIENTED_EDGE('',*,*,#6578,.F.);
#6578 = EDGE_CURVE('',#6561,#6561,#6579,.T.);
#6579 = CIRCLE('',#6580,0.925);
#6580 = AXIS2_PLACEMENT_3D('',#6581,#6582,#6583);
#6581 = CARTESIAN_POINT('',(10.1,-4.,0.51));
#6582 = DIRECTION('',(0.,0.,1.));
#6583 = DIRECTION('',(1.,0.,-0.));
#6584 = CYLINDRICAL_SURFACE('',#6585,0.925);
#6585 = AXIS2_PLACEMENT_3D('',#6586,#6587,#6588);
#6586 = CARTESIAN_POINT('',(10.1,-4.,0.51));
#6587 = DIRECTION('',(-0.,-0.,-1.));
#6588 = DIRECTION('',(1.,0.,-0.));
#6589 = ADVANCED_FACE('',(#6590,#6593),#6604,.F.);
#6590 = FACE_BOUND('',#6591,.F.);
#6591 = EDGE_LOOP('',(#6592));
#6592 = ORIENTED_EDGE('',*,*,#6578,.T.);
#6593 = FACE_BOUND('',#6594,.F.);
#6594 = EDGE_LOOP('',(#6595));
#6595 = ORIENTED_EDGE('',*,*,#6596,.T.);
#6596 = EDGE_CURVE('',#6597,#6597,#6599,.T.);
#6597 = VERTEX_POINT('',#6598);
#6598 = CARTESIAN_POINT('',(10.1,-4.4,0.51));
#6599 = CIRCLE('',#6600,0.4);
#6600 = AXIS2_PLACEMENT_3D('',#6601,#6602,#6603);
#6601 = CARTESIAN_POINT('',(10.1,-4.,0.51));
#6602 = DIRECTION('',(-0.,0.,-1.));
#6603 = DIRECTION('',(-0.,-1.,0.));
#6604 = PLANE('',#6605);
#6605 = AXIS2_PLACEMENT_3D('',#6606,#6607,#6608);
#6606 = CARTESIAN_POINT('',(0.,0.,0.51));
#6607 = DIRECTION('',(0.,0.,1.));
#6608 = DIRECTION('',(1.,0.,-0.));
#6609 = ADVANCED_FACE('',(#6610,#6613),#6624,.T.);
#6610 = FACE_BOUND('',#6611,.T.);
#6611 = EDGE_LOOP('',(#6612));
#6612 = ORIENTED_EDGE('',*,*,#6570,.T.);
#6613 = FACE_BOUND('',#6614,.T.);
#6614 = EDGE_LOOP('',(#6615));
#6615 = ORIENTED_EDGE('',*,*,#6616,.T.);
#6616 = EDGE_CURVE('',#6617,#6617,#6619,.T.);
#6617 = VERTEX_POINT('',#6618);
#6618 = CARTESIAN_POINT('',(10.1,-4.4,0.55));
#6619 = CIRCLE('',#6620,0.4);
#6620 = AXIS2_PLACEMENT_3D('',#6621,#6622,#6623);
#6621 = CARTESIAN_POINT('',(10.1,-4.,0.55));
#6622 = DIRECTION('',(-0.,0.,-1.));
#6623 = DIRECTION('',(-0.,-1.,0.));
#6624 = PLANE('',#6625);
#6625 = AXIS2_PLACEMENT_3D('',#6626,#6627,#6628);
#6626 = CARTESIAN_POINT('',(0.,0.,0.55));
#6627 = DIRECTION('',(0.,0.,1.));
#6628 = DIRECTION('',(1.,0.,-0.));
#6629 = ADVANCED_FACE('',(#6630),#6641,.F.);
#6630 = FACE_BOUND('',#6631,.T.);
#6631 = EDGE_LOOP('',(#6632,#6633,#6639,#6640));
#6632 = ORIENTED_EDGE('',*,*,#6596,.T.);
#6633 = ORIENTED_EDGE('',*,*,#6634,.T.);
#6634 = EDGE_CURVE('',#6597,#6617,#6635,.T.);
#6635 = LINE('',#6636,#6637);
#6636 = CARTESIAN_POINT('',(10.1,-4.4,-4.6E-02));
#6637 = VECTOR('',#6638,1.);
#6638 = DIRECTION('',(0.,0.,1.));
#6639 = ORIENTED_EDGE('',*,*,#6616,.F.);
#6640 = ORIENTED_EDGE('',*,*,#6634,.F.);
#6641 = CYLINDRICAL_SURFACE('',#6642,0.4);
#6642 = AXIS2_PLACEMENT_3D('',#6643,#6644,#6645);
#6643 = CARTESIAN_POINT('',(10.1,-4.,-4.6E-02));
#6644 = DIRECTION('',(-0.,-0.,-1.));
#6645 = DIRECTION('',(-0.,-1.,0.));
#6646 = MANIFOLD_SOLID_BREP('',#6647);
#6647 = CLOSED_SHELL('',(#6648,#6681,#6701,#6721));
#6648 = ADVANCED_FACE('',(#6649),#6676,.T.);
#6649 = FACE_BOUND('',#6650,.T.);
#6650 = EDGE_LOOP('',(#6651,#6661,#6668,#6669));
#6651 = ORIENTED_EDGE('',*,*,#6652,.T.);
#6652 = EDGE_CURVE('',#6653,#6655,#6657,.T.);
#6653 = VERTEX_POINT('',#6654);
#6654 = CARTESIAN_POINT('',(11.025,-4.,0.));
#6655 = VERTEX_POINT('',#6656);
#6656 = CARTESIAN_POINT('',(11.025,-4.,-4.E-02));
#6657 = LINE('',#6658,#6659);
#6658 = CARTESIAN_POINT('',(11.025,-4.,0.));
#6659 = VECTOR('',#6660,1.);
#6660 = DIRECTION('',(0.,0.,-1.));
#6661 = ORIENTED_EDGE('',*,*,#6662,.T.);
#6662 = EDGE_CURVE('',#6655,#6655,#6663,.T.);
#6663 = CIRCLE('',#6664,0.925);
#6664 = AXIS2_PLACEMENT_3D('',#6665,#6666,#6667);
#6665 = CARTESIAN_POINT('',(10.1,-4.,-4.E-02));
#6666 = DIRECTION('',(0.,0.,1.));
#6667 = DIRECTION('',(1.,0.,-0.));
#6668 = ORIENTED_EDGE('',*,*,#6652,.F.);
#6669 = ORIENTED_EDGE('',*,*,#6670,.F.);
#6670 = EDGE_CURVE('',#6653,#6653,#6671,.T.);
#6671 = CIRCLE('',#6672,0.925);
#6672 = AXIS2_PLACEMENT_3D('',#6673,#6674,#6675);
#6673 = CARTESIAN_POINT('',(10.1,-4.,0.));
#6674 = DIRECTION('',(0.,0.,1.));
#6675 = DIRECTION('',(1.,0.,-0.));
#6676 = CYLINDRICAL_SURFACE('',#6677,0.925);
#6677 = AXIS2_PLACEMENT_3D('',#6678,#6679,#6680);
#6678 = CARTESIAN_POINT('',(10.1,-4.,0.));
#6679 = DIRECTION('',(0.,0.,1.));
#6680 = DIRECTION('',(1.,0.,-0.));
#6681 = ADVANCED_FACE('',(#6682,#6685),#6696,.F.);
#6682 = FACE_BOUND('',#6683,.F.);
#6683 = EDGE_LOOP('',(#6684));
#6684 = ORIENTED_EDGE('',*,*,#6670,.F.);
#6685 = FACE_BOUND('',#6686,.F.);
#6686 = EDGE_LOOP('',(#6687));
#6687 = ORIENTED_EDGE('',*,*,#6688,.F.);
#6688 = EDGE_CURVE('',#6689,#6689,#6691,.T.);
#6689 = VERTEX_POINT('',#6690);
#6690 = CARTESIAN_POINT('',(10.1,-4.4,0.));
#6691 = CIRCLE('',#6692,0.4);
#6692 = AXIS2_PLACEMENT_3D('',#6693,#6694,#6695);
#6693 = CARTESIAN_POINT('',(10.1,-4.,0.));
#6694 = DIRECTION('',(-0.,0.,-1.));
#6695 = DIRECTION('',(-0.,-1.,0.));
#6696 = PLANE('',#6697);
#6697 = AXIS2_PLACEMENT_3D('',#6698,#6699,#6700);
#6698 = CARTESIAN_POINT('',(0.,0.,0.));
#6699 = DIRECTION('',(-0.,-0.,-1.));
#6700 = DIRECTION('',(-1.,0.,0.));
#6701 = ADVANCED_FACE('',(#6702,#6705),#6716,.T.);
#6702 = FACE_BOUND('',#6703,.T.);
#6703 = EDGE_LOOP('',(#6704));
#6704 = ORIENTED_EDGE('',*,*,#6662,.F.);
#6705 = FACE_BOUND('',#6706,.T.);
#6706 = EDGE_LOOP('',(#6707));
#6707 = ORIENTED_EDGE('',*,*,#6708,.F.);
#6708 = EDGE_CURVE('',#6709,#6709,#6711,.T.);
#6709 = VERTEX_POINT('',#6710);
#6710 = CARTESIAN_POINT('',(10.1,-4.4,-4.E-02));
#6711 = CIRCLE('',#6712,0.4);
#6712 = AXIS2_PLACEMENT_3D('',#6713,#6714,#6715);
#6713 = CARTESIAN_POINT('',(10.1,-4.,-4.E-02));
#6714 = DIRECTION('',(-0.,0.,-1.));
#6715 = DIRECTION('',(-0.,-1.,0.));
#6716 = PLANE('',#6717);
#6717 = AXIS2_PLACEMENT_3D('',#6718,#6719,#6720);
#6718 = CARTESIAN_POINT('',(0.,0.,-4.E-02));
#6719 = DIRECTION('',(-0.,-0.,-1.));
#6720 = DIRECTION('',(-1.,0.,0.));
#6721 = ADVANCED_FACE('',(#6722),#6733,.F.);
#6722 = FACE_BOUND('',#6723,.T.);
#6723 = EDGE_LOOP('',(#6724,#6725,#6731,#6732));
#6724 = ORIENTED_EDGE('',*,*,#6708,.T.);
#6725 = ORIENTED_EDGE('',*,*,#6726,.T.);
#6726 = EDGE_CURVE('',#6709,#6689,#6727,.T.);
#6727 = LINE('',#6728,#6729);
#6728 = CARTESIAN_POINT('',(10.1,-4.4,-4.6E-02));
#6729 = VECTOR('',#6730,1.);
#6730 = DIRECTION('',(0.,0.,1.));
#6731 = ORIENTED_EDGE('',*,*,#6688,.F.);
#6732 = ORIENTED_EDGE('',*,*,#6726,.F.);
#6733 = CYLINDRICAL_SURFACE('',#6734,0.4);
#6734 = AXIS2_PLACEMENT_3D('',#6735,#6736,#6737);
#6735 = CARTESIAN_POINT('',(10.1,-4.,-4.6E-02));
#6736 = DIRECTION('',(-0.,-0.,-1.));
#6737 = DIRECTION('',(-0.,-1.,0.));
#6738 = MANIFOLD_SOLID_BREP('',#6739);
#6739 = CLOSED_SHELL('',(#6740,#6773,#6793,#6813));
#6740 = ADVANCED_FACE('',(#6741),#6768,.T.);
#6741 = FACE_BOUND('',#6742,.F.);
#6742 = EDGE_LOOP('',(#6743,#6753,#6760,#6761));
#6743 = ORIENTED_EDGE('',*,*,#6744,.T.);
#6744 = EDGE_CURVE('',#6745,#6747,#6749,.T.);
#6745 = VERTEX_POINT('',#6746);
#6746 = CARTESIAN_POINT('',(10.1,-4.425,-4.E-02));
#6747 = VERTEX_POINT('',#6748);
#6748 = CARTESIAN_POINT('',(10.1,-4.425,0.55));
#6749 = LINE('',#6750,#6751);
#6750 = CARTESIAN_POINT('',(10.1,-4.425,-4.E-02));
#6751 = VECTOR('',#6752,1.);
#6752 = DIRECTION('',(0.,0.,1.));
#6753 = ORIENTED_EDGE('',*,*,#6754,.T.);
#6754 = EDGE_CURVE('',#6747,#6747,#6755,.T.);
#6755 = CIRCLE('',#6756,0.425);
#6756 = AXIS2_PLACEMENT_3D('',#6757,#6758,#6759);
#6757 = CARTESIAN_POINT('',(10.1,-4.,0.55));
#6758 = DIRECTION('',(0.,0.,1.));
#6759 = DIRECTION('',(-4.17966315153E-15,-1.,0.));
#6760 = ORIENTED_EDGE('',*,*,#6744,.F.);
#6761 = ORIENTED_EDGE('',*,*,#6762,.F.);
#6762 = EDGE_CURVE('',#6745,#6745,#6763,.T.);
#6763 = CIRCLE('',#6764,0.425);
#6764 = AXIS2_PLACEMENT_3D('',#6765,#6766,#6767);
#6765 = CARTESIAN_POINT('',(10.1,-4.,-4.E-02));
#6766 = DIRECTION('',(0.,0.,1.));
#6767 = DIRECTION('',(-4.17966315153E-15,-1.,0.));
#6768 = CYLINDRICAL_SURFACE('',#6769,0.425);
#6769 = AXIS2_PLACEMENT_3D('',#6770,#6771,#6772);
#6770 = CARTESIAN_POINT('',(10.1,-4.,-4.E-02));
#6771 = DIRECTION('',(-0.,-0.,-1.));
#6772 = DIRECTION('',(-4.17966315153E-15,-1.,0.));
#6773 = ADVANCED_FACE('',(#6774,#6777),#6788,.F.);
#6774 = FACE_BOUND('',#6775,.F.);
#6775 = EDGE_LOOP('',(#6776));
#6776 = ORIENTED_EDGE('',*,*,#6762,.T.);
#6777 = FACE_BOUND('',#6778,.F.);
#6778 = EDGE_LOOP('',(#6779));
#6779 = ORIENTED_EDGE('',*,*,#6780,.T.);
#6780 = EDGE_CURVE('',#6781,#6781,#6783,.T.);
#6781 = VERTEX_POINT('',#6782);
#6782 = CARTESIAN_POINT('',(10.1,-4.4,-4.E-02));
#6783 = CIRCLE('',#6784,0.4);
#6784 = AXIS2_PLACEMENT_3D('',#6785,#6786,#6787);
#6785 = CARTESIAN_POINT('',(10.1,-4.,-4.E-02));
#6786 = DIRECTION('',(-0.,0.,-1.));
#6787 = DIRECTION('',(-0.,-1.,0.));
#6788 = PLANE('',#6789);
#6789 = AXIS2_PLACEMENT_3D('',#6790,#6791,#6792);
#6790 = CARTESIAN_POINT('',(10.1,-4.425,-4.E-02));
#6791 = DIRECTION('',(0.,0.,1.));
#6792 = DIRECTION('',(1.,0.,-0.));
#6793 = ADVANCED_FACE('',(#6794,#6797),#6808,.T.);
#6794 = FACE_BOUND('',#6795,.T.);
#6795 = EDGE_LOOP('',(#6796));
#6796 = ORIENTED_EDGE('',*,*,#6754,.T.);
#6797 = FACE_BOUND('',#6798,.T.);
#6798 = EDGE_LOOP('',(#6799));
#6799 = ORIENTED_EDGE('',*,*,#6800,.T.);
#6800 = EDGE_CURVE('',#6801,#6801,#6803,.T.);
#6801 = VERTEX_POINT('',#6802);
#6802 = CARTESIAN_POINT('',(10.1,-4.4,0.55));
#6803 = CIRCLE('',#6804,0.4);
#6804 = AXIS2_PLACEMENT_3D('',#6805,#6806,#6807);
#6805 = CARTESIAN_POINT('',(10.1,-4.,0.55));
#6806 = DIRECTION('',(-0.,0.,-1.));
#6807 = DIRECTION('',(-0.,-1.,0.));
#6808 = PLANE('',#6809);
#6809 = AXIS2_PLACEMENT_3D('',#6810,#6811,#6812);
#6810 = CARTESIAN_POINT('',(10.1,-4.425,0.55));
#6811 = DIRECTION('',(0.,0.,1.));
#6812 = DIRECTION('',(1.,0.,-0.));
#6813 = ADVANCED_FACE('',(#6814),#6825,.F.);
#6814 = FACE_BOUND('',#6815,.T.);
#6815 = EDGE_LOOP('',(#6816,#6817,#6823,#6824));
#6816 = ORIENTED_EDGE('',*,*,#6780,.T.);
#6817 = ORIENTED_EDGE('',*,*,#6818,.T.);
#6818 = EDGE_CURVE('',#6781,#6801,#6819,.T.);
#6819 = LINE('',#6820,#6821);
#6820 = CARTESIAN_POINT('',(10.1,-4.4,-4.6E-02));
#6821 = VECTOR('',#6822,1.);
#6822 = DIRECTION('',(0.,0.,1.));
#6823 = ORIENTED_EDGE('',*,*,#6800,.F.);
#6824 = ORIENTED_EDGE('',*,*,#6818,.F.);
#6825 = CYLINDRICAL_SURFACE('',#6826,0.4);
#6826 = AXIS2_PLACEMENT_3D('',#6827,#6828,#6829);
#6827 = CARTESIAN_POINT('',(10.1,-4.,-4.6E-02));
#6828 = DIRECTION('',(-0.,-0.,-1.));
#6829 = DIRECTION('',(-0.,-1.,0.));
#6830 = MANIFOLD_SOLID_BREP('',#6831);
#6831 = CLOSED_SHELL('',(#6832,#6872,#6903,#6934,#6956,#6968));
#6832 = ADVANCED_FACE('',(#6833),#6867,.T.);
#6833 = FACE_BOUND('',#6834,.T.);
#6834 = EDGE_LOOP('',(#6835,#6845,#6853,#6861));
#6835 = ORIENTED_EDGE('',*,*,#6836,.T.);
#6836 = EDGE_CURVE('',#6837,#6839,#6841,.T.);
#6837 = VERTEX_POINT('',#6838);
#6838 = CARTESIAN_POINT('',(5.245,-10.59,0.51));
#6839 = VERTEX_POINT('',#6840);
#6840 = CARTESIAN_POINT('',(5.245,-10.59,0.55));
#6841 = LINE('',#6842,#6843);
#6842 = CARTESIAN_POINT('',(5.245,-10.59,0.51));
#6843 = VECTOR('',#6844,1.);
#6844 = DIRECTION('',(0.,0.,1.));
#6845 = ORIENTED_EDGE('',*,*,#6846,.T.);
#6846 = EDGE_CURVE('',#6839,#6847,#6849,.T.);
#6847 = VERTEX_POINT('',#6848);
#6848 = CARTESIAN_POINT('',(5.245,-9.79,0.55));
#6849 = LINE('',#6850,#6851);
#6850 = CARTESIAN_POINT('',(5.245,-10.59,0.55));
#6851 = VECTOR('',#6852,1.);
#6852 = DIRECTION('',(0.,1.,0.));
#6853 = ORIENTED_EDGE('',*,*,#6854,.F.);
#6854 = EDGE_CURVE('',#6855,#6847,#6857,.T.);
#6855 = VERTEX_POINT('',#6856);
#6856 = CARTESIAN_POINT('',(5.245,-9.79,0.51));
#6857 = LINE('',#6858,#6859);
#6858 = CARTESIAN_POINT('',(5.245,-9.79,0.51));
#6859 = VECTOR('',#6860,1.);
#6860 = DIRECTION('',(0.,0.,1.));
#6861 = ORIENTED_EDGE('',*,*,#6862,.F.);
#6862 = EDGE_CURVE('',#6837,#6855,#6863,.T.);
#6863 = LINE('',#6864,#6865);
#6864 = CARTESIAN_POINT('',(5.245,-10.59,0.51));
#6865 = VECTOR('',#6866,1.);
#6866 = DIRECTION('',(0.,1.,0.));
#6867 = PLANE('',#6868);
#6868 = AXIS2_PLACEMENT_3D('',#6869,#6870,#6871);
#6869 = CARTESIAN_POINT('',(5.245,-10.59,0.51));
#6870 = DIRECTION('',(-1.,0.,0.));
#6871 = DIRECTION('',(0.,1.,0.));
#6872 = ADVANCED_FACE('',(#6873),#6898,.T.);
#6873 = FACE_BOUND('',#6874,.T.);
#6874 = EDGE_LOOP('',(#6875,#6876,#6884,#6892));
#6875 = ORIENTED_EDGE('',*,*,#6854,.T.);
#6876 = ORIENTED_EDGE('',*,*,#6877,.T.);
#6877 = EDGE_CURVE('',#6847,#6878,#6880,.T.);
#6878 = VERTEX_POINT('',#6879);
#6879 = CARTESIAN_POINT('',(5.895,-9.79,0.55));
#6880 = LINE('',#6881,#6882);
#6881 = CARTESIAN_POINT('',(5.245,-9.79,0.55));
#6882 = VECTOR('',#6883,1.);
#6883 = DIRECTION('',(1.,0.,0.));
#6884 = ORIENTED_EDGE('',*,*,#6885,.F.);
#6885 = EDGE_CURVE('',#6886,#6878,#6888,.T.);
#6886 = VERTEX_POINT('',#6887);
#6887 = CARTESIAN_POINT('',(5.895,-9.79,0.51));
#6888 = LINE('',#6889,#6890);
#6889 = CARTESIAN_POINT('',(5.895,-9.79,0.51));
#6890 = VECTOR('',#6891,1.);
#6891 = DIRECTION('',(0.,0.,1.));
#6892 = ORIENTED_EDGE('',*,*,#6893,.F.);
#6893 = EDGE_CURVE('',#6855,#6886,#6894,.T.);
#6894 = LINE('',#6895,#6896);
#6895 = CARTESIAN_POINT('',(5.245,-9.79,0.51));
#6896 = VECTOR('',#6897,1.);
#6897 = DIRECTION('',(1.,0.,0.));
#6898 = PLANE('',#6899);
#6899 = AXIS2_PLACEMENT_3D('',#6900,#6901,#6902);
#6900 = CARTESIAN_POINT('',(5.245,-9.79,0.51));
#6901 = DIRECTION('',(0.,1.,0.));
#6902 = DIRECTION('',(1.,0.,0.));
#6903 = ADVANCED_FACE('',(#6904),#6929,.T.);
#6904 = FACE_BOUND('',#6905,.T.);
#6905 = EDGE_LOOP('',(#6906,#6907,#6915,#6923));
#6906 = ORIENTED_EDGE('',*,*,#6885,.T.);
#6907 = ORIENTED_EDGE('',*,*,#6908,.T.);
#6908 = EDGE_CURVE('',#6878,#6909,#6911,.T.);
#6909 = VERTEX_POINT('',#6910);
#6910 = CARTESIAN_POINT('',(5.895,-10.59,0.55));
#6911 = LINE('',#6912,#6913);
#6912 = CARTESIAN_POINT('',(5.895,-9.79,0.55));
#6913 = VECTOR('',#6914,1.);
#6914 = DIRECTION('',(0.,-1.,0.));
#6915 = ORIENTED_EDGE('',*,*,#6916,.F.);
#6916 = EDGE_CURVE('',#6917,#6909,#6919,.T.);
#6917 = VERTEX_POINT('',#6918);
#6918 = CARTESIAN_POINT('',(5.895,-10.59,0.51));
#6919 = LINE('',#6920,#6921);
#6920 = CARTESIAN_POINT('',(5.895,-10.59,0.51));
#6921 = VECTOR('',#6922,1.);
#6922 = DIRECTION('',(0.,0.,1.));
#6923 = ORIENTED_EDGE('',*,*,#6924,.F.);
#6924 = EDGE_CURVE('',#6886,#6917,#6925,.T.);
#6925 = LINE('',#6926,#6927);
#6926 = CARTESIAN_POINT('',(5.895,-9.79,0.51));
#6927 = VECTOR('',#6928,1.);
#6928 = DIRECTION('',(0.,-1.,0.));
#6929 = PLANE('',#6930);
#6930 = AXIS2_PLACEMENT_3D('',#6931,#6932,#6933);
#6931 = CARTESIAN_POINT('',(5.895,-9.79,0.51));
#6932 = DIRECTION('',(1.,0.,-0.));
#6933 = DIRECTION('',(0.,-1.,0.));
#6934 = ADVANCED_FACE('',(#6935),#6951,.T.);
#6935 = FACE_BOUND('',#6936,.T.);
#6936 = EDGE_LOOP('',(#6937,#6938,#6944,#6945));
#6937 = ORIENTED_EDGE('',*,*,#6916,.T.);
#6938 = ORIENTED_EDGE('',*,*,#6939,.T.);
#6939 = EDGE_CURVE('',#6909,#6839,#6940,.T.);
#6940 = LINE('',#6941,#6942);
#6941 = CARTESIAN_POINT('',(5.895,-10.59,0.55));
#6942 = VECTOR('',#6943,1.);
#6943 = DIRECTION('',(-1.,0.,0.));
#6944 = ORIENTED_EDGE('',*,*,#6836,.F.);
#6945 = ORIENTED_EDGE('',*,*,#6946,.F.);
#6946 = EDGE_CURVE('',#6917,#6837,#6947,.T.);
#6947 = LINE('',#6948,#6949);
#6948 = CARTESIAN_POINT('',(5.895,-10.59,0.51));
#6949 = VECTOR('',#6950,1.);
#6950 = DIRECTION('',(-1.,0.,0.));
#6951 = PLANE('',#6952);
#6952 = AXIS2_PLACEMENT_3D('',#6953,#6954,#6955);
#6953 = CARTESIAN_POINT('',(5.895,-10.59,0.51));
#6954 = DIRECTION('',(0.,-1.,0.));
#6955 = DIRECTION('',(-1.,0.,0.));
#6956 = ADVANCED_FACE('',(#6957),#6963,.F.);
#6957 = FACE_BOUND('',#6958,.T.);
#6958 = EDGE_LOOP('',(#6959,#6960,#6961,#6962));
#6959 = ORIENTED_EDGE('',*,*,#6862,.T.);
#6960 = ORIENTED_EDGE('',*,*,#6893,.T.);
#6961 = ORIENTED_EDGE('',*,*,#6924,.T.);
#6962 = ORIENTED_EDGE('',*,*,#6946,.T.);
#6963 = PLANE('',#6964);
#6964 = AXIS2_PLACEMENT_3D('',#6965,#6966,#6967);
#6965 = CARTESIAN_POINT('',(0.,0.,0.51));
#6966 = DIRECTION('',(0.,0.,1.));
#6967 = DIRECTION('',(1.,0.,-0.));
#6968 = ADVANCED_FACE('',(#6969),#6975,.T.);
#6969 = FACE_BOUND('',#6970,.F.);
#6970 = EDGE_LOOP('',(#6971,#6972,#6973,#6974));
#6971 = ORIENTED_EDGE('',*,*,#6846,.T.);
#6972 = ORIENTED_EDGE('',*,*,#6877,.T.);
#6973 = ORIENTED_EDGE('',*,*,#6908,.T.);
#6974 = ORIENTED_EDGE('',*,*,#6939,.T.);
#6975 = PLANE('',#6976);
#6976 = AXIS2_PLACEMENT_3D('',#6977,#6978,#6979);
#6977 = CARTESIAN_POINT('',(0.,0.,0.55));
#6978 = DIRECTION('',(0.,0.,1.));
#6979 = DIRECTION('',(1.,0.,-0.));
#6980 = MANIFOLD_SOLID_BREP('',#6981);
#6981 = CLOSED_SHELL('',(#6982,#7022,#7053,#7084,#7106,#7118));
#6982 = ADVANCED_FACE('',(#6983),#7017,.T.);
#6983 = FACE_BOUND('',#6984,.T.);
#6984 = EDGE_LOOP('',(#6985,#6995,#7003,#7011));
#6985 = ORIENTED_EDGE('',*,*,#6986,.T.);
#6986 = EDGE_CURVE('',#6987,#6989,#6991,.T.);
#6987 = VERTEX_POINT('',#6988);
#6988 = CARTESIAN_POINT('',(10.105,-10.59,0.51));
#6989 = VERTEX_POINT('',#6990);
#6990 = CARTESIAN_POINT('',(10.105,-10.59,0.55));
#6991 = LINE('',#6992,#6993);
#6992 = CARTESIAN_POINT('',(10.105,-10.59,0.51));
#6993 = VECTOR('',#6994,1.);
#6994 = DIRECTION('',(0.,0.,1.));
#6995 = ORIENTED_EDGE('',*,*,#6996,.T.);
#6996 = EDGE_CURVE('',#6989,#6997,#6999,.T.);
#6997 = VERTEX_POINT('',#6998);
#6998 = CARTESIAN_POINT('',(10.105,-9.79,0.55));
#6999 = LINE('',#7000,#7001);
#7000 = CARTESIAN_POINT('',(10.105,-10.59,0.55));
#7001 = VECTOR('',#7002,1.);
#7002 = DIRECTION('',(0.,1.,0.));
#7003 = ORIENTED_EDGE('',*,*,#7004,.F.);
#7004 = EDGE_CURVE('',#7005,#6997,#7007,.T.);
#7005 = VERTEX_POINT('',#7006);
#7006 = CARTESIAN_POINT('',(10.105,-9.79,0.51));
#7007 = LINE('',#7008,#7009);
#7008 = CARTESIAN_POINT('',(10.105,-9.79,0.51));
#7009 = VECTOR('',#7010,1.);
#7010 = DIRECTION('',(0.,0.,1.));
#7011 = ORIENTED_EDGE('',*,*,#7012,.F.);
#7012 = EDGE_CURVE('',#6987,#7005,#7013,.T.);
#7013 = LINE('',#7014,#7015);
#7014 = CARTESIAN_POINT('',(10.105,-10.59,0.51));
#7015 = VECTOR('',#7016,1.);
#7016 = DIRECTION('',(0.,1.,0.));
#7017 = PLANE('',#7018);
#7018 = AXIS2_PLACEMENT_3D('',#7019,#7020,#7021);
#7019 = CARTESIAN_POINT('',(10.105,-10.59,0.51));
#7020 = DIRECTION('',(-1.,0.,0.));
#7021 = DIRECTION('',(0.,1.,0.));
#7022 = ADVANCED_FACE('',(#7023),#7048,.T.);
#7023 = FACE_BOUND('',#7024,.T.);
#7024 = EDGE_LOOP('',(#7025,#7026,#7034,#7042));
#7025 = ORIENTED_EDGE('',*,*,#7004,.T.);
#7026 = ORIENTED_EDGE('',*,*,#7027,.T.);
#7027 = EDGE_CURVE('',#6997,#7028,#7030,.T.);
#7028 = VERTEX_POINT('',#7029);
#7029 = CARTESIAN_POINT('',(10.755,-9.79,0.55));
#7030 = LINE('',#7031,#7032);
#7031 = CARTESIAN_POINT('',(10.105,-9.79,0.55));
#7032 = VECTOR('',#7033,1.);
#7033 = DIRECTION('',(1.,0.,0.));
#7034 = ORIENTED_EDGE('',*,*,#7035,.F.);
#7035 = EDGE_CURVE('',#7036,#7028,#7038,.T.);
#7036 = VERTEX_POINT('',#7037);
#7037 = CARTESIAN_POINT('',(10.755,-9.79,0.51));
#7038 = LINE('',#7039,#7040);
#7039 = CARTESIAN_POINT('',(10.755,-9.79,0.51));
#7040 = VECTOR('',#7041,1.);
#7041 = DIRECTION('',(0.,0.,1.));
#7042 = ORIENTED_EDGE('',*,*,#7043,.F.);
#7043 = EDGE_CURVE('',#7005,#7036,#7044,.T.);
#7044 = LINE('',#7045,#7046);
#7045 = CARTESIAN_POINT('',(10.105,-9.79,0.51));
#7046 = VECTOR('',#7047,1.);
#7047 = DIRECTION('',(1.,0.,0.));
#7048 = PLANE('',#7049);
#7049 = AXIS2_PLACEMENT_3D('',#7050,#7051,#7052);
#7050 = CARTESIAN_POINT('',(10.105,-9.79,0.51));
#7051 = DIRECTION('',(0.,1.,0.));
#7052 = DIRECTION('',(1.,0.,0.));
#7053 = ADVANCED_FACE('',(#7054),#7079,.T.);
#7054 = FACE_BOUND('',#7055,.T.);
#7055 = EDGE_LOOP('',(#7056,#7057,#7065,#7073));
#7056 = ORIENTED_EDGE('',*,*,#7035,.T.);
#7057 = ORIENTED_EDGE('',*,*,#7058,.T.);
#7058 = EDGE_CURVE('',#7028,#7059,#7061,.T.);
#7059 = VERTEX_POINT('',#7060);
#7060 = CARTESIAN_POINT('',(10.755,-10.59,0.55));
#7061 = LINE('',#7062,#7063);
#7062 = CARTESIAN_POINT('',(10.755,-9.79,0.55));
#7063 = VECTOR('',#7064,1.);
#7064 = DIRECTION('',(0.,-1.,0.));
#7065 = ORIENTED_EDGE('',*,*,#7066,.F.);
#7066 = EDGE_CURVE('',#7067,#7059,#7069,.T.);
#7067 = VERTEX_POINT('',#7068);
#7068 = CARTESIAN_POINT('',(10.755,-10.59,0.51));
#7069 = LINE('',#7070,#7071);
#7070 = CARTESIAN_POINT('',(10.755,-10.59,0.51));
#7071 = VECTOR('',#7072,1.);
#7072 = DIRECTION('',(0.,0.,1.));
#7073 = ORIENTED_EDGE('',*,*,#7074,.F.);
#7074 = EDGE_CURVE('',#7036,#7067,#7075,.T.);
#7075 = LINE('',#7076,#7077);
#7076 = CARTESIAN_POINT('',(10.755,-9.79,0.51));
#7077 = VECTOR('',#7078,1.);
#7078 = DIRECTION('',(0.,-1.,0.));
#7079 = PLANE('',#7080);
#7080 = AXIS2_PLACEMENT_3D('',#7081,#7082,#7083);
#7081 = CARTESIAN_POINT('',(10.755,-9.79,0.51));
#7082 = DIRECTION('',(1.,0.,-0.));
#7083 = DIRECTION('',(0.,-1.,0.));
#7084 = ADVANCED_FACE('',(#7085),#7101,.T.);
#7085 = FACE_BOUND('',#7086,.T.);
#7086 = EDGE_LOOP('',(#7087,#7088,#7094,#7095));
#7087 = ORIENTED_EDGE('',*,*,#7066,.T.);
#7088 = ORIENTED_EDGE('',*,*,#7089,.T.);
#7089 = EDGE_CURVE('',#7059,#6989,#7090,.T.);
#7090 = LINE('',#7091,#7092);
#7091 = CARTESIAN_POINT('',(10.755,-10.59,0.55));
#7092 = VECTOR('',#7093,1.);
#7093 = DIRECTION('',(-1.,0.,0.));
#7094 = ORIENTED_EDGE('',*,*,#6986,.F.);
#7095 = ORIENTED_EDGE('',*,*,#7096,.F.);
#7096 = EDGE_CURVE('',#7067,#6987,#7097,.T.);
#7097 = LINE('',#7098,#7099);
#7098 = CARTESIAN_POINT('',(10.755,-10.59,0.51));
#7099 = VECTOR('',#7100,1.);
#7100 = DIRECTION('',(-1.,0.,0.));
#7101 = PLANE('',#7102);
#7102 = AXIS2_PLACEMENT_3D('',#7103,#7104,#7105);
#7103 = CARTESIAN_POINT('',(10.755,-10.59,0.51));
#7104 = DIRECTION('',(0.,-1.,0.));
#7105 = DIRECTION('',(-1.,0.,0.));
#7106 = ADVANCED_FACE('',(#7107),#7113,.F.);
#7107 = FACE_BOUND('',#7108,.T.);
#7108 = EDGE_LOOP('',(#7109,#7110,#7111,#7112));
#7109 = ORIENTED_EDGE('',*,*,#7012,.T.);
#7110 = ORIENTED_EDGE('',*,*,#7043,.T.);
#7111 = ORIENTED_EDGE('',*,*,#7074,.T.);
#7112 = ORIENTED_EDGE('',*,*,#7096,.T.);
#7113 = PLANE('',#7114);
#7114 = AXIS2_PLACEMENT_3D('',#7115,#7116,#7117);
#7115 = CARTESIAN_POINT('',(0.,0.,0.51));
#7116 = DIRECTION('',(0.,0.,1.));
#7117 = DIRECTION('',(1.,0.,-0.));
#7118 = ADVANCED_FACE('',(#7119),#7125,.T.);
#7119 = FACE_BOUND('',#7120,.F.);
#7120 = EDGE_LOOP('',(#7121,#7122,#7123,#7124));
#7121 = ORIENTED_EDGE('',*,*,#6996,.T.);
#7122 = ORIENTED_EDGE('',*,*,#7027,.T.);
#7123 = ORIENTED_EDGE('',*,*,#7058,.T.);
#7124 = ORIENTED_EDGE('',*,*,#7089,.T.);
#7125 = PLANE('',#7126);
#7126 = AXIS2_PLACEMENT_3D('',#7127,#7128,#7129);
#7127 = CARTESIAN_POINT('',(0.,0.,0.55));
#7128 = DIRECTION('',(0.,0.,1.));
#7129 = DIRECTION('',(1.,0.,-0.));
#7130 = MANIFOLD_SOLID_BREP('',#7131);
#7131 = CLOSED_SHELL('',(#7132,#7172,#7203,#7234,#7256,#7268));
#7132 = ADVANCED_FACE('',(#7133),#7167,.T.);
#7133 = FACE_BOUND('',#7134,.T.);
#7134 = EDGE_LOOP('',(#7135,#7145,#7153,#7161));
#7135 = ORIENTED_EDGE('',*,*,#7136,.T.);
#7136 = EDGE_CURVE('',#7137,#7139,#7141,.T.);
#7137 = VERTEX_POINT('',#7138);
#7138 = CARTESIAN_POINT('',(10.105,-10.59,0.51));
#7139 = VERTEX_POINT('',#7140);
#7140 = CARTESIAN_POINT('',(10.105,-10.59,0.55));
#7141 = LINE('',#7142,#7143);
#7142 = CARTESIAN_POINT('',(10.105,-10.59,0.51));
#7143 = VECTOR('',#7144,1.);
#7144 = DIRECTION('',(0.,0.,1.));
#7145 = ORIENTED_EDGE('',*,*,#7146,.T.);
#7146 = EDGE_CURVE('',#7139,#7147,#7149,.T.);
#7147 = VERTEX_POINT('',#7148);
#7148 = CARTESIAN_POINT('',(10.105,-9.79,0.55));
#7149 = LINE('',#7150,#7151);
#7150 = CARTESIAN_POINT('',(10.105,-10.59,0.55));
#7151 = VECTOR('',#7152,1.);
#7152 = DIRECTION('',(0.,1.,0.));
#7153 = ORIENTED_EDGE('',*,*,#7154,.F.);
#7154 = EDGE_CURVE('',#7155,#7147,#7157,.T.);
#7155 = VERTEX_POINT('',#7156);
#7156 = CARTESIAN_POINT('',(10.105,-9.79,0.51));
#7157 = LINE('',#7158,#7159);
#7158 = CARTESIAN_POINT('',(10.105,-9.79,0.51));
#7159 = VECTOR('',#7160,1.);
#7160 = DIRECTION('',(0.,0.,1.));
#7161 = ORIENTED_EDGE('',*,*,#7162,.F.);
#7162 = EDGE_CURVE('',#7137,#7155,#7163,.T.);
#7163 = LINE('',#7164,#7165);
#7164 = CARTESIAN_POINT('',(10.105,-10.59,0.51));
#7165 = VECTOR('',#7166,1.);
#7166 = DIRECTION('',(0.,1.,0.));
#7167 = PLANE('',#7168);
#7168 = AXIS2_PLACEMENT_3D('',#7169,#7170,#7171);
#7169 = CARTESIAN_POINT('',(10.105,-10.59,0.51));
#7170 = DIRECTION('',(-1.,0.,0.));
#7171 = DIRECTION('',(0.,1.,0.));
#7172 = ADVANCED_FACE('',(#7173),#7198,.T.);
#7173 = FACE_BOUND('',#7174,.T.);
#7174 = EDGE_LOOP('',(#7175,#7176,#7184,#7192));
#7175 = ORIENTED_EDGE('',*,*,#7154,.T.);
#7176 = ORIENTED_EDGE('',*,*,#7177,.T.);
#7177 = EDGE_CURVE('',#7147,#7178,#7180,.T.);
#7178 = VERTEX_POINT('',#7179);
#7179 = CARTESIAN_POINT('',(10.755,-9.79,0.55));
#7180 = LINE('',#7181,#7182);
#7181 = CARTESIAN_POINT('',(10.105,-9.79,0.55));
#7182 = VECTOR('',#7183,1.);
#7183 = DIRECTION('',(1.,0.,0.));
#7184 = ORIENTED_EDGE('',*,*,#7185,.F.);
#7185 = EDGE_CURVE('',#7186,#7178,#7188,.T.);
#7186 = VERTEX_POINT('',#7187);
#7187 = CARTESIAN_POINT('',(10.755,-9.79,0.51));
#7188 = LINE('',#7189,#7190);
#7189 = CARTESIAN_POINT('',(10.755,-9.79,0.51));
#7190 = VECTOR('',#7191,1.);
#7191 = DIRECTION('',(0.,0.,1.));
#7192 = ORIENTED_EDGE('',*,*,#7193,.F.);
#7193 = EDGE_CURVE('',#7155,#7186,#7194,.T.);
#7194 = LINE('',#7195,#7196);
#7195 = CARTESIAN_POINT('',(10.105,-9.79,0.51));
#7196 = VECTOR('',#7197,1.);
#7197 = DIRECTION('',(1.,0.,0.));
#7198 = PLANE('',#7199);
#7199 = AXIS2_PLACEMENT_3D('',#7200,#7201,#7202);
#7200 = CARTESIAN_POINT('',(10.105,-9.79,0.51));
#7201 = DIRECTION('',(0.,1.,0.));
#7202 = DIRECTION('',(1.,0.,0.));
#7203 = ADVANCED_FACE('',(#7204),#7229,.T.);
#7204 = FACE_BOUND('',#7205,.T.);
#7205 = EDGE_LOOP('',(#7206,#7207,#7215,#7223));
#7206 = ORIENTED_EDGE('',*,*,#7185,.T.);
#7207 = ORIENTED_EDGE('',*,*,#7208,.T.);
#7208 = EDGE_CURVE('',#7178,#7209,#7211,.T.);
#7209 = VERTEX_POINT('',#7210);
#7210 = CARTESIAN_POINT('',(10.755,-10.59,0.55));
#7211 = LINE('',#7212,#7213);
#7212 = CARTESIAN_POINT('',(10.755,-9.79,0.55));
#7213 = VECTOR('',#7214,1.);
#7214 = DIRECTION('',(0.,-1.,0.));
#7215 = ORIENTED_EDGE('',*,*,#7216,.F.);
#7216 = EDGE_CURVE('',#7217,#7209,#7219,.T.);
#7217 = VERTEX_POINT('',#7218);
#7218 = CARTESIAN_POINT('',(10.755,-10.59,0.51));
#7219 = LINE('',#7220,#7221);
#7220 = CARTESIAN_POINT('',(10.755,-10.59,0.51));
#7221 = VECTOR('',#7222,1.);
#7222 = DIRECTION('',(0.,0.,1.));
#7223 = ORIENTED_EDGE('',*,*,#7224,.F.);
#7224 = EDGE_CURVE('',#7186,#7217,#7225,.T.);
#7225 = LINE('',#7226,#7227);
#7226 = CARTESIAN_POINT('',(10.755,-9.79,0.51));
#7227 = VECTOR('',#7228,1.);
#7228 = DIRECTION('',(0.,-1.,0.));
#7229 = PLANE('',#7230);
#7230 = AXIS2_PLACEMENT_3D('',#7231,#7232,#7233);
#7231 = CARTESIAN_POINT('',(10.755,-9.79,0.51));
#7232 = DIRECTION('',(1.,0.,-0.));
#7233 = DIRECTION('',(0.,-1.,0.));
#7234 = ADVANCED_FACE('',(#7235),#7251,.T.);
#7235 = FACE_BOUND('',#7236,.T.);
#7236 = EDGE_LOOP('',(#7237,#7238,#7244,#7245));
#7237 = ORIENTED_EDGE('',*,*,#7216,.T.);
#7238 = ORIENTED_EDGE('',*,*,#7239,.T.);
#7239 = EDGE_CURVE('',#7209,#7139,#7240,.T.);
#7240 = LINE('',#7241,#7242);
#7241 = CARTESIAN_POINT('',(10.755,-10.59,0.55));
#7242 = VECTOR('',#7243,1.);
#7243 = DIRECTION('',(-1.,0.,0.));
#7244 = ORIENTED_EDGE('',*,*,#7136,.F.);
#7245 = ORIENTED_EDGE('',*,*,#7246,.F.);
#7246 = EDGE_CURVE('',#7217,#7137,#7247,.T.);
#7247 = LINE('',#7248,#7249);
#7248 = CARTESIAN_POINT('',(10.755,-10.59,0.51));
#7249 = VECTOR('',#7250,1.);
#7250 = DIRECTION('',(-1.,0.,0.));
#7251 = PLANE('',#7252);
#7252 = AXIS2_PLACEMENT_3D('',#7253,#7254,#7255);
#7253 = CARTESIAN_POINT('',(10.755,-10.59,0.51));
#7254 = DIRECTION('',(0.,-1.,0.));
#7255 = DIRECTION('',(-1.,0.,0.));
#7256 = ADVANCED_FACE('',(#7257),#7263,.F.);
#7257 = FACE_BOUND('',#7258,.T.);
#7258 = EDGE_LOOP('',(#7259,#7260,#7261,#7262));
#7259 = ORIENTED_EDGE('',*,*,#7162,.T.);
#7260 = ORIENTED_EDGE('',*,*,#7193,.T.);
#7261 = ORIENTED_EDGE('',*,*,#7224,.T.);
#7262 = ORIENTED_EDGE('',*,*,#7246,.T.);
#7263 = PLANE('',#7264);
#7264 = AXIS2_PLACEMENT_3D('',#7265,#7266,#7267);
#7265 = CARTESIAN_POINT('',(0.,0.,0.51));
#7266 = DIRECTION('',(0.,0.,1.));
#7267 = DIRECTION('',(1.,0.,-0.));
#7268 = ADVANCED_FACE('',(#7269),#7275,.T.);
#7269 = FACE_BOUND('',#7270,.F.);
#7270 = EDGE_LOOP('',(#7271,#7272,#7273,#7274));
#7271 = ORIENTED_EDGE('',*,*,#7146,.T.);
#7272 = ORIENTED_EDGE('',*,*,#7177,.T.);
#7273 = ORIENTED_EDGE('',*,*,#7208,.T.);
#7274 = ORIENTED_EDGE('',*,*,#7239,.T.);
#7275 = PLANE('',#7276);
#7276 = AXIS2_PLACEMENT_3D('',#7277,#7278,#7279);
#7277 = CARTESIAN_POINT('',(0.,0.,0.55));
#7278 = DIRECTION('',(0.,0.,1.));
#7279 = DIRECTION('',(1.,0.,-0.));
#7280 = MANIFOLD_SOLID_BREP('',#7281);
#7281 = CLOSED_SHELL('',(#7282,#7322,#7353,#7384,#7406,#7418));
#7282 = ADVANCED_FACE('',(#7283),#7317,.T.);
#7283 = FACE_BOUND('',#7284,.T.);
#7284 = EDGE_LOOP('',(#7285,#7295,#7303,#7311));
#7285 = ORIENTED_EDGE('',*,*,#7286,.T.);
#7286 = EDGE_CURVE('',#7287,#7289,#7291,.T.);
#7287 = VERTEX_POINT('',#7288);
#7288 = CARTESIAN_POINT('',(5.245,-10.59,0.51));
#7289 = VERTEX_POINT('',#7290);
#7290 = CARTESIAN_POINT('',(5.245,-10.59,0.55));
#7291 = LINE('',#7292,#7293);
#7292 = CARTESIAN_POINT('',(5.245,-10.59,0.51));
#7293 = VECTOR('',#7294,1.);
#7294 = DIRECTION('',(0.,0.,1.));
#7295 = ORIENTED_EDGE('',*,*,#7296,.T.);
#7296 = EDGE_CURVE('',#7289,#7297,#7299,.T.);
#7297 = VERTEX_POINT('',#7298);
#7298 = CARTESIAN_POINT('',(5.245,-9.79,0.55));
#7299 = LINE('',#7300,#7301);
#7300 = CARTESIAN_POINT('',(5.245,-10.59,0.55));
#7301 = VECTOR('',#7302,1.);
#7302 = DIRECTION('',(0.,1.,0.));
#7303 = ORIENTED_EDGE('',*,*,#7304,.F.);
#7304 = EDGE_CURVE('',#7305,#7297,#7307,.T.);
#7305 = VERTEX_POINT('',#7306);
#7306 = CARTESIAN_POINT('',(5.245,-9.79,0.51));
#7307 = LINE('',#7308,#7309);
#7308 = CARTESIAN_POINT('',(5.245,-9.79,0.51));
#7309 = VECTOR('',#7310,1.);
#7310 = DIRECTION('',(0.,0.,1.));
#7311 = ORIENTED_EDGE('',*,*,#7312,.F.);
#7312 = EDGE_CURVE('',#7287,#7305,#7313,.T.);
#7313 = LINE('',#7314,#7315);
#7314 = CARTESIAN_POINT('',(5.245,-10.59,0.51));
#7315 = VECTOR('',#7316,1.);
#7316 = DIRECTION('',(0.,1.,0.));
#7317 = PLANE('',#7318);
#7318 = AXIS2_PLACEMENT_3D('',#7319,#7320,#7321);
#7319 = CARTESIAN_POINT('',(5.245,-10.59,0.51));
#7320 = DIRECTION('',(-1.,0.,0.));
#7321 = DIRECTION('',(0.,1.,0.));
#7322 = ADVANCED_FACE('',(#7323),#7348,.T.);
#7323 = FACE_BOUND('',#7324,.T.);
#7324 = EDGE_LOOP('',(#7325,#7326,#7334,#7342));
#7325 = ORIENTED_EDGE('',*,*,#7304,.T.);
#7326 = ORIENTED_EDGE('',*,*,#7327,.T.);
#7327 = EDGE_CURVE('',#7297,#7328,#7330,.T.);
#7328 = VERTEX_POINT('',#7329);
#7329 = CARTESIAN_POINT('',(5.895,-9.79,0.55));
#7330 = LINE('',#7331,#7332);
#7331 = CARTESIAN_POINT('',(5.245,-9.79,0.55));
#7332 = VECTOR('',#7333,1.);
#7333 = DIRECTION('',(1.,0.,0.));
#7334 = ORIENTED_EDGE('',*,*,#7335,.F.);
#7335 = EDGE_CURVE('',#7336,#7328,#7338,.T.);
#7336 = VERTEX_POINT('',#7337);
#7337 = CARTESIAN_POINT('',(5.895,-9.79,0.51));
#7338 = LINE('',#7339,#7340);
#7339 = CARTESIAN_POINT('',(5.895,-9.79,0.51));
#7340 = VECTOR('',#7341,1.);
#7341 = DIRECTION('',(0.,0.,1.));
#7342 = ORIENTED_EDGE('',*,*,#7343,.F.);
#7343 = EDGE_CURVE('',#7305,#7336,#7344,.T.);
#7344 = LINE('',#7345,#7346);
#7345 = CARTESIAN_POINT('',(5.245,-9.79,0.51));
#7346 = VECTOR('',#7347,1.);
#7347 = DIRECTION('',(1.,0.,0.));
#7348 = PLANE('',#7349);
#7349 = AXIS2_PLACEMENT_3D('',#7350,#7351,#7352);
#7350 = CARTESIAN_POINT('',(5.245,-9.79,0.51));
#7351 = DIRECTION('',(0.,1.,0.));
#7352 = DIRECTION('',(1.,0.,0.));
#7353 = ADVANCED_FACE('',(#7354),#7379,.T.);
#7354 = FACE_BOUND('',#7355,.T.);
#7355 = EDGE_LOOP('',(#7356,#7357,#7365,#7373));
#7356 = ORIENTED_EDGE('',*,*,#7335,.T.);
#7357 = ORIENTED_EDGE('',*,*,#7358,.T.);
#7358 = EDGE_CURVE('',#7328,#7359,#7361,.T.);
#7359 = VERTEX_POINT('',#7360);
#7360 = CARTESIAN_POINT('',(5.895,-10.59,0.55));
#7361 = LINE('',#7362,#7363);
#7362 = CARTESIAN_POINT('',(5.895,-9.79,0.55));
#7363 = VECTOR('',#7364,1.);
#7364 = DIRECTION('',(0.,-1.,0.));
#7365 = ORIENTED_EDGE('',*,*,#7366,.F.);
#7366 = EDGE_CURVE('',#7367,#7359,#7369,.T.);
#7367 = VERTEX_POINT('',#7368);
#7368 = CARTESIAN_POINT('',(5.895,-10.59,0.51));
#7369 = LINE('',#7370,#7371);
#7370 = CARTESIAN_POINT('',(5.895,-10.59,0.51));
#7371 = VECTOR('',#7372,1.);
#7372 = DIRECTION('',(0.,0.,1.));
#7373 = ORIENTED_EDGE('',*,*,#7374,.F.);
#7374 = EDGE_CURVE('',#7336,#7367,#7375,.T.);
#7375 = LINE('',#7376,#7377);
#7376 = CARTESIAN_POINT('',(5.895,-9.79,0.51));
#7377 = VECTOR('',#7378,1.);
#7378 = DIRECTION('',(0.,-1.,0.));
#7379 = PLANE('',#7380);
#7380 = AXIS2_PLACEMENT_3D('',#7381,#7382,#7383);
#7381 = CARTESIAN_POINT('',(5.895,-9.79,0.51));
#7382 = DIRECTION('',(1.,0.,-0.));
#7383 = DIRECTION('',(0.,-1.,0.));
#7384 = ADVANCED_FACE('',(#7385),#7401,.T.);
#7385 = FACE_BOUND('',#7386,.T.);
#7386 = EDGE_LOOP('',(#7387,#7388,#7394,#7395));
#7387 = ORIENTED_EDGE('',*,*,#7366,.T.);
#7388 = ORIENTED_EDGE('',*,*,#7389,.T.);
#7389 = EDGE_CURVE('',#7359,#7289,#7390,.T.);
#7390 = LINE('',#7391,#7392);
#7391 = CARTESIAN_POINT('',(5.895,-10.59,0.55));
#7392 = VECTOR('',#7393,1.);
#7393 = DIRECTION('',(-1.,0.,0.));
#7394 = ORIENTED_EDGE('',*,*,#7286,.F.);
#7395 = ORIENTED_EDGE('',*,*,#7396,.F.);
#7396 = EDGE_CURVE('',#7367,#7287,#7397,.T.);
#7397 = LINE('',#7398,#7399);
#7398 = CARTESIAN_POINT('',(5.895,-10.59,0.51));
#7399 = VECTOR('',#7400,1.);
#7400 = DIRECTION('',(-1.,0.,0.));
#7401 = PLANE('',#7402);
#7402 = AXIS2_PLACEMENT_3D('',#7403,#7404,#7405);
#7403 = CARTESIAN_POINT('',(5.895,-10.59,0.51));
#7404 = DIRECTION('',(0.,-1.,0.));
#7405 = DIRECTION('',(-1.,0.,0.));
#7406 = ADVANCED_FACE('',(#7407),#7413,.F.);
#7407 = FACE_BOUND('',#7408,.T.);
#7408 = EDGE_LOOP('',(#7409,#7410,#7411,#7412));
#7409 = ORIENTED_EDGE('',*,*,#7312,.T.);
#7410 = ORIENTED_EDGE('',*,*,#7343,.T.);
#7411 = ORIENTED_EDGE('',*,*,#7374,.T.);
#7412 = ORIENTED_EDGE('',*,*,#7396,.T.);
#7413 = PLANE('',#7414);
#7414 = AXIS2_PLACEMENT_3D('',#7415,#7416,#7417);
#7415 = CARTESIAN_POINT('',(0.,0.,0.51));
#7416 = DIRECTION('',(0.,0.,1.));
#7417 = DIRECTION('',(1.,0.,-0.));
#7418 = ADVANCED_FACE('',(#7419),#7425,.T.);
#7419 = FACE_BOUND('',#7420,.F.);
#7420 = EDGE_LOOP('',(#7421,#7422,#7423,#7424));
#7421 = ORIENTED_EDGE('',*,*,#7296,.T.);
#7422 = ORIENTED_EDGE('',*,*,#7327,.T.);
#7423 = ORIENTED_EDGE('',*,*,#7358,.T.);
#7424 = ORIENTED_EDGE('',*,*,#7389,.T.);
#7425 = PLANE('',#7426);
#7426 = AXIS2_PLACEMENT_3D('',#7427,#7428,#7429);
#7427 = CARTESIAN_POINT('',(0.,0.,0.55));
#7428 = DIRECTION('',(0.,0.,1.));
#7429 = DIRECTION('',(1.,0.,-0.));
#7430 = MANIFOLD_SOLID_BREP('',#7431);
#7431 = CLOSED_SHELL('',(#7432,#7474,#7505,#7536,#7599,#7662,#7679,#7696
    ,#7713,#7730,#7742));
#7432 = ADVANCED_FACE('',(#7433),#7469,.T.);
#7433 = FACE_BOUND('',#7434,.T.);
#7434 = EDGE_LOOP('',(#7435,#7445,#7454,#7462));
#7435 = ORIENTED_EDGE('',*,*,#7436,.T.);
#7436 = EDGE_CURVE('',#7437,#7439,#7441,.T.);
#7437 = VERTEX_POINT('',#7438);
#7438 = CARTESIAN_POINT('',(4.975,-3.325,0.51));
#7439 = VERTEX_POINT('',#7440);
#7440 = CARTESIAN_POINT('',(4.975,-3.325,0.55));
#7441 = LINE('',#7442,#7443);
#7442 = CARTESIAN_POINT('',(4.975,-3.325,0.51));
#7443 = VECTOR('',#7444,1.);
#7444 = DIRECTION('',(0.,0.,1.));
#7445 = ORIENTED_EDGE('',*,*,#7446,.T.);
#7446 = EDGE_CURVE('',#7439,#7447,#7449,.T.);
#7447 = VERTEX_POINT('',#7448);
#7448 = CARTESIAN_POINT('',(5.225,-3.075,0.55));
#7449 = CIRCLE('',#7450,0.249998959685);
#7450 = AXIS2_PLACEMENT_3D('',#7451,#7452,#7453);
#7451 = CARTESIAN_POINT('',(5.224998959683,-3.324998959683,0.55));
#7452 = DIRECTION('',(0.,0.,-1.));
#7453 = DIRECTION('',(-0.999999999991,-4.161285828185E-06,-0.));
#7454 = ORIENTED_EDGE('',*,*,#7455,.F.);
#7455 = EDGE_CURVE('',#7456,#7447,#7458,.T.);
#7456 = VERTEX_POINT('',#7457);
#7457 = CARTESIAN_POINT('',(5.225,-3.075,0.51));
#7458 = LINE('',#7459,#7460);
#7459 = CARTESIAN_POINT('',(5.225,-3.075,0.51));
#7460 = VECTOR('',#7461,1.);
#7461 = DIRECTION('',(0.,0.,1.));
#7462 = ORIENTED_EDGE('',*,*,#7463,.F.);
#7463 = EDGE_CURVE('',#7437,#7456,#7464,.T.);
#7464 = CIRCLE('',#7465,0.249998959685);
#7465 = AXIS2_PLACEMENT_3D('',#7466,#7467,#7468);
#7466 = CARTESIAN_POINT('',(5.224998959683,-3.324998959683,0.51));
#7467 = DIRECTION('',(0.,0.,-1.));
#7468 = DIRECTION('',(-0.999999999991,-4.161285828185E-06,-0.));
#7469 = CYLINDRICAL_SURFACE('',#7470,0.249998959685);
#7470 = AXIS2_PLACEMENT_3D('',#7471,#7472,#7473);
#7471 = CARTESIAN_POINT('',(5.224998959683,-3.324998959683,0.51));
#7472 = DIRECTION('',(0.,0.,-1.));
#7473 = DIRECTION('',(-0.999999999991,-4.161285828185E-06,-0.));
#7474 = ADVANCED_FACE('',(#7475),#7500,.T.);
#7475 = FACE_BOUND('',#7476,.T.);
#7476 = EDGE_LOOP('',(#7477,#7487,#7493,#7494));
#7477 = ORIENTED_EDGE('',*,*,#7478,.T.);
#7478 = EDGE_CURVE('',#7479,#7481,#7483,.T.);
#7479 = VERTEX_POINT('',#7480);
#7480 = CARTESIAN_POINT('',(4.975,-4.675,0.51));
#7481 = VERTEX_POINT('',#7482);
#7482 = CARTESIAN_POINT('',(4.975,-4.675,0.55));
#7483 = LINE('',#7484,#7485);
#7484 = CARTESIAN_POINT('',(4.975,-4.675,0.51));
#7485 = VECTOR('',#7486,1.);
#7486 = DIRECTION('',(0.,0.,1.));
#7487 = ORIENTED_EDGE('',*,*,#7488,.T.);
#7488 = EDGE_CURVE('',#7481,#7439,#7489,.T.);
#7489 = LINE('',#7490,#7491);
#7490 = CARTESIAN_POINT('',(4.975,-4.675,0.55));
#7491 = VECTOR('',#7492,1.);
#7492 = DIRECTION('',(0.,1.,0.));
#7493 = ORIENTED_EDGE('',*,*,#7436,.F.);
#7494 = ORIENTED_EDGE('',*,*,#7495,.F.);
#7495 = EDGE_CURVE('',#7479,#7437,#7496,.T.);
#7496 = LINE('',#7497,#7498);
#7497 = CARTESIAN_POINT('',(4.975,-4.675,0.51));
#7498 = VECTOR('',#7499,1.);
#7499 = DIRECTION('',(0.,1.,0.));
#7500 = PLANE('',#7501);
#7501 = AXIS2_PLACEMENT_3D('',#7502,#7503,#7504);
#7502 = CARTESIAN_POINT('',(4.975,-4.675,0.51));
#7503 = DIRECTION('',(-1.,0.,0.));
#7504 = DIRECTION('',(0.,1.,0.));
#7505 = ADVANCED_FACE('',(#7506),#7531,.T.);
#7506 = FACE_BOUND('',#7507,.T.);
#7507 = EDGE_LOOP('',(#7508,#7509,#7517,#7525));
#7508 = ORIENTED_EDGE('',*,*,#7455,.T.);
#7509 = ORIENTED_EDGE('',*,*,#7510,.T.);
#7510 = EDGE_CURVE('',#7447,#7511,#7513,.T.);
#7511 = VERTEX_POINT('',#7512);
#7512 = CARTESIAN_POINT('',(6.575,-3.075,0.55));
#7513 = LINE('',#7514,#7515);
#7514 = CARTESIAN_POINT('',(5.225,-3.075,0.55));
#7515 = VECTOR('',#7516,1.);
#7516 = DIRECTION('',(1.,0.,0.));
#7517 = ORIENTED_EDGE('',*,*,#7518,.F.);
#7518 = EDGE_CURVE('',#7519,#7511,#7521,.T.);
#7519 = VERTEX_POINT('',#7520);
#7520 = CARTESIAN_POINT('',(6.575,-3.075,0.51));
#7521 = LINE('',#7522,#7523);
#7522 = CARTESIAN_POINT('',(6.575,-3.075,0.51));
#7523 = VECTOR('',#7524,1.);
#7524 = DIRECTION('',(0.,0.,1.));
#7525 = ORIENTED_EDGE('',*,*,#7526,.F.);
#7526 = EDGE_CURVE('',#7456,#7519,#7527,.T.);
#7527 = LINE('',#7528,#7529);
#7528 = CARTESIAN_POINT('',(5.225,-3.075,0.51));
#7529 = VECTOR('',#7530,1.);
#7530 = DIRECTION('',(1.,0.,0.));
#7531 = PLANE('',#7532);
#7532 = AXIS2_PLACEMENT_3D('',#7533,#7534,#7535);
#7533 = CARTESIAN_POINT('',(5.225,-3.075,0.51));
#7534 = DIRECTION('',(0.,1.,0.));
#7535 = DIRECTION('',(1.,0.,0.));
#7536 = ADVANCED_FACE('',(#7537,#7583),#7594,.F.);
#7537 = FACE_BOUND('',#7538,.F.);
#7538 = EDGE_LOOP('',(#7539,#7540,#7541,#7550,#7558,#7567,#7575,#7582));
#7539 = ORIENTED_EDGE('',*,*,#7463,.F.);
#7540 = ORIENTED_EDGE('',*,*,#7495,.F.);
#7541 = ORIENTED_EDGE('',*,*,#7542,.F.);
#7542 = EDGE_CURVE('',#7543,#7479,#7545,.T.);
#7543 = VERTEX_POINT('',#7544);
#7544 = CARTESIAN_POINT('',(5.225,-4.925,0.51));
#7545 = CIRCLE('',#7546,0.249998959685);
#7546 = AXIS2_PLACEMENT_3D('',#7547,#7548,#7549);
#7547 = CARTESIAN_POINT('',(5.224998959683,-4.675001040317,0.51));
#7548 = DIRECTION('',(0.,0.,-1.));
#7549 = DIRECTION('',(4.161285833514E-06,-0.999999999991,0.));
#7550 = ORIENTED_EDGE('',*,*,#7551,.F.);
#7551 = EDGE_CURVE('',#7552,#7543,#7554,.T.);
#7552 = VERTEX_POINT('',#7553);
#7553 = CARTESIAN_POINT('',(6.575,-4.925,0.51));
#7554 = LINE('',#7555,#7556);
#7555 = CARTESIAN_POINT('',(6.575,-4.925,0.51));
#7556 = VECTOR('',#7557,1.);
#7557 = DIRECTION('',(-1.,0.,0.));
#7558 = ORIENTED_EDGE('',*,*,#7559,.F.);
#7559 = EDGE_CURVE('',#7560,#7552,#7562,.T.);
#7560 = VERTEX_POINT('',#7561);
#7561 = CARTESIAN_POINT('',(6.825,-4.675,0.51));
#7562 = CIRCLE('',#7563,0.249998959685);
#7563 = AXIS2_PLACEMENT_3D('',#7564,#7565,#7566);
#7564 = CARTESIAN_POINT('',(6.575001040317,-4.675001040317,0.51));
#7565 = DIRECTION('',(0.,0.,-1.));
#7566 = DIRECTION('',(0.999999999991,4.161285829961E-06,0.));
#7567 = ORIENTED_EDGE('',*,*,#7568,.F.);
#7568 = EDGE_CURVE('',#7569,#7560,#7571,.T.);
#7569 = VERTEX_POINT('',#7570);
#7570 = CARTESIAN_POINT('',(6.825,-3.325,0.51));
#7571 = LINE('',#7572,#7573);
#7572 = CARTESIAN_POINT('',(6.825,-3.325,0.51));
#7573 = VECTOR('',#7574,1.);
#7574 = DIRECTION('',(0.,-1.,0.));
#7575 = ORIENTED_EDGE('',*,*,#7576,.F.);
#7576 = EDGE_CURVE('',#7519,#7569,#7577,.T.);
#7577 = CIRCLE('',#7578,0.249998959685);
#7578 = AXIS2_PLACEMENT_3D('',#7579,#7580,#7581);
#7579 = CARTESIAN_POINT('',(6.575001040317,-3.324998959683,0.51));
#7580 = DIRECTION('',(0.,0.,-1.));
#7581 = DIRECTION('',(-4.161285829961E-06,0.999999999991,0.));
#7582 = ORIENTED_EDGE('',*,*,#7526,.F.);
#7583 = FACE_BOUND('',#7584,.F.);
#7584 = EDGE_LOOP('',(#7585));
#7585 = ORIENTED_EDGE('',*,*,#7586,.T.);
#7586 = EDGE_CURVE('',#7587,#7587,#7589,.T.);
#7587 = VERTEX_POINT('',#7588);
#7588 = CARTESIAN_POINT('',(5.9,-4.4,0.51));
#7589 = CIRCLE('',#7590,0.4);
#7590 = AXIS2_PLACEMENT_3D('',#7591,#7592,#7593);
#7591 = CARTESIAN_POINT('',(5.9,-4.,0.51));
#7592 = DIRECTION('',(-0.,0.,-1.));
#7593 = DIRECTION('',(-0.,-1.,0.));
#7594 = PLANE('',#7595);
#7595 = AXIS2_PLACEMENT_3D('',#7596,#7597,#7598);
#7596 = CARTESIAN_POINT('',(0.,0.,0.51));
#7597 = DIRECTION('',(0.,0.,1.));
#7598 = DIRECTION('',(1.,0.,-0.));
#7599 = ADVANCED_FACE('',(#7600,#7646),#7657,.T.);
#7600 = FACE_BOUND('',#7601,.T.);
#7601 = EDGE_LOOP('',(#7602,#7603,#7604,#7613,#7621,#7630,#7638,#7645));
#7602 = ORIENTED_EDGE('',*,*,#7446,.F.);
#7603 = ORIENTED_EDGE('',*,*,#7488,.F.);
#7604 = ORIENTED_EDGE('',*,*,#7605,.F.);
#7605 = EDGE_CURVE('',#7606,#7481,#7608,.T.);
#7606 = VERTEX_POINT('',#7607);
#7607 = CARTESIAN_POINT('',(5.225,-4.925,0.55));
#7608 = CIRCLE('',#7609,0.249998959685);
#7609 = AXIS2_PLACEMENT_3D('',#7610,#7611,#7612);
#7610 = CARTESIAN_POINT('',(5.224998959683,-4.675001040317,0.55));
#7611 = DIRECTION('',(0.,0.,-1.));
#7612 = DIRECTION('',(4.161285833514E-06,-0.999999999991,0.));
#7613 = ORIENTED_EDGE('',*,*,#7614,.F.);
#7614 = EDGE_CURVE('',#7615,#7606,#7617,.T.);
#7615 = VERTEX_POINT('',#7616);
#7616 = CARTESIAN_POINT('',(6.575,-4.925,0.55));
#7617 = LINE('',#7618,#7619);
#7618 = CARTESIAN_POINT('',(6.575,-4.925,0.55));
#7619 = VECTOR('',#7620,1.);
#7620 = DIRECTION('',(-1.,0.,0.));
#7621 = ORIENTED_EDGE('',*,*,#7622,.F.);
#7622 = EDGE_CURVE('',#7623,#7615,#7625,.T.);
#7623 = VERTEX_POINT('',#7624);
#7624 = CARTESIAN_POINT('',(6.825,-4.675,0.55));
#7625 = CIRCLE('',#7626,0.249998959685);
#7626 = AXIS2_PLACEMENT_3D('',#7627,#7628,#7629);
#7627 = CARTESIAN_POINT('',(6.575001040317,-4.675001040317,0.55));
#7628 = DIRECTION('',(0.,0.,-1.));
#7629 = DIRECTION('',(0.999999999991,4.161285829961E-06,0.));
#7630 = ORIENTED_EDGE('',*,*,#7631,.F.);
#7631 = EDGE_CURVE('',#7632,#7623,#7634,.T.);
#7632 = VERTEX_POINT('',#7633);
#7633 = CARTESIAN_POINT('',(6.825,-3.325,0.55));
#7634 = LINE('',#7635,#7636);
#7635 = CARTESIAN_POINT('',(6.825,-3.325,0.55));
#7636 = VECTOR('',#7637,1.);
#7637 = DIRECTION('',(0.,-1.,0.));
#7638 = ORIENTED_EDGE('',*,*,#7639,.F.);
#7639 = EDGE_CURVE('',#7511,#7632,#7640,.T.);
#7640 = CIRCLE('',#7641,0.249998959685);
#7641 = AXIS2_PLACEMENT_3D('',#7642,#7643,#7644);
#7642 = CARTESIAN_POINT('',(6.575001040317,-3.324998959683,0.55));
#7643 = DIRECTION('',(0.,0.,-1.));
#7644 = DIRECTION('',(-4.161285829961E-06,0.999999999991,0.));
#7645 = ORIENTED_EDGE('',*,*,#7510,.F.);
#7646 = FACE_BOUND('',#7647,.T.);
#7647 = EDGE_LOOP('',(#7648));
#7648 = ORIENTED_EDGE('',*,*,#7649,.T.);
#7649 = EDGE_CURVE('',#7650,#7650,#7652,.T.);
#7650 = VERTEX_POINT('',#7651);
#7651 = CARTESIAN_POINT('',(5.9,-4.4,0.55));
#7652 = CIRCLE('',#7653,0.4);
#7653 = AXIS2_PLACEMENT_3D('',#7654,#7655,#7656);
#7654 = CARTESIAN_POINT('',(5.9,-4.,0.55));
#7655 = DIRECTION('',(-0.,0.,-1.));
#7656 = DIRECTION('',(-0.,-1.,0.));
#7657 = PLANE('',#7658);
#7658 = AXIS2_PLACEMENT_3D('',#7659,#7660,#7661);
#7659 = CARTESIAN_POINT('',(0.,0.,0.55));
#7660 = DIRECTION('',(0.,0.,1.));
#7661 = DIRECTION('',(1.,0.,-0.));
#7662 = ADVANCED_FACE('',(#7663),#7674,.T.);
#7663 = FACE_BOUND('',#7664,.T.);
#7664 = EDGE_LOOP('',(#7665,#7671,#7672,#7673));
#7665 = ORIENTED_EDGE('',*,*,#7666,.T.);
#7666 = EDGE_CURVE('',#7543,#7606,#7667,.T.);
#7667 = LINE('',#7668,#7669);
#7668 = CARTESIAN_POINT('',(5.225,-4.925,0.51));
#7669 = VECTOR('',#7670,1.);
#7670 = DIRECTION('',(0.,0.,1.));
#7671 = ORIENTED_EDGE('',*,*,#7605,.T.);
#7672 = ORIENTED_EDGE('',*,*,#7478,.F.);
#7673 = ORIENTED_EDGE('',*,*,#7542,.F.);
#7674 = CYLINDRICAL_SURFACE('',#7675,0.249998959685);
#7675 = AXIS2_PLACEMENT_3D('',#7676,#7677,#7678);
#7676 = CARTESIAN_POINT('',(5.224998959683,-4.675001040317,0.51));
#7677 = DIRECTION('',(0.,0.,-1.));
#7678 = DIRECTION('',(4.161285833514E-06,-0.999999999991,0.));
#7679 = ADVANCED_FACE('',(#7680),#7691,.T.);
#7680 = FACE_BOUND('',#7681,.T.);
#7681 = EDGE_LOOP('',(#7682,#7683,#7684,#7690));
#7682 = ORIENTED_EDGE('',*,*,#7518,.T.);
#7683 = ORIENTED_EDGE('',*,*,#7639,.T.);
#7684 = ORIENTED_EDGE('',*,*,#7685,.F.);
#7685 = EDGE_CURVE('',#7569,#7632,#7686,.T.);
#7686 = LINE('',#7687,#7688);
#7687 = CARTESIAN_POINT('',(6.825,-3.325,0.51));
#7688 = VECTOR('',#7689,1.);
#7689 = DIRECTION('',(0.,0.,1.));
#7690 = ORIENTED_EDGE('',*,*,#7576,.F.);
#7691 = CYLINDRICAL_SURFACE('',#7692,0.249998959685);
#7692 = AXIS2_PLACEMENT_3D('',#7693,#7694,#7695);
#7693 = CARTESIAN_POINT('',(6.575001040317,-3.324998959683,0.51));
#7694 = DIRECTION('',(0.,0.,-1.));
#7695 = DIRECTION('',(-4.161285829961E-06,0.999999999991,0.));
#7696 = ADVANCED_FACE('',(#7697),#7708,.T.);
#7697 = FACE_BOUND('',#7698,.T.);
#7698 = EDGE_LOOP('',(#7699,#7705,#7706,#7707));
#7699 = ORIENTED_EDGE('',*,*,#7700,.T.);
#7700 = EDGE_CURVE('',#7552,#7615,#7701,.T.);
#7701 = LINE('',#7702,#7703);
#7702 = CARTESIAN_POINT('',(6.575,-4.925,0.51));
#7703 = VECTOR('',#7704,1.);
#7704 = DIRECTION('',(0.,0.,1.));
#7705 = ORIENTED_EDGE('',*,*,#7614,.T.);
#7706 = ORIENTED_EDGE('',*,*,#7666,.F.);
#7707 = ORIENTED_EDGE('',*,*,#7551,.F.);
#7708 = PLANE('',#7709);
#7709 = AXIS2_PLACEMENT_3D('',#7710,#7711,#7712);
#7710 = CARTESIAN_POINT('',(6.575,-4.925,0.51));
#7711 = DIRECTION('',(0.,-1.,0.));
#7712 = DIRECTION('',(-1.,0.,0.));
#7713 = ADVANCED_FACE('',(#7714),#7725,.T.);
#7714 = FACE_BOUND('',#7715,.T.);
#7715 = EDGE_LOOP('',(#7716,#7717,#7718,#7724));
#7716 = ORIENTED_EDGE('',*,*,#7685,.T.);
#7717 = ORIENTED_EDGE('',*,*,#7631,.T.);
#7718 = ORIENTED_EDGE('',*,*,#7719,.F.);
#7719 = EDGE_CURVE('',#7560,#7623,#7720,.T.);
#7720 = LINE('',#7721,#7722);
#7721 = CARTESIAN_POINT('',(6.825,-4.675,0.51));
#7722 = VECTOR('',#7723,1.);
#7723 = DIRECTION('',(0.,0.,1.));
#7724 = ORIENTED_EDGE('',*,*,#7568,.F.);
#7725 = PLANE('',#7726);
#7726 = AXIS2_PLACEMENT_3D('',#7727,#7728,#7729);
#7727 = CARTESIAN_POINT('',(6.825,-3.325,0.51));
#7728 = DIRECTION('',(1.,0.,-0.));
#7729 = DIRECTION('',(0.,-1.,0.));
#7730 = ADVANCED_FACE('',(#7731),#7737,.T.);
#7731 = FACE_BOUND('',#7732,.T.);
#7732 = EDGE_LOOP('',(#7733,#7734,#7735,#7736));
#7733 = ORIENTED_EDGE('',*,*,#7719,.T.);
#7734 = ORIENTED_EDGE('',*,*,#7622,.T.);
#7735 = ORIENTED_EDGE('',*,*,#7700,.F.);
#7736 = ORIENTED_EDGE('',*,*,#7559,.F.);
#7737 = CYLINDRICAL_SURFACE('',#7738,0.249998959685);
#7738 = AXIS2_PLACEMENT_3D('',#7739,#7740,#7741);
#7739 = CARTESIAN_POINT('',(6.575001040317,-4.675001040317,0.51));
#7740 = DIRECTION('',(0.,0.,-1.));
#7741 = DIRECTION('',(0.999999999991,4.161285829961E-06,0.));
#7742 = ADVANCED_FACE('',(#7743),#7754,.F.);
#7743 = FACE_BOUND('',#7744,.T.);
#7744 = EDGE_LOOP('',(#7745,#7746,#7752,#7753));
#7745 = ORIENTED_EDGE('',*,*,#7586,.T.);
#7746 = ORIENTED_EDGE('',*,*,#7747,.T.);
#7747 = EDGE_CURVE('',#7587,#7650,#7748,.T.);
#7748 = LINE('',#7749,#7750);
#7749 = CARTESIAN_POINT('',(5.9,-4.4,-4.6E-02));
#7750 = VECTOR('',#7751,1.);
#7751 = DIRECTION('',(0.,0.,1.));
#7752 = ORIENTED_EDGE('',*,*,#7649,.F.);
#7753 = ORIENTED_EDGE('',*,*,#7747,.F.);
#7754 = CYLINDRICAL_SURFACE('',#7755,0.4);
#7755 = AXIS2_PLACEMENT_3D('',#7756,#7757,#7758);
#7756 = CARTESIAN_POINT('',(5.9,-4.,-4.6E-02));
#7757 = DIRECTION('',(-0.,-0.,-1.));
#7758 = DIRECTION('',(-0.,-1.,0.));
#7759 = MANIFOLD_SOLID_BREP('',#7760);
#7760 = CLOSED_SHELL('',(#7761,#7803,#7834,#7865,#7928,#7991,#8008,#8025
    ,#8042,#8059,#8071));
#7761 = ADVANCED_FACE('',(#7762),#7798,.T.);
#7762 = FACE_BOUND('',#7763,.F.);
#7763 = EDGE_LOOP('',(#7764,#7774,#7783,#7791));
#7764 = ORIENTED_EDGE('',*,*,#7765,.T.);
#7765 = EDGE_CURVE('',#7766,#7768,#7770,.T.);
#7766 = VERTEX_POINT('',#7767);
#7767 = CARTESIAN_POINT('',(4.975,-3.325,0.));
#7768 = VERTEX_POINT('',#7769);
#7769 = CARTESIAN_POINT('',(4.975,-3.325,-4.E-02));
#7770 = LINE('',#7771,#7772);
#7771 = CARTESIAN_POINT('',(4.975,-3.325,0.));
#7772 = VECTOR('',#7773,1.);
#7773 = DIRECTION('',(0.,0.,-1.));
#7774 = ORIENTED_EDGE('',*,*,#7775,.T.);
#7775 = EDGE_CURVE('',#7768,#7776,#7778,.T.);
#7776 = VERTEX_POINT('',#7777);
#7777 = CARTESIAN_POINT('',(5.225,-3.075,-4.E-02));
#7778 = CIRCLE('',#7779,0.249998959685);
#7779 = AXIS2_PLACEMENT_3D('',#7780,#7781,#7782);
#7780 = CARTESIAN_POINT('',(5.224998959683,-3.324998959683,-4.E-02));
#7781 = DIRECTION('',(0.,0.,-1.));
#7782 = DIRECTION('',(-0.999999999991,-4.161285828185E-06,-0.));
#7783 = ORIENTED_EDGE('',*,*,#7784,.F.);
#7784 = EDGE_CURVE('',#7785,#7776,#7787,.T.);
#7785 = VERTEX_POINT('',#7786);
#7786 = CARTESIAN_POINT('',(5.225,-3.075,0.));
#7787 = LINE('',#7788,#7789);
#7788 = CARTESIAN_POINT('',(5.225,-3.075,0.));
#7789 = VECTOR('',#7790,1.);
#7790 = DIRECTION('',(0.,0.,-1.));
#7791 = ORIENTED_EDGE('',*,*,#7792,.F.);
#7792 = EDGE_CURVE('',#7766,#7785,#7793,.T.);
#7793 = CIRCLE('',#7794,0.249998959685);
#7794 = AXIS2_PLACEMENT_3D('',#7795,#7796,#7797);
#7795 = CARTESIAN_POINT('',(5.224998959683,-3.324998959683,0.));
#7796 = DIRECTION('',(0.,0.,-1.));
#7797 = DIRECTION('',(-0.999999999991,-4.161285828185E-06,-0.));
#7798 = CYLINDRICAL_SURFACE('',#7799,0.249998959685);
#7799 = AXIS2_PLACEMENT_3D('',#7800,#7801,#7802);
#7800 = CARTESIAN_POINT('',(5.224998959683,-3.324998959683,0.));
#7801 = DIRECTION('',(-0.,-0.,1.));
#7802 = DIRECTION('',(-0.999999999991,-4.161285828185E-06,-0.));
#7803 = ADVANCED_FACE('',(#7804),#7829,.F.);
#7804 = FACE_BOUND('',#7805,.F.);
#7805 = EDGE_LOOP('',(#7806,#7816,#7822,#7823));
#7806 = ORIENTED_EDGE('',*,*,#7807,.T.);
#7807 = EDGE_CURVE('',#7808,#7810,#7812,.T.);
#7808 = VERTEX_POINT('',#7809);
#7809 = CARTESIAN_POINT('',(4.975,-4.675,0.));
#7810 = VERTEX_POINT('',#7811);
#7811 = CARTESIAN_POINT('',(4.975,-4.675,-4.E-02));
#7812 = LINE('',#7813,#7814);
#7813 = CARTESIAN_POINT('',(4.975,-4.675,0.));
#7814 = VECTOR('',#7815,1.);
#7815 = DIRECTION('',(0.,0.,-1.));
#7816 = ORIENTED_EDGE('',*,*,#7817,.T.);
#7817 = EDGE_CURVE('',#7810,#7768,#7818,.T.);
#7818 = LINE('',#7819,#7820);
#7819 = CARTESIAN_POINT('',(4.975,-4.675,-4.E-02));
#7820 = VECTOR('',#7821,1.);
#7821 = DIRECTION('',(0.,1.,0.));
#7822 = ORIENTED_EDGE('',*,*,#7765,.F.);
#7823 = ORIENTED_EDGE('',*,*,#7824,.F.);
#7824 = EDGE_CURVE('',#7808,#7766,#7825,.T.);
#7825 = LINE('',#7826,#7827);
#7826 = CARTESIAN_POINT('',(4.975,-4.675,0.));
#7827 = VECTOR('',#7828,1.);
#7828 = DIRECTION('',(0.,1.,0.));
#7829 = PLANE('',#7830);
#7830 = AXIS2_PLACEMENT_3D('',#7831,#7832,#7833);
#7831 = CARTESIAN_POINT('',(4.975,-4.675,0.));
#7832 = DIRECTION('',(1.,-0.,0.));
#7833 = DIRECTION('',(0.,1.,0.));
#7834 = ADVANCED_FACE('',(#7835),#7860,.F.);
#7835 = FACE_BOUND('',#7836,.F.);
#7836 = EDGE_LOOP('',(#7837,#7838,#7846,#7854));
#7837 = ORIENTED_EDGE('',*,*,#7784,.T.);
#7838 = ORIENTED_EDGE('',*,*,#7839,.T.);
#7839 = EDGE_CURVE('',#7776,#7840,#7842,.T.);
#7840 = VERTEX_POINT('',#7841);
#7841 = CARTESIAN_POINT('',(6.575,-3.075,-4.E-02));
#7842 = LINE('',#7843,#7844);
#7843 = CARTESIAN_POINT('',(5.225,-3.075,-4.E-02));
#7844 = VECTOR('',#7845,1.);
#7845 = DIRECTION('',(1.,0.,0.));
#7846 = ORIENTED_EDGE('',*,*,#7847,.F.);
#7847 = EDGE_CURVE('',#7848,#7840,#7850,.T.);
#7848 = VERTEX_POINT('',#7849);
#7849 = CARTESIAN_POINT('',(6.575,-3.075,0.));
#7850 = LINE('',#7851,#7852);
#7851 = CARTESIAN_POINT('',(6.575,-3.075,0.));
#7852 = VECTOR('',#7853,1.);
#7853 = DIRECTION('',(0.,0.,-1.));
#7854 = ORIENTED_EDGE('',*,*,#7855,.F.);
#7855 = EDGE_CURVE('',#7785,#7848,#7856,.T.);
#7856 = LINE('',#7857,#7858);
#7857 = CARTESIAN_POINT('',(5.225,-3.075,0.));
#7858 = VECTOR('',#7859,1.);
#7859 = DIRECTION('',(1.,0.,0.));
#7860 = PLANE('',#7861);
#7861 = AXIS2_PLACEMENT_3D('',#7862,#7863,#7864);
#7862 = CARTESIAN_POINT('',(5.225,-3.075,0.));
#7863 = DIRECTION('',(0.,-1.,0.));
#7864 = DIRECTION('',(1.,0.,0.));
#7865 = ADVANCED_FACE('',(#7866,#7912),#7923,.F.);
#7866 = FACE_BOUND('',#7867,.F.);
#7867 = EDGE_LOOP('',(#7868,#7869,#7870,#7879,#7887,#7896,#7904,#7911));
#7868 = ORIENTED_EDGE('',*,*,#7792,.T.);
#7869 = ORIENTED_EDGE('',*,*,#7855,.T.);
#7870 = ORIENTED_EDGE('',*,*,#7871,.T.);
#7871 = EDGE_CURVE('',#7848,#7872,#7874,.T.);
#7872 = VERTEX_POINT('',#7873);
#7873 = CARTESIAN_POINT('',(6.825,-3.325,0.));
#7874 = CIRCLE('',#7875,0.249998959685);
#7875 = AXIS2_PLACEMENT_3D('',#7876,#7877,#7878);
#7876 = CARTESIAN_POINT('',(6.575001040317,-3.324998959683,0.));
#7877 = DIRECTION('',(0.,0.,-1.));
#7878 = DIRECTION('',(-4.161285829961E-06,0.999999999991,0.));
#7879 = ORIENTED_EDGE('',*,*,#7880,.T.);
#7880 = EDGE_CURVE('',#7872,#7881,#7883,.T.);
#7881 = VERTEX_POINT('',#7882);
#7882 = CARTESIAN_POINT('',(6.825,-4.675,0.));
#7883 = LINE('',#7884,#7885);
#7884 = CARTESIAN_POINT('',(6.825,-3.325,0.));
#7885 = VECTOR('',#7886,1.);
#7886 = DIRECTION('',(0.,-1.,0.));
#7887 = ORIENTED_EDGE('',*,*,#7888,.T.);
#7888 = EDGE_CURVE('',#7881,#7889,#7891,.T.);
#7889 = VERTEX_POINT('',#7890);
#7890 = CARTESIAN_POINT('',(6.575,-4.925,0.));
#7891 = CIRCLE('',#7892,0.249998959685);
#7892 = AXIS2_PLACEMENT_3D('',#7893,#7894,#7895);
#7893 = CARTESIAN_POINT('',(6.575001040317,-4.675001040317,0.));
#7894 = DIRECTION('',(0.,0.,-1.));
#7895 = DIRECTION('',(0.999999999991,4.161285829961E-06,0.));
#7896 = ORIENTED_EDGE('',*,*,#7897,.T.);
#7897 = EDGE_CURVE('',#7889,#7898,#7900,.T.);
#7898 = VERTEX_POINT('',#7899);
#7899 = CARTESIAN_POINT('',(5.225,-4.925,0.));
#7900 = LINE('',#7901,#7902);
#7901 = CARTESIAN_POINT('',(6.575,-4.925,0.));
#7902 = VECTOR('',#7903,1.);
#7903 = DIRECTION('',(-1.,0.,0.));
#7904 = ORIENTED_EDGE('',*,*,#7905,.T.);
#7905 = EDGE_CURVE('',#7898,#7808,#7906,.T.);
#7906 = CIRCLE('',#7907,0.249998959685);
#7907 = AXIS2_PLACEMENT_3D('',#7908,#7909,#7910);
#7908 = CARTESIAN_POINT('',(5.224998959683,-4.675001040317,0.));
#7909 = DIRECTION('',(0.,0.,-1.));
#7910 = DIRECTION('',(4.161285833514E-06,-0.999999999991,0.));
#7911 = ORIENTED_EDGE('',*,*,#7824,.T.);
#7912 = FACE_BOUND('',#7913,.F.);
#7913 = EDGE_LOOP('',(#7914));
#7914 = ORIENTED_EDGE('',*,*,#7915,.F.);
#7915 = EDGE_CURVE('',#7916,#7916,#7918,.T.);
#7916 = VERTEX_POINT('',#7917);
#7917 = CARTESIAN_POINT('',(5.9,-4.4,0.));
#7918 = CIRCLE('',#7919,0.4);
#7919 = AXIS2_PLACEMENT_3D('',#7920,#7921,#7922);
#7920 = CARTESIAN_POINT('',(5.9,-4.,0.));
#7921 = DIRECTION('',(-0.,0.,-1.));
#7922 = DIRECTION('',(-0.,-1.,0.));
#7923 = PLANE('',#7924);
#7924 = AXIS2_PLACEMENT_3D('',#7925,#7926,#7927);
#7925 = CARTESIAN_POINT('',(0.,0.,0.));
#7926 = DIRECTION('',(-0.,-0.,-1.));
#7927 = DIRECTION('',(-1.,0.,0.));
#7928 = ADVANCED_FACE('',(#7929,#7975),#7986,.T.);
#7929 = FACE_BOUND('',#7930,.T.);
#7930 = EDGE_LOOP('',(#7931,#7932,#7933,#7942,#7950,#7959,#7967,#7974));
#7931 = ORIENTED_EDGE('',*,*,#7775,.T.);
#7932 = ORIENTED_EDGE('',*,*,#7839,.T.);
#7933 = ORIENTED_EDGE('',*,*,#7934,.T.);
#7934 = EDGE_CURVE('',#7840,#7935,#7937,.T.);
#7935 = VERTEX_POINT('',#7936);
#7936 = CARTESIAN_POINT('',(6.825,-3.325,-4.E-02));
#7937 = CIRCLE('',#7938,0.249998959685);
#7938 = AXIS2_PLACEMENT_3D('',#7939,#7940,#7941);
#7939 = CARTESIAN_POINT('',(6.575001040317,-3.324998959683,-4.E-02));
#7940 = DIRECTION('',(0.,0.,-1.));
#7941 = DIRECTION('',(-4.161285829961E-06,0.999999999991,0.));
#7942 = ORIENTED_EDGE('',*,*,#7943,.T.);
#7943 = EDGE_CURVE('',#7935,#7944,#7946,.T.);
#7944 = VERTEX_POINT('',#7945);
#7945 = CARTESIAN_POINT('',(6.825,-4.675,-4.E-02));
#7946 = LINE('',#7947,#7948);
#7947 = CARTESIAN_POINT('',(6.825,-3.325,-4.E-02));
#7948 = VECTOR('',#7949,1.);
#7949 = DIRECTION('',(0.,-1.,0.));
#7950 = ORIENTED_EDGE('',*,*,#7951,.T.);
#7951 = EDGE_CURVE('',#7944,#7952,#7954,.T.);
#7952 = VERTEX_POINT('',#7953);
#7953 = CARTESIAN_POINT('',(6.575,-4.925,-4.E-02));
#7954 = CIRCLE('',#7955,0.249998959685);
#7955 = AXIS2_PLACEMENT_3D('',#7956,#7957,#7958);
#7956 = CARTESIAN_POINT('',(6.575001040317,-4.675001040317,-4.E-02));
#7957 = DIRECTION('',(0.,0.,-1.));
#7958 = DIRECTION('',(0.999999999991,4.161285829961E-06,0.));
#7959 = ORIENTED_EDGE('',*,*,#7960,.T.);
#7960 = EDGE_CURVE('',#7952,#7961,#7963,.T.);
#7961 = VERTEX_POINT('',#7962);
#7962 = CARTESIAN_POINT('',(5.225,-4.925,-4.E-02));
#7963 = LINE('',#7964,#7965);
#7964 = CARTESIAN_POINT('',(6.575,-4.925,-4.E-02));
#7965 = VECTOR('',#7966,1.);
#7966 = DIRECTION('',(-1.,0.,0.));
#7967 = ORIENTED_EDGE('',*,*,#7968,.T.);
#7968 = EDGE_CURVE('',#7961,#7810,#7969,.T.);
#7969 = CIRCLE('',#7970,0.249998959685);
#7970 = AXIS2_PLACEMENT_3D('',#7971,#7972,#7973);
#7971 = CARTESIAN_POINT('',(5.224998959683,-4.675001040317,-4.E-02));
#7972 = DIRECTION('',(0.,0.,-1.));
#7973 = DIRECTION('',(4.161285833514E-06,-0.999999999991,0.));
#7974 = ORIENTED_EDGE('',*,*,#7817,.T.);
#7975 = FACE_BOUND('',#7976,.T.);
#7976 = EDGE_LOOP('',(#7977));
#7977 = ORIENTED_EDGE('',*,*,#7978,.F.);
#7978 = EDGE_CURVE('',#7979,#7979,#7981,.T.);
#7979 = VERTEX_POINT('',#7980);
#7980 = CARTESIAN_POINT('',(5.9,-4.4,-4.E-02));
#7981 = CIRCLE('',#7982,0.4);
#7982 = AXIS2_PLACEMENT_3D('',#7983,#7984,#7985);
#7983 = CARTESIAN_POINT('',(5.9,-4.,-4.E-02));
#7984 = DIRECTION('',(-0.,0.,-1.));
#7985 = DIRECTION('',(-0.,-1.,0.));
#7986 = PLANE('',#7987);
#7987 = AXIS2_PLACEMENT_3D('',#7988,#7989,#7990);
#7988 = CARTESIAN_POINT('',(0.,0.,-4.E-02));
#7989 = DIRECTION('',(-0.,-0.,-1.));
#7990 = DIRECTION('',(-1.,0.,0.));
#7991 = ADVANCED_FACE('',(#7992),#8003,.T.);
#7992 = FACE_BOUND('',#7993,.F.);
#7993 = EDGE_LOOP('',(#7994,#8000,#8001,#8002));
#7994 = ORIENTED_EDGE('',*,*,#7995,.T.);
#7995 = EDGE_CURVE('',#7898,#7961,#7996,.T.);
#7996 = LINE('',#7997,#7998);
#7997 = CARTESIAN_POINT('',(5.225,-4.925,0.));
#7998 = VECTOR('',#7999,1.);
#7999 = DIRECTION('',(0.,0.,-1.));
#8000 = ORIENTED_EDGE('',*,*,#7968,.T.);
#8001 = ORIENTED_EDGE('',*,*,#7807,.F.);
#8002 = ORIENTED_EDGE('',*,*,#7905,.F.);
#8003 = CYLINDRICAL_SURFACE('',#8004,0.249998959685);
#8004 = AXIS2_PLACEMENT_3D('',#8005,#8006,#8007);
#8005 = CARTESIAN_POINT('',(5.224998959683,-4.675001040317,0.));
#8006 = DIRECTION('',(-0.,-0.,1.));
#8007 = DIRECTION('',(4.161285833514E-06,-0.999999999991,0.));
#8008 = ADVANCED_FACE('',(#8009),#8020,.T.);
#8009 = FACE_BOUND('',#8010,.F.);
#8010 = EDGE_LOOP('',(#8011,#8012,#8013,#8019));
#8011 = ORIENTED_EDGE('',*,*,#7847,.T.);
#8012 = ORIENTED_EDGE('',*,*,#7934,.T.);
#8013 = ORIENTED_EDGE('',*,*,#8014,.F.);
#8014 = EDGE_CURVE('',#7872,#7935,#8015,.T.);
#8015 = LINE('',#8016,#8017);
#8016 = CARTESIAN_POINT('',(6.825,-3.325,0.));
#8017 = VECTOR('',#8018,1.);
#8018 = DIRECTION('',(0.,0.,-1.));
#8019 = ORIENTED_EDGE('',*,*,#7871,.F.);
#8020 = CYLINDRICAL_SURFACE('',#8021,0.249998959685);
#8021 = AXIS2_PLACEMENT_3D('',#8022,#8023,#8024);
#8022 = CARTESIAN_POINT('',(6.575001040317,-3.324998959683,0.));
#8023 = DIRECTION('',(-0.,-0.,1.));
#8024 = DIRECTION('',(-4.161285829961E-06,0.999999999991,0.));
#8025 = ADVANCED_FACE('',(#8026),#8037,.F.);
#8026 = FACE_BOUND('',#8027,.F.);
#8027 = EDGE_LOOP('',(#8028,#8034,#8035,#8036));
#8028 = ORIENTED_EDGE('',*,*,#8029,.T.);
#8029 = EDGE_CURVE('',#7889,#7952,#8030,.T.);
#8030 = LINE('',#8031,#8032);
#8031 = CARTESIAN_POINT('',(6.575,-4.925,0.));
#8032 = VECTOR('',#8033,1.);
#8033 = DIRECTION('',(0.,0.,-1.));
#8034 = ORIENTED_EDGE('',*,*,#7960,.T.);
#8035 = ORIENTED_EDGE('',*,*,#7995,.F.);
#8036 = ORIENTED_EDGE('',*,*,#7897,.F.);
#8037 = PLANE('',#8038);
#8038 = AXIS2_PLACEMENT_3D('',#8039,#8040,#8041);
#8039 = CARTESIAN_POINT('',(6.575,-4.925,0.));
#8040 = DIRECTION('',(0.,1.,0.));
#8041 = DIRECTION('',(-1.,0.,0.));
#8042 = ADVANCED_FACE('',(#8043),#8054,.F.);
#8043 = FACE_BOUND('',#8044,.F.);
#8044 = EDGE_LOOP('',(#8045,#8046,#8047,#8053));
#8045 = ORIENTED_EDGE('',*,*,#8014,.T.);
#8046 = ORIENTED_EDGE('',*,*,#7943,.T.);
#8047 = ORIENTED_EDGE('',*,*,#8048,.F.);
#8048 = EDGE_CURVE('',#7881,#7944,#8049,.T.);
#8049 = LINE('',#8050,#8051);
#8050 = CARTESIAN_POINT('',(6.825,-4.675,0.));
#8051 = VECTOR('',#8052,1.);
#8052 = DIRECTION('',(0.,0.,-1.));
#8053 = ORIENTED_EDGE('',*,*,#7880,.F.);
#8054 = PLANE('',#8055);
#8055 = AXIS2_PLACEMENT_3D('',#8056,#8057,#8058);
#8056 = CARTESIAN_POINT('',(6.825,-3.325,0.));
#8057 = DIRECTION('',(-1.,-0.,-0.));
#8058 = DIRECTION('',(0.,-1.,0.));
#8059 = ADVANCED_FACE('',(#8060),#8066,.T.);
#8060 = FACE_BOUND('',#8061,.F.);
#8061 = EDGE_LOOP('',(#8062,#8063,#8064,#8065));
#8062 = ORIENTED_EDGE('',*,*,#8048,.T.);
#8063 = ORIENTED_EDGE('',*,*,#7951,.T.);
#8064 = ORIENTED_EDGE('',*,*,#8029,.F.);
#8065 = ORIENTED_EDGE('',*,*,#7888,.F.);
#8066 = CYLINDRICAL_SURFACE('',#8067,0.249998959685);
#8067 = AXIS2_PLACEMENT_3D('',#8068,#8069,#8070);
#8068 = CARTESIAN_POINT('',(6.575001040317,-4.675001040317,0.));
#8069 = DIRECTION('',(-0.,-0.,1.));
#8070 = DIRECTION('',(0.999999999991,4.161285829961E-06,0.));
#8071 = ADVANCED_FACE('',(#8072),#8083,.F.);
#8072 = FACE_BOUND('',#8073,.T.);
#8073 = EDGE_LOOP('',(#8074,#8075,#8081,#8082));
#8074 = ORIENTED_EDGE('',*,*,#7978,.T.);
#8075 = ORIENTED_EDGE('',*,*,#8076,.T.);
#8076 = EDGE_CURVE('',#7979,#7916,#8077,.T.);
#8077 = LINE('',#8078,#8079);
#8078 = CARTESIAN_POINT('',(5.9,-4.4,-4.6E-02));
#8079 = VECTOR('',#8080,1.);
#8080 = DIRECTION('',(0.,0.,1.));
#8081 = ORIENTED_EDGE('',*,*,#7915,.F.);
#8082 = ORIENTED_EDGE('',*,*,#8076,.F.);
#8083 = CYLINDRICAL_SURFACE('',#8084,0.4);
#8084 = AXIS2_PLACEMENT_3D('',#8085,#8086,#8087);
#8085 = CARTESIAN_POINT('',(5.9,-4.,-4.6E-02));
#8086 = DIRECTION('',(-0.,-0.,-1.));
#8087 = DIRECTION('',(-0.,-1.,0.));
#8088 = MANIFOLD_SOLID_BREP('',#8089);
#8089 = CLOSED_SHELL('',(#8090,#8123,#8143,#8163));
#8090 = ADVANCED_FACE('',(#8091),#8118,.T.);
#8091 = FACE_BOUND('',#8092,.F.);
#8092 = EDGE_LOOP('',(#8093,#8103,#8110,#8111));
#8093 = ORIENTED_EDGE('',*,*,#8094,.T.);
#8094 = EDGE_CURVE('',#8095,#8097,#8099,.T.);
#8095 = VERTEX_POINT('',#8096);
#8096 = CARTESIAN_POINT('',(5.9,-4.425,-4.E-02));
#8097 = VERTEX_POINT('',#8098);
#8098 = CARTESIAN_POINT('',(5.9,-4.425,0.55));
#8099 = LINE('',#8100,#8101);
#8100 = CARTESIAN_POINT('',(5.9,-4.425,-4.E-02));
#8101 = VECTOR('',#8102,1.);
#8102 = DIRECTION('',(0.,0.,1.));
#8103 = ORIENTED_EDGE('',*,*,#8104,.T.);
#8104 = EDGE_CURVE('',#8097,#8097,#8105,.T.);
#8105 = CIRCLE('',#8106,0.425);
#8106 = AXIS2_PLACEMENT_3D('',#8107,#8108,#8109);
#8107 = CARTESIAN_POINT('',(5.9,-4.,0.55));
#8108 = DIRECTION('',(0.,0.,1.));
#8109 = DIRECTION('',(-0.,-1.,0.));
#8110 = ORIENTED_EDGE('',*,*,#8094,.F.);
#8111 = ORIENTED_EDGE('',*,*,#8112,.F.);
#8112 = EDGE_CURVE('',#8095,#8095,#8113,.T.);
#8113 = CIRCLE('',#8114,0.425);
#8114 = AXIS2_PLACEMENT_3D('',#8115,#8116,#8117);
#8115 = CARTESIAN_POINT('',(5.9,-4.,-4.E-02));
#8116 = DIRECTION('',(0.,0.,1.));
#8117 = DIRECTION('',(-0.,-1.,0.));
#8118 = CYLINDRICAL_SURFACE('',#8119,0.425);
#8119 = AXIS2_PLACEMENT_3D('',#8120,#8121,#8122);
#8120 = CARTESIAN_POINT('',(5.9,-4.,-4.E-02));
#8121 = DIRECTION('',(-0.,-0.,-1.));
#8122 = DIRECTION('',(-0.,-1.,0.));
#8123 = ADVANCED_FACE('',(#8124,#8127),#8138,.F.);
#8124 = FACE_BOUND('',#8125,.F.);
#8125 = EDGE_LOOP('',(#8126));
#8126 = ORIENTED_EDGE('',*,*,#8112,.T.);
#8127 = FACE_BOUND('',#8128,.F.);
#8128 = EDGE_LOOP('',(#8129));
#8129 = ORIENTED_EDGE('',*,*,#8130,.T.);
#8130 = EDGE_CURVE('',#8131,#8131,#8133,.T.);
#8131 = VERTEX_POINT('',#8132);
#8132 = CARTESIAN_POINT('',(5.9,-4.4,-4.E-02));
#8133 = CIRCLE('',#8134,0.4);
#8134 = AXIS2_PLACEMENT_3D('',#8135,#8136,#8137);
#8135 = CARTESIAN_POINT('',(5.9,-4.,-4.E-02));
#8136 = DIRECTION('',(-0.,0.,-1.));
#8137 = DIRECTION('',(-0.,-1.,0.));
#8138 = PLANE('',#8139);
#8139 = AXIS2_PLACEMENT_3D('',#8140,#8141,#8142);
#8140 = CARTESIAN_POINT('',(5.9,-4.425,-4.E-02));
#8141 = DIRECTION('',(0.,0.,1.));
#8142 = DIRECTION('',(1.,0.,-0.));
#8143 = ADVANCED_FACE('',(#8144,#8147),#8158,.T.);
#8144 = FACE_BOUND('',#8145,.T.);
#8145 = EDGE_LOOP('',(#8146));
#8146 = ORIENTED_EDGE('',*,*,#8104,.T.);
#8147 = FACE_BOUND('',#8148,.T.);
#8148 = EDGE_LOOP('',(#8149));
#8149 = ORIENTED_EDGE('',*,*,#8150,.T.);
#8150 = EDGE_CURVE('',#8151,#8151,#8153,.T.);
#8151 = VERTEX_POINT('',#8152);
#8152 = CARTESIAN_POINT('',(5.9,-4.4,0.55));
#8153 = CIRCLE('',#8154,0.4);
#8154 = AXIS2_PLACEMENT_3D('',#8155,#8156,#8157);
#8155 = CARTESIAN_POINT('',(5.9,-4.,0.55));
#8156 = DIRECTION('',(-0.,0.,-1.));
#8157 = DIRECTION('',(-0.,-1.,0.));
#8158 = PLANE('',#8159);
#8159 = AXIS2_PLACEMENT_3D('',#8160,#8161,#8162);
#8160 = CARTESIAN_POINT('',(5.9,-4.425,0.55));
#8161 = DIRECTION('',(0.,0.,1.));
#8162 = DIRECTION('',(1.,0.,-0.));
#8163 = ADVANCED_FACE('',(#8164),#8175,.F.);
#8164 = FACE_BOUND('',#8165,.T.);
#8165 = EDGE_LOOP('',(#8166,#8167,#8173,#8174));
#8166 = ORIENTED_EDGE('',*,*,#8130,.T.);
#8167 = ORIENTED_EDGE('',*,*,#8168,.T.);
#8168 = EDGE_CURVE('',#8131,#8151,#8169,.T.);
#8169 = LINE('',#8170,#8171);
#8170 = CARTESIAN_POINT('',(5.9,-4.4,-4.6E-02));
#8171 = VECTOR('',#8172,1.);
#8172 = DIRECTION('',(0.,0.,1.));
#8173 = ORIENTED_EDGE('',*,*,#8150,.F.);
#8174 = ORIENTED_EDGE('',*,*,#8168,.F.);
#8175 = CYLINDRICAL_SURFACE('',#8176,0.4);
#8176 = AXIS2_PLACEMENT_3D('',#8177,#8178,#8179);
#8177 = CARTESIAN_POINT('',(5.9,-4.,-4.6E-02));
#8178 = DIRECTION('',(-0.,-0.,-1.));
#8179 = DIRECTION('',(-0.,-1.,0.));
#8180 = MANIFOLD_SOLID_BREP('',#8181);
#8181 = CLOSED_SHELL('',(#8182,#8224,#8255,#8288,#8319,#8352,#8383,#8416
    ,#8438,#8454));
#8182 = ADVANCED_FACE('',(#8183),#8219,.T.);
#8183 = FACE_BOUND('',#8184,.T.);
#8184 = EDGE_LOOP('',(#8185,#8195,#8204,#8212));
#8185 = ORIENTED_EDGE('',*,*,#8186,.T.);
#8186 = EDGE_CURVE('',#8187,#8189,#8191,.T.);
#8187 = VERTEX_POINT('',#8188);
#8188 = CARTESIAN_POINT('',(6.275,-7.925,0.51));
#8189 = VERTEX_POINT('',#8190);
#8190 = CARTESIAN_POINT('',(6.275,-7.925,0.55));
#8191 = LINE('',#8192,#8193);
#8192 = CARTESIAN_POINT('',(6.275,-7.925,0.51));
#8193 = VECTOR('',#8194,1.);
#8194 = DIRECTION('',(0.,0.,1.));
#8195 = ORIENTED_EDGE('',*,*,#8196,.T.);
#8196 = EDGE_CURVE('',#8189,#8197,#8199,.T.);
#8197 = VERTEX_POINT('',#8198);
#8198 = CARTESIAN_POINT('',(6.475,-7.725,0.55));
#8199 = CIRCLE('',#8200,0.200001216283);
#8200 = AXIS2_PLACEMENT_3D('',#8201,#8202,#8203);
#8201 = CARTESIAN_POINT('',(6.475001216279,-7.925001216279,0.55));
#8202 = DIRECTION('',(0.,0.,-1.));
#8203 = DIRECTION('',(-0.999999999982,6.081358928031E-06,0.));
#8204 = ORIENTED_EDGE('',*,*,#8205,.F.);
#8205 = EDGE_CURVE('',#8206,#8197,#8208,.T.);
#8206 = VERTEX_POINT('',#8207);
#8207 = CARTESIAN_POINT('',(6.475,-7.725,0.51));
#8208 = LINE('',#8209,#8210);
#8209 = CARTESIAN_POINT('',(6.475,-7.725,0.51));
#8210 = VECTOR('',#8211,1.);
#8211 = DIRECTION('',(0.,0.,1.));
#8212 = ORIENTED_EDGE('',*,*,#8213,.F.);
#8213 = EDGE_CURVE('',#8187,#8206,#8214,.T.);
#8214 = CIRCLE('',#8215,0.200001216283);
#8215 = AXIS2_PLACEMENT_3D('',#8216,#8217,#8218);
#8216 = CARTESIAN_POINT('',(6.475001216279,-7.925001216279,0.51));
#8217 = DIRECTION('',(0.,0.,-1.));
#8218 = DIRECTION('',(-0.999999999982,6.081358928031E-06,0.));
#8219 = CYLINDRICAL_SURFACE('',#8220,0.200001216283);
#8220 = AXIS2_PLACEMENT_3D('',#8221,#8222,#8223);
#8221 = CARTESIAN_POINT('',(6.475001216279,-7.925001216279,0.51));
#8222 = DIRECTION('',(0.,0.,-1.));
#8223 = DIRECTION('',(-0.999999999982,6.081358928031E-06,0.));
#8224 = ADVANCED_FACE('',(#8225),#8250,.T.);
#8225 = FACE_BOUND('',#8226,.T.);
#8226 = EDGE_LOOP('',(#8227,#8228,#8236,#8244));
#8227 = ORIENTED_EDGE('',*,*,#8205,.T.);
#8228 = ORIENTED_EDGE('',*,*,#8229,.T.);
#8229 = EDGE_CURVE('',#8197,#8230,#8232,.T.);
#8230 = VERTEX_POINT('',#8231);
#8231 = CARTESIAN_POINT('',(7.025,-7.725,0.55));
#8232 = LINE('',#8233,#8234);
#8233 = CARTESIAN_POINT('',(6.475,-7.725,0.55));
#8234 = VECTOR('',#8235,1.);
#8235 = DIRECTION('',(1.,0.,0.));
#8236 = ORIENTED_EDGE('',*,*,#8237,.F.);
#8237 = EDGE_CURVE('',#8238,#8230,#8240,.T.);
#8238 = VERTEX_POINT('',#8239);
#8239 = CARTESIAN_POINT('',(7.025,-7.725,0.51));
#8240 = LINE('',#8241,#8242);
#8241 = CARTESIAN_POINT('',(7.025,-7.725,0.51));
#8242 = VECTOR('',#8243,1.);
#8243 = DIRECTION('',(0.,0.,1.));
#8244 = ORIENTED_EDGE('',*,*,#8245,.F.);
#8245 = EDGE_CURVE('',#8206,#8238,#8246,.T.);
#8246 = LINE('',#8247,#8248);
#8247 = CARTESIAN_POINT('',(6.475,-7.725,0.51));
#8248 = VECTOR('',#8249,1.);
#8249 = DIRECTION('',(1.,0.,0.));
#8250 = PLANE('',#8251);
#8251 = AXIS2_PLACEMENT_3D('',#8252,#8253,#8254);
#8252 = CARTESIAN_POINT('',(6.475,-7.725,0.51));
#8253 = DIRECTION('',(0.,1.,0.));
#8254 = DIRECTION('',(1.,0.,0.));
#8255 = ADVANCED_FACE('',(#8256),#8283,.T.);
#8256 = FACE_BOUND('',#8257,.T.);
#8257 = EDGE_LOOP('',(#8258,#8259,#8268,#8276));
#8258 = ORIENTED_EDGE('',*,*,#8237,.T.);
#8259 = ORIENTED_EDGE('',*,*,#8260,.T.);
#8260 = EDGE_CURVE('',#8230,#8261,#8263,.T.);
#8261 = VERTEX_POINT('',#8262);
#8262 = CARTESIAN_POINT('',(7.225,-7.925,0.55));
#8263 = CIRCLE('',#8264,0.200001216283);
#8264 = AXIS2_PLACEMENT_3D('',#8265,#8266,#8267);
#8265 = CARTESIAN_POINT('',(7.024998783721,-7.925001216279,0.55));
#8266 = DIRECTION('',(0.,0.,-1.));
#8267 = DIRECTION('',(6.081358928031E-06,0.999999999982,0.));
#8268 = ORIENTED_EDGE('',*,*,#8269,.F.);
#8269 = EDGE_CURVE('',#8270,#8261,#8272,.T.);
#8270 = VERTEX_POINT('',#8271);
#8271 = CARTESIAN_POINT('',(7.225,-7.925,0.51));
#8272 = LINE('',#8273,#8274);
#8273 = CARTESIAN_POINT('',(7.225,-7.925,0.51));
#8274 = VECTOR('',#8275,1.);
#8275 = DIRECTION('',(0.,0.,1.));
#8276 = ORIENTED_EDGE('',*,*,#8277,.F.);
#8277 = EDGE_CURVE('',#8238,#8270,#8278,.T.);
#8278 = CIRCLE('',#8279,0.200001216283);
#8279 = AXIS2_PLACEMENT_3D('',#8280,#8281,#8282);
#8280 = CARTESIAN_POINT('',(7.024998783721,-7.925001216279,0.51));
#8281 = DIRECTION('',(0.,0.,-1.));
#8282 = DIRECTION('',(6.081358928031E-06,0.999999999982,0.));
#8283 = CYLINDRICAL_SURFACE('',#8284,0.200001216283);
#8284 = AXIS2_PLACEMENT_3D('',#8285,#8286,#8287);
#8285 = CARTESIAN_POINT('',(7.024998783721,-7.925001216279,0.51));
#8286 = DIRECTION('',(0.,0.,-1.));
#8287 = DIRECTION('',(6.081358928031E-06,0.999999999982,0.));
#8288 = ADVANCED_FACE('',(#8289),#8314,.T.);
#8289 = FACE_BOUND('',#8290,.T.);
#8290 = EDGE_LOOP('',(#8291,#8292,#8300,#8308));
#8291 = ORIENTED_EDGE('',*,*,#8269,.T.);
#8292 = ORIENTED_EDGE('',*,*,#8293,.T.);
#8293 = EDGE_CURVE('',#8261,#8294,#8296,.T.);
#8294 = VERTEX_POINT('',#8295);
#8295 = CARTESIAN_POINT('',(7.225,-8.325,0.55));
#8296 = LINE('',#8297,#8298);
#8297 = CARTESIAN_POINT('',(7.225,-7.925,0.55));
#8298 = VECTOR('',#8299,1.);
#8299 = DIRECTION('',(0.,-1.,0.));
#8300 = ORIENTED_EDGE('',*,*,#8301,.F.);
#8301 = EDGE_CURVE('',#8302,#8294,#8304,.T.);
#8302 = VERTEX_POINT('',#8303);
#8303 = CARTESIAN_POINT('',(7.225,-8.325,0.51));
#8304 = LINE('',#8305,#8306);
#8305 = CARTESIAN_POINT('',(7.225,-8.325,0.51));
#8306 = VECTOR('',#8307,1.);
#8307 = DIRECTION('',(0.,0.,1.));
#8308 = ORIENTED_EDGE('',*,*,#8309,.F.);
#8309 = EDGE_CURVE('',#8270,#8302,#8310,.T.);
#8310 = LINE('',#8311,#8312);
#8311 = CARTESIAN_POINT('',(7.225,-7.925,0.51));
#8312 = VECTOR('',#8313,1.);
#8313 = DIRECTION('',(0.,-1.,0.));
#8314 = PLANE('',#8315);
#8315 = AXIS2_PLACEMENT_3D('',#8316,#8317,#8318);
#8316 = CARTESIAN_POINT('',(7.225,-7.925,0.51));
#8317 = DIRECTION('',(1.,0.,-0.));
#8318 = DIRECTION('',(0.,-1.,0.));
#8319 = ADVANCED_FACE('',(#8320),#8347,.T.);
#8320 = FACE_BOUND('',#8321,.T.);
#8321 = EDGE_LOOP('',(#8322,#8323,#8332,#8340));
#8322 = ORIENTED_EDGE('',*,*,#8301,.T.);
#8323 = ORIENTED_EDGE('',*,*,#8324,.T.);
#8324 = EDGE_CURVE('',#8294,#8325,#8327,.T.);
#8325 = VERTEX_POINT('',#8326);
#8326 = CARTESIAN_POINT('',(7.025,-8.525,0.55));
#8327 = CIRCLE('',#8328,0.200001216283);
#8328 = AXIS2_PLACEMENT_3D('',#8329,#8330,#8331);
#8329 = CARTESIAN_POINT('',(7.024998783721,-8.324998783721,0.55));
#8330 = DIRECTION('',(0.,0.,-1.));
#8331 = DIRECTION('',(0.999999999982,-6.081358919149E-06,0.));
#8332 = ORIENTED_EDGE('',*,*,#8333,.F.);
#8333 = EDGE_CURVE('',#8334,#8325,#8336,.T.);
#8334 = VERTEX_POINT('',#8335);
#8335 = CARTESIAN_POINT('',(7.025,-8.525,0.51));
#8336 = LINE('',#8337,#8338);
#8337 = CARTESIAN_POINT('',(7.025,-8.525,0.51));
#8338 = VECTOR('',#8339,1.);
#8339 = DIRECTION('',(0.,0.,1.));
#8340 = ORIENTED_EDGE('',*,*,#8341,.F.);
#8341 = EDGE_CURVE('',#8302,#8334,#8342,.T.);
#8342 = CIRCLE('',#8343,0.200001216283);
#8343 = AXIS2_PLACEMENT_3D('',#8344,#8345,#8346);
#8344 = CARTESIAN_POINT('',(7.024998783721,-8.324998783721,0.51));
#8345 = DIRECTION('',(0.,0.,-1.));
#8346 = DIRECTION('',(0.999999999982,-6.081358919149E-06,0.));
#8347 = CYLINDRICAL_SURFACE('',#8348,0.200001216283);
#8348 = AXIS2_PLACEMENT_3D('',#8349,#8350,#8351);
#8349 = CARTESIAN_POINT('',(7.024998783721,-8.324998783721,0.51));
#8350 = DIRECTION('',(0.,0.,-1.));
#8351 = DIRECTION('',(0.999999999982,-6.081358919149E-06,0.));
#8352 = ADVANCED_FACE('',(#8353),#8378,.T.);
#8353 = FACE_BOUND('',#8354,.T.);
#8354 = EDGE_LOOP('',(#8355,#8356,#8364,#8372));
#8355 = ORIENTED_EDGE('',*,*,#8333,.T.);
#8356 = ORIENTED_EDGE('',*,*,#8357,.T.);
#8357 = EDGE_CURVE('',#8325,#8358,#8360,.T.);
#8358 = VERTEX_POINT('',#8359);
#8359 = CARTESIAN_POINT('',(6.475,-8.525,0.55));
#8360 = LINE('',#8361,#8362);
#8361 = CARTESIAN_POINT('',(7.025,-8.525,0.55));
#8362 = VECTOR('',#8363,1.);
#8363 = DIRECTION('',(-1.,0.,0.));
#8364 = ORIENTED_EDGE('',*,*,#8365,.F.);
#8365 = EDGE_CURVE('',#8366,#8358,#8368,.T.);
#8366 = VERTEX_POINT('',#8367);
#8367 = CARTESIAN_POINT('',(6.475,-8.525,0.51));
#8368 = LINE('',#8369,#8370);
#8369 = CARTESIAN_POINT('',(6.475,-8.525,0.51));
#8370 = VECTOR('',#8371,1.);
#8371 = DIRECTION('',(0.,0.,1.));
#8372 = ORIENTED_EDGE('',*,*,#8373,.F.);
#8373 = EDGE_CURVE('',#8334,#8366,#8374,.T.);
#8374 = LINE('',#8375,#8376);
#8375 = CARTESIAN_POINT('',(7.025,-8.525,0.51));
#8376 = VECTOR('',#8377,1.);
#8377 = DIRECTION('',(-1.,0.,0.));
#8378 = PLANE('',#8379);
#8379 = AXIS2_PLACEMENT_3D('',#8380,#8381,#8382);
#8380 = CARTESIAN_POINT('',(7.025,-8.525,0.51));
#8381 = DIRECTION('',(0.,-1.,0.));
#8382 = DIRECTION('',(-1.,0.,0.));
#8383 = ADVANCED_FACE('',(#8384),#8411,.T.);
#8384 = FACE_BOUND('',#8385,.T.);
#8385 = EDGE_LOOP('',(#8386,#8387,#8396,#8404));
#8386 = ORIENTED_EDGE('',*,*,#8365,.T.);
#8387 = ORIENTED_EDGE('',*,*,#8388,.T.);
#8388 = EDGE_CURVE('',#8358,#8389,#8391,.T.);
#8389 = VERTEX_POINT('',#8390);
#8390 = CARTESIAN_POINT('',(6.275,-8.325,0.55));
#8391 = CIRCLE('',#8392,0.200001216283);
#8392 = AXIS2_PLACEMENT_3D('',#8393,#8394,#8395);
#8393 = CARTESIAN_POINT('',(6.475001216279,-8.324998783721,0.55));
#8394 = DIRECTION('',(0.,0.,-1.));
#8395 = DIRECTION('',(-6.081358932472E-06,-0.999999999982,-0.));
#8396 = ORIENTED_EDGE('',*,*,#8397,.F.);
#8397 = EDGE_CURVE('',#8398,#8389,#8400,.T.);
#8398 = VERTEX_POINT('',#8399);
#8399 = CARTESIAN_POINT('',(6.275,-8.325,0.51));
#8400 = LINE('',#8401,#8402);
#8401 = CARTESIAN_POINT('',(6.275,-8.325,0.51));
#8402 = VECTOR('',#8403,1.);
#8403 = DIRECTION('',(0.,0.,1.));
#8404 = ORIENTED_EDGE('',*,*,#8405,.F.);
#8405 = EDGE_CURVE('',#8366,#8398,#8406,.T.);
#8406 = CIRCLE('',#8407,0.200001216283);
#8407 = AXIS2_PLACEMENT_3D('',#8408,#8409,#8410);
#8408 = CARTESIAN_POINT('',(6.475001216279,-8.324998783721,0.51));
#8409 = DIRECTION('',(0.,0.,-1.));
#8410 = DIRECTION('',(-6.081358932472E-06,-0.999999999982,-0.));
#8411 = CYLINDRICAL_SURFACE('',#8412,0.200001216283);
#8412 = AXIS2_PLACEMENT_3D('',#8413,#8414,#8415);
#8413 = CARTESIAN_POINT('',(6.475001216279,-8.324998783721,0.51));
#8414 = DIRECTION('',(0.,0.,-1.));
#8415 = DIRECTION('',(-6.081358932472E-06,-0.999999999982,-0.));
#8416 = ADVANCED_FACE('',(#8417),#8433,.T.);
#8417 = FACE_BOUND('',#8418,.T.);
#8418 = EDGE_LOOP('',(#8419,#8420,#8426,#8427));
#8419 = ORIENTED_EDGE('',*,*,#8397,.T.);
#8420 = ORIENTED_EDGE('',*,*,#8421,.T.);
#8421 = EDGE_CURVE('',#8389,#8189,#8422,.T.);
#8422 = LINE('',#8423,#8424);
#8423 = CARTESIAN_POINT('',(6.275,-8.325,0.55));
#8424 = VECTOR('',#8425,1.);
#8425 = DIRECTION('',(0.,1.,0.));
#8426 = ORIENTED_EDGE('',*,*,#8186,.F.);
#8427 = ORIENTED_EDGE('',*,*,#8428,.F.);
#8428 = EDGE_CURVE('',#8398,#8187,#8429,.T.);
#8429 = LINE('',#8430,#8431);
#8430 = CARTESIAN_POINT('',(6.275,-8.325,0.51));
#8431 = VECTOR('',#8432,1.);
#8432 = DIRECTION('',(0.,1.,0.));
#8433 = PLANE('',#8434);
#8434 = AXIS2_PLACEMENT_3D('',#8435,#8436,#8437);
#8435 = CARTESIAN_POINT('',(6.275,-8.325,0.51));
#8436 = DIRECTION('',(-1.,0.,0.));
#8437 = DIRECTION('',(0.,1.,0.));
#8438 = ADVANCED_FACE('',(#8439),#8449,.F.);
#8439 = FACE_BOUND('',#8440,.T.);
#8440 = EDGE_LOOP('',(#8441,#8442,#8443,#8444,#8445,#8446,#8447,#8448));
#8441 = ORIENTED_EDGE('',*,*,#8213,.T.);
#8442 = ORIENTED_EDGE('',*,*,#8245,.T.);
#8443 = ORIENTED_EDGE('',*,*,#8277,.T.);
#8444 = ORIENTED_EDGE('',*,*,#8309,.T.);
#8445 = ORIENTED_EDGE('',*,*,#8341,.T.);
#8446 = ORIENTED_EDGE('',*,*,#8373,.T.);
#8447 = ORIENTED_EDGE('',*,*,#8405,.T.);
#8448 = ORIENTED_EDGE('',*,*,#8428,.T.);
#8449 = PLANE('',#8450);
#8450 = AXIS2_PLACEMENT_3D('',#8451,#8452,#8453);
#8451 = CARTESIAN_POINT('',(0.,0.,0.51));
#8452 = DIRECTION('',(0.,0.,1.));
#8453 = DIRECTION('',(1.,0.,-0.));
#8454 = ADVANCED_FACE('',(#8455),#8465,.T.);
#8455 = FACE_BOUND('',#8456,.F.);
#8456 = EDGE_LOOP('',(#8457,#8458,#8459,#8460,#8461,#8462,#8463,#8464));
#8457 = ORIENTED_EDGE('',*,*,#8196,.T.);
#8458 = ORIENTED_EDGE('',*,*,#8229,.T.);
#8459 = ORIENTED_EDGE('',*,*,#8260,.T.);
#8460 = ORIENTED_EDGE('',*,*,#8293,.T.);
#8461 = ORIENTED_EDGE('',*,*,#8324,.T.);
#8462 = ORIENTED_EDGE('',*,*,#8357,.T.);
#8463 = ORIENTED_EDGE('',*,*,#8388,.T.);
#8464 = ORIENTED_EDGE('',*,*,#8421,.T.);
#8465 = PLANE('',#8466);
#8466 = AXIS2_PLACEMENT_3D('',#8467,#8468,#8469);
#8467 = CARTESIAN_POINT('',(0.,0.,0.55));
#8468 = DIRECTION('',(0.,0.,1.));
#8469 = DIRECTION('',(1.,0.,-0.));
#8470 = MANIFOLD_SOLID_BREP('',#8471);
#8471 = CLOSED_SHELL('',(#8472,#8512,#8543,#8574,#8596,#8608));
#8472 = ADVANCED_FACE('',(#8473),#8507,.T.);
#8473 = FACE_BOUND('',#8474,.T.);
#8474 = EDGE_LOOP('',(#8475,#8485,#8493,#8501));
#8475 = ORIENTED_EDGE('',*,*,#8476,.T.);
#8476 = EDGE_CURVE('',#8477,#8479,#8481,.T.);
#8477 = VERTEX_POINT('',#8478);
#8478 = CARTESIAN_POINT('',(6.6,-10.59,0.51));
#8479 = VERTEX_POINT('',#8480);
#8480 = CARTESIAN_POINT('',(6.6,-10.59,0.55));
#8481 = LINE('',#8482,#8483);
#8482 = CARTESIAN_POINT('',(6.6,-10.59,0.51));
#8483 = VECTOR('',#8484,1.);
#8484 = DIRECTION('',(0.,0.,1.));
#8485 = ORIENTED_EDGE('',*,*,#8486,.T.);
#8486 = EDGE_CURVE('',#8479,#8487,#8489,.T.);
#8487 = VERTEX_POINT('',#8488);
#8488 = CARTESIAN_POINT('',(6.6,-9.79,0.55));
#8489 = LINE('',#8490,#8491);
#8490 = CARTESIAN_POINT('',(6.6,-10.59,0.55));
#8491 = VECTOR('',#8492,1.);
#8492 = DIRECTION('',(0.,1.,0.));
#8493 = ORIENTED_EDGE('',*,*,#8494,.F.);
#8494 = EDGE_CURVE('',#8495,#8487,#8497,.T.);
#8495 = VERTEX_POINT('',#8496);
#8496 = CARTESIAN_POINT('',(6.6,-9.79,0.51));
#8497 = LINE('',#8498,#8499);
#8498 = CARTESIAN_POINT('',(6.6,-9.79,0.51));
#8499 = VECTOR('',#8500,1.);
#8500 = DIRECTION('',(0.,0.,1.));
#8501 = ORIENTED_EDGE('',*,*,#8502,.F.);
#8502 = EDGE_CURVE('',#8477,#8495,#8503,.T.);
#8503 = LINE('',#8504,#8505);
#8504 = CARTESIAN_POINT('',(6.6,-10.59,0.51));
#8505 = VECTOR('',#8506,1.);
#8506 = DIRECTION('',(0.,1.,0.));
#8507 = PLANE('',#8508);
#8508 = AXIS2_PLACEMENT_3D('',#8509,#8510,#8511);
#8509 = CARTESIAN_POINT('',(6.6,-10.59,0.51));
#8510 = DIRECTION('',(-1.,0.,0.));
#8511 = DIRECTION('',(0.,1.,0.));
#8512 = ADVANCED_FACE('',(#8513),#8538,.T.);
#8513 = FACE_BOUND('',#8514,.T.);
#8514 = EDGE_LOOP('',(#8515,#8516,#8524,#8532));
#8515 = ORIENTED_EDGE('',*,*,#8494,.T.);
#8516 = ORIENTED_EDGE('',*,*,#8517,.T.);
#8517 = EDGE_CURVE('',#8487,#8518,#8520,.T.);
#8518 = VERTEX_POINT('',#8519);
#8519 = CARTESIAN_POINT('',(6.9,-9.79,0.55));
#8520 = LINE('',#8521,#8522);
#8521 = CARTESIAN_POINT('',(6.6,-9.79,0.55));
#8522 = VECTOR('',#8523,1.);
#8523 = DIRECTION('',(1.,0.,0.));
#8524 = ORIENTED_EDGE('',*,*,#8525,.F.);
#8525 = EDGE_CURVE('',#8526,#8518,#8528,.T.);
#8526 = VERTEX_POINT('',#8527);
#8527 = CARTESIAN_POINT('',(6.9,-9.79,0.51));
#8528 = LINE('',#8529,#8530);
#8529 = CARTESIAN_POINT('',(6.9,-9.79,0.51));
#8530 = VECTOR('',#8531,1.);
#8531 = DIRECTION('',(0.,0.,1.));
#8532 = ORIENTED_EDGE('',*,*,#8533,.F.);
#8533 = EDGE_CURVE('',#8495,#8526,#8534,.T.);
#8534 = LINE('',#8535,#8536);
#8535 = CARTESIAN_POINT('',(6.6,-9.79,0.51));
#8536 = VECTOR('',#8537,1.);
#8537 = DIRECTION('',(1.,0.,0.));
#8538 = PLANE('',#8539);
#8539 = AXIS2_PLACEMENT_3D('',#8540,#8541,#8542);
#8540 = CARTESIAN_POINT('',(6.6,-9.79,0.51));
#8541 = DIRECTION('',(0.,1.,0.));
#8542 = DIRECTION('',(1.,0.,0.));
#8543 = ADVANCED_FACE('',(#8544),#8569,.T.);
#8544 = FACE_BOUND('',#8545,.T.);
#8545 = EDGE_LOOP('',(#8546,#8547,#8555,#8563));
#8546 = ORIENTED_EDGE('',*,*,#8525,.T.);
#8547 = ORIENTED_EDGE('',*,*,#8548,.T.);
#8548 = EDGE_CURVE('',#8518,#8549,#8551,.T.);
#8549 = VERTEX_POINT('',#8550);
#8550 = CARTESIAN_POINT('',(6.9,-10.59,0.55));
#8551 = LINE('',#8552,#8553);
#8552 = CARTESIAN_POINT('',(6.9,-9.79,0.55));
#8553 = VECTOR('',#8554,1.);
#8554 = DIRECTION('',(0.,-1.,0.));
#8555 = ORIENTED_EDGE('',*,*,#8556,.F.);
#8556 = EDGE_CURVE('',#8557,#8549,#8559,.T.);
#8557 = VERTEX_POINT('',#8558);
#8558 = CARTESIAN_POINT('',(6.9,-10.59,0.51));
#8559 = LINE('',#8560,#8561);
#8560 = CARTESIAN_POINT('',(6.9,-10.59,0.51));
#8561 = VECTOR('',#8562,1.);
#8562 = DIRECTION('',(0.,0.,1.));
#8563 = ORIENTED_EDGE('',*,*,#8564,.F.);
#8564 = EDGE_CURVE('',#8526,#8557,#8565,.T.);
#8565 = LINE('',#8566,#8567);
#8566 = CARTESIAN_POINT('',(6.9,-9.79,0.51));
#8567 = VECTOR('',#8568,1.);
#8568 = DIRECTION('',(0.,-1.,0.));
#8569 = PLANE('',#8570);
#8570 = AXIS2_PLACEMENT_3D('',#8571,#8572,#8573);
#8571 = CARTESIAN_POINT('',(6.9,-9.79,0.51));
#8572 = DIRECTION('',(1.,0.,-0.));
#8573 = DIRECTION('',(0.,-1.,0.));
#8574 = ADVANCED_FACE('',(#8575),#8591,.T.);
#8575 = FACE_BOUND('',#8576,.T.);
#8576 = EDGE_LOOP('',(#8577,#8578,#8584,#8585));
#8577 = ORIENTED_EDGE('',*,*,#8556,.T.);
#8578 = ORIENTED_EDGE('',*,*,#8579,.T.);
#8579 = EDGE_CURVE('',#8549,#8479,#8580,.T.);
#8580 = LINE('',#8581,#8582);
#8581 = CARTESIAN_POINT('',(6.9,-10.59,0.55));
#8582 = VECTOR('',#8583,1.);
#8583 = DIRECTION('',(-1.,0.,0.));
#8584 = ORIENTED_EDGE('',*,*,#8476,.F.);
#8585 = ORIENTED_EDGE('',*,*,#8586,.F.);
#8586 = EDGE_CURVE('',#8557,#8477,#8587,.T.);
#8587 = LINE('',#8588,#8589);
#8588 = CARTESIAN_POINT('',(6.9,-10.59,0.51));
#8589 = VECTOR('',#8590,1.);
#8590 = DIRECTION('',(-1.,0.,0.));
#8591 = PLANE('',#8592);
#8592 = AXIS2_PLACEMENT_3D('',#8593,#8594,#8595);
#8593 = CARTESIAN_POINT('',(6.9,-10.59,0.51));
#8594 = DIRECTION('',(0.,-1.,0.));
#8595 = DIRECTION('',(-1.,0.,0.));
#8596 = ADVANCED_FACE('',(#8597),#8603,.F.);
#8597 = FACE_BOUND('',#8598,.T.);
#8598 = EDGE_LOOP('',(#8599,#8600,#8601,#8602));
#8599 = ORIENTED_EDGE('',*,*,#8502,.T.);
#8600 = ORIENTED_EDGE('',*,*,#8533,.T.);
#8601 = ORIENTED_EDGE('',*,*,#8564,.T.);
#8602 = ORIENTED_EDGE('',*,*,#8586,.T.);
#8603 = PLANE('',#8604);
#8604 = AXIS2_PLACEMENT_3D('',#8605,#8606,#8607);
#8605 = CARTESIAN_POINT('',(0.,0.,0.51));
#8606 = DIRECTION('',(0.,0.,1.));
#8607 = DIRECTION('',(1.,0.,-0.));
#8608 = ADVANCED_FACE('',(#8609),#8615,.T.);
#8609 = FACE_BOUND('',#8610,.F.);
#8610 = EDGE_LOOP('',(#8611,#8612,#8613,#8614));
#8611 = ORIENTED_EDGE('',*,*,#8486,.T.);
#8612 = ORIENTED_EDGE('',*,*,#8517,.T.);
#8613 = ORIENTED_EDGE('',*,*,#8548,.T.);
#8614 = ORIENTED_EDGE('',*,*,#8579,.T.);
#8615 = PLANE('',#8616);
#8616 = AXIS2_PLACEMENT_3D('',#8617,#8618,#8619);
#8617 = CARTESIAN_POINT('',(0.,0.,0.55));
#8618 = DIRECTION('',(0.,0.,1.));
#8619 = DIRECTION('',(1.,0.,-0.));
#8620 = MANIFOLD_SOLID_BREP('',#8621);
#8621 = CLOSED_SHELL('',(#8622,#8664,#8695,#8728,#8759,#8792,#8823,#8856
    ,#8878,#8894));
#8622 = ADVANCED_FACE('',(#8623),#8659,.T.);
#8623 = FACE_BOUND('',#8624,.T.);
#8624 = EDGE_LOOP('',(#8625,#8635,#8644,#8652));
#8625 = ORIENTED_EDGE('',*,*,#8626,.T.);
#8626 = EDGE_CURVE('',#8627,#8629,#8631,.T.);
#8627 = VERTEX_POINT('',#8628);
#8628 = CARTESIAN_POINT('',(9.275,-7.925,0.51));
#8629 = VERTEX_POINT('',#8630);
#8630 = CARTESIAN_POINT('',(9.275,-7.925,0.55));
#8631 = LINE('',#8632,#8633);
#8632 = CARTESIAN_POINT('',(9.275,-7.925,0.51));
#8633 = VECTOR('',#8634,1.);
#8634 = DIRECTION('',(0.,0.,1.));
#8635 = ORIENTED_EDGE('',*,*,#8636,.T.);
#8636 = EDGE_CURVE('',#8629,#8637,#8639,.T.);
#8637 = VERTEX_POINT('',#8638);
#8638 = CARTESIAN_POINT('',(9.475,-7.725,0.55));
#8639 = CIRCLE('',#8640,0.200001216283);
#8640 = AXIS2_PLACEMENT_3D('',#8641,#8642,#8643);
#8641 = CARTESIAN_POINT('',(9.475001216279,-7.925001216279,0.55));
#8642 = DIRECTION('',(0.,0.,-1.));
#8643 = DIRECTION('',(-0.999999999982,6.081358932472E-06,0.));
#8644 = ORIENTED_EDGE('',*,*,#8645,.F.);
#8645 = EDGE_CURVE('',#8646,#8637,#8648,.T.);
#8646 = VERTEX_POINT('',#8647);
#8647 = CARTESIAN_POINT('',(9.475,-7.725,0.51));
#8648 = LINE('',#8649,#8650);
#8649 = CARTESIAN_POINT('',(9.475,-7.725,0.51));
#8650 = VECTOR('',#8651,1.);
#8651 = DIRECTION('',(0.,0.,1.));
#8652 = ORIENTED_EDGE('',*,*,#8653,.F.);
#8653 = EDGE_CURVE('',#8627,#8646,#8654,.T.);
#8654 = CIRCLE('',#8655,0.200001216283);
#8655 = AXIS2_PLACEMENT_3D('',#8656,#8657,#8658);
#8656 = CARTESIAN_POINT('',(9.475001216279,-7.925001216279,0.51));
#8657 = DIRECTION('',(0.,0.,-1.));
#8658 = DIRECTION('',(-0.999999999982,6.081358932472E-06,0.));
#8659 = CYLINDRICAL_SURFACE('',#8660,0.200001216283);
#8660 = AXIS2_PLACEMENT_3D('',#8661,#8662,#8663);
#8661 = CARTESIAN_POINT('',(9.475001216279,-7.925001216279,0.51));
#8662 = DIRECTION('',(0.,0.,-1.));
#8663 = DIRECTION('',(-0.999999999982,6.081358932472E-06,0.));
#8664 = ADVANCED_FACE('',(#8665),#8690,.T.);
#8665 = FACE_BOUND('',#8666,.T.);
#8666 = EDGE_LOOP('',(#8667,#8668,#8676,#8684));
#8667 = ORIENTED_EDGE('',*,*,#8645,.T.);
#8668 = ORIENTED_EDGE('',*,*,#8669,.T.);
#8669 = EDGE_CURVE('',#8637,#8670,#8672,.T.);
#8670 = VERTEX_POINT('',#8671);
#8671 = CARTESIAN_POINT('',(10.025,-7.725,0.55));
#8672 = LINE('',#8673,#8674);
#8673 = CARTESIAN_POINT('',(9.475,-7.725,0.55));
#8674 = VECTOR('',#8675,1.);
#8675 = DIRECTION('',(1.,0.,0.));
#8676 = ORIENTED_EDGE('',*,*,#8677,.F.);
#8677 = EDGE_CURVE('',#8678,#8670,#8680,.T.);
#8678 = VERTEX_POINT('',#8679);
#8679 = CARTESIAN_POINT('',(10.025,-7.725,0.51));
#8680 = LINE('',#8681,#8682);
#8681 = CARTESIAN_POINT('',(10.025,-7.725,0.51));
#8682 = VECTOR('',#8683,1.);
#8683 = DIRECTION('',(0.,0.,1.));
#8684 = ORIENTED_EDGE('',*,*,#8685,.F.);
#8685 = EDGE_CURVE('',#8646,#8678,#8686,.T.);
#8686 = LINE('',#8687,#8688);
#8687 = CARTESIAN_POINT('',(9.475,-7.725,0.51));
#8688 = VECTOR('',#8689,1.);
#8689 = DIRECTION('',(1.,0.,0.));
#8690 = PLANE('',#8691);
#8691 = AXIS2_PLACEMENT_3D('',#8692,#8693,#8694);
#8692 = CARTESIAN_POINT('',(9.475,-7.725,0.51));
#8693 = DIRECTION('',(0.,1.,0.));
#8694 = DIRECTION('',(1.,0.,0.));
#8695 = ADVANCED_FACE('',(#8696),#8723,.T.);
#8696 = FACE_BOUND('',#8697,.T.);
#8697 = EDGE_LOOP('',(#8698,#8699,#8708,#8716));
#8698 = ORIENTED_EDGE('',*,*,#8677,.T.);
#8699 = ORIENTED_EDGE('',*,*,#8700,.T.);
#8700 = EDGE_CURVE('',#8670,#8701,#8703,.T.);
#8701 = VERTEX_POINT('',#8702);
#8702 = CARTESIAN_POINT('',(10.225,-7.925,0.55));
#8703 = CIRCLE('',#8704,0.200001216283);
#8704 = AXIS2_PLACEMENT_3D('',#8705,#8706,#8707);
#8705 = CARTESIAN_POINT('',(10.024998783721,-7.925001216279,0.55));
#8706 = DIRECTION('',(0.,0.,-1.));
#8707 = DIRECTION('',(6.081358936913E-06,0.999999999982,0.));
#8708 = ORIENTED_EDGE('',*,*,#8709,.F.);
#8709 = EDGE_CURVE('',#8710,#8701,#8712,.T.);
#8710 = VERTEX_POINT('',#8711);
#8711 = CARTESIAN_POINT('',(10.225,-7.925,0.51));
#8712 = LINE('',#8713,#8714);
#8713 = CARTESIAN_POINT('',(10.225,-7.925,0.51));
#8714 = VECTOR('',#8715,1.);
#8715 = DIRECTION('',(0.,0.,1.));
#8716 = ORIENTED_EDGE('',*,*,#8717,.F.);
#8717 = EDGE_CURVE('',#8678,#8710,#8718,.T.);
#8718 = CIRCLE('',#8719,0.200001216283);
#8719 = AXIS2_PLACEMENT_3D('',#8720,#8721,#8722);
#8720 = CARTESIAN_POINT('',(10.024998783721,-7.925001216279,0.51));
#8721 = DIRECTION('',(0.,0.,-1.));
#8722 = DIRECTION('',(6.081358936913E-06,0.999999999982,0.));
#8723 = CYLINDRICAL_SURFACE('',#8724,0.200001216283);
#8724 = AXIS2_PLACEMENT_3D('',#8725,#8726,#8727);
#8725 = CARTESIAN_POINT('',(10.024998783721,-7.925001216279,0.51));
#8726 = DIRECTION('',(0.,0.,-1.));
#8727 = DIRECTION('',(6.081358936913E-06,0.999999999982,0.));
#8728 = ADVANCED_FACE('',(#8729),#8754,.T.);
#8729 = FACE_BOUND('',#8730,.T.);
#8730 = EDGE_LOOP('',(#8731,#8732,#8740,#8748));
#8731 = ORIENTED_EDGE('',*,*,#8709,.T.);
#8732 = ORIENTED_EDGE('',*,*,#8733,.T.);
#8733 = EDGE_CURVE('',#8701,#8734,#8736,.T.);
#8734 = VERTEX_POINT('',#8735);
#8735 = CARTESIAN_POINT('',(10.225,-8.325,0.55));
#8736 = LINE('',#8737,#8738);
#8737 = CARTESIAN_POINT('',(10.225,-7.925,0.55));
#8738 = VECTOR('',#8739,1.);
#8739 = DIRECTION('',(0.,-1.,0.));
#8740 = ORIENTED_EDGE('',*,*,#8741,.F.);
#8741 = EDGE_CURVE('',#8742,#8734,#8744,.T.);
#8742 = VERTEX_POINT('',#8743);
#8743 = CARTESIAN_POINT('',(10.225,-8.325,0.51));
#8744 = LINE('',#8745,#8746);
#8745 = CARTESIAN_POINT('',(10.225,-8.325,0.51));
#8746 = VECTOR('',#8747,1.);
#8747 = DIRECTION('',(0.,0.,1.));
#8748 = ORIENTED_EDGE('',*,*,#8749,.F.);
#8749 = EDGE_CURVE('',#8710,#8742,#8750,.T.);
#8750 = LINE('',#8751,#8752);
#8751 = CARTESIAN_POINT('',(10.225,-7.925,0.51));
#8752 = VECTOR('',#8753,1.);
#8753 = DIRECTION('',(0.,-1.,0.));
#8754 = PLANE('',#8755);
#8755 = AXIS2_PLACEMENT_3D('',#8756,#8757,#8758);
#8756 = CARTESIAN_POINT('',(10.225,-7.925,0.51));
#8757 = DIRECTION('',(1.,0.,-0.));
#8758 = DIRECTION('',(0.,-1.,0.));
#8759 = ADVANCED_FACE('',(#8760),#8787,.T.);
#8760 = FACE_BOUND('',#8761,.T.);
#8761 = EDGE_LOOP('',(#8762,#8763,#8772,#8780));
#8762 = ORIENTED_EDGE('',*,*,#8741,.T.);
#8763 = ORIENTED_EDGE('',*,*,#8764,.T.);
#8764 = EDGE_CURVE('',#8734,#8765,#8767,.T.);
#8765 = VERTEX_POINT('',#8766);
#8766 = CARTESIAN_POINT('',(10.025,-8.525,0.55));
#8767 = CIRCLE('',#8768,0.200001216283);
#8768 = AXIS2_PLACEMENT_3D('',#8769,#8770,#8771);
#8769 = CARTESIAN_POINT('',(10.024998783721,-8.324998783721,0.55));
#8770 = DIRECTION('',(0.,0.,-1.));
#8771 = DIRECTION('',(0.999999999982,-6.081358928031E-06,0.));
#8772 = ORIENTED_EDGE('',*,*,#8773,.F.);
#8773 = EDGE_CURVE('',#8774,#8765,#8776,.T.);
#8774 = VERTEX_POINT('',#8775);
#8775 = CARTESIAN_POINT('',(10.025,-8.525,0.51));
#8776 = LINE('',#8777,#8778);
#8777 = CARTESIAN_POINT('',(10.025,-8.525,0.51));
#8778 = VECTOR('',#8779,1.);
#8779 = DIRECTION('',(0.,0.,1.));
#8780 = ORIENTED_EDGE('',*,*,#8781,.F.);
#8781 = EDGE_CURVE('',#8742,#8774,#8782,.T.);
#8782 = CIRCLE('',#8783,0.200001216283);
#8783 = AXIS2_PLACEMENT_3D('',#8784,#8785,#8786);
#8784 = CARTESIAN_POINT('',(10.024998783721,-8.324998783721,0.51));
#8785 = DIRECTION('',(0.,0.,-1.));
#8786 = DIRECTION('',(0.999999999982,-6.081358928031E-06,0.));
#8787 = CYLINDRICAL_SURFACE('',#8788,0.200001216283);
#8788 = AXIS2_PLACEMENT_3D('',#8789,#8790,#8791);
#8789 = CARTESIAN_POINT('',(10.024998783721,-8.324998783721,0.51));
#8790 = DIRECTION('',(0.,0.,-1.));
#8791 = DIRECTION('',(0.999999999982,-6.081358928031E-06,0.));
#8792 = ADVANCED_FACE('',(#8793),#8818,.T.);
#8793 = FACE_BOUND('',#8794,.T.);
#8794 = EDGE_LOOP('',(#8795,#8796,#8804,#8812));
#8795 = ORIENTED_EDGE('',*,*,#8773,.T.);
#8796 = ORIENTED_EDGE('',*,*,#8797,.T.);
#8797 = EDGE_CURVE('',#8765,#8798,#8800,.T.);
#8798 = VERTEX_POINT('',#8799);
#8799 = CARTESIAN_POINT('',(9.475,-8.525,0.55));
#8800 = LINE('',#8801,#8802);
#8801 = CARTESIAN_POINT('',(10.025,-8.525,0.55));
#8802 = VECTOR('',#8803,1.);
#8803 = DIRECTION('',(-1.,0.,0.));
#8804 = ORIENTED_EDGE('',*,*,#8805,.F.);
#8805 = EDGE_CURVE('',#8806,#8798,#8808,.T.);
#8806 = VERTEX_POINT('',#8807);
#8807 = CARTESIAN_POINT('',(9.475,-8.525,0.51));
#8808 = LINE('',#8809,#8810);
#8809 = CARTESIAN_POINT('',(9.475,-8.525,0.51));
#8810 = VECTOR('',#8811,1.);
#8811 = DIRECTION('',(0.,0.,1.));
#8812 = ORIENTED_EDGE('',*,*,#8813,.F.);
#8813 = EDGE_CURVE('',#8774,#8806,#8814,.T.);
#8814 = LINE('',#8815,#8816);
#8815 = CARTESIAN_POINT('',(10.025,-8.525,0.51));
#8816 = VECTOR('',#8817,1.);
#8817 = DIRECTION('',(-1.,0.,0.));
#8818 = PLANE('',#8819);
#8819 = AXIS2_PLACEMENT_3D('',#8820,#8821,#8822);
#8820 = CARTESIAN_POINT('',(10.025,-8.525,0.51));
#8821 = DIRECTION('',(0.,-1.,0.));
#8822 = DIRECTION('',(-1.,0.,0.));
#8823 = ADVANCED_FACE('',(#8824),#8851,.T.);
#8824 = FACE_BOUND('',#8825,.T.);
#8825 = EDGE_LOOP('',(#8826,#8827,#8836,#8844));
#8826 = ORIENTED_EDGE('',*,*,#8805,.T.);
#8827 = ORIENTED_EDGE('',*,*,#8828,.T.);
#8828 = EDGE_CURVE('',#8798,#8829,#8831,.T.);
#8829 = VERTEX_POINT('',#8830);
#8830 = CARTESIAN_POINT('',(9.275,-8.325,0.55));
#8831 = CIRCLE('',#8832,0.200001216283);
#8832 = AXIS2_PLACEMENT_3D('',#8833,#8834,#8835);
#8833 = CARTESIAN_POINT('',(9.475001216279,-8.324998783721,0.55));
#8834 = DIRECTION('',(0.,0.,-1.));
#8835 = DIRECTION('',(-6.081358936913E-06,-0.999999999982,-0.));
#8836 = ORIENTED_EDGE('',*,*,#8837,.F.);
#8837 = EDGE_CURVE('',#8838,#8829,#8840,.T.);
#8838 = VERTEX_POINT('',#8839);
#8839 = CARTESIAN_POINT('',(9.275,-8.325,0.51));
#8840 = LINE('',#8841,#8842);
#8841 = CARTESIAN_POINT('',(9.275,-8.325,0.51));
#8842 = VECTOR('',#8843,1.);
#8843 = DIRECTION('',(0.,0.,1.));
#8844 = ORIENTED_EDGE('',*,*,#8845,.F.);
#8845 = EDGE_CURVE('',#8806,#8838,#8846,.T.);
#8846 = CIRCLE('',#8847,0.200001216283);
#8847 = AXIS2_PLACEMENT_3D('',#8848,#8849,#8850);
#8848 = CARTESIAN_POINT('',(9.475001216279,-8.324998783721,0.51));
#8849 = DIRECTION('',(0.,0.,-1.));
#8850 = DIRECTION('',(-6.081358936913E-06,-0.999999999982,-0.));
#8851 = CYLINDRICAL_SURFACE('',#8852,0.200001216283);
#8852 = AXIS2_PLACEMENT_3D('',#8853,#8854,#8855);
#8853 = CARTESIAN_POINT('',(9.475001216279,-8.324998783721,0.51));
#8854 = DIRECTION('',(0.,0.,-1.));
#8855 = DIRECTION('',(-6.081358936913E-06,-0.999999999982,-0.));
#8856 = ADVANCED_FACE('',(#8857),#8873,.T.);
#8857 = FACE_BOUND('',#8858,.T.);
#8858 = EDGE_LOOP('',(#8859,#8860,#8866,#8867));
#8859 = ORIENTED_EDGE('',*,*,#8837,.T.);
#8860 = ORIENTED_EDGE('',*,*,#8861,.T.);
#8861 = EDGE_CURVE('',#8829,#8629,#8862,.T.);
#8862 = LINE('',#8863,#8864);
#8863 = CARTESIAN_POINT('',(9.275,-8.325,0.55));
#8864 = VECTOR('',#8865,1.);
#8865 = DIRECTION('',(0.,1.,0.));
#8866 = ORIENTED_EDGE('',*,*,#8626,.F.);
#8867 = ORIENTED_EDGE('',*,*,#8868,.F.);
#8868 = EDGE_CURVE('',#8838,#8627,#8869,.T.);
#8869 = LINE('',#8870,#8871);
#8870 = CARTESIAN_POINT('',(9.275,-8.325,0.51));
#8871 = VECTOR('',#8872,1.);
#8872 = DIRECTION('',(0.,1.,0.));
#8873 = PLANE('',#8874);
#8874 = AXIS2_PLACEMENT_3D('',#8875,#8876,#8877);
#8875 = CARTESIAN_POINT('',(9.275,-8.325,0.51));
#8876 = DIRECTION('',(-1.,0.,0.));
#8877 = DIRECTION('',(0.,1.,0.));
#8878 = ADVANCED_FACE('',(#8879),#8889,.F.);
#8879 = FACE_BOUND('',#8880,.T.);
#8880 = EDGE_LOOP('',(#8881,#8882,#8883,#8884,#8885,#8886,#8887,#8888));
#8881 = ORIENTED_EDGE('',*,*,#8653,.T.);
#8882 = ORIENTED_EDGE('',*,*,#8685,.T.);
#8883 = ORIENTED_EDGE('',*,*,#8717,.T.);
#8884 = ORIENTED_EDGE('',*,*,#8749,.T.);
#8885 = ORIENTED_EDGE('',*,*,#8781,.T.);
#8886 = ORIENTED_EDGE('',*,*,#8813,.T.);
#8887 = ORIENTED_EDGE('',*,*,#8845,.T.);
#8888 = ORIENTED_EDGE('',*,*,#8868,.T.);
#8889 = PLANE('',#8890);
#8890 = AXIS2_PLACEMENT_3D('',#8891,#8892,#8893);
#8891 = CARTESIAN_POINT('',(0.,0.,0.51));
#8892 = DIRECTION('',(0.,0.,1.));
#8893 = DIRECTION('',(1.,0.,-0.));
#8894 = ADVANCED_FACE('',(#8895),#8905,.T.);
#8895 = FACE_BOUND('',#8896,.F.);
#8896 = EDGE_LOOP('',(#8897,#8898,#8899,#8900,#8901,#8902,#8903,#8904));
#8897 = ORIENTED_EDGE('',*,*,#8636,.T.);
#8898 = ORIENTED_EDGE('',*,*,#8669,.T.);
#8899 = ORIENTED_EDGE('',*,*,#8700,.T.);
#8900 = ORIENTED_EDGE('',*,*,#8733,.T.);
#8901 = ORIENTED_EDGE('',*,*,#8764,.T.);
#8902 = ORIENTED_EDGE('',*,*,#8797,.T.);
#8903 = ORIENTED_EDGE('',*,*,#8828,.T.);
#8904 = ORIENTED_EDGE('',*,*,#8861,.T.);
#8905 = PLANE('',#8906);
#8906 = AXIS2_PLACEMENT_3D('',#8907,#8908,#8909);
#8907 = CARTESIAN_POINT('',(0.,0.,0.55));
#8908 = DIRECTION('',(0.,0.,1.));
#8909 = DIRECTION('',(1.,0.,-0.));
#8910 = MANIFOLD_SOLID_BREP('',#8911);
#8911 = CLOSED_SHELL('',(#8912,#8952,#8983,#9014,#9036,#9048));
#8912 = ADVANCED_FACE('',(#8913),#8947,.T.);
#8913 = FACE_BOUND('',#8914,.T.);
#8914 = EDGE_LOOP('',(#8915,#8925,#8933,#8941));
#8915 = ORIENTED_EDGE('',*,*,#8916,.T.);
#8916 = EDGE_CURVE('',#8917,#8919,#8921,.T.);
#8917 = VERTEX_POINT('',#8918);
#8918 = CARTESIAN_POINT('',(9.6,-10.59,0.51));
#8919 = VERTEX_POINT('',#8920);
#8920 = CARTESIAN_POINT('',(9.6,-10.59,0.55));
#8921 = LINE('',#8922,#8923);
#8922 = CARTESIAN_POINT('',(9.6,-10.59,0.51));
#8923 = VECTOR('',#8924,1.);
#8924 = DIRECTION('',(0.,0.,1.));
#8925 = ORIENTED_EDGE('',*,*,#8926,.T.);
#8926 = EDGE_CURVE('',#8919,#8927,#8929,.T.);
#8927 = VERTEX_POINT('',#8928);
#8928 = CARTESIAN_POINT('',(9.6,-9.79,0.55));
#8929 = LINE('',#8930,#8931);
#8930 = CARTESIAN_POINT('',(9.6,-10.59,0.55));
#8931 = VECTOR('',#8932,1.);
#8932 = DIRECTION('',(0.,1.,0.));
#8933 = ORIENTED_EDGE('',*,*,#8934,.F.);
#8934 = EDGE_CURVE('',#8935,#8927,#8937,.T.);
#8935 = VERTEX_POINT('',#8936);
#8936 = CARTESIAN_POINT('',(9.6,-9.79,0.51));
#8937 = LINE('',#8938,#8939);
#8938 = CARTESIAN_POINT('',(9.6,-9.79,0.51));
#8939 = VECTOR('',#8940,1.);
#8940 = DIRECTION('',(0.,0.,1.));
#8941 = ORIENTED_EDGE('',*,*,#8942,.F.);
#8942 = EDGE_CURVE('',#8917,#8935,#8943,.T.);
#8943 = LINE('',#8944,#8945);
#8944 = CARTESIAN_POINT('',(9.6,-10.59,0.51));
#8945 = VECTOR('',#8946,1.);
#8946 = DIRECTION('',(0.,1.,0.));
#8947 = PLANE('',#8948);
#8948 = AXIS2_PLACEMENT_3D('',#8949,#8950,#8951);
#8949 = CARTESIAN_POINT('',(9.6,-10.59,0.51));
#8950 = DIRECTION('',(-1.,0.,0.));
#8951 = DIRECTION('',(0.,1.,0.));
#8952 = ADVANCED_FACE('',(#8953),#8978,.T.);
#8953 = FACE_BOUND('',#8954,.T.);
#8954 = EDGE_LOOP('',(#8955,#8956,#8964,#8972));
#8955 = ORIENTED_EDGE('',*,*,#8934,.T.);
#8956 = ORIENTED_EDGE('',*,*,#8957,.T.);
#8957 = EDGE_CURVE('',#8927,#8958,#8960,.T.);
#8958 = VERTEX_POINT('',#8959);
#8959 = CARTESIAN_POINT('',(9.9,-9.79,0.55));
#8960 = LINE('',#8961,#8962);
#8961 = CARTESIAN_POINT('',(9.6,-9.79,0.55));
#8962 = VECTOR('',#8963,1.);
#8963 = DIRECTION('',(1.,0.,0.));
#8964 = ORIENTED_EDGE('',*,*,#8965,.F.);
#8965 = EDGE_CURVE('',#8966,#8958,#8968,.T.);
#8966 = VERTEX_POINT('',#8967);
#8967 = CARTESIAN_POINT('',(9.9,-9.79,0.51));
#8968 = LINE('',#8969,#8970);
#8969 = CARTESIAN_POINT('',(9.9,-9.79,0.51));
#8970 = VECTOR('',#8971,1.);
#8971 = DIRECTION('',(0.,0.,1.));
#8972 = ORIENTED_EDGE('',*,*,#8973,.F.);
#8973 = EDGE_CURVE('',#8935,#8966,#8974,.T.);
#8974 = LINE('',#8975,#8976);
#8975 = CARTESIAN_POINT('',(9.6,-9.79,0.51));
#8976 = VECTOR('',#8977,1.);
#8977 = DIRECTION('',(1.,0.,0.));
#8978 = PLANE('',#8979);
#8979 = AXIS2_PLACEMENT_3D('',#8980,#8981,#8982);
#8980 = CARTESIAN_POINT('',(9.6,-9.79,0.51));
#8981 = DIRECTION('',(0.,1.,0.));
#8982 = DIRECTION('',(1.,0.,0.));
#8983 = ADVANCED_FACE('',(#8984),#9009,.T.);
#8984 = FACE_BOUND('',#8985,.T.);
#8985 = EDGE_LOOP('',(#8986,#8987,#8995,#9003));
#8986 = ORIENTED_EDGE('',*,*,#8965,.T.);
#8987 = ORIENTED_EDGE('',*,*,#8988,.T.);
#8988 = EDGE_CURVE('',#8958,#8989,#8991,.T.);
#8989 = VERTEX_POINT('',#8990);
#8990 = CARTESIAN_POINT('',(9.9,-10.59,0.55));
#8991 = LINE('',#8992,#8993);
#8992 = CARTESIAN_POINT('',(9.9,-9.79,0.55));
#8993 = VECTOR('',#8994,1.);
#8994 = DIRECTION('',(0.,-1.,0.));
#8995 = ORIENTED_EDGE('',*,*,#8996,.F.);
#8996 = EDGE_CURVE('',#8997,#8989,#8999,.T.);
#8997 = VERTEX_POINT('',#8998);
#8998 = CARTESIAN_POINT('',(9.9,-10.59,0.51));
#8999 = LINE('',#9000,#9001);
#9000 = CARTESIAN_POINT('',(9.9,-10.59,0.51));
#9001 = VECTOR('',#9002,1.);
#9002 = DIRECTION('',(0.,0.,1.));
#9003 = ORIENTED_EDGE('',*,*,#9004,.F.);
#9004 = EDGE_CURVE('',#8966,#8997,#9005,.T.);
#9005 = LINE('',#9006,#9007);
#9006 = CARTESIAN_POINT('',(9.9,-9.79,0.51));
#9007 = VECTOR('',#9008,1.);
#9008 = DIRECTION('',(0.,-1.,0.));
#9009 = PLANE('',#9010);
#9010 = AXIS2_PLACEMENT_3D('',#9011,#9012,#9013);
#9011 = CARTESIAN_POINT('',(9.9,-9.79,0.51));
#9012 = DIRECTION('',(1.,0.,-0.));
#9013 = DIRECTION('',(0.,-1.,0.));
#9014 = ADVANCED_FACE('',(#9015),#9031,.T.);
#9015 = FACE_BOUND('',#9016,.T.);
#9016 = EDGE_LOOP('',(#9017,#9018,#9024,#9025));
#9017 = ORIENTED_EDGE('',*,*,#8996,.T.);
#9018 = ORIENTED_EDGE('',*,*,#9019,.T.);
#9019 = EDGE_CURVE('',#8989,#8919,#9020,.T.);
#9020 = LINE('',#9021,#9022);
#9021 = CARTESIAN_POINT('',(9.9,-10.59,0.55));
#9022 = VECTOR('',#9023,1.);
#9023 = DIRECTION('',(-1.,0.,0.));
#9024 = ORIENTED_EDGE('',*,*,#8916,.F.);
#9025 = ORIENTED_EDGE('',*,*,#9026,.F.);
#9026 = EDGE_CURVE('',#8997,#8917,#9027,.T.);
#9027 = LINE('',#9028,#9029);
#9028 = CARTESIAN_POINT('',(9.9,-10.59,0.51));
#9029 = VECTOR('',#9030,1.);
#9030 = DIRECTION('',(-1.,0.,0.));
#9031 = PLANE('',#9032);
#9032 = AXIS2_PLACEMENT_3D('',#9033,#9034,#9035);
#9033 = CARTESIAN_POINT('',(9.9,-10.59,0.51));
#9034 = DIRECTION('',(0.,-1.,0.));
#9035 = DIRECTION('',(-1.,0.,0.));
#9036 = ADVANCED_FACE('',(#9037),#9043,.F.);
#9037 = FACE_BOUND('',#9038,.T.);
#9038 = EDGE_LOOP('',(#9039,#9040,#9041,#9042));
#9039 = ORIENTED_EDGE('',*,*,#8942,.T.);
#9040 = ORIENTED_EDGE('',*,*,#8973,.T.);
#9041 = ORIENTED_EDGE('',*,*,#9004,.T.);
#9042 = ORIENTED_EDGE('',*,*,#9026,.T.);
#9043 = PLANE('',#9044);
#9044 = AXIS2_PLACEMENT_3D('',#9045,#9046,#9047);
#9045 = CARTESIAN_POINT('',(0.,0.,0.51));
#9046 = DIRECTION('',(0.,0.,1.));
#9047 = DIRECTION('',(1.,0.,-0.));
#9048 = ADVANCED_FACE('',(#9049),#9055,.T.);
#9049 = FACE_BOUND('',#9050,.F.);
#9050 = EDGE_LOOP('',(#9051,#9052,#9053,#9054));
#9051 = ORIENTED_EDGE('',*,*,#8926,.T.);
#9052 = ORIENTED_EDGE('',*,*,#8957,.T.);
#9053 = ORIENTED_EDGE('',*,*,#8988,.T.);
#9054 = ORIENTED_EDGE('',*,*,#9019,.T.);
#9055 = PLANE('',#9056);
#9056 = AXIS2_PLACEMENT_3D('',#9057,#9058,#9059);
#9057 = CARTESIAN_POINT('',(0.,0.,0.55));
#9058 = DIRECTION('',(0.,0.,1.));
#9059 = DIRECTION('',(1.,0.,-0.));
#9060 = MANIFOLD_SOLID_BREP('',#9061);
#9061 = CLOSED_SHELL('',(#9062,#9102,#9133,#9164,#9186,#9198));
#9062 = ADVANCED_FACE('',(#9063),#9097,.T.);
#9063 = FACE_BOUND('',#9064,.T.);
#9064 = EDGE_LOOP('',(#9065,#9075,#9083,#9091));
#9065 = ORIENTED_EDGE('',*,*,#9066,.T.);
#9066 = EDGE_CURVE('',#9067,#9069,#9071,.T.);
#9067 = VERTEX_POINT('',#9068);
#9068 = CARTESIAN_POINT('',(7.6,-10.59,0.51));
#9069 = VERTEX_POINT('',#9070);
#9070 = CARTESIAN_POINT('',(7.6,-10.59,0.55));
#9071 = LINE('',#9072,#9073);
#9072 = CARTESIAN_POINT('',(7.6,-10.59,0.51));
#9073 = VECTOR('',#9074,1.);
#9074 = DIRECTION('',(0.,0.,1.));
#9075 = ORIENTED_EDGE('',*,*,#9076,.T.);
#9076 = EDGE_CURVE('',#9069,#9077,#9079,.T.);
#9077 = VERTEX_POINT('',#9078);
#9078 = CARTESIAN_POINT('',(7.6,-9.79,0.55));
#9079 = LINE('',#9080,#9081);
#9080 = CARTESIAN_POINT('',(7.6,-10.59,0.55));
#9081 = VECTOR('',#9082,1.);
#9082 = DIRECTION('',(0.,1.,0.));
#9083 = ORIENTED_EDGE('',*,*,#9084,.F.);
#9084 = EDGE_CURVE('',#9085,#9077,#9087,.T.);
#9085 = VERTEX_POINT('',#9086);
#9086 = CARTESIAN_POINT('',(7.6,-9.79,0.51));
#9087 = LINE('',#9088,#9089);
#9088 = CARTESIAN_POINT('',(7.6,-9.79,0.51));
#9089 = VECTOR('',#9090,1.);
#9090 = DIRECTION('',(0.,0.,1.));
#9091 = ORIENTED_EDGE('',*,*,#9092,.F.);
#9092 = EDGE_CURVE('',#9067,#9085,#9093,.T.);
#9093 = LINE('',#9094,#9095);
#9094 = CARTESIAN_POINT('',(7.6,-10.59,0.51));
#9095 = VECTOR('',#9096,1.);
#9096 = DIRECTION('',(0.,1.,0.));
#9097 = PLANE('',#9098);
#9098 = AXIS2_PLACEMENT_3D('',#9099,#9100,#9101);
#9099 = CARTESIAN_POINT('',(7.6,-10.59,0.51));
#9100 = DIRECTION('',(-1.,0.,0.));
#9101 = DIRECTION('',(0.,1.,0.));
#9102 = ADVANCED_FACE('',(#9103),#9128,.T.);
#9103 = FACE_BOUND('',#9104,.T.);
#9104 = EDGE_LOOP('',(#9105,#9106,#9114,#9122));
#9105 = ORIENTED_EDGE('',*,*,#9084,.T.);
#9106 = ORIENTED_EDGE('',*,*,#9107,.T.);
#9107 = EDGE_CURVE('',#9077,#9108,#9110,.T.);
#9108 = VERTEX_POINT('',#9109);
#9109 = CARTESIAN_POINT('',(7.9,-9.79,0.55));
#9110 = LINE('',#9111,#9112);
#9111 = CARTESIAN_POINT('',(7.6,-9.79,0.55));
#9112 = VECTOR('',#9113,1.);
#9113 = DIRECTION('',(1.,0.,0.));
#9114 = ORIENTED_EDGE('',*,*,#9115,.F.);
#9115 = EDGE_CURVE('',#9116,#9108,#9118,.T.);
#9116 = VERTEX_POINT('',#9117);
#9117 = CARTESIAN_POINT('',(7.9,-9.79,0.51));
#9118 = LINE('',#9119,#9120);
#9119 = CARTESIAN_POINT('',(7.9,-9.79,0.51));
#9120 = VECTOR('',#9121,1.);
#9121 = DIRECTION('',(0.,0.,1.));
#9122 = ORIENTED_EDGE('',*,*,#9123,.F.);
#9123 = EDGE_CURVE('',#9085,#9116,#9124,.T.);
#9124 = LINE('',#9125,#9126);
#9125 = CARTESIAN_POINT('',(7.6,-9.79,0.51));
#9126 = VECTOR('',#9127,1.);
#9127 = DIRECTION('',(1.,0.,0.));
#9128 = PLANE('',#9129);
#9129 = AXIS2_PLACEMENT_3D('',#9130,#9131,#9132);
#9130 = CARTESIAN_POINT('',(7.6,-9.79,0.51));
#9131 = DIRECTION('',(0.,1.,0.));
#9132 = DIRECTION('',(1.,0.,0.));
#9133 = ADVANCED_FACE('',(#9134),#9159,.T.);
#9134 = FACE_BOUND('',#9135,.T.);
#9135 = EDGE_LOOP('',(#9136,#9137,#9145,#9153));
#9136 = ORIENTED_EDGE('',*,*,#9115,.T.);
#9137 = ORIENTED_EDGE('',*,*,#9138,.T.);
#9138 = EDGE_CURVE('',#9108,#9139,#9141,.T.);
#9139 = VERTEX_POINT('',#9140);
#9140 = CARTESIAN_POINT('',(7.9,-10.59,0.55));
#9141 = LINE('',#9142,#9143);
#9142 = CARTESIAN_POINT('',(7.9,-9.79,0.55));
#9143 = VECTOR('',#9144,1.);
#9144 = DIRECTION('',(0.,-1.,0.));
#9145 = ORIENTED_EDGE('',*,*,#9146,.F.);
#9146 = EDGE_CURVE('',#9147,#9139,#9149,.T.);
#9147 = VERTEX_POINT('',#9148);
#9148 = CARTESIAN_POINT('',(7.9,-10.59,0.51));
#9149 = LINE('',#9150,#9151);
#9150 = CARTESIAN_POINT('',(7.9,-10.59,0.51));
#9151 = VECTOR('',#9152,1.);
#9152 = DIRECTION('',(0.,0.,1.));
#9153 = ORIENTED_EDGE('',*,*,#9154,.F.);
#9154 = EDGE_CURVE('',#9116,#9147,#9155,.T.);
#9155 = LINE('',#9156,#9157);
#9156 = CARTESIAN_POINT('',(7.9,-9.79,0.51));
#9157 = VECTOR('',#9158,1.);
#9158 = DIRECTION('',(0.,-1.,0.));
#9159 = PLANE('',#9160);
#9160 = AXIS2_PLACEMENT_3D('',#9161,#9162,#9163);
#9161 = CARTESIAN_POINT('',(7.9,-9.79,0.51));
#9162 = DIRECTION('',(1.,0.,-0.));
#9163 = DIRECTION('',(0.,-1.,0.));
#9164 = ADVANCED_FACE('',(#9165),#9181,.T.);
#9165 = FACE_BOUND('',#9166,.T.);
#9166 = EDGE_LOOP('',(#9167,#9168,#9174,#9175));
#9167 = ORIENTED_EDGE('',*,*,#9146,.T.);
#9168 = ORIENTED_EDGE('',*,*,#9169,.T.);
#9169 = EDGE_CURVE('',#9139,#9069,#9170,.T.);
#9170 = LINE('',#9171,#9172);
#9171 = CARTESIAN_POINT('',(7.9,-10.59,0.55));
#9172 = VECTOR('',#9173,1.);
#9173 = DIRECTION('',(-1.,0.,0.));
#9174 = ORIENTED_EDGE('',*,*,#9066,.F.);
#9175 = ORIENTED_EDGE('',*,*,#9176,.F.);
#9176 = EDGE_CURVE('',#9147,#9067,#9177,.T.);
#9177 = LINE('',#9178,#9179);
#9178 = CARTESIAN_POINT('',(7.9,-10.59,0.51));
#9179 = VECTOR('',#9180,1.);
#9180 = DIRECTION('',(-1.,0.,0.));
#9181 = PLANE('',#9182);
#9182 = AXIS2_PLACEMENT_3D('',#9183,#9184,#9185);
#9183 = CARTESIAN_POINT('',(7.9,-10.59,0.51));
#9184 = DIRECTION('',(0.,-1.,0.));
#9185 = DIRECTION('',(-1.,0.,0.));
#9186 = ADVANCED_FACE('',(#9187),#9193,.F.);
#9187 = FACE_BOUND('',#9188,.T.);
#9188 = EDGE_LOOP('',(#9189,#9190,#9191,#9192));
#9189 = ORIENTED_EDGE('',*,*,#9092,.T.);
#9190 = ORIENTED_EDGE('',*,*,#9123,.T.);
#9191 = ORIENTED_EDGE('',*,*,#9154,.T.);
#9192 = ORIENTED_EDGE('',*,*,#9176,.T.);
#9193 = PLANE('',#9194);
#9194 = AXIS2_PLACEMENT_3D('',#9195,#9196,#9197);
#9195 = CARTESIAN_POINT('',(0.,0.,0.51));
#9196 = DIRECTION('',(0.,0.,1.));
#9197 = DIRECTION('',(1.,0.,-0.));
#9198 = ADVANCED_FACE('',(#9199),#9205,.T.);
#9199 = FACE_BOUND('',#9200,.F.);
#9200 = EDGE_LOOP('',(#9201,#9202,#9203,#9204));
#9201 = ORIENTED_EDGE('',*,*,#9076,.T.);
#9202 = ORIENTED_EDGE('',*,*,#9107,.T.);
#9203 = ORIENTED_EDGE('',*,*,#9138,.T.);
#9204 = ORIENTED_EDGE('',*,*,#9169,.T.);
#9205 = PLANE('',#9206);
#9206 = AXIS2_PLACEMENT_3D('',#9207,#9208,#9209);
#9207 = CARTESIAN_POINT('',(0.,0.,0.55));
#9208 = DIRECTION('',(0.,0.,1.));
#9209 = DIRECTION('',(1.,0.,-0.));
#9210 = MANIFOLD_SOLID_BREP('',#9211);
#9211 = CLOSED_SHELL('',(#9212,#9252,#9283,#9314,#9336,#9348));
#9212 = ADVANCED_FACE('',(#9213),#9247,.T.);
#9213 = FACE_BOUND('',#9214,.T.);
#9214 = EDGE_LOOP('',(#9215,#9225,#9233,#9241));
#9215 = ORIENTED_EDGE('',*,*,#9216,.T.);
#9216 = EDGE_CURVE('',#9217,#9219,#9221,.T.);
#9217 = VERTEX_POINT('',#9218);
#9218 = CARTESIAN_POINT('',(8.6,-10.59,0.51));
#9219 = VERTEX_POINT('',#9220);
#9220 = CARTESIAN_POINT('',(8.6,-10.59,0.55));
#9221 = LINE('',#9222,#9223);
#9222 = CARTESIAN_POINT('',(8.6,-10.59,0.51));
#9223 = VECTOR('',#9224,1.);
#9224 = DIRECTION('',(0.,0.,1.));
#9225 = ORIENTED_EDGE('',*,*,#9226,.T.);
#9226 = EDGE_CURVE('',#9219,#9227,#9229,.T.);
#9227 = VERTEX_POINT('',#9228);
#9228 = CARTESIAN_POINT('',(8.6,-9.79,0.55));
#9229 = LINE('',#9230,#9231);
#9230 = CARTESIAN_POINT('',(8.6,-10.59,0.55));
#9231 = VECTOR('',#9232,1.);
#9232 = DIRECTION('',(0.,1.,0.));
#9233 = ORIENTED_EDGE('',*,*,#9234,.F.);
#9234 = EDGE_CURVE('',#9235,#9227,#9237,.T.);
#9235 = VERTEX_POINT('',#9236);
#9236 = CARTESIAN_POINT('',(8.6,-9.79,0.51));
#9237 = LINE('',#9238,#9239);
#9238 = CARTESIAN_POINT('',(8.6,-9.79,0.51));
#9239 = VECTOR('',#9240,1.);
#9240 = DIRECTION('',(0.,0.,1.));
#9241 = ORIENTED_EDGE('',*,*,#9242,.F.);
#9242 = EDGE_CURVE('',#9217,#9235,#9243,.T.);
#9243 = LINE('',#9244,#9245);
#9244 = CARTESIAN_POINT('',(8.6,-10.59,0.51));
#9245 = VECTOR('',#9246,1.);
#9246 = DIRECTION('',(0.,1.,0.));
#9247 = PLANE('',#9248);
#9248 = AXIS2_PLACEMENT_3D('',#9249,#9250,#9251);
#9249 = CARTESIAN_POINT('',(8.6,-10.59,0.51));
#9250 = DIRECTION('',(-1.,0.,0.));
#9251 = DIRECTION('',(0.,1.,0.));
#9252 = ADVANCED_FACE('',(#9253),#9278,.T.);
#9253 = FACE_BOUND('',#9254,.T.);
#9254 = EDGE_LOOP('',(#9255,#9256,#9264,#9272));
#9255 = ORIENTED_EDGE('',*,*,#9234,.T.);
#9256 = ORIENTED_EDGE('',*,*,#9257,.T.);
#9257 = EDGE_CURVE('',#9227,#9258,#9260,.T.);
#9258 = VERTEX_POINT('',#9259);
#9259 = CARTESIAN_POINT('',(8.9,-9.79,0.55));
#9260 = LINE('',#9261,#9262);
#9261 = CARTESIAN_POINT('',(8.6,-9.79,0.55));
#9262 = VECTOR('',#9263,1.);
#9263 = DIRECTION('',(1.,0.,0.));
#9264 = ORIENTED_EDGE('',*,*,#9265,.F.);
#9265 = EDGE_CURVE('',#9266,#9258,#9268,.T.);
#9266 = VERTEX_POINT('',#9267);
#9267 = CARTESIAN_POINT('',(8.9,-9.79,0.51));
#9268 = LINE('',#9269,#9270);
#9269 = CARTESIAN_POINT('',(8.9,-9.79,0.51));
#9270 = VECTOR('',#9271,1.);
#9271 = DIRECTION('',(0.,0.,1.));
#9272 = ORIENTED_EDGE('',*,*,#9273,.F.);
#9273 = EDGE_CURVE('',#9235,#9266,#9274,.T.);
#9274 = LINE('',#9275,#9276);
#9275 = CARTESIAN_POINT('',(8.6,-9.79,0.51));
#9276 = VECTOR('',#9277,1.);
#9277 = DIRECTION('',(1.,0.,0.));
#9278 = PLANE('',#9279);
#9279 = AXIS2_PLACEMENT_3D('',#9280,#9281,#9282);
#9280 = CARTESIAN_POINT('',(8.6,-9.79,0.51));
#9281 = DIRECTION('',(0.,1.,0.));
#9282 = DIRECTION('',(1.,0.,0.));
#9283 = ADVANCED_FACE('',(#9284),#9309,.T.);
#9284 = FACE_BOUND('',#9285,.T.);
#9285 = EDGE_LOOP('',(#9286,#9287,#9295,#9303));
#9286 = ORIENTED_EDGE('',*,*,#9265,.T.);
#9287 = ORIENTED_EDGE('',*,*,#9288,.T.);
#9288 = EDGE_CURVE('',#9258,#9289,#9291,.T.);
#9289 = VERTEX_POINT('',#9290);
#9290 = CARTESIAN_POINT('',(8.9,-10.59,0.55));
#9291 = LINE('',#9292,#9293);
#9292 = CARTESIAN_POINT('',(8.9,-9.79,0.55));
#9293 = VECTOR('',#9294,1.);
#9294 = DIRECTION('',(0.,-1.,0.));
#9295 = ORIENTED_EDGE('',*,*,#9296,.F.);
#9296 = EDGE_CURVE('',#9297,#9289,#9299,.T.);
#9297 = VERTEX_POINT('',#9298);
#9298 = CARTESIAN_POINT('',(8.9,-10.59,0.51));
#9299 = LINE('',#9300,#9301);
#9300 = CARTESIAN_POINT('',(8.9,-10.59,0.51));
#9301 = VECTOR('',#9302,1.);
#9302 = DIRECTION('',(0.,0.,1.));
#9303 = ORIENTED_EDGE('',*,*,#9304,.F.);
#9304 = EDGE_CURVE('',#9266,#9297,#9305,.T.);
#9305 = LINE('',#9306,#9307);
#9306 = CARTESIAN_POINT('',(8.9,-9.79,0.51));
#9307 = VECTOR('',#9308,1.);
#9308 = DIRECTION('',(0.,-1.,0.));
#9309 = PLANE('',#9310);
#9310 = AXIS2_PLACEMENT_3D('',#9311,#9312,#9313);
#9311 = CARTESIAN_POINT('',(8.9,-9.79,0.51));
#9312 = DIRECTION('',(1.,0.,-0.));
#9313 = DIRECTION('',(0.,-1.,0.));
#9314 = ADVANCED_FACE('',(#9315),#9331,.T.);
#9315 = FACE_BOUND('',#9316,.T.);
#9316 = EDGE_LOOP('',(#9317,#9318,#9324,#9325));
#9317 = ORIENTED_EDGE('',*,*,#9296,.T.);
#9318 = ORIENTED_EDGE('',*,*,#9319,.T.);
#9319 = EDGE_CURVE('',#9289,#9219,#9320,.T.);
#9320 = LINE('',#9321,#9322);
#9321 = CARTESIAN_POINT('',(8.9,-10.59,0.55));
#9322 = VECTOR('',#9323,1.);
#9323 = DIRECTION('',(-1.,0.,0.));
#9324 = ORIENTED_EDGE('',*,*,#9216,.F.);
#9325 = ORIENTED_EDGE('',*,*,#9326,.F.);
#9326 = EDGE_CURVE('',#9297,#9217,#9327,.T.);
#9327 = LINE('',#9328,#9329);
#9328 = CARTESIAN_POINT('',(8.9,-10.59,0.51));
#9329 = VECTOR('',#9330,1.);
#9330 = DIRECTION('',(-1.,0.,0.));
#9331 = PLANE('',#9332);
#9332 = AXIS2_PLACEMENT_3D('',#9333,#9334,#9335);
#9333 = CARTESIAN_POINT('',(8.9,-10.59,0.51));
#9334 = DIRECTION('',(0.,-1.,0.));
#9335 = DIRECTION('',(-1.,0.,0.));
#9336 = ADVANCED_FACE('',(#9337),#9343,.F.);
#9337 = FACE_BOUND('',#9338,.T.);
#9338 = EDGE_LOOP('',(#9339,#9340,#9341,#9342));
#9339 = ORIENTED_EDGE('',*,*,#9242,.T.);
#9340 = ORIENTED_EDGE('',*,*,#9273,.T.);
#9341 = ORIENTED_EDGE('',*,*,#9304,.T.);
#9342 = ORIENTED_EDGE('',*,*,#9326,.T.);
#9343 = PLANE('',#9344);
#9344 = AXIS2_PLACEMENT_3D('',#9345,#9346,#9347);
#9345 = CARTESIAN_POINT('',(0.,0.,0.51));
#9346 = DIRECTION('',(0.,0.,1.));
#9347 = DIRECTION('',(1.,0.,-0.));
#9348 = ADVANCED_FACE('',(#9349),#9355,.T.);
#9349 = FACE_BOUND('',#9350,.F.);
#9350 = EDGE_LOOP('',(#9351,#9352,#9353,#9354));
#9351 = ORIENTED_EDGE('',*,*,#9226,.T.);
#9352 = ORIENTED_EDGE('',*,*,#9257,.T.);
#9353 = ORIENTED_EDGE('',*,*,#9288,.T.);
#9354 = ORIENTED_EDGE('',*,*,#9319,.T.);
#9355 = PLANE('',#9356);
#9356 = AXIS2_PLACEMENT_3D('',#9357,#9358,#9359);
#9357 = CARTESIAN_POINT('',(0.,0.,0.55));
#9358 = DIRECTION('',(0.,0.,1.));
#9359 = DIRECTION('',(1.,0.,-0.));
#9360 = MANIFOLD_SOLID_BREP('',#9361);
#9361 = CLOSED_SHELL('',(#9362,#9402,#9433,#9464,#9486,#9498));
#9362 = ADVANCED_FACE('',(#9363),#9397,.T.);
#9363 = FACE_BOUND('',#9364,.T.);
#9364 = EDGE_LOOP('',(#9365,#9375,#9383,#9391));
#9365 = ORIENTED_EDGE('',*,*,#9366,.T.);
#9366 = EDGE_CURVE('',#9367,#9369,#9371,.T.);
#9367 = VERTEX_POINT('',#9368);
#9368 = CARTESIAN_POINT('',(8.1,-10.59,0.51));
#9369 = VERTEX_POINT('',#9370);
#9370 = CARTESIAN_POINT('',(8.1,-10.59,0.55));
#9371 = LINE('',#9372,#9373);
#9372 = CARTESIAN_POINT('',(8.1,-10.59,0.51));
#9373 = VECTOR('',#9374,1.);
#9374 = DIRECTION('',(0.,0.,1.));
#9375 = ORIENTED_EDGE('',*,*,#9376,.T.);
#9376 = EDGE_CURVE('',#9369,#9377,#9379,.T.);
#9377 = VERTEX_POINT('',#9378);
#9378 = CARTESIAN_POINT('',(8.1,-9.79,0.55));
#9379 = LINE('',#9380,#9381);
#9380 = CARTESIAN_POINT('',(8.1,-10.59,0.55));
#9381 = VECTOR('',#9382,1.);
#9382 = DIRECTION('',(0.,1.,0.));
#9383 = ORIENTED_EDGE('',*,*,#9384,.F.);
#9384 = EDGE_CURVE('',#9385,#9377,#9387,.T.);
#9385 = VERTEX_POINT('',#9386);
#9386 = CARTESIAN_POINT('',(8.1,-9.79,0.51));
#9387 = LINE('',#9388,#9389);
#9388 = CARTESIAN_POINT('',(8.1,-9.79,0.51));
#9389 = VECTOR('',#9390,1.);
#9390 = DIRECTION('',(0.,0.,1.));
#9391 = ORIENTED_EDGE('',*,*,#9392,.F.);
#9392 = EDGE_CURVE('',#9367,#9385,#9393,.T.);
#9393 = LINE('',#9394,#9395);
#9394 = CARTESIAN_POINT('',(8.1,-10.59,0.51));
#9395 = VECTOR('',#9396,1.);
#9396 = DIRECTION('',(0.,1.,0.));
#9397 = PLANE('',#9398);
#9398 = AXIS2_PLACEMENT_3D('',#9399,#9400,#9401);
#9399 = CARTESIAN_POINT('',(8.1,-10.59,0.51));
#9400 = DIRECTION('',(-1.,0.,0.));
#9401 = DIRECTION('',(0.,1.,0.));
#9402 = ADVANCED_FACE('',(#9403),#9428,.T.);
#9403 = FACE_BOUND('',#9404,.T.);
#9404 = EDGE_LOOP('',(#9405,#9406,#9414,#9422));
#9405 = ORIENTED_EDGE('',*,*,#9384,.T.);
#9406 = ORIENTED_EDGE('',*,*,#9407,.T.);
#9407 = EDGE_CURVE('',#9377,#9408,#9410,.T.);
#9408 = VERTEX_POINT('',#9409);
#9409 = CARTESIAN_POINT('',(8.4,-9.79,0.55));
#9410 = LINE('',#9411,#9412);
#9411 = CARTESIAN_POINT('',(8.1,-9.79,0.55));
#9412 = VECTOR('',#9413,1.);
#9413 = DIRECTION('',(1.,0.,0.));
#9414 = ORIENTED_EDGE('',*,*,#9415,.F.);
#9415 = EDGE_CURVE('',#9416,#9408,#9418,.T.);
#9416 = VERTEX_POINT('',#9417);
#9417 = CARTESIAN_POINT('',(8.4,-9.79,0.51));
#9418 = LINE('',#9419,#9420);
#9419 = CARTESIAN_POINT('',(8.4,-9.79,0.51));
#9420 = VECTOR('',#9421,1.);
#9421 = DIRECTION('',(0.,0.,1.));
#9422 = ORIENTED_EDGE('',*,*,#9423,.F.);
#9423 = EDGE_CURVE('',#9385,#9416,#9424,.T.);
#9424 = LINE('',#9425,#9426);
#9425 = CARTESIAN_POINT('',(8.1,-9.79,0.51));
#9426 = VECTOR('',#9427,1.);
#9427 = DIRECTION('',(1.,0.,0.));
#9428 = PLANE('',#9429);
#9429 = AXIS2_PLACEMENT_3D('',#9430,#9431,#9432);
#9430 = CARTESIAN_POINT('',(8.1,-9.79,0.51));
#9431 = DIRECTION('',(0.,1.,0.));
#9432 = DIRECTION('',(1.,0.,0.));
#9433 = ADVANCED_FACE('',(#9434),#9459,.T.);
#9434 = FACE_BOUND('',#9435,.T.);
#9435 = EDGE_LOOP('',(#9436,#9437,#9445,#9453));
#9436 = ORIENTED_EDGE('',*,*,#9415,.T.);
#9437 = ORIENTED_EDGE('',*,*,#9438,.T.);
#9438 = EDGE_CURVE('',#9408,#9439,#9441,.T.);
#9439 = VERTEX_POINT('',#9440);
#9440 = CARTESIAN_POINT('',(8.4,-10.59,0.55));
#9441 = LINE('',#9442,#9443);
#9442 = CARTESIAN_POINT('',(8.4,-9.79,0.55));
#9443 = VECTOR('',#9444,1.);
#9444 = DIRECTION('',(0.,-1.,0.));
#9445 = ORIENTED_EDGE('',*,*,#9446,.F.);
#9446 = EDGE_CURVE('',#9447,#9439,#9449,.T.);
#9447 = VERTEX_POINT('',#9448);
#9448 = CARTESIAN_POINT('',(8.4,-10.59,0.51));
#9449 = LINE('',#9450,#9451);
#9450 = CARTESIAN_POINT('',(8.4,-10.59,0.51));
#9451 = VECTOR('',#9452,1.);
#9452 = DIRECTION('',(0.,0.,1.));
#9453 = ORIENTED_EDGE('',*,*,#9454,.F.);
#9454 = EDGE_CURVE('',#9416,#9447,#9455,.T.);
#9455 = LINE('',#9456,#9457);
#9456 = CARTESIAN_POINT('',(8.4,-9.79,0.51));
#9457 = VECTOR('',#9458,1.);
#9458 = DIRECTION('',(0.,-1.,0.));
#9459 = PLANE('',#9460);
#9460 = AXIS2_PLACEMENT_3D('',#9461,#9462,#9463);
#9461 = CARTESIAN_POINT('',(8.4,-9.79,0.51));
#9462 = DIRECTION('',(1.,0.,-0.));
#9463 = DIRECTION('',(0.,-1.,0.));
#9464 = ADVANCED_FACE('',(#9465),#9481,.T.);
#9465 = FACE_BOUND('',#9466,.T.);
#9466 = EDGE_LOOP('',(#9467,#9468,#9474,#9475));
#9467 = ORIENTED_EDGE('',*,*,#9446,.T.);
#9468 = ORIENTED_EDGE('',*,*,#9469,.T.);
#9469 = EDGE_CURVE('',#9439,#9369,#9470,.T.);
#9470 = LINE('',#9471,#9472);
#9471 = CARTESIAN_POINT('',(8.4,-10.59,0.55));
#9472 = VECTOR('',#9473,1.);
#9473 = DIRECTION('',(-1.,0.,0.));
#9474 = ORIENTED_EDGE('',*,*,#9366,.F.);
#9475 = ORIENTED_EDGE('',*,*,#9476,.F.);
#9476 = EDGE_CURVE('',#9447,#9367,#9477,.T.);
#9477 = LINE('',#9478,#9479);
#9478 = CARTESIAN_POINT('',(8.4,-10.59,0.51));
#9479 = VECTOR('',#9480,1.);
#9480 = DIRECTION('',(-1.,0.,0.));
#9481 = PLANE('',#9482);
#9482 = AXIS2_PLACEMENT_3D('',#9483,#9484,#9485);
#9483 = CARTESIAN_POINT('',(8.4,-10.59,0.51));
#9484 = DIRECTION('',(0.,-1.,0.));
#9485 = DIRECTION('',(-1.,0.,0.));
#9486 = ADVANCED_FACE('',(#9487),#9493,.F.);
#9487 = FACE_BOUND('',#9488,.T.);
#9488 = EDGE_LOOP('',(#9489,#9490,#9491,#9492));
#9489 = ORIENTED_EDGE('',*,*,#9392,.T.);
#9490 = ORIENTED_EDGE('',*,*,#9423,.T.);
#9491 = ORIENTED_EDGE('',*,*,#9454,.T.);
#9492 = ORIENTED_EDGE('',*,*,#9476,.T.);
#9493 = PLANE('',#9494);
#9494 = AXIS2_PLACEMENT_3D('',#9495,#9496,#9497);
#9495 = CARTESIAN_POINT('',(0.,0.,0.51));
#9496 = DIRECTION('',(0.,0.,1.));
#9497 = DIRECTION('',(1.,0.,-0.));
#9498 = ADVANCED_FACE('',(#9499),#9505,.T.);
#9499 = FACE_BOUND('',#9500,.F.);
#9500 = EDGE_LOOP('',(#9501,#9502,#9503,#9504));
#9501 = ORIENTED_EDGE('',*,*,#9376,.T.);
#9502 = ORIENTED_EDGE('',*,*,#9407,.T.);
#9503 = ORIENTED_EDGE('',*,*,#9438,.T.);
#9504 = ORIENTED_EDGE('',*,*,#9469,.T.);
#9505 = PLANE('',#9506);
#9506 = AXIS2_PLACEMENT_3D('',#9507,#9508,#9509);
#9507 = CARTESIAN_POINT('',(0.,0.,0.55));
#9508 = DIRECTION('',(0.,0.,1.));
#9509 = DIRECTION('',(1.,0.,-0.));
#9510 = MANIFOLD_SOLID_BREP('',#9511);
#9511 = CLOSED_SHELL('',(#9512,#9552,#9583,#9614,#9636,#9648));
#9512 = ADVANCED_FACE('',(#9513),#9547,.T.);
#9513 = FACE_BOUND('',#9514,.T.);
#9514 = EDGE_LOOP('',(#9515,#9525,#9533,#9541));
#9515 = ORIENTED_EDGE('',*,*,#9516,.T.);
#9516 = EDGE_CURVE('',#9517,#9519,#9521,.T.);
#9517 = VERTEX_POINT('',#9518);
#9518 = CARTESIAN_POINT('',(7.1,-10.59,0.51));
#9519 = VERTEX_POINT('',#9520);
#9520 = CARTESIAN_POINT('',(7.1,-10.59,0.55));
#9521 = LINE('',#9522,#9523);
#9522 = CARTESIAN_POINT('',(7.1,-10.59,0.51));
#9523 = VECTOR('',#9524,1.);
#9524 = DIRECTION('',(0.,0.,1.));
#9525 = ORIENTED_EDGE('',*,*,#9526,.T.);
#9526 = EDGE_CURVE('',#9519,#9527,#9529,.T.);
#9527 = VERTEX_POINT('',#9528);
#9528 = CARTESIAN_POINT('',(7.1,-9.79,0.55));
#9529 = LINE('',#9530,#9531);
#9530 = CARTESIAN_POINT('',(7.1,-10.59,0.55));
#9531 = VECTOR('',#9532,1.);
#9532 = DIRECTION('',(0.,1.,0.));
#9533 = ORIENTED_EDGE('',*,*,#9534,.F.);
#9534 = EDGE_CURVE('',#9535,#9527,#9537,.T.);
#9535 = VERTEX_POINT('',#9536);
#9536 = CARTESIAN_POINT('',(7.1,-9.79,0.51));
#9537 = LINE('',#9538,#9539);
#9538 = CARTESIAN_POINT('',(7.1,-9.79,0.51));
#9539 = VECTOR('',#9540,1.);
#9540 = DIRECTION('',(0.,0.,1.));
#9541 = ORIENTED_EDGE('',*,*,#9542,.F.);
#9542 = EDGE_CURVE('',#9517,#9535,#9543,.T.);
#9543 = LINE('',#9544,#9545);
#9544 = CARTESIAN_POINT('',(7.1,-10.59,0.51));
#9545 = VECTOR('',#9546,1.);
#9546 = DIRECTION('',(0.,1.,0.));
#9547 = PLANE('',#9548);
#9548 = AXIS2_PLACEMENT_3D('',#9549,#9550,#9551);
#9549 = CARTESIAN_POINT('',(7.1,-10.59,0.51));
#9550 = DIRECTION('',(-1.,0.,0.));
#9551 = DIRECTION('',(0.,1.,0.));
#9552 = ADVANCED_FACE('',(#9553),#9578,.T.);
#9553 = FACE_BOUND('',#9554,.T.);
#9554 = EDGE_LOOP('',(#9555,#9556,#9564,#9572));
#9555 = ORIENTED_EDGE('',*,*,#9534,.T.);
#9556 = ORIENTED_EDGE('',*,*,#9557,.T.);
#9557 = EDGE_CURVE('',#9527,#9558,#9560,.T.);
#9558 = VERTEX_POINT('',#9559);
#9559 = CARTESIAN_POINT('',(7.4,-9.79,0.55));
#9560 = LINE('',#9561,#9562);
#9561 = CARTESIAN_POINT('',(7.1,-9.79,0.55));
#9562 = VECTOR('',#9563,1.);
#9563 = DIRECTION('',(1.,0.,0.));
#9564 = ORIENTED_EDGE('',*,*,#9565,.F.);
#9565 = EDGE_CURVE('',#9566,#9558,#9568,.T.);
#9566 = VERTEX_POINT('',#9567);
#9567 = CARTESIAN_POINT('',(7.4,-9.79,0.51));
#9568 = LINE('',#9569,#9570);
#9569 = CARTESIAN_POINT('',(7.4,-9.79,0.51));
#9570 = VECTOR('',#9571,1.);
#9571 = DIRECTION('',(0.,0.,1.));
#9572 = ORIENTED_EDGE('',*,*,#9573,.F.);
#9573 = EDGE_CURVE('',#9535,#9566,#9574,.T.);
#9574 = LINE('',#9575,#9576);
#9575 = CARTESIAN_POINT('',(7.1,-9.79,0.51));
#9576 = VECTOR('',#9577,1.);
#9577 = DIRECTION('',(1.,0.,0.));
#9578 = PLANE('',#9579);
#9579 = AXIS2_PLACEMENT_3D('',#9580,#9581,#9582);
#9580 = CARTESIAN_POINT('',(7.1,-9.79,0.51));
#9581 = DIRECTION('',(0.,1.,0.));
#9582 = DIRECTION('',(1.,0.,0.));
#9583 = ADVANCED_FACE('',(#9584),#9609,.T.);
#9584 = FACE_BOUND('',#9585,.T.);
#9585 = EDGE_LOOP('',(#9586,#9587,#9595,#9603));
#9586 = ORIENTED_EDGE('',*,*,#9565,.T.);
#9587 = ORIENTED_EDGE('',*,*,#9588,.T.);
#9588 = EDGE_CURVE('',#9558,#9589,#9591,.T.);
#9589 = VERTEX_POINT('',#9590);
#9590 = CARTESIAN_POINT('',(7.4,-10.59,0.55));
#9591 = LINE('',#9592,#9593);
#9592 = CARTESIAN_POINT('',(7.4,-9.79,0.55));
#9593 = VECTOR('',#9594,1.);
#9594 = DIRECTION('',(0.,-1.,0.));
#9595 = ORIENTED_EDGE('',*,*,#9596,.F.);
#9596 = EDGE_CURVE('',#9597,#9589,#9599,.T.);
#9597 = VERTEX_POINT('',#9598);
#9598 = CARTESIAN_POINT('',(7.4,-10.59,0.51));
#9599 = LINE('',#9600,#9601);
#9600 = CARTESIAN_POINT('',(7.4,-10.59,0.51));
#9601 = VECTOR('',#9602,1.);
#9602 = DIRECTION('',(0.,0.,1.));
#9603 = ORIENTED_EDGE('',*,*,#9604,.F.);
#9604 = EDGE_CURVE('',#9566,#9597,#9605,.T.);
#9605 = LINE('',#9606,#9607);
#9606 = CARTESIAN_POINT('',(7.4,-9.79,0.51));
#9607 = VECTOR('',#9608,1.);
#9608 = DIRECTION('',(0.,-1.,0.));
#9609 = PLANE('',#9610);
#9610 = AXIS2_PLACEMENT_3D('',#9611,#9612,#9613);
#9611 = CARTESIAN_POINT('',(7.4,-9.79,0.51));
#9612 = DIRECTION('',(1.,0.,-0.));
#9613 = DIRECTION('',(0.,-1.,0.));
#9614 = ADVANCED_FACE('',(#9615),#9631,.T.);
#9615 = FACE_BOUND('',#9616,.T.);
#9616 = EDGE_LOOP('',(#9617,#9618,#9624,#9625));
#9617 = ORIENTED_EDGE('',*,*,#9596,.T.);
#9618 = ORIENTED_EDGE('',*,*,#9619,.T.);
#9619 = EDGE_CURVE('',#9589,#9519,#9620,.T.);
#9620 = LINE('',#9621,#9622);
#9621 = CARTESIAN_POINT('',(7.4,-10.59,0.55));
#9622 = VECTOR('',#9623,1.);
#9623 = DIRECTION('',(-1.,0.,0.));
#9624 = ORIENTED_EDGE('',*,*,#9516,.F.);
#9625 = ORIENTED_EDGE('',*,*,#9626,.F.);
#9626 = EDGE_CURVE('',#9597,#9517,#9627,.T.);
#9627 = LINE('',#9628,#9629);
#9628 = CARTESIAN_POINT('',(7.4,-10.59,0.51));
#9629 = VECTOR('',#9630,1.);
#9630 = DIRECTION('',(-1.,0.,0.));
#9631 = PLANE('',#9632);
#9632 = AXIS2_PLACEMENT_3D('',#9633,#9634,#9635);
#9633 = CARTESIAN_POINT('',(7.4,-10.59,0.51));
#9634 = DIRECTION('',(0.,-1.,0.));
#9635 = DIRECTION('',(-1.,0.,0.));
#9636 = ADVANCED_FACE('',(#9637),#9643,.F.);
#9637 = FACE_BOUND('',#9638,.T.);
#9638 = EDGE_LOOP('',(#9639,#9640,#9641,#9642));
#9639 = ORIENTED_EDGE('',*,*,#9542,.T.);
#9640 = ORIENTED_EDGE('',*,*,#9573,.T.);
#9641 = ORIENTED_EDGE('',*,*,#9604,.T.);
#9642 = ORIENTED_EDGE('',*,*,#9626,.T.);
#9643 = PLANE('',#9644);
#9644 = AXIS2_PLACEMENT_3D('',#9645,#9646,#9647);
#9645 = CARTESIAN_POINT('',(0.,0.,0.51));
#9646 = DIRECTION('',(0.,0.,1.));
#9647 = DIRECTION('',(1.,0.,-0.));
#9648 = ADVANCED_FACE('',(#9649),#9655,.T.);
#9649 = FACE_BOUND('',#9650,.F.);
#9650 = EDGE_LOOP('',(#9651,#9652,#9653,#9654));
#9651 = ORIENTED_EDGE('',*,*,#9526,.T.);
#9652 = ORIENTED_EDGE('',*,*,#9557,.T.);
#9653 = ORIENTED_EDGE('',*,*,#9588,.T.);
#9654 = ORIENTED_EDGE('',*,*,#9619,.T.);
#9655 = PLANE('',#9656);
#9656 = AXIS2_PLACEMENT_3D('',#9657,#9658,#9659);
#9657 = CARTESIAN_POINT('',(0.,0.,0.55));
#9658 = DIRECTION('',(0.,0.,1.));
#9659 = DIRECTION('',(1.,0.,-0.));
#9660 = MANIFOLD_SOLID_BREP('',#9661);
#9661 = CLOSED_SHELL('',(#9662,#9702,#9733,#9764,#9786,#9798));
#9662 = ADVANCED_FACE('',(#9663),#9697,.T.);
#9663 = FACE_BOUND('',#9664,.T.);
#9664 = EDGE_LOOP('',(#9665,#9675,#9683,#9691));
#9665 = ORIENTED_EDGE('',*,*,#9666,.T.);
#9666 = EDGE_CURVE('',#9667,#9669,#9671,.T.);
#9667 = VERTEX_POINT('',#9668);
#9668 = CARTESIAN_POINT('',(9.1,-10.59,0.51));
#9669 = VERTEX_POINT('',#9670);
#9670 = CARTESIAN_POINT('',(9.1,-10.59,0.55));
#9671 = LINE('',#9672,#9673);
#9672 = CARTESIAN_POINT('',(9.1,-10.59,0.51));
#9673 = VECTOR('',#9674,1.);
#9674 = DIRECTION('',(0.,0.,1.));
#9675 = ORIENTED_EDGE('',*,*,#9676,.T.);
#9676 = EDGE_CURVE('',#9669,#9677,#9679,.T.);
#9677 = VERTEX_POINT('',#9678);
#9678 = CARTESIAN_POINT('',(9.1,-9.79,0.55));
#9679 = LINE('',#9680,#9681);
#9680 = CARTESIAN_POINT('',(9.1,-10.59,0.55));
#9681 = VECTOR('',#9682,1.);
#9682 = DIRECTION('',(0.,1.,0.));
#9683 = ORIENTED_EDGE('',*,*,#9684,.F.);
#9684 = EDGE_CURVE('',#9685,#9677,#9687,.T.);
#9685 = VERTEX_POINT('',#9686);
#9686 = CARTESIAN_POINT('',(9.1,-9.79,0.51));
#9687 = LINE('',#9688,#9689);
#9688 = CARTESIAN_POINT('',(9.1,-9.79,0.51));
#9689 = VECTOR('',#9690,1.);
#9690 = DIRECTION('',(0.,0.,1.));
#9691 = ORIENTED_EDGE('',*,*,#9692,.F.);
#9692 = EDGE_CURVE('',#9667,#9685,#9693,.T.);
#9693 = LINE('',#9694,#9695);
#9694 = CARTESIAN_POINT('',(9.1,-10.59,0.51));
#9695 = VECTOR('',#9696,1.);
#9696 = DIRECTION('',(0.,1.,0.));
#9697 = PLANE('',#9698);
#9698 = AXIS2_PLACEMENT_3D('',#9699,#9700,#9701);
#9699 = CARTESIAN_POINT('',(9.1,-10.59,0.51));
#9700 = DIRECTION('',(-1.,0.,0.));
#9701 = DIRECTION('',(0.,1.,0.));
#9702 = ADVANCED_FACE('',(#9703),#9728,.T.);
#9703 = FACE_BOUND('',#9704,.T.);
#9704 = EDGE_LOOP('',(#9705,#9706,#9714,#9722));
#9705 = ORIENTED_EDGE('',*,*,#9684,.T.);
#9706 = ORIENTED_EDGE('',*,*,#9707,.T.);
#9707 = EDGE_CURVE('',#9677,#9708,#9710,.T.);
#9708 = VERTEX_POINT('',#9709);
#9709 = CARTESIAN_POINT('',(9.4,-9.79,0.55));
#9710 = LINE('',#9711,#9712);
#9711 = CARTESIAN_POINT('',(9.1,-9.79,0.55));
#9712 = VECTOR('',#9713,1.);
#9713 = DIRECTION('',(1.,0.,0.));
#9714 = ORIENTED_EDGE('',*,*,#9715,.F.);
#9715 = EDGE_CURVE('',#9716,#9708,#9718,.T.);
#9716 = VERTEX_POINT('',#9717);
#9717 = CARTESIAN_POINT('',(9.4,-9.79,0.51));
#9718 = LINE('',#9719,#9720);
#9719 = CARTESIAN_POINT('',(9.4,-9.79,0.51));
#9720 = VECTOR('',#9721,1.);
#9721 = DIRECTION('',(0.,0.,1.));
#9722 = ORIENTED_EDGE('',*,*,#9723,.F.);
#9723 = EDGE_CURVE('',#9685,#9716,#9724,.T.);
#9724 = LINE('',#9725,#9726);
#9725 = CARTESIAN_POINT('',(9.1,-9.79,0.51));
#9726 = VECTOR('',#9727,1.);
#9727 = DIRECTION('',(1.,0.,0.));
#9728 = PLANE('',#9729);
#9729 = AXIS2_PLACEMENT_3D('',#9730,#9731,#9732);
#9730 = CARTESIAN_POINT('',(9.1,-9.79,0.51));
#9731 = DIRECTION('',(0.,1.,0.));
#9732 = DIRECTION('',(1.,0.,0.));
#9733 = ADVANCED_FACE('',(#9734),#9759,.T.);
#9734 = FACE_BOUND('',#9735,.T.);
#9735 = EDGE_LOOP('',(#9736,#9737,#9745,#9753));
#9736 = ORIENTED_EDGE('',*,*,#9715,.T.);
#9737 = ORIENTED_EDGE('',*,*,#9738,.T.);
#9738 = EDGE_CURVE('',#9708,#9739,#9741,.T.);
#9739 = VERTEX_POINT('',#9740);
#9740 = CARTESIAN_POINT('',(9.4,-10.59,0.55));
#9741 = LINE('',#9742,#9743);
#9742 = CARTESIAN_POINT('',(9.4,-9.79,0.55));
#9743 = VECTOR('',#9744,1.);
#9744 = DIRECTION('',(0.,-1.,0.));
#9745 = ORIENTED_EDGE('',*,*,#9746,.F.);
#9746 = EDGE_CURVE('',#9747,#9739,#9749,.T.);
#9747 = VERTEX_POINT('',#9748);
#9748 = CARTESIAN_POINT('',(9.4,-10.59,0.51));
#9749 = LINE('',#9750,#9751);
#9750 = CARTESIAN_POINT('',(9.4,-10.59,0.51));
#9751 = VECTOR('',#9752,1.);
#9752 = DIRECTION('',(0.,0.,1.));
#9753 = ORIENTED_EDGE('',*,*,#9754,.F.);
#9754 = EDGE_CURVE('',#9716,#9747,#9755,.T.);
#9755 = LINE('',#9756,#9757);
#9756 = CARTESIAN_POINT('',(9.4,-9.79,0.51));
#9757 = VECTOR('',#9758,1.);
#9758 = DIRECTION('',(0.,-1.,0.));
#9759 = PLANE('',#9760);
#9760 = AXIS2_PLACEMENT_3D('',#9761,#9762,#9763);
#9761 = CARTESIAN_POINT('',(9.4,-9.79,0.51));
#9762 = DIRECTION('',(1.,0.,-0.));
#9763 = DIRECTION('',(0.,-1.,0.));
#9764 = ADVANCED_FACE('',(#9765),#9781,.T.);
#9765 = FACE_BOUND('',#9766,.T.);
#9766 = EDGE_LOOP('',(#9767,#9768,#9774,#9775));
#9767 = ORIENTED_EDGE('',*,*,#9746,.T.);
#9768 = ORIENTED_EDGE('',*,*,#9769,.T.);
#9769 = EDGE_CURVE('',#9739,#9669,#9770,.T.);
#9770 = LINE('',#9771,#9772);
#9771 = CARTESIAN_POINT('',(9.4,-10.59,0.55));
#9772 = VECTOR('',#9773,1.);
#9773 = DIRECTION('',(-1.,0.,0.));
#9774 = ORIENTED_EDGE('',*,*,#9666,.F.);
#9775 = ORIENTED_EDGE('',*,*,#9776,.F.);
#9776 = EDGE_CURVE('',#9747,#9667,#9777,.T.);
#9777 = LINE('',#9778,#9779);
#9778 = CARTESIAN_POINT('',(9.4,-10.59,0.51));
#9779 = VECTOR('',#9780,1.);
#9780 = DIRECTION('',(-1.,0.,0.));
#9781 = PLANE('',#9782);
#9782 = AXIS2_PLACEMENT_3D('',#9783,#9784,#9785);
#9783 = CARTESIAN_POINT('',(9.4,-10.59,0.51));
#9784 = DIRECTION('',(0.,-1.,0.));
#9785 = DIRECTION('',(-1.,0.,0.));
#9786 = ADVANCED_FACE('',(#9787),#9793,.F.);
#9787 = FACE_BOUND('',#9788,.T.);
#9788 = EDGE_LOOP('',(#9789,#9790,#9791,#9792));
#9789 = ORIENTED_EDGE('',*,*,#9692,.T.);
#9790 = ORIENTED_EDGE('',*,*,#9723,.T.);
#9791 = ORIENTED_EDGE('',*,*,#9754,.T.);
#9792 = ORIENTED_EDGE('',*,*,#9776,.T.);
#9793 = PLANE('',#9794);
#9794 = AXIS2_PLACEMENT_3D('',#9795,#9796,#9797);
#9795 = CARTESIAN_POINT('',(0.,0.,0.51));
#9796 = DIRECTION('',(0.,0.,1.));
#9797 = DIRECTION('',(1.,0.,-0.));
#9798 = ADVANCED_FACE('',(#9799),#9805,.T.);
#9799 = FACE_BOUND('',#9800,.F.);
#9800 = EDGE_LOOP('',(#9801,#9802,#9803,#9804));
#9801 = ORIENTED_EDGE('',*,*,#9676,.T.);
#9802 = ORIENTED_EDGE('',*,*,#9707,.T.);
#9803 = ORIENTED_EDGE('',*,*,#9738,.T.);
#9804 = ORIENTED_EDGE('',*,*,#9769,.T.);
#9805 = PLANE('',#9806);
#9806 = AXIS2_PLACEMENT_3D('',#9807,#9808,#9809);
#9807 = CARTESIAN_POINT('',(0.,0.,0.55));
#9808 = DIRECTION('',(0.,0.,1.));
#9809 = DIRECTION('',(1.,0.,-0.));
#9810 = MANIFOLD_SOLID_BREP('',#9811);
#9811 = CLOSED_SHELL('',(#9812,#9852,#9883,#9914,#9936,#9948));
#9812 = ADVANCED_FACE('',(#9813),#9847,.T.);
#9813 = FACE_BOUND('',#9814,.T.);
#9814 = EDGE_LOOP('',(#9815,#9825,#9833,#9841));
#9815 = ORIENTED_EDGE('',*,*,#9816,.T.);
#9816 = EDGE_CURVE('',#9817,#9819,#9821,.T.);
#9817 = VERTEX_POINT('',#9818);
#9818 = CARTESIAN_POINT('',(6.1,-10.59,0.51));
#9819 = VERTEX_POINT('',#9820);
#9820 = CARTESIAN_POINT('',(6.1,-10.59,0.55));
#9821 = LINE('',#9822,#9823);
#9822 = CARTESIAN_POINT('',(6.1,-10.59,0.51));
#9823 = VECTOR('',#9824,1.);
#9824 = DIRECTION('',(0.,0.,1.));
#9825 = ORIENTED_EDGE('',*,*,#9826,.T.);
#9826 = EDGE_CURVE('',#9819,#9827,#9829,.T.);
#9827 = VERTEX_POINT('',#9828);
#9828 = CARTESIAN_POINT('',(6.1,-9.79,0.55));
#9829 = LINE('',#9830,#9831);
#9830 = CARTESIAN_POINT('',(6.1,-10.59,0.55));
#9831 = VECTOR('',#9832,1.);
#9832 = DIRECTION('',(0.,1.,0.));
#9833 = ORIENTED_EDGE('',*,*,#9834,.F.);
#9834 = EDGE_CURVE('',#9835,#9827,#9837,.T.);
#9835 = VERTEX_POINT('',#9836);
#9836 = CARTESIAN_POINT('',(6.1,-9.79,0.51));
#9837 = LINE('',#9838,#9839);
#9838 = CARTESIAN_POINT('',(6.1,-9.79,0.51));
#9839 = VECTOR('',#9840,1.);
#9840 = DIRECTION('',(0.,0.,1.));
#9841 = ORIENTED_EDGE('',*,*,#9842,.F.);
#9842 = EDGE_CURVE('',#9817,#9835,#9843,.T.);
#9843 = LINE('',#9844,#9845);
#9844 = CARTESIAN_POINT('',(6.1,-10.59,0.51));
#9845 = VECTOR('',#9846,1.);
#9846 = DIRECTION('',(0.,1.,0.));
#9847 = PLANE('',#9848);
#9848 = AXIS2_PLACEMENT_3D('',#9849,#9850,#9851);
#9849 = CARTESIAN_POINT('',(6.1,-10.59,0.51));
#9850 = DIRECTION('',(-1.,0.,0.));
#9851 = DIRECTION('',(0.,1.,0.));
#9852 = ADVANCED_FACE('',(#9853),#9878,.T.);
#9853 = FACE_BOUND('',#9854,.T.);
#9854 = EDGE_LOOP('',(#9855,#9856,#9864,#9872));
#9855 = ORIENTED_EDGE('',*,*,#9834,.T.);
#9856 = ORIENTED_EDGE('',*,*,#9857,.T.);
#9857 = EDGE_CURVE('',#9827,#9858,#9860,.T.);
#9858 = VERTEX_POINT('',#9859);
#9859 = CARTESIAN_POINT('',(6.4,-9.79,0.55));
#9860 = LINE('',#9861,#9862);
#9861 = CARTESIAN_POINT('',(6.1,-9.79,0.55));
#9862 = VECTOR('',#9863,1.);
#9863 = DIRECTION('',(1.,0.,0.));
#9864 = ORIENTED_EDGE('',*,*,#9865,.F.);
#9865 = EDGE_CURVE('',#9866,#9858,#9868,.T.);
#9866 = VERTEX_POINT('',#9867);
#9867 = CARTESIAN_POINT('',(6.4,-9.79,0.51));
#9868 = LINE('',#9869,#9870);
#9869 = CARTESIAN_POINT('',(6.4,-9.79,0.51));
#9870 = VECTOR('',#9871,1.);
#9871 = DIRECTION('',(0.,0.,1.));
#9872 = ORIENTED_EDGE('',*,*,#9873,.F.);
#9873 = EDGE_CURVE('',#9835,#9866,#9874,.T.);
#9874 = LINE('',#9875,#9876);
#9875 = CARTESIAN_POINT('',(6.1,-9.79,0.51));
#9876 = VECTOR('',#9877,1.);
#9877 = DIRECTION('',(1.,0.,0.));
#9878 = PLANE('',#9879);
#9879 = AXIS2_PLACEMENT_3D('',#9880,#9881,#9882);
#9880 = CARTESIAN_POINT('',(6.1,-9.79,0.51));
#9881 = DIRECTION('',(0.,1.,0.));
#9882 = DIRECTION('',(1.,0.,0.));
#9883 = ADVANCED_FACE('',(#9884),#9909,.T.);
#9884 = FACE_BOUND('',#9885,.T.);
#9885 = EDGE_LOOP('',(#9886,#9887,#9895,#9903));
#9886 = ORIENTED_EDGE('',*,*,#9865,.T.);
#9887 = ORIENTED_EDGE('',*,*,#9888,.T.);
#9888 = EDGE_CURVE('',#9858,#9889,#9891,.T.);
#9889 = VERTEX_POINT('',#9890);
#9890 = CARTESIAN_POINT('',(6.4,-10.59,0.55));
#9891 = LINE('',#9892,#9893);
#9892 = CARTESIAN_POINT('',(6.4,-9.79,0.55));
#9893 = VECTOR('',#9894,1.);
#9894 = DIRECTION('',(0.,-1.,0.));
#9895 = ORIENTED_EDGE('',*,*,#9896,.F.);
#9896 = EDGE_CURVE('',#9897,#9889,#9899,.T.);
#9897 = VERTEX_POINT('',#9898);
#9898 = CARTESIAN_POINT('',(6.4,-10.59,0.51));
#9899 = LINE('',#9900,#9901);
#9900 = CARTESIAN_POINT('',(6.4,-10.59,0.51));
#9901 = VECTOR('',#9902,1.);
#9902 = DIRECTION('',(0.,0.,1.));
#9903 = ORIENTED_EDGE('',*,*,#9904,.F.);
#9904 = EDGE_CURVE('',#9866,#9897,#9905,.T.);
#9905 = LINE('',#9906,#9907);
#9906 = CARTESIAN_POINT('',(6.4,-9.79,0.51));
#9907 = VECTOR('',#9908,1.);
#9908 = DIRECTION('',(0.,-1.,0.));
#9909 = PLANE('',#9910);
#9910 = AXIS2_PLACEMENT_3D('',#9911,#9912,#9913);
#9911 = CARTESIAN_POINT('',(6.4,-9.79,0.51));
#9912 = DIRECTION('',(1.,0.,-0.));
#9913 = DIRECTION('',(0.,-1.,0.));
#9914 = ADVANCED_FACE('',(#9915),#9931,.T.);
#9915 = FACE_BOUND('',#9916,.T.);
#9916 = EDGE_LOOP('',(#9917,#9918,#9924,#9925));
#9917 = ORIENTED_EDGE('',*,*,#9896,.T.);
#9918 = ORIENTED_EDGE('',*,*,#9919,.T.);
#9919 = EDGE_CURVE('',#9889,#9819,#9920,.T.);
#9920 = LINE('',#9921,#9922);
#9921 = CARTESIAN_POINT('',(6.4,-10.59,0.55));
#9922 = VECTOR('',#9923,1.);
#9923 = DIRECTION('',(-1.,0.,0.));
#9924 = ORIENTED_EDGE('',*,*,#9816,.F.);
#9925 = ORIENTED_EDGE('',*,*,#9926,.F.);
#9926 = EDGE_CURVE('',#9897,#9817,#9927,.T.);
#9927 = LINE('',#9928,#9929);
#9928 = CARTESIAN_POINT('',(6.4,-10.59,0.51));
#9929 = VECTOR('',#9930,1.);
#9930 = DIRECTION('',(-1.,0.,0.));
#9931 = PLANE('',#9932);
#9932 = AXIS2_PLACEMENT_3D('',#9933,#9934,#9935);
#9933 = CARTESIAN_POINT('',(6.4,-10.59,0.51));
#9934 = DIRECTION('',(0.,-1.,0.));
#9935 = DIRECTION('',(-1.,0.,0.));
#9936 = ADVANCED_FACE('',(#9937),#9943,.F.);
#9937 = FACE_BOUND('',#9938,.T.);
#9938 = EDGE_LOOP('',(#9939,#9940,#9941,#9942));
#9939 = ORIENTED_EDGE('',*,*,#9842,.T.);
#9940 = ORIENTED_EDGE('',*,*,#9873,.T.);
#9941 = ORIENTED_EDGE('',*,*,#9904,.T.);
#9942 = ORIENTED_EDGE('',*,*,#9926,.T.);
#9943 = PLANE('',#9944);
#9944 = AXIS2_PLACEMENT_3D('',#9945,#9946,#9947);
#9945 = CARTESIAN_POINT('',(0.,0.,0.51));
#9946 = DIRECTION('',(0.,0.,1.));
#9947 = DIRECTION('',(1.,0.,-0.));
#9948 = ADVANCED_FACE('',(#9949),#9955,.T.);
#9949 = FACE_BOUND('',#9950,.F.);
#9950 = EDGE_LOOP('',(#9951,#9952,#9953,#9954));
#9951 = ORIENTED_EDGE('',*,*,#9826,.T.);
#9952 = ORIENTED_EDGE('',*,*,#9857,.T.);
#9953 = ORIENTED_EDGE('',*,*,#9888,.T.);
#9954 = ORIENTED_EDGE('',*,*,#9919,.T.);
#9955 = PLANE('',#9956);
#9956 = AXIS2_PLACEMENT_3D('',#9957,#9958,#9959);
#9957 = CARTESIAN_POINT('',(0.,0.,0.55));
#9958 = DIRECTION('',(0.,0.,1.));
#9959 = DIRECTION('',(1.,0.,-0.));
#9960 = ( GEOMETRIC_REPRESENTATION_CONTEXT(3) 
GLOBAL_UNCERTAINTY_ASSIGNED_CONTEXT((#9964)) 
GLOBAL_UNIT_ASSIGNED_CONTEXT((#9961,#9962,#9963)) REPRESENTATION_CONTEXT
('Context #1','3D Context with UNIT and UNCERTAINTY') );
#9961 = ( LENGTH_UNIT() NAMED_UNIT(*) SI_UNIT(.MILLI.,.METRE.) );
#9962 = ( NAMED_UNIT(*) PLANE_ANGLE_UNIT() SI_UNIT($,.RADIAN.) );
#9963 = ( NAMED_UNIT(*) SI_UNIT($,.STERADIAN.) SOLID_ANGLE_UNIT() );
#9964 = UNCERTAINTY_MEASURE_WITH_UNIT(LENGTH_MEASURE(1.E-07),#9961,
  'distance_accuracy_value','confusion accuracy');
#9965 = CONTEXT_DEPENDENT_SHAPE_REPRESENTATION(#9966,#9968);
#9966 = ( REPRESENTATION_RELATIONSHIP('','',#881,#10) 
REPRESENTATION_RELATIONSHIP_WITH_TRANSFORMATION(#9967) 
SHAPE_REPRESENTATION_RELATIONSHIP() );
#9967 = ITEM_DEFINED_TRANSFORMATION('','',#11,#23);
#9968 = PRODUCT_DEFINITION_SHAPE('Placement','Placement of an item',
  #9969);
#9969 = NEXT_ASSEMBLY_USAGE_OCCURRENCE('4','=>[0:1:1:4]','',#5,#876,$);
#9970 = PRODUCT_RELATED_PRODUCT_CATEGORY('part',$,(#878));
#9971 = SHAPE_DEFINITION_REPRESENTATION(#9972,#9978);
#9972 = PRODUCT_DEFINITION_SHAPE('','',#9973);
#9973 = PRODUCT_DEFINITION('design','',#9974,#9977);
#9974 = PRODUCT_DEFINITION_FORMATION('','',#9975);
#9975 = PRODUCT('Trimix_USB_Input_PCB','Trimix_USB_Input_PCB','',(#9976)
  );
#9976 = PRODUCT_CONTEXT('',#2,'mechanical');
#9977 = PRODUCT_DEFINITION_CONTEXT('part definition',#2,'design');
#9978 = ADVANCED_BREP_SHAPE_REPRESENTATION('',(#11,#9979),#11315);
#9979 = MANIFOLD_SOLID_BREP('',#9980);
#9980 = CLOSED_SHELL('',(#9981,#10023,#10054,#10085,#10405,#10725,#10742
    ,#10759,#10776,#10793,#10810,#10827,#10844,#10861,#10878,#10895,
    #10912,#10929,#10946,#10963,#10975,#10997,#11014,#11031,#11043,
    #11065,#11082,#11099,#11111,#11128,#11150,#11167,#11184,#11196,
    #11213,#11235,#11252,#11269,#11281,#11298));
#9981 = ADVANCED_FACE('',(#9982),#10018,.F.);
#9982 = FACE_BOUND('',#9983,.T.);
#9983 = EDGE_LOOP('',(#9984,#9994,#10003,#10011));
#9984 = ORIENTED_EDGE('',*,*,#9985,.T.);
#9985 = EDGE_CURVE('',#9986,#9988,#9990,.T.);
#9986 = VERTEX_POINT('',#9987);
#9987 = CARTESIAN_POINT('',(13.408125,2.775557561563E-17,0.));
#9988 = VERTEX_POINT('',#9989);
#9989 = CARTESIAN_POINT('',(13.408125,2.775557561563E-17,0.51));
#9990 = LINE('',#9991,#9992);
#9991 = CARTESIAN_POINT('',(13.408125,2.775557561563E-17,0.));
#9992 = VECTOR('',#9993,1.);
#9993 = DIRECTION('',(0.,0.,1.));
#9994 = ORIENTED_EDGE('',*,*,#9995,.T.);
#9995 = EDGE_CURVE('',#9988,#9996,#9998,.T.);
#9996 = VERTEX_POINT('',#9997);
#9997 = CARTESIAN_POINT('',(16.,-3.391428,0.51));
#9998 = CIRCLE('',#9999,3.850000663761);
#9999 = AXIS2_PLACEMENT_3D('',#10000,#10001,#10002);
#10000 = CARTESIAN_POINT('',(17.250000146276,0.250000942774,0.51));
#10001 = DIRECTION('',(0.,0.,1.));
#10002 = DIRECTION('',(-0.997889476342,-6.493529861622E-02,0.));
#10003 = ORIENTED_EDGE('',*,*,#10004,.F.);
#10004 = EDGE_CURVE('',#10005,#9996,#10007,.T.);
#10005 = VERTEX_POINT('',#10006);
#10006 = CARTESIAN_POINT('',(16.,-3.391428,0.));
#10007 = LINE('',#10008,#10009);
#10008 = CARTESIAN_POINT('',(16.,-3.391428,0.));
#10009 = VECTOR('',#10010,1.);
#10010 = DIRECTION('',(0.,0.,1.));
#10011 = ORIENTED_EDGE('',*,*,#10012,.F.);
#10012 = EDGE_CURVE('',#9986,#10005,#10013,.T.);
#10013 = CIRCLE('',#10014,3.850000663761);
#10014 = AXIS2_PLACEMENT_3D('',#10015,#10016,#10017);
#10015 = CARTESIAN_POINT('',(17.250000146276,0.250000942774,0.));
#10016 = DIRECTION('',(0.,0.,1.));
#10017 = DIRECTION('',(-0.997889476342,-6.493529861622E-02,0.));
#10018 = CYLINDRICAL_SURFACE('',#10019,3.850000663761);
#10019 = AXIS2_PLACEMENT_3D('',#10020,#10021,#10022);
#10020 = CARTESIAN_POINT('',(17.250000146276,0.250000942774,0.));
#10021 = DIRECTION('',(-0.,-0.,-1.));
#10022 = DIRECTION('',(-0.997889476342,-6.493529861622E-02,0.));
#10023 = ADVANCED_FACE('',(#10024),#10049,.T.);
#10024 = FACE_BOUND('',#10025,.T.);
#10025 = EDGE_LOOP('',(#10026,#10036,#10042,#10043));
#10026 = ORIENTED_EDGE('',*,*,#10027,.T.);
#10027 = EDGE_CURVE('',#10028,#10030,#10032,.T.);
#10028 = VERTEX_POINT('',#10029);
#10029 = CARTESIAN_POINT('',(2.591874,-1.52655665886E-16,0.));
#10030 = VERTEX_POINT('',#10031);
#10031 = CARTESIAN_POINT('',(2.591874,-1.52655665886E-16,0.51));
#10032 = LINE('',#10033,#10034);
#10033 = CARTESIAN_POINT('',(2.591874,-1.52655665886E-16,0.));
#10034 = VECTOR('',#10035,1.);
#10035 = DIRECTION('',(0.,0.,1.));
#10036 = ORIENTED_EDGE('',*,*,#10037,.T.);
#10037 = EDGE_CURVE('',#10030,#9988,#10038,.T.);
#10038 = LINE('',#10039,#10040);
#10039 = CARTESIAN_POINT('',(2.591874,0.,0.51));
#10040 = VECTOR('',#10041,1.);
#10041 = DIRECTION('',(1.,0.,0.));
#10042 = ORIENTED_EDGE('',*,*,#9985,.F.);
#10043 = ORIENTED_EDGE('',*,*,#10044,.F.);
#10044 = EDGE_CURVE('',#10028,#9986,#10045,.T.);
#10045 = LINE('',#10046,#10047);
#10046 = CARTESIAN_POINT('',(2.591874,-0.,0.));
#10047 = VECTOR('',#10048,1.);
#10048 = DIRECTION('',(1.,0.,0.));
#10049 = PLANE('',#10050);
#10050 = AXIS2_PLACEMENT_3D('',#10051,#10052,#10053);
#10051 = CARTESIAN_POINT('',(2.591874,0.,0.));
#10052 = DIRECTION('',(0.,1.,0.));
#10053 = DIRECTION('',(1.,0.,0.));
#10054 = ADVANCED_FACE('',(#10055),#10080,.T.);
#10055 = FACE_BOUND('',#10056,.T.);
#10056 = EDGE_LOOP('',(#10057,#10058,#10066,#10074));
#10057 = ORIENTED_EDGE('',*,*,#10004,.T.);
#10058 = ORIENTED_EDGE('',*,*,#10059,.T.);
#10059 = EDGE_CURVE('',#9996,#10060,#10062,.T.);
#10060 = VERTEX_POINT('',#10061);
#10061 = CARTESIAN_POINT('',(16.,-11.4,0.51));
#10062 = LINE('',#10063,#10064);
#10063 = CARTESIAN_POINT('',(16.,-3.391428,0.51));
#10064 = VECTOR('',#10065,1.);
#10065 = DIRECTION('',(0.,-1.,0.));
#10066 = ORIENTED_EDGE('',*,*,#10067,.F.);
#10067 = EDGE_CURVE('',#10068,#10060,#10070,.T.);
#10068 = VERTEX_POINT('',#10069);
#10069 = CARTESIAN_POINT('',(16.,-11.4,0.));
#10070 = LINE('',#10071,#10072);
#10071 = CARTESIAN_POINT('',(16.,-11.4,0.));
#10072 = VECTOR('',#10073,1.);
#10073 = DIRECTION('',(0.,0.,1.));
#10074 = ORIENTED_EDGE('',*,*,#10075,.F.);
#10075 = EDGE_CURVE('',#10005,#10068,#10076,.T.);
#10076 = LINE('',#10077,#10078);
#10077 = CARTESIAN_POINT('',(16.,-3.391428,0.));
#10078 = VECTOR('',#10079,1.);
#10079 = DIRECTION('',(0.,-1.,0.));
#10080 = PLANE('',#10081);
#10081 = AXIS2_PLACEMENT_3D('',#10082,#10083,#10084);
#10082 = CARTESIAN_POINT('',(16.,-3.391428,0.));
#10083 = DIRECTION('',(1.,0.,-0.));
#10084 = DIRECTION('',(0.,-1.,0.));
#10085 = ADVANCED_FACE('',(#10086,#10212,#10248,#10284,#10295,#10331,
    #10342,#10378,#10389),#10400,.F.);
#10086 = FACE_BOUND('',#10087,.F.);
#10087 = EDGE_LOOP('',(#10088,#10089,#10090,#10099,#10107,#10115,#10123,
    #10131,#10139,#10147,#10156,#10164,#10173,#10181,#10189,#10197,
    #10205,#10211));
#10088 = ORIENTED_EDGE('',*,*,#10012,.F.);
#10089 = ORIENTED_EDGE('',*,*,#10044,.F.);
#10090 = ORIENTED_EDGE('',*,*,#10091,.F.);
#10091 = EDGE_CURVE('',#10092,#10028,#10094,.T.);
#10092 = VERTEX_POINT('',#10093);
#10093 = CARTESIAN_POINT('',(1.110223008325E-16,-3.391428,0.));
#10094 = CIRCLE('',#10095,3.84999768875);
#10095 = AXIS2_PLACEMENT_3D('',#10096,#10097,#10098);
#10096 = CARTESIAN_POINT('',(-1.24999832906,0.24999842116,0.));
#10097 = DIRECTION('',(0.,0.,1.));
#10098 = DIRECTION('',(0.324675085575,-0.94582561226,0.));
#10099 = ORIENTED_EDGE('',*,*,#10100,.F.);
#10100 = EDGE_CURVE('',#10101,#10092,#10103,.T.);
#10101 = VERTEX_POINT('',#10102);
#10102 = CARTESIAN_POINT('',(0.,-11.4,0.));
#10103 = LINE('',#10104,#10105);
#10104 = CARTESIAN_POINT('',(0.,-11.4,0.));
#10105 = VECTOR('',#10106,1.);
#10106 = DIRECTION('',(0.,1.,0.));
#10107 = ORIENTED_EDGE('',*,*,#10108,.F.);
#10108 = EDGE_CURVE('',#10109,#10101,#10111,.T.);
#10109 = VERTEX_POINT('',#10110);
#10110 = CARTESIAN_POINT('',(1.7,-11.4,0.));
#10111 = LINE('',#10112,#10113);
#10112 = CARTESIAN_POINT('',(1.7,-11.4,0.));
#10113 = VECTOR('',#10114,1.);
#10114 = DIRECTION('',(-1.,0.,0.));
#10115 = ORIENTED_EDGE('',*,*,#10116,.F.);
#10116 = EDGE_CURVE('',#10117,#10109,#10119,.T.);
#10117 = VERTEX_POINT('',#10118);
#10118 = CARTESIAN_POINT('',(1.7,-15.72,0.));
#10119 = LINE('',#10120,#10121);
#10120 = CARTESIAN_POINT('',(1.7,-15.72,0.));
#10121 = VECTOR('',#10122,1.);
#10122 = DIRECTION('',(0.,1.,0.));
#10123 = ORIENTED_EDGE('',*,*,#10124,.F.);
#10124 = EDGE_CURVE('',#10125,#10117,#10127,.T.);
#10125 = VERTEX_POINT('',#10126);
#10126 = CARTESIAN_POINT('',(2.95,-15.72,0.));
#10127 = LINE('',#10128,#10129);
#10128 = CARTESIAN_POINT('',(2.95,-15.72,0.));
#10129 = VECTOR('',#10130,1.);
#10130 = DIRECTION('',(-1.,0.,0.));
#10131 = ORIENTED_EDGE('',*,*,#10132,.F.);
#10132 = EDGE_CURVE('',#10133,#10125,#10135,.T.);
#10133 = VERTEX_POINT('',#10134);
#10134 = CARTESIAN_POINT('',(3.475,-14.59,0.));
#10135 = LINE('',#10136,#10137);
#10136 = CARTESIAN_POINT('',(3.475,-14.59,0.));
#10137 = VECTOR('',#10138,1.);
#10138 = DIRECTION('',(-0.421347093325,-0.906899458014,0.));
#10139 = ORIENTED_EDGE('',*,*,#10140,.F.);
#10140 = EDGE_CURVE('',#10141,#10133,#10143,.T.);
#10141 = VERTEX_POINT('',#10142);
#10142 = CARTESIAN_POINT('',(3.475,-11.19,0.));
#10143 = LINE('',#10144,#10145);
#10144 = CARTESIAN_POINT('',(3.475,-11.19,0.));
#10145 = VECTOR('',#10146,1.);
#10146 = DIRECTION('',(0.,-1.,0.));
#10147 = ORIENTED_EDGE('',*,*,#10148,.F.);
#10148 = EDGE_CURVE('',#10149,#10141,#10151,.T.);
#10149 = VERTEX_POINT('',#10150);
#10150 = CARTESIAN_POINT('',(3.475,-10.69,0.));
#10151 = CIRCLE('',#10152,0.25);
#10152 = AXIS2_PLACEMENT_3D('',#10153,#10154,#10155);
#10153 = CARTESIAN_POINT('',(3.475,-10.94,0.));
#10154 = DIRECTION('',(0.,-0.,1.));
#10155 = DIRECTION('',(0.,1.,0.));
#10156 = ORIENTED_EDGE('',*,*,#10157,.F.);
#10157 = EDGE_CURVE('',#10158,#10149,#10160,.T.);
#10158 = VERTEX_POINT('',#10159);
#10159 = CARTESIAN_POINT('',(12.525,-10.69,0.));
#10160 = LINE('',#10161,#10162);
#10161 = CARTESIAN_POINT('',(12.525,-10.69,0.));
#10162 = VECTOR('',#10163,1.);
#10163 = DIRECTION('',(-1.,0.,0.));
#10164 = ORIENTED_EDGE('',*,*,#10165,.F.);
#10165 = EDGE_CURVE('',#10166,#10158,#10168,.T.);
#10166 = VERTEX_POINT('',#10167);
#10167 = CARTESIAN_POINT('',(12.525,-11.19,0.));
#10168 = CIRCLE('',#10169,0.25);
#10169 = AXIS2_PLACEMENT_3D('',#10170,#10171,#10172);
#10170 = CARTESIAN_POINT('',(12.525,-10.94,0.));
#10171 = DIRECTION('',(0.,0.,1.));
#10172 = DIRECTION('',(-0.,-1.,0.));
#10173 = ORIENTED_EDGE('',*,*,#10174,.F.);
#10174 = EDGE_CURVE('',#10175,#10166,#10177,.T.);
#10175 = VERTEX_POINT('',#10176);
#10176 = CARTESIAN_POINT('',(12.525,-14.59,0.));
#10177 = LINE('',#10178,#10179);
#10178 = CARTESIAN_POINT('',(12.525,-14.59,0.));
#10179 = VECTOR('',#10180,1.);
#10180 = DIRECTION('',(0.,1.,0.));
#10181 = ORIENTED_EDGE('',*,*,#10182,.F.);
#10182 = EDGE_CURVE('',#10183,#10175,#10185,.T.);
#10183 = VERTEX_POINT('',#10184);
#10184 = CARTESIAN_POINT('',(13.05,-15.72,0.));
#10185 = LINE('',#10186,#10187);
#10186 = CARTESIAN_POINT('',(13.05,-15.72,0.));
#10187 = VECTOR('',#10188,1.);
#10188 = DIRECTION('',(-0.421347093325,0.906899458014,0.));
#10189 = ORIENTED_EDGE('',*,*,#10190,.F.);
#10190 = EDGE_CURVE('',#10191,#10183,#10193,.T.);
#10191 = VERTEX_POINT('',#10192);
#10192 = CARTESIAN_POINT('',(14.3,-15.72,0.));
#10193 = LINE('',#10194,#10195);
#10194 = CARTESIAN_POINT('',(14.3,-15.72,0.));
#10195 = VECTOR('',#10196,1.);
#10196 = DIRECTION('',(-1.,0.,0.));
#10197 = ORIENTED_EDGE('',*,*,#10198,.F.);
#10198 = EDGE_CURVE('',#10199,#10191,#10201,.T.);
#10199 = VERTEX_POINT('',#10200);
#10200 = CARTESIAN_POINT('',(14.3,-11.4,0.));
#10201 = LINE('',#10202,#10203);
#10202 = CARTESIAN_POINT('',(14.3,-11.4,0.));
#10203 = VECTOR('',#10204,1.);
#10204 = DIRECTION('',(0.,-1.,0.));
#10205 = ORIENTED_EDGE('',*,*,#10206,.F.);
#10206 = EDGE_CURVE('',#10068,#10199,#10207,.T.);
#10207 = LINE('',#10208,#10209);
#10208 = CARTESIAN_POINT('',(16.,-11.4,0.));
#10209 = VECTOR('',#10210,1.);
#10210 = DIRECTION('',(-1.,0.,0.));
#10211 = ORIENTED_EDGE('',*,*,#10075,.F.);
#10212 = FACE_BOUND('',#10213,.F.);
#10213 = EDGE_LOOP('',(#10214,#10225,#10233,#10242));
#10214 = ORIENTED_EDGE('',*,*,#10215,.T.);
#10215 = EDGE_CURVE('',#10216,#10218,#10220,.T.);
#10216 = VERTEX_POINT('',#10217);
#10217 = CARTESIAN_POINT('',(2.6,-15.015,0.));
#10218 = VERTEX_POINT('',#10219);
#10219 = CARTESIAN_POINT('',(2.1,-15.015,0.));
#10220 = CIRCLE('',#10221,0.25);
#10221 = AXIS2_PLACEMENT_3D('',#10222,#10223,#10224);
#10222 = CARTESIAN_POINT('',(2.35,-15.015,0.));
#10223 = DIRECTION('',(-0.,0.,-1.));
#10224 = DIRECTION('',(-1.,0.,0.));
#10225 = ORIENTED_EDGE('',*,*,#10226,.T.);
#10226 = EDGE_CURVE('',#10218,#10227,#10229,.T.);
#10227 = VERTEX_POINT('',#10228);
#10228 = CARTESIAN_POINT('',(2.1,-13.865,0.));
#10229 = LINE('',#10230,#10231);
#10230 = CARTESIAN_POINT('',(2.1,-6.9325,0.));
#10231 = VECTOR('',#10232,1.);
#10232 = DIRECTION('',(-0.,1.,0.));
#10233 = ORIENTED_EDGE('',*,*,#10234,.T.);
#10234 = EDGE_CURVE('',#10227,#10235,#10237,.T.);
#10235 = VERTEX_POINT('',#10236);
#10236 = CARTESIAN_POINT('',(2.6,-13.865,0.));
#10237 = CIRCLE('',#10238,0.25);
#10238 = AXIS2_PLACEMENT_3D('',#10239,#10240,#10241);
#10239 = CARTESIAN_POINT('',(2.35,-13.865,0.));
#10240 = DIRECTION('',(0.,-0.,-1.));
#10241 = DIRECTION('',(1.,0.,-0.));
#10242 = ORIENTED_EDGE('',*,*,#10243,.T.);
#10243 = EDGE_CURVE('',#10235,#10216,#10244,.T.);
#10244 = LINE('',#10245,#10246);
#10245 = CARTESIAN_POINT('',(2.6,-7.5075,0.));
#10246 = VECTOR('',#10247,1.);
#10247 = DIRECTION('',(0.,-1.,0.));
#10248 = FACE_BOUND('',#10249,.F.);
#10249 = EDGE_LOOP('',(#10250,#10261,#10269,#10278));
#10250 = ORIENTED_EDGE('',*,*,#10251,.T.);
#10251 = EDGE_CURVE('',#10252,#10254,#10256,.T.);
#10252 = VERTEX_POINT('',#10253);
#10253 = CARTESIAN_POINT('',(2.6,-11.015,0.));
#10254 = VERTEX_POINT('',#10255);
#10255 = CARTESIAN_POINT('',(2.1,-11.015,0.));
#10256 = CIRCLE('',#10257,0.25);
#10257 = AXIS2_PLACEMENT_3D('',#10258,#10259,#10260);
#10258 = CARTESIAN_POINT('',(2.35,-11.015,0.));
#10259 = DIRECTION('',(-0.,0.,-1.));
#10260 = DIRECTION('',(-1.,0.,0.));
#10261 = ORIENTED_EDGE('',*,*,#10262,.T.);
#10262 = EDGE_CURVE('',#10254,#10263,#10265,.T.);
#10263 = VERTEX_POINT('',#10264);
#10264 = CARTESIAN_POINT('',(2.1,-9.865,0.));
#10265 = LINE('',#10266,#10267);
#10266 = CARTESIAN_POINT('',(2.1,-4.9325,0.));
#10267 = VECTOR('',#10268,1.);
#10268 = DIRECTION('',(-0.,1.,0.));
#10269 = ORIENTED_EDGE('',*,*,#10270,.T.);
#10270 = EDGE_CURVE('',#10263,#10271,#10273,.T.);
#10271 = VERTEX_POINT('',#10272);
#10272 = CARTESIAN_POINT('',(2.6,-9.865,0.));
#10273 = CIRCLE('',#10274,0.25);
#10274 = AXIS2_PLACEMENT_3D('',#10275,#10276,#10277);
#10275 = CARTESIAN_POINT('',(2.35,-9.865,0.));
#10276 = DIRECTION('',(0.,-0.,-1.));
#10277 = DIRECTION('',(1.,0.,-0.));
#10278 = ORIENTED_EDGE('',*,*,#10279,.T.);
#10279 = EDGE_CURVE('',#10271,#10252,#10280,.T.);
#10280 = LINE('',#10281,#10282);
#10281 = CARTESIAN_POINT('',(2.6,-5.5075,0.));
#10282 = VECTOR('',#10283,1.);
#10283 = DIRECTION('',(0.,-1.,0.));
#10284 = FACE_BOUND('',#10285,.F.);
#10285 = EDGE_LOOP('',(#10286));
#10286 = ORIENTED_EDGE('',*,*,#10287,.T.);
#10287 = EDGE_CURVE('',#10288,#10288,#10290,.T.);
#10288 = VERTEX_POINT('',#10289);
#10289 = CARTESIAN_POINT('',(3.9,-10.39,0.));
#10290 = CIRCLE('',#10291,0.25);
#10291 = AXIS2_PLACEMENT_3D('',#10292,#10293,#10294);
#10292 = CARTESIAN_POINT('',(3.9,-10.14,0.));
#10293 = DIRECTION('',(-0.,0.,-1.));
#10294 = DIRECTION('',(-1.7763568394E-15,-1.,0.));
#10295 = FACE_BOUND('',#10296,.F.);
#10296 = EDGE_LOOP('',(#10297,#10308,#10316,#10325));
#10297 = ORIENTED_EDGE('',*,*,#10298,.T.);
#10298 = EDGE_CURVE('',#10299,#10301,#10303,.T.);
#10299 = VERTEX_POINT('',#10300);
#10300 = CARTESIAN_POINT('',(13.9,-15.015,0.));
#10301 = VERTEX_POINT('',#10302);
#10302 = CARTESIAN_POINT('',(13.4,-15.015,0.));
#10303 = CIRCLE('',#10304,0.25);
#10304 = AXIS2_PLACEMENT_3D('',#10305,#10306,#10307);
#10305 = CARTESIAN_POINT('',(13.65,-15.015,0.));
#10306 = DIRECTION('',(-0.,0.,-1.));
#10307 = DIRECTION('',(-1.,0.,0.));
#10308 = ORIENTED_EDGE('',*,*,#10309,.T.);
#10309 = EDGE_CURVE('',#10301,#10310,#10312,.T.);
#10310 = VERTEX_POINT('',#10311);
#10311 = CARTESIAN_POINT('',(13.4,-13.865,0.));
#10312 = LINE('',#10313,#10314);
#10313 = CARTESIAN_POINT('',(13.4,-6.9325,0.));
#10314 = VECTOR('',#10315,1.);
#10315 = DIRECTION('',(-0.,1.,0.));
#10316 = ORIENTED_EDGE('',*,*,#10317,.T.);
#10317 = EDGE_CURVE('',#10310,#10318,#10320,.T.);
#10318 = VERTEX_POINT('',#10319);
#10319 = CARTESIAN_POINT('',(13.9,-13.865,0.));
#10320 = CIRCLE('',#10321,0.25);
#10321 = AXIS2_PLACEMENT_3D('',#10322,#10323,#10324);
#10322 = CARTESIAN_POINT('',(13.65,-13.865,0.));
#10323 = DIRECTION('',(0.,-0.,-1.));
#10324 = DIRECTION('',(1.,0.,-0.));
#10325 = ORIENTED_EDGE('',*,*,#10326,.T.);
#10326 = EDGE_CURVE('',#10318,#10299,#10327,.T.);
#10327 = LINE('',#10328,#10329);
#10328 = CARTESIAN_POINT('',(13.9,-7.5075,0.));
#10329 = VECTOR('',#10330,1.);
#10330 = DIRECTION('',(0.,-1.,0.));
#10331 = FACE_BOUND('',#10332,.F.);
#10332 = EDGE_LOOP('',(#10333));
#10333 = ORIENTED_EDGE('',*,*,#10334,.T.);
#10334 = EDGE_CURVE('',#10335,#10335,#10337,.T.);
#10335 = VERTEX_POINT('',#10336);
#10336 = CARTESIAN_POINT('',(12.1,-10.39,0.));
#10337 = CIRCLE('',#10338,0.25);
#10338 = AXIS2_PLACEMENT_3D('',#10339,#10340,#10341);
#10339 = CARTESIAN_POINT('',(12.1,-10.14,0.));
#10340 = DIRECTION('',(-0.,0.,-1.));
#10341 = DIRECTION('',(-0.,-1.,0.));
#10342 = FACE_BOUND('',#10343,.F.);
#10343 = EDGE_LOOP('',(#10344,#10355,#10363,#10372));
#10344 = ORIENTED_EDGE('',*,*,#10345,.T.);
#10345 = EDGE_CURVE('',#10346,#10348,#10350,.T.);
#10346 = VERTEX_POINT('',#10347);
#10347 = CARTESIAN_POINT('',(13.9,-11.015,0.));
#10348 = VERTEX_POINT('',#10349);
#10349 = CARTESIAN_POINT('',(13.4,-11.015,0.));
#10350 = CIRCLE('',#10351,0.25);
#10351 = AXIS2_PLACEMENT_3D('',#10352,#10353,#10354);
#10352 = CARTESIAN_POINT('',(13.65,-11.015,0.));
#10353 = DIRECTION('',(-0.,0.,-1.));
#10354 = DIRECTION('',(-1.,0.,0.));
#10355 = ORIENTED_EDGE('',*,*,#10356,.T.);
#10356 = EDGE_CURVE('',#10348,#10357,#10359,.T.);
#10357 = VERTEX_POINT('',#10358);
#10358 = CARTESIAN_POINT('',(13.4,-9.865,0.));
#10359 = LINE('',#10360,#10361);
#10360 = CARTESIAN_POINT('',(13.4,-4.9325,0.));
#10361 = VECTOR('',#10362,1.);
#10362 = DIRECTION('',(-0.,1.,0.));
#10363 = ORIENTED_EDGE('',*,*,#10364,.T.);
#10364 = EDGE_CURVE('',#10357,#10365,#10367,.T.);
#10365 = VERTEX_POINT('',#10366);
#10366 = CARTESIAN_POINT('',(13.9,-9.865,0.));
#10367 = CIRCLE('',#10368,0.25);
#10368 = AXIS2_PLACEMENT_3D('',#10369,#10370,#10371);
#10369 = CARTESIAN_POINT('',(13.65,-9.865,0.));
#10370 = DIRECTION('',(0.,-0.,-1.));
#10371 = DIRECTION('',(1.,0.,-0.));
#10372 = ORIENTED_EDGE('',*,*,#10373,.T.);
#10373 = EDGE_CURVE('',#10365,#10346,#10374,.T.);
#10374 = LINE('',#10375,#10376);
#10375 = CARTESIAN_POINT('',(13.9,-5.5075,0.));
#10376 = VECTOR('',#10377,1.);
#10377 = DIRECTION('',(0.,-1.,0.));
#10378 = FACE_BOUND('',#10379,.F.);
#10379 = EDGE_LOOP('',(#10380));
#10380 = ORIENTED_EDGE('',*,*,#10381,.T.);
#10381 = EDGE_CURVE('',#10382,#10382,#10384,.T.);
#10382 = VERTEX_POINT('',#10383);
#10383 = CARTESIAN_POINT('',(5.9,-4.425,0.));
#10384 = CIRCLE('',#10385,0.425);
#10385 = AXIS2_PLACEMENT_3D('',#10386,#10387,#10388);
#10386 = CARTESIAN_POINT('',(5.9,-4.,0.));
#10387 = DIRECTION('',(-0.,0.,-1.));
#10388 = DIRECTION('',(-0.,-1.,0.));
#10389 = FACE_BOUND('',#10390,.F.);
#10390 = EDGE_LOOP('',(#10391));
#10391 = ORIENTED_EDGE('',*,*,#10392,.T.);
#10392 = EDGE_CURVE('',#10393,#10393,#10395,.T.);
#10393 = VERTEX_POINT('',#10394);
#10394 = CARTESIAN_POINT('',(10.1,-4.425,0.));
#10395 = CIRCLE('',#10396,0.425);
#10396 = AXIS2_PLACEMENT_3D('',#10397,#10398,#10399);
#10397 = CARTESIAN_POINT('',(10.1,-4.,0.));
#10398 = DIRECTION('',(-0.,0.,-1.));
#10399 = DIRECTION('',(-4.17966315153E-15,-1.,0.));
#10400 = PLANE('',#10401);
#10401 = AXIS2_PLACEMENT_3D('',#10402,#10403,#10404);
#10402 = CARTESIAN_POINT('',(0.,0.,0.));
#10403 = DIRECTION('',(0.,0.,1.));
#10404 = DIRECTION('',(1.,0.,-0.));
#10405 = ADVANCED_FACE('',(#10406,#10532,#10568,#10604,#10615,#10651,
    #10662,#10698,#10709),#10720,.T.);
#10406 = FACE_BOUND('',#10407,.T.);
#10407 = EDGE_LOOP('',(#10408,#10409,#10410,#10419,#10427,#10435,#10443,
    #10451,#10459,#10467,#10476,#10484,#10493,#10501,#10509,#10517,
    #10525,#10531));
#10408 = ORIENTED_EDGE('',*,*,#9995,.F.);
#10409 = ORIENTED_EDGE('',*,*,#10037,.F.);
#10410 = ORIENTED_EDGE('',*,*,#10411,.F.);
#10411 = EDGE_CURVE('',#10412,#10030,#10414,.T.);
#10412 = VERTEX_POINT('',#10413);
#10413 = CARTESIAN_POINT('',(1.110223008325E-16,-3.391428,0.51));
#10414 = CIRCLE('',#10415,3.84999768875);
#10415 = AXIS2_PLACEMENT_3D('',#10416,#10417,#10418);
#10416 = CARTESIAN_POINT('',(-1.24999832906,0.24999842116,0.51));
#10417 = DIRECTION('',(0.,0.,1.));
#10418 = DIRECTION('',(0.324675085575,-0.94582561226,0.));
#10419 = ORIENTED_EDGE('',*,*,#10420,.F.);
#10420 = EDGE_CURVE('',#10421,#10412,#10423,.T.);
#10421 = VERTEX_POINT('',#10422);
#10422 = CARTESIAN_POINT('',(0.,-11.4,0.51));
#10423 = LINE('',#10424,#10425);
#10424 = CARTESIAN_POINT('',(0.,-11.4,0.51));
#10425 = VECTOR('',#10426,1.);
#10426 = DIRECTION('',(0.,1.,0.));
#10427 = ORIENTED_EDGE('',*,*,#10428,.F.);
#10428 = EDGE_CURVE('',#10429,#10421,#10431,.T.);
#10429 = VERTEX_POINT('',#10430);
#10430 = CARTESIAN_POINT('',(1.7,-11.4,0.51));
#10431 = LINE('',#10432,#10433);
#10432 = CARTESIAN_POINT('',(1.7,-11.4,0.51));
#10433 = VECTOR('',#10434,1.);
#10434 = DIRECTION('',(-1.,0.,0.));
#10435 = ORIENTED_EDGE('',*,*,#10436,.F.);
#10436 = EDGE_CURVE('',#10437,#10429,#10439,.T.);
#10437 = VERTEX_POINT('',#10438);
#10438 = CARTESIAN_POINT('',(1.7,-15.72,0.51));
#10439 = LINE('',#10440,#10441);
#10440 = CARTESIAN_POINT('',(1.7,-15.72,0.51));
#10441 = VECTOR('',#10442,1.);
#10442 = DIRECTION('',(0.,1.,0.));
#10443 = ORIENTED_EDGE('',*,*,#10444,.F.);
#10444 = EDGE_CURVE('',#10445,#10437,#10447,.T.);
#10445 = VERTEX_POINT('',#10446);
#10446 = CARTESIAN_POINT('',(2.95,-15.72,0.51));
#10447 = LINE('',#10448,#10449);
#10448 = CARTESIAN_POINT('',(2.95,-15.72,0.51));
#10449 = VECTOR('',#10450,1.);
#10450 = DIRECTION('',(-1.,0.,0.));
#10451 = ORIENTED_EDGE('',*,*,#10452,.F.);
#10452 = EDGE_CURVE('',#10453,#10445,#10455,.T.);
#10453 = VERTEX_POINT('',#10454);
#10454 = CARTESIAN_POINT('',(3.475,-14.59,0.51));
#10455 = LINE('',#10456,#10457);
#10456 = CARTESIAN_POINT('',(3.475,-14.59,0.51));
#10457 = VECTOR('',#10458,1.);
#10458 = DIRECTION('',(-0.421347093325,-0.906899458014,0.));
#10459 = ORIENTED_EDGE('',*,*,#10460,.F.);
#10460 = EDGE_CURVE('',#10461,#10453,#10463,.T.);
#10461 = VERTEX_POINT('',#10462);
#10462 = CARTESIAN_POINT('',(3.475,-11.19,0.51));
#10463 = LINE('',#10464,#10465);
#10464 = CARTESIAN_POINT('',(3.475,-11.19,0.51));
#10465 = VECTOR('',#10466,1.);
#10466 = DIRECTION('',(0.,-1.,0.));
#10467 = ORIENTED_EDGE('',*,*,#10468,.F.);
#10468 = EDGE_CURVE('',#10469,#10461,#10471,.T.);
#10469 = VERTEX_POINT('',#10470);
#10470 = CARTESIAN_POINT('',(3.475,-10.69,0.51));
#10471 = CIRCLE('',#10472,0.25);
#10472 = AXIS2_PLACEMENT_3D('',#10473,#10474,#10475);
#10473 = CARTESIAN_POINT('',(3.475,-10.94,0.51));
#10474 = DIRECTION('',(0.,-0.,1.));
#10475 = DIRECTION('',(0.,1.,0.));
#10476 = ORIENTED_EDGE('',*,*,#10477,.F.);
#10477 = EDGE_CURVE('',#10478,#10469,#10480,.T.);
#10478 = VERTEX_POINT('',#10479);
#10479 = CARTESIAN_POINT('',(12.525,-10.69,0.51));
#10480 = LINE('',#10481,#10482);
#10481 = CARTESIAN_POINT('',(12.525,-10.69,0.51));
#10482 = VECTOR('',#10483,1.);
#10483 = DIRECTION('',(-1.,0.,0.));
#10484 = ORIENTED_EDGE('',*,*,#10485,.F.);
#10485 = EDGE_CURVE('',#10486,#10478,#10488,.T.);
#10486 = VERTEX_POINT('',#10487);
#10487 = CARTESIAN_POINT('',(12.525,-11.19,0.51));
#10488 = CIRCLE('',#10489,0.25);
#10489 = AXIS2_PLACEMENT_3D('',#10490,#10491,#10492);
#10490 = CARTESIAN_POINT('',(12.525,-10.94,0.51));
#10491 = DIRECTION('',(0.,0.,1.));
#10492 = DIRECTION('',(-0.,-1.,0.));
#10493 = ORIENTED_EDGE('',*,*,#10494,.F.);
#10494 = EDGE_CURVE('',#10495,#10486,#10497,.T.);
#10495 = VERTEX_POINT('',#10496);
#10496 = CARTESIAN_POINT('',(12.525,-14.59,0.51));
#10497 = LINE('',#10498,#10499);
#10498 = CARTESIAN_POINT('',(12.525,-14.59,0.51));
#10499 = VECTOR('',#10500,1.);
#10500 = DIRECTION('',(0.,1.,0.));
#10501 = ORIENTED_EDGE('',*,*,#10502,.F.);
#10502 = EDGE_CURVE('',#10503,#10495,#10505,.T.);
#10503 = VERTEX_POINT('',#10504);
#10504 = CARTESIAN_POINT('',(13.05,-15.72,0.51));
#10505 = LINE('',#10506,#10507);
#10506 = CARTESIAN_POINT('',(13.05,-15.72,0.51));
#10507 = VECTOR('',#10508,1.);
#10508 = DIRECTION('',(-0.421347093325,0.906899458014,0.));
#10509 = ORIENTED_EDGE('',*,*,#10510,.F.);
#10510 = EDGE_CURVE('',#10511,#10503,#10513,.T.);
#10511 = VERTEX_POINT('',#10512);
#10512 = CARTESIAN_POINT('',(14.3,-15.72,0.51));
#10513 = LINE('',#10514,#10515);
#10514 = CARTESIAN_POINT('',(14.3,-15.72,0.51));
#10515 = VECTOR('',#10516,1.);
#10516 = DIRECTION('',(-1.,0.,0.));
#10517 = ORIENTED_EDGE('',*,*,#10518,.F.);
#10518 = EDGE_CURVE('',#10519,#10511,#10521,.T.);
#10519 = VERTEX_POINT('',#10520);
#10520 = CARTESIAN_POINT('',(14.3,-11.4,0.51));
#10521 = LINE('',#10522,#10523);
#10522 = CARTESIAN_POINT('',(14.3,-11.4,0.51));
#10523 = VECTOR('',#10524,1.);
#10524 = DIRECTION('',(0.,-1.,0.));
#10525 = ORIENTED_EDGE('',*,*,#10526,.F.);
#10526 = EDGE_CURVE('',#10060,#10519,#10527,.T.);
#10527 = LINE('',#10528,#10529);
#10528 = CARTESIAN_POINT('',(16.,-11.4,0.51));
#10529 = VECTOR('',#10530,1.);
#10530 = DIRECTION('',(-1.,0.,0.));
#10531 = ORIENTED_EDGE('',*,*,#10059,.F.);
#10532 = FACE_BOUND('',#10533,.T.);
#10533 = EDGE_LOOP('',(#10534,#10545,#10553,#10562));
#10534 = ORIENTED_EDGE('',*,*,#10535,.T.);
#10535 = EDGE_CURVE('',#10536,#10538,#10540,.T.);
#10536 = VERTEX_POINT('',#10537);
#10537 = CARTESIAN_POINT('',(2.6,-15.015,0.51));
#10538 = VERTEX_POINT('',#10539);
#10539 = CARTESIAN_POINT('',(2.1,-15.015,0.51));
#10540 = CIRCLE('',#10541,0.25);
#10541 = AXIS2_PLACEMENT_3D('',#10542,#10543,#10544);
#10542 = CARTESIAN_POINT('',(2.35,-15.015,0.51));
#10543 = DIRECTION('',(-0.,0.,-1.));
#10544 = DIRECTION('',(-1.,0.,0.));
#10545 = ORIENTED_EDGE('',*,*,#10546,.T.);
#10546 = EDGE_CURVE('',#10538,#10547,#10549,.T.);
#10547 = VERTEX_POINT('',#10548);
#10548 = CARTESIAN_POINT('',(2.1,-13.865,0.51));
#10549 = LINE('',#10550,#10551);
#10550 = CARTESIAN_POINT('',(2.1,-6.9325,0.51));
#10551 = VECTOR('',#10552,1.);
#10552 = DIRECTION('',(-0.,1.,0.));
#10553 = ORIENTED_EDGE('',*,*,#10554,.T.);
#10554 = EDGE_CURVE('',#10547,#10555,#10557,.T.);
#10555 = VERTEX_POINT('',#10556);
#10556 = CARTESIAN_POINT('',(2.6,-13.865,0.51));
#10557 = CIRCLE('',#10558,0.25);
#10558 = AXIS2_PLACEMENT_3D('',#10559,#10560,#10561);
#10559 = CARTESIAN_POINT('',(2.35,-13.865,0.51));
#10560 = DIRECTION('',(0.,-0.,-1.));
#10561 = DIRECTION('',(1.,0.,-0.));
#10562 = ORIENTED_EDGE('',*,*,#10563,.T.);
#10563 = EDGE_CURVE('',#10555,#10536,#10564,.T.);
#10564 = LINE('',#10565,#10566);
#10565 = CARTESIAN_POINT('',(2.6,-7.5075,0.51));
#10566 = VECTOR('',#10567,1.);
#10567 = DIRECTION('',(0.,-1.,0.));
#10568 = FACE_BOUND('',#10569,.T.);
#10569 = EDGE_LOOP('',(#10570,#10581,#10589,#10598));
#10570 = ORIENTED_EDGE('',*,*,#10571,.T.);
#10571 = EDGE_CURVE('',#10572,#10574,#10576,.T.);
#10572 = VERTEX_POINT('',#10573);
#10573 = CARTESIAN_POINT('',(2.6,-11.015,0.51));
#10574 = VERTEX_POINT('',#10575);
#10575 = CARTESIAN_POINT('',(2.1,-11.015,0.51));
#10576 = CIRCLE('',#10577,0.25);
#10577 = AXIS2_PLACEMENT_3D('',#10578,#10579,#10580);
#10578 = CARTESIAN_POINT('',(2.35,-11.015,0.51));
#10579 = DIRECTION('',(-0.,0.,-1.));
#10580 = DIRECTION('',(-1.,0.,0.));
#10581 = ORIENTED_EDGE('',*,*,#10582,.T.);
#10582 = EDGE_CURVE('',#10574,#10583,#10585,.T.);
#10583 = VERTEX_POINT('',#10584);
#10584 = CARTESIAN_POINT('',(2.1,-9.865,0.51));
#10585 = LINE('',#10586,#10587);
#10586 = CARTESIAN_POINT('',(2.1,-4.9325,0.51));
#10587 = VECTOR('',#10588,1.);
#10588 = DIRECTION('',(-0.,1.,0.));
#10589 = ORIENTED_EDGE('',*,*,#10590,.T.);
#10590 = EDGE_CURVE('',#10583,#10591,#10593,.T.);
#10591 = VERTEX_POINT('',#10592);
#10592 = CARTESIAN_POINT('',(2.6,-9.865,0.51));
#10593 = CIRCLE('',#10594,0.25);
#10594 = AXIS2_PLACEMENT_3D('',#10595,#10596,#10597);
#10595 = CARTESIAN_POINT('',(2.35,-9.865,0.51));
#10596 = DIRECTION('',(0.,-0.,-1.));
#10597 = DIRECTION('',(1.,0.,-0.));
#10598 = ORIENTED_EDGE('',*,*,#10599,.T.);
#10599 = EDGE_CURVE('',#10591,#10572,#10600,.T.);
#10600 = LINE('',#10601,#10602);
#10601 = CARTESIAN_POINT('',(2.6,-5.5075,0.51));
#10602 = VECTOR('',#10603,1.);
#10603 = DIRECTION('',(0.,-1.,0.));
#10604 = FACE_BOUND('',#10605,.T.);
#10605 = EDGE_LOOP('',(#10606));
#10606 = ORIENTED_EDGE('',*,*,#10607,.T.);
#10607 = EDGE_CURVE('',#10608,#10608,#10610,.T.);
#10608 = VERTEX_POINT('',#10609);
#10609 = CARTESIAN_POINT('',(3.9,-10.39,0.51));
#10610 = CIRCLE('',#10611,0.25);
#10611 = AXIS2_PLACEMENT_3D('',#10612,#10613,#10614);
#10612 = CARTESIAN_POINT('',(3.9,-10.14,0.51));
#10613 = DIRECTION('',(-0.,0.,-1.));
#10614 = DIRECTION('',(-1.7763568394E-15,-1.,0.));
#10615 = FACE_BOUND('',#10616,.T.);
#10616 = EDGE_LOOP('',(#10617,#10628,#10636,#10645));
#10617 = ORIENTED_EDGE('',*,*,#10618,.T.);
#10618 = EDGE_CURVE('',#10619,#10621,#10623,.T.);
#10619 = VERTEX_POINT('',#10620);
#10620 = CARTESIAN_POINT('',(13.9,-15.015,0.51));
#10621 = VERTEX_POINT('',#10622);
#10622 = CARTESIAN_POINT('',(13.4,-15.015,0.51));
#10623 = CIRCLE('',#10624,0.25);
#10624 = AXIS2_PLACEMENT_3D('',#10625,#10626,#10627);
#10625 = CARTESIAN_POINT('',(13.65,-15.015,0.51));
#10626 = DIRECTION('',(-0.,0.,-1.));
#10627 = DIRECTION('',(-1.,0.,0.));
#10628 = ORIENTED_EDGE('',*,*,#10629,.T.);
#10629 = EDGE_CURVE('',#10621,#10630,#10632,.T.);
#10630 = VERTEX_POINT('',#10631);
#10631 = CARTESIAN_POINT('',(13.4,-13.865,0.51));
#10632 = LINE('',#10633,#10634);
#10633 = CARTESIAN_POINT('',(13.4,-6.9325,0.51));
#10634 = VECTOR('',#10635,1.);
#10635 = DIRECTION('',(-0.,1.,0.));
#10636 = ORIENTED_EDGE('',*,*,#10637,.T.);
#10637 = EDGE_CURVE('',#10630,#10638,#10640,.T.);
#10638 = VERTEX_POINT('',#10639);
#10639 = CARTESIAN_POINT('',(13.9,-13.865,0.51));
#10640 = CIRCLE('',#10641,0.25);
#10641 = AXIS2_PLACEMENT_3D('',#10642,#10643,#10644);
#10642 = CARTESIAN_POINT('',(13.65,-13.865,0.51));
#10643 = DIRECTION('',(0.,-0.,-1.));
#10644 = DIRECTION('',(1.,0.,-0.));
#10645 = ORIENTED_EDGE('',*,*,#10646,.T.);
#10646 = EDGE_CURVE('',#10638,#10619,#10647,.T.);
#10647 = LINE('',#10648,#10649);
#10648 = CARTESIAN_POINT('',(13.9,-7.5075,0.51));
#10649 = VECTOR('',#10650,1.);
#10650 = DIRECTION('',(0.,-1.,0.));
#10651 = FACE_BOUND('',#10652,.T.);
#10652 = EDGE_LOOP('',(#10653));
#10653 = ORIENTED_EDGE('',*,*,#10654,.T.);
#10654 = EDGE_CURVE('',#10655,#10655,#10657,.T.);
#10655 = VERTEX_POINT('',#10656);
#10656 = CARTESIAN_POINT('',(12.1,-10.39,0.51));
#10657 = CIRCLE('',#10658,0.25);
#10658 = AXIS2_PLACEMENT_3D('',#10659,#10660,#10661);
#10659 = CARTESIAN_POINT('',(12.1,-10.14,0.51));
#10660 = DIRECTION('',(-0.,0.,-1.));
#10661 = DIRECTION('',(-0.,-1.,0.));
#10662 = FACE_BOUND('',#10663,.T.);
#10663 = EDGE_LOOP('',(#10664,#10675,#10683,#10692));
#10664 = ORIENTED_EDGE('',*,*,#10665,.T.);
#10665 = EDGE_CURVE('',#10666,#10668,#10670,.T.);
#10666 = VERTEX_POINT('',#10667);
#10667 = CARTESIAN_POINT('',(13.9,-11.015,0.51));
#10668 = VERTEX_POINT('',#10669);
#10669 = CARTESIAN_POINT('',(13.4,-11.015,0.51));
#10670 = CIRCLE('',#10671,0.25);
#10671 = AXIS2_PLACEMENT_3D('',#10672,#10673,#10674);
#10672 = CARTESIAN_POINT('',(13.65,-11.015,0.51));
#10673 = DIRECTION('',(-0.,0.,-1.));
#10674 = DIRECTION('',(-1.,0.,0.));
#10675 = ORIENTED_EDGE('',*,*,#10676,.T.);
#10676 = EDGE_CURVE('',#10668,#10677,#10679,.T.);
#10677 = VERTEX_POINT('',#10678);
#10678 = CARTESIAN_POINT('',(13.4,-9.865,0.51));
#10679 = LINE('',#10680,#10681);
#10680 = CARTESIAN_POINT('',(13.4,-4.9325,0.51));
#10681 = VECTOR('',#10682,1.);
#10682 = DIRECTION('',(-0.,1.,0.));
#10683 = ORIENTED_EDGE('',*,*,#10684,.T.);
#10684 = EDGE_CURVE('',#10677,#10685,#10687,.T.);
#10685 = VERTEX_POINT('',#10686);
#10686 = CARTESIAN_POINT('',(13.9,-9.865,0.51));
#10687 = CIRCLE('',#10688,0.25);
#10688 = AXIS2_PLACEMENT_3D('',#10689,#10690,#10691);
#10689 = CARTESIAN_POINT('',(13.65,-9.865,0.51));
#10690 = DIRECTION('',(0.,-0.,-1.));
#10691 = DIRECTION('',(1.,0.,-0.));
#10692 = ORIENTED_EDGE('',*,*,#10693,.T.);
#10693 = EDGE_CURVE('',#10685,#10666,#10694,.T.);
#10694 = LINE('',#10695,#10696);
#10695 = CARTESIAN_POINT('',(13.9,-5.5075,0.51));
#10696 = VECTOR('',#10697,1.);
#10697 = DIRECTION('',(0.,-1.,0.));
#10698 = FACE_BOUND('',#10699,.T.);
#10699 = EDGE_LOOP('',(#10700));
#10700 = ORIENTED_EDGE('',*,*,#10701,.T.);
#10701 = EDGE_CURVE('',#10702,#10702,#10704,.T.);
#10702 = VERTEX_POINT('',#10703);
#10703 = CARTESIAN_POINT('',(5.9,-4.425,0.51));
#10704 = CIRCLE('',#10705,0.425);
#10705 = AXIS2_PLACEMENT_3D('',#10706,#10707,#10708);
#10706 = CARTESIAN_POINT('',(5.9,-4.,0.51));
#10707 = DIRECTION('',(-0.,0.,-1.));
#10708 = DIRECTION('',(-0.,-1.,0.));
#10709 = FACE_BOUND('',#10710,.T.);
#10710 = EDGE_LOOP('',(#10711));
#10711 = ORIENTED_EDGE('',*,*,#10712,.T.);
#10712 = EDGE_CURVE('',#10713,#10713,#10715,.T.);
#10713 = VERTEX_POINT('',#10714);
#10714 = CARTESIAN_POINT('',(10.1,-4.425,0.51));
#10715 = CIRCLE('',#10716,0.425);
#10716 = AXIS2_PLACEMENT_3D('',#10717,#10718,#10719);
#10717 = CARTESIAN_POINT('',(10.1,-4.,0.51));
#10718 = DIRECTION('',(-0.,0.,-1.));
#10719 = DIRECTION('',(-4.17966315153E-15,-1.,0.));
#10720 = PLANE('',#10721);
#10721 = AXIS2_PLACEMENT_3D('',#10722,#10723,#10724);
#10722 = CARTESIAN_POINT('',(0.,0.,0.51));
#10723 = DIRECTION('',(0.,0.,1.));
#10724 = DIRECTION('',(1.,0.,-0.));
#10725 = ADVANCED_FACE('',(#10726),#10737,.F.);
#10726 = FACE_BOUND('',#10727,.T.);
#10727 = EDGE_LOOP('',(#10728,#10734,#10735,#10736));
#10728 = ORIENTED_EDGE('',*,*,#10729,.T.);
#10729 = EDGE_CURVE('',#10092,#10412,#10730,.T.);
#10730 = LINE('',#10731,#10732);
#10731 = CARTESIAN_POINT('',(1.110223008325E-16,-3.391428,0.));
#10732 = VECTOR('',#10733,1.);
#10733 = DIRECTION('',(0.,0.,1.));
#10734 = ORIENTED_EDGE('',*,*,#10411,.T.);
#10735 = ORIENTED_EDGE('',*,*,#10027,.F.);
#10736 = ORIENTED_EDGE('',*,*,#10091,.F.);
#10737 = CYLINDRICAL_SURFACE('',#10738,3.84999768875);
#10738 = AXIS2_PLACEMENT_3D('',#10739,#10740,#10741);
#10739 = CARTESIAN_POINT('',(-1.24999832906,0.24999842116,0.));
#10740 = DIRECTION('',(-0.,-0.,-1.));
#10741 = DIRECTION('',(0.324675085575,-0.94582561226,0.));
#10742 = ADVANCED_FACE('',(#10743),#10754,.T.);
#10743 = FACE_BOUND('',#10744,.T.);
#10744 = EDGE_LOOP('',(#10745,#10746,#10747,#10753));
#10745 = ORIENTED_EDGE('',*,*,#10067,.T.);
#10746 = ORIENTED_EDGE('',*,*,#10526,.T.);
#10747 = ORIENTED_EDGE('',*,*,#10748,.F.);
#10748 = EDGE_CURVE('',#10199,#10519,#10749,.T.);
#10749 = LINE('',#10750,#10751);
#10750 = CARTESIAN_POINT('',(14.3,-11.4,0.));
#10751 = VECTOR('',#10752,1.);
#10752 = DIRECTION('',(0.,0.,1.));
#10753 = ORIENTED_EDGE('',*,*,#10206,.F.);
#10754 = PLANE('',#10755);
#10755 = AXIS2_PLACEMENT_3D('',#10756,#10757,#10758);
#10756 = CARTESIAN_POINT('',(16.,-11.4,0.));
#10757 = DIRECTION('',(0.,-1.,0.));
#10758 = DIRECTION('',(-1.,0.,0.));
#10759 = ADVANCED_FACE('',(#10760),#10771,.T.);
#10760 = FACE_BOUND('',#10761,.T.);
#10761 = EDGE_LOOP('',(#10762,#10768,#10769,#10770));
#10762 = ORIENTED_EDGE('',*,*,#10763,.T.);
#10763 = EDGE_CURVE('',#10101,#10421,#10764,.T.);
#10764 = LINE('',#10765,#10766);
#10765 = CARTESIAN_POINT('',(0.,-11.4,0.));
#10766 = VECTOR('',#10767,1.);
#10767 = DIRECTION('',(0.,0.,1.));
#10768 = ORIENTED_EDGE('',*,*,#10420,.T.);
#10769 = ORIENTED_EDGE('',*,*,#10729,.F.);
#10770 = ORIENTED_EDGE('',*,*,#10100,.F.);
#10771 = PLANE('',#10772);
#10772 = AXIS2_PLACEMENT_3D('',#10773,#10774,#10775);
#10773 = CARTESIAN_POINT('',(0.,-11.4,0.));
#10774 = DIRECTION('',(-1.,0.,0.));
#10775 = DIRECTION('',(0.,1.,0.));
#10776 = ADVANCED_FACE('',(#10777),#10788,.T.);
#10777 = FACE_BOUND('',#10778,.T.);
#10778 = EDGE_LOOP('',(#10779,#10780,#10781,#10787));
#10779 = ORIENTED_EDGE('',*,*,#10748,.T.);
#10780 = ORIENTED_EDGE('',*,*,#10518,.T.);
#10781 = ORIENTED_EDGE('',*,*,#10782,.F.);
#10782 = EDGE_CURVE('',#10191,#10511,#10783,.T.);
#10783 = LINE('',#10784,#10785);
#10784 = CARTESIAN_POINT('',(14.3,-15.72,0.));
#10785 = VECTOR('',#10786,1.);
#10786 = DIRECTION('',(0.,0.,1.));
#10787 = ORIENTED_EDGE('',*,*,#10198,.F.);
#10788 = PLANE('',#10789);
#10789 = AXIS2_PLACEMENT_3D('',#10790,#10791,#10792);
#10790 = CARTESIAN_POINT('',(14.3,-11.4,0.));
#10791 = DIRECTION('',(1.,0.,-0.));
#10792 = DIRECTION('',(0.,-1.,0.));
#10793 = ADVANCED_FACE('',(#10794),#10805,.T.);
#10794 = FACE_BOUND('',#10795,.T.);
#10795 = EDGE_LOOP('',(#10796,#10802,#10803,#10804));
#10796 = ORIENTED_EDGE('',*,*,#10797,.T.);
#10797 = EDGE_CURVE('',#10109,#10429,#10798,.T.);
#10798 = LINE('',#10799,#10800);
#10799 = CARTESIAN_POINT('',(1.7,-11.4,0.));
#10800 = VECTOR('',#10801,1.);
#10801 = DIRECTION('',(0.,0.,1.));
#10802 = ORIENTED_EDGE('',*,*,#10428,.T.);
#10803 = ORIENTED_EDGE('',*,*,#10763,.F.);
#10804 = ORIENTED_EDGE('',*,*,#10108,.F.);
#10805 = PLANE('',#10806);
#10806 = AXIS2_PLACEMENT_3D('',#10807,#10808,#10809);
#10807 = CARTESIAN_POINT('',(1.7,-11.4,0.));
#10808 = DIRECTION('',(0.,-1.,0.));
#10809 = DIRECTION('',(-1.,0.,0.));
#10810 = ADVANCED_FACE('',(#10811),#10822,.T.);
#10811 = FACE_BOUND('',#10812,.T.);
#10812 = EDGE_LOOP('',(#10813,#10814,#10815,#10821));
#10813 = ORIENTED_EDGE('',*,*,#10782,.T.);
#10814 = ORIENTED_EDGE('',*,*,#10510,.T.);
#10815 = ORIENTED_EDGE('',*,*,#10816,.F.);
#10816 = EDGE_CURVE('',#10183,#10503,#10817,.T.);
#10817 = LINE('',#10818,#10819);
#10818 = CARTESIAN_POINT('',(13.05,-15.72,0.));
#10819 = VECTOR('',#10820,1.);
#10820 = DIRECTION('',(0.,0.,1.));
#10821 = ORIENTED_EDGE('',*,*,#10190,.F.);
#10822 = PLANE('',#10823);
#10823 = AXIS2_PLACEMENT_3D('',#10824,#10825,#10826);
#10824 = CARTESIAN_POINT('',(14.3,-15.72,0.));
#10825 = DIRECTION('',(0.,-1.,0.));
#10826 = DIRECTION('',(-1.,0.,0.));
#10827 = ADVANCED_FACE('',(#10828),#10839,.T.);
#10828 = FACE_BOUND('',#10829,.T.);
#10829 = EDGE_LOOP('',(#10830,#10836,#10837,#10838));
#10830 = ORIENTED_EDGE('',*,*,#10831,.T.);
#10831 = EDGE_CURVE('',#10117,#10437,#10832,.T.);
#10832 = LINE('',#10833,#10834);
#10833 = CARTESIAN_POINT('',(1.7,-15.72,0.));
#10834 = VECTOR('',#10835,1.);
#10835 = DIRECTION('',(0.,0.,1.));
#10836 = ORIENTED_EDGE('',*,*,#10436,.T.);
#10837 = ORIENTED_EDGE('',*,*,#10797,.F.);
#10838 = ORIENTED_EDGE('',*,*,#10116,.F.);
#10839 = PLANE('',#10840);
#10840 = AXIS2_PLACEMENT_3D('',#10841,#10842,#10843);
#10841 = CARTESIAN_POINT('',(1.7,-15.72,0.));
#10842 = DIRECTION('',(-1.,0.,0.));
#10843 = DIRECTION('',(0.,1.,0.));
#10844 = ADVANCED_FACE('',(#10845),#10856,.T.);
#10845 = FACE_BOUND('',#10846,.T.);
#10846 = EDGE_LOOP('',(#10847,#10848,#10849,#10855));
#10847 = ORIENTED_EDGE('',*,*,#10816,.T.);
#10848 = ORIENTED_EDGE('',*,*,#10502,.T.);
#10849 = ORIENTED_EDGE('',*,*,#10850,.F.);
#10850 = EDGE_CURVE('',#10175,#10495,#10851,.T.);
#10851 = LINE('',#10852,#10853);
#10852 = CARTESIAN_POINT('',(12.525,-14.59,0.));
#10853 = VECTOR('',#10854,1.);
#10854 = DIRECTION('',(0.,0.,1.));
#10855 = ORIENTED_EDGE('',*,*,#10182,.F.);
#10856 = PLANE('',#10857);
#10857 = AXIS2_PLACEMENT_3D('',#10858,#10859,#10860);
#10858 = CARTESIAN_POINT('',(13.05,-15.72,0.));
#10859 = DIRECTION('',(-0.906899458014,-0.421347093325,0.));
#10860 = DIRECTION('',(-0.421347093325,0.906899458014,0.));
#10861 = ADVANCED_FACE('',(#10862),#10873,.T.);
#10862 = FACE_BOUND('',#10863,.T.);
#10863 = EDGE_LOOP('',(#10864,#10870,#10871,#10872));
#10864 = ORIENTED_EDGE('',*,*,#10865,.T.);
#10865 = EDGE_CURVE('',#10125,#10445,#10866,.T.);
#10866 = LINE('',#10867,#10868);
#10867 = CARTESIAN_POINT('',(2.95,-15.72,0.));
#10868 = VECTOR('',#10869,1.);
#10869 = DIRECTION('',(0.,0.,1.));
#10870 = ORIENTED_EDGE('',*,*,#10444,.T.);
#10871 = ORIENTED_EDGE('',*,*,#10831,.F.);
#10872 = ORIENTED_EDGE('',*,*,#10124,.F.);
#10873 = PLANE('',#10874);
#10874 = AXIS2_PLACEMENT_3D('',#10875,#10876,#10877);
#10875 = CARTESIAN_POINT('',(2.95,-15.72,0.));
#10876 = DIRECTION('',(0.,-1.,0.));
#10877 = DIRECTION('',(-1.,0.,0.));
#10878 = ADVANCED_FACE('',(#10879),#10890,.T.);
#10879 = FACE_BOUND('',#10880,.T.);
#10880 = EDGE_LOOP('',(#10881,#10882,#10883,#10889));
#10881 = ORIENTED_EDGE('',*,*,#10850,.T.);
#10882 = ORIENTED_EDGE('',*,*,#10494,.T.);
#10883 = ORIENTED_EDGE('',*,*,#10884,.F.);
#10884 = EDGE_CURVE('',#10166,#10486,#10885,.T.);
#10885 = LINE('',#10886,#10887);
#10886 = CARTESIAN_POINT('',(12.525,-11.19,0.));
#10887 = VECTOR('',#10888,1.);
#10888 = DIRECTION('',(0.,0.,1.));
#10889 = ORIENTED_EDGE('',*,*,#10174,.F.);
#10890 = PLANE('',#10891);
#10891 = AXIS2_PLACEMENT_3D('',#10892,#10893,#10894);
#10892 = CARTESIAN_POINT('',(12.525,-14.59,0.));
#10893 = DIRECTION('',(-1.,0.,0.));
#10894 = DIRECTION('',(0.,1.,0.));
#10895 = ADVANCED_FACE('',(#10896),#10907,.T.);
#10896 = FACE_BOUND('',#10897,.T.);
#10897 = EDGE_LOOP('',(#10898,#10904,#10905,#10906));
#10898 = ORIENTED_EDGE('',*,*,#10899,.T.);
#10899 = EDGE_CURVE('',#10133,#10453,#10900,.T.);
#10900 = LINE('',#10901,#10902);
#10901 = CARTESIAN_POINT('',(3.475,-14.59,0.));
#10902 = VECTOR('',#10903,1.);
#10903 = DIRECTION('',(0.,0.,1.));
#10904 = ORIENTED_EDGE('',*,*,#10452,.T.);
#10905 = ORIENTED_EDGE('',*,*,#10865,.F.);
#10906 = ORIENTED_EDGE('',*,*,#10132,.F.);
#10907 = PLANE('',#10908);
#10908 = AXIS2_PLACEMENT_3D('',#10909,#10910,#10911);
#10909 = CARTESIAN_POINT('',(3.475,-14.59,0.));
#10910 = DIRECTION('',(0.906899458014,-0.421347093325,0.));
#10911 = DIRECTION('',(-0.421347093325,-0.906899458014,0.));
#10912 = ADVANCED_FACE('',(#10913),#10924,.F.);
#10913 = FACE_BOUND('',#10914,.T.);
#10914 = EDGE_LOOP('',(#10915,#10916,#10917,#10923));
#10915 = ORIENTED_EDGE('',*,*,#10884,.T.);
#10916 = ORIENTED_EDGE('',*,*,#10485,.T.);
#10917 = ORIENTED_EDGE('',*,*,#10918,.F.);
#10918 = EDGE_CURVE('',#10158,#10478,#10919,.T.);
#10919 = LINE('',#10920,#10921);
#10920 = CARTESIAN_POINT('',(12.525,-10.69,0.));
#10921 = VECTOR('',#10922,1.);
#10922 = DIRECTION('',(0.,0.,1.));
#10923 = ORIENTED_EDGE('',*,*,#10165,.F.);
#10924 = CYLINDRICAL_SURFACE('',#10925,0.25);
#10925 = AXIS2_PLACEMENT_3D('',#10926,#10927,#10928);
#10926 = CARTESIAN_POINT('',(12.525,-10.94,0.));
#10927 = DIRECTION('',(-0.,-0.,-1.));
#10928 = DIRECTION('',(-0.,-1.,0.));
#10929 = ADVANCED_FACE('',(#10930),#10941,.T.);
#10930 = FACE_BOUND('',#10931,.T.);
#10931 = EDGE_LOOP('',(#10932,#10938,#10939,#10940));
#10932 = ORIENTED_EDGE('',*,*,#10933,.T.);
#10933 = EDGE_CURVE('',#10141,#10461,#10934,.T.);
#10934 = LINE('',#10935,#10936);
#10935 = CARTESIAN_POINT('',(3.475,-11.19,0.));
#10936 = VECTOR('',#10937,1.);
#10937 = DIRECTION('',(0.,0.,1.));
#10938 = ORIENTED_EDGE('',*,*,#10460,.T.);
#10939 = ORIENTED_EDGE('',*,*,#10899,.F.);
#10940 = ORIENTED_EDGE('',*,*,#10140,.F.);
#10941 = PLANE('',#10942);
#10942 = AXIS2_PLACEMENT_3D('',#10943,#10944,#10945);
#10943 = CARTESIAN_POINT('',(3.475,-11.19,0.));
#10944 = DIRECTION('',(1.,0.,-0.));
#10945 = DIRECTION('',(0.,-1.,0.));
#10946 = ADVANCED_FACE('',(#10947),#10958,.T.);
#10947 = FACE_BOUND('',#10948,.T.);
#10948 = EDGE_LOOP('',(#10949,#10950,#10951,#10957));
#10949 = ORIENTED_EDGE('',*,*,#10918,.T.);
#10950 = ORIENTED_EDGE('',*,*,#10477,.T.);
#10951 = ORIENTED_EDGE('',*,*,#10952,.F.);
#10952 = EDGE_CURVE('',#10149,#10469,#10953,.T.);
#10953 = LINE('',#10954,#10955);
#10954 = CARTESIAN_POINT('',(3.475,-10.69,0.));
#10955 = VECTOR('',#10956,1.);
#10956 = DIRECTION('',(0.,0.,1.));
#10957 = ORIENTED_EDGE('',*,*,#10157,.F.);
#10958 = PLANE('',#10959);
#10959 = AXIS2_PLACEMENT_3D('',#10960,#10961,#10962);
#10960 = CARTESIAN_POINT('',(12.525,-10.69,0.));
#10961 = DIRECTION('',(0.,-1.,0.));
#10962 = DIRECTION('',(-1.,0.,0.));
#10963 = ADVANCED_FACE('',(#10964),#10970,.F.);
#10964 = FACE_BOUND('',#10965,.T.);
#10965 = EDGE_LOOP('',(#10966,#10967,#10968,#10969));
#10966 = ORIENTED_EDGE('',*,*,#10952,.T.);
#10967 = ORIENTED_EDGE('',*,*,#10468,.T.);
#10968 = ORIENTED_EDGE('',*,*,#10933,.F.);
#10969 = ORIENTED_EDGE('',*,*,#10148,.F.);
#10970 = CYLINDRICAL_SURFACE('',#10971,0.25);
#10971 = AXIS2_PLACEMENT_3D('',#10972,#10973,#10974);
#10972 = CARTESIAN_POINT('',(3.475,-10.94,0.));
#10973 = DIRECTION('',(-0.,0.,-1.));
#10974 = DIRECTION('',(0.,1.,0.));
#10975 = ADVANCED_FACE('',(#10976),#10992,.F.);
#10976 = FACE_BOUND('',#10977,.T.);
#10977 = EDGE_LOOP('',(#10978,#10979,#10985,#10986));
#10978 = ORIENTED_EDGE('',*,*,#10215,.T.);
#10979 = ORIENTED_EDGE('',*,*,#10980,.T.);
#10980 = EDGE_CURVE('',#10218,#10538,#10981,.T.);
#10981 = LINE('',#10982,#10983);
#10982 = CARTESIAN_POINT('',(2.1,-15.015,-4.6E-02));
#10983 = VECTOR('',#10984,1.);
#10984 = DIRECTION('',(0.,0.,1.));
#10985 = ORIENTED_EDGE('',*,*,#10535,.F.);
#10986 = ORIENTED_EDGE('',*,*,#10987,.F.);
#10987 = EDGE_CURVE('',#10216,#10536,#10988,.T.);
#10988 = LINE('',#10989,#10990);
#10989 = CARTESIAN_POINT('',(2.6,-15.015,-4.6E-02));
#10990 = VECTOR('',#10991,1.);
#10991 = DIRECTION('',(0.,0.,1.));
#10992 = CYLINDRICAL_SURFACE('',#10993,0.25);
#10993 = AXIS2_PLACEMENT_3D('',#10994,#10995,#10996);
#10994 = CARTESIAN_POINT('',(2.35,-15.015,-4.6E-02));
#10995 = DIRECTION('',(-0.,-0.,-1.));
#10996 = DIRECTION('',(-1.,0.,-0.));
#10997 = ADVANCED_FACE('',(#10998),#11009,.T.);
#10998 = FACE_BOUND('',#10999,.T.);
#10999 = EDGE_LOOP('',(#11000,#11001,#11002,#11003));
#11000 = ORIENTED_EDGE('',*,*,#10243,.T.);
#11001 = ORIENTED_EDGE('',*,*,#10987,.T.);
#11002 = ORIENTED_EDGE('',*,*,#10563,.F.);
#11003 = ORIENTED_EDGE('',*,*,#11004,.F.);
#11004 = EDGE_CURVE('',#10235,#10555,#11005,.T.);
#11005 = LINE('',#11006,#11007);
#11006 = CARTESIAN_POINT('',(2.6,-13.865,-4.6E-02));
#11007 = VECTOR('',#11008,1.);
#11008 = DIRECTION('',(0.,0.,1.));
#11009 = PLANE('',#11010);
#11010 = AXIS2_PLACEMENT_3D('',#11011,#11012,#11013);
#11011 = CARTESIAN_POINT('',(2.6,-15.015,-4.6E-02));
#11012 = DIRECTION('',(-1.,0.,0.));
#11013 = DIRECTION('',(0.,1.,0.));
#11014 = ADVANCED_FACE('',(#11015),#11026,.F.);
#11015 = FACE_BOUND('',#11016,.T.);
#11016 = EDGE_LOOP('',(#11017,#11018,#11019,#11020));
#11017 = ORIENTED_EDGE('',*,*,#10234,.T.);
#11018 = ORIENTED_EDGE('',*,*,#11004,.T.);
#11019 = ORIENTED_EDGE('',*,*,#10554,.F.);
#11020 = ORIENTED_EDGE('',*,*,#11021,.F.);
#11021 = EDGE_CURVE('',#10227,#10547,#11022,.T.);
#11022 = LINE('',#11023,#11024);
#11023 = CARTESIAN_POINT('',(2.1,-13.865,-4.6E-02));
#11024 = VECTOR('',#11025,1.);
#11025 = DIRECTION('',(0.,0.,1.));
#11026 = CYLINDRICAL_SURFACE('',#11027,0.25);
#11027 = AXIS2_PLACEMENT_3D('',#11028,#11029,#11030);
#11028 = CARTESIAN_POINT('',(2.35,-13.865,-4.6E-02));
#11029 = DIRECTION('',(-0.,-0.,-1.));
#11030 = DIRECTION('',(1.,0.,-0.));
#11031 = ADVANCED_FACE('',(#11032),#11038,.T.);
#11032 = FACE_BOUND('',#11033,.T.);
#11033 = EDGE_LOOP('',(#11034,#11035,#11036,#11037));
#11034 = ORIENTED_EDGE('',*,*,#10226,.T.);
#11035 = ORIENTED_EDGE('',*,*,#11021,.T.);
#11036 = ORIENTED_EDGE('',*,*,#10546,.F.);
#11037 = ORIENTED_EDGE('',*,*,#10980,.F.);
#11038 = PLANE('',#11039);
#11039 = AXIS2_PLACEMENT_3D('',#11040,#11041,#11042);
#11040 = CARTESIAN_POINT('',(2.1,-13.865,-4.6E-02));
#11041 = DIRECTION('',(1.,0.,-0.));
#11042 = DIRECTION('',(0.,-1.,0.));
#11043 = ADVANCED_FACE('',(#11044),#11060,.F.);
#11044 = FACE_BOUND('',#11045,.T.);
#11045 = EDGE_LOOP('',(#11046,#11047,#11053,#11054));
#11046 = ORIENTED_EDGE('',*,*,#10251,.T.);
#11047 = ORIENTED_EDGE('',*,*,#11048,.T.);
#11048 = EDGE_CURVE('',#10254,#10574,#11049,.T.);
#11049 = LINE('',#11050,#11051);
#11050 = CARTESIAN_POINT('',(2.1,-11.015,-4.6E-02));
#11051 = VECTOR('',#11052,1.);
#11052 = DIRECTION('',(0.,0.,1.));
#11053 = ORIENTED_EDGE('',*,*,#10571,.F.);
#11054 = ORIENTED_EDGE('',*,*,#11055,.F.);
#11055 = EDGE_CURVE('',#10252,#10572,#11056,.T.);
#11056 = LINE('',#11057,#11058);
#11057 = CARTESIAN_POINT('',(2.6,-11.015,-4.6E-02));
#11058 = VECTOR('',#11059,1.);
#11059 = DIRECTION('',(0.,0.,1.));
#11060 = CYLINDRICAL_SURFACE('',#11061,0.25);
#11061 = AXIS2_PLACEMENT_3D('',#11062,#11063,#11064);
#11062 = CARTESIAN_POINT('',(2.35,-11.015,-4.6E-02));
#11063 = DIRECTION('',(-0.,-0.,-1.));
#11064 = DIRECTION('',(-1.,0.,-0.));
#11065 = ADVANCED_FACE('',(#11066),#11077,.T.);
#11066 = FACE_BOUND('',#11067,.T.);
#11067 = EDGE_LOOP('',(#11068,#11069,#11070,#11071));
#11068 = ORIENTED_EDGE('',*,*,#10279,.T.);
#11069 = ORIENTED_EDGE('',*,*,#11055,.T.);
#11070 = ORIENTED_EDGE('',*,*,#10599,.F.);
#11071 = ORIENTED_EDGE('',*,*,#11072,.F.);
#11072 = EDGE_CURVE('',#10271,#10591,#11073,.T.);
#11073 = LINE('',#11074,#11075);
#11074 = CARTESIAN_POINT('',(2.6,-9.865,-4.6E-02));
#11075 = VECTOR('',#11076,1.);
#11076 = DIRECTION('',(0.,0.,1.));
#11077 = PLANE('',#11078);
#11078 = AXIS2_PLACEMENT_3D('',#11079,#11080,#11081);
#11079 = CARTESIAN_POINT('',(2.6,-11.015,-4.6E-02));
#11080 = DIRECTION('',(-1.,0.,0.));
#11081 = DIRECTION('',(0.,1.,0.));
#11082 = ADVANCED_FACE('',(#11083),#11094,.F.);
#11083 = FACE_BOUND('',#11084,.T.);
#11084 = EDGE_LOOP('',(#11085,#11086,#11087,#11088));
#11085 = ORIENTED_EDGE('',*,*,#10270,.T.);
#11086 = ORIENTED_EDGE('',*,*,#11072,.T.);
#11087 = ORIENTED_EDGE('',*,*,#10590,.F.);
#11088 = ORIENTED_EDGE('',*,*,#11089,.F.);
#11089 = EDGE_CURVE('',#10263,#10583,#11090,.T.);
#11090 = LINE('',#11091,#11092);
#11091 = CARTESIAN_POINT('',(2.1,-9.865,-4.6E-02));
#11092 = VECTOR('',#11093,1.);
#11093 = DIRECTION('',(0.,0.,1.));
#11094 = CYLINDRICAL_SURFACE('',#11095,0.25);
#11095 = AXIS2_PLACEMENT_3D('',#11096,#11097,#11098);
#11096 = CARTESIAN_POINT('',(2.35,-9.865,-4.6E-02));
#11097 = DIRECTION('',(-0.,-0.,-1.));
#11098 = DIRECTION('',(1.,0.,-0.));
#11099 = ADVANCED_FACE('',(#11100),#11106,.T.);
#11100 = FACE_BOUND('',#11101,.T.);
#11101 = EDGE_LOOP('',(#11102,#11103,#11104,#11105));
#11102 = ORIENTED_EDGE('',*,*,#10262,.T.);
#11103 = ORIENTED_EDGE('',*,*,#11089,.T.);
#11104 = ORIENTED_EDGE('',*,*,#10582,.F.);
#11105 = ORIENTED_EDGE('',*,*,#11048,.F.);
#11106 = PLANE('',#11107);
#11107 = AXIS2_PLACEMENT_3D('',#11108,#11109,#11110);
#11108 = CARTESIAN_POINT('',(2.1,-9.865,-4.6E-02));
#11109 = DIRECTION('',(1.,0.,-0.));
#11110 = DIRECTION('',(0.,-1.,0.));
#11111 = ADVANCED_FACE('',(#11112),#11123,.F.);
#11112 = FACE_BOUND('',#11113,.T.);
#11113 = EDGE_LOOP('',(#11114,#11115,#11121,#11122));
#11114 = ORIENTED_EDGE('',*,*,#10287,.T.);
#11115 = ORIENTED_EDGE('',*,*,#11116,.T.);
#11116 = EDGE_CURVE('',#10288,#10608,#11117,.T.);
#11117 = LINE('',#11118,#11119);
#11118 = CARTESIAN_POINT('',(3.9,-10.39,-4.6E-02));
#11119 = VECTOR('',#11120,1.);
#11120 = DIRECTION('',(0.,0.,1.));
#11121 = ORIENTED_EDGE('',*,*,#10607,.F.);
#11122 = ORIENTED_EDGE('',*,*,#11116,.F.);
#11123 = CYLINDRICAL_SURFACE('',#11124,0.25);
#11124 = AXIS2_PLACEMENT_3D('',#11125,#11126,#11127);
#11125 = CARTESIAN_POINT('',(3.9,-10.14,-4.6E-02));
#11126 = DIRECTION('',(-0.,-0.,-1.));
#11127 = DIRECTION('',(-1.7763568394E-15,-1.,0.));
#11128 = ADVANCED_FACE('',(#11129),#11145,.F.);
#11129 = FACE_BOUND('',#11130,.T.);
#11130 = EDGE_LOOP('',(#11131,#11132,#11138,#11139));
#11131 = ORIENTED_EDGE('',*,*,#10298,.T.);
#11132 = ORIENTED_EDGE('',*,*,#11133,.T.);
#11133 = EDGE_CURVE('',#10301,#10621,#11134,.T.);
#11134 = LINE('',#11135,#11136);
#11135 = CARTESIAN_POINT('',(13.4,-15.015,-4.6E-02));
#11136 = VECTOR('',#11137,1.);
#11137 = DIRECTION('',(0.,0.,1.));
#11138 = ORIENTED_EDGE('',*,*,#10618,.F.);
#11139 = ORIENTED_EDGE('',*,*,#11140,.F.);
#11140 = EDGE_CURVE('',#10299,#10619,#11141,.T.);
#11141 = LINE('',#11142,#11143);
#11142 = CARTESIAN_POINT('',(13.9,-15.015,-4.6E-02));
#11143 = VECTOR('',#11144,1.);
#11144 = DIRECTION('',(0.,0.,1.));
#11145 = CYLINDRICAL_SURFACE('',#11146,0.25);
#11146 = AXIS2_PLACEMENT_3D('',#11147,#11148,#11149);
#11147 = CARTESIAN_POINT('',(13.65,-15.015,-4.6E-02));
#11148 = DIRECTION('',(-0.,-0.,-1.));
#11149 = DIRECTION('',(-1.,0.,-0.));
#11150 = ADVANCED_FACE('',(#11151),#11162,.T.);
#11151 = FACE_BOUND('',#11152,.T.);
#11152 = EDGE_LOOP('',(#11153,#11154,#11155,#11156));
#11153 = ORIENTED_EDGE('',*,*,#10326,.T.);
#11154 = ORIENTED_EDGE('',*,*,#11140,.T.);
#11155 = ORIENTED_EDGE('',*,*,#10646,.F.);
#11156 = ORIENTED_EDGE('',*,*,#11157,.F.);
#11157 = EDGE_CURVE('',#10318,#10638,#11158,.T.);
#11158 = LINE('',#11159,#11160);
#11159 = CARTESIAN_POINT('',(13.9,-13.865,-4.6E-02));
#11160 = VECTOR('',#11161,1.);
#11161 = DIRECTION('',(0.,0.,1.));
#11162 = PLANE('',#11163);
#11163 = AXIS2_PLACEMENT_3D('',#11164,#11165,#11166);
#11164 = CARTESIAN_POINT('',(13.9,-15.015,-4.6E-02));
#11165 = DIRECTION('',(-1.,0.,0.));
#11166 = DIRECTION('',(0.,1.,0.));
#11167 = ADVANCED_FACE('',(#11168),#11179,.F.);
#11168 = FACE_BOUND('',#11169,.T.);
#11169 = EDGE_LOOP('',(#11170,#11171,#11172,#11173));
#11170 = ORIENTED_EDGE('',*,*,#10317,.T.);
#11171 = ORIENTED_EDGE('',*,*,#11157,.T.);
#11172 = ORIENTED_EDGE('',*,*,#10637,.F.);
#11173 = ORIENTED_EDGE('',*,*,#11174,.F.);
#11174 = EDGE_CURVE('',#10310,#10630,#11175,.T.);
#11175 = LINE('',#11176,#11177);
#11176 = CARTESIAN_POINT('',(13.4,-13.865,-4.6E-02));
#11177 = VECTOR('',#11178,1.);
#11178 = DIRECTION('',(0.,0.,1.));
#11179 = CYLINDRICAL_SURFACE('',#11180,0.25);
#11180 = AXIS2_PLACEMENT_3D('',#11181,#11182,#11183);
#11181 = CARTESIAN_POINT('',(13.65,-13.865,-4.6E-02));
#11182 = DIRECTION('',(-0.,-0.,-1.));
#11183 = DIRECTION('',(1.,0.,-0.));
#11184 = ADVANCED_FACE('',(#11185),#11191,.T.);
#11185 = FACE_BOUND('',#11186,.T.);
#11186 = EDGE_LOOP('',(#11187,#11188,#11189,#11190));
#11187 = ORIENTED_EDGE('',*,*,#10309,.T.);
#11188 = ORIENTED_EDGE('',*,*,#11174,.T.);
#11189 = ORIENTED_EDGE('',*,*,#10629,.F.);
#11190 = ORIENTED_EDGE('',*,*,#11133,.F.);
#11191 = PLANE('',#11192);
#11192 = AXIS2_PLACEMENT_3D('',#11193,#11194,#11195);
#11193 = CARTESIAN_POINT('',(13.4,-13.865,-4.6E-02));
#11194 = DIRECTION('',(1.,0.,-0.));
#11195 = DIRECTION('',(0.,-1.,0.));
#11196 = ADVANCED_FACE('',(#11197),#11208,.F.);
#11197 = FACE_BOUND('',#11198,.T.);
#11198 = EDGE_LOOP('',(#11199,#11200,#11206,#11207));
#11199 = ORIENTED_EDGE('',*,*,#10334,.T.);
#11200 = ORIENTED_EDGE('',*,*,#11201,.T.);
#11201 = EDGE_CURVE('',#10335,#10655,#11202,.T.);
#11202 = LINE('',#11203,#11204);
#11203 = CARTESIAN_POINT('',(12.1,-10.39,-4.6E-02));
#11204 = VECTOR('',#11205,1.);
#11205 = DIRECTION('',(0.,0.,1.));
#11206 = ORIENTED_EDGE('',*,*,#10654,.F.);
#11207 = ORIENTED_EDGE('',*,*,#11201,.F.);
#11208 = CYLINDRICAL_SURFACE('',#11209,0.25);
#11209 = AXIS2_PLACEMENT_3D('',#11210,#11211,#11212);
#11210 = CARTESIAN_POINT('',(12.1,-10.14,-4.6E-02));
#11211 = DIRECTION('',(-0.,-0.,-1.));
#11212 = DIRECTION('',(-0.,-1.,0.));
#11213 = ADVANCED_FACE('',(#11214),#11230,.F.);
#11214 = FACE_BOUND('',#11215,.T.);
#11215 = EDGE_LOOP('',(#11216,#11217,#11223,#11224));
#11216 = ORIENTED_EDGE('',*,*,#10345,.T.);
#11217 = ORIENTED_EDGE('',*,*,#11218,.T.);
#11218 = EDGE_CURVE('',#10348,#10668,#11219,.T.);
#11219 = LINE('',#11220,#11221);
#11220 = CARTESIAN_POINT('',(13.4,-11.015,-4.6E-02));
#11221 = VECTOR('',#11222,1.);
#11222 = DIRECTION('',(0.,0.,1.));
#11223 = ORIENTED_EDGE('',*,*,#10665,.F.);
#11224 = ORIENTED_EDGE('',*,*,#11225,.F.);
#11225 = EDGE_CURVE('',#10346,#10666,#11226,.T.);
#11226 = LINE('',#11227,#11228);
#11227 = CARTESIAN_POINT('',(13.9,-11.015,-4.6E-02));
#11228 = VECTOR('',#11229,1.);
#11229 = DIRECTION('',(0.,0.,1.));
#11230 = CYLINDRICAL_SURFACE('',#11231,0.25);
#11231 = AXIS2_PLACEMENT_3D('',#11232,#11233,#11234);
#11232 = CARTESIAN_POINT('',(13.65,-11.015,-4.6E-02));
#11233 = DIRECTION('',(-0.,-0.,-1.));
#11234 = DIRECTION('',(-1.,0.,-0.));
#11235 = ADVANCED_FACE('',(#11236),#11247,.T.);
#11236 = FACE_BOUND('',#11237,.T.);
#11237 = EDGE_LOOP('',(#11238,#11239,#11240,#11241));
#11238 = ORIENTED_EDGE('',*,*,#10373,.T.);
#11239 = ORIENTED_EDGE('',*,*,#11225,.T.);
#11240 = ORIENTED_EDGE('',*,*,#10693,.F.);
#11241 = ORIENTED_EDGE('',*,*,#11242,.F.);
#11242 = EDGE_CURVE('',#10365,#10685,#11243,.T.);
#11243 = LINE('',#11244,#11245);
#11244 = CARTESIAN_POINT('',(13.9,-9.865,-4.6E-02));
#11245 = VECTOR('',#11246,1.);
#11246 = DIRECTION('',(0.,0.,1.));
#11247 = PLANE('',#11248);
#11248 = AXIS2_PLACEMENT_3D('',#11249,#11250,#11251);
#11249 = CARTESIAN_POINT('',(13.9,-11.015,-4.6E-02));
#11250 = DIRECTION('',(-1.,0.,0.));
#11251 = DIRECTION('',(0.,1.,0.));
#11252 = ADVANCED_FACE('',(#11253),#11264,.F.);
#11253 = FACE_BOUND('',#11254,.T.);
#11254 = EDGE_LOOP('',(#11255,#11256,#11257,#11258));
#11255 = ORIENTED_EDGE('',*,*,#10364,.T.);
#11256 = ORIENTED_EDGE('',*,*,#11242,.T.);
#11257 = ORIENTED_EDGE('',*,*,#10684,.F.);
#11258 = ORIENTED_EDGE('',*,*,#11259,.F.);
#11259 = EDGE_CURVE('',#10357,#10677,#11260,.T.);
#11260 = LINE('',#11261,#11262);
#11261 = CARTESIAN_POINT('',(13.4,-9.865,-4.6E-02));
#11262 = VECTOR('',#11263,1.);
#11263 = DIRECTION('',(0.,0.,1.));
#11264 = CYLINDRICAL_SURFACE('',#11265,0.25);
#11265 = AXIS2_PLACEMENT_3D('',#11266,#11267,#11268);
#11266 = CARTESIAN_POINT('',(13.65,-9.865,-4.6E-02));
#11267 = DIRECTION('',(-0.,-0.,-1.));
#11268 = DIRECTION('',(1.,0.,-0.));
#11269 = ADVANCED_FACE('',(#11270),#11276,.T.);
#11270 = FACE_BOUND('',#11271,.T.);
#11271 = EDGE_LOOP('',(#11272,#11273,#11274,#11275));
#11272 = ORIENTED_EDGE('',*,*,#10356,.T.);
#11273 = ORIENTED_EDGE('',*,*,#11259,.T.);
#11274 = ORIENTED_EDGE('',*,*,#10676,.F.);
#11275 = ORIENTED_EDGE('',*,*,#11218,.F.);
#11276 = PLANE('',#11277);
#11277 = AXIS2_PLACEMENT_3D('',#11278,#11279,#11280);
#11278 = CARTESIAN_POINT('',(13.4,-9.865,-4.6E-02));
#11279 = DIRECTION('',(1.,0.,-0.));
#11280 = DIRECTION('',(0.,-1.,0.));
#11281 = ADVANCED_FACE('',(#11282),#11293,.F.);
#11282 = FACE_BOUND('',#11283,.T.);
#11283 = EDGE_LOOP('',(#11284,#11285,#11291,#11292));
#11284 = ORIENTED_EDGE('',*,*,#10381,.T.);
#11285 = ORIENTED_EDGE('',*,*,#11286,.T.);
#11286 = EDGE_CURVE('',#10382,#10702,#11287,.T.);
#11287 = LINE('',#11288,#11289);
#11288 = CARTESIAN_POINT('',(5.9,-4.425,-4.6E-02));
#11289 = VECTOR('',#11290,1.);
#11290 = DIRECTION('',(0.,0.,1.));
#11291 = ORIENTED_EDGE('',*,*,#10701,.F.);
#11292 = ORIENTED_EDGE('',*,*,#11286,.F.);
#11293 = CYLINDRICAL_SURFACE('',#11294,0.425);
#11294 = AXIS2_PLACEMENT_3D('',#11295,#11296,#11297);
#11295 = CARTESIAN_POINT('',(5.9,-4.,-4.6E-02));
#11296 = DIRECTION('',(-0.,-0.,-1.));
#11297 = DIRECTION('',(-0.,-1.,0.));
#11298 = ADVANCED_FACE('',(#11299),#11310,.F.);
#11299 = FACE_BOUND('',#11300,.T.);
#11300 = EDGE_LOOP('',(#11301,#11302,#11308,#11309));
#11301 = ORIENTED_EDGE('',*,*,#10392,.T.);
#11302 = ORIENTED_EDGE('',*,*,#11303,.T.);
#11303 = EDGE_CURVE('',#10393,#10713,#11304,.T.);
#11304 = LINE('',#11305,#11306);
#11305 = CARTESIAN_POINT('',(10.1,-4.425,-4.6E-02));
#11306 = VECTOR('',#11307,1.);
#11307 = DIRECTION('',(0.,0.,1.));
#11308 = ORIENTED_EDGE('',*,*,#10712,.F.);
#11309 = ORIENTED_EDGE('',*,*,#11303,.F.);
#11310 = CYLINDRICAL_SURFACE('',#11311,0.425);
#11311 = AXIS2_PLACEMENT_3D('',#11312,#11313,#11314);
#11312 = CARTESIAN_POINT('',(10.1,-4.,-4.6E-02));
#11313 = DIRECTION('',(-0.,-0.,-1.));
#11314 = DIRECTION('',(-4.17966315153E-15,-1.,0.));
#11315 = ( GEOMETRIC_REPRESENTATION_CONTEXT(3) 
GLOBAL_UNCERTAINTY_ASSIGNED_CONTEXT((#11319)) 
GLOBAL_UNIT_ASSIGNED_CONTEXT((#11316,#11317,#11318)) 
REPRESENTATION_CONTEXT('Context #1',
  '3D Context with UNIT and UNCERTAINTY') );
#11316 = ( LENGTH_UNIT() NAMED_UNIT(*) SI_UNIT(.MILLI.,.METRE.) );
#11317 = ( NAMED_UNIT(*) PLANE_ANGLE_UNIT() SI_UNIT($,.RADIAN.) );
#11318 = ( NAMED_UNIT(*) SI_UNIT($,.STERADIAN.) SOLID_ANGLE_UNIT() );
#11319 = UNCERTAINTY_MEASURE_WITH_UNIT(LENGTH_MEASURE(1.E-07),#11316,
  'distance_accuracy_value','confusion accuracy');
#11320 = CONTEXT_DEPENDENT_SHAPE_REPRESENTATION(#11321,#11323);
#11321 = ( REPRESENTATION_RELATIONSHIP('','',#9978,#10) 
REPRESENTATION_RELATIONSHIP_WITH_TRANSFORMATION(#11322) 
SHAPE_REPRESENTATION_RELATIONSHIP() );
#11322 = ITEM_DEFINED_TRANSFORMATION('','',#11,#27);
#11323 = PRODUCT_DEFINITION_SHAPE('Placement','Placement of an item',
  #11324);
#11324 = NEXT_ASSEMBLY_USAGE_OCCURRENCE('5','=>[0:1:1:5]','',#5,#9973,$
  );
#11325 = PRODUCT_RELATED_PRODUCT_CATEGORY('part',$,(#9975));
#11326 = MECHANICAL_DESIGN_GEOMETRIC_PRESENTATION_REPRESENTATION('',(
    #11327,#11335,#11342,#11349,#11356,#11363,#11370,#11377,#11384,
    #11391,#11398,#11405,#11412,#11419,#11426,#11433,#11440,#11447,
    #11454,#11461,#11468,#11475,#11482,#11489,#11496,#11503,#11510,
    #11517,#11524,#11531,#11538,#11545,#11552,#11559,#11566,#11573,
    #11580,#11587,#11594,#11601,#11608,#11615,#11622,#11629),#9960);
#11327 = STYLED_ITEM('color',(#11328),#882);
#11328 = PRESENTATION_STYLE_ASSIGNMENT((#11329));
#11329 = SURFACE_STYLE_USAGE(.BOTH.,#11330);
#11330 = SURFACE_SIDE_STYLE('',(#11331));
#11331 = SURFACE_STYLE_FILL_AREA(#11332);
#11332 = FILL_AREA_STYLE('',(#11333));
#11333 = FILL_AREA_STYLE_COLOUR('',#11334);
#11334 = COLOUR_RGB('',0.735356983052,0.735356983052,0.735356983052);
#11335 = STYLED_ITEM('color',(#11336),#1172);
#11336 = PRESENTATION_STYLE_ASSIGNMENT((#11337));
#11337 = SURFACE_STYLE_USAGE(.BOTH.,#11338);
#11338 = SURFACE_SIDE_STYLE('',(#11339));
#11339 = SURFACE_STYLE_FILL_AREA(#11340);
#11340 = FILL_AREA_STYLE('',(#11341));
#11341 = FILL_AREA_STYLE_COLOUR('',#11334);
#11342 = STYLED_ITEM('color',(#11343),#1462);
#11343 = PRESENTATION_STYLE_ASSIGNMENT((#11344));
#11344 = SURFACE_STYLE_USAGE(.BOTH.,#11345);
#11345 = SURFACE_SIDE_STYLE('',(#11346));
#11346 = SURFACE_STYLE_FILL_AREA(#11347);
#11347 = FILL_AREA_STYLE('',(#11348));
#11348 = FILL_AREA_STYLE_COLOUR('',#11334);
#11349 = STYLED_ITEM('color',(#11350),#1554);
#11350 = PRESENTATION_STYLE_ASSIGNMENT((#11351));
#11351 = SURFACE_STYLE_USAGE(.BOTH.,#11352);
#11352 = SURFACE_SIDE_STYLE('',(#11353));
#11353 = SURFACE_STYLE_FILL_AREA(#11354);
#11354 = FILL_AREA_STYLE('',(#11355));
#11355 = FILL_AREA_STYLE_COLOUR('',#11334);
#11356 = STYLED_ITEM('color',(#11357),#1646);
#11357 = PRESENTATION_STYLE_ASSIGNMENT((#11358));
#11358 = SURFACE_STYLE_USAGE(.BOTH.,#11359);
#11359 = SURFACE_SIDE_STYLE('',(#11360));
#11360 = SURFACE_STYLE_FILL_AREA(#11361);
#11361 = FILL_AREA_STYLE('',(#11362));
#11362 = FILL_AREA_STYLE_COLOUR('',#11334);
#11363 = STYLED_ITEM('color',(#11364),#1738);
#11364 = PRESENTATION_STYLE_ASSIGNMENT((#11365));
#11365 = SURFACE_STYLE_USAGE(.BOTH.,#11366);
#11366 = SURFACE_SIDE_STYLE('',(#11367));
#11367 = SURFACE_STYLE_FILL_AREA(#11368);
#11368 = FILL_AREA_STYLE('',(#11369));
#11369 = FILL_AREA_STYLE_COLOUR('',#11334);
#11370 = STYLED_ITEM('color',(#11371),#1991);
#11371 = PRESENTATION_STYLE_ASSIGNMENT((#11372));
#11372 = SURFACE_STYLE_USAGE(.BOTH.,#11373);
#11373 = SURFACE_SIDE_STYLE('',(#11374));
#11374 = SURFACE_STYLE_FILL_AREA(#11375);
#11375 = FILL_AREA_STYLE('',(#11376));
#11376 = FILL_AREA_STYLE_COLOUR('',#11334);
#11377 = STYLED_ITEM('color',(#11378),#2244);
#11378 = PRESENTATION_STYLE_ASSIGNMENT((#11379));
#11379 = SURFACE_STYLE_USAGE(.BOTH.,#11380);
#11380 = SURFACE_SIDE_STYLE('',(#11381));
#11381 = SURFACE_STYLE_FILL_AREA(#11382);
#11382 = FILL_AREA_STYLE('',(#11383));
#11383 = FILL_AREA_STYLE_COLOUR('',#11334);
#11384 = STYLED_ITEM('color',(#11385),#2497);
#11385 = PRESENTATION_STYLE_ASSIGNMENT((#11386));
#11386 = SURFACE_STYLE_USAGE(.BOTH.,#11387);
#11387 = SURFACE_SIDE_STYLE('',(#11388));
#11388 = SURFACE_STYLE_FILL_AREA(#11389);
#11389 = FILL_AREA_STYLE('',(#11390));
#11390 = FILL_AREA_STYLE_COLOUR('',#11334);
#11391 = STYLED_ITEM('color',(#11392),#2589);
#11392 = PRESENTATION_STYLE_ASSIGNMENT((#11393));
#11393 = SURFACE_STYLE_USAGE(.BOTH.,#11394);
#11394 = SURFACE_SIDE_STYLE('',(#11395));
#11395 = SURFACE_STYLE_FILL_AREA(#11396);
#11396 = FILL_AREA_STYLE('',(#11397));
#11397 = FILL_AREA_STYLE_COLOUR('',#11334);
#11398 = STYLED_ITEM('color',(#11399),#2681);
#11399 = PRESENTATION_STYLE_ASSIGNMENT((#11400));
#11400 = SURFACE_STYLE_USAGE(.BOTH.,#11401);
#11401 = SURFACE_SIDE_STYLE('',(#11402));
#11402 = SURFACE_STYLE_FILL_AREA(#11403);
#11403 = FILL_AREA_STYLE('',(#11404));
#11404 = FILL_AREA_STYLE_COLOUR('',#11334);
#11405 = STYLED_ITEM('color',(#11406),#2773);
#11406 = PRESENTATION_STYLE_ASSIGNMENT((#11407));
#11407 = SURFACE_STYLE_USAGE(.BOTH.,#11408);
#11408 = SURFACE_SIDE_STYLE('',(#11409));
#11409 = SURFACE_STYLE_FILL_AREA(#11410);
#11410 = FILL_AREA_STYLE('',(#11411));
#11411 = FILL_AREA_STYLE_COLOUR('',#11334);
#11412 = STYLED_ITEM('color',(#11413),#3026);
#11413 = PRESENTATION_STYLE_ASSIGNMENT((#11414));
#11414 = SURFACE_STYLE_USAGE(.BOTH.,#11415);
#11415 = SURFACE_SIDE_STYLE('',(#11416));
#11416 = SURFACE_STYLE_FILL_AREA(#11417);
#11417 = FILL_AREA_STYLE('',(#11418));
#11418 = FILL_AREA_STYLE_COLOUR('',#11334);
#11419 = STYLED_ITEM('color',(#11420),#3320);
#11420 = PRESENTATION_STYLE_ASSIGNMENT((#11421));
#11421 = SURFACE_STYLE_USAGE(.BOTH.,#11422);
#11422 = SURFACE_SIDE_STYLE('',(#11423));
#11423 = SURFACE_STYLE_FILL_AREA(#11424);
#11424 = FILL_AREA_STYLE('',(#11425));
#11425 = FILL_AREA_STYLE_COLOUR('',#11334);
#11426 = STYLED_ITEM('color',(#11427),#3614);
#11427 = PRESENTATION_STYLE_ASSIGNMENT((#11428));
#11428 = SURFACE_STYLE_USAGE(.BOTH.,#11429);
#11429 = SURFACE_SIDE_STYLE('',(#11430));
#11430 = SURFACE_STYLE_FILL_AREA(#11431);
#11431 = FILL_AREA_STYLE('',(#11432));
#11432 = FILL_AREA_STYLE_COLOUR('',#11334);
#11433 = STYLED_ITEM('color',(#11434),#3908);
#11434 = PRESENTATION_STYLE_ASSIGNMENT((#11435));
#11435 = SURFACE_STYLE_USAGE(.BOTH.,#11436);
#11436 = SURFACE_SIDE_STYLE('',(#11437));
#11437 = SURFACE_STYLE_FILL_AREA(#11438);
#11438 = FILL_AREA_STYLE('',(#11439));
#11439 = FILL_AREA_STYLE_COLOUR('',#11334);
#11440 = STYLED_ITEM('color',(#11441),#4202);
#11441 = PRESENTATION_STYLE_ASSIGNMENT((#11442));
#11442 = SURFACE_STYLE_USAGE(.BOTH.,#11443);
#11443 = SURFACE_SIDE_STYLE('',(#11444));
#11444 = SURFACE_STYLE_FILL_AREA(#11445);
#11445 = FILL_AREA_STYLE('',(#11446));
#11446 = FILL_AREA_STYLE_COLOUR('',#11334);
#11447 = STYLED_ITEM('color',(#11448),#4496);
#11448 = PRESENTATION_STYLE_ASSIGNMENT((#11449));
#11449 = SURFACE_STYLE_USAGE(.BOTH.,#11450);
#11450 = SURFACE_SIDE_STYLE('',(#11451));
#11451 = SURFACE_STYLE_FILL_AREA(#11452);
#11452 = FILL_AREA_STYLE('',(#11453));
#11453 = FILL_AREA_STYLE_COLOUR('',#11334);
#11454 = STYLED_ITEM('color',(#11455),#4790);
#11455 = PRESENTATION_STYLE_ASSIGNMENT((#11456));
#11456 = SURFACE_STYLE_USAGE(.BOTH.,#11457);
#11457 = SURFACE_SIDE_STYLE('',(#11458));
#11458 = SURFACE_STYLE_FILL_AREA(#11459);
#11459 = FILL_AREA_STYLE('',(#11460));
#11460 = FILL_AREA_STYLE_COLOUR('',#11334);
#11461 = STYLED_ITEM('color',(#11462),#5084);
#11462 = PRESENTATION_STYLE_ASSIGNMENT((#11463));
#11463 = SURFACE_STYLE_USAGE(.BOTH.,#11464);
#11464 = SURFACE_SIDE_STYLE('',(#11465));
#11465 = SURFACE_STYLE_FILL_AREA(#11466);
#11466 = FILL_AREA_STYLE('',(#11467));
#11467 = FILL_AREA_STYLE_COLOUR('',#11334);
#11468 = STYLED_ITEM('color',(#11469),#5378);
#11469 = PRESENTATION_STYLE_ASSIGNMENT((#11470));
#11470 = SURFACE_STYLE_USAGE(.BOTH.,#11471);
#11471 = SURFACE_SIDE_STYLE('',(#11472));
#11472 = SURFACE_STYLE_FILL_AREA(#11473);
#11473 = FILL_AREA_STYLE('',(#11474));
#11474 = FILL_AREA_STYLE_COLOUR('',#11334);
#11475 = STYLED_ITEM('color',(#11476),#5672);
#11476 = PRESENTATION_STYLE_ASSIGNMENT((#11477));
#11477 = SURFACE_STYLE_USAGE(.BOTH.,#11478);
#11478 = SURFACE_SIDE_STYLE('',(#11479));
#11479 = SURFACE_STYLE_FILL_AREA(#11480);
#11480 = FILL_AREA_STYLE('',(#11481));
#11481 = FILL_AREA_STYLE_COLOUR('',#11334);
#11482 = STYLED_ITEM('color',(#11483),#5966);
#11483 = PRESENTATION_STYLE_ASSIGNMENT((#11484));
#11484 = SURFACE_STYLE_USAGE(.BOTH.,#11485);
#11485 = SURFACE_SIDE_STYLE('',(#11486));
#11486 = SURFACE_STYLE_FILL_AREA(#11487);
#11487 = FILL_AREA_STYLE('',(#11488));
#11488 = FILL_AREA_STYLE_COLOUR('',#11334);
#11489 = STYLED_ITEM('color',(#11490),#6260);
#11490 = PRESENTATION_STYLE_ASSIGNMENT((#11491));
#11491 = SURFACE_STYLE_USAGE(.BOTH.,#11492);
#11492 = SURFACE_SIDE_STYLE('',(#11493));
#11493 = SURFACE_STYLE_FILL_AREA(#11494);
#11494 = FILL_AREA_STYLE('',(#11495));
#11495 = FILL_AREA_STYLE_COLOUR('',#11334);
#11496 = STYLED_ITEM('color',(#11497),#6554);
#11497 = PRESENTATION_STYLE_ASSIGNMENT((#11498));
#11498 = SURFACE_STYLE_USAGE(.BOTH.,#11499);
#11499 = SURFACE_SIDE_STYLE('',(#11500));
#11500 = SURFACE_STYLE_FILL_AREA(#11501);
#11501 = FILL_AREA_STYLE('',(#11502));
#11502 = FILL_AREA_STYLE_COLOUR('',#11334);
#11503 = STYLED_ITEM('color',(#11504),#6646);
#11504 = PRESENTATION_STYLE_ASSIGNMENT((#11505));
#11505 = SURFACE_STYLE_USAGE(.BOTH.,#11506);
#11506 = SURFACE_SIDE_STYLE('',(#11507));
#11507 = SURFACE_STYLE_FILL_AREA(#11508);
#11508 = FILL_AREA_STYLE('',(#11509));
#11509 = FILL_AREA_STYLE_COLOUR('',#11334);
#11510 = STYLED_ITEM('color',(#11511),#6738);
#11511 = PRESENTATION_STYLE_ASSIGNMENT((#11512));
#11512 = SURFACE_STYLE_USAGE(.BOTH.,#11513);
#11513 = SURFACE_SIDE_STYLE('',(#11514));
#11514 = SURFACE_STYLE_FILL_AREA(#11515);
#11515 = FILL_AREA_STYLE('',(#11516));
#11516 = FILL_AREA_STYLE_COLOUR('',#11334);
#11517 = STYLED_ITEM('color',(#11518),#6830);
#11518 = PRESENTATION_STYLE_ASSIGNMENT((#11519));
#11519 = SURFACE_STYLE_USAGE(.BOTH.,#11520);
#11520 = SURFACE_SIDE_STYLE('',(#11521));
#11521 = SURFACE_STYLE_FILL_AREA(#11522);
#11522 = FILL_AREA_STYLE('',(#11523));
#11523 = FILL_AREA_STYLE_COLOUR('',#11334);
#11524 = STYLED_ITEM('color',(#11525),#6980);
#11525 = PRESENTATION_STYLE_ASSIGNMENT((#11526));
#11526 = SURFACE_STYLE_USAGE(.BOTH.,#11527);
#11527 = SURFACE_SIDE_STYLE('',(#11528));
#11528 = SURFACE_STYLE_FILL_AREA(#11529);
#11529 = FILL_AREA_STYLE('',(#11530));
#11530 = FILL_AREA_STYLE_COLOUR('',#11334);
#11531 = STYLED_ITEM('color',(#11532),#7130);
#11532 = PRESENTATION_STYLE_ASSIGNMENT((#11533));
#11533 = SURFACE_STYLE_USAGE(.BOTH.,#11534);
#11534 = SURFACE_SIDE_STYLE('',(#11535));
#11535 = SURFACE_STYLE_FILL_AREA(#11536);
#11536 = FILL_AREA_STYLE('',(#11537));
#11537 = FILL_AREA_STYLE_COLOUR('',#11334);
#11538 = STYLED_ITEM('color',(#11539),#7280);
#11539 = PRESENTATION_STYLE_ASSIGNMENT((#11540));
#11540 = SURFACE_STYLE_USAGE(.BOTH.,#11541);
#11541 = SURFACE_SIDE_STYLE('',(#11542));
#11542 = SURFACE_STYLE_FILL_AREA(#11543);
#11543 = FILL_AREA_STYLE('',(#11544));
#11544 = FILL_AREA_STYLE_COLOUR('',#11334);
#11545 = STYLED_ITEM('color',(#11546),#7430);
#11546 = PRESENTATION_STYLE_ASSIGNMENT((#11547));
#11547 = SURFACE_STYLE_USAGE(.BOTH.,#11548);
#11548 = SURFACE_SIDE_STYLE('',(#11549));
#11549 = SURFACE_STYLE_FILL_AREA(#11550);
#11550 = FILL_AREA_STYLE('',(#11551));
#11551 = FILL_AREA_STYLE_COLOUR('',#11334);
#11552 = STYLED_ITEM('color',(#11553),#7759);
#11553 = PRESENTATION_STYLE_ASSIGNMENT((#11554));
#11554 = SURFACE_STYLE_USAGE(.BOTH.,#11555);
#11555 = SURFACE_SIDE_STYLE('',(#11556));
#11556 = SURFACE_STYLE_FILL_AREA(#11557);
#11557 = FILL_AREA_STYLE('',(#11558));
#11558 = FILL_AREA_STYLE_COLOUR('',#11334);
#11559 = STYLED_ITEM('color',(#11560),#8088);
#11560 = PRESENTATION_STYLE_ASSIGNMENT((#11561));
#11561 = SURFACE_STYLE_USAGE(.BOTH.,#11562);
#11562 = SURFACE_SIDE_STYLE('',(#11563));
#11563 = SURFACE_STYLE_FILL_AREA(#11564);
#11564 = FILL_AREA_STYLE('',(#11565));
#11565 = FILL_AREA_STYLE_COLOUR('',#11334);
#11566 = STYLED_ITEM('color',(#11567),#8180);
#11567 = PRESENTATION_STYLE_ASSIGNMENT((#11568));
#11568 = SURFACE_STYLE_USAGE(.BOTH.,#11569);
#11569 = SURFACE_SIDE_STYLE('',(#11570));
#11570 = SURFACE_STYLE_FILL_AREA(#11571);
#11571 = FILL_AREA_STYLE('',(#11572));
#11572 = FILL_AREA_STYLE_COLOUR('',#11334);
#11573 = STYLED_ITEM('color',(#11574),#8470);
#11574 = PRESENTATION_STYLE_ASSIGNMENT((#11575));
#11575 = SURFACE_STYLE_USAGE(.BOTH.,#11576);
#11576 = SURFACE_SIDE_STYLE('',(#11577));
#11577 = SURFACE_STYLE_FILL_AREA(#11578);
#11578 = FILL_AREA_STYLE('',(#11579));
#11579 = FILL_AREA_STYLE_COLOUR('',#11334);
#11580 = STYLED_ITEM('color',(#11581),#8620);
#11581 = PRESENTATION_STYLE_ASSIGNMENT((#11582));
#11582 = SURFACE_STYLE_USAGE(.BOTH.,#11583);
#11583 = SURFACE_SIDE_STYLE('',(#11584));
#11584 = SURFACE_STYLE_FILL_AREA(#11585);
#11585 = FILL_AREA_STYLE('',(#11586));
#11586 = FILL_AREA_STYLE_COLOUR('',#11334);
#11587 = STYLED_ITEM('color',(#11588),#8910);
#11588 = PRESENTATION_STYLE_ASSIGNMENT((#11589));
#11589 = SURFACE_STYLE_USAGE(.BOTH.,#11590);
#11590 = SURFACE_SIDE_STYLE('',(#11591));
#11591 = SURFACE_STYLE_FILL_AREA(#11592);
#11592 = FILL_AREA_STYLE('',(#11593));
#11593 = FILL_AREA_STYLE_COLOUR('',#11334);
#11594 = STYLED_ITEM('color',(#11595),#9060);
#11595 = PRESENTATION_STYLE_ASSIGNMENT((#11596));
#11596 = SURFACE_STYLE_USAGE(.BOTH.,#11597);
#11597 = SURFACE_SIDE_STYLE('',(#11598));
#11598 = SURFACE_STYLE_FILL_AREA(#11599);
#11599 = FILL_AREA_STYLE('',(#11600));
#11600 = FILL_AREA_STYLE_COLOUR('',#11334);
#11601 = STYLED_ITEM('color',(#11602),#9210);
#11602 = PRESENTATION_STYLE_ASSIGNMENT((#11603));
#11603 = SURFACE_STYLE_USAGE(.BOTH.,#11604);
#11604 = SURFACE_SIDE_STYLE('',(#11605));
#11605 = SURFACE_STYLE_FILL_AREA(#11606);
#11606 = FILL_AREA_STYLE('',(#11607));
#11607 = FILL_AREA_STYLE_COLOUR('',#11334);
#11608 = STYLED_ITEM('color',(#11609),#9360);
#11609 = PRESENTATION_STYLE_ASSIGNMENT((#11610));
#11610 = SURFACE_STYLE_USAGE(.BOTH.,#11611);
#11611 = SURFACE_SIDE_STYLE('',(#11612));
#11612 = SURFACE_STYLE_FILL_AREA(#11613);
#11613 = FILL_AREA_STYLE('',(#11614));
#11614 = FILL_AREA_STYLE_COLOUR('',#11334);
#11615 = STYLED_ITEM('color',(#11616),#9510);
#11616 = PRESENTATION_STYLE_ASSIGNMENT((#11617));
#11617 = SURFACE_STYLE_USAGE(.BOTH.,#11618);
#11618 = SURFACE_SIDE_STYLE('',(#11619));
#11619 = SURFACE_STYLE_FILL_AREA(#11620);
#11620 = FILL_AREA_STYLE('',(#11621));
#11621 = FILL_AREA_STYLE_COLOUR('',#11334);
#11622 = STYLED_ITEM('color',(#11623),#9660);
#11623 = PRESENTATION_STYLE_ASSIGNMENT((#11624));
#11624 = SURFACE_STYLE_USAGE(.BOTH.,#11625);
#11625 = SURFACE_SIDE_STYLE('',(#11626));
#11626 = SURFACE_STYLE_FILL_AREA(#11627);
#11627 = FILL_AREA_STYLE('',(#11628));
#11628 = FILL_AREA_STYLE_COLOUR('',#11334);
#11629 = STYLED_ITEM('color',(#11630),#9810);
#11630 = PRESENTATION_STYLE_ASSIGNMENT((#11631));
#11631 = SURFACE_STYLE_USAGE(.BOTH.,#11632);
#11632 = SURFACE_SIDE_STYLE('',(#11633));
#11633 = SURFACE_STYLE_FILL_AREA(#11634);
#11634 = FILL_AREA_STYLE('',(#11635));
#11635 = FILL_AREA_STYLE_COLOUR('',#11334);
#11636 = MECHANICAL_DESIGN_GEOMETRIC_PRESENTATION_REPRESENTATION('',(
    #11637,#11645,#11652,#11659,#11666,#11673,#11680,#11687,#11695,
    #11702,#11709,#11716,#11723,#11730,#11738,#11745,#11752,#11759,
    #11766,#11773,#11780,#11787,#11794,#11801,#11808,#11815),#858);
#11637 = STYLED_ITEM('color',(#11638),#70);
#11638 = PRESENTATION_STYLE_ASSIGNMENT((#11639));
#11639 = SURFACE_STYLE_USAGE(.BOTH.,#11640);
#11640 = SURFACE_SIDE_STYLE('',(#11641));
#11641 = SURFACE_STYLE_FILL_AREA(#11642);
#11642 = FILL_AREA_STYLE('',(#11643));
#11643 = FILL_AREA_STYLE_COLOUR('',#11644);
#11644 = COLOUR_RGB('',0.823999987314,0.819999987296,0.781000009244);
#11645 = STYLED_ITEM('color',(#11646),#110);
#11646 = PRESENTATION_STYLE_ASSIGNMENT((#11647));
#11647 = SURFACE_STYLE_USAGE(.BOTH.,#11648);
#11648 = SURFACE_SIDE_STYLE('',(#11649));
#11649 = SURFACE_STYLE_FILL_AREA(#11650);
#11650 = FILL_AREA_STYLE('',(#11651));
#11651 = FILL_AREA_STYLE_COLOUR('',#11644);
#11652 = STYLED_ITEM('color',(#11653),#193);
#11653 = PRESENTATION_STYLE_ASSIGNMENT((#11654));
#11654 = SURFACE_STYLE_USAGE(.BOTH.,#11655);
#11655 = SURFACE_SIDE_STYLE('',(#11656));
#11656 = SURFACE_STYLE_FILL_AREA(#11657);
#11657 = FILL_AREA_STYLE('',(#11658));
#11658 = FILL_AREA_STYLE_COLOUR('',#11644);
#11659 = STYLED_ITEM('color',(#11660),#218);
#11660 = PRESENTATION_STYLE_ASSIGNMENT((#11661));
#11661 = SURFACE_STYLE_USAGE(.BOTH.,#11662);
#11662 = SURFACE_SIDE_STYLE('',(#11663));
#11663 = SURFACE_STYLE_FILL_AREA(#11664);
#11664 = FILL_AREA_STYLE('',(#11665));
#11665 = FILL_AREA_STYLE_COLOUR('',#11644);
#11666 = STYLED_ITEM('color',(#11667),#243);
#11667 = PRESENTATION_STYLE_ASSIGNMENT((#11668));
#11668 = SURFACE_STYLE_USAGE(.BOTH.,#11669);
#11669 = SURFACE_SIDE_STYLE('',(#11670));
#11670 = SURFACE_STYLE_FILL_AREA(#11671);
#11671 = FILL_AREA_STYLE('',(#11672));
#11672 = FILL_AREA_STYLE_COLOUR('',#11644);
#11673 = STYLED_ITEM('color',(#11674),#310);
#11674 = PRESENTATION_STYLE_ASSIGNMENT((#11675));
#11675 = SURFACE_STYLE_USAGE(.BOTH.,#11676);
#11676 = SURFACE_SIDE_STYLE('',(#11677));
#11677 = SURFACE_STYLE_FILL_AREA(#11678);
#11678 = FILL_AREA_STYLE('',(#11679));
#11679 = FILL_AREA_STYLE_COLOUR('',#11644);
#11680 = STYLED_ITEM('color',(#11681),#327);
#11681 = PRESENTATION_STYLE_ASSIGNMENT((#11682));
#11682 = SURFACE_STYLE_USAGE(.BOTH.,#11683);
#11683 = SURFACE_SIDE_STYLE('',(#11684));
#11684 = SURFACE_STYLE_FILL_AREA(#11685);
#11685 = FILL_AREA_STYLE('',(#11686));
#11686 = FILL_AREA_STYLE_COLOUR('',#11644);
#11687 = STYLED_ITEM('color',(#11688),#344);
#11688 = PRESENTATION_STYLE_ASSIGNMENT((#11689));
#11689 = SURFACE_STYLE_USAGE(.BOTH.,#11690);
#11690 = SURFACE_SIDE_STYLE('',(#11691));
#11691 = SURFACE_STYLE_FILL_AREA(#11692);
#11692 = FILL_AREA_STYLE('',(#11693));
#11693 = FILL_AREA_STYLE_COLOUR('',#11694);
#11694 = COLOUR_RGB('',0.894999966383,0.890999961016,0.813000030345);
#11695 = STYLED_ITEM('color',(#11696),#393);
#11696 = PRESENTATION_STYLE_ASSIGNMENT((#11697));
#11697 = SURFACE_STYLE_USAGE(.BOTH.,#11698);
#11698 = SURFACE_SIDE_STYLE('',(#11699));
#11699 = SURFACE_STYLE_FILL_AREA(#11700);
#11700 = FILL_AREA_STYLE('',(#11701));
#11701 = FILL_AREA_STYLE_COLOUR('',#11644);
#11702 = STYLED_ITEM('color',(#11703),#410);
#11703 = PRESENTATION_STYLE_ASSIGNMENT((#11704));
#11704 = SURFACE_STYLE_USAGE(.BOTH.,#11705);
#11705 = SURFACE_SIDE_STYLE('',(#11706));
#11706 = SURFACE_STYLE_FILL_AREA(#11707);
#11707 = FILL_AREA_STYLE('',(#11708));
#11708 = FILL_AREA_STYLE_COLOUR('',#11644);
#11709 = STYLED_ITEM('color',(#11710),#427);
#11710 = PRESENTATION_STYLE_ASSIGNMENT((#11711));
#11711 = SURFACE_STYLE_USAGE(.BOTH.,#11712);
#11712 = SURFACE_SIDE_STYLE('',(#11713));
#11713 = SURFACE_STYLE_FILL_AREA(#11714);
#11714 = FILL_AREA_STYLE('',(#11715));
#11715 = FILL_AREA_STYLE_COLOUR('',#11694);
#11716 = STYLED_ITEM('color',(#11717),#476);
#11717 = PRESENTATION_STYLE_ASSIGNMENT((#11718));
#11718 = SURFACE_STYLE_USAGE(.BOTH.,#11719);
#11719 = SURFACE_SIDE_STYLE('',(#11720));
#11720 = SURFACE_STYLE_FILL_AREA(#11721);
#11721 = FILL_AREA_STYLE('',(#11722));
#11722 = FILL_AREA_STYLE_COLOUR('',#11694);
#11723 = STYLED_ITEM('color',(#11724),#493);
#11724 = PRESENTATION_STYLE_ASSIGNMENT((#11725));
#11725 = SURFACE_STYLE_USAGE(.BOTH.,#11726);
#11726 = SURFACE_SIDE_STYLE('',(#11727));
#11727 = SURFACE_STYLE_FILL_AREA(#11728);
#11728 = FILL_AREA_STYLE('',(#11729));
#11729 = FILL_AREA_STYLE_COLOUR('',#11644);
#11730 = STYLED_ITEM('color',(#11731),#562);
#11731 = PRESENTATION_STYLE_ASSIGNMENT((#11732));
#11732 = SURFACE_STYLE_USAGE(.BOTH.,#11733);
#11733 = SURFACE_SIDE_STYLE('',(#11734));
#11734 = SURFACE_STYLE_FILL_AREA(#11735);
#11735 = FILL_AREA_STYLE('',(#11736));
#11736 = FILL_AREA_STYLE_COLOUR('',#11737);
#11737 = COLOUR_RGB('',8.200000279077E-02,8.600000121357E-02,
  9.399999706163E-02);
#11738 = STYLED_ITEM('color',(#11739),#593);
#11739 = PRESENTATION_STYLE_ASSIGNMENT((#11740));
#11740 = SURFACE_STYLE_USAGE(.BOTH.,#11741);
#11741 = SURFACE_SIDE_STYLE('',(#11742));
#11742 = SURFACE_STYLE_FILL_AREA(#11743);
#11743 = FILL_AREA_STYLE('',(#11744));
#11744 = FILL_AREA_STYLE_COLOUR('',#11737);
#11745 = STYLED_ITEM('color',(#11746),#617);
#11746 = PRESENTATION_STYLE_ASSIGNMENT((#11747));
#11747 = SURFACE_STYLE_USAGE(.BOTH.,#11748);
#11748 = SURFACE_SIDE_STYLE('',(#11749));
#11749 = SURFACE_STYLE_FILL_AREA(#11750);
#11750 = FILL_AREA_STYLE('',(#11751));
#11751 = FILL_AREA_STYLE_COLOUR('',#11644);
#11752 = STYLED_ITEM('color',(#11753),#686);
#11753 = PRESENTATION_STYLE_ASSIGNMENT((#11754));
#11754 = SURFACE_STYLE_USAGE(.BOTH.,#11755);
#11755 = SURFACE_SIDE_STYLE('',(#11756));
#11756 = SURFACE_STYLE_FILL_AREA(#11757);
#11757 = FILL_AREA_STYLE('',(#11758));
#11758 = FILL_AREA_STYLE_COLOUR('',#11737);
#11759 = STYLED_ITEM('color',(#11760),#710);
#11760 = PRESENTATION_STYLE_ASSIGNMENT((#11761));
#11761 = SURFACE_STYLE_USAGE(.BOTH.,#11762);
#11762 = SURFACE_SIDE_STYLE('',(#11763));
#11763 = SURFACE_STYLE_FILL_AREA(#11764);
#11764 = FILL_AREA_STYLE('',(#11765));
#11765 = FILL_AREA_STYLE_COLOUR('',#11644);
#11766 = STYLED_ITEM('color',(#11767),#727);
#11767 = PRESENTATION_STYLE_ASSIGNMENT((#11768));
#11768 = SURFACE_STYLE_USAGE(.BOTH.,#11769);
#11769 = SURFACE_SIDE_STYLE('',(#11770));
#11770 = SURFACE_STYLE_FILL_AREA(#11771);
#11771 = FILL_AREA_STYLE('',(#11772));
#11772 = FILL_AREA_STYLE_COLOUR('',#11644);
#11773 = STYLED_ITEM('color',(#11774),#744);
#11774 = PRESENTATION_STYLE_ASSIGNMENT((#11775));
#11775 = SURFACE_STYLE_USAGE(.BOTH.,#11776);
#11776 = SURFACE_SIDE_STYLE('',(#11777));
#11777 = SURFACE_STYLE_FILL_AREA(#11778);
#11778 = FILL_AREA_STYLE('',(#11779));
#11779 = FILL_AREA_STYLE_COLOUR('',#11644);
#11780 = STYLED_ITEM('color',(#11781),#761);
#11781 = PRESENTATION_STYLE_ASSIGNMENT((#11782));
#11782 = SURFACE_STYLE_USAGE(.BOTH.,#11783);
#11783 = SURFACE_SIDE_STYLE('',(#11784));
#11784 = SURFACE_STYLE_FILL_AREA(#11785);
#11785 = FILL_AREA_STYLE('',(#11786));
#11786 = FILL_AREA_STYLE_COLOUR('',#11644);
#11787 = STYLED_ITEM('color',(#11788),#778);
#11788 = PRESENTATION_STYLE_ASSIGNMENT((#11789));
#11789 = SURFACE_STYLE_USAGE(.BOTH.,#11790);
#11790 = SURFACE_SIDE_STYLE('',(#11791));
#11791 = SURFACE_STYLE_FILL_AREA(#11792);
#11792 = FILL_AREA_STYLE('',(#11793));
#11793 = FILL_AREA_STYLE_COLOUR('',#11644);
#11794 = STYLED_ITEM('color',(#11795),#795);
#11795 = PRESENTATION_STYLE_ASSIGNMENT((#11796));
#11796 = SURFACE_STYLE_USAGE(.BOTH.,#11797);
#11797 = SURFACE_SIDE_STYLE('',(#11798));
#11798 = SURFACE_STYLE_FILL_AREA(#11799);
#11799 = FILL_AREA_STYLE('',(#11800));
#11800 = FILL_AREA_STYLE_COLOUR('',#11644);
#11801 = STYLED_ITEM('color',(#11802),#812);
#11802 = PRESENTATION_STYLE_ASSIGNMENT((#11803));
#11803 = SURFACE_STYLE_USAGE(.BOTH.,#11804);
#11804 = SURFACE_SIDE_STYLE('',(#11805));
#11805 = SURFACE_STYLE_FILL_AREA(#11806);
#11806 = FILL_AREA_STYLE('',(#11807));
#11807 = FILL_AREA_STYLE_COLOUR('',#11644);
#11808 = STYLED_ITEM('color',(#11809),#829);
#11809 = PRESENTATION_STYLE_ASSIGNMENT((#11810));
#11810 = SURFACE_STYLE_USAGE(.BOTH.,#11811);
#11811 = SURFACE_SIDE_STYLE('',(#11812));
#11812 = SURFACE_STYLE_FILL_AREA(#11813);
#11813 = FILL_AREA_STYLE('',(#11814));
#11814 = FILL_AREA_STYLE_COLOUR('',#11737);
#11815 = STYLED_ITEM('color',(#11816),#846);
#11816 = PRESENTATION_STYLE_ASSIGNMENT((#11817));
#11817 = SURFACE_STYLE_USAGE(.BOTH.,#11818);
#11818 = SURFACE_SIDE_STYLE('',(#11819));
#11819 = SURFACE_STYLE_FILL_AREA(#11820);
#11820 = FILL_AREA_STYLE('',(#11821));
#11821 = FILL_AREA_STYLE_COLOUR('',#11737);
#11822 = MECHANICAL_DESIGN_GEOMETRIC_PRESENTATION_REPRESENTATION('',(
    #11823),#11315);
#11823 = STYLED_ITEM('color',(#11824),#9979);
#11824 = PRESENTATION_STYLE_ASSIGNMENT((#11825));
#11825 = SURFACE_STYLE_USAGE(.BOTH.,#11826);
#11826 = SURFACE_SIDE_STYLE('',(#11827));
#11827 = SURFACE_STYLE_FILL_AREA(#11828);
#11828 = FILL_AREA_STYLE('',(#11829));
#11829 = FILL_AREA_STYLE_COLOUR('',#11830);
#11830 = COLOUR_RGB('',0.313304153717,0.484529207832,0.410020903123);
ENDSEC;
END-ISO-10303-21;
