ISO-10303-21;
HEADER;
/* Generated by software containing ST-Developer
 * from STEP Tools, Inc. (www.steptools.com) 
 */

FILE_DESCRIPTION(
/* description */ (''),
/* implementation_level */ '2;1');

FILE_NAME(
/* name */ 'M3_VORON.step',
/* time_stamp */ '2023-05-16T15:23:29+02:00',
/* author */ (''),
/* organization */ (''),
/* preprocessor_version */ 'ST-DEVELOPER v19.2',
/* originating_system */ 'Autodesk Translation Framework v12.4.0.73',
/* authorisation */ '');

FILE_SCHEMA (('AUTOMOTIVE_DESIGN { 1 0 10303 214 3 1 1 }'));
ENDSEC;

DATA;
#10=MECHANICAL_DESIGN_GEOMETRIC_PRESENTATION_REPRESENTATION('',(#13),#5539);
#11=SHAPE_REPRESENTATION_RELATIONSHIP('SRR','None',#5546,#12);
#12=ADVANCED_BREP_SHAPE_REPRESENTATION('',(#14),#5538);
#13=STYLED_ITEM('',(#5556),#14);
#14=MANIFOLD_SOLID_BREP('Body1',#1824);
#15=FACE_BOUND('',#280,.T.);
#16=FACE_BOUND('',#325,.T.);
#17=FACE_BOUND('',#331,.T.);
#18=CONICAL_SURFACE('',#1865,2.25,0.785398163397446);
#19=CONICAL_SURFACE('',#1872,2.25,0.785398163397446);
#20=CONICAL_SURFACE('',#1879,2.25,0.785398163397446);
#21=CONICAL_SURFACE('',#1886,2.25,0.785398163397446);
#22=CONICAL_SURFACE('',#1893,2.25,0.785398163397446);
#23=CONICAL_SURFACE('',#1900,2.25,0.785398163397446);
#24=CONICAL_SURFACE('',#1908,2.25,0.785398163397446);
#25=CONICAL_SURFACE('',#1916,2.25,0.785398163397446);
#26=CONICAL_SURFACE('',#1923,2.25,0.785398163397446);
#27=CONICAL_SURFACE('',#1980,2.25,0.785398163397446);
#28=CONICAL_SURFACE('',#1982,1.4145,0.785398163397448);
#29=CONICAL_SURFACE('',#1987,1.4145,0.785398163397448);
#30=CONICAL_SURFACE('',#1988,2.075,0.785398163397446);
#31=PLANE('',#1857);
#32=PLANE('',#1867);
#33=PLANE('',#1874);
#34=PLANE('',#1881);
#35=PLANE('',#1888);
#36=PLANE('',#1895);
#37=PLANE('',#1903);
#38=PLANE('',#1910);
#39=PLANE('',#1918);
#40=PLANE('',#1925);
#41=PLANE('',#1939);
#42=PLANE('',#1941);
#43=PLANE('',#1945);
#44=PLANE('',#1949);
#45=PLANE('',#1953);
#46=PLANE('',#1957);
#47=PLANE('',#1961);
#48=PLANE('',#1965);
#49=PLANE('',#1969);
#50=PLANE('',#1975);
#51=PLANE('',#1977);
#52=PLANE('',#1985);
#53=PLANE('',#1993);
#54=B_SPLINE_SURFACE_WITH_KNOTS('',3,3,((#2846,#2847,#2848,#2849),(#2850,
#2851,#2852,#2853),(#2854,#2855,#2856,#2857),(#2858,#2859,#2860,#2861)),
 .UNSPECIFIED.,.F.,.F.,.F.,(4,4),(4,4),(-0.0736390603138525,0.),(0.,0.14),
 .UNSPECIFIED.);
#55=B_SPLINE_SURFACE_WITH_KNOTS('',3,3,((#2884,#2885,#2886,#2887),(#2888,
#2889,#2890,#2891),(#2892,#2893,#2894,#2895),(#2896,#2897,#2898,#2899)),
 .UNSPECIFIED.,.F.,.F.,.F.,(4,4),(4,4),(-0.0736390603138527,0.),(0.,0.14),
 .UNSPECIFIED.);
#56=B_SPLINE_SURFACE_WITH_KNOTS('',3,3,((#2970,#2971,#2972,#2973),(#2974,
#2975,#2976,#2977),(#2978,#2979,#2980,#2981),(#2982,#2983,#2984,#2985)),
 .UNSPECIFIED.,.F.,.F.,.F.,(4,4),(4,4),(-0.0736390603138525,0.),(0.,0.14),
 .UNSPECIFIED.);
#57=B_SPLINE_SURFACE_WITH_KNOTS('',3,3,((#3007,#3008,#3009,#3010),(#3011,
#3012,#3013,#3014),(#3015,#3016,#3017,#3018),(#3019,#3020,#3021,#3022)),
 .UNSPECIFIED.,.F.,.F.,.F.,(4,4),(4,4),(-0.0736390603138527,0.),(0.,0.14),
 .UNSPECIFIED.);
#58=B_SPLINE_SURFACE_WITH_KNOTS('',3,3,((#3057,#3058,#3059,#3060),(#3061,
#3062,#3063,#3064),(#3065,#3066,#3067,#3068),(#3069,#3070,#3071,#3072)),
 .UNSPECIFIED.,.F.,.F.,.F.,(4,4),(4,4),(-0.0736390603138525,0.),(0.,0.14),
 .UNSPECIFIED.);
#59=B_SPLINE_SURFACE_WITH_KNOTS('',3,3,((#3094,#3095,#3096,#3097),(#3098,
#3099,#3100,#3101),(#3102,#3103,#3104,#3105),(#3106,#3107,#3108,#3109)),
 .UNSPECIFIED.,.F.,.F.,.F.,(4,4),(4,4),(-0.0736390603138527,0.),(0.,0.14),
 .UNSPECIFIED.);
#60=B_SPLINE_SURFACE_WITH_KNOTS('',3,3,((#3144,#3145,#3146,#3147),(#3148,
#3149,#3150,#3151),(#3152,#3153,#3154,#3155),(#3156,#3157,#3158,#3159)),
 .UNSPECIFIED.,.F.,.F.,.F.,(4,4),(4,4),(-0.0736390603138525,0.),(0.,0.14),
 .UNSPECIFIED.);
#61=B_SPLINE_SURFACE_WITH_KNOTS('',3,3,((#3181,#3182,#3183,#3184),(#3185,
#3186,#3187,#3188),(#3189,#3190,#3191,#3192),(#3193,#3194,#3195,#3196)),
 .UNSPECIFIED.,.F.,.F.,.F.,(4,4),(4,4),(-0.0736390603138527,0.),(0.,0.14),
 .UNSPECIFIED.);
#62=B_SPLINE_SURFACE_WITH_KNOTS('',3,3,((#3231,#3232,#3233,#3234),(#3235,
#3236,#3237,#3238),(#3239,#3240,#3241,#3242),(#3243,#3244,#3245,#3246)),
 .UNSPECIFIED.,.F.,.F.,.F.,(4,4),(4,4),(-0.0736390603138525,0.),(0.,0.14),
 .UNSPECIFIED.);
#63=B_SPLINE_SURFACE_WITH_KNOTS('',3,3,((#3268,#3269,#3270,#3271),(#3272,
#3273,#3274,#3275),(#3276,#3277,#3278,#3279),(#3280,#3281,#3282,#3283)),
 .UNSPECIFIED.,.F.,.F.,.F.,(4,4),(4,4),(-0.0736390603138527,0.),(0.,0.14),
 .UNSPECIFIED.);
#64=B_SPLINE_SURFACE_WITH_KNOTS('',3,3,((#3318,#3319,#3320,#3321),(#3322,
#3323,#3324,#3325),(#3326,#3327,#3328,#3329),(#3330,#3331,#3332,#3333)),
 .UNSPECIFIED.,.F.,.F.,.F.,(4,4),(4,4),(-0.0736390603138525,0.),(0.,0.14),
 .UNSPECIFIED.);
#65=B_SPLINE_SURFACE_WITH_KNOTS('',3,3,((#3355,#3356,#3357,#3358),(#3359,
#3360,#3361,#3362),(#3363,#3364,#3365,#3366),(#3367,#3368,#3369,#3370)),
 .UNSPECIFIED.,.F.,.F.,.F.,(4,4),(4,4),(-0.0736390603138527,0.),(0.,0.14),
 .UNSPECIFIED.);
#66=B_SPLINE_SURFACE_WITH_KNOTS('',3,3,((#3407,#3408,#3409,#3410),(#3411,
#3412,#3413,#3414),(#3415,#3416,#3417,#3418),(#3419,#3420,#3421,#3422)),
 .UNSPECIFIED.,.F.,.F.,.F.,(4,4),(4,4),(-0.0736390603138525,0.),(0.,0.14),
 .UNSPECIFIED.);
#67=B_SPLINE_SURFACE_WITH_KNOTS('',3,3,((#3444,#3445,#3446,#3447),(#3448,
#3449,#3450,#3451),(#3452,#3453,#3454,#3455),(#3456,#3457,#3458,#3459)),
 .UNSPECIFIED.,.F.,.F.,.F.,(4,4),(4,4),(-0.0736390603138527,0.),(0.,0.14),
 .UNSPECIFIED.);
#68=B_SPLINE_SURFACE_WITH_KNOTS('',3,3,((#3494,#3495,#3496,#3497),(#3498,
#3499,#3500,#3501),(#3502,#3503,#3504,#3505),(#3506,#3507,#3508,#3509)),
 .UNSPECIFIED.,.F.,.F.,.F.,(4,4),(4,4),(-0.0736390603138525,0.),(0.,0.14),
 .UNSPECIFIED.);
#69=B_SPLINE_SURFACE_WITH_KNOTS('',3,3,((#3531,#3532,#3533,#3534),(#3535,
#3536,#3537,#3538),(#3539,#3540,#3541,#3542),(#3543,#3544,#3545,#3546)),
 .UNSPECIFIED.,.F.,.F.,.F.,(4,4),(4,4),(-0.0736390603138527,0.),(0.,0.14),
 .UNSPECIFIED.);
#70=B_SPLINE_SURFACE_WITH_KNOTS('',3,3,((#3583,#3584,#3585,#3586),(#3587,
#3588,#3589,#3590),(#3591,#3592,#3593,#3594),(#3595,#3596,#3597,#3598)),
 .UNSPECIFIED.,.F.,.F.,.F.,(4,4),(4,4),(-0.0736390603138525,0.),(0.,0.14),
 .UNSPECIFIED.);
#71=B_SPLINE_SURFACE_WITH_KNOTS('',3,3,((#3620,#3621,#3622,#3623),(#3624,
#3625,#3626,#3627),(#3628,#3629,#3630,#3631),(#3632,#3633,#3634,#3635)),
 .UNSPECIFIED.,.F.,.F.,.F.,(4,4),(4,4),(-0.0736390603138527,0.),(0.,0.14),
 .UNSPECIFIED.);
#72=B_SPLINE_SURFACE_WITH_KNOTS('',3,3,((#3670,#3671,#3672,#3673),(#3674,
#3675,#3676,#3677),(#3678,#3679,#3680,#3681),(#3682,#3683,#3684,#3685)),
 .UNSPECIFIED.,.F.,.F.,.F.,(4,4),(4,4),(-0.0736390603138525,0.),(0.,0.14),
 .UNSPECIFIED.);
#73=B_SPLINE_SURFACE_WITH_KNOTS('',3,3,((#3696,#3697,#3698,#3699),(#3700,
#3701,#3702,#3703),(#3704,#3705,#3706,#3707),(#3708,#3709,#3710,#3711)),
 .UNSPECIFIED.,.F.,.F.,.F.,(4,4),(4,4),(-0.0736390603138527,0.),(0.,0.14),
 .UNSPECIFIED.);
#74=B_SPLINE_SURFACE_WITH_KNOTS('',3,3,((#3716,#3717,#3718,#3719),(#3720,
#3721,#3722,#3723),(#3724,#3725,#3726,#3727),(#3728,#3729,#3730,#3731)),
 .UNSPECIFIED.,.F.,.F.,.F.,(4,4),(4,4),(-0.0736390603258563,3.54429174515354E-18),
(-4.32805267565604E-17,0.11),.UNSPECIFIED.);
#75=B_SPLINE_SURFACE_WITH_KNOTS('',3,3,((#3752,#3753,#3754,#3755),(#3756,
#3757,#3758,#3759),(#3760,#3761,#3762,#3763),(#3764,#3765,#3766,#3767)),
 .UNSPECIFIED.,.F.,.F.,.F.,(4,4),(4,4),(-0.0736390603138527,1.20037035866716E-11),
(-2.98315880972444E-17,0.11),.UNSPECIFIED.);
#76=B_SPLINE_SURFACE_WITH_KNOTS('',3,3,((#3910,#3911,#3912,#3913),(#3914,
#3915,#3916,#3917),(#3918,#3919,#3920,#3921),(#3922,#3923,#3924,#3925)),
 .UNSPECIFIED.,.F.,.F.,.F.,(4,4),(4,4),(-0.0736390603258563,3.54565059614865E-18),
(-1.8423587547555E-17,0.11),.UNSPECIFIED.);
#77=B_SPLINE_SURFACE_WITH_KNOTS('',3,3,((#3940,#3941,#3942,#3943),(#3944,
#3945,#3946,#3947),(#3948,#3949,#3950,#3951),(#3952,#3953,#3954,#3955)),
 .UNSPECIFIED.,.F.,.F.,.F.,(4,4),(4,4),(-0.0736390603138527,1.20037035866716E-11),
(-1.32998295636965E-17,0.11),.UNSPECIFIED.);
#78=B_SPLINE_SURFACE_WITH_KNOTS('',3,3,((#3969,#3970,#3971,#3972),(#3973,
#3974,#3975,#3976),(#3977,#3978,#3979,#3980),(#3981,#3982,#3983,#3984)),
 .UNSPECIFIED.,.F.,.F.,.F.,(4,4),(4,4),(-0.0736390603258563,4.42574037488187E-18),
(-2.66951331788416E-17,0.11),.UNSPECIFIED.);
#79=B_SPLINE_SURFACE_WITH_KNOTS('',3,3,((#3999,#4000,#4001,#4002),(#4003,
#4004,#4005,#4006),(#4007,#4008,#4009,#4010),(#4011,#4012,#4013,#4014)),
 .UNSPECIFIED.,.F.,.F.,.F.,(4,4),(4,4),(-0.0736390603138527,1.20037035866716E-11),
(-4.01386076041863E-18,0.11),.UNSPECIFIED.);
#80=B_SPLINE_SURFACE_WITH_KNOTS('',3,3,((#4028,#4029,#4030,#4031),(#4032,
#4033,#4034,#4035),(#4036,#4037,#4038,#4039),(#4040,#4041,#4042,#4043)),
 .UNSPECIFIED.,.F.,.F.,.F.,(4,4),(4,4),(-0.0736390603258563,9.74230136789089E-19),
(0.,0.11),.UNSPECIFIED.);
#81=B_SPLINE_SURFACE_WITH_KNOTS('',3,3,((#4058,#4059,#4060,#4061),(#4062,
#4063,#4064,#4065),(#4066,#4067,#4068,#4069),(#4070,#4071,#4072,#4073)),
 .UNSPECIFIED.,.F.,.F.,.F.,(4,4),(4,4),(-0.0736390603138526,1.20037035866716E-11),
(-2.80685724860832E-17,0.11),.UNSPECIFIED.);
#82=B_SPLINE_SURFACE_WITH_KNOTS('',3,3,((#4087,#4088,#4089,#4090),(#4091,
#4092,#4093,#4094),(#4095,#4096,#4097,#4098),(#4099,#4100,#4101,#4102)),
 .UNSPECIFIED.,.F.,.F.,.F.,(4,4),(4,4),(-0.0736390603258563,3.31585471386962E-18),
(-3.53602256266764E-17,0.11),.UNSPECIFIED.);
#83=B_SPLINE_SURFACE_WITH_KNOTS('',3,3,((#4117,#4118,#4119,#4120),(#4121,
#4122,#4123,#4124),(#4125,#4126,#4127,#4128),(#4129,#4130,#4131,#4132)),
 .UNSPECIFIED.,.F.,.F.,.F.,(4,4),(4,4),(-0.0736390603138527,1.20037035866716E-11),
(-3.6063548870386E-18,0.11),.UNSPECIFIED.);
#84=B_SPLINE_SURFACE_WITH_KNOTS('',3,3,((#4146,#4147,#4148,#4149),(#4150,
#4151,#4152,#4153),(#4154,#4155,#4156,#4157),(#4158,#4159,#4160,#4161)),
 .UNSPECIFIED.,.F.,.F.,.F.,(4,4),(4,4),(-0.0736390603258563,3.40107336247629E-18),
(-7.73280220062981E-18,0.11),.UNSPECIFIED.);
#85=B_SPLINE_SURFACE_WITH_KNOTS('',3,3,((#4176,#4177,#4178,#4179),(#4180,
#4181,#4182,#4183),(#4184,#4185,#4186,#4187),(#4188,#4189,#4190,#4191)),
 .UNSPECIFIED.,.F.,.F.,.F.,(4,4),(4,4),(-0.0736390603138527,1.20037035866716E-11),
(-1.07147408569413E-17,0.11),.UNSPECIFIED.);
#86=B_SPLINE_SURFACE_WITH_KNOTS('',3,3,((#4205,#4206,#4207,#4208),(#4209,
#4210,#4211,#4212),(#4213,#4214,#4215,#4216),(#4217,#4218,#4219,#4220)),
 .UNSPECIFIED.,.F.,.F.,.F.,(4,4),(4,4),(-0.0736390603258563,6.93889390390723E-18),
(-2.6174815243186E-17,0.11),.UNSPECIFIED.);
#87=B_SPLINE_SURFACE_WITH_KNOTS('',3,3,((#4235,#4236,#4237,#4238),(#4239,
#4240,#4241,#4242),(#4243,#4244,#4245,#4246),(#4247,#4248,#4249,#4250)),
 .UNSPECIFIED.,.F.,.F.,.F.,(4,4),(4,4),(-0.0736390603138527,1.20037035866716E-11),
(-1.45457312903497E-17,0.11),.UNSPECIFIED.);
#88=B_SPLINE_SURFACE_WITH_KNOTS('',3,3,((#4264,#4265,#4266,#4267),(#4268,
#4269,#4270,#4271),(#4272,#4273,#4274,#4275),(#4276,#4277,#4278,#4279)),
 .UNSPECIFIED.,.F.,.F.,.F.,(4,4),(4,4),(-0.0736390603258563,2.60208521396521E-17),
(-2.73758677397165E-18,0.11),.UNSPECIFIED.);
#89=B_SPLINE_SURFACE_WITH_KNOTS('',3,3,((#4294,#4295,#4296,#4297),(#4298,
#4299,#4300,#4301),(#4302,#4303,#4304,#4305),(#4306,#4307,#4308,#4309)),
 .UNSPECIFIED.,.F.,.F.,.F.,(4,4),(4,4),(-0.0736390603138526,1.20037035866716E-11),
(-2.53111035414109E-17,0.11),.UNSPECIFIED.);
#90=B_SPLINE_SURFACE_WITH_KNOTS('',3,3,((#4323,#4324,#4325,#4326),(#4327,
#4328,#4329,#4330),(#4331,#4332,#4333,#4334),(#4335,#4336,#4337,#4338)),
 .UNSPECIFIED.,.F.,.F.,.F.,(4,4),(4,4),(-0.0736390603258563,6.5410959565926E-17),
(-1.30134207657312E-17,0.11),.UNSPECIFIED.);
#91=B_SPLINE_SURFACE_WITH_KNOTS('',3,3,((#4353,#4354,#4355,#4356),(#4357,
#4358,#4359,#4360),(#4361,#4362,#4363,#4364),(#4365,#4366,#4367,#4368)),
 .UNSPECIFIED.,.F.,.F.,.F.,(4,4),(4,4),(-0.0736390603138527,1.20037035866716E-11),
(-2.40282618663271E-17,0.11),.UNSPECIFIED.);
#92=B_SPLINE_SURFACE_WITH_KNOTS('',3,3,((#4399,#4400,#4401,#4402),(#4403,
#4404,#4405,#4406),(#4407,#4408,#4409,#4410),(#4411,#4412,#4413,#4414)),
 .UNSPECIFIED.,.F.,.F.,.F.,(4,4),(4,4),(-0.0736390603138526,0.),(0.,0.11),
 .UNSPECIFIED.);
#93=B_SPLINE_SURFACE_WITH_KNOTS('',3,3,((#4419,#4420,#4421,#4422),(#4423,
#4424,#4425,#4426),(#4427,#4428,#4429,#4430),(#4431,#4432,#4433,#4434)),
 .UNSPECIFIED.,.F.,.F.,.F.,(4,4),(4,4),(-0.0736390603138526,0.),(0.,0.11),
 .UNSPECIFIED.);
#94=B_SPLINE_SURFACE_WITH_KNOTS('',3,3,((#4741,#4742,#4743,#4744,#4745,
#4746,#4747,#4748,#4749,#4750,#4751,#4752,#4753,#4754,#4755,#4756,#4757,
#4758,#4759,#4760,#4761,#4762,#4763,#4764,#4765,#4766,#4767,#4768,#4769,
#4770,#4771,#4772,#4773,#4774,#4775,#4776,#4777,#4778,#4779,#4780,#4781,
#4782,#4783,#4784,#4785,#4786,#4787,#4788,#4789,#4790,#4791,#4792,#4793,
#4794,#4795,#4796),(#4797,#4798,#4799,#4800,#4801,#4802,#4803,#4804,#4805,
#4806,#4807,#4808,#4809,#4810,#4811,#4812,#4813,#4814,#4815,#4816,#4817,
#4818,#4819,#4820,#4821,#4822,#4823,#4824,#4825,#4826,#4827,#4828,#4829,
#4830,#4831,#4832,#4833,#4834,#4835,#4836,#4837,#4838,#4839,#4840,#4841,
#4842,#4843,#4844,#4845,#4846,#4847,#4848,#4849,#4850,#4851,#4852),(#4853,
#4854,#4855,#4856,#4857,#4858,#4859,#4860,#4861,#4862,#4863,#4864,#4865,
#4866,#4867,#4868,#4869,#4870,#4871,#4872,#4873,#4874,#4875,#4876,#4877,
#4878,#4879,#4880,#4881,#4882,#4883,#4884,#4885,#4886,#4887,#4888,#4889,
#4890,#4891,#4892,#4893,#4894,#4895,#4896,#4897,#4898,#4899,#4900,#4901,
#4902,#4903,#4904,#4905,#4906,#4907,#4908),(#4909,#4910,#4911,#4912,#4913,
#4914,#4915,#4916,#4917,#4918,#4919,#4920,#4921,#4922,#4923,#4924,#4925,
#4926,#4927,#4928,#4929,#4930,#4931,#4932,#4933,#4934,#4935,#4936,#4937,
#4938,#4939,#4940,#4941,#4942,#4943,#4944,#4945,#4946,#4947,#4948,#4949,
#4950,#4951,#4952,#4953,#4954,#4955,#4956,#4957,#4958,#4959,#4960,#4961,
#4962,#4963,#4964)),.UNSPECIFIED.,.F.,.F.,.F.,(4,4),(4,1,1,1,1,1,1,1,1,
1,1,1,1,1,1,1,1,1,1,1,1,1,1,1,1,1,1,1,1,1,1,1,1,1,1,1,1,1,1,1,1,1,1,1,1,
1,1,1,1,1,1,1,1,4),(0.,0.0321584099938621),(11.8553612635793,12.8418906022434,
13.8284199409074,14.8149492795714,15.8014786182354,16.7880079568995,17.7745372955635,
18.7610666342275,19.7475959728916,20.7341253115556,21.7206546502196,22.7071839888837,
23.6937133275477,24.6802426662117,25.6667720048758,26.6533013435398,27.6398306822038,
28.6263600208678,29.6128893595319,30.5994186981959,31.5859480368599,32.572477375524,
33.559006714188,34.545536052852,35.5320653915161,36.5185947301801,37.5051240688441,
38.4916534075081,39.4781827461722,40.4647120848362,41.4512414235002,42.4377707621643,
43.4243001008283,44.4108294394923,45.3973587781564,46.3838881168204,47.3704174554844,
48.3569467941485,49.3434761328125,50.3300054714765,51.3165348101405,52.3030641488046,
53.2895934874686,54.2761228261326,55.2626521647967,56.2491815034607,57.2357108421247,
58.2222401807888,59.2087695194528,60.1952988581168,61.1818281967808,62.1683575354449,
63.1548868741089,64.1414162127729),.UNSPECIFIED.);
#95=B_SPLINE_SURFACE_WITH_KNOTS('',3,3,((#5272,#5273,#5274,#5275,#5276,
#5277,#5278,#5279,#5280,#5281,#5282,#5283,#5284,#5285,#5286,#5287,#5288,
#5289,#5290,#5291,#5292,#5293,#5294,#5295,#5296,#5297,#5298,#5299,#5300,
#5301,#5302,#5303,#5304,#5305,#5306,#5307,#5308,#5309,#5310,#5311,#5312,
#5313,#5314,#5315,#5316,#5317,#5318,#5319,#5320,#5321,#5322,#5323,#5324,
#5325,#5326,#5327),(#5328,#5329,#5330,#5331,#5332,#5333,#5334,#5335,#5336,
#5337,#5338,#5339,#5340,#5341,#5342,#5343,#5344,#5345,#5346,#5347,#5348,
#5349,#5350,#5351,#5352,#5353,#5354,#5355,#5356,#5357,#5358,#5359,#5360,
#5361,#5362,#5363,#5364,#5365,#5366,#5367,#5368,#5369,#5370,#5371,#5372,
#5373,#5374,#5375,#5376,#5377,#5378,#5379,#5380,#5381,#5382,#5383),(#5384,
#5385,#5386,#5387,#5388,#5389,#5390,#5391,#5392,#5393,#5394,#5395,#5396,
#5397,#5398,#5399,#5400,#5401,#5402,#5403,#5404,#5405,#5406,#5407,#5408,
#5409,#5410,#5411,#5412,#5413,#5414,#5415,#5416,#5417,#5418,#5419,#5420,
#5421,#5422,#5423,#5424,#5425,#5426,#5427,#5428,#5429,#5430,#5431,#5432,
#5433,#5434,#5435,#5436,#5437,#5438,#5439),(#5440,#5441,#5442,#5443,#5444,
#5445,#5446,#5447,#5448,#5449,#5450,#5451,#5452,#5453,#5454,#5455,#5456,
#5457,#5458,#5459,#5460,#5461,#5462,#5463,#5464,#5465,#5466,#5467,#5468,
#5469,#5470,#5471,#5472,#5473,#5474,#5475,#5476,#5477,#5478,#5479,#5480,
#5481,#5482,#5483,#5484,#5485,#5486,#5487,#5488,#5489,#5490,#5491,#5492,
#5493,#5494,#5495)),.UNSPECIFIED.,.F.,.F.,.F.,(4,4),(4,1,1,1,1,1,1,1,1,
1,1,1,1,1,1,1,1,1,1,1,1,1,1,1,1,1,1,1,1,1,1,1,1,1,1,1,1,1,1,1,1,1,1,1,1,
1,1,1,1,1,1,1,1,4),(0.,0.0321584099938621),(14.3984001269718,15.3849294656359,
16.3714588042999,17.3579881429639,18.3445174816279,19.331046820292,20.317576158956,
21.30410549762,22.2906348362841,23.2771641749481,24.2636935136121,25.2502228522762,
26.2367521909402,27.2232815296042,28.2098108682683,29.1963402069323,30.1828695455963,
31.1693988842604,32.1559282229244,33.1424575615884,34.1289869002524,35.1155162389165,
36.1020455775805,37.0885749162445,38.0751042549086,39.0616335935726,40.0481629322366,
41.0346922709007,42.0212216095647,43.0077509482287,43.9942802868928,44.9808096255568,
45.9673389642208,46.9538683028848,47.9403976415489,48.9269269802129,49.9134563188769,
50.899985657541,51.886514996205,52.873044334869,53.8595736735331,54.8461030121971,
55.8326323508611,56.8191616895252,57.8056910281892,58.7922203668532,59.7787497055172,
60.7652790441813,61.7518083828453,62.7383377215093,63.7248670601734,64.7113963988374,
65.6979257375014,66.6844550761655),.UNSPECIFIED.);
#96=FACE_OUTER_BOUND('',#214,.T.);
#97=FACE_OUTER_BOUND('',#215,.T.);
#98=FACE_OUTER_BOUND('',#216,.T.);
#99=FACE_OUTER_BOUND('',#217,.T.);
#100=FACE_OUTER_BOUND('',#218,.T.);
#101=FACE_OUTER_BOUND('',#219,.T.);
#102=FACE_OUTER_BOUND('',#220,.T.);
#103=FACE_OUTER_BOUND('',#221,.T.);
#104=FACE_OUTER_BOUND('',#222,.T.);
#105=FACE_OUTER_BOUND('',#223,.T.);
#106=FACE_OUTER_BOUND('',#224,.T.);
#107=FACE_OUTER_BOUND('',#225,.T.);
#108=FACE_OUTER_BOUND('',#226,.T.);
#109=FACE_OUTER_BOUND('',#227,.T.);
#110=FACE_OUTER_BOUND('',#228,.T.);
#111=FACE_OUTER_BOUND('',#229,.T.);
#112=FACE_OUTER_BOUND('',#230,.T.);
#113=FACE_OUTER_BOUND('',#231,.T.);
#114=FACE_OUTER_BOUND('',#232,.T.);
#115=FACE_OUTER_BOUND('',#233,.T.);
#116=FACE_OUTER_BOUND('',#234,.T.);
#117=FACE_OUTER_BOUND('',#235,.T.);
#118=FACE_OUTER_BOUND('',#236,.T.);
#119=FACE_OUTER_BOUND('',#237,.T.);
#120=FACE_OUTER_BOUND('',#238,.T.);
#121=FACE_OUTER_BOUND('',#239,.T.);
#122=FACE_OUTER_BOUND('',#240,.T.);
#123=FACE_OUTER_BOUND('',#241,.T.);
#124=FACE_OUTER_BOUND('',#242,.T.);
#125=FACE_OUTER_BOUND('',#243,.T.);
#126=FACE_OUTER_BOUND('',#244,.T.);
#127=FACE_OUTER_BOUND('',#245,.T.);
#128=FACE_OUTER_BOUND('',#246,.T.);
#129=FACE_OUTER_BOUND('',#247,.T.);
#130=FACE_OUTER_BOUND('',#248,.T.);
#131=FACE_OUTER_BOUND('',#249,.T.);
#132=FACE_OUTER_BOUND('',#250,.T.);
#133=FACE_OUTER_BOUND('',#251,.T.);
#134=FACE_OUTER_BOUND('',#252,.T.);
#135=FACE_OUTER_BOUND('',#253,.T.);
#136=FACE_OUTER_BOUND('',#254,.T.);
#137=FACE_OUTER_BOUND('',#255,.T.);
#138=FACE_OUTER_BOUND('',#256,.T.);
#139=FACE_OUTER_BOUND('',#257,.T.);
#140=FACE_OUTER_BOUND('',#258,.T.);
#141=FACE_OUTER_BOUND('',#259,.T.);
#142=FACE_OUTER_BOUND('',#260,.T.);
#143=FACE_OUTER_BOUND('',#261,.T.);
#144=FACE_OUTER_BOUND('',#262,.T.);
#145=FACE_OUTER_BOUND('',#263,.T.);
#146=FACE_OUTER_BOUND('',#264,.T.);
#147=FACE_OUTER_BOUND('',#265,.T.);
#148=FACE_OUTER_BOUND('',#266,.T.);
#149=FACE_OUTER_BOUND('',#267,.T.);
#150=FACE_OUTER_BOUND('',#268,.T.);
#151=FACE_OUTER_BOUND('',#269,.T.);
#152=FACE_OUTER_BOUND('',#270,.T.);
#153=FACE_OUTER_BOUND('',#271,.T.);
#154=FACE_OUTER_BOUND('',#272,.T.);
#155=FACE_OUTER_BOUND('',#273,.T.);
#156=FACE_OUTER_BOUND('',#274,.T.);
#157=FACE_OUTER_BOUND('',#275,.T.);
#158=FACE_OUTER_BOUND('',#276,.T.);
#159=FACE_OUTER_BOUND('',#277,.T.);
#160=FACE_OUTER_BOUND('',#278,.T.);
#161=FACE_OUTER_BOUND('',#279,.T.);
#162=FACE_OUTER_BOUND('',#281,.T.);
#163=FACE_OUTER_BOUND('',#282,.T.);
#164=FACE_OUTER_BOUND('',#283,.T.);
#165=FACE_OUTER_BOUND('',#284,.T.);
#166=FACE_OUTER_BOUND('',#285,.T.);
#167=FACE_OUTER_BOUND('',#286,.T.);
#168=FACE_OUTER_BOUND('',#287,.T.);
#169=FACE_OUTER_BOUND('',#288,.T.);
#170=FACE_OUTER_BOUND('',#289,.T.);
#171=FACE_OUTER_BOUND('',#290,.T.);
#172=FACE_OUTER_BOUND('',#291,.T.);
#173=FACE_OUTER_BOUND('',#292,.T.);
#174=FACE_OUTER_BOUND('',#293,.T.);
#175=FACE_OUTER_BOUND('',#294,.T.);
#176=FACE_OUTER_BOUND('',#295,.T.);
#177=FACE_OUTER_BOUND('',#296,.T.);
#178=FACE_OUTER_BOUND('',#297,.T.);
#179=FACE_OUTER_BOUND('',#298,.T.);
#180=FACE_OUTER_BOUND('',#299,.T.);
#181=FACE_OUTER_BOUND('',#300,.T.);
#182=FACE_OUTER_BOUND('',#301,.T.);
#183=FACE_OUTER_BOUND('',#302,.T.);
#184=FACE_OUTER_BOUND('',#303,.T.);
#185=FACE_OUTER_BOUND('',#304,.T.);
#186=FACE_OUTER_BOUND('',#305,.T.);
#187=FACE_OUTER_BOUND('',#306,.T.);
#188=FACE_OUTER_BOUND('',#307,.T.);
#189=FACE_OUTER_BOUND('',#308,.T.);
#190=FACE_OUTER_BOUND('',#309,.T.);
#191=FACE_OUTER_BOUND('',#310,.T.);
#192=FACE_OUTER_BOUND('',#311,.T.);
#193=FACE_OUTER_BOUND('',#312,.T.);
#194=FACE_OUTER_BOUND('',#313,.T.);
#195=FACE_OUTER_BOUND('',#314,.T.);
#196=FACE_OUTER_BOUND('',#315,.T.);
#197=FACE_OUTER_BOUND('',#316,.T.);
#198=FACE_OUTER_BOUND('',#317,.T.);
#199=FACE_OUTER_BOUND('',#318,.T.);
#200=FACE_OUTER_BOUND('',#319,.T.);
#201=FACE_OUTER_BOUND('',#320,.T.);
#202=FACE_OUTER_BOUND('',#321,.T.);
#203=FACE_OUTER_BOUND('',#322,.T.);
#204=FACE_OUTER_BOUND('',#323,.T.);
#205=FACE_OUTER_BOUND('',#324,.T.);
#206=FACE_OUTER_BOUND('',#326,.T.);
#207=FACE_OUTER_BOUND('',#327,.T.);
#208=FACE_OUTER_BOUND('',#328,.T.);
#209=FACE_OUTER_BOUND('',#329,.T.);
#210=FACE_OUTER_BOUND('',#330,.T.);
#211=FACE_OUTER_BOUND('',#332,.T.);
#212=FACE_OUTER_BOUND('',#333,.T.);
#213=FACE_OUTER_BOUND('',#334,.T.);
#214=EDGE_LOOP('',(#1096,#1097,#1098,#1099));
#215=EDGE_LOOP('',(#1100,#1101,#1102,#1103));
#216=EDGE_LOOP('',(#1104,#1105,#1106,#1107));
#217=EDGE_LOOP('',(#1108,#1109,#1110,#1111));
#218=EDGE_LOOP('',(#1112,#1113,#1114,#1115));
#219=EDGE_LOOP('',(#1116,#1117,#1118,#1119));
#220=EDGE_LOOP('',(#1120,#1121,#1122,#1123));
#221=EDGE_LOOP('',(#1124,#1125,#1126,#1127));
#222=EDGE_LOOP('',(#1128,#1129,#1130,#1131));
#223=EDGE_LOOP('',(#1132,#1133,#1134,#1135));
#224=EDGE_LOOP('',(#1136,#1137,#1138,#1139));
#225=EDGE_LOOP('',(#1140,#1141,#1142,#1143));
#226=EDGE_LOOP('',(#1144,#1145,#1146,#1147));
#227=EDGE_LOOP('',(#1148,#1149,#1150,#1151));
#228=EDGE_LOOP('',(#1152,#1153,#1154,#1155));
#229=EDGE_LOOP('',(#1156,#1157,#1158,#1159));
#230=EDGE_LOOP('',(#1160,#1161,#1162,#1163));
#231=EDGE_LOOP('',(#1164,#1165,#1166,#1167));
#232=EDGE_LOOP('',(#1168,#1169,#1170,#1171));
#233=EDGE_LOOP('',(#1172,#1173,#1174,#1175));
#234=EDGE_LOOP('',(#1176,#1177,#1178,#1179));
#235=EDGE_LOOP('',(#1180,#1181,#1182,#1183));
#236=EDGE_LOOP('',(#1184,#1185,#1186,#1187));
#237=EDGE_LOOP('',(#1188,#1189,#1190,#1191));
#238=EDGE_LOOP('',(#1192,#1193,#1194,#1195));
#239=EDGE_LOOP('',(#1196,#1197,#1198,#1199));
#240=EDGE_LOOP('',(#1200,#1201,#1202,#1203));
#241=EDGE_LOOP('',(#1204,#1205,#1206,#1207));
#242=EDGE_LOOP('',(#1208,#1209,#1210,#1211));
#243=EDGE_LOOP('',(#1212,#1213,#1214,#1215));
#244=EDGE_LOOP('',(#1216,#1217,#1218,#1219));
#245=EDGE_LOOP('',(#1220,#1221,#1222,#1223));
#246=EDGE_LOOP('',(#1224,#1225,#1226,#1227));
#247=EDGE_LOOP('',(#1228,#1229,#1230,#1231));
#248=EDGE_LOOP('',(#1232,#1233,#1234,#1235));
#249=EDGE_LOOP('',(#1236,#1237,#1238,#1239));
#250=EDGE_LOOP('',(#1240,#1241,#1242,#1243));
#251=EDGE_LOOP('',(#1244,#1245,#1246,#1247));
#252=EDGE_LOOP('',(#1248,#1249,#1250,#1251));
#253=EDGE_LOOP('',(#1252,#1253,#1254,#1255));
#254=EDGE_LOOP('',(#1256,#1257,#1258,#1259));
#255=EDGE_LOOP('',(#1260,#1261,#1262,#1263));
#256=EDGE_LOOP('',(#1264,#1265,#1266,#1267));
#257=EDGE_LOOP('',(#1268,#1269,#1270,#1271));
#258=EDGE_LOOP('',(#1272,#1273,#1274,#1275));
#259=EDGE_LOOP('',(#1276,#1277,#1278,#1279,#1280));
#260=EDGE_LOOP('',(#1281,#1282,#1283,#1284));
#261=EDGE_LOOP('',(#1285,#1286,#1287,#1288));
#262=EDGE_LOOP('',(#1289,#1290,#1291,#1292));
#263=EDGE_LOOP('',(#1293,#1294,#1295,#1296));
#264=EDGE_LOOP('',(#1297,#1298,#1299,#1300));
#265=EDGE_LOOP('',(#1301,#1302,#1303,#1304));
#266=EDGE_LOOP('',(#1305,#1306,#1307,#1308));
#267=EDGE_LOOP('',(#1309,#1310,#1311,#1312,#1313));
#268=EDGE_LOOP('',(#1314,#1315,#1316,#1317));
#269=EDGE_LOOP('',(#1318,#1319,#1320,#1321));
#270=EDGE_LOOP('',(#1322,#1323,#1324,#1325));
#271=EDGE_LOOP('',(#1326,#1327,#1328,#1329));
#272=EDGE_LOOP('',(#1330,#1331,#1332,#1333));
#273=EDGE_LOOP('',(#1334,#1335,#1336,#1337));
#274=EDGE_LOOP('',(#1338,#1339,#1340,#1341));
#275=EDGE_LOOP('',(#1342,#1343,#1344,#1345));
#276=EDGE_LOOP('',(#1346,#1347,#1348,#1349));
#277=EDGE_LOOP('',(#1350,#1351,#1352,#1353));
#278=EDGE_LOOP('',(#1354,#1355,#1356,#1357));
#279=EDGE_LOOP('',(#1358,#1359,#1360,#1361,#1362,#1363,#1364,#1365,#1366,
#1367,#1368,#1369,#1370,#1371,#1372,#1373,#1374,#1375,#1376,#1377,#1378,
#1379,#1380,#1381,#1382,#1383,#1384,#1385,#1386,#1387));
#280=EDGE_LOOP('',(#1388));
#281=EDGE_LOOP('',(#1389,#1390,#1391,#1392));
#282=EDGE_LOOP('',(#1393,#1394,#1395,#1396));
#283=EDGE_LOOP('',(#1397,#1398,#1399,#1400));
#284=EDGE_LOOP('',(#1401,#1402,#1403,#1404));
#285=EDGE_LOOP('',(#1405,#1406,#1407,#1408));
#286=EDGE_LOOP('',(#1409,#1410,#1411,#1412));
#287=EDGE_LOOP('',(#1413,#1414,#1415,#1416));
#288=EDGE_LOOP('',(#1417,#1418,#1419,#1420));
#289=EDGE_LOOP('',(#1421,#1422,#1423,#1424));
#290=EDGE_LOOP('',(#1425,#1426,#1427,#1428));
#291=EDGE_LOOP('',(#1429,#1430,#1431,#1432));
#292=EDGE_LOOP('',(#1433,#1434,#1435,#1436));
#293=EDGE_LOOP('',(#1437,#1438,#1439,#1440));
#294=EDGE_LOOP('',(#1441,#1442,#1443,#1444));
#295=EDGE_LOOP('',(#1445,#1446,#1447,#1448));
#296=EDGE_LOOP('',(#1449,#1450,#1451,#1452));
#297=EDGE_LOOP('',(#1453,#1454,#1455,#1456));
#298=EDGE_LOOP('',(#1457,#1458,#1459,#1460));
#299=EDGE_LOOP('',(#1461,#1462,#1463,#1464));
#300=EDGE_LOOP('',(#1465,#1466,#1467,#1468));
#301=EDGE_LOOP('',(#1469,#1470,#1471,#1472));
#302=EDGE_LOOP('',(#1473,#1474,#1475,#1476));
#303=EDGE_LOOP('',(#1477,#1478,#1479,#1480));
#304=EDGE_LOOP('',(#1481,#1482,#1483,#1484));
#305=EDGE_LOOP('',(#1485,#1486,#1487,#1488));
#306=EDGE_LOOP('',(#1489,#1490,#1491,#1492));
#307=EDGE_LOOP('',(#1493,#1494,#1495,#1496));
#308=EDGE_LOOP('',(#1497,#1498,#1499,#1500));
#309=EDGE_LOOP('',(#1501,#1502,#1503,#1504));
#310=EDGE_LOOP('',(#1505,#1506,#1507,#1508));
#311=EDGE_LOOP('',(#1509,#1510,#1511,#1512));
#312=EDGE_LOOP('',(#1513,#1514,#1515,#1516));
#313=EDGE_LOOP('',(#1517,#1518,#1519,#1520));
#314=EDGE_LOOP('',(#1521,#1522,#1523,#1524));
#315=EDGE_LOOP('',(#1525,#1526,#1527,#1528));
#316=EDGE_LOOP('',(#1529,#1530,#1531,#1532));
#317=EDGE_LOOP('',(#1533,#1534,#1535,#1536,#1537));
#318=EDGE_LOOP('',(#1538,#1539,#1540,#1541));
#319=EDGE_LOOP('',(#1542,#1543,#1544,#1545));
#320=EDGE_LOOP('',(#1546,#1547,#1548,#1549));
#321=EDGE_LOOP('',(#1550,#1551,#1552,#1553,#1554,#1555,#1556,#1557));
#322=EDGE_LOOP('',(#1558,#1559,#1560,#1561));
#323=EDGE_LOOP('',(#1562,#1563,#1564,#1565,#1566,#1567,#1568,#1569,#1570,
#1571,#1572,#1573,#1574,#1575,#1576,#1577,#1578,#1579,#1580,#1581));
#324=EDGE_LOOP('',(#1582));
#325=EDGE_LOOP('',(#1583));
#326=EDGE_LOOP('',(#1584,#1585,#1586,#1587,#1588,#1589,#1590,#1591));
#327=EDGE_LOOP('',(#1592,#1593,#1594,#1595,#1596,#1597,#1598,#1599,#1600,
#1601,#1602,#1603,#1604,#1605,#1606,#1607,#1608,#1609,#1610,#1611));
#328=EDGE_LOOP('',(#1612,#1613,#1614,#1615,#1616));
#329=EDGE_LOOP('',(#1617,#1618,#1619,#1620,#1621));
#330=EDGE_LOOP('',(#1622));
#331=EDGE_LOOP('',(#1623));
#332=EDGE_LOOP('',(#1624,#1625,#1626,#1627,#1628,#1629,#1630,#1631,#1632,
#1633,#1634,#1635,#1636,#1637));
#333=EDGE_LOOP('',(#1638,#1639,#1640,#1641,#1642,#1643,#1644,#1645,#1646,
#1647,#1648,#1649,#1650,#1651,#1652,#1653,#1654,#1655,#1656,#1657,#1658,
#1659,#1660,#1661));
#334=EDGE_LOOP('',(#1662,#1663,#1664,#1665));
#335=CIRCLE('',#1839,1.2645);
#336=CIRCLE('',#1846,1.2645);
#337=CIRCLE('',#1848,1.543);
#338=CIRCLE('',#1856,1.543);
#339=CIRCLE('',#1858,2.5);
#340=CIRCLE('',#1859,2.);
#341=CIRCLE('',#1861,2.5);
#342=CIRCLE('',#1862,2.5);
#343=CIRCLE('',#1864,2.5);
#344=CIRCLE('',#1866,2.);
#345=CIRCLE('',#1868,2.);
#346=CIRCLE('',#1870,2.5);
#347=CIRCLE('',#1871,2.5);
#348=CIRCLE('',#1873,2.);
#349=CIRCLE('',#1875,2.);
#350=CIRCLE('',#1877,2.5);
#351=CIRCLE('',#1878,2.5);
#352=CIRCLE('',#1880,2.);
#353=CIRCLE('',#1882,2.);
#354=CIRCLE('',#1884,2.5);
#355=CIRCLE('',#1885,2.5);
#356=CIRCLE('',#1887,2.);
#357=CIRCLE('',#1889,2.);
#358=CIRCLE('',#1891,2.5);
#359=CIRCLE('',#1892,2.5);
#360=CIRCLE('',#1894,2.);
#361=CIRCLE('',#1896,2.);
#362=CIRCLE('',#1898,2.5);
#363=CIRCLE('',#1899,2.5);
#364=CIRCLE('',#1901,2.);
#365=CIRCLE('',#1902,2.);
#366=CIRCLE('',#1904,2.);
#367=CIRCLE('',#1906,2.5);
#368=CIRCLE('',#1907,2.5);
#369=CIRCLE('',#1909,2.);
#370=CIRCLE('',#1911,2.);
#371=CIRCLE('',#1912,2.);
#372=CIRCLE('',#1914,2.5);
#373=CIRCLE('',#1915,2.5);
#374=CIRCLE('',#1917,2.);
#375=CIRCLE('',#1919,2.);
#376=CIRCLE('',#1921,2.5);
#377=CIRCLE('',#1922,2.5);
#378=CIRCLE('',#1924,2.);
#379=CIRCLE('',#1926,2.5);
#380=CIRCLE('',#1927,2.5);
#381=CIRCLE('',#1928,2.5);
#382=CIRCLE('',#1929,2.5);
#383=CIRCLE('',#1930,2.5);
#384=CIRCLE('',#1931,2.5);
#385=CIRCLE('',#1932,2.5);
#386=CIRCLE('',#1933,2.5);
#387=CIRCLE('',#1934,2.5);
#388=CIRCLE('',#1935,2.5);
#389=CIRCLE('',#1936,1.5645);
#390=CIRCLE('',#1938,2.5);
#391=CIRCLE('',#1940,2.);
#392=CIRCLE('',#1942,2.);
#393=CIRCLE('',#1944,2.5);
#394=CIRCLE('',#1946,2.);
#395=CIRCLE('',#1948,2.5);
#396=CIRCLE('',#1950,2.);
#397=CIRCLE('',#1952,2.5);
#398=CIRCLE('',#1954,2.);
#399=CIRCLE('',#1956,2.5);
#400=CIRCLE('',#1958,2.);
#401=CIRCLE('',#1960,2.5);
#402=CIRCLE('',#1962,2.);
#403=CIRCLE('',#1964,2.5);
#404=CIRCLE('',#1966,2.);
#405=CIRCLE('',#1968,2.5);
#406=CIRCLE('',#1970,2.);
#407=CIRCLE('',#1972,2.5);
#408=CIRCLE('',#1974,2.5);
#409=CIRCLE('',#1976,2.);
#410=CIRCLE('',#1978,2.);
#411=CIRCLE('',#1979,2.);
#412=CIRCLE('',#1981,2.);
#413=CIRCLE('',#1983,1.5645);
#414=CIRCLE('',#1986,2.025);
#415=CIRCLE('',#1989,2.125);
#416=CIRCLE('',#1990,2.125);
#417=CIRCLE('',#1992,2.125);
#418=CIRCLE('',#1994,2.);
#419=B_SPLINE_CURVE_WITH_KNOTS('',3,(#2347,#2348,#2349,#2350),
 .UNSPECIFIED.,.F.,.F.,(4,4),(-3.85260200436961,-3.76991118430776),
 .UNSPECIFIED.);
#420=B_SPLINE_CURVE_WITH_KNOTS('',3,(#2353,#2354,#2355,#2356,#2357,#2358,
#2359,#2360,#2361,#2362),.UNSPECIFIED.,.F.,.F.,(4,3,3,4),(5.79048367606467,
5.91917603198419,6.90570537064822,7.59274844815668),.UNSPECIFIED.);
#421=B_SPLINE_CURVE_WITH_KNOTS('',3,(#2367,#2368,#2369,#2370,#2371,#2372,
#2373,#2374,#2375,#2376,#2377,#2378,#2379,#2380,#2381,#2382,#2383,#2384,
#2385,#2386,#2387,#2388,#2389,#2390,#2391),.UNSPECIFIED.,.F.,.F.,(4,3,3,
3,3,3,3,3,4),(-10.1357873115492,-9.8652933866403,-8.87876404797627,-7.89223470931224,
-6.90570537064822,-5.91917603198418,-4.93264669332015,-3.94611735465612,
-3.85260200436961),.UNSPECIFIED.);
#422=B_SPLINE_CURVE_WITH_KNOTS('',3,(#2392,#2393,#2394,#2395,#2396,#2397,
#2398,#2399,#2400,#2401,#2402,#2403,#2404,#2405,#2406,#2407,#2408,#2409,
#2410,#2411,#2412,#2413,#2414,#2415,#2416),.UNSPECIFIED.,.F.,.F.,(4,3,3,
3,3,3,3,3,4),(7.59274844815668,7.89223470931225,8.87876404797628,9.86529338664031,
10.8518227253043,11.8383520639684,12.8248814026324,13.8114107412964,13.8759337553363),
 .UNSPECIFIED.);
#423=B_SPLINE_CURVE_WITH_KNOTS('',3,(#2421,#2422,#2423,#2424,#2425,#2426,
#2427,#2428,#2429,#2430,#2431,#2432,#2433,#2434,#2435,#2436,#2437,#2438,
#2439,#2440,#2441,#2442),.UNSPECIFIED.,.F.,.F.,(4,3,3,3,3,3,3,4),(-16.4189726187288,
-15.7844694186245,-14.7979400799605,-13.8114107412964,-12.8248814026324,
-11.8383520639684,-10.8518227253043,-10.1357873115492),.UNSPECIFIED.);
#424=B_SPLINE_CURVE_WITH_KNOTS('',3,(#2443,#2444,#2445,#2446,#2447,#2448,
#2449,#2450,#2451,#2452,#2453,#2454,#2455,#2456,#2457,#2458,#2459,#2460,
#2461,#2462,#2463,#2464),.UNSPECIFIED.,.F.,.F.,(4,3,3,3,3,3,3,4),(13.8759337553363,
14.7979400799605,15.7844694186245,16.7709987572885,17.7575280959526,18.7440574346166,
19.7305867732806,20.1591190625159),.UNSPECIFIED.);
#425=B_SPLINE_CURVE_WITH_KNOTS('',3,(#2469,#2470,#2471,#2472,#2473,#2474,
#2475,#2476,#2477,#2478,#2479,#2480,#2481,#2482,#2483,#2484,#2485,#2486,
#2487,#2488,#2489,#2490,#2491,#2492,#2493),.UNSPECIFIED.,.F.,.F.,(4,3,3,
3,3,3,3,3,4),(-22.7021579259084,-22.6901747892727,-21.7036454506087,-20.7171161119446,
-19.7305867732806,-18.7440574346166,-17.7575280959525,-16.7709987572885,
-16.4189726187288),.UNSPECIFIED.);
#426=B_SPLINE_CURVE_WITH_KNOTS('',3,(#2494,#2495,#2496,#2497,#2498,#2499,
#2500,#2501,#2502,#2503,#2504,#2505,#2506,#2507,#2508,#2509,#2510,#2511,
#2512,#2513,#2514,#2515),.UNSPECIFIED.,.F.,.F.,(4,3,3,3,3,3,3,4),(20.1591190625159,
20.7171161119447,21.7036454506087,22.6901747892727,23.6767041279367,24.6632334666008,
25.6497628052648,26.4423043696954),.UNSPECIFIED.);
#427=B_SPLINE_CURVE_WITH_KNOTS('',3,(#2520,#2521,#2522,#2523,#2524,#2525,
#2526,#2527,#2528,#2529,#2530,#2531,#2532,#2533,#2534,#2535,#2536,#2537,
#2538,#2539,#2540,#2541),.UNSPECIFIED.,.F.,.F.,(4,3,3,3,3,3,3,4),(-28.9853432330879,
-28.6093508212569,-27.6228214825929,-26.6362921439288,-25.6497628052648,
-24.6632334666008,-23.6767041279367,-22.7021579259084),.UNSPECIFIED.);
#428=B_SPLINE_CURVE_WITH_KNOTS('',3,(#2542,#2543,#2544,#2545,#2546,#2547,
#2548,#2549,#2550,#2551,#2552,#2553,#2554,#2555,#2556,#2557,#2558,#2559,
#2560,#2561,#2562,#2563,#2564,#2565,#2566),.UNSPECIFIED.,.F.,.F.,(4,3,3,
3,3,3,3,3,4),(26.4423043696954,26.6362921439288,27.6228214825929,28.6093508212569,
29.5958801599209,30.582409498585,31.568938837249,32.555468175913,32.725489676875),
 .UNSPECIFIED.);
#429=B_SPLINE_CURVE_WITH_KNOTS('',3,(#2571,#2572,#2573,#2574,#2575,#2576,
#2577,#2578,#2579,#2580,#2581,#2582,#2583,#2584,#2585,#2586,#2587,#2588,
#2589,#2590,#2591,#2592),.UNSPECIFIED.,.F.,.F.,(4,3,3,3,3,3,3,4),(-35.2685285402675,
-34.5285268532411,-33.541997514577,-32.555468175913,-31.568938837249,-30.582409498585,
-29.5958801599209,-28.9853432330879),.UNSPECIFIED.);
#430=B_SPLINE_CURVE_WITH_KNOTS('',3,(#2593,#2594,#2595,#2596,#2597,#2598,
#2599,#2600,#2601,#2602,#2603,#2604,#2605,#2606,#2607,#2608,#2609,#2610,
#2611,#2612,#2613,#2614),.UNSPECIFIED.,.F.,.F.,(4,3,3,3,3,3,3,4),(32.725489676875,
33.541997514577,34.5285268532411,35.5150561919051,36.5015855305691,37.4881148692332,
38.4746442078972,39.0086749840546),.UNSPECIFIED.);
#431=B_SPLINE_CURVE_WITH_KNOTS('',3,(#2620,#2621,#2622,#2623,#2624,#2625,
#2626,#2627,#2628,#2629,#2630,#2631,#2632,#2633,#2634,#2635),
 .UNSPECIFIED.,.F.,.F.,(4,3,3,3,3,4),(45.2918602912342,45.3803495785454,
46.3668789172095,47.3534082558735,48.3399375945375,48.5161437648859),
 .UNSPECIFIED.);
#432=B_SPLINE_CURVE_WITH_KNOTS('',3,(#2638,#2639,#2640,#2641,#2642,#2643,
#2644,#2645,#2646,#2647,#2648,#2649,#2650,#2651,#2652,#2653,#2654,#2655,
#2656),.UNSPECIFIED.,.F.,.F.,(4,3,3,3,3,3,4),(-46.4955712731289,-46.3668789172094,
-45.3803495785454,-44.3938202398814,-43.4072909012174,-42.4207615625533,
-41.5517138474471),.UNSPECIFIED.);
#433=B_SPLINE_CURVE_WITH_KNOTS('',3,(#2662,#2663,#2664,#2665,#2666,#2667,
#2668,#2669),.UNSPECIFIED.,.F.,.F.,(4,1,1,1,1,4),(59.6902604182061,60.1952988581168,
61.1818281967808,62.1683575354449,63.1548868741089,63.8712392445642),
 .UNSPECIFIED.);
#434=B_SPLINE_CURVE_WITH_KNOTS('',3,(#2672,#2673,#2674,#2675,#2676,#2677,
#2678,#2679,#2680),.UNSPECIFIED.,.F.,.F.,(4,1,1,1,1,1,4),(59.6902604182061,
59.7787497055172,60.7652790441813,61.7518083828453,62.7383377215093,63.7248670601734,
64.3937056161998),.UNSPECIFIED.);
#435=B_SPLINE_CURVE_WITH_KNOTS('',3,(#2685,#2686,#2687,#2688,#2689,#2690,
#2691,#2692,#2693,#2694),.UNSPECIFIED.,.F.,.F.,(4,1,1,1,1,1,1,4),(53.4070751110265,
54.2761228261326,55.2626521647967,56.2491815034607,57.2357108421247,58.2222401807888,
59.2087695194528,59.6902604182061),.UNSPECIFIED.);
#436=B_SPLINE_CURVE_WITH_KNOTS('',3,(#2695,#2696,#2697,#2698,#2699,#2700,
#2701,#2702,#2703,#2704),.UNSPECIFIED.,.F.,.F.,(4,1,1,1,1,1,1,4),(53.4070751110265,
53.8595736735331,54.8461030121971,55.8326323508611,56.8191616895252,57.8056910281892,
58.7922203668532,59.6902604182061),.UNSPECIFIED.);
#437=B_SPLINE_CURVE_WITH_KNOTS('',3,(#2709,#2710,#2711,#2712,#2713,#2714,
#2715,#2716,#2717,#2718,#2719),.UNSPECIFIED.,.F.,.F.,(4,1,1,1,1,1,1,1,4),
(47.1238898038469,47.3704174554844,48.3569467941485,49.3434761328125,50.3300054714765,
51.3165348101405,52.3030641488046,53.2895934874686,53.4070751110265),
 .UNSPECIFIED.);
#438=B_SPLINE_CURVE_WITH_KNOTS('',3,(#2720,#2721,#2722,#2723,#2724,#2725,
#2726,#2727,#2728,#2729),.UNSPECIFIED.,.F.,.F.,(4,1,1,1,1,1,1,4),(47.1238898038469,
47.9403976415489,48.9269269802129,49.9134563188769,50.899985657541,51.886514996205,
52.873044334869,53.4070751110265),.UNSPECIFIED.);
#439=B_SPLINE_CURVE_WITH_KNOTS('',3,(#2734,#2735,#2736,#2737,#2738,#2739,
#2740,#2741,#2742,#2743),.UNSPECIFIED.,.F.,.F.,(4,1,1,1,1,1,1,4),(40.8407044966673,
41.4512414235002,42.4377707621643,43.4243001008283,44.4108294394923,45.3973587781564,
46.3838881168204,47.1238898038469),.UNSPECIFIED.);
#440=B_SPLINE_CURVE_WITH_KNOTS('',3,(#2744,#2745,#2746,#2747,#2748,#2749,
#2750,#2751,#2752,#2753,#2754),.UNSPECIFIED.,.F.,.F.,(4,1,1,1,1,1,1,1,4),
(40.8407044966673,41.0346922709007,42.0212216095647,43.0077509482287,43.9942802868928,
44.9808096255568,45.9673389642208,46.9538683028848,47.1238898038469),
 .UNSPECIFIED.);
#441=B_SPLINE_CURVE_WITH_KNOTS('',3,(#2759,#2760,#2761,#2762,#2763,#2764,
#2765,#2766,#2767,#2768),.UNSPECIFIED.,.F.,.F.,(4,1,1,1,1,1,1,4),(34.5575191894877,
35.5320653915161,36.5185947301801,37.5051240688441,38.4916534075081,39.4781827461722,
40.4647120848362,40.8407044966673),.UNSPECIFIED.);
#442=B_SPLINE_CURVE_WITH_KNOTS('',3,(#2769,#2770,#2771,#2772,#2773,#2774,
#2775,#2776,#2777,#2778),.UNSPECIFIED.,.F.,.F.,(4,1,1,1,1,1,1,4),(34.5575191894877,
35.1155162389165,36.1020455775805,37.0885749162445,38.0751042549086,39.0616335935726,
40.0481629322366,40.8407044966673),.UNSPECIFIED.);
#443=B_SPLINE_CURVE_WITH_KNOTS('',3,(#2783,#2784,#2785,#2786,#2787,#2788,
#2789,#2790,#2791,#2792,#2793),.UNSPECIFIED.,.F.,.F.,(4,1,1,1,1,1,1,1,4),
(28.2743338823081,28.6263600208678,29.6128893595319,30.5994186981959,31.5859480368599,
32.572477375524,33.559006714188,34.545536052852,34.5575191894877),
 .UNSPECIFIED.);
#444=B_SPLINE_CURVE_WITH_KNOTS('',3,(#2794,#2795,#2796,#2797,#2798,#2799,
#2800,#2801,#2802,#2803),.UNSPECIFIED.,.F.,.F.,(4,1,1,1,1,1,1,4),(28.2743338823081,
29.1963402069323,30.1828695455963,31.1693988842604,32.1559282229244,33.1424575615884,
34.1289869002524,34.5575191894877),.UNSPECIFIED.);
#445=B_SPLINE_CURVE_WITH_KNOTS('',3,(#2808,#2809,#2810,#2811,#2812,#2813,
#2814,#2815,#2816,#2817),.UNSPECIFIED.,.F.,.F.,(4,1,1,1,1,1,1,4),(21.9911485751285,
22.7071839888837,23.6937133275477,24.6802426662117,25.6667720048758,26.6533013435398,
27.6398306822038,28.2743338823081),.UNSPECIFIED.);
#446=B_SPLINE_CURVE_WITH_KNOTS('',3,(#2818,#2819,#2820,#2821,#2822,#2823,
#2824,#2825,#2826,#2827,#2828),.UNSPECIFIED.,.F.,.F.,(4,1,1,1,1,1,1,1,4),
(21.9911485751285,22.2906348362841,23.2771641749481,24.2636935136121,25.2502228522762,
26.2367521909402,27.2232815296042,28.2098108682683,28.2743338823081),
 .UNSPECIFIED.);
#447=B_SPLINE_CURVE_WITH_KNOTS('',3,(#2834,#2835,#2836,#2837,#2838),
 .UNSPECIFIED.,.F.,.F.,(4,1,4),(14.6685770951805,15.3849294656359,15.7079632679489),
 .UNSPECIFIED.);
#448=B_SPLINE_CURVE_WITH_KNOTS('',3,(#2841,#2842,#2843,#2844,#2845),
 .UNSPECIFIED.,.F.,.F.,(4,1,4),(14.146110723545,14.8149492795714,15.7079632679489),
 .UNSPECIFIED.);
#449=B_SPLINE_CURVE_WITH_KNOTS('',3,(#2864,#2865,#2866,#2867,#2868,#2869),
 .UNSPECIFIED.,.F.,.F.,(4,2,4),(0.,0.0298843704675155,0.071911698325282),
 .UNSPECIFIED.);
#450=B_SPLINE_CURVE_WITH_KNOTS('',3,(#2871,#2872,#2873,#2874),
 .UNSPECIFIED.,.F.,.F.,(4,4),(0.,0.14),.UNSPECIFIED.);
#451=B_SPLINE_CURVE_WITH_KNOTS('',3,(#2876,#2877,#2878,#2879),
 .UNSPECIFIED.,.F.,.F.,(4,4),(-0.0736390603138525,0.),.UNSPECIFIED.);
#452=B_SPLINE_CURVE_WITH_KNOTS('',3,(#2880,#2881,#2882,#2883),
 .UNSPECIFIED.,.F.,.F.,(4,4),(-0.0899915020388128,0.),.UNSPECIFIED.);
#453=B_SPLINE_CURVE_WITH_KNOTS('',3,(#2901,#2902,#2903,#2904,#2905,#2906,
#2907,#2908,#2909,#2910,#2911,#2912,#2913,#2914,#2915,#2916),
 .UNSPECIFIED.,.F.,.F.,(4,3,3,3,3,4),(0.,0.0332093283738536,0.0624163210579972,
0.0900645201428015,0.117086973763841,0.136873124020365),.UNSPECIFIED.);
#454=B_SPLINE_CURVE_WITH_KNOTS('',3,(#2918,#2919,#2920,#2921),
 .UNSPECIFIED.,.F.,.F.,(4,4),(0.,0.0899915020388127),.UNSPECIFIED.);
#455=B_SPLINE_CURVE_WITH_KNOTS('',3,(#2922,#2923,#2924,#2925),
 .UNSPECIFIED.,.F.,.F.,(4,4),(-0.0736390603138527,0.),.UNSPECIFIED.);
#456=B_SPLINE_CURVE_WITH_KNOTS('',3,(#2930,#2931,#2932,#2933),
 .UNSPECIFIED.,.F.,.F.,(4,4),(-0.0736390603138525,0.),.UNSPECIFIED.);
#457=B_SPLINE_CURVE_WITH_KNOTS('',3,(#2939,#2940,#2941,#2942),
 .UNSPECIFIED.,.F.,.F.,(4,4),(0.,0.0899915020388126),.UNSPECIFIED.);
#458=B_SPLINE_CURVE_WITH_KNOTS('',3,(#2947,#2948,#2949,#2950),
 .UNSPECIFIED.,.F.,.F.,(4,4),(-0.0899915020388127,0.),.UNSPECIFIED.);
#459=B_SPLINE_CURVE_WITH_KNOTS('',3,(#2953,#2954,#2955,#2956,#2957,#2958,
#2959,#2960,#2961,#2962,#2963,#2964,#2965,#2966,#2967,#2968),
 .UNSPECIFIED.,.F.,.F.,(4,3,3,3,3,4),(0.,0.033209328373861,0.0624163210579974,
0.0900645201428216,0.117086973763873,0.136873124020367),.UNSPECIFIED.);
#460=B_SPLINE_CURVE_WITH_KNOTS('',3,(#2987,#2988,#2989,#2990,#2991,#2992),
 .UNSPECIFIED.,.F.,.F.,(4,2,4),(0.,0.0298843704675153,0.0719116983252813),
 .UNSPECIFIED.);
#461=B_SPLINE_CURVE_WITH_KNOTS('',3,(#2994,#2995,#2996,#2997),
 .UNSPECIFIED.,.F.,.F.,(4,4),(0.,0.14),.UNSPECIFIED.);
#462=B_SPLINE_CURVE_WITH_KNOTS('',3,(#2999,#3000,#3001,#3002),
 .UNSPECIFIED.,.F.,.F.,(4,4),(-0.0736390603138525,0.),.UNSPECIFIED.);
#463=B_SPLINE_CURVE_WITH_KNOTS('',3,(#3003,#3004,#3005,#3006),
 .UNSPECIFIED.,.F.,.F.,(4,4),(-0.0899915020388127,0.),.UNSPECIFIED.);
#464=B_SPLINE_CURVE_WITH_KNOTS('',3,(#3023,#3024,#3025,#3026),
 .UNSPECIFIED.,.F.,.F.,(4,4),(-0.0736390603138527,0.),.UNSPECIFIED.);
#465=B_SPLINE_CURVE_WITH_KNOTS('',3,(#3033,#3034,#3035,#3036),
 .UNSPECIFIED.,.F.,.F.,(4,4),(0.,0.0899915020388126),.UNSPECIFIED.);
#466=B_SPLINE_CURVE_WITH_KNOTS('',3,(#3040,#3041,#3042,#3043,#3044,#3045,
#3046,#3047,#3048,#3049,#3050,#3051,#3052,#3053,#3054,#3055),
 .UNSPECIFIED.,.F.,.F.,(4,3,3,3,3,4),(0.,0.0332093283738131,0.0624163210579961,
0.0900645201428059,0.117086973763839,0.136873124020363),.UNSPECIFIED.);
#467=B_SPLINE_CURVE_WITH_KNOTS('',3,(#3074,#3075,#3076,#3077,#3078,#3079),
 .UNSPECIFIED.,.F.,.F.,(4,2,4),(0.,0.0298843704675149,0.0719116983252794),
 .UNSPECIFIED.);
#468=B_SPLINE_CURVE_WITH_KNOTS('',3,(#3081,#3082,#3083,#3084),
 .UNSPECIFIED.,.F.,.F.,(4,4),(0.,0.14),.UNSPECIFIED.);
#469=B_SPLINE_CURVE_WITH_KNOTS('',3,(#3086,#3087,#3088,#3089),
 .UNSPECIFIED.,.F.,.F.,(4,4),(-0.0736390603138525,0.),.UNSPECIFIED.);
#470=B_SPLINE_CURVE_WITH_KNOTS('',3,(#3090,#3091,#3092,#3093),
 .UNSPECIFIED.,.F.,.F.,(4,4),(-0.0899915020388127,0.),.UNSPECIFIED.);
#471=B_SPLINE_CURVE_WITH_KNOTS('',3,(#3110,#3111,#3112,#3113),
 .UNSPECIFIED.,.F.,.F.,(4,4),(-0.0736390603138527,0.),.UNSPECIFIED.);
#472=B_SPLINE_CURVE_WITH_KNOTS('',3,(#3120,#3121,#3122,#3123),
 .UNSPECIFIED.,.F.,.F.,(4,4),(0.,0.0899915020388126),.UNSPECIFIED.);
#473=B_SPLINE_CURVE_WITH_KNOTS('',3,(#3127,#3128,#3129,#3130,#3131,#3132,
#3133,#3134,#3135,#3136,#3137,#3138,#3139,#3140,#3141,#3142),
 .UNSPECIFIED.,.F.,.F.,(4,3,3,3,3,4),(0.,0.0332093283738591,0.0624163210579972,
0.0900645201428183,0.117086973763848,0.136873124020366),.UNSPECIFIED.);
#474=B_SPLINE_CURVE_WITH_KNOTS('',3,(#3161,#3162,#3163,#3164,#3165,#3166),
 .UNSPECIFIED.,.F.,.F.,(4,2,4),(0.,0.0298843704675149,0.0719116983252789),
 .UNSPECIFIED.);
#475=B_SPLINE_CURVE_WITH_KNOTS('',3,(#3168,#3169,#3170,#3171),
 .UNSPECIFIED.,.F.,.F.,(4,4),(0.,0.14),.UNSPECIFIED.);
#476=B_SPLINE_CURVE_WITH_KNOTS('',3,(#3173,#3174,#3175,#3176),
 .UNSPECIFIED.,.F.,.F.,(4,4),(-0.0736390603138525,0.),.UNSPECIFIED.);
#477=B_SPLINE_CURVE_WITH_KNOTS('',3,(#3177,#3178,#3179,#3180),
 .UNSPECIFIED.,.F.,.F.,(4,4),(-0.0899915020388128,0.),.UNSPECIFIED.);
#478=B_SPLINE_CURVE_WITH_KNOTS('',3,(#3197,#3198,#3199,#3200),
 .UNSPECIFIED.,.F.,.F.,(4,4),(-0.0736390603138527,0.),.UNSPECIFIED.);
#479=B_SPLINE_CURVE_WITH_KNOTS('',3,(#3207,#3208,#3209,#3210),
 .UNSPECIFIED.,.F.,.F.,(4,4),(0.,0.0899915020388126),.UNSPECIFIED.);
#480=B_SPLINE_CURVE_WITH_KNOTS('',3,(#3214,#3215,#3216,#3217,#3218,#3219,
#3220,#3221,#3222,#3223,#3224,#3225,#3226,#3227,#3228,#3229),
 .UNSPECIFIED.,.F.,.F.,(4,3,3,3,3,4),(0.,0.0332093283737888,0.0624163210579958,
0.090064520142825,0.117086973763872,0.136873124020363),.UNSPECIFIED.);
#481=B_SPLINE_CURVE_WITH_KNOTS('',3,(#3248,#3249,#3250,#3251,#3252,#3253),
 .UNSPECIFIED.,.F.,.F.,(4,2,4),(0.,0.0298843704675147,0.0719116983252776),
 .UNSPECIFIED.);
#482=B_SPLINE_CURVE_WITH_KNOTS('',3,(#3255,#3256,#3257,#3258),
 .UNSPECIFIED.,.F.,.F.,(4,4),(0.,0.14),.UNSPECIFIED.);
#483=B_SPLINE_CURVE_WITH_KNOTS('',3,(#3260,#3261,#3262,#3263),
 .UNSPECIFIED.,.F.,.F.,(4,4),(-0.0736390603138525,0.),.UNSPECIFIED.);
#484=B_SPLINE_CURVE_WITH_KNOTS('',3,(#3264,#3265,#3266,#3267),
 .UNSPECIFIED.,.F.,.F.,(4,4),(-0.0899915020388127,0.),.UNSPECIFIED.);
#485=B_SPLINE_CURVE_WITH_KNOTS('',3,(#3284,#3285,#3286,#3287),
 .UNSPECIFIED.,.F.,.F.,(4,4),(-0.0736390603138527,0.),.UNSPECIFIED.);
#486=B_SPLINE_CURVE_WITH_KNOTS('',3,(#3294,#3295,#3296,#3297),
 .UNSPECIFIED.,.F.,.F.,(4,4),(0.,0.0899915020388126),.UNSPECIFIED.);
#487=B_SPLINE_CURVE_WITH_KNOTS('',3,(#3301,#3302,#3303,#3304,#3305,#3306,
#3307,#3308,#3309,#3310,#3311,#3312,#3313,#3314,#3315,#3316),
 .UNSPECIFIED.,.F.,.F.,(4,3,3,3,3,4),(0.,0.0332093283738754,0.0624163210579976,
0.0900645201428177,0.117086973763865,0.136873124020368),.UNSPECIFIED.);
#488=B_SPLINE_CURVE_WITH_KNOTS('',3,(#3335,#3336,#3337,#3338,#3339,#3340),
 .UNSPECIFIED.,.F.,.F.,(4,2,4),(0.,0.0298843704675155,0.0719116983252826),
 .UNSPECIFIED.);
#489=B_SPLINE_CURVE_WITH_KNOTS('',3,(#3342,#3343,#3344,#3345),
 .UNSPECIFIED.,.F.,.F.,(4,4),(0.,0.14),.UNSPECIFIED.);
#490=B_SPLINE_CURVE_WITH_KNOTS('',3,(#3347,#3348,#3349,#3350),
 .UNSPECIFIED.,.F.,.F.,(4,4),(-0.0736390603138525,0.),.UNSPECIFIED.);
#491=B_SPLINE_CURVE_WITH_KNOTS('',3,(#3351,#3352,#3353,#3354),
 .UNSPECIFIED.,.F.,.F.,(4,4),(-0.0899915020388128,0.),.UNSPECIFIED.);
#492=B_SPLINE_CURVE_WITH_KNOTS('',3,(#3371,#3372,#3373,#3374),
 .UNSPECIFIED.,.F.,.F.,(4,4),(-0.0736390603138527,0.),.UNSPECIFIED.);
#493=B_SPLINE_CURVE_WITH_KNOTS('',3,(#3381,#3382,#3383,#3384),
 .UNSPECIFIED.,.F.,.F.,(4,4),(0.,0.0899915020388127),.UNSPECIFIED.);
#494=B_SPLINE_CURVE_WITH_KNOTS('',3,(#3388,#3389,#3390,#3391,#3392,#3393,
#3394,#3395,#3396,#3397,#3398,#3399,#3400,#3401,#3402,#3403),
 .UNSPECIFIED.,.F.,.F.,(4,3,3,3,3,4),(0.,0.0332093283738285,0.0624163210579966,
0.0900645201428082,0.117086973763843,0.136873124020364),.UNSPECIFIED.);
#495=B_SPLINE_CURVE_WITH_KNOTS('',3,(#3424,#3425,#3426,#3427,#3428,#3429),
 .UNSPECIFIED.,.F.,.F.,(4,2,4),(0.,0.0298843704675152,0.0719116983252811),
 .UNSPECIFIED.);
#496=B_SPLINE_CURVE_WITH_KNOTS('',3,(#3431,#3432,#3433,#3434),
 .UNSPECIFIED.,.F.,.F.,(4,4),(0.,0.14),.UNSPECIFIED.);
#497=B_SPLINE_CURVE_WITH_KNOTS('',3,(#3436,#3437,#3438,#3439),
 .UNSPECIFIED.,.F.,.F.,(4,4),(-0.0736390603138525,0.),.UNSPECIFIED.);
#498=B_SPLINE_CURVE_WITH_KNOTS('',3,(#3440,#3441,#3442,#3443),
 .UNSPECIFIED.,.F.,.F.,(4,4),(-0.0899915020388127,0.),.UNSPECIFIED.);
#499=B_SPLINE_CURVE_WITH_KNOTS('',3,(#3460,#3461,#3462,#3463),
 .UNSPECIFIED.,.F.,.F.,(4,4),(-0.0736390603138527,0.),.UNSPECIFIED.);
#500=B_SPLINE_CURVE_WITH_KNOTS('',3,(#3470,#3471,#3472,#3473),
 .UNSPECIFIED.,.F.,.F.,(4,4),(0.,0.0899915020388127),.UNSPECIFIED.);
#501=B_SPLINE_CURVE_WITH_KNOTS('',3,(#3477,#3478,#3479,#3480,#3481,#3482,
#3483,#3484,#3485,#3486,#3487,#3488,#3489,#3490,#3491,#3492),
 .UNSPECIFIED.,.F.,.F.,(4,3,3,3,3,4),(0.,0.0332093283738015,0.062416321057996,
0.0900645201428312,0.117086973763872,0.136873124020364),.UNSPECIFIED.);
#502=B_SPLINE_CURVE_WITH_KNOTS('',3,(#3511,#3512,#3513,#3514,#3515,#3516),
 .UNSPECIFIED.,.F.,.F.,(4,2,4),(0.,0.0298843704675149,0.0719116983252791),
 .UNSPECIFIED.);
#503=B_SPLINE_CURVE_WITH_KNOTS('',3,(#3518,#3519,#3520,#3521),
 .UNSPECIFIED.,.F.,.F.,(4,4),(0.,0.14),.UNSPECIFIED.);
#504=B_SPLINE_CURVE_WITH_KNOTS('',3,(#3523,#3524,#3525,#3526),
 .UNSPECIFIED.,.F.,.F.,(4,4),(-0.0736390603138525,0.),.UNSPECIFIED.);
#505=B_SPLINE_CURVE_WITH_KNOTS('',3,(#3527,#3528,#3529,#3530),
 .UNSPECIFIED.,.F.,.F.,(4,4),(-0.0899915020388127,0.),.UNSPECIFIED.);
#506=B_SPLINE_CURVE_WITH_KNOTS('',3,(#3547,#3548,#3549,#3550),
 .UNSPECIFIED.,.F.,.F.,(4,4),(-0.0736390603138527,0.),.UNSPECIFIED.);
#507=B_SPLINE_CURVE_WITH_KNOTS('',3,(#3559,#3560,#3561,#3562),
 .UNSPECIFIED.,.F.,.F.,(4,4),(0.,0.0899915020388126),.UNSPECIFIED.);
#508=B_SPLINE_CURVE_WITH_KNOTS('',3,(#3566,#3567,#3568,#3569,#3570,#3571,
#3572,#3573,#3574,#3575,#3576,#3577,#3578,#3579,#3580,#3581),
 .UNSPECIFIED.,.F.,.F.,(4,3,3,3,3,4),(0.,0.0332093283738733,0.0624163210579974,
0.0900645201427939,0.117086973763837,0.136873124020366),.UNSPECIFIED.);
#509=B_SPLINE_CURVE_WITH_KNOTS('',3,(#3600,#3601,#3602,#3603,#3604,#3605),
 .UNSPECIFIED.,.F.,.F.,(4,2,4),(0.,0.029884370467515,0.0719116983252802),
 .UNSPECIFIED.);
#510=B_SPLINE_CURVE_WITH_KNOTS('',3,(#3607,#3608,#3609,#3610),
 .UNSPECIFIED.,.F.,.F.,(4,4),(0.,0.14),.UNSPECIFIED.);
#511=B_SPLINE_CURVE_WITH_KNOTS('',3,(#3612,#3613,#3614,#3615),
 .UNSPECIFIED.,.F.,.F.,(4,4),(-0.0736390603138525,0.),.UNSPECIFIED.);
#512=B_SPLINE_CURVE_WITH_KNOTS('',3,(#3616,#3617,#3618,#3619),
 .UNSPECIFIED.,.F.,.F.,(4,4),(-0.0899915020388127,0.),.UNSPECIFIED.);
#513=B_SPLINE_CURVE_WITH_KNOTS('',3,(#3636,#3637,#3638,#3639),
 .UNSPECIFIED.,.F.,.F.,(4,4),(-0.0736390603138527,0.),.UNSPECIFIED.);
#514=B_SPLINE_CURVE_WITH_KNOTS('',3,(#3646,#3647,#3648,#3649),
 .UNSPECIFIED.,.F.,.F.,(4,4),(0.,0.0899915020388127),.UNSPECIFIED.);
#515=B_SPLINE_CURVE_WITH_KNOTS('',3,(#3653,#3654,#3655,#3656,#3657,#3658,
#3659,#3660,#3661,#3662,#3663,#3664,#3665,#3666,#3667,#3668),
 .UNSPECIFIED.,.F.,.F.,(4,3,3,3,3,4),(0.,0.0332093283738434,0.0624163210579972,
0.0900645201427836,0.11708697376382,0.136873124020365),.UNSPECIFIED.);
#516=B_SPLINE_CURVE_WITH_KNOTS('',3,(#3686,#3687,#3688,#3689,#3690,#3691),
 .UNSPECIFIED.,.F.,.F.,(4,2,4),(0.,0.0298843704675154,0.0719116983252815),
 .UNSPECIFIED.);
#517=B_SPLINE_CURVE_WITH_KNOTS('',3,(#3692,#3693,#3694,#3695),
 .UNSPECIFIED.,.F.,.F.,(4,4),(0.,0.14),.UNSPECIFIED.);
#518=B_SPLINE_CURVE_WITH_KNOTS('',3,(#3712,#3713,#3714,#3715),
 .UNSPECIFIED.,.F.,.F.,(4,4),(-0.0736390603138527,0.),.UNSPECIFIED.);
#519=B_SPLINE_CURVE_WITH_KNOTS('',3,(#3734,#3735,#3736,#3737),
 .UNSPECIFIED.,.F.,.F.,(4,4),(0.0646952956969224,0.138334356022778),
 .UNSPECIFIED.);
#520=B_SPLINE_CURVE_WITH_KNOTS('',3,(#3739,#3740,#3741,#3742),
 .UNSPECIFIED.,.F.,.F.,(4,4),(-4.32805267565604E-17,0.11),.UNSPECIFIED.);
#521=B_SPLINE_CURVE_WITH_KNOTS('',3,(#3744,#3745,#3746,#3747),
 .UNSPECIFIED.,.F.,.F.,(4,4),(0.,0.0736390603258563),.UNSPECIFIED.);
#522=B_SPLINE_CURVE_WITH_KNOTS('',3,(#3748,#3749,#3750,#3751),
 .UNSPECIFIED.,.F.,.F.,(4,4),(-4.32805267565604E-17,0.11),.UNSPECIFIED.);
#523=B_SPLINE_CURVE_WITH_KNOTS('',3,(#3769,#3770,#3771,#3772),
 .UNSPECIFIED.,.F.,.F.,(4,4),(0.,0.0736390603258564),.UNSPECIFIED.);
#524=B_SPLINE_CURVE_WITH_KNOTS('',3,(#3774,#3775,#3776,#3777),
 .UNSPECIFIED.,.F.,.F.,(4,4),(-0.11,2.98315880972444E-17),.UNSPECIFIED.);
#525=B_SPLINE_CURVE_WITH_KNOTS('',3,(#3778,#3779,#3780,#3781),
 .UNSPECIFIED.,.F.,.F.,(4,4),(0.0727177460617078,0.146356806387564),
 .UNSPECIFIED.);
#526=B_SPLINE_CURVE_WITH_KNOTS('',3,(#3786,#3787,#3788,#3789),
 .UNSPECIFIED.,.F.,.F.,(4,4),(-0.0736390603138526,0.),.UNSPECIFIED.);
#527=B_SPLINE_CURVE_WITH_KNOTS('',3,(#3791,#3792,#3793,#3794),
 .UNSPECIFIED.,.F.,.F.,(4,4),(-0.0736390603138526,0.),.UNSPECIFIED.);
#528=B_SPLINE_CURVE_WITH_KNOTS('',3,(#3798,#3799,#3800,#3801),
 .UNSPECIFIED.,.F.,.F.,(4,4),(0.,0.0736390603258563),.UNSPECIFIED.);
#529=B_SPLINE_CURVE_WITH_KNOTS('',3,(#3803,#3804,#3805,#3806),
 .UNSPECIFIED.,.F.,.F.,(4,4),(0.108812794876425,0.182451855202281),
 .UNSPECIFIED.);
#530=B_SPLINE_CURVE_WITH_KNOTS('',3,(#3810,#3811,#3812,#3813),
 .UNSPECIFIED.,.F.,.F.,(4,4),(0.,0.0736390603258564),.UNSPECIFIED.);
#531=B_SPLINE_CURVE_WITH_KNOTS('',3,(#3815,#3816,#3817,#3818),
 .UNSPECIFIED.,.F.,.F.,(4,4),(0.0630551538355717,0.136694214161428),
 .UNSPECIFIED.);
#532=B_SPLINE_CURVE_WITH_KNOTS('',3,(#3822,#3823,#3824,#3825),
 .UNSPECIFIED.,.F.,.F.,(4,4),(0.,0.0736390603258564),.UNSPECIFIED.);
#533=B_SPLINE_CURVE_WITH_KNOTS('',3,(#3827,#3828,#3829,#3830),
 .UNSPECIFIED.,.F.,.F.,(4,4),(0.176026355526025,0.249665415851881),
 .UNSPECIFIED.);
#534=B_SPLINE_CURVE_WITH_KNOTS('',3,(#3834,#3835,#3836,#3837),
 .UNSPECIFIED.,.F.,.F.,(4,4),(0.,0.0736390603258564),.UNSPECIFIED.);
#535=B_SPLINE_CURVE_WITH_KNOTS('',3,(#3839,#3840,#3841,#3842),
 .UNSPECIFIED.,.F.,.F.,(4,4),(0.0721445689712716,0.145783629297128),
 .UNSPECIFIED.);
#536=B_SPLINE_CURVE_WITH_KNOTS('',3,(#3846,#3847,#3848,#3849),
 .UNSPECIFIED.,.F.,.F.,(4,4),(0.,0.0736390603258564),.UNSPECIFIED.);
#537=B_SPLINE_CURVE_WITH_KNOTS('',3,(#3851,#3852,#3853,#3854),
 .UNSPECIFIED.,.F.,.F.,(4,4),(0.0988451347902344,0.172484195116091),
 .UNSPECIFIED.);
#538=B_SPLINE_CURVE_WITH_KNOTS('',3,(#3858,#3859,#3860,#3861),
 .UNSPECIFIED.,.F.,.F.,(4,4),(0.,0.0736390603258563),.UNSPECIFIED.);
#539=B_SPLINE_CURVE_WITH_KNOTS('',3,(#3863,#3864,#3865,#3866),
 .UNSPECIFIED.,.F.,.F.,(4,4),(0.108812794876425,0.182451855202281),
 .UNSPECIFIED.);
#540=B_SPLINE_CURVE_WITH_KNOTS('',3,(#3870,#3871,#3872,#3873),
 .UNSPECIFIED.,.F.,.F.,(4,4),(0.,0.0736390603258564),.UNSPECIFIED.);
#541=B_SPLINE_CURVE_WITH_KNOTS('',3,(#3875,#3876,#3877,#3878),
 .UNSPECIFIED.,.F.,.F.,(4,4),(0.0630551538355718,0.136694214161428),
 .UNSPECIFIED.);
#542=B_SPLINE_CURVE_WITH_KNOTS('',3,(#3882,#3883,#3884,#3885),
 .UNSPECIFIED.,.F.,.F.,(4,4),(0.,0.0736390603258564),.UNSPECIFIED.);
#543=B_SPLINE_CURVE_WITH_KNOTS('',3,(#3887,#3888,#3889,#3890),
 .UNSPECIFIED.,.F.,.F.,(4,4),(0.168624760186012,0.242263820511868),
 .UNSPECIFIED.);
#544=B_SPLINE_CURVE_WITH_KNOTS('',3,(#3897,#3898,#3899,#3900),
 .UNSPECIFIED.,.F.,.F.,(4,4),(-0.11,0.),.UNSPECIFIED.);
#545=B_SPLINE_CURVE_WITH_KNOTS('',3,(#3904,#3905,#3906,#3907),
 .UNSPECIFIED.,.F.,.F.,(4,4),(0.,0.0736390603138526),.UNSPECIFIED.);
#546=B_SPLINE_CURVE_WITH_KNOTS('',3,(#3927,#3928,#3929,#3930),
 .UNSPECIFIED.,.F.,.F.,(4,4),(-1.8423587547555E-17,0.11),.UNSPECIFIED.);
#547=B_SPLINE_CURVE_WITH_KNOTS('',3,(#3932,#3933,#3934,#3935),
 .UNSPECIFIED.,.F.,.F.,(4,4),(0.,0.0736390603258564),.UNSPECIFIED.);
#548=B_SPLINE_CURVE_WITH_KNOTS('',3,(#3936,#3937,#3938,#3939),
 .UNSPECIFIED.,.F.,.F.,(4,4),(-1.8423587547555E-17,0.11),.UNSPECIFIED.);
#549=B_SPLINE_CURVE_WITH_KNOTS('',3,(#3957,#3958,#3959,#3960),
 .UNSPECIFIED.,.F.,.F.,(4,4),(-0.11,1.32998295636965E-17),.UNSPECIFIED.);
#550=B_SPLINE_CURVE_WITH_KNOTS('',3,(#3961,#3962,#3963,#3964),
 .UNSPECIFIED.,.F.,.F.,(4,4),(0.0761848885136648,0.149823948839521),
 .UNSPECIFIED.);
#551=B_SPLINE_CURVE_WITH_KNOTS('',3,(#3986,#3987,#3988,#3989),
 .UNSPECIFIED.,.F.,.F.,(4,4),(-2.66951331788416E-17,0.11),.UNSPECIFIED.);
#552=B_SPLINE_CURVE_WITH_KNOTS('',3,(#3991,#3992,#3993,#3994),
 .UNSPECIFIED.,.F.,.F.,(4,4),(0.,0.0736390603258563),.UNSPECIFIED.);
#553=B_SPLINE_CURVE_WITH_KNOTS('',3,(#3995,#3996,#3997,#3998),
 .UNSPECIFIED.,.F.,.F.,(4,4),(-2.66951331788416E-17,0.11),.UNSPECIFIED.);
#554=B_SPLINE_CURVE_WITH_KNOTS('',3,(#4016,#4017,#4018,#4019),
 .UNSPECIFIED.,.F.,.F.,(4,4),(-0.11,4.01386076041863E-18),.UNSPECIFIED.);
#555=B_SPLINE_CURVE_WITH_KNOTS('',3,(#4020,#4021,#4022,#4023),
 .UNSPECIFIED.,.F.,.F.,(4,4),(0.0627321732455097,0.136371233571366),
 .UNSPECIFIED.);
#556=B_SPLINE_CURVE_WITH_KNOTS('',3,(#4045,#4046,#4047,#4048),
 .UNSPECIFIED.,.F.,.F.,(4,4),(0.,0.11),.UNSPECIFIED.);
#557=B_SPLINE_CURVE_WITH_KNOTS('',3,(#4050,#4051,#4052,#4053),
 .UNSPECIFIED.,.F.,.F.,(4,4),(0.,0.0736390603258562),.UNSPECIFIED.);
#558=B_SPLINE_CURVE_WITH_KNOTS('',3,(#4054,#4055,#4056,#4057),
 .UNSPECIFIED.,.F.,.F.,(4,4),(0.,0.11),.UNSPECIFIED.);
#559=B_SPLINE_CURVE_WITH_KNOTS('',3,(#4075,#4076,#4077,#4078),
 .UNSPECIFIED.,.F.,.F.,(4,4),(-0.11,2.80685724860832E-17),.UNSPECIFIED.);
#560=B_SPLINE_CURVE_WITH_KNOTS('',3,(#4079,#4080,#4081,#4082),
 .UNSPECIFIED.,.F.,.F.,(4,4),(0.105192496653995,0.178831556979851),
 .UNSPECIFIED.);
#561=B_SPLINE_CURVE_WITH_KNOTS('',3,(#4104,#4105,#4106,#4107),
 .UNSPECIFIED.,.F.,.F.,(4,4),(-3.53602256266764E-17,0.11),.UNSPECIFIED.);
#562=B_SPLINE_CURVE_WITH_KNOTS('',3,(#4109,#4110,#4111,#4112),
 .UNSPECIFIED.,.F.,.F.,(4,4),(0.,0.0736390603258562),.UNSPECIFIED.);
#563=B_SPLINE_CURVE_WITH_KNOTS('',3,(#4113,#4114,#4115,#4116),
 .UNSPECIFIED.,.F.,.F.,(4,4),(-3.53602256266764E-17,0.11),.UNSPECIFIED.);
#564=B_SPLINE_CURVE_WITH_KNOTS('',3,(#4134,#4135,#4136,#4137),
 .UNSPECIFIED.,.F.,.F.,(4,4),(-0.11,3.6063548870386E-18),.UNSPECIFIED.);
#565=B_SPLINE_CURVE_WITH_KNOTS('',3,(#4138,#4139,#4140,#4141),
 .UNSPECIFIED.,.F.,.F.,(4,4),(0.0672174591099705,0.140856519435827),
 .UNSPECIFIED.);
#566=B_SPLINE_CURVE_WITH_KNOTS('',3,(#4163,#4164,#4165,#4166),
 .UNSPECIFIED.,.F.,.F.,(4,4),(-7.73280220062981E-18,0.11),.UNSPECIFIED.);
#567=B_SPLINE_CURVE_WITH_KNOTS('',3,(#4168,#4169,#4170,#4171),
 .UNSPECIFIED.,.F.,.F.,(4,4),(0.,0.0736390603258562),.UNSPECIFIED.);
#568=B_SPLINE_CURVE_WITH_KNOTS('',3,(#4172,#4173,#4174,#4175),
 .UNSPECIFIED.,.F.,.F.,(4,4),(-7.73280220062981E-18,0.11),.UNSPECIFIED.);
#569=B_SPLINE_CURVE_WITH_KNOTS('',3,(#4193,#4194,#4195,#4196),
 .UNSPECIFIED.,.F.,.F.,(4,4),(-0.11,1.07147408569413E-17),.UNSPECIFIED.);
#570=B_SPLINE_CURVE_WITH_KNOTS('',3,(#4197,#4198,#4199,#4200),
 .UNSPECIFIED.,.F.,.F.,(4,4),(0.072717746061708,0.146356806387564),
 .UNSPECIFIED.);
#571=B_SPLINE_CURVE_WITH_KNOTS('',3,(#4222,#4223,#4224,#4225),
 .UNSPECIFIED.,.F.,.F.,(4,4),(-2.6174815243186E-17,0.11),.UNSPECIFIED.);
#572=B_SPLINE_CURVE_WITH_KNOTS('',3,(#4227,#4228,#4229,#4230),
 .UNSPECIFIED.,.F.,.F.,(4,4),(0.,0.0736390603258563),.UNSPECIFIED.);
#573=B_SPLINE_CURVE_WITH_KNOTS('',3,(#4231,#4232,#4233,#4234),
 .UNSPECIFIED.,.F.,.F.,(4,4),(-2.6174815243186E-17,0.11),.UNSPECIFIED.);
#574=B_SPLINE_CURVE_WITH_KNOTS('',3,(#4252,#4253,#4254,#4255),
 .UNSPECIFIED.,.F.,.F.,(4,4),(-0.11,1.45457312903497E-17),.UNSPECIFIED.);
#575=B_SPLINE_CURVE_WITH_KNOTS('',3,(#4256,#4257,#4258,#4259),
 .UNSPECIFIED.,.F.,.F.,(4,4),(0.0761848885136648,0.149823948839521),
 .UNSPECIFIED.);
#576=B_SPLINE_CURVE_WITH_KNOTS('',3,(#4281,#4282,#4283,#4284),
 .UNSPECIFIED.,.F.,.F.,(4,4),(-2.73758677397165E-18,0.11),.UNSPECIFIED.);
#577=B_SPLINE_CURVE_WITH_KNOTS('',3,(#4286,#4287,#4288,#4289),
 .UNSPECIFIED.,.F.,.F.,(4,4),(0.,0.0736390603258563),.UNSPECIFIED.);
#578=B_SPLINE_CURVE_WITH_KNOTS('',3,(#4290,#4291,#4292,#4293),
 .UNSPECIFIED.,.F.,.F.,(4,4),(-2.73758677397165E-18,0.11),.UNSPECIFIED.);
#579=B_SPLINE_CURVE_WITH_KNOTS('',3,(#4311,#4312,#4313,#4314),
 .UNSPECIFIED.,.F.,.F.,(4,4),(-0.11,2.53111035414109E-17),.UNSPECIFIED.);
#580=B_SPLINE_CURVE_WITH_KNOTS('',3,(#4315,#4316,#4317,#4318),
 .UNSPECIFIED.,.F.,.F.,(4,4),(0.0627321732455098,0.136371233571366),
 .UNSPECIFIED.);
#581=B_SPLINE_CURVE_WITH_KNOTS('',3,(#4340,#4341,#4342,#4343),
 .UNSPECIFIED.,.F.,.F.,(4,4),(-1.30134207657312E-17,0.11),.UNSPECIFIED.);
#582=B_SPLINE_CURVE_WITH_KNOTS('',3,(#4345,#4346,#4347,#4348),
 .UNSPECIFIED.,.F.,.F.,(4,4),(0.,0.0736390603258563),.UNSPECIFIED.);
#583=B_SPLINE_CURVE_WITH_KNOTS('',3,(#4349,#4350,#4351,#4352),
 .UNSPECIFIED.,.F.,.F.,(4,4),(-1.30134207657312E-17,0.11),.UNSPECIFIED.);
#584=B_SPLINE_CURVE_WITH_KNOTS('',3,(#4370,#4371,#4372,#4373),
 .UNSPECIFIED.,.F.,.F.,(4,4),(-0.11,2.40282618663271E-17),.UNSPECIFIED.);
#585=B_SPLINE_CURVE_WITH_KNOTS('',3,(#4374,#4375,#4376,#4377),
 .UNSPECIFIED.,.F.,.F.,(4,4),(0.156528046315563,0.23016710664142),
 .UNSPECIFIED.);
#586=B_SPLINE_CURVE_WITH_KNOTS('',3,(#4380,#4381,#4382,#4383),
 .UNSPECIFIED.,.F.,.F.,(4,4),(0.,0.11),.UNSPECIFIED.);
#587=B_SPLINE_CURVE_WITH_KNOTS('',3,(#4388,#4389,#4390,#4391),
 .UNSPECIFIED.,.F.,.F.,(4,4),(0.,0.0736390603138526),.UNSPECIFIED.);
#588=B_SPLINE_CURVE_WITH_KNOTS('',3,(#4415,#4416,#4417,#4418),
 .UNSPECIFIED.,.F.,.F.,(4,4),(0.,0.11),.UNSPECIFIED.);
#589=B_SPLINE_CURVE_WITH_KNOTS('',3,(#4440,#4441,#4442,#4443,#4444,#4445,
#4446,#4447,#4448,#4449,#4450,#4451,#4452,#4453,#4454,#4455,#4456,#4457,
#4458,#4459,#4460,#4461,#4462,#4463,#4464,#4465,#4466,#4467,#4468,#4469,
#4470,#4471,#4472,#4473,#4474,#4475,#4476,#4477,#4478,#4479,#4480,#4481,
#4482,#4483,#4484,#4485,#4486,#4487,#4488,#4489,#4490,#4491,#4492,#4493,
#4494,#4495,#4496,#4497,#4498,#4499,#4500,#4501,#4502,#4503,#4504,#4505,
#4506,#4507,#4508,#4509,#4510,#4511,#4512,#4513,#4514,#4515,#4516,#4517,
#4518,#4519,#4520,#4521,#4522,#4523,#4524,#4525,#4526,#4527,#4528,#4529,
#4530,#4531,#4532,#4533,#4534,#4535,#4536,#4537,#4538,#4539,#4540,#4541,
#4542,#4543,#4544,#4545,#4546,#4547,#4548,#4549,#4550,#4551,#4552,#4553,
#4554,#4555,#4556,#4557,#4558,#4559,#4560,#4561,#4562,#4563,#4564,#4565,
#4566,#4567,#4568,#4569,#4570,#4571,#4572,#4573,#4574,#4575,#4576,#4577,
#4578,#4579,#4580,#4581,#4582,#4583,#4584,#4585,#4586,#4587,#4588,#4589,
#4590,#4591,#4592,#4593,#4594,#4595,#4596,#4597,#4598,#4599,#4600,#4601,
#4602,#4603,#4604,#4605,#4606,#4607,#4608,#4609,#4610,#4611,#4612,#4613,
#4614),.UNSPECIFIED.,.F.,.F.,(4,3,3,3,3,3,3,3,3,3,3,3,3,3,3,3,3,3,3,3,3,
3,3,3,3,3,3,3,3,3,3,3,3,3,3,3,3,3,3,3,3,3,3,3,3,3,3,3,3,3,3,3,3,3,3,3,3,
3,4),(-0.618919401540151,-0.600850775517128,-0.589512049655054,-0.586391136104253,
-0.56851804673513,-0.550914774651273,-0.535977545311923,-0.532546338864928,
-0.529800211449859,-0.521040315972572,-0.503343530428763,-0.48785884307793,
-0.480317711902227,-0.47556613394634,-0.4723099646431,-0.454809214972658,
-0.437276068266947,-0.422823559105735,-0.419711756896276,-0.416552073898335,
-0.399278422521859,-0.382460998445564,-0.3794660316221,-0.370921860550811,
-0.366436375944569,-0.362321209249135,-0.345323834926574,-0.328107213621362,
-0.317438723728877,-0.310917898557803,-0.307973121726275,-0.290975217020373,
-0.274221264226722,-0.258490279354103,-0.25447286273921,-0.242759294481484,
-0.226050496305006,-0.211643713962894,-0.206901474269645,-0.20392311694809,
-0.200850263662963,-0.184235041498438,-0.167585007261027,-0.153378323849389,
-0.14963620412272,-0.133236587225022,-0.117305576950767,-0.110796237568108,
-0.103632418512696,-0.100591126824647,-0.0974921015169147,-0.0814375136403878,
-0.0651258792108275,-0.0568919552606921,-0.0512882890238924,-0.0477773836738036,
-0.0316502808675417,-0.0158251404337709,0.),.UNSPECIFIED.);
#590=B_SPLINE_CURVE_WITH_KNOTS('',3,(#4615,#4616,#4617,#4618,#4619,#4620,
#4621,#4622,#4623,#4624,#4625,#4626,#4627,#4628,#4629,#4630,#4631,#4632,
#4633,#4634,#4635,#4636,#4637,#4638,#4639,#4640,#4641,#4642,#4643,#4644,
#4645,#4646,#4647,#4648,#4649,#4650,#4651,#4652,#4653,#4654,#4655,#4656,
#4657,#4658,#4659,#4660,#4661,#4662,#4663,#4664,#4665,#4666,#4667,#4668,
#4669,#4670,#4671,#4672),.UNSPECIFIED.,.F.,.F.,(4,3,3,3,3,3,3,3,3,3,3,3,
3,3,3,3,3,3,3,4),(-0.212395042627875,-0.196693254738617,-0.18060471981729,
-0.17065596497955,-0.16677637249621,-0.163100141011261,-0.14628132905125,
-0.129371837280107,-0.121427713671005,-0.116746997952277,-0.113702101496885,
-0.101014681115366,-0.0841828219071893,-0.0669581690066385,-0.0620056147941091,
-0.0589422728370225,-0.0412734251118705,-0.0232503523317335,-0.00507259524172,
0.),.UNSPECIFIED.);
#591=B_SPLINE_CURVE_WITH_KNOTS('',3,(#4673,#4674,#4675,#4676,#4677,#4678,
#4679,#4680,#4681,#4682,#4683,#4684,#4685,#4686,#4687,#4688,#4689,#4690,
#4691,#4692,#4693,#4694,#4695,#4696,#4697,#4698,#4699,#4700,#4701,#4702,
#4703,#4704,#4705,#4706,#4707,#4708,#4709,#4710,#4711,#4712,#4713,#4714,
#4715,#4716,#4717,#4718),.UNSPECIFIED.,.F.,.F.,(4,3,3,3,3,3,3,3,3,3,3,3,
3,3,3,4),(-0.776495358402169,-0.758040932328613,-0.746704663642063,-0.742089952188813,
-0.73808183839223,-0.720399074503224,-0.712308437667706,-0.706720625034006,
-0.703598633030201,-0.685474707933205,-0.667350782836209,-0.655242937512194,
-0.647713956342775,-0.644909228947445,-0.627081192211959,-0.618919401540151),
 .UNSPECIFIED.);
#592=B_SPLINE_CURVE_WITH_KNOTS('',3,(#4720,#4721,#4722,#4723,#4724,#4725,
#4726,#4727,#4728,#4729,#4730),.UNSPECIFIED.,.F.,.F.,(4,1,1,1,1,1,1,1,4),
(15.7079632679489,15.8014786182354,16.7880079568995,17.7745372955635,18.7610666342275,
19.7475959728916,20.7341253115556,21.7206546502196,21.9911485751285),
 .UNSPECIFIED.);
#593=B_SPLINE_CURVE_WITH_KNOTS('',3,(#4731,#4732,#4733,#4734,#4735,#4736,
#4737,#4738,#4739,#4740),.UNSPECIFIED.,.F.,.F.,(4,1,1,1,1,1,1,4),(15.7079632679489,
16.3714588042999,17.3579881429639,18.3445174816279,19.331046820292,20.317576158956,
21.30410549762,21.9911485751285),.UNSPECIFIED.);
#594=B_SPLINE_CURVE_WITH_KNOTS('',3,(#4965,#4966,#4967,#4968,#4969,#4970,
#4971,#4972,#4973,#4974,#4975,#4976,#4977,#4978,#4979,#4980,#4981,#4982,
#4983,#4984,#4985,#4986,#4987,#4988,#4989),.UNSPECIFIED.,.F.,.F.,(4,3,3,
3,3,3,3,3,4),(-41.5517138474471,-41.4342322238893,-40.4477028852252,-39.4611735465612,
-38.4746442078972,-37.4881148692332,-36.5015855305691,-35.5150561919051,
-35.2685285402675),.UNSPECIFIED.);
#595=B_SPLINE_CURVE_WITH_KNOTS('',3,(#4991,#4992,#4993,#4994,#4995,#4996,
#4997,#4998,#4999,#5000,#5001,#5002,#5003,#5004,#5005,#5006,#5007,#5008,
#5009,#5010,#5011,#5012,#5013,#5014,#5015,#5016,#5017,#5018,#5019,#5020,
#5021,#5022,#5023,#5024,#5025,#5026,#5027,#5028,#5029,#5030,#5031,#5032,
#5033,#5034,#5035,#5036,#5037,#5038,#5039,#5040,#5041,#5042),
 .UNSPECIFIED.,.F.,.F.,(4,3,3,3,3,3,3,3,3,3,3,3,3,3,3,3,3,4),(-0.174598831037409,
-0.158648182670084,-0.153252068254736,-0.14955944189402,-0.133160663918184,
-0.117230966346478,-0.110796237568109,-0.103632418386141,-0.100591129940569,
-0.0974921021883432,-0.0814375155757177,-0.0651258817099256,-0.0568919561983271,
-0.0512882910000062,-0.0477773839100132,-0.0316502812336999,-0.0158251406168499,
0.),.UNSPECIFIED.);
#596=B_SPLINE_CURVE_WITH_KNOTS('',3,(#5043,#5044,#5045,#5046,#5047,#5048,
#5049,#5050,#5051,#5052,#5053,#5054,#5055,#5056,#5057,#5058,#5059,#5060,
#5061,#5062,#5063,#5064,#5065,#5066,#5067,#5068,#5069,#5070,#5071,#5072,
#5073,#5074,#5075,#5076,#5077,#5078,#5079,#5080,#5081,#5082,#5083,#5084,
#5085,#5086,#5087,#5088,#5089,#5090,#5091,#5092,#5093,#5094,#5095,#5096,
#5097,#5098,#5099,#5100,#5101,#5102,#5103,#5104,#5105,#5106,#5107,#5108,
#5109,#5110,#5111,#5112,#5113,#5114,#5115,#5116,#5117,#5118,#5119,#5120,
#5121,#5122,#5123,#5124,#5125,#5126,#5127,#5128,#5129,#5130,#5131,#5132,
#5133,#5134,#5135,#5136,#5137,#5138,#5139,#5140,#5141,#5142,#5143,#5144,
#5145,#5146,#5147,#5148,#5149,#5150,#5151,#5152,#5153,#5154,#5155,#5156,
#5157,#5158,#5159,#5160,#5161,#5162,#5163,#5164,#5165,#5166,#5167,#5168,
#5169,#5170,#5171,#5172,#5173,#5174,#5175,#5176,#5177,#5178,#5179,#5180,
#5181,#5182,#5183,#5184,#5185,#5186,#5187,#5188,#5189,#5190,#5191,#5192,
#5193,#5194,#5195,#5196,#5197,#5198,#5199,#5200,#5201,#5202,#5203,#5204,
#5205,#5206,#5207,#5208),.UNSPECIFIED.,.F.,.F.,(4,3,3,3,3,3,3,3,3,3,3,3,
3,3,3,3,3,3,3,3,3,3,3,3,3,3,3,3,3,3,3,3,3,3,3,3,3,3,3,3,3,3,3,3,3,3,3,3,
3,3,3,3,3,3,3,4),(-0.776495358402174,-0.758040929463229,-0.746704661134852,
-0.742089916438045,-0.738081797778086,-0.720399044042618,-0.71230838534976,
-0.706720328221914,-0.703598224131702,-0.685474503483958,-0.667350782836213,
-0.649061974478259,-0.645015341521775,-0.627124227318664,-0.609019395129178,
-0.598022010234603,-0.590352173396593,-0.587088077334983,-0.569209528641301,
-0.551591803521226,-0.536316059746903,-0.532396416720097,-0.529525223283877,
-0.521040315972579,-0.50334353042877,-0.487858843077937,-0.480317713705961,
-0.475566136448859,-0.472309964735661,-0.454809219606921,-0.437276072358059,
-0.42282356217407,-0.419711762691413,-0.416552074486623,-0.399278420766406,
-0.382460988413502,-0.379466031622104,-0.370921860550816,-0.366436375329693,
-0.362321209086763,-0.345323828890464,-0.328107205300209,-0.317438716447868,
-0.310917891802987,-0.307973115243684,-0.290975210150266,-0.274221258798009,
-0.258490276639748,-0.254472861936909,-0.242759294481487,-0.225719178620467,
-0.212939091724703,-0.205303546110029,-0.201623825579394,-0.184988192624432,
-0.174598831037409),.UNSPECIFIED.);
#597=B_SPLINE_CURVE_WITH_KNOTS('',3,(#5214,#5215,#5216,#5217,#5218,#5219,
#5220,#5221,#5222,#5223,#5224,#5225,#5226,#5227,#5228,#5229,#5230,#5231,
#5232,#5233,#5234,#5235,#5236,#5237,#5238,#5239,#5240,#5241,#5242,#5243,
#5244,#5245,#5246,#5247,#5248,#5249,#5250,#5251,#5252,#5253,#5254,#5255,
#5256,#5257,#5258,#5259,#5260,#5261,#5262,#5263,#5264,#5265,#5266,#5267,
#5268,#5269,#5270,#5271),.UNSPECIFIED.,.F.,.F.,(4,3,3,3,3,3,3,3,3,3,3,3,
3,3,3,3,3,3,3,4),(-0.212395042627865,-0.196693254310713,-0.180604718859101,
-0.170655964141134,-0.166776372000888,-0.163100141224066,-0.146281329274674,
-0.129371839755123,-0.121427718774492,-0.116747054197483,-0.113702158596407,
-0.101014681115362,-0.0841828310556831,-0.0669581842497156,-0.0620056197199514,
-0.0589422769441466,-0.0412734371841415,-0.0232503684993151,-0.00507260781708021,
0.),.UNSPECIFIED.);
#598=B_SPLINE_CURVE_WITH_KNOTS('',3,(#5496,#5497,#5498,#5499,#5500,#5501,
#5502,#5503,#5504,#5505,#5506,#5507,#5508,#5509,#5510,#5511,#5512,#5513,
#5514,#5515,#5516,#5517),.UNSPECIFIED.,.F.,.F.,(4,3,3,3,3,3,3,4),(39.0086749840546,
39.4611735465612,40.4477028852253,41.4342322238893,42.4207615625533,43.4072909012174,
44.3938202398814,45.2918602912342),.UNSPECIFIED.);
#599=LINE('',#2345,#620);
#600=LINE('',#2366,#621);
#601=LINE('',#2420,#622);
#602=LINE('',#2468,#623);
#603=LINE('',#2519,#624);
#604=LINE('',#2570,#625);
#605=LINE('',#2618,#626);
#606=LINE('',#2660,#627);
#607=LINE('',#2684,#628);
#608=LINE('',#2708,#629);
#609=LINE('',#2733,#630);
#610=LINE('',#2758,#631);
#611=LINE('',#2782,#632);
#612=LINE('',#2807,#633);
#613=LINE('',#2832,#634);
#614=LINE('',#4439,#635);
#615=LINE('',#5213,#636);
#616=LINE('',#5523,#637);
#617=LINE('',#5527,#638);
#618=LINE('',#5532,#639);
#619=LINE('',#5534,#640);
#620=VECTOR('',#2002,1.5);
#621=VECTOR('',#2007,1.5);
#622=VECTOR('',#2010,1.5);
#623=VECTOR('',#2013,1.5);
#624=VECTOR('',#2016,1.5);
#625=VECTOR('',#2019,1.5);
#626=VECTOR('',#2022,1.5);
#627=VECTOR('',#2027,1.543);
#628=VECTOR('',#2032,1.543);
#629=VECTOR('',#2035,1.543);
#630=VECTOR('',#2038,1.543);
#631=VECTOR('',#2041,1.543);
#632=VECTOR('',#2044,1.543);
#633=VECTOR('',#2047,1.543);
#634=VECTOR('',#2050,1.543);
#635=VECTOR('',#2307,1.4145);
#636=VECTOR('',#2316,1.4145);
#637=VECTOR('',#2323,2.075);
#638=VECTOR('',#2328,2.125);
#639=VECTOR('',#2335,2.);
#640=VECTOR('',#2338,2.);
#641=VERTEX_POINT('',#2343);
#642=VERTEX_POINT('',#2344);
#643=VERTEX_POINT('',#2346);
#644=VERTEX_POINT('',#2351);
#645=VERTEX_POINT('',#2364);
#646=VERTEX_POINT('',#2365);
#647=VERTEX_POINT('',#2418);
#648=VERTEX_POINT('',#2419);
#649=VERTEX_POINT('',#2466);
#650=VERTEX_POINT('',#2467);
#651=VERTEX_POINT('',#2517);
#652=VERTEX_POINT('',#2518);
#653=VERTEX_POINT('',#2568);
#654=VERTEX_POINT('',#2569);
#655=VERTEX_POINT('',#2616);
#656=VERTEX_POINT('',#2617);
#657=VERTEX_POINT('',#2619);
#658=VERTEX_POINT('',#2636);
#659=VERTEX_POINT('',#2658);
#660=VERTEX_POINT('',#2659);
#661=VERTEX_POINT('',#2661);
#662=VERTEX_POINT('',#2670);
#663=VERTEX_POINT('',#2682);
#664=VERTEX_POINT('',#2683);
#665=VERTEX_POINT('',#2706);
#666=VERTEX_POINT('',#2707);
#667=VERTEX_POINT('',#2731);
#668=VERTEX_POINT('',#2732);
#669=VERTEX_POINT('',#2756);
#670=VERTEX_POINT('',#2757);
#671=VERTEX_POINT('',#2780);
#672=VERTEX_POINT('',#2781);
#673=VERTEX_POINT('',#2805);
#674=VERTEX_POINT('',#2806);
#675=VERTEX_POINT('',#2830);
#676=VERTEX_POINT('',#2831);
#677=VERTEX_POINT('',#2833);
#678=VERTEX_POINT('',#2839);
#679=VERTEX_POINT('',#2862);
#680=VERTEX_POINT('',#2863);
#681=VERTEX_POINT('',#2870);
#682=VERTEX_POINT('',#2875);
#683=VERTEX_POINT('',#2900);
#684=VERTEX_POINT('',#2917);
#685=VERTEX_POINT('',#2927);
#686=VERTEX_POINT('',#2929);
#687=VERTEX_POINT('',#2936);
#688=VERTEX_POINT('',#2938);
#689=VERTEX_POINT('',#2945);
#690=VERTEX_POINT('',#2952);
#691=VERTEX_POINT('',#2986);
#692=VERTEX_POINT('',#2993);
#693=VERTEX_POINT('',#2998);
#694=VERTEX_POINT('',#3030);
#695=VERTEX_POINT('',#3032);
#696=VERTEX_POINT('',#3039);
#697=VERTEX_POINT('',#3073);
#698=VERTEX_POINT('',#3080);
#699=VERTEX_POINT('',#3085);
#700=VERTEX_POINT('',#3117);
#701=VERTEX_POINT('',#3119);
#702=VERTEX_POINT('',#3126);
#703=VERTEX_POINT('',#3160);
#704=VERTEX_POINT('',#3167);
#705=VERTEX_POINT('',#3172);
#706=VERTEX_POINT('',#3204);
#707=VERTEX_POINT('',#3206);
#708=VERTEX_POINT('',#3213);
#709=VERTEX_POINT('',#3247);
#710=VERTEX_POINT('',#3254);
#711=VERTEX_POINT('',#3259);
#712=VERTEX_POINT('',#3291);
#713=VERTEX_POINT('',#3293);
#714=VERTEX_POINT('',#3300);
#715=VERTEX_POINT('',#3334);
#716=VERTEX_POINT('',#3341);
#717=VERTEX_POINT('',#3346);
#718=VERTEX_POINT('',#3378);
#719=VERTEX_POINT('',#3380);
#720=VERTEX_POINT('',#3387);
#721=VERTEX_POINT('',#3404);
#722=VERTEX_POINT('',#3423);
#723=VERTEX_POINT('',#3430);
#724=VERTEX_POINT('',#3435);
#725=VERTEX_POINT('',#3467);
#726=VERTEX_POINT('',#3469);
#727=VERTEX_POINT('',#3476);
#728=VERTEX_POINT('',#3510);
#729=VERTEX_POINT('',#3517);
#730=VERTEX_POINT('',#3522);
#731=VERTEX_POINT('',#3552);
#732=VERTEX_POINT('',#3556);
#733=VERTEX_POINT('',#3558);
#734=VERTEX_POINT('',#3565);
#735=VERTEX_POINT('',#3599);
#736=VERTEX_POINT('',#3606);
#737=VERTEX_POINT('',#3611);
#738=VERTEX_POINT('',#3643);
#739=VERTEX_POINT('',#3645);
#740=VERTEX_POINT('',#3652);
#741=VERTEX_POINT('',#3732);
#742=VERTEX_POINT('',#3733);
#743=VERTEX_POINT('',#3738);
#744=VERTEX_POINT('',#3743);
#745=VERTEX_POINT('',#3768);
#746=VERTEX_POINT('',#3773);
#747=VERTEX_POINT('',#3783);
#748=VERTEX_POINT('',#3785);
#749=VERTEX_POINT('',#3790);
#750=VERTEX_POINT('',#3795);
#751=VERTEX_POINT('',#3797);
#752=VERTEX_POINT('',#3802);
#753=VERTEX_POINT('',#3807);
#754=VERTEX_POINT('',#3809);
#755=VERTEX_POINT('',#3814);
#756=VERTEX_POINT('',#3819);
#757=VERTEX_POINT('',#3821);
#758=VERTEX_POINT('',#3826);
#759=VERTEX_POINT('',#3831);
#760=VERTEX_POINT('',#3833);
#761=VERTEX_POINT('',#3838);
#762=VERTEX_POINT('',#3843);
#763=VERTEX_POINT('',#3845);
#764=VERTEX_POINT('',#3850);
#765=VERTEX_POINT('',#3855);
#766=VERTEX_POINT('',#3857);
#767=VERTEX_POINT('',#3862);
#768=VERTEX_POINT('',#3867);
#769=VERTEX_POINT('',#3869);
#770=VERTEX_POINT('',#3874);
#771=VERTEX_POINT('',#3879);
#772=VERTEX_POINT('',#3881);
#773=VERTEX_POINT('',#3886);
#774=VERTEX_POINT('',#3892);
#775=VERTEX_POINT('',#3895);
#776=VERTEX_POINT('',#3902);
#777=VERTEX_POINT('',#3926);
#778=VERTEX_POINT('',#3931);
#779=VERTEX_POINT('',#3956);
#780=VERTEX_POINT('',#3985);
#781=VERTEX_POINT('',#3990);
#782=VERTEX_POINT('',#4015);
#783=VERTEX_POINT('',#4044);
#784=VERTEX_POINT('',#4049);
#785=VERTEX_POINT('',#4074);
#786=VERTEX_POINT('',#4103);
#787=VERTEX_POINT('',#4108);
#788=VERTEX_POINT('',#4133);
#789=VERTEX_POINT('',#4162);
#790=VERTEX_POINT('',#4167);
#791=VERTEX_POINT('',#4192);
#792=VERTEX_POINT('',#4221);
#793=VERTEX_POINT('',#4226);
#794=VERTEX_POINT('',#4251);
#795=VERTEX_POINT('',#4280);
#796=VERTEX_POINT('',#4285);
#797=VERTEX_POINT('',#4310);
#798=VERTEX_POINT('',#4339);
#799=VERTEX_POINT('',#4344);
#800=VERTEX_POINT('',#4369);
#801=VERTEX_POINT('',#4379);
#802=VERTEX_POINT('',#4394);
#803=VERTEX_POINT('',#4436);
#804=VERTEX_POINT('',#4438);
#805=VERTEX_POINT('',#4990);
#806=VERTEX_POINT('',#5210);
#807=VERTEX_POINT('',#5519);
#808=VERTEX_POINT('',#5520);
#809=VERTEX_POINT('',#5525);
#810=VERTEX_POINT('',#5529);
#811=EDGE_CURVE('',#641,#642,#599,.T.);
#812=EDGE_CURVE('',#642,#643,#419,.T.);
#813=EDGE_CURVE('',#644,#643,#335,.T.);
#814=EDGE_CURVE('',#644,#641,#420,.T.);
#815=EDGE_CURVE('',#645,#646,#600,.T.);
#816=EDGE_CURVE('',#646,#642,#421,.T.);
#817=EDGE_CURVE('',#641,#645,#422,.T.);
#818=EDGE_CURVE('',#647,#648,#601,.T.);
#819=EDGE_CURVE('',#648,#646,#423,.T.);
#820=EDGE_CURVE('',#645,#647,#424,.T.);
#821=EDGE_CURVE('',#649,#650,#602,.T.);
#822=EDGE_CURVE('',#650,#648,#425,.T.);
#823=EDGE_CURVE('',#647,#649,#426,.T.);
#824=EDGE_CURVE('',#651,#652,#603,.T.);
#825=EDGE_CURVE('',#652,#650,#427,.T.);
#826=EDGE_CURVE('',#649,#651,#428,.T.);
#827=EDGE_CURVE('',#653,#654,#604,.T.);
#828=EDGE_CURVE('',#654,#652,#429,.T.);
#829=EDGE_CURVE('',#651,#653,#430,.T.);
#830=EDGE_CURVE('',#655,#656,#605,.T.);
#831=EDGE_CURVE('',#655,#657,#431,.T.);
#832=EDGE_CURVE('',#658,#657,#336,.T.);
#833=EDGE_CURVE('',#658,#656,#432,.T.);
#834=EDGE_CURVE('',#659,#660,#606,.T.);
#835=EDGE_CURVE('',#660,#661,#433,.T.);
#836=EDGE_CURVE('',#662,#661,#337,.T.);
#837=EDGE_CURVE('',#659,#662,#434,.T.);
#838=EDGE_CURVE('',#663,#664,#607,.T.);
#839=EDGE_CURVE('',#664,#660,#435,.T.);
#840=EDGE_CURVE('',#663,#659,#436,.T.);
#841=EDGE_CURVE('',#665,#666,#608,.T.);
#842=EDGE_CURVE('',#666,#664,#437,.T.);
#843=EDGE_CURVE('',#665,#663,#438,.T.);
#844=EDGE_CURVE('',#667,#668,#609,.T.);
#845=EDGE_CURVE('',#668,#666,#439,.T.);
#846=EDGE_CURVE('',#667,#665,#440,.T.);
#847=EDGE_CURVE('',#669,#670,#610,.T.);
#848=EDGE_CURVE('',#670,#668,#441,.T.);
#849=EDGE_CURVE('',#669,#667,#442,.T.);
#850=EDGE_CURVE('',#671,#672,#611,.T.);
#851=EDGE_CURVE('',#672,#670,#443,.T.);
#852=EDGE_CURVE('',#671,#669,#444,.T.);
#853=EDGE_CURVE('',#673,#674,#612,.T.);
#854=EDGE_CURVE('',#674,#672,#445,.T.);
#855=EDGE_CURVE('',#673,#671,#446,.T.);
#856=EDGE_CURVE('',#675,#676,#613,.T.);
#857=EDGE_CURVE('',#677,#675,#447,.T.);
#858=EDGE_CURVE('',#678,#677,#338,.T.);
#859=EDGE_CURVE('',#678,#676,#448,.T.);
#860=EDGE_CURVE('',#679,#680,#449,.T.);
#861=EDGE_CURVE('',#681,#679,#450,.T.);
#862=EDGE_CURVE('',#682,#681,#451,.T.);
#863=EDGE_CURVE('',#680,#682,#452,.T.);
#864=EDGE_CURVE('',#683,#679,#453,.T.);
#865=EDGE_CURVE('',#684,#683,#454,.T.);
#866=EDGE_CURVE('',#681,#684,#455,.T.);
#867=EDGE_CURVE('',#684,#685,#339,.T.);
#868=EDGE_CURVE('',#685,#686,#456,.T.);
#869=EDGE_CURVE('',#681,#686,#340,.T.);
#870=EDGE_CURVE('',#687,#682,#341,.T.);
#871=EDGE_CURVE('',#687,#688,#457,.T.);
#872=EDGE_CURVE('',#688,#680,#342,.T.);
#873=EDGE_CURVE('',#683,#689,#343,.T.);
#874=EDGE_CURVE('',#689,#685,#458,.T.);
#875=EDGE_CURVE('',#688,#690,#459,.T.);
#876=EDGE_CURVE('',#690,#679,#344,.T.);
#877=EDGE_CURVE('',#690,#691,#460,.T.);
#878=EDGE_CURVE('',#692,#690,#461,.T.);
#879=EDGE_CURVE('',#693,#692,#462,.T.);
#880=EDGE_CURVE('',#691,#693,#463,.T.);
#881=EDGE_CURVE('',#692,#687,#464,.T.);
#882=EDGE_CURVE('',#692,#681,#345,.T.);
#883=EDGE_CURVE('',#694,#693,#346,.T.);
#884=EDGE_CURVE('',#694,#695,#465,.T.);
#885=EDGE_CURVE('',#695,#691,#347,.T.);
#886=EDGE_CURVE('',#695,#696,#466,.T.);
#887=EDGE_CURVE('',#696,#690,#348,.T.);
#888=EDGE_CURVE('',#696,#697,#467,.T.);
#889=EDGE_CURVE('',#698,#696,#468,.T.);
#890=EDGE_CURVE('',#699,#698,#469,.T.);
#891=EDGE_CURVE('',#697,#699,#470,.T.);
#892=EDGE_CURVE('',#698,#694,#471,.T.);
#893=EDGE_CURVE('',#698,#692,#349,.T.);
#894=EDGE_CURVE('',#700,#699,#350,.T.);
#895=EDGE_CURVE('',#700,#701,#472,.T.);
#896=EDGE_CURVE('',#701,#697,#351,.T.);
#897=EDGE_CURVE('',#701,#702,#473,.T.);
#898=EDGE_CURVE('',#702,#696,#352,.T.);
#899=EDGE_CURVE('',#702,#703,#474,.T.);
#900=EDGE_CURVE('',#704,#702,#475,.T.);
#901=EDGE_CURVE('',#705,#704,#476,.T.);
#902=EDGE_CURVE('',#703,#705,#477,.T.);
#903=EDGE_CURVE('',#704,#700,#478,.T.);
#904=EDGE_CURVE('',#704,#698,#353,.T.);
#905=EDGE_CURVE('',#706,#705,#354,.T.);
#906=EDGE_CURVE('',#706,#707,#479,.T.);
#907=EDGE_CURVE('',#707,#703,#355,.T.);
#908=EDGE_CURVE('',#707,#708,#480,.T.);
#909=EDGE_CURVE('',#708,#702,#356,.T.);
#910=EDGE_CURVE('',#708,#709,#481,.T.);
#911=EDGE_CURVE('',#710,#708,#482,.T.);
#912=EDGE_CURVE('',#711,#710,#483,.T.);
#913=EDGE_CURVE('',#709,#711,#484,.T.);
#914=EDGE_CURVE('',#710,#706,#485,.T.);
#915=EDGE_CURVE('',#710,#704,#357,.T.);
#916=EDGE_CURVE('',#712,#711,#358,.T.);
#917=EDGE_CURVE('',#712,#713,#486,.T.);
#918=EDGE_CURVE('',#713,#709,#359,.T.);
#919=EDGE_CURVE('',#713,#714,#487,.T.);
#920=EDGE_CURVE('',#714,#708,#360,.T.);
#921=EDGE_CURVE('',#714,#715,#488,.T.);
#922=EDGE_CURVE('',#716,#714,#489,.T.);
#923=EDGE_CURVE('',#717,#716,#490,.T.);
#924=EDGE_CURVE('',#715,#717,#491,.T.);
#925=EDGE_CURVE('',#716,#712,#492,.T.);
#926=EDGE_CURVE('',#716,#710,#361,.T.);
#927=EDGE_CURVE('',#718,#717,#362,.T.);
#928=EDGE_CURVE('',#718,#719,#493,.T.);
#929=EDGE_CURVE('',#719,#715,#363,.T.);
#930=EDGE_CURVE('',#719,#720,#494,.T.);
#931=EDGE_CURVE('',#720,#721,#364,.T.);
#932=EDGE_CURVE('',#721,#714,#365,.T.);
#933=EDGE_CURVE('',#720,#722,#495,.T.);
#934=EDGE_CURVE('',#723,#720,#496,.T.);
#935=EDGE_CURVE('',#724,#723,#497,.T.);
#936=EDGE_CURVE('',#722,#724,#498,.T.);
#937=EDGE_CURVE('',#723,#718,#499,.T.);
#938=EDGE_CURVE('',#723,#716,#366,.T.);
#939=EDGE_CURVE('',#725,#724,#367,.T.);
#940=EDGE_CURVE('',#725,#726,#500,.T.);
#941=EDGE_CURVE('',#726,#722,#368,.T.);
#942=EDGE_CURVE('',#726,#727,#501,.T.);
#943=EDGE_CURVE('',#727,#720,#369,.T.);
#944=EDGE_CURVE('',#727,#728,#502,.T.);
#945=EDGE_CURVE('',#729,#727,#503,.T.);
#946=EDGE_CURVE('',#730,#729,#504,.T.);
#947=EDGE_CURVE('',#728,#730,#505,.T.);
#948=EDGE_CURVE('',#729,#725,#506,.T.);
#949=EDGE_CURVE('',#731,#723,#370,.T.);
#950=EDGE_CURVE('',#729,#731,#371,.T.);
#951=EDGE_CURVE('',#732,#730,#372,.T.);
#952=EDGE_CURVE('',#732,#733,#507,.T.);
#953=EDGE_CURVE('',#733,#728,#373,.T.);
#954=EDGE_CURVE('',#733,#734,#508,.T.);
#955=EDGE_CURVE('',#734,#727,#374,.T.);
#956=EDGE_CURVE('',#734,#735,#509,.T.);
#957=EDGE_CURVE('',#736,#734,#510,.T.);
#958=EDGE_CURVE('',#737,#736,#511,.T.);
#959=EDGE_CURVE('',#735,#737,#512,.T.);
#960=EDGE_CURVE('',#736,#732,#513,.T.);
#961=EDGE_CURVE('',#736,#729,#375,.T.);
#962=EDGE_CURVE('',#738,#737,#376,.T.);
#963=EDGE_CURVE('',#738,#739,#514,.T.);
#964=EDGE_CURVE('',#739,#735,#377,.T.);
#965=EDGE_CURVE('',#739,#740,#515,.T.);
#966=EDGE_CURVE('',#740,#734,#378,.T.);
#967=EDGE_CURVE('',#740,#689,#516,.T.);
#968=EDGE_CURVE('',#686,#740,#517,.T.);
#969=EDGE_CURVE('',#686,#738,#518,.T.);
#970=EDGE_CURVE('',#741,#742,#519,.T.);
#971=EDGE_CURVE('',#742,#743,#520,.T.);
#972=EDGE_CURVE('',#743,#744,#521,.T.);
#973=EDGE_CURVE('',#741,#744,#522,.T.);
#974=EDGE_CURVE('',#742,#745,#523,.T.);
#975=EDGE_CURVE('',#746,#745,#524,.T.);
#976=EDGE_CURVE('',#746,#743,#525,.T.);
#977=EDGE_CURVE('',#741,#747,#379,.T.);
#978=EDGE_CURVE('',#747,#748,#526,.T.);
#979=EDGE_CURVE('',#748,#749,#527,.T.);
#980=EDGE_CURVE('',#749,#750,#380,.T.);
#981=EDGE_CURVE('',#751,#750,#528,.T.);
#982=EDGE_CURVE('',#752,#751,#529,.T.);
#983=EDGE_CURVE('',#752,#753,#381,.T.);
#984=EDGE_CURVE('',#754,#753,#530,.T.);
#985=EDGE_CURVE('',#755,#754,#531,.T.);
#986=EDGE_CURVE('',#755,#756,#382,.T.);
#987=EDGE_CURVE('',#757,#756,#532,.T.);
#988=EDGE_CURVE('',#758,#757,#533,.T.);
#989=EDGE_CURVE('',#758,#759,#383,.T.);
#990=EDGE_CURVE('',#760,#759,#534,.T.);
#991=EDGE_CURVE('',#761,#760,#535,.T.);
#992=EDGE_CURVE('',#761,#762,#384,.T.);
#993=EDGE_CURVE('',#763,#762,#536,.T.);
#994=EDGE_CURVE('',#764,#763,#537,.T.);
#995=EDGE_CURVE('',#764,#765,#385,.T.);
#996=EDGE_CURVE('',#766,#765,#538,.T.);
#997=EDGE_CURVE('',#767,#766,#539,.T.);
#998=EDGE_CURVE('',#767,#768,#386,.T.);
#999=EDGE_CURVE('',#769,#768,#540,.T.);
#1000=EDGE_CURVE('',#770,#769,#541,.T.);
#1001=EDGE_CURVE('',#770,#771,#387,.T.);
#1002=EDGE_CURVE('',#772,#771,#542,.T.);
#1003=EDGE_CURVE('',#773,#772,#543,.T.);
#1004=EDGE_CURVE('',#773,#745,#388,.T.);
#1005=EDGE_CURVE('',#774,#774,#389,.T.);
#1006=EDGE_CURVE('',#744,#775,#390,.T.);
#1007=EDGE_CURVE('',#775,#747,#544,.T.);
#1008=EDGE_CURVE('',#743,#776,#391,.T.);
#1009=EDGE_CURVE('',#776,#775,#545,.T.);
#1010=EDGE_CURVE('',#686,#736,#392,.T.);
#1011=EDGE_CURVE('',#772,#777,#546,.T.);
#1012=EDGE_CURVE('',#777,#778,#547,.T.);
#1013=EDGE_CURVE('',#773,#778,#548,.T.);
#1014=EDGE_CURVE('',#779,#771,#549,.T.);
#1015=EDGE_CURVE('',#779,#777,#550,.T.);
#1016=EDGE_CURVE('',#778,#746,#393,.T.);
#1017=EDGE_CURVE('',#777,#743,#394,.T.);
#1018=EDGE_CURVE('',#769,#780,#551,.T.);
#1019=EDGE_CURVE('',#780,#781,#552,.T.);
#1020=EDGE_CURVE('',#770,#781,#553,.T.);
#1021=EDGE_CURVE('',#782,#768,#554,.T.);
#1022=EDGE_CURVE('',#782,#780,#555,.T.);
#1023=EDGE_CURVE('',#781,#779,#395,.T.);
#1024=EDGE_CURVE('',#780,#777,#396,.T.);
#1025=EDGE_CURVE('',#766,#783,#556,.T.);
#1026=EDGE_CURVE('',#783,#784,#557,.T.);
#1027=EDGE_CURVE('',#767,#784,#558,.T.);
#1028=EDGE_CURVE('',#785,#765,#559,.T.);
#1029=EDGE_CURVE('',#785,#783,#560,.T.);
#1030=EDGE_CURVE('',#784,#782,#397,.T.);
#1031=EDGE_CURVE('',#783,#780,#398,.T.);
#1032=EDGE_CURVE('',#763,#786,#561,.T.);
#1033=EDGE_CURVE('',#786,#787,#562,.T.);
#1034=EDGE_CURVE('',#764,#787,#563,.T.);
#1035=EDGE_CURVE('',#788,#762,#564,.T.);
#1036=EDGE_CURVE('',#788,#786,#565,.T.);
#1037=EDGE_CURVE('',#787,#785,#399,.T.);
#1038=EDGE_CURVE('',#786,#783,#400,.T.);
#1039=EDGE_CURVE('',#760,#789,#566,.T.);
#1040=EDGE_CURVE('',#789,#790,#567,.T.);
#1041=EDGE_CURVE('',#761,#790,#568,.T.);
#1042=EDGE_CURVE('',#791,#759,#569,.T.);
#1043=EDGE_CURVE('',#791,#789,#570,.T.);
#1044=EDGE_CURVE('',#790,#788,#401,.T.);
#1045=EDGE_CURVE('',#789,#786,#402,.T.);
#1046=EDGE_CURVE('',#757,#792,#571,.T.);
#1047=EDGE_CURVE('',#792,#793,#572,.T.);
#1048=EDGE_CURVE('',#758,#793,#573,.T.);
#1049=EDGE_CURVE('',#794,#756,#574,.T.);
#1050=EDGE_CURVE('',#794,#792,#575,.T.);
#1051=EDGE_CURVE('',#793,#791,#403,.T.);
#1052=EDGE_CURVE('',#792,#789,#404,.T.);
#1053=EDGE_CURVE('',#754,#795,#576,.T.);
#1054=EDGE_CURVE('',#795,#796,#577,.T.);
#1055=EDGE_CURVE('',#755,#796,#578,.T.);
#1056=EDGE_CURVE('',#797,#753,#579,.T.);
#1057=EDGE_CURVE('',#797,#795,#580,.T.);
#1058=EDGE_CURVE('',#796,#794,#405,.T.);
#1059=EDGE_CURVE('',#795,#792,#406,.T.);
#1060=EDGE_CURVE('',#751,#798,#581,.T.);
#1061=EDGE_CURVE('',#798,#799,#582,.T.);
#1062=EDGE_CURVE('',#752,#799,#583,.T.);
#1063=EDGE_CURVE('',#800,#750,#584,.T.);
#1064=EDGE_CURVE('',#800,#798,#585,.T.);
#1065=EDGE_CURVE('',#749,#801,#586,.T.);
#1066=EDGE_CURVE('',#801,#800,#407,.T.);
#1067=EDGE_CURVE('',#799,#797,#408,.T.);
#1068=EDGE_CURVE('',#801,#776,#587,.T.);
#1069=EDGE_CURVE('',#776,#798,#409,.T.);
#1070=EDGE_CURVE('',#798,#802,#410,.T.);
#1071=EDGE_CURVE('',#802,#795,#411,.T.);
#1072=EDGE_CURVE('',#679,#740,#412,.T.);
#1073=EDGE_CURVE('',#748,#776,#588,.T.);
#1074=EDGE_CURVE('',#803,#803,#413,.T.);
#1075=EDGE_CURVE('',#803,#804,#614,.T.);
#1076=EDGE_CURVE('',#804,#644,#589,.T.);
#1077=EDGE_CURVE('',#643,#678,#590,.T.);
#1078=EDGE_CURVE('',#677,#804,#591,.T.);
#1079=EDGE_CURVE('',#676,#674,#592,.T.);
#1080=EDGE_CURVE('',#675,#673,#593,.T.);
#1081=EDGE_CURVE('',#656,#654,#594,.T.);
#1082=EDGE_CURVE('',#805,#658,#595,.T.);
#1083=EDGE_CURVE('',#661,#805,#596,.T.);
#1084=EDGE_CURVE('',#806,#806,#414,.T.);
#1085=EDGE_CURVE('',#805,#774,#615,.T.);
#1086=EDGE_CURVE('',#657,#662,#597,.T.);
#1087=EDGE_CURVE('',#653,#655,#598,.T.);
#1088=EDGE_CURVE('',#807,#808,#415,.T.);
#1089=EDGE_CURVE('',#808,#807,#416,.T.);
#1090=EDGE_CURVE('',#807,#806,#616,.T.);
#1091=EDGE_CURVE('',#809,#809,#417,.T.);
#1092=EDGE_CURVE('',#809,#808,#617,.T.);
#1093=EDGE_CURVE('',#810,#810,#418,.T.);
#1094=EDGE_CURVE('',#721,#810,#618,.T.);
#1095=EDGE_CURVE('',#802,#731,#619,.T.);
#1096=ORIENTED_EDGE('',*,*,#811,.T.);
#1097=ORIENTED_EDGE('',*,*,#812,.T.);
#1098=ORIENTED_EDGE('',*,*,#813,.F.);
#1099=ORIENTED_EDGE('',*,*,#814,.T.);
#1100=ORIENTED_EDGE('',*,*,#815,.T.);
#1101=ORIENTED_EDGE('',*,*,#816,.T.);
#1102=ORIENTED_EDGE('',*,*,#811,.F.);
#1103=ORIENTED_EDGE('',*,*,#817,.T.);
#1104=ORIENTED_EDGE('',*,*,#818,.T.);
#1105=ORIENTED_EDGE('',*,*,#819,.T.);
#1106=ORIENTED_EDGE('',*,*,#815,.F.);
#1107=ORIENTED_EDGE('',*,*,#820,.T.);
#1108=ORIENTED_EDGE('',*,*,#821,.T.);
#1109=ORIENTED_EDGE('',*,*,#822,.T.);
#1110=ORIENTED_EDGE('',*,*,#818,.F.);
#1111=ORIENTED_EDGE('',*,*,#823,.T.);
#1112=ORIENTED_EDGE('',*,*,#824,.T.);
#1113=ORIENTED_EDGE('',*,*,#825,.T.);
#1114=ORIENTED_EDGE('',*,*,#821,.F.);
#1115=ORIENTED_EDGE('',*,*,#826,.T.);
#1116=ORIENTED_EDGE('',*,*,#827,.T.);
#1117=ORIENTED_EDGE('',*,*,#828,.T.);
#1118=ORIENTED_EDGE('',*,*,#824,.F.);
#1119=ORIENTED_EDGE('',*,*,#829,.T.);
#1120=ORIENTED_EDGE('',*,*,#830,.F.);
#1121=ORIENTED_EDGE('',*,*,#831,.T.);
#1122=ORIENTED_EDGE('',*,*,#832,.F.);
#1123=ORIENTED_EDGE('',*,*,#833,.T.);
#1124=ORIENTED_EDGE('',*,*,#834,.T.);
#1125=ORIENTED_EDGE('',*,*,#835,.T.);
#1126=ORIENTED_EDGE('',*,*,#836,.F.);
#1127=ORIENTED_EDGE('',*,*,#837,.F.);
#1128=ORIENTED_EDGE('',*,*,#838,.T.);
#1129=ORIENTED_EDGE('',*,*,#839,.T.);
#1130=ORIENTED_EDGE('',*,*,#834,.F.);
#1131=ORIENTED_EDGE('',*,*,#840,.F.);
#1132=ORIENTED_EDGE('',*,*,#841,.T.);
#1133=ORIENTED_EDGE('',*,*,#842,.T.);
#1134=ORIENTED_EDGE('',*,*,#838,.F.);
#1135=ORIENTED_EDGE('',*,*,#843,.F.);
#1136=ORIENTED_EDGE('',*,*,#844,.T.);
#1137=ORIENTED_EDGE('',*,*,#845,.T.);
#1138=ORIENTED_EDGE('',*,*,#841,.F.);
#1139=ORIENTED_EDGE('',*,*,#846,.F.);
#1140=ORIENTED_EDGE('',*,*,#847,.T.);
#1141=ORIENTED_EDGE('',*,*,#848,.T.);
#1142=ORIENTED_EDGE('',*,*,#844,.F.);
#1143=ORIENTED_EDGE('',*,*,#849,.F.);
#1144=ORIENTED_EDGE('',*,*,#850,.T.);
#1145=ORIENTED_EDGE('',*,*,#851,.T.);
#1146=ORIENTED_EDGE('',*,*,#847,.F.);
#1147=ORIENTED_EDGE('',*,*,#852,.F.);
#1148=ORIENTED_EDGE('',*,*,#853,.T.);
#1149=ORIENTED_EDGE('',*,*,#854,.T.);
#1150=ORIENTED_EDGE('',*,*,#850,.F.);
#1151=ORIENTED_EDGE('',*,*,#855,.F.);
#1152=ORIENTED_EDGE('',*,*,#856,.F.);
#1153=ORIENTED_EDGE('',*,*,#857,.F.);
#1154=ORIENTED_EDGE('',*,*,#858,.F.);
#1155=ORIENTED_EDGE('',*,*,#859,.T.);
#1156=ORIENTED_EDGE('',*,*,#860,.F.);
#1157=ORIENTED_EDGE('',*,*,#861,.F.);
#1158=ORIENTED_EDGE('',*,*,#862,.F.);
#1159=ORIENTED_EDGE('',*,*,#863,.F.);
#1160=ORIENTED_EDGE('',*,*,#864,.F.);
#1161=ORIENTED_EDGE('',*,*,#865,.F.);
#1162=ORIENTED_EDGE('',*,*,#866,.F.);
#1163=ORIENTED_EDGE('',*,*,#861,.T.);
#1164=ORIENTED_EDGE('',*,*,#866,.T.);
#1165=ORIENTED_EDGE('',*,*,#867,.T.);
#1166=ORIENTED_EDGE('',*,*,#868,.T.);
#1167=ORIENTED_EDGE('',*,*,#869,.F.);
#1168=ORIENTED_EDGE('',*,*,#863,.T.);
#1169=ORIENTED_EDGE('',*,*,#870,.F.);
#1170=ORIENTED_EDGE('',*,*,#871,.T.);
#1171=ORIENTED_EDGE('',*,*,#872,.T.);
#1172=ORIENTED_EDGE('',*,*,#865,.T.);
#1173=ORIENTED_EDGE('',*,*,#873,.T.);
#1174=ORIENTED_EDGE('',*,*,#874,.T.);
#1175=ORIENTED_EDGE('',*,*,#867,.F.);
#1176=ORIENTED_EDGE('',*,*,#860,.T.);
#1177=ORIENTED_EDGE('',*,*,#872,.F.);
#1178=ORIENTED_EDGE('',*,*,#875,.T.);
#1179=ORIENTED_EDGE('',*,*,#876,.T.);
#1180=ORIENTED_EDGE('',*,*,#877,.F.);
#1181=ORIENTED_EDGE('',*,*,#878,.F.);
#1182=ORIENTED_EDGE('',*,*,#879,.F.);
#1183=ORIENTED_EDGE('',*,*,#880,.F.);
#1184=ORIENTED_EDGE('',*,*,#875,.F.);
#1185=ORIENTED_EDGE('',*,*,#871,.F.);
#1186=ORIENTED_EDGE('',*,*,#881,.F.);
#1187=ORIENTED_EDGE('',*,*,#878,.T.);
#1188=ORIENTED_EDGE('',*,*,#862,.T.);
#1189=ORIENTED_EDGE('',*,*,#882,.F.);
#1190=ORIENTED_EDGE('',*,*,#881,.T.);
#1191=ORIENTED_EDGE('',*,*,#870,.T.);
#1192=ORIENTED_EDGE('',*,*,#880,.T.);
#1193=ORIENTED_EDGE('',*,*,#883,.F.);
#1194=ORIENTED_EDGE('',*,*,#884,.T.);
#1195=ORIENTED_EDGE('',*,*,#885,.T.);
#1196=ORIENTED_EDGE('',*,*,#877,.T.);
#1197=ORIENTED_EDGE('',*,*,#885,.F.);
#1198=ORIENTED_EDGE('',*,*,#886,.T.);
#1199=ORIENTED_EDGE('',*,*,#887,.T.);
#1200=ORIENTED_EDGE('',*,*,#888,.F.);
#1201=ORIENTED_EDGE('',*,*,#889,.F.);
#1202=ORIENTED_EDGE('',*,*,#890,.F.);
#1203=ORIENTED_EDGE('',*,*,#891,.F.);
#1204=ORIENTED_EDGE('',*,*,#886,.F.);
#1205=ORIENTED_EDGE('',*,*,#884,.F.);
#1206=ORIENTED_EDGE('',*,*,#892,.F.);
#1207=ORIENTED_EDGE('',*,*,#889,.T.);
#1208=ORIENTED_EDGE('',*,*,#879,.T.);
#1209=ORIENTED_EDGE('',*,*,#893,.F.);
#1210=ORIENTED_EDGE('',*,*,#892,.T.);
#1211=ORIENTED_EDGE('',*,*,#883,.T.);
#1212=ORIENTED_EDGE('',*,*,#891,.T.);
#1213=ORIENTED_EDGE('',*,*,#894,.F.);
#1214=ORIENTED_EDGE('',*,*,#895,.T.);
#1215=ORIENTED_EDGE('',*,*,#896,.T.);
#1216=ORIENTED_EDGE('',*,*,#888,.T.);
#1217=ORIENTED_EDGE('',*,*,#896,.F.);
#1218=ORIENTED_EDGE('',*,*,#897,.T.);
#1219=ORIENTED_EDGE('',*,*,#898,.T.);
#1220=ORIENTED_EDGE('',*,*,#899,.F.);
#1221=ORIENTED_EDGE('',*,*,#900,.F.);
#1222=ORIENTED_EDGE('',*,*,#901,.F.);
#1223=ORIENTED_EDGE('',*,*,#902,.F.);
#1224=ORIENTED_EDGE('',*,*,#897,.F.);
#1225=ORIENTED_EDGE('',*,*,#895,.F.);
#1226=ORIENTED_EDGE('',*,*,#903,.F.);
#1227=ORIENTED_EDGE('',*,*,#900,.T.);
#1228=ORIENTED_EDGE('',*,*,#890,.T.);
#1229=ORIENTED_EDGE('',*,*,#904,.F.);
#1230=ORIENTED_EDGE('',*,*,#903,.T.);
#1231=ORIENTED_EDGE('',*,*,#894,.T.);
#1232=ORIENTED_EDGE('',*,*,#902,.T.);
#1233=ORIENTED_EDGE('',*,*,#905,.F.);
#1234=ORIENTED_EDGE('',*,*,#906,.T.);
#1235=ORIENTED_EDGE('',*,*,#907,.T.);
#1236=ORIENTED_EDGE('',*,*,#899,.T.);
#1237=ORIENTED_EDGE('',*,*,#907,.F.);
#1238=ORIENTED_EDGE('',*,*,#908,.T.);
#1239=ORIENTED_EDGE('',*,*,#909,.T.);
#1240=ORIENTED_EDGE('',*,*,#910,.F.);
#1241=ORIENTED_EDGE('',*,*,#911,.F.);
#1242=ORIENTED_EDGE('',*,*,#912,.F.);
#1243=ORIENTED_EDGE('',*,*,#913,.F.);
#1244=ORIENTED_EDGE('',*,*,#908,.F.);
#1245=ORIENTED_EDGE('',*,*,#906,.F.);
#1246=ORIENTED_EDGE('',*,*,#914,.F.);
#1247=ORIENTED_EDGE('',*,*,#911,.T.);
#1248=ORIENTED_EDGE('',*,*,#901,.T.);
#1249=ORIENTED_EDGE('',*,*,#915,.F.);
#1250=ORIENTED_EDGE('',*,*,#914,.T.);
#1251=ORIENTED_EDGE('',*,*,#905,.T.);
#1252=ORIENTED_EDGE('',*,*,#913,.T.);
#1253=ORIENTED_EDGE('',*,*,#916,.F.);
#1254=ORIENTED_EDGE('',*,*,#917,.T.);
#1255=ORIENTED_EDGE('',*,*,#918,.T.);
#1256=ORIENTED_EDGE('',*,*,#910,.T.);
#1257=ORIENTED_EDGE('',*,*,#918,.F.);
#1258=ORIENTED_EDGE('',*,*,#919,.T.);
#1259=ORIENTED_EDGE('',*,*,#920,.T.);
#1260=ORIENTED_EDGE('',*,*,#921,.F.);
#1261=ORIENTED_EDGE('',*,*,#922,.F.);
#1262=ORIENTED_EDGE('',*,*,#923,.F.);
#1263=ORIENTED_EDGE('',*,*,#924,.F.);
#1264=ORIENTED_EDGE('',*,*,#919,.F.);
#1265=ORIENTED_EDGE('',*,*,#917,.F.);
#1266=ORIENTED_EDGE('',*,*,#925,.F.);
#1267=ORIENTED_EDGE('',*,*,#922,.T.);
#1268=ORIENTED_EDGE('',*,*,#912,.T.);
#1269=ORIENTED_EDGE('',*,*,#926,.F.);
#1270=ORIENTED_EDGE('',*,*,#925,.T.);
#1271=ORIENTED_EDGE('',*,*,#916,.T.);
#1272=ORIENTED_EDGE('',*,*,#924,.T.);
#1273=ORIENTED_EDGE('',*,*,#927,.F.);
#1274=ORIENTED_EDGE('',*,*,#928,.T.);
#1275=ORIENTED_EDGE('',*,*,#929,.T.);
#1276=ORIENTED_EDGE('',*,*,#921,.T.);
#1277=ORIENTED_EDGE('',*,*,#929,.F.);
#1278=ORIENTED_EDGE('',*,*,#930,.T.);
#1279=ORIENTED_EDGE('',*,*,#931,.T.);
#1280=ORIENTED_EDGE('',*,*,#932,.T.);
#1281=ORIENTED_EDGE('',*,*,#933,.F.);
#1282=ORIENTED_EDGE('',*,*,#934,.F.);
#1283=ORIENTED_EDGE('',*,*,#935,.F.);
#1284=ORIENTED_EDGE('',*,*,#936,.F.);
#1285=ORIENTED_EDGE('',*,*,#930,.F.);
#1286=ORIENTED_EDGE('',*,*,#928,.F.);
#1287=ORIENTED_EDGE('',*,*,#937,.F.);
#1288=ORIENTED_EDGE('',*,*,#934,.T.);
#1289=ORIENTED_EDGE('',*,*,#923,.T.);
#1290=ORIENTED_EDGE('',*,*,#938,.F.);
#1291=ORIENTED_EDGE('',*,*,#937,.T.);
#1292=ORIENTED_EDGE('',*,*,#927,.T.);
#1293=ORIENTED_EDGE('',*,*,#936,.T.);
#1294=ORIENTED_EDGE('',*,*,#939,.F.);
#1295=ORIENTED_EDGE('',*,*,#940,.T.);
#1296=ORIENTED_EDGE('',*,*,#941,.T.);
#1297=ORIENTED_EDGE('',*,*,#933,.T.);
#1298=ORIENTED_EDGE('',*,*,#941,.F.);
#1299=ORIENTED_EDGE('',*,*,#942,.T.);
#1300=ORIENTED_EDGE('',*,*,#943,.T.);
#1301=ORIENTED_EDGE('',*,*,#944,.F.);
#1302=ORIENTED_EDGE('',*,*,#945,.F.);
#1303=ORIENTED_EDGE('',*,*,#946,.F.);
#1304=ORIENTED_EDGE('',*,*,#947,.F.);
#1305=ORIENTED_EDGE('',*,*,#942,.F.);
#1306=ORIENTED_EDGE('',*,*,#940,.F.);
#1307=ORIENTED_EDGE('',*,*,#948,.F.);
#1308=ORIENTED_EDGE('',*,*,#945,.T.);
#1309=ORIENTED_EDGE('',*,*,#935,.T.);
#1310=ORIENTED_EDGE('',*,*,#949,.F.);
#1311=ORIENTED_EDGE('',*,*,#950,.F.);
#1312=ORIENTED_EDGE('',*,*,#948,.T.);
#1313=ORIENTED_EDGE('',*,*,#939,.T.);
#1314=ORIENTED_EDGE('',*,*,#947,.T.);
#1315=ORIENTED_EDGE('',*,*,#951,.F.);
#1316=ORIENTED_EDGE('',*,*,#952,.T.);
#1317=ORIENTED_EDGE('',*,*,#953,.T.);
#1318=ORIENTED_EDGE('',*,*,#944,.T.);
#1319=ORIENTED_EDGE('',*,*,#953,.F.);
#1320=ORIENTED_EDGE('',*,*,#954,.T.);
#1321=ORIENTED_EDGE('',*,*,#955,.T.);
#1322=ORIENTED_EDGE('',*,*,#956,.F.);
#1323=ORIENTED_EDGE('',*,*,#957,.F.);
#1324=ORIENTED_EDGE('',*,*,#958,.F.);
#1325=ORIENTED_EDGE('',*,*,#959,.F.);
#1326=ORIENTED_EDGE('',*,*,#954,.F.);
#1327=ORIENTED_EDGE('',*,*,#952,.F.);
#1328=ORIENTED_EDGE('',*,*,#960,.F.);
#1329=ORIENTED_EDGE('',*,*,#957,.T.);
#1330=ORIENTED_EDGE('',*,*,#946,.T.);
#1331=ORIENTED_EDGE('',*,*,#961,.F.);
#1332=ORIENTED_EDGE('',*,*,#960,.T.);
#1333=ORIENTED_EDGE('',*,*,#951,.T.);
#1334=ORIENTED_EDGE('',*,*,#959,.T.);
#1335=ORIENTED_EDGE('',*,*,#962,.F.);
#1336=ORIENTED_EDGE('',*,*,#963,.T.);
#1337=ORIENTED_EDGE('',*,*,#964,.T.);
#1338=ORIENTED_EDGE('',*,*,#956,.T.);
#1339=ORIENTED_EDGE('',*,*,#964,.F.);
#1340=ORIENTED_EDGE('',*,*,#965,.T.);
#1341=ORIENTED_EDGE('',*,*,#966,.T.);
#1342=ORIENTED_EDGE('',*,*,#967,.F.);
#1343=ORIENTED_EDGE('',*,*,#968,.F.);
#1344=ORIENTED_EDGE('',*,*,#868,.F.);
#1345=ORIENTED_EDGE('',*,*,#874,.F.);
#1346=ORIENTED_EDGE('',*,*,#965,.F.);
#1347=ORIENTED_EDGE('',*,*,#963,.F.);
#1348=ORIENTED_EDGE('',*,*,#969,.F.);
#1349=ORIENTED_EDGE('',*,*,#968,.T.);
#1350=ORIENTED_EDGE('',*,*,#970,.T.);
#1351=ORIENTED_EDGE('',*,*,#971,.T.);
#1352=ORIENTED_EDGE('',*,*,#972,.T.);
#1353=ORIENTED_EDGE('',*,*,#973,.F.);
#1354=ORIENTED_EDGE('',*,*,#974,.T.);
#1355=ORIENTED_EDGE('',*,*,#975,.F.);
#1356=ORIENTED_EDGE('',*,*,#976,.T.);
#1357=ORIENTED_EDGE('',*,*,#971,.F.);
#1358=ORIENTED_EDGE('',*,*,#974,.F.);
#1359=ORIENTED_EDGE('',*,*,#970,.F.);
#1360=ORIENTED_EDGE('',*,*,#977,.T.);
#1361=ORIENTED_EDGE('',*,*,#978,.T.);
#1362=ORIENTED_EDGE('',*,*,#979,.T.);
#1363=ORIENTED_EDGE('',*,*,#980,.T.);
#1364=ORIENTED_EDGE('',*,*,#981,.F.);
#1365=ORIENTED_EDGE('',*,*,#982,.F.);
#1366=ORIENTED_EDGE('',*,*,#983,.T.);
#1367=ORIENTED_EDGE('',*,*,#984,.F.);
#1368=ORIENTED_EDGE('',*,*,#985,.F.);
#1369=ORIENTED_EDGE('',*,*,#986,.T.);
#1370=ORIENTED_EDGE('',*,*,#987,.F.);
#1371=ORIENTED_EDGE('',*,*,#988,.F.);
#1372=ORIENTED_EDGE('',*,*,#989,.T.);
#1373=ORIENTED_EDGE('',*,*,#990,.F.);
#1374=ORIENTED_EDGE('',*,*,#991,.F.);
#1375=ORIENTED_EDGE('',*,*,#992,.T.);
#1376=ORIENTED_EDGE('',*,*,#993,.F.);
#1377=ORIENTED_EDGE('',*,*,#994,.F.);
#1378=ORIENTED_EDGE('',*,*,#995,.T.);
#1379=ORIENTED_EDGE('',*,*,#996,.F.);
#1380=ORIENTED_EDGE('',*,*,#997,.F.);
#1381=ORIENTED_EDGE('',*,*,#998,.T.);
#1382=ORIENTED_EDGE('',*,*,#999,.F.);
#1383=ORIENTED_EDGE('',*,*,#1000,.F.);
#1384=ORIENTED_EDGE('',*,*,#1001,.T.);
#1385=ORIENTED_EDGE('',*,*,#1002,.F.);
#1386=ORIENTED_EDGE('',*,*,#1003,.F.);
#1387=ORIENTED_EDGE('',*,*,#1004,.T.);
#1388=ORIENTED_EDGE('',*,*,#1005,.F.);
#1389=ORIENTED_EDGE('',*,*,#973,.T.);
#1390=ORIENTED_EDGE('',*,*,#1006,.T.);
#1391=ORIENTED_EDGE('',*,*,#1007,.T.);
#1392=ORIENTED_EDGE('',*,*,#977,.F.);
#1393=ORIENTED_EDGE('',*,*,#972,.F.);
#1394=ORIENTED_EDGE('',*,*,#1008,.T.);
#1395=ORIENTED_EDGE('',*,*,#1009,.T.);
#1396=ORIENTED_EDGE('',*,*,#1006,.F.);
#1397=ORIENTED_EDGE('',*,*,#958,.T.);
#1398=ORIENTED_EDGE('',*,*,#1010,.F.);
#1399=ORIENTED_EDGE('',*,*,#969,.T.);
#1400=ORIENTED_EDGE('',*,*,#962,.T.);
#1401=ORIENTED_EDGE('',*,*,#1003,.T.);
#1402=ORIENTED_EDGE('',*,*,#1011,.T.);
#1403=ORIENTED_EDGE('',*,*,#1012,.T.);
#1404=ORIENTED_EDGE('',*,*,#1013,.F.);
#1405=ORIENTED_EDGE('',*,*,#1002,.T.);
#1406=ORIENTED_EDGE('',*,*,#1014,.F.);
#1407=ORIENTED_EDGE('',*,*,#1015,.T.);
#1408=ORIENTED_EDGE('',*,*,#1011,.F.);
#1409=ORIENTED_EDGE('',*,*,#975,.T.);
#1410=ORIENTED_EDGE('',*,*,#1004,.F.);
#1411=ORIENTED_EDGE('',*,*,#1013,.T.);
#1412=ORIENTED_EDGE('',*,*,#1016,.T.);
#1413=ORIENTED_EDGE('',*,*,#976,.F.);
#1414=ORIENTED_EDGE('',*,*,#1016,.F.);
#1415=ORIENTED_EDGE('',*,*,#1012,.F.);
#1416=ORIENTED_EDGE('',*,*,#1017,.T.);
#1417=ORIENTED_EDGE('',*,*,#1000,.T.);
#1418=ORIENTED_EDGE('',*,*,#1018,.T.);
#1419=ORIENTED_EDGE('',*,*,#1019,.T.);
#1420=ORIENTED_EDGE('',*,*,#1020,.F.);
#1421=ORIENTED_EDGE('',*,*,#999,.T.);
#1422=ORIENTED_EDGE('',*,*,#1021,.F.);
#1423=ORIENTED_EDGE('',*,*,#1022,.T.);
#1424=ORIENTED_EDGE('',*,*,#1018,.F.);
#1425=ORIENTED_EDGE('',*,*,#1014,.T.);
#1426=ORIENTED_EDGE('',*,*,#1001,.F.);
#1427=ORIENTED_EDGE('',*,*,#1020,.T.);
#1428=ORIENTED_EDGE('',*,*,#1023,.T.);
#1429=ORIENTED_EDGE('',*,*,#1015,.F.);
#1430=ORIENTED_EDGE('',*,*,#1023,.F.);
#1431=ORIENTED_EDGE('',*,*,#1019,.F.);
#1432=ORIENTED_EDGE('',*,*,#1024,.T.);
#1433=ORIENTED_EDGE('',*,*,#997,.T.);
#1434=ORIENTED_EDGE('',*,*,#1025,.T.);
#1435=ORIENTED_EDGE('',*,*,#1026,.T.);
#1436=ORIENTED_EDGE('',*,*,#1027,.F.);
#1437=ORIENTED_EDGE('',*,*,#996,.T.);
#1438=ORIENTED_EDGE('',*,*,#1028,.F.);
#1439=ORIENTED_EDGE('',*,*,#1029,.T.);
#1440=ORIENTED_EDGE('',*,*,#1025,.F.);
#1441=ORIENTED_EDGE('',*,*,#1021,.T.);
#1442=ORIENTED_EDGE('',*,*,#998,.F.);
#1443=ORIENTED_EDGE('',*,*,#1027,.T.);
#1444=ORIENTED_EDGE('',*,*,#1030,.T.);
#1445=ORIENTED_EDGE('',*,*,#1022,.F.);
#1446=ORIENTED_EDGE('',*,*,#1030,.F.);
#1447=ORIENTED_EDGE('',*,*,#1026,.F.);
#1448=ORIENTED_EDGE('',*,*,#1031,.T.);
#1449=ORIENTED_EDGE('',*,*,#994,.T.);
#1450=ORIENTED_EDGE('',*,*,#1032,.T.);
#1451=ORIENTED_EDGE('',*,*,#1033,.T.);
#1452=ORIENTED_EDGE('',*,*,#1034,.F.);
#1453=ORIENTED_EDGE('',*,*,#993,.T.);
#1454=ORIENTED_EDGE('',*,*,#1035,.F.);
#1455=ORIENTED_EDGE('',*,*,#1036,.T.);
#1456=ORIENTED_EDGE('',*,*,#1032,.F.);
#1457=ORIENTED_EDGE('',*,*,#1028,.T.);
#1458=ORIENTED_EDGE('',*,*,#995,.F.);
#1459=ORIENTED_EDGE('',*,*,#1034,.T.);
#1460=ORIENTED_EDGE('',*,*,#1037,.T.);
#1461=ORIENTED_EDGE('',*,*,#1029,.F.);
#1462=ORIENTED_EDGE('',*,*,#1037,.F.);
#1463=ORIENTED_EDGE('',*,*,#1033,.F.);
#1464=ORIENTED_EDGE('',*,*,#1038,.T.);
#1465=ORIENTED_EDGE('',*,*,#991,.T.);
#1466=ORIENTED_EDGE('',*,*,#1039,.T.);
#1467=ORIENTED_EDGE('',*,*,#1040,.T.);
#1468=ORIENTED_EDGE('',*,*,#1041,.F.);
#1469=ORIENTED_EDGE('',*,*,#990,.T.);
#1470=ORIENTED_EDGE('',*,*,#1042,.F.);
#1471=ORIENTED_EDGE('',*,*,#1043,.T.);
#1472=ORIENTED_EDGE('',*,*,#1039,.F.);
#1473=ORIENTED_EDGE('',*,*,#1035,.T.);
#1474=ORIENTED_EDGE('',*,*,#992,.F.);
#1475=ORIENTED_EDGE('',*,*,#1041,.T.);
#1476=ORIENTED_EDGE('',*,*,#1044,.T.);
#1477=ORIENTED_EDGE('',*,*,#1036,.F.);
#1478=ORIENTED_EDGE('',*,*,#1044,.F.);
#1479=ORIENTED_EDGE('',*,*,#1040,.F.);
#1480=ORIENTED_EDGE('',*,*,#1045,.T.);
#1481=ORIENTED_EDGE('',*,*,#988,.T.);
#1482=ORIENTED_EDGE('',*,*,#1046,.T.);
#1483=ORIENTED_EDGE('',*,*,#1047,.T.);
#1484=ORIENTED_EDGE('',*,*,#1048,.F.);
#1485=ORIENTED_EDGE('',*,*,#987,.T.);
#1486=ORIENTED_EDGE('',*,*,#1049,.F.);
#1487=ORIENTED_EDGE('',*,*,#1050,.T.);
#1488=ORIENTED_EDGE('',*,*,#1046,.F.);
#1489=ORIENTED_EDGE('',*,*,#1042,.T.);
#1490=ORIENTED_EDGE('',*,*,#989,.F.);
#1491=ORIENTED_EDGE('',*,*,#1048,.T.);
#1492=ORIENTED_EDGE('',*,*,#1051,.T.);
#1493=ORIENTED_EDGE('',*,*,#1043,.F.);
#1494=ORIENTED_EDGE('',*,*,#1051,.F.);
#1495=ORIENTED_EDGE('',*,*,#1047,.F.);
#1496=ORIENTED_EDGE('',*,*,#1052,.T.);
#1497=ORIENTED_EDGE('',*,*,#985,.T.);
#1498=ORIENTED_EDGE('',*,*,#1053,.T.);
#1499=ORIENTED_EDGE('',*,*,#1054,.T.);
#1500=ORIENTED_EDGE('',*,*,#1055,.F.);
#1501=ORIENTED_EDGE('',*,*,#984,.T.);
#1502=ORIENTED_EDGE('',*,*,#1056,.F.);
#1503=ORIENTED_EDGE('',*,*,#1057,.T.);
#1504=ORIENTED_EDGE('',*,*,#1053,.F.);
#1505=ORIENTED_EDGE('',*,*,#1049,.T.);
#1506=ORIENTED_EDGE('',*,*,#986,.F.);
#1507=ORIENTED_EDGE('',*,*,#1055,.T.);
#1508=ORIENTED_EDGE('',*,*,#1058,.T.);
#1509=ORIENTED_EDGE('',*,*,#1050,.F.);
#1510=ORIENTED_EDGE('',*,*,#1058,.F.);
#1511=ORIENTED_EDGE('',*,*,#1054,.F.);
#1512=ORIENTED_EDGE('',*,*,#1059,.T.);
#1513=ORIENTED_EDGE('',*,*,#982,.T.);
#1514=ORIENTED_EDGE('',*,*,#1060,.T.);
#1515=ORIENTED_EDGE('',*,*,#1061,.T.);
#1516=ORIENTED_EDGE('',*,*,#1062,.F.);
#1517=ORIENTED_EDGE('',*,*,#981,.T.);
#1518=ORIENTED_EDGE('',*,*,#1063,.F.);
#1519=ORIENTED_EDGE('',*,*,#1064,.T.);
#1520=ORIENTED_EDGE('',*,*,#1060,.F.);
#1521=ORIENTED_EDGE('',*,*,#1063,.T.);
#1522=ORIENTED_EDGE('',*,*,#980,.F.);
#1523=ORIENTED_EDGE('',*,*,#1065,.T.);
#1524=ORIENTED_EDGE('',*,*,#1066,.T.);
#1525=ORIENTED_EDGE('',*,*,#1056,.T.);
#1526=ORIENTED_EDGE('',*,*,#983,.F.);
#1527=ORIENTED_EDGE('',*,*,#1062,.T.);
#1528=ORIENTED_EDGE('',*,*,#1067,.T.);
#1529=ORIENTED_EDGE('',*,*,#1064,.F.);
#1530=ORIENTED_EDGE('',*,*,#1066,.F.);
#1531=ORIENTED_EDGE('',*,*,#1068,.T.);
#1532=ORIENTED_EDGE('',*,*,#1069,.T.);
#1533=ORIENTED_EDGE('',*,*,#1057,.F.);
#1534=ORIENTED_EDGE('',*,*,#1067,.F.);
#1535=ORIENTED_EDGE('',*,*,#1061,.F.);
#1536=ORIENTED_EDGE('',*,*,#1070,.T.);
#1537=ORIENTED_EDGE('',*,*,#1071,.T.);
#1538=ORIENTED_EDGE('',*,*,#864,.T.);
#1539=ORIENTED_EDGE('',*,*,#1072,.T.);
#1540=ORIENTED_EDGE('',*,*,#967,.T.);
#1541=ORIENTED_EDGE('',*,*,#873,.F.);
#1542=ORIENTED_EDGE('',*,*,#979,.F.);
#1543=ORIENTED_EDGE('',*,*,#1073,.T.);
#1544=ORIENTED_EDGE('',*,*,#1068,.F.);
#1545=ORIENTED_EDGE('',*,*,#1065,.F.);
#1546=ORIENTED_EDGE('',*,*,#978,.F.);
#1547=ORIENTED_EDGE('',*,*,#1007,.F.);
#1548=ORIENTED_EDGE('',*,*,#1009,.F.);
#1549=ORIENTED_EDGE('',*,*,#1073,.F.);
#1550=ORIENTED_EDGE('',*,*,#1074,.T.);
#1551=ORIENTED_EDGE('',*,*,#1075,.T.);
#1552=ORIENTED_EDGE('',*,*,#1076,.T.);
#1553=ORIENTED_EDGE('',*,*,#813,.T.);
#1554=ORIENTED_EDGE('',*,*,#1077,.T.);
#1555=ORIENTED_EDGE('',*,*,#858,.T.);
#1556=ORIENTED_EDGE('',*,*,#1078,.T.);
#1557=ORIENTED_EDGE('',*,*,#1075,.F.);
#1558=ORIENTED_EDGE('',*,*,#856,.T.);
#1559=ORIENTED_EDGE('',*,*,#1079,.T.);
#1560=ORIENTED_EDGE('',*,*,#853,.F.);
#1561=ORIENTED_EDGE('',*,*,#1080,.F.);
#1562=ORIENTED_EDGE('',*,*,#1077,.F.);
#1563=ORIENTED_EDGE('',*,*,#812,.F.);
#1564=ORIENTED_EDGE('',*,*,#816,.F.);
#1565=ORIENTED_EDGE('',*,*,#819,.F.);
#1566=ORIENTED_EDGE('',*,*,#822,.F.);
#1567=ORIENTED_EDGE('',*,*,#825,.F.);
#1568=ORIENTED_EDGE('',*,*,#828,.F.);
#1569=ORIENTED_EDGE('',*,*,#1081,.F.);
#1570=ORIENTED_EDGE('',*,*,#833,.F.);
#1571=ORIENTED_EDGE('',*,*,#1082,.F.);
#1572=ORIENTED_EDGE('',*,*,#1083,.F.);
#1573=ORIENTED_EDGE('',*,*,#835,.F.);
#1574=ORIENTED_EDGE('',*,*,#839,.F.);
#1575=ORIENTED_EDGE('',*,*,#842,.F.);
#1576=ORIENTED_EDGE('',*,*,#845,.F.);
#1577=ORIENTED_EDGE('',*,*,#848,.F.);
#1578=ORIENTED_EDGE('',*,*,#851,.F.);
#1579=ORIENTED_EDGE('',*,*,#854,.F.);
#1580=ORIENTED_EDGE('',*,*,#1079,.F.);
#1581=ORIENTED_EDGE('',*,*,#859,.F.);
#1582=ORIENTED_EDGE('',*,*,#1084,.F.);
#1583=ORIENTED_EDGE('',*,*,#1074,.F.);
#1584=ORIENTED_EDGE('',*,*,#1083,.T.);
#1585=ORIENTED_EDGE('',*,*,#1085,.T.);
#1586=ORIENTED_EDGE('',*,*,#1005,.T.);
#1587=ORIENTED_EDGE('',*,*,#1085,.F.);
#1588=ORIENTED_EDGE('',*,*,#1082,.T.);
#1589=ORIENTED_EDGE('',*,*,#832,.T.);
#1590=ORIENTED_EDGE('',*,*,#1086,.T.);
#1591=ORIENTED_EDGE('',*,*,#836,.T.);
#1592=ORIENTED_EDGE('',*,*,#1078,.F.);
#1593=ORIENTED_EDGE('',*,*,#857,.T.);
#1594=ORIENTED_EDGE('',*,*,#1080,.T.);
#1595=ORIENTED_EDGE('',*,*,#855,.T.);
#1596=ORIENTED_EDGE('',*,*,#852,.T.);
#1597=ORIENTED_EDGE('',*,*,#849,.T.);
#1598=ORIENTED_EDGE('',*,*,#846,.T.);
#1599=ORIENTED_EDGE('',*,*,#843,.T.);
#1600=ORIENTED_EDGE('',*,*,#840,.T.);
#1601=ORIENTED_EDGE('',*,*,#837,.T.);
#1602=ORIENTED_EDGE('',*,*,#1086,.F.);
#1603=ORIENTED_EDGE('',*,*,#831,.F.);
#1604=ORIENTED_EDGE('',*,*,#1087,.F.);
#1605=ORIENTED_EDGE('',*,*,#829,.F.);
#1606=ORIENTED_EDGE('',*,*,#826,.F.);
#1607=ORIENTED_EDGE('',*,*,#823,.F.);
#1608=ORIENTED_EDGE('',*,*,#820,.F.);
#1609=ORIENTED_EDGE('',*,*,#817,.F.);
#1610=ORIENTED_EDGE('',*,*,#814,.F.);
#1611=ORIENTED_EDGE('',*,*,#1076,.F.);
#1612=ORIENTED_EDGE('',*,*,#1088,.T.);
#1613=ORIENTED_EDGE('',*,*,#1089,.T.);
#1614=ORIENTED_EDGE('',*,*,#1090,.T.);
#1615=ORIENTED_EDGE('',*,*,#1084,.T.);
#1616=ORIENTED_EDGE('',*,*,#1090,.F.);
#1617=ORIENTED_EDGE('',*,*,#1091,.F.);
#1618=ORIENTED_EDGE('',*,*,#1092,.T.);
#1619=ORIENTED_EDGE('',*,*,#1088,.F.);
#1620=ORIENTED_EDGE('',*,*,#1089,.F.);
#1621=ORIENTED_EDGE('',*,*,#1092,.F.);
#1622=ORIENTED_EDGE('',*,*,#1091,.T.);
#1623=ORIENTED_EDGE('',*,*,#1093,.F.);
#1624=ORIENTED_EDGE('',*,*,#966,.F.);
#1625=ORIENTED_EDGE('',*,*,#1072,.F.);
#1626=ORIENTED_EDGE('',*,*,#876,.F.);
#1627=ORIENTED_EDGE('',*,*,#887,.F.);
#1628=ORIENTED_EDGE('',*,*,#898,.F.);
#1629=ORIENTED_EDGE('',*,*,#909,.F.);
#1630=ORIENTED_EDGE('',*,*,#920,.F.);
#1631=ORIENTED_EDGE('',*,*,#932,.F.);
#1632=ORIENTED_EDGE('',*,*,#1094,.T.);
#1633=ORIENTED_EDGE('',*,*,#1093,.T.);
#1634=ORIENTED_EDGE('',*,*,#1094,.F.);
#1635=ORIENTED_EDGE('',*,*,#931,.F.);
#1636=ORIENTED_EDGE('',*,*,#943,.F.);
#1637=ORIENTED_EDGE('',*,*,#955,.F.);
#1638=ORIENTED_EDGE('',*,*,#1017,.F.);
#1639=ORIENTED_EDGE('',*,*,#1024,.F.);
#1640=ORIENTED_EDGE('',*,*,#1031,.F.);
#1641=ORIENTED_EDGE('',*,*,#1038,.F.);
#1642=ORIENTED_EDGE('',*,*,#1045,.F.);
#1643=ORIENTED_EDGE('',*,*,#1052,.F.);
#1644=ORIENTED_EDGE('',*,*,#1059,.F.);
#1645=ORIENTED_EDGE('',*,*,#1071,.F.);
#1646=ORIENTED_EDGE('',*,*,#1095,.T.);
#1647=ORIENTED_EDGE('',*,*,#949,.T.);
#1648=ORIENTED_EDGE('',*,*,#938,.T.);
#1649=ORIENTED_EDGE('',*,*,#926,.T.);
#1650=ORIENTED_EDGE('',*,*,#915,.T.);
#1651=ORIENTED_EDGE('',*,*,#904,.T.);
#1652=ORIENTED_EDGE('',*,*,#893,.T.);
#1653=ORIENTED_EDGE('',*,*,#882,.T.);
#1654=ORIENTED_EDGE('',*,*,#869,.T.);
#1655=ORIENTED_EDGE('',*,*,#1010,.T.);
#1656=ORIENTED_EDGE('',*,*,#961,.T.);
#1657=ORIENTED_EDGE('',*,*,#950,.T.);
#1658=ORIENTED_EDGE('',*,*,#1095,.F.);
#1659=ORIENTED_EDGE('',*,*,#1070,.F.);
#1660=ORIENTED_EDGE('',*,*,#1069,.F.);
#1661=ORIENTED_EDGE('',*,*,#1008,.F.);
#1662=ORIENTED_EDGE('',*,*,#830,.T.);
#1663=ORIENTED_EDGE('',*,*,#1081,.T.);
#1664=ORIENTED_EDGE('',*,*,#827,.F.);
#1665=ORIENTED_EDGE('',*,*,#1087,.T.);
#1666=CYLINDRICAL_SURFACE('',#1838,1.2645);
#1667=CYLINDRICAL_SURFACE('',#1840,1.2645);
#1668=CYLINDRICAL_SURFACE('',#1841,1.2645);
#1669=CYLINDRICAL_SURFACE('',#1842,1.2645);
#1670=CYLINDRICAL_SURFACE('',#1843,1.2645);
#1671=CYLINDRICAL_SURFACE('',#1844,1.2645);
#1672=CYLINDRICAL_SURFACE('',#1845,1.2645);
#1673=CYLINDRICAL_SURFACE('',#1847,1.543);
#1674=CYLINDRICAL_SURFACE('',#1849,1.543);
#1675=CYLINDRICAL_SURFACE('',#1850,1.543);
#1676=CYLINDRICAL_SURFACE('',#1851,1.543);
#1677=CYLINDRICAL_SURFACE('',#1852,1.543);
#1678=CYLINDRICAL_SURFACE('',#1853,1.543);
#1679=CYLINDRICAL_SURFACE('',#1854,1.543);
#1680=CYLINDRICAL_SURFACE('',#1855,1.543);
#1681=CYLINDRICAL_SURFACE('',#1860,2.5);
#1682=CYLINDRICAL_SURFACE('',#1863,2.5);
#1683=CYLINDRICAL_SURFACE('',#1869,2.5);
#1684=CYLINDRICAL_SURFACE('',#1876,2.5);
#1685=CYLINDRICAL_SURFACE('',#1883,2.5);
#1686=CYLINDRICAL_SURFACE('',#1890,2.5);
#1687=CYLINDRICAL_SURFACE('',#1897,2.5);
#1688=CYLINDRICAL_SURFACE('',#1905,2.5);
#1689=CYLINDRICAL_SURFACE('',#1913,2.5);
#1690=CYLINDRICAL_SURFACE('',#1920,2.5);
#1691=CYLINDRICAL_SURFACE('',#1937,2.5);
#1692=CYLINDRICAL_SURFACE('',#1943,2.5);
#1693=CYLINDRICAL_SURFACE('',#1947,2.5);
#1694=CYLINDRICAL_SURFACE('',#1951,2.5);
#1695=CYLINDRICAL_SURFACE('',#1955,2.5);
#1696=CYLINDRICAL_SURFACE('',#1959,2.5);
#1697=CYLINDRICAL_SURFACE('',#1963,2.5);
#1698=CYLINDRICAL_SURFACE('',#1967,2.5);
#1699=CYLINDRICAL_SURFACE('',#1971,2.5);
#1700=CYLINDRICAL_SURFACE('',#1973,2.5);
#1701=CYLINDRICAL_SURFACE('',#1984,1.543);
#1702=CYLINDRICAL_SURFACE('',#1991,2.125);
#1703=CYLINDRICAL_SURFACE('',#1995,2.);
#1704=CYLINDRICAL_SURFACE('',#1996,2.);
#1705=CYLINDRICAL_SURFACE('',#1997,1.2645);
#1706=ADVANCED_FACE('',(#96),#1666,.F.);
#1707=ADVANCED_FACE('',(#97),#1667,.F.);
#1708=ADVANCED_FACE('',(#98),#1668,.F.);
#1709=ADVANCED_FACE('',(#99),#1669,.F.);
#1710=ADVANCED_FACE('',(#100),#1670,.F.);
#1711=ADVANCED_FACE('',(#101),#1671,.F.);
#1712=ADVANCED_FACE('',(#102),#1672,.F.);
#1713=ADVANCED_FACE('',(#103),#1673,.F.);
#1714=ADVANCED_FACE('',(#104),#1674,.F.);
#1715=ADVANCED_FACE('',(#105),#1675,.F.);
#1716=ADVANCED_FACE('',(#106),#1676,.F.);
#1717=ADVANCED_FACE('',(#107),#1677,.F.);
#1718=ADVANCED_FACE('',(#108),#1678,.F.);
#1719=ADVANCED_FACE('',(#109),#1679,.F.);
#1720=ADVANCED_FACE('',(#110),#1680,.F.);
#1721=ADVANCED_FACE('',(#111),#54,.F.);
#1722=ADVANCED_FACE('',(#112),#55,.F.);
#1723=ADVANCED_FACE('',(#113),#31,.T.);
#1724=ADVANCED_FACE('',(#114),#1681,.T.);
#1725=ADVANCED_FACE('',(#115),#1682,.T.);
#1726=ADVANCED_FACE('',(#116),#18,.T.);
#1727=ADVANCED_FACE('',(#117),#56,.F.);
#1728=ADVANCED_FACE('',(#118),#57,.F.);
#1729=ADVANCED_FACE('',(#119),#32,.T.);
#1730=ADVANCED_FACE('',(#120),#1683,.T.);
#1731=ADVANCED_FACE('',(#121),#19,.T.);
#1732=ADVANCED_FACE('',(#122),#58,.F.);
#1733=ADVANCED_FACE('',(#123),#59,.F.);
#1734=ADVANCED_FACE('',(#124),#33,.T.);
#1735=ADVANCED_FACE('',(#125),#1684,.T.);
#1736=ADVANCED_FACE('',(#126),#20,.T.);
#1737=ADVANCED_FACE('',(#127),#60,.F.);
#1738=ADVANCED_FACE('',(#128),#61,.F.);
#1739=ADVANCED_FACE('',(#129),#34,.T.);
#1740=ADVANCED_FACE('',(#130),#1685,.T.);
#1741=ADVANCED_FACE('',(#131),#21,.T.);
#1742=ADVANCED_FACE('',(#132),#62,.F.);
#1743=ADVANCED_FACE('',(#133),#63,.F.);
#1744=ADVANCED_FACE('',(#134),#35,.T.);
#1745=ADVANCED_FACE('',(#135),#1686,.T.);
#1746=ADVANCED_FACE('',(#136),#22,.T.);
#1747=ADVANCED_FACE('',(#137),#64,.F.);
#1748=ADVANCED_FACE('',(#138),#65,.F.);
#1749=ADVANCED_FACE('',(#139),#36,.T.);
#1750=ADVANCED_FACE('',(#140),#1687,.T.);
#1751=ADVANCED_FACE('',(#141),#23,.T.);
#1752=ADVANCED_FACE('',(#142),#66,.F.);
#1753=ADVANCED_FACE('',(#143),#67,.F.);
#1754=ADVANCED_FACE('',(#144),#37,.T.);
#1755=ADVANCED_FACE('',(#145),#1688,.T.);
#1756=ADVANCED_FACE('',(#146),#24,.T.);
#1757=ADVANCED_FACE('',(#147),#68,.F.);
#1758=ADVANCED_FACE('',(#148),#69,.F.);
#1759=ADVANCED_FACE('',(#149),#38,.T.);
#1760=ADVANCED_FACE('',(#150),#1689,.T.);
#1761=ADVANCED_FACE('',(#151),#25,.T.);
#1762=ADVANCED_FACE('',(#152),#70,.F.);
#1763=ADVANCED_FACE('',(#153),#71,.F.);
#1764=ADVANCED_FACE('',(#154),#39,.T.);
#1765=ADVANCED_FACE('',(#155),#1690,.T.);
#1766=ADVANCED_FACE('',(#156),#26,.T.);
#1767=ADVANCED_FACE('',(#157),#72,.F.);
#1768=ADVANCED_FACE('',(#158),#73,.F.);
#1769=ADVANCED_FACE('',(#159),#74,.F.);
#1770=ADVANCED_FACE('',(#160),#75,.F.);
#1771=ADVANCED_FACE('',(#161,#15),#40,.T.);
#1772=ADVANCED_FACE('',(#162),#1691,.T.);
#1773=ADVANCED_FACE('',(#163),#41,.T.);
#1774=ADVANCED_FACE('',(#164),#42,.T.);
#1775=ADVANCED_FACE('',(#165),#76,.F.);
#1776=ADVANCED_FACE('',(#166),#77,.F.);
#1777=ADVANCED_FACE('',(#167),#1692,.T.);
#1778=ADVANCED_FACE('',(#168),#43,.T.);
#1779=ADVANCED_FACE('',(#169),#78,.F.);
#1780=ADVANCED_FACE('',(#170),#79,.F.);
#1781=ADVANCED_FACE('',(#171),#1693,.T.);
#1782=ADVANCED_FACE('',(#172),#44,.T.);
#1783=ADVANCED_FACE('',(#173),#80,.F.);
#1784=ADVANCED_FACE('',(#174),#81,.F.);
#1785=ADVANCED_FACE('',(#175),#1694,.T.);
#1786=ADVANCED_FACE('',(#176),#45,.T.);
#1787=ADVANCED_FACE('',(#177),#82,.F.);
#1788=ADVANCED_FACE('',(#178),#83,.F.);
#1789=ADVANCED_FACE('',(#179),#1695,.T.);
#1790=ADVANCED_FACE('',(#180),#46,.T.);
#1791=ADVANCED_FACE('',(#181),#84,.F.);
#1792=ADVANCED_FACE('',(#182),#85,.F.);
#1793=ADVANCED_FACE('',(#183),#1696,.T.);
#1794=ADVANCED_FACE('',(#184),#47,.T.);
#1795=ADVANCED_FACE('',(#185),#86,.F.);
#1796=ADVANCED_FACE('',(#186),#87,.F.);
#1797=ADVANCED_FACE('',(#187),#1697,.T.);
#1798=ADVANCED_FACE('',(#188),#48,.T.);
#1799=ADVANCED_FACE('',(#189),#88,.F.);
#1800=ADVANCED_FACE('',(#190),#89,.F.);
#1801=ADVANCED_FACE('',(#191),#1698,.T.);
#1802=ADVANCED_FACE('',(#192),#49,.T.);
#1803=ADVANCED_FACE('',(#193),#90,.F.);
#1804=ADVANCED_FACE('',(#194),#91,.F.);
#1805=ADVANCED_FACE('',(#195),#1699,.T.);
#1806=ADVANCED_FACE('',(#196),#1700,.T.);
#1807=ADVANCED_FACE('',(#197),#50,.T.);
#1808=ADVANCED_FACE('',(#198),#51,.T.);
#1809=ADVANCED_FACE('',(#199),#27,.T.);
#1810=ADVANCED_FACE('',(#200),#92,.F.);
#1811=ADVANCED_FACE('',(#201),#93,.F.);
#1812=ADVANCED_FACE('',(#202),#28,.F.);
#1813=ADVANCED_FACE('',(#203),#1701,.F.);
#1814=ADVANCED_FACE('',(#204),#94,.F.);
#1815=ADVANCED_FACE('',(#205,#16),#52,.T.);
#1816=ADVANCED_FACE('',(#206),#29,.F.);
#1817=ADVANCED_FACE('',(#207),#95,.F.);
#1818=ADVANCED_FACE('',(#208),#30,.T.);
#1819=ADVANCED_FACE('',(#209),#1702,.T.);
#1820=ADVANCED_FACE('',(#210,#17),#53,.T.);
#1821=ADVANCED_FACE('',(#211),#1703,.T.);
#1822=ADVANCED_FACE('',(#212),#1704,.T.);
#1823=ADVANCED_FACE('',(#213),#1705,.F.);
#1824=CLOSED_SHELL('',(#1706,#1707,#1708,#1709,#1710,#1711,#1712,#1713,
#1714,#1715,#1716,#1717,#1718,#1719,#1720,#1721,#1722,#1723,#1724,#1725,
#1726,#1727,#1728,#1729,#1730,#1731,#1732,#1733,#1734,#1735,#1736,#1737,
#1738,#1739,#1740,#1741,#1742,#1743,#1744,#1745,#1746,#1747,#1748,#1749,
#1750,#1751,#1752,#1753,#1754,#1755,#1756,#1757,#1758,#1759,#1760,#1761,
#1762,#1763,#1764,#1765,#1766,#1767,#1768,#1769,#1770,#1771,#1772,#1773,
#1774,#1775,#1776,#1777,#1778,#1779,#1780,#1781,#1782,#1783,#1784,#1785,
#1786,#1787,#1788,#1789,#1790,#1791,#1792,#1793,#1794,#1795,#1796,#1797,
#1798,#1799,#1800,#1801,#1802,#1803,#1804,#1805,#1806,#1807,#1808,#1809,
#1810,#1811,#1812,#1813,#1814,#1815,#1816,#1817,#1818,#1819,#1820,#1821,
#1822,#1823));
#1825=DERIVED_UNIT_ELEMENT(#1827,1.);
#1826=DERIVED_UNIT_ELEMENT(#5541,-3.);
#1827=(
MASS_UNIT()
NAMED_UNIT(*)
SI_UNIT(.KILO.,.GRAM.)
);
#1828=DERIVED_UNIT((#1825,#1826));
#1829=MEASURE_REPRESENTATION_ITEM('density measure',
POSITIVE_RATIO_MEASURE(7850.),#1828);
#1830=PROPERTY_DEFINITION_REPRESENTATION(#1835,#1832);
#1831=PROPERTY_DEFINITION_REPRESENTATION(#1836,#1833);
#1832=REPRESENTATION('material name',(#1834),#5538);
#1833=REPRESENTATION('density',(#1829),#5538);
#1834=DESCRIPTIVE_REPRESENTATION_ITEM('Steel','Steel');
#1835=PROPERTY_DEFINITION('material property','material name',#5548);
#1836=PROPERTY_DEFINITION('material property','density of part',#5548);
#1837=AXIS2_PLACEMENT_3D('',#2341,#1998,#1999);
#1838=AXIS2_PLACEMENT_3D('',#2342,#2000,#2001);
#1839=AXIS2_PLACEMENT_3D('',#2352,#2003,#2004);
#1840=AXIS2_PLACEMENT_3D('',#2363,#2005,#2006);
#1841=AXIS2_PLACEMENT_3D('',#2417,#2008,#2009);
#1842=AXIS2_PLACEMENT_3D('',#2465,#2011,#2012);
#1843=AXIS2_PLACEMENT_3D('',#2516,#2014,#2015);
#1844=AXIS2_PLACEMENT_3D('',#2567,#2017,#2018);
#1845=AXIS2_PLACEMENT_3D('',#2615,#2020,#2021);
#1846=AXIS2_PLACEMENT_3D('',#2637,#2023,#2024);
#1847=AXIS2_PLACEMENT_3D('',#2657,#2025,#2026);
#1848=AXIS2_PLACEMENT_3D('',#2671,#2028,#2029);
#1849=AXIS2_PLACEMENT_3D('',#2681,#2030,#2031);
#1850=AXIS2_PLACEMENT_3D('',#2705,#2033,#2034);
#1851=AXIS2_PLACEMENT_3D('',#2730,#2036,#2037);
#1852=AXIS2_PLACEMENT_3D('',#2755,#2039,#2040);
#1853=AXIS2_PLACEMENT_3D('',#2779,#2042,#2043);
#1854=AXIS2_PLACEMENT_3D('',#2804,#2045,#2046);
#1855=AXIS2_PLACEMENT_3D('',#2829,#2048,#2049);
#1856=AXIS2_PLACEMENT_3D('',#2840,#2051,#2052);
#1857=AXIS2_PLACEMENT_3D('',#2926,#2053,#2054);
#1858=AXIS2_PLACEMENT_3D('',#2928,#2055,#2056);
#1859=AXIS2_PLACEMENT_3D('',#2934,#2057,#2058);
#1860=AXIS2_PLACEMENT_3D('',#2935,#2059,#2060);
#1861=AXIS2_PLACEMENT_3D('',#2937,#2061,#2062);
#1862=AXIS2_PLACEMENT_3D('',#2943,#2063,#2064);
#1863=AXIS2_PLACEMENT_3D('',#2944,#2065,#2066);
#1864=AXIS2_PLACEMENT_3D('',#2946,#2067,#2068);
#1865=AXIS2_PLACEMENT_3D('',#2951,#2069,#2070);
#1866=AXIS2_PLACEMENT_3D('',#2969,#2071,#2072);
#1867=AXIS2_PLACEMENT_3D('',#3027,#2073,#2074);
#1868=AXIS2_PLACEMENT_3D('',#3028,#2075,#2076);
#1869=AXIS2_PLACEMENT_3D('',#3029,#2077,#2078);
#1870=AXIS2_PLACEMENT_3D('',#3031,#2079,#2080);
#1871=AXIS2_PLACEMENT_3D('',#3037,#2081,#2082);
#1872=AXIS2_PLACEMENT_3D('',#3038,#2083,#2084);
#1873=AXIS2_PLACEMENT_3D('',#3056,#2085,#2086);
#1874=AXIS2_PLACEMENT_3D('',#3114,#2087,#2088);
#1875=AXIS2_PLACEMENT_3D('',#3115,#2089,#2090);
#1876=AXIS2_PLACEMENT_3D('',#3116,#2091,#2092);
#1877=AXIS2_PLACEMENT_3D('',#3118,#2093,#2094);
#1878=AXIS2_PLACEMENT_3D('',#3124,#2095,#2096);
#1879=AXIS2_PLACEMENT_3D('',#3125,#2097,#2098);
#1880=AXIS2_PLACEMENT_3D('',#3143,#2099,#2100);
#1881=AXIS2_PLACEMENT_3D('',#3201,#2101,#2102);
#1882=AXIS2_PLACEMENT_3D('',#3202,#2103,#2104);
#1883=AXIS2_PLACEMENT_3D('',#3203,#2105,#2106);
#1884=AXIS2_PLACEMENT_3D('',#3205,#2107,#2108);
#1885=AXIS2_PLACEMENT_3D('',#3211,#2109,#2110);
#1886=AXIS2_PLACEMENT_3D('',#3212,#2111,#2112);
#1887=AXIS2_PLACEMENT_3D('',#3230,#2113,#2114);
#1888=AXIS2_PLACEMENT_3D('',#3288,#2115,#2116);
#1889=AXIS2_PLACEMENT_3D('',#3289,#2117,#2118);
#1890=AXIS2_PLACEMENT_3D('',#3290,#2119,#2120);
#1891=AXIS2_PLACEMENT_3D('',#3292,#2121,#2122);
#1892=AXIS2_PLACEMENT_3D('',#3298,#2123,#2124);
#1893=AXIS2_PLACEMENT_3D('',#3299,#2125,#2126);
#1894=AXIS2_PLACEMENT_3D('',#3317,#2127,#2128);
#1895=AXIS2_PLACEMENT_3D('',#3375,#2129,#2130);
#1896=AXIS2_PLACEMENT_3D('',#3376,#2131,#2132);
#1897=AXIS2_PLACEMENT_3D('',#3377,#2133,#2134);
#1898=AXIS2_PLACEMENT_3D('',#3379,#2135,#2136);
#1899=AXIS2_PLACEMENT_3D('',#3385,#2137,#2138);
#1900=AXIS2_PLACEMENT_3D('',#3386,#2139,#2140);
#1901=AXIS2_PLACEMENT_3D('',#3405,#2141,#2142);
#1902=AXIS2_PLACEMENT_3D('',#3406,#2143,#2144);
#1903=AXIS2_PLACEMENT_3D('',#3464,#2145,#2146);
#1904=AXIS2_PLACEMENT_3D('',#3465,#2147,#2148);
#1905=AXIS2_PLACEMENT_3D('',#3466,#2149,#2150);
#1906=AXIS2_PLACEMENT_3D('',#3468,#2151,#2152);
#1907=AXIS2_PLACEMENT_3D('',#3474,#2153,#2154);
#1908=AXIS2_PLACEMENT_3D('',#3475,#2155,#2156);
#1909=AXIS2_PLACEMENT_3D('',#3493,#2157,#2158);
#1910=AXIS2_PLACEMENT_3D('',#3551,#2159,#2160);
#1911=AXIS2_PLACEMENT_3D('',#3553,#2161,#2162);
#1912=AXIS2_PLACEMENT_3D('',#3554,#2163,#2164);
#1913=AXIS2_PLACEMENT_3D('',#3555,#2165,#2166);
#1914=AXIS2_PLACEMENT_3D('',#3557,#2167,#2168);
#1915=AXIS2_PLACEMENT_3D('',#3563,#2169,#2170);
#1916=AXIS2_PLACEMENT_3D('',#3564,#2171,#2172);
#1917=AXIS2_PLACEMENT_3D('',#3582,#2173,#2174);
#1918=AXIS2_PLACEMENT_3D('',#3640,#2175,#2176);
#1919=AXIS2_PLACEMENT_3D('',#3641,#2177,#2178);
#1920=AXIS2_PLACEMENT_3D('',#3642,#2179,#2180);
#1921=AXIS2_PLACEMENT_3D('',#3644,#2181,#2182);
#1922=AXIS2_PLACEMENT_3D('',#3650,#2183,#2184);
#1923=AXIS2_PLACEMENT_3D('',#3651,#2185,#2186);
#1924=AXIS2_PLACEMENT_3D('',#3669,#2187,#2188);
#1925=AXIS2_PLACEMENT_3D('',#3782,#2189,#2190);
#1926=AXIS2_PLACEMENT_3D('',#3784,#2191,#2192);
#1927=AXIS2_PLACEMENT_3D('',#3796,#2193,#2194);
#1928=AXIS2_PLACEMENT_3D('',#3808,#2195,#2196);
#1929=AXIS2_PLACEMENT_3D('',#3820,#2197,#2198);
#1930=AXIS2_PLACEMENT_3D('',#3832,#2199,#2200);
#1931=AXIS2_PLACEMENT_3D('',#3844,#2201,#2202);
#1932=AXIS2_PLACEMENT_3D('',#3856,#2203,#2204);
#1933=AXIS2_PLACEMENT_3D('',#3868,#2205,#2206);
#1934=AXIS2_PLACEMENT_3D('',#3880,#2207,#2208);
#1935=AXIS2_PLACEMENT_3D('',#3891,#2209,#2210);
#1936=AXIS2_PLACEMENT_3D('',#3893,#2211,#2212);
#1937=AXIS2_PLACEMENT_3D('',#3894,#2213,#2214);
#1938=AXIS2_PLACEMENT_3D('',#3896,#2215,#2216);
#1939=AXIS2_PLACEMENT_3D('',#3901,#2217,#2218);
#1940=AXIS2_PLACEMENT_3D('',#3903,#2219,#2220);
#1941=AXIS2_PLACEMENT_3D('',#3908,#2221,#2222);
#1942=AXIS2_PLACEMENT_3D('',#3909,#2223,#2224);
#1943=AXIS2_PLACEMENT_3D('',#3965,#2225,#2226);
#1944=AXIS2_PLACEMENT_3D('',#3966,#2227,#2228);
#1945=AXIS2_PLACEMENT_3D('',#3967,#2229,#2230);
#1946=AXIS2_PLACEMENT_3D('',#3968,#2231,#2232);
#1947=AXIS2_PLACEMENT_3D('',#4024,#2233,#2234);
#1948=AXIS2_PLACEMENT_3D('',#4025,#2235,#2236);
#1949=AXIS2_PLACEMENT_3D('',#4026,#2237,#2238);
#1950=AXIS2_PLACEMENT_3D('',#4027,#2239,#2240);
#1951=AXIS2_PLACEMENT_3D('',#4083,#2241,#2242);
#1952=AXIS2_PLACEMENT_3D('',#4084,#2243,#2244);
#1953=AXIS2_PLACEMENT_3D('',#4085,#2245,#2246);
#1954=AXIS2_PLACEMENT_3D('',#4086,#2247,#2248);
#1955=AXIS2_PLACEMENT_3D('',#4142,#2249,#2250);
#1956=AXIS2_PLACEMENT_3D('',#4143,#2251,#2252);
#1957=AXIS2_PLACEMENT_3D('',#4144,#2253,#2254);
#1958=AXIS2_PLACEMENT_3D('',#4145,#2255,#2256);
#1959=AXIS2_PLACEMENT_3D('',#4201,#2257,#2258);
#1960=AXIS2_PLACEMENT_3D('',#4202,#2259,#2260);
#1961=AXIS2_PLACEMENT_3D('',#4203,#2261,#2262);
#1962=AXIS2_PLACEMENT_3D('',#4204,#2263,#2264);
#1963=AXIS2_PLACEMENT_3D('',#4260,#2265,#2266);
#1964=AXIS2_PLACEMENT_3D('',#4261,#2267,#2268);
#1965=AXIS2_PLACEMENT_3D('',#4262,#2269,#2270);
#1966=AXIS2_PLACEMENT_3D('',#4263,#2271,#2272);
#1967=AXIS2_PLACEMENT_3D('',#4319,#2273,#2274);
#1968=AXIS2_PLACEMENT_3D('',#4320,#2275,#2276);
#1969=AXIS2_PLACEMENT_3D('',#4321,#2277,#2278);
#1970=AXIS2_PLACEMENT_3D('',#4322,#2279,#2280);
#1971=AXIS2_PLACEMENT_3D('',#4378,#2281,#2282);
#1972=AXIS2_PLACEMENT_3D('',#4384,#2283,#2284);
#1973=AXIS2_PLACEMENT_3D('',#4385,#2285,#2286);
#1974=AXIS2_PLACEMENT_3D('',#4386,#2287,#2288);
#1975=AXIS2_PLACEMENT_3D('',#4387,#2289,#2290);
#1976=AXIS2_PLACEMENT_3D('',#4392,#2291,#2292);
#1977=AXIS2_PLACEMENT_3D('',#4393,#2293,#2294);
#1978=AXIS2_PLACEMENT_3D('',#4395,#2295,#2296);
#1979=AXIS2_PLACEMENT_3D('',#4396,#2297,#2298);
#1980=AXIS2_PLACEMENT_3D('',#4397,#2299,#2300);
#1981=AXIS2_PLACEMENT_3D('',#4398,#2301,#2302);
#1982=AXIS2_PLACEMENT_3D('',#4435,#2303,#2304);
#1983=AXIS2_PLACEMENT_3D('',#4437,#2305,#2306);
#1984=AXIS2_PLACEMENT_3D('',#4719,#2308,#2309);
#1985=AXIS2_PLACEMENT_3D('',#5209,#2310,#2311);
#1986=AXIS2_PLACEMENT_3D('',#5211,#2312,#2313);
#1987=AXIS2_PLACEMENT_3D('',#5212,#2314,#2315);
#1988=AXIS2_PLACEMENT_3D('',#5518,#2317,#2318);
#1989=AXIS2_PLACEMENT_3D('',#5521,#2319,#2320);
#1990=AXIS2_PLACEMENT_3D('',#5522,#2321,#2322);
#1991=AXIS2_PLACEMENT_3D('',#5524,#2324,#2325);
#1992=AXIS2_PLACEMENT_3D('',#5526,#2326,#2327);
#1993=AXIS2_PLACEMENT_3D('',#5528,#2329,#2330);
#1994=AXIS2_PLACEMENT_3D('',#5530,#2331,#2332);
#1995=AXIS2_PLACEMENT_3D('',#5531,#2333,#2334);
#1996=AXIS2_PLACEMENT_3D('',#5533,#2336,#2337);
#1997=AXIS2_PLACEMENT_3D('',#5535,#2339,#2340);
#1998=DIRECTION('axis',(0.,0.,1.));
#1999=DIRECTION('refdir',(1.,0.,0.));
#2000=DIRECTION('center_axis',(0.,0.,1.));
#2001=DIRECTION('ref_axis',(-0.62103554896925,0.783782397682202,0.));
#2002=DIRECTION('',(0.,0.,-1.));
#2003=DIRECTION('center_axis',(0.,0.,1.));
#2004=DIRECTION('ref_axis',(1.,0.,0.));
#2005=DIRECTION('center_axis',(0.,0.,1.));
#2006=DIRECTION('ref_axis',(1.,0.,0.));
#2007=DIRECTION('',(0.,0.,-1.));
#2008=DIRECTION('center_axis',(0.,0.,1.));
#2009=DIRECTION('ref_axis',(1.,0.,0.));
#2010=DIRECTION('',(0.,0.,-1.));
#2011=DIRECTION('center_axis',(0.,0.,1.));
#2012=DIRECTION('ref_axis',(1.,0.,0.));
#2013=DIRECTION('',(0.,0.,-1.));
#2014=DIRECTION('center_axis',(0.,0.,1.));
#2015=DIRECTION('ref_axis',(1.,0.,0.));
#2016=DIRECTION('',(0.,0.,-1.));
#2017=DIRECTION('center_axis',(0.,0.,1.));
#2018=DIRECTION('ref_axis',(1.,0.,0.));
#2019=DIRECTION('',(0.,0.,-1.));
#2020=DIRECTION('center_axis',(0.,0.,1.));
#2021=DIRECTION('ref_axis',(0.783839542160348,-0.620963422550681,0.));
#2022=DIRECTION('',(0.,0.,-1.));
#2023=DIRECTION('center_axis',(0.,0.,-1.));
#2024=DIRECTION('ref_axis',(1.,0.,0.));
#2025=DIRECTION('center_axis',(0.,0.,1.));
#2026=DIRECTION('ref_axis',(0.704191884135294,-0.710009711425121,0.));
#2027=DIRECTION('',(1.22464679914735E-16,3.97572788283352E-30,1.));
#2028=DIRECTION('center_axis',(0.,0.,-1.));
#2029=DIRECTION('ref_axis',(1.,3.23418171489487E-14,0.));
#2030=DIRECTION('center_axis',(0.,0.,1.));
#2031=DIRECTION('ref_axis',(1.,3.23418171489487E-14,0.));
#2032=DIRECTION('',(1.22464679914735E-16,3.97572788283352E-30,1.));
#2033=DIRECTION('center_axis',(0.,0.,1.));
#2034=DIRECTION('ref_axis',(1.,3.23418171489487E-14,0.));
#2035=DIRECTION('',(1.22464679914735E-16,3.97572788283352E-30,1.));
#2036=DIRECTION('center_axis',(0.,0.,1.));
#2037=DIRECTION('ref_axis',(1.,3.23418171489487E-14,0.));
#2038=DIRECTION('',(1.22464679914735E-16,3.97572788283352E-30,1.));
#2039=DIRECTION('center_axis',(0.,0.,1.));
#2040=DIRECTION('ref_axis',(1.,3.23418171489487E-14,0.));
#2041=DIRECTION('',(1.22464679914735E-16,3.97572788283352E-30,1.));
#2042=DIRECTION('center_axis',(0.,0.,1.));
#2043=DIRECTION('ref_axis',(1.,3.23418171489487E-14,0.));
#2044=DIRECTION('',(1.22464679914735E-16,3.97572788283352E-30,1.));
#2045=DIRECTION('center_axis',(0.,0.,1.));
#2046=DIRECTION('ref_axis',(1.,3.23418171489487E-14,0.));
#2047=DIRECTION('',(1.22464679914735E-16,3.97572788283352E-30,1.));
#2048=DIRECTION('center_axis',(0.,0.,1.));
#2049=DIRECTION('ref_axis',(-0.710166590470393,0.704033673754073,0.));
#2050=DIRECTION('',(1.22464679914735E-16,3.97572788283352E-30,1.));
#2051=DIRECTION('center_axis',(0.,0.,1.));
#2052=DIRECTION('ref_axis',(1.,3.23418171489487E-14,0.));
#2053=DIRECTION('center_axis',(0.,0.,1.));
#2054=DIRECTION('ref_axis',(1.,0.,0.));
#2055=DIRECTION('center_axis',(0.,0.,1.));
#2056=DIRECTION('ref_axis',(1.,0.,0.));
#2057=DIRECTION('center_axis',(0.,0.,1.));
#2058=DIRECTION('ref_axis',(1.,0.,0.));
#2059=DIRECTION('center_axis',(0.,0.,1.));
#2060=DIRECTION('ref_axis',(1.,0.,0.));
#2061=DIRECTION('center_axis',(0.,0.,1.));
#2062=DIRECTION('ref_axis',(1.,0.,0.));
#2063=DIRECTION('center_axis',(0.,0.,1.));
#2064=DIRECTION('ref_axis',(1.,0.,0.));
#2065=DIRECTION('center_axis',(0.,0.,1.));
#2066=DIRECTION('ref_axis',(1.,0.,0.));
#2067=DIRECTION('center_axis',(0.,0.,1.));
#2068=DIRECTION('ref_axis',(1.,0.,0.));
#2069=DIRECTION('center_axis',(0.,0.,1.));
#2070=DIRECTION('ref_axis',(1.,0.,0.));
#2071=DIRECTION('center_axis',(0.,0.,1.));
#2072=DIRECTION('ref_axis',(1.,0.,0.));
#2073=DIRECTION('center_axis',(0.,0.,1.));
#2074=DIRECTION('ref_axis',(1.,0.,0.));
#2075=DIRECTION('center_axis',(0.,0.,1.));
#2076=DIRECTION('ref_axis',(1.,0.,0.));
#2077=DIRECTION('center_axis',(0.,0.,1.));
#2078=DIRECTION('ref_axis',(1.,0.,0.));
#2079=DIRECTION('center_axis',(0.,0.,1.));
#2080=DIRECTION('ref_axis',(1.,0.,0.));
#2081=DIRECTION('center_axis',(0.,0.,1.));
#2082=DIRECTION('ref_axis',(1.,0.,0.));
#2083=DIRECTION('center_axis',(0.,0.,1.));
#2084=DIRECTION('ref_axis',(1.,0.,0.));
#2085=DIRECTION('center_axis',(0.,0.,1.));
#2086=DIRECTION('ref_axis',(1.,0.,0.));
#2087=DIRECTION('center_axis',(0.,0.,1.));
#2088=DIRECTION('ref_axis',(1.,0.,0.));
#2089=DIRECTION('center_axis',(0.,0.,1.));
#2090=DIRECTION('ref_axis',(1.,0.,0.));
#2091=DIRECTION('center_axis',(0.,0.,1.));
#2092=DIRECTION('ref_axis',(1.,0.,0.));
#2093=DIRECTION('center_axis',(0.,0.,1.));
#2094=DIRECTION('ref_axis',(1.,0.,0.));
#2095=DIRECTION('center_axis',(0.,0.,1.));
#2096=DIRECTION('ref_axis',(1.,0.,0.));
#2097=DIRECTION('center_axis',(0.,0.,1.));
#2098=DIRECTION('ref_axis',(1.,0.,0.));
#2099=DIRECTION('center_axis',(0.,0.,1.));
#2100=DIRECTION('ref_axis',(1.,0.,0.));
#2101=DIRECTION('center_axis',(0.,0.,1.));
#2102=DIRECTION('ref_axis',(1.,0.,0.));
#2103=DIRECTION('center_axis',(0.,0.,1.));
#2104=DIRECTION('ref_axis',(1.,0.,0.));
#2105=DIRECTION('center_axis',(0.,0.,1.));
#2106=DIRECTION('ref_axis',(1.,0.,0.));
#2107=DIRECTION('center_axis',(0.,0.,1.));
#2108=DIRECTION('ref_axis',(1.,0.,0.));
#2109=DIRECTION('center_axis',(0.,0.,1.));
#2110=DIRECTION('ref_axis',(1.,0.,0.));
#2111=DIRECTION('center_axis',(0.,0.,1.));
#2112=DIRECTION('ref_axis',(1.,0.,0.));
#2113=DIRECTION('center_axis',(0.,0.,1.));
#2114=DIRECTION('ref_axis',(1.,0.,0.));
#2115=DIRECTION('center_axis',(0.,0.,1.));
#2116=DIRECTION('ref_axis',(1.,0.,0.));
#2117=DIRECTION('center_axis',(0.,0.,1.));
#2118=DIRECTION('ref_axis',(1.,0.,0.));
#2119=DIRECTION('center_axis',(0.,0.,1.));
#2120=DIRECTION('ref_axis',(1.,0.,0.));
#2121=DIRECTION('center_axis',(0.,0.,1.));
#2122=DIRECTION('ref_axis',(1.,0.,0.));
#2123=DIRECTION('center_axis',(0.,0.,1.));
#2124=DIRECTION('ref_axis',(1.,0.,0.));
#2125=DIRECTION('center_axis',(0.,0.,1.));
#2126=DIRECTION('ref_axis',(1.,0.,0.));
#2127=DIRECTION('center_axis',(0.,0.,1.));
#2128=DIRECTION('ref_axis',(1.,0.,0.));
#2129=DIRECTION('center_axis',(0.,0.,1.));
#2130=DIRECTION('ref_axis',(1.,0.,0.));
#2131=DIRECTION('center_axis',(0.,0.,1.));
#2132=DIRECTION('ref_axis',(1.,0.,0.));
#2133=DIRECTION('center_axis',(0.,0.,1.));
#2134=DIRECTION('ref_axis',(1.,0.,0.));
#2135=DIRECTION('center_axis',(0.,0.,1.));
#2136=DIRECTION('ref_axis',(1.,0.,0.));
#2137=DIRECTION('center_axis',(0.,0.,1.));
#2138=DIRECTION('ref_axis',(1.,0.,0.));
#2139=DIRECTION('center_axis',(0.,0.,1.));
#2140=DIRECTION('ref_axis',(-0.990491329090629,0.137575168530806,0.));
#2141=DIRECTION('center_axis',(0.,0.,1.));
#2142=DIRECTION('ref_axis',(1.,0.,0.));
#2143=DIRECTION('center_axis',(0.,0.,1.));
#2144=DIRECTION('ref_axis',(1.,0.,0.));
#2145=DIRECTION('center_axis',(0.,0.,1.));
#2146=DIRECTION('ref_axis',(1.,0.,0.));
#2147=DIRECTION('center_axis',(0.,0.,1.));
#2148=DIRECTION('ref_axis',(1.,0.,0.));
#2149=DIRECTION('center_axis',(0.,0.,1.));
#2150=DIRECTION('ref_axis',(-0.968303522122262,0.249776478167225,0.));
#2151=DIRECTION('center_axis',(0.,0.,1.));
#2152=DIRECTION('ref_axis',(1.,0.,0.));
#2153=DIRECTION('center_axis',(0.,0.,1.));
#2154=DIRECTION('ref_axis',(1.,0.,0.));
#2155=DIRECTION('center_axis',(0.,0.,1.));
#2156=DIRECTION('ref_axis',(1.,0.,0.));
#2157=DIRECTION('center_axis',(0.,0.,1.));
#2158=DIRECTION('ref_axis',(1.,0.,0.));
#2159=DIRECTION('center_axis',(0.,0.,1.));
#2160=DIRECTION('ref_axis',(1.,0.,0.));
#2161=DIRECTION('center_axis',(0.,0.,1.));
#2162=DIRECTION('ref_axis',(1.,0.,0.));
#2163=DIRECTION('center_axis',(0.,0.,1.));
#2164=DIRECTION('ref_axis',(1.,0.,0.));
#2165=DIRECTION('center_axis',(0.,0.,1.));
#2166=DIRECTION('ref_axis',(1.,0.,0.));
#2167=DIRECTION('center_axis',(0.,0.,1.));
#2168=DIRECTION('ref_axis',(1.,0.,0.));
#2169=DIRECTION('center_axis',(0.,0.,1.));
#2170=DIRECTION('ref_axis',(1.,0.,0.));
#2171=DIRECTION('center_axis',(0.,0.,1.));
#2172=DIRECTION('ref_axis',(1.,0.,0.));
#2173=DIRECTION('center_axis',(0.,0.,1.));
#2174=DIRECTION('ref_axis',(1.,0.,0.));
#2175=DIRECTION('center_axis',(0.,0.,1.));
#2176=DIRECTION('ref_axis',(1.,0.,0.));
#2177=DIRECTION('center_axis',(0.,0.,1.));
#2178=DIRECTION('ref_axis',(1.,0.,0.));
#2179=DIRECTION('center_axis',(0.,0.,1.));
#2180=DIRECTION('ref_axis',(1.,0.,0.));
#2181=DIRECTION('center_axis',(0.,0.,1.));
#2182=DIRECTION('ref_axis',(1.,0.,0.));
#2183=DIRECTION('center_axis',(0.,0.,1.));
#2184=DIRECTION('ref_axis',(1.,0.,0.));
#2185=DIRECTION('center_axis',(0.,0.,1.));
#2186=DIRECTION('ref_axis',(1.,0.,0.));
#2187=DIRECTION('center_axis',(0.,0.,1.));
#2188=DIRECTION('ref_axis',(1.,0.,0.));
#2189=DIRECTION('center_axis',(0.,0.,1.));
#2190=DIRECTION('ref_axis',(1.,0.,0.));
#2191=DIRECTION('center_axis',(0.,0.,1.));
#2192=DIRECTION('ref_axis',(1.,0.,0.));
#2193=DIRECTION('center_axis',(0.,0.,1.));
#2194=DIRECTION('ref_axis',(1.,0.,0.));
#2195=DIRECTION('center_axis',(0.,0.,1.));
#2196=DIRECTION('ref_axis',(1.,0.,0.));
#2197=DIRECTION('center_axis',(0.,0.,1.));
#2198=DIRECTION('ref_axis',(1.,0.,0.));
#2199=DIRECTION('center_axis',(0.,0.,1.));
#2200=DIRECTION('ref_axis',(1.,0.,0.));
#2201=DIRECTION('center_axis',(0.,0.,1.));
#2202=DIRECTION('ref_axis',(1.,0.,0.));
#2203=DIRECTION('center_axis',(0.,0.,1.));
#2204=DIRECTION('ref_axis',(1.,0.,0.));
#2205=DIRECTION('center_axis',(0.,0.,1.));
#2206=DIRECTION('ref_axis',(1.,0.,0.));
#2207=DIRECTION('center_axis',(0.,0.,1.));
#2208=DIRECTION('ref_axis',(1.,0.,0.));
#2209=DIRECTION('center_axis',(0.,0.,1.));
#2210=DIRECTION('ref_axis',(1.,0.,0.));
#2211=DIRECTION('center_axis',(0.,0.,1.));
#2212=DIRECTION('ref_axis',(1.,0.,0.));
#2213=DIRECTION('center_axis',(0.,0.,1.));
#2214=DIRECTION('ref_axis',(1.,0.,0.));
#2215=DIRECTION('center_axis',(0.,0.,1.));
#2216=DIRECTION('ref_axis',(1.,0.,0.));
#2217=DIRECTION('center_axis',(0.,0.,-1.));
#2218=DIRECTION('ref_axis',(-1.,0.,0.));
#2219=DIRECTION('center_axis',(0.,0.,1.));
#2220=DIRECTION('ref_axis',(1.,0.,0.));
#2221=DIRECTION('center_axis',(0.,0.,1.));
#2222=DIRECTION('ref_axis',(1.,0.,0.));
#2223=DIRECTION('center_axis',(0.,0.,1.));
#2224=DIRECTION('ref_axis',(1.,0.,0.));
#2225=DIRECTION('center_axis',(0.,0.,1.));
#2226=DIRECTION('ref_axis',(1.,0.,0.));
#2227=DIRECTION('center_axis',(0.,0.,1.));
#2228=DIRECTION('ref_axis',(1.,0.,0.));
#2229=DIRECTION('center_axis',(0.,0.,-1.));
#2230=DIRECTION('ref_axis',(-1.,0.,0.));
#2231=DIRECTION('center_axis',(0.,0.,1.));
#2232=DIRECTION('ref_axis',(1.,0.,0.));
#2233=DIRECTION('center_axis',(0.,0.,1.));
#2234=DIRECTION('ref_axis',(1.,0.,0.));
#2235=DIRECTION('center_axis',(0.,0.,1.));
#2236=DIRECTION('ref_axis',(1.,0.,0.));
#2237=DIRECTION('center_axis',(0.,0.,-1.));
#2238=DIRECTION('ref_axis',(-1.,0.,0.));
#2239=DIRECTION('center_axis',(0.,0.,1.));
#2240=DIRECTION('ref_axis',(1.,0.,0.));
#2241=DIRECTION('center_axis',(0.,0.,1.));
#2242=DIRECTION('ref_axis',(1.,0.,0.));
#2243=DIRECTION('center_axis',(0.,0.,1.));
#2244=DIRECTION('ref_axis',(1.,0.,0.));
#2245=DIRECTION('center_axis',(0.,0.,-1.));
#2246=DIRECTION('ref_axis',(-1.,0.,0.));
#2247=DIRECTION('center_axis',(0.,0.,1.));
#2248=DIRECTION('ref_axis',(1.,0.,0.));
#2249=DIRECTION('center_axis',(0.,0.,1.));
#2250=DIRECTION('ref_axis',(1.,0.,0.));
#2251=DIRECTION('center_axis',(0.,0.,1.));
#2252=DIRECTION('ref_axis',(1.,0.,0.));
#2253=DIRECTION('center_axis',(0.,0.,-1.));
#2254=DIRECTION('ref_axis',(-1.,0.,0.));
#2255=DIRECTION('center_axis',(0.,0.,1.));
#2256=DIRECTION('ref_axis',(1.,0.,0.));
#2257=DIRECTION('center_axis',(0.,0.,1.));
#2258=DIRECTION('ref_axis',(1.,0.,0.));
#2259=DIRECTION('center_axis',(0.,0.,1.));
#2260=DIRECTION('ref_axis',(1.,0.,0.));
#2261=DIRECTION('center_axis',(0.,0.,-1.));
#2262=DIRECTION('ref_axis',(-1.,0.,0.));
#2263=DIRECTION('center_axis',(0.,0.,1.));
#2264=DIRECTION('ref_axis',(1.,0.,0.));
#2265=DIRECTION('center_axis',(0.,0.,1.));
#2266=DIRECTION('ref_axis',(1.,0.,0.));
#2267=DIRECTION('center_axis',(0.,0.,1.));
#2268=DIRECTION('ref_axis',(1.,0.,0.));
#2269=DIRECTION('center_axis',(0.,0.,-1.));
#2270=DIRECTION('ref_axis',(-1.,0.,0.));
#2271=DIRECTION('center_axis',(0.,0.,1.));
#2272=DIRECTION('ref_axis',(1.,0.,0.));
#2273=DIRECTION('center_axis',(0.,0.,1.));
#2274=DIRECTION('ref_axis',(-0.923879532511287,-0.38268343236509,0.));
#2275=DIRECTION('center_axis',(0.,0.,1.));
#2276=DIRECTION('ref_axis',(1.,0.,0.));
#2277=DIRECTION('center_axis',(0.,0.,-1.));
#2278=DIRECTION('ref_axis',(-1.,0.,0.));
#2279=DIRECTION('center_axis',(0.,0.,1.));
#2280=DIRECTION('ref_axis',(1.,0.,0.));
#2281=DIRECTION('center_axis',(0.,0.,1.));
#2282=DIRECTION('ref_axis',(1.,0.,0.));
#2283=DIRECTION('center_axis',(0.,0.,1.));
#2284=DIRECTION('ref_axis',(1.,0.,0.));
#2285=DIRECTION('center_axis',(0.,0.,1.));
#2286=DIRECTION('ref_axis',(-0.972369920397677,0.233445363855905,0.));
#2287=DIRECTION('center_axis',(0.,0.,1.));
#2288=DIRECTION('ref_axis',(1.,0.,0.));
#2289=DIRECTION('center_axis',(0.,0.,-1.));
#2290=DIRECTION('ref_axis',(-1.,0.,0.));
#2291=DIRECTION('center_axis',(0.,0.,1.));
#2292=DIRECTION('ref_axis',(1.,0.,0.));
#2293=DIRECTION('center_axis',(0.,0.,-1.));
#2294=DIRECTION('ref_axis',(-1.,0.,0.));
#2295=DIRECTION('center_axis',(0.,0.,1.));
#2296=DIRECTION('ref_axis',(1.,0.,0.));
#2297=DIRECTION('center_axis',(0.,0.,1.));
#2298=DIRECTION('ref_axis',(1.,0.,0.));
#2299=DIRECTION('center_axis',(0.,0.,1.));
#2300=DIRECTION('ref_axis',(1.,0.,0.));
#2301=DIRECTION('center_axis',(0.,0.,1.));
#2302=DIRECTION('ref_axis',(1.,0.,0.));
#2303=DIRECTION('center_axis',(0.,0.,-1.));
#2304=DIRECTION('ref_axis',(1.,0.,0.));
#2305=DIRECTION('center_axis',(0.,0.,-1.));
#2306=DIRECTION('ref_axis',(1.,0.,0.));
#2307=DIRECTION('',(0.707106781186548,-8.65956056235493E-17,0.707106781186548));
#2308=DIRECTION('center_axis',(0.,0.,1.));
#2309=DIRECTION('ref_axis',(1.,3.23418171489487E-14,0.));
#2310=DIRECTION('center_axis',(0.,0.,-1.));
#2311=DIRECTION('ref_axis',(-1.,0.,0.));
#2312=DIRECTION('center_axis',(0.,0.,1.));
#2313=DIRECTION('ref_axis',(-1.,0.,0.));
#2314=DIRECTION('center_axis',(0.,0.,1.));
#2315=DIRECTION('ref_axis',(1.,0.,0.));
#2316=DIRECTION('',(-0.707106781186547,8.65956056235493E-17,0.707106781186548));
#2317=DIRECTION('center_axis',(0.,0.,1.));
#2318=DIRECTION('ref_axis',(-1.,0.,0.));
#2319=DIRECTION('center_axis',(0.,0.,-1.));
#2320=DIRECTION('ref_axis',(-1.,0.,0.));
#2321=DIRECTION('center_axis',(0.,0.,-1.));
#2322=DIRECTION('ref_axis',(-1.,0.,0.));
#2323=DIRECTION('',(-0.707106781186546,-8.65956056235491E-17,-0.707106781186549));
#2324=DIRECTION('center_axis',(0.,0.,1.));
#2325=DIRECTION('ref_axis',(1.,0.,0.));
#2326=DIRECTION('center_axis',(0.,0.,1.));
#2327=DIRECTION('ref_axis',(1.,0.,0.));
#2328=DIRECTION('',(0.,0.,-1.));
#2329=DIRECTION('center_axis',(0.,0.,1.));
#2330=DIRECTION('ref_axis',(1.,0.,0.));
#2331=DIRECTION('center_axis',(0.,0.,1.));
#2332=DIRECTION('ref_axis',(1.,0.,0.));
#2333=DIRECTION('center_axis',(0.,0.,1.));
#2334=DIRECTION('ref_axis',(1.,0.,0.));
#2335=DIRECTION('',(0.,0.,-1.));
#2336=DIRECTION('center_axis',(0.,0.,1.));
#2337=DIRECTION('ref_axis',(1.,0.,0.));
#2338=DIRECTION('',(0.,0.,-1.));
#2339=DIRECTION('center_axis',(0.,0.,1.));
#2340=DIRECTION('ref_axis',(1.,0.,0.));
#2341=CARTESIAN_POINT('',(0.,0.,0.));
#2342=CARTESIAN_POINT('Origin',(0.,0.,2.));
#2343=CARTESIAN_POINT('',(-1.2636803029943,-0.00100915500700246,0.443419673619416));
#2344=CARTESIAN_POINT('',(-1.26603304235197,-0.000598187743742762,0.306580326380584));
#2345=CARTESIAN_POINT('',(-1.2645,-1.54856587752183E-16,2.));
#2346=CARTESIAN_POINT('',(-1.26091528662142,0.103515212381794,0.3));
#2347=CARTESIAN_POINT('Ctrl Pts',(-1.26603304235197,-0.000598187743742762,
0.306580326380584));
#2348=CARTESIAN_POINT('Ctrl Pts',(-1.26581333752269,0.0341285870040172,
0.304386884253722));
#2349=CARTESIAN_POINT('Ctrl Pts',(-1.26409130763436,0.0688710512145809,
0.302193442126861));
#2350=CARTESIAN_POINT('Ctrl Pts',(-1.26091528662142,0.103515212381794,0.3));
#2351=CARTESIAN_POINT('',(0.289543735323759,1.23211834569763,0.3));
#2352=CARTESIAN_POINT('Origin',(0.,0.,0.3));
#2353=CARTESIAN_POINT('Ctrl Pts',(0.289543735323759,1.23211834569763,0.3));
#2354=CARTESIAN_POINT('Ctrl Pts',(0.236983587969306,1.24492827696996,0.303413670763788));
#2355=CARTESIAN_POINT('Ctrl Pts',(0.183647950239292,1.25423390342548,0.306827341527577));
#2356=CARTESIAN_POINT('Ctrl Pts',(0.129924211337315,1.259772875201,0.310241012291366));
#2357=CARTESIAN_POINT('Ctrl Pts',(-0.281911007863062,1.30223350251286,0.336409515750292));
#2358=CARTESIAN_POINT('Ctrl Pts',(-0.716552770165204,1.12334882474776,0.362578019209219));
#2359=CARTESIAN_POINT('Ctrl Pts',(-0.979136441447433,0.803274332649901,
0.388746522668146));
#2360=CARTESIAN_POINT('Ctrl Pts',(-1.16200611044838,0.58036665472856,0.406970906318569));
#2361=CARTESIAN_POINT('Ctrl Pts',(-1.26142641651034,0.288980941338484,0.425195289968992));
#2362=CARTESIAN_POINT('Ctrl Pts',(-1.2636803029943,-0.00100915500700246,
0.443419673619416));
#2363=CARTESIAN_POINT('Origin',(0.,0.,2.));
#2364=CARTESIAN_POINT('',(-1.2662496280912,0.000464321788795532,0.943419673619416));
#2365=CARTESIAN_POINT('',(-1.26400824870563,0.00106976114691112,0.806580326380583));
#2366=CARTESIAN_POINT('',(-1.2645,-1.54856587752183E-16,2.));
#2367=CARTESIAN_POINT('Ctrl Pts',(-1.26400824870563,0.00106976114691112,
0.806580326380583));
#2368=CARTESIAN_POINT('Ctrl Pts',(-1.26496380921461,0.115163687007464,0.79940525217632));
#2369=CARTESIAN_POINT('Ctrl Pts',(-1.25075527546293,0.229023739594817,0.792230177972057));
#2370=CARTESIAN_POINT('Ctrl Pts',(-1.22042275388705,0.3384124596823,0.785055103767794));
#2371=CARTESIAN_POINT('Ctrl Pts',(-1.10979578708792,0.737368486962978,0.758886600308868));
#2372=CARTESIAN_POINT('Ctrl Pts',(-0.784693442718263,1.07684848780349,0.732718096849942));
#2373=CARTESIAN_POINT('Ctrl Pts',(-0.390896205924279,1.2046354145833,0.706549593391016));
#2374=CARTESIAN_POINT('Ctrl Pts',(0.00290103086970424,1.3324223413631,0.680381089932089));
#2375=CARTESIAN_POINT('Ctrl Pts',(0.465393160088017,1.24851619408219,0.654212586473162));
#2376=CARTESIAN_POINT('Ctrl Pts',(0.78919460078428,0.990522810928157,0.628044083014235));
#2377=CARTESIAN_POINT('Ctrl Pts',(1.11299604148054,0.732529427774125,0.601875579555308));
#2378=CARTESIAN_POINT('Ctrl Pts',(1.29810679365476,0.300448808746969,0.575707076096383));
#2379=CARTESIAN_POINT('Ctrl Pts',(1.26151835706361,-0.111933443134253,0.549538572637457));
#2380=CARTESIAN_POINT('Ctrl Pts',(1.22492992047246,-0.524315695015478,0.52337006917853));
#2381=CARTESIAN_POINT('Ctrl Pts',(0.966642295115938,-0.91699957975077,0.497201565719603));
#2382=CARTESIAN_POINT('Ctrl Pts',(0.602479741782068,-1.11396852700131,0.471033062260677));
#2383=CARTESIAN_POINT('Ctrl Pts',(0.238317188448199,-1.31093747425186,0.44486455880175));
#2384=CARTESIAN_POINT('Ctrl Pts',(-0.23172029286302,-1.31219148401765,0.418696055342824));
#2385=CARTESIAN_POINT('Ctrl Pts',(-0.596871865692486,-1.11703972948949,
0.392527551883897));
#2386=CARTESIAN_POINT('Ctrl Pts',(-0.962023438521953,-0.921887974961318,
0.366359048424971));
#2387=CARTESIAN_POINT('Ctrl Pts',(-1.22228910286967,-0.530330456139186,
0.340190544966044));
#2388=CARTESIAN_POINT('Ctrl Pts',(-1.26094436433961,-0.118191024612583,
0.314022041507118));
#2389=CARTESIAN_POINT('Ctrl Pts',(-1.26460858412011,-0.0791233944919348,
0.311541469798273));
#2390=CARTESIAN_POINT('Ctrl Pts',(-1.26628150734547,-0.0398708240826788,
0.309060898089428));
#2391=CARTESIAN_POINT('Ctrl Pts',(-1.26603304235197,-0.000598187743742762,
0.306580326380584));
#2392=CARTESIAN_POINT('Ctrl Pts',(-1.2636803029943,-0.00100915500700246,
0.443419673619416));
#2393=CARTESIAN_POINT('Ctrl Pts',(-1.26466278583744,-0.127417603865266,
0.451363793427919));
#2394=CARTESIAN_POINT('Ctrl Pts',(-1.24718227709114,-0.253560865780671,
0.459307913236422));
#2395=CARTESIAN_POINT('Ctrl Pts',(-1.21010261611609,-0.373651424101553,
0.467252033044925));
#2396=CARTESIAN_POINT('Ctrl Pts',(-1.08795953924021,-0.769238382324498,
0.493420536503852));
#2397=CARTESIAN_POINT('Ctrl Pts',(-0.753147805226128,-1.09914799233975,
0.519589039962778));
#2398=CARTESIAN_POINT('Ctrl Pts',(-0.355810343441013,-1.21546103640383,
0.545757543421704));
#2399=CARTESIAN_POINT('Ctrl Pts',(0.0415271183441042,-1.3317740804679,0.571926046880631));
#2400=CARTESIAN_POINT('Ctrl Pts',(0.501390307900257,-1.2344905585808,0.598094550339557));
#2401=CARTESIAN_POINT('Ctrl Pts',(0.817576029563833,-0.967225056075433,
0.624263053798484));
#2402=CARTESIAN_POINT('Ctrl Pts',(1.13376175122741,-0.699959553570063,0.65043155725741));
#2403=CARTESIAN_POINT('Ctrl Pts',(1.30627000499841,-0.262712070446426,0.676600060716337));
#2404=CARTESIAN_POINT('Ctrl Pts',(1.25774345026662,0.148445954643934,0.702768564175263));
#2405=CARTESIAN_POINT('Ctrl Pts',(1.20921689553483,0.559603979734292,0.72893706763419));
#2406=CARTESIAN_POINT('Ctrl Pts',(0.939655532300241,0.944672546791374,0.755105571093116));
#2407=CARTESIAN_POINT('Ctrl Pts',(0.569935241154575,1.13098468289713,0.781274074552042));
#2408=CARTESIAN_POINT('Ctrl Pts',(0.200214950008906,1.31729681900288,0.807442578010969));
#2409=CARTESIAN_POINT('Ctrl Pts',(-0.269664269047847,1.3048525241573,0.833611081469895));
#2410=CARTESIAN_POINT('Ctrl Pts',(-0.629003704361586,1.09923073278054,0.859779584928822));
#2411=CARTESIAN_POINT('Ctrl Pts',(-0.988343139675324,0.893608941403778,
0.885948088387749));
#2412=CARTESIAN_POINT('Ctrl Pts',(-1.23714279124605,0.494809653495842,0.912116591846675));
#2413=CARTESIAN_POINT('Ctrl Pts',(-1.26383756170516,0.0816598596272141,
0.938285095305602));
#2414=CARTESIAN_POINT('Ctrl Pts',(-1.26558350780287,0.054638189915454,0.939996621410206));
#2415=CARTESIAN_POINT('Ctrl Pts',(-1.26637935813031,0.027555133191637,0.941708147514811));
#2416=CARTESIAN_POINT('Ctrl Pts',(-1.2662496280912,0.000464321788795532,
0.943419673619416));
#2417=CARTESIAN_POINT('Origin',(0.,0.,2.));
#2418=CARTESIAN_POINT('',(-1.26266527402658,0.000418129041608026,1.44341967361942));
#2419=CARTESIAN_POINT('',(-1.26316593431142,-0.000827364261471314,1.30658032638058));
#2420=CARTESIAN_POINT('',(-1.2645,-1.54856587752183E-16,2.));
#2421=CARTESIAN_POINT('Ctrl Pts',(-1.26316593431142,-0.000827364261471314,
1.30658032638058));
#2422=CARTESIAN_POINT('Ctrl Pts',(-1.26151346924897,0.26725734419941,1.28974960626321));
#2423=CARTESIAN_POINT('Ctrl Pts',(-1.17781833843091,0.536284992625627,1.27291888614584));
#2424=CARTESIAN_POINT('Ctrl Pts',(-1.01997451388231,0.75073659924175,1.25608816602847));
#2425=CARTESIAN_POINT('Ctrl Pts',(-0.774557999326469,1.08416722908833,1.22991966256954));
#2426=CARTESIAN_POINT('Ctrl Pts',(-0.349892839639748,1.28566456302794,1.20375115911062));
#2427=CARTESIAN_POINT('Ctrl Pts',(0.0635960442364516,1.26487500893124,1.17758265565169));
#2428=CARTESIAN_POINT('Ctrl Pts',(0.47708492811265,1.24408545483453,1.15141415219277));
#2429=CARTESIAN_POINT('Ctrl Pts',(0.879397536178328,1.00100901270151,1.12524564873384));
#2430=CARTESIAN_POINT('Ctrl Pts',(1.09013214208414,0.644643653837196,1.09907714527491));
#2431=CARTESIAN_POINT('Ctrl Pts',(1.30086674798996,0.288278294972883,1.07290864181599));
#2432=CARTESIAN_POINT('Ctrl Pts',(1.32002335173592,-0.181375980622715,1.04674013835706));
#2433=CARTESIAN_POINT('Ctrl Pts',(1.13901184872248,-0.553719862347304,1.02057163489813));
#2434=CARTESIAN_POINT('Ctrl Pts',(0.958000345709042,-0.92606374407189,0.994403131439206));
#2435=CARTESIAN_POINT('Ctrl Pts',(0.576820735936217,-1.20109723192546,0.96823462798028));
#2436=CARTESIAN_POINT('Ctrl Pts',(0.166398593498672,-1.25549346839576,0.942066124521354));
#2437=CARTESIAN_POINT('Ctrl Pts',(-0.244023548938874,-1.30988970486605,
0.915897621062428));
#2438=CARTESIAN_POINT('Ctrl Pts',(-0.683688224041141,-1.14364868995305,
0.889729117603501));
#2439=CARTESIAN_POINT('Ctrl Pts',(-0.955444766977968,-0.831312155636136,
0.863560614144574));
#2440=CARTESIAN_POINT('Ctrl Pts',(-1.1526890870769,-0.604614366918243,0.84456718488991));
#2441=CARTESIAN_POINT('Ctrl Pts',(-1.26147874581698,-0.300952886637236,
0.825573755635247));
#2442=CARTESIAN_POINT('Ctrl Pts',(-1.26400824870563,0.00106976114691112,
0.806580326380583));
#2443=CARTESIAN_POINT('Ctrl Pts',(-1.2662496280912,0.000464321788795532,
0.943419673619416));
#2444=CARTESIAN_POINT('Ctrl Pts',(-1.26439584121635,-0.386651807615825,
0.967876650973738));
#2445=CARTESIAN_POINT('Ctrl Pts',(-1.07354604173174,-0.775351379655654,
0.992333628328059));
#2446=CARTESIAN_POINT('Ctrl Pts',(-0.765231643924573,-1.00914516520449,
1.01679060568238));
#2447=CARTESIAN_POINT('Ctrl Pts',(-0.435341066337399,-1.25930009633825,
1.04295910914131));
#2448=CARTESIAN_POINT('Ctrl Pts',(0.0290299781844355,-1.33210965877644,
1.06912761260023));
#2449=CARTESIAN_POINT('Ctrl Pts',(0.419652097344916,-1.19492499976647,1.09529611605916));
#2450=CARTESIAN_POINT('Ctrl Pts',(0.8102742165054,-1.0577403407565,1.12146461951809));
#2451=CARTESIAN_POINT('Ctrl Pts',(1.12714741030453,-0.710561460298357,1.14763312297701));
#2452=CARTESIAN_POINT('Ctrl Pts',(1.22818191737407,-0.309067589597687,1.17380162643594));
#2453=CARTESIAN_POINT('Ctrl Pts',(1.32921642444361,0.092426281102981,1.19997012989487));
#2454=CARTESIAN_POINT('Ctrl Pts',(1.21441224478356,0.548235142046177,1.22613863335379));
#2455=CARTESIAN_POINT('Ctrl Pts',(0.935248965942432,0.853968931471431,1.25230713681272));
#2456=CARTESIAN_POINT('Ctrl Pts',(0.656085687101304,1.15970272089669,1.27847564027165));
#2457=CARTESIAN_POINT('Ctrl Pts',(0.212563309079096,1.315361438804,1.30464414373057));
#2458=CARTESIAN_POINT('Ctrl Pts',(-0.196437476853541,1.25114583971844,1.3308126471895));
#2459=CARTESIAN_POINT('Ctrl Pts',(-0.605438262786175,1.18693024063287,1.35698115064843));
#2460=CARTESIAN_POINT('Ctrl Pts',(-0.979917456629239,0.902840324554429,
1.38314965410735));
#2461=CARTESIAN_POINT('Ctrl Pts',(-1.15195412855593,0.526265400489273,1.40931815756628));
#2462=CARTESIAN_POINT('Ctrl Pts',(-1.22668405899367,0.362687382123633,1.42068532958399));
#2463=CARTESIAN_POINT('Ctrl Pts',(-1.26321526771514,0.181658439665717,1.4320525016017));
#2464=CARTESIAN_POINT('Ctrl Pts',(-1.26266527402658,0.000418129041608026,
1.44341967361942));
#2465=CARTESIAN_POINT('Origin',(0.,0.,2.));
#2466=CARTESIAN_POINT('',(-1.26493827935055,-0.00104833981120552,1.94341967361942));
#2467=CARTESIAN_POINT('',(-1.26646433663162,8.95050333583869E-5,1.80658032638058));
#2468=CARTESIAN_POINT('',(-1.2645,-1.54856587752183E-16,2.));
#2469=CARTESIAN_POINT('Ctrl Pts',(-1.26646433663162,8.95050333583869E-5,
1.80658032638058));
#2470=CARTESIAN_POINT('Ctrl Pts',(-1.26646957357448,0.00511849138403108,
1.80626246380903));
#2471=CARTESIAN_POINT('Ctrl Pts',(-1.26644214922951,0.0101474190690548,
1.80594460123748));
#2472=CARTESIAN_POINT('Ctrl Pts',(-1.26638188873317,0.0151759532553036,
1.80562673866593));
#2473=CARTESIAN_POINT('Ctrl Pts',(-1.26142085478983,0.42915742205058,1.779458235207));
#2474=CARTESIAN_POINT('Ctrl Pts',(-1.0339079563676,0.840471894793414,1.75328973174807));
#2475=CARTESIAN_POINT('Ctrl Pts',(-0.685862681345634,1.06468107036622,1.72712122828915));
#2476=CARTESIAN_POINT('Ctrl Pts',(-0.337817406323669,1.28889024593902,1.70095272483022));
#2477=CARTESIAN_POINT('Ctrl Pts',(0.130760245298034,1.32599412434179,1.6747842213713));
#2478=CARTESIAN_POINT('Ctrl Pts',(0.509754484304818,1.15935488984531,1.64861571791237));
#2479=CARTESIAN_POINT('Ctrl Pts',(0.888748723311611,0.992715655348829,1.62244721445344));
#2480=CARTESIAN_POINT('Ctrl Pts',(1.17815954970348,0.622333307953081,1.59627871099452));
#2481=CARTESIAN_POINT('Ctrl Pts',(1.24821170937376,0.214291686551149,1.57011020753559));
#2482=CARTESIAN_POINT('Ctrl Pts',(1.31826386904403,-0.193749934850775,1.54394170407666));
#2483=CARTESIAN_POINT('Ctrl Pts',(1.16895736199272,-0.639450830258884,1.51777320061774));
#2484=CARTESIAN_POINT('Ctrl Pts',(0.867242999581345,-0.922953404335845,
1.49160469715881));
#2485=CARTESIAN_POINT('Ctrl Pts',(0.565528637169968,-1.20645597841281,1.46543619369988));
#2486=CARTESIAN_POINT('Ctrl Pts',(0.111406419398527,-1.32776023115863,1.43926769024096));
#2487=CARTESIAN_POINT('Ctrl Pts',(-0.29148985097306,-1.23247192389945,1.41309918678203));
#2488=CARTESIAN_POINT('Ctrl Pts',(-0.694386121344644,-1.13718361664027,
1.3869306833231));
#2489=CARTESIAN_POINT('Ctrl Pts',(-1.04605644431637,-0.825302749376091,
1.36076217986418));
#2490=CARTESIAN_POINT('Ctrl Pts',(-1.18880767108975,-0.436680352867233,
1.33459367640525));
#2491=CARTESIAN_POINT('Ctrl Pts',(-1.23974600730158,-0.298007090715586,
1.32525589306369));
#2492=CARTESIAN_POINT('Ctrl Pts',(-1.26408273172859,-0.149562350485162,
1.31591810972214));
#2493=CARTESIAN_POINT('Ctrl Pts',(-1.26316593431142,-0.000827364261471314,
1.30658032638058));
#2494=CARTESIAN_POINT('Ctrl Pts',(-1.26266527402658,0.000418129041608026,
1.44341967361942));
#2495=CARTESIAN_POINT('Ctrl Pts',(-1.26194912062781,-0.235577059900379,
1.45822100506063));
#2496=CARTESIAN_POINT('Ctrl Pts',(-1.19836194647418,-0.471930622667915,
1.47302233650184));
#2497=CARTESIAN_POINT('Ctrl Pts',(-1.07437092732594,-0.67058235371423,1.48782366794306));
#2498=CARTESIAN_POINT('Ctrl Pts',(-0.855156904158961,-1.02179525180069,
1.51399217140199));
#2499=CARTESIAN_POINT('Ctrl Pts',(-0.447134707814685,-1.25516111592175,
1.54016067486091));
#2500=CARTESIAN_POINT('Ctrl Pts',(-0.0332663390249731,-1.26603591483175,
1.56632917831984));
#2501=CARTESIAN_POINT('Ctrl Pts',(0.380602029764742,-1.27691071374175,1.59249768177876));
#2502=CARTESIAN_POINT('Ctrl Pts',(0.800316570999894,-1.06529444744069,1.61866618523769));
#2503=CARTESIAN_POINT('Ctrl Pts',(1.03767229416489,-0.726078367187549,1.64483468869662));
#2504=CARTESIAN_POINT('Ctrl Pts',(1.27502801732989,-0.386862286934411,1.67100319215554));
#2505=CARTESIAN_POINT('Ctrl Pts',(1.33002492242474,0.0799536072707982,1.69717169561447));
#2506=CARTESIAN_POINT('Ctrl Pts',(1.17800174407503,0.465043520582763,1.7233401990734));
#2507=CARTESIAN_POINT('Ctrl Pts',(1.02597856572532,0.850133433894727,1.74950870253232));
#2508=CARTESIAN_POINT('Ctrl Pts',(0.666935303931051,1.15349736631344,1.77567720599125));
#2509=CARTESIAN_POINT('Ctrl Pts',(0.261871224840814,1.23910332391109,1.80184570945018));
#2510=CARTESIAN_POINT('Ctrl Pts',(-0.143192854249426,1.32470928150874,1.8280142129091));
#2511=CARTESIAN_POINT('Ctrl Pts',(-0.594277750635638,1.19255726428531,1.85418271636803));
#2512=CARTESIAN_POINT('Ctrl Pts',(-0.88911163463905,0.901905808012552,1.88035121982696));
#2513=CARTESIAN_POINT('Ctrl Pts',(-1.12597038634294,0.668407065673679,1.90137403775778));
#2514=CARTESIAN_POINT('Ctrl Pts',(-1.26198586690683,0.332613933917148,1.9223968556886));
#2515=CARTESIAN_POINT('Ctrl Pts',(-1.26493827935055,-0.00104833981120552,
1.94341967361942));
#2516=CARTESIAN_POINT('Origin',(0.,0.,2.));
#2517=CARTESIAN_POINT('',(-1.26522725304119,0.000989621792036488,2.44341967361942));
#2518=CARTESIAN_POINT('',(-1.26297353679968,0.000714353211245106,2.30658032638058));
#2519=CARTESIAN_POINT('',(-1.2645,-1.54856587752183E-16,2.));
#2520=CARTESIAN_POINT('Ctrl Pts',(-1.26297353679968,0.000714353211245106,
2.30658032638058));
#2521=CARTESIAN_POINT('Ctrl Pts',(-1.26381058374426,0.159636317771659,2.29660681789592));
#2522=CARTESIAN_POINT('Ctrl Pts',(-1.23594172405986,0.318275555377269,2.28663330941127));
#2523=CARTESIAN_POINT('Ctrl Pts',(-1.17800167514569,0.465043493370453,2.27665980092661));
#2524=CARTESIAN_POINT('Ctrl Pts',(-1.02597850569106,0.850133384148767,2.25049129746768));
#2525=CARTESIAN_POINT('Ctrl Pts',(-0.666935264906485,1.15349729881865,2.22432279400875));
#2526=CARTESIAN_POINT('Ctrl Pts',(-0.261871209518098,1.23910325140755,2.19815429054982));
#2527=CARTESIAN_POINT('Ctrl Pts',(0.143192845870291,1.32470920399645,2.1719857870909));
#2528=CARTESIAN_POINT('Ctrl Pts',(0.594277715862494,1.19255719450436,2.14581728363197));
#2529=CARTESIAN_POINT('Ctrl Pts',(0.889111582614249,0.90190575523852,2.11964878017305));
#2530=CARTESIAN_POINT('Ctrl Pts',(1.183945449366,0.61125431597268,2.09348027671412));
#2531=CARTESIAN_POINT('Ctrl Pts',(1.32252831287731,0.16210344693309,2.06731177325519));
#2532=CARTESIAN_POINT('Ctrl Pts',(1.24271796994186,-0.244142263557029,2.04114326979627));
#2533=CARTESIAN_POINT('Ctrl Pts',(1.16290762700642,-0.65038797404715,2.01497476633734));
#2534=CARTESIAN_POINT('Ctrl Pts',(0.864704077624215,-1.0137285259878,1.98880626287841));
#2535=CARTESIAN_POINT('Ctrl Pts',(0.481825337958541,-1.17123769650928,1.96263775941949));
#2536=CARTESIAN_POINT('Ctrl Pts',(0.0989465982928696,-1.32874686703077,
1.93646925596056));
#2537=CARTESIAN_POINT('Ctrl Pts',(-0.368607331656273,-1.28042465613309,
1.91030075250163));
#2538=CARTESIAN_POINT('Ctrl Pts',(-0.711179711898617,-1.04793931826039,
1.88413224904271));
#2539=CARTESIAN_POINT('Ctrl Pts',(-1.04959094712564,-0.818277924349962,
1.85828160815533));
#2540=CARTESIAN_POINT('Ctrl Pts',(-1.26603843455516,-0.408900202512129,
1.83243096726796));
#2541=CARTESIAN_POINT('Ctrl Pts',(-1.26646433663162,8.95050333583869E-5,
1.80658032638058));
#2542=CARTESIAN_POINT('Ctrl Pts',(-1.26493827935055,-0.00104833981120552,
1.94341967361942));
#2543=CARTESIAN_POINT('Ctrl Pts',(-1.26566093156752,-0.0827177496329047,
1.94856535914752));
#2544=CARTESIAN_POINT('Ctrl Pts',(-1.25841167799721,-0.164259498190763,
1.95371104467563));
#2545=CARTESIAN_POINT('Ctrl Pts',(-1.24271804265766,-0.244142277843102,
1.95885673020373));
#2546=CARTESIAN_POINT('Ctrl Pts',(-1.16290769505224,-0.650388012103925,
1.98502523366266));
#2547=CARTESIAN_POINT('Ctrl Pts',(-0.864704128220797,-1.01372858530348,
2.01119373712159));
#2548=CARTESIAN_POINT('Ctrl Pts',(-0.481825366151635,-1.17123776504175,
2.03736224058052));
#2549=CARTESIAN_POINT('Ctrl Pts',(-0.0989466040824753,-1.32874694478001,
2.06353074403944));
#2550=CARTESIAN_POINT('Ctrl Pts',(0.3686073532244,-1.28042473105697,2.08969924749837));
#2551=CARTESIAN_POINT('Ctrl Pts',(0.711179753511965,-1.04793937957998,2.11586775095729));
#2552=CARTESIAN_POINT('Ctrl Pts',(1.05375215379953,-0.815454028102989,2.14203625441622));
#2553=CARTESIAN_POINT('Ctrl Pts',(1.27134299706779,-0.398805538872034,2.16820475787515));
#2554=CARTESIAN_POINT('Ctrl Pts',(1.26638196283386,0.0151759541452423,2.19437326133407));
#2555=CARTESIAN_POINT('Ctrl Pts',(1.26142092859994,0.429157447162516,2.220541764793));
#2556=CARTESIAN_POINT('Ctrl Pts',(1.03390801686385,0.840471943966112,2.24671026825193));
#2557=CARTESIAN_POINT('Ctrl Pts',(0.685862721477115,1.06468113266085,2.27287877171085));
#2558=CARTESIAN_POINT('Ctrl Pts',(0.337817426090383,1.2888903213556,2.29904727516978));
#2559=CARTESIAN_POINT('Ctrl Pts',(-0.130760252946985,1.32599420194148,2.32521577862871));
#2560=CARTESIAN_POINT('Ctrl Pts',(-0.509754514131063,1.15935495768946,2.35138428208763));
#2561=CARTESIAN_POINT('Ctrl Pts',(-0.888748775315139,0.992715713437439,
2.37755278554656));
#2562=CARTESIAN_POINT('Ctrl Pts',(-1.17815961864593,0.622333344347515,2.40372128900549));
#2563=CARTESIAN_POINT('Ctrl Pts',(-1.24821178241323,0.214291699078544,2.42988979246441));
#2564=CARTESIAN_POINT('Ctrl Pts',(-1.26028478780958,0.143968546725481,2.43439975284941));
#2565=CARTESIAN_POINT('Ctrl Pts',(-1.26584237189352,0.0725268334332485,
2.43890971323441));
#2566=CARTESIAN_POINT('Ctrl Pts',(-1.26522725304119,0.000989621792036488,
2.44341967361942));
#2567=CARTESIAN_POINT('Origin',(0.,0.,2.));
#2568=CARTESIAN_POINT('',(-1.26258143877192,-0.000267537816434561,2.94341967361942));
#2569=CARTESIAN_POINT('',(-1.26429349912244,-0.00108910952676108,2.80658032638058));
#2570=CARTESIAN_POINT('',(-1.2645,-1.54856587752183E-16,2.));
#2571=CARTESIAN_POINT('Ctrl Pts',(-1.26429349912244,-0.00108910952676108,
2.80658032638058));
#2572=CARTESIAN_POINT('Ctrl Pts',(-1.26157489984118,0.310862228225464,2.78695117198282));
#2573=CARTESIAN_POINT('Ctrl Pts',(-1.14465098078393,0.624636110681392,2.76732201758505));
#2574=CARTESIAN_POINT('Ctrl Pts',(-0.93524891120327,0.85396888146688,2.74769286318728));
#2575=CARTESIAN_POINT('Ctrl Pts',(-0.656085648686414,1.15970265297504,2.72152435972835));
#2576=CARTESIAN_POINT('Ctrl Pts',(-0.212563296643495,1.31536136184221,2.69535585626943));
#2577=CARTESIAN_POINT('Ctrl Pts',(0.196437465351138,1.25114576652938,2.6691873528105));
#2578=CARTESIAN_POINT('Ctrl Pts',(0.605438227345765,1.18693017121656,2.64301884935158));
#2579=CARTESIAN_POINT('Ctrl Pts',(0.979917399292106,0.90284027172375,2.61685034589265));
#2580=CARTESIAN_POINT('Ctrl Pts',(1.15195406115572,0.526265369684851,2.59068184243372));
#2581=CARTESIAN_POINT('Ctrl Pts',(1.32399072301934,0.149690467645952,2.56451333897479));
#2582=CARTESIAN_POINT('Ctrl Pts',(1.29358487480022,-0.319369436939035,2.53834483551587));
#2583=CARTESIAN_POINT('Ctrl Pts',(1.07437086445831,-0.670582314470202,2.51217633205694));
#2584=CARTESIAN_POINT('Ctrl Pts',(0.855156854116397,-1.02179519200137,2.48600782859802));
#2585=CARTESIAN_POINT('Ctrl Pts',(0.447134681651677,-1.25516104247871,2.45983932513909));
#2586=CARTESIAN_POINT('Ctrl Pts',(0.0332663370798755,-1.26603584075494,
2.43367082168016));
#2587=CARTESIAN_POINT('Ctrl Pts',(-0.380602007491933,-1.27691063903117,
2.40750231822124));
#2588=CARTESIAN_POINT('Ctrl Pts',(-0.800316524170827,-1.06529438510626,
2.38133381476231));
#2589=CARTESIAN_POINT('Ctrl Pts',(-1.03767223344793,-0.726078324700433,
2.35516531130338));
#2590=CARTESIAN_POINT('Ctrl Pts',(-1.18456540694902,-0.516146472766845,
2.33897031632912));
#2591=CARTESIAN_POINT('Ctrl Pts',(-1.26161433897258,-0.257343322411655,
2.32277532135485));
#2592=CARTESIAN_POINT('Ctrl Pts',(-1.26297353679968,0.000714353211245106,
2.30658032638058));
#2593=CARTESIAN_POINT('Ctrl Pts',(-1.26522725304119,0.000989621792036488,
2.44341967361942));
#2594=CARTESIAN_POINT('Ctrl Pts',(-1.26227321863256,-0.342559245038929,
2.46507821669334));
#2595=CARTESIAN_POINT('Ctrl Pts',(-1.1169590459983,-0.68831057622003,2.48673675976727));
#2596=CARTESIAN_POINT('Ctrl Pts',(-0.867243050322301,-0.922953458320085,
2.50839530284119));
#2597=CARTESIAN_POINT('Ctrl Pts',(-0.56552867026025,-1.20645604900173,2.53456380630012));
#2598=CARTESIAN_POINT('Ctrl Pts',(-0.111406425932329,-1.32776030891699,
2.56073230975904));
#2599=CARTESIAN_POINT('Ctrl Pts',(0.291489868020934,-1.23247199605345,2.58690081321797));
#2600=CARTESIAN_POINT('Ctrl Pts',(0.694386161974203,-1.13718368318991,2.6130693166769));
#2601=CARTESIAN_POINT('Ctrl Pts',(1.04605650555281,-0.825302797547554,2.63923782013582));
#2602=CARTESIAN_POINT('Ctrl Pts',(1.18880774066627,-0.436680378350492,2.66540632359475));
#2603=CARTESIAN_POINT('Ctrl Pts',(1.33155897577972,-0.0480579591534386,
2.69157482705368));
#2604=CARTESIAN_POINT('Ctrl Pts',(1.26539110242803,0.417305993598323,2.7177433305126));
#2605=CARTESIAN_POINT('Ctrl Pts',(1.01997457353588,0.750736643046802,2.74391183397153));
#2606=CARTESIAN_POINT('Ctrl Pts',(0.774558044643733,1.08416729249529,2.77008033743046));
#2607=CARTESIAN_POINT('Ctrl Pts',(0.349892860211121,1.28566463864049,2.79624884088938));
#2608=CARTESIAN_POINT('Ctrl Pts',(-0.0635960479042499,1.26487508316437,
2.82241734434831));
#2609=CARTESIAN_POINT('Ctrl Pts',(-0.477084956019618,1.24408552768824,2.84858584780724));
#2610=CARTESIAN_POINT('Ctrl Pts',(-0.879397587817744,1.00100907059079,2.87475435126616));
#2611=CARTESIAN_POINT('Ctrl Pts',(-1.0901322059713,0.644643691162277,2.90092285472509));
#2612=CARTESIAN_POINT('Ctrl Pts',(-1.20420764933133,0.45173500338867,2.9150884610232));
#2613=CARTESIAN_POINT('Ctrl Pts',(-1.26214492577624,0.225629226291159,2.92925406732131));
#2614=CARTESIAN_POINT('Ctrl Pts',(-1.26258143877192,-0.000267537816434561,
2.94341967361942));
#2615=CARTESIAN_POINT('Origin',(0.,0.,2.));
#2616=CARTESIAN_POINT('',(-1.26607286389629,-0.000628751492366403,3.44341967361942));
#2617=CARTESIAN_POINT('',(-1.2658067216596,0.000777893515349678,3.30658032638058));
#2618=CARTESIAN_POINT('',(-1.2645,-1.54856587752183E-16,2.));
#2619=CARTESIAN_POINT('',(1.26091534330906,0.103515169948506,3.7));
#2620=CARTESIAN_POINT('Ctrl Pts',(-1.26607286389629,-0.000628751492366403,
3.44341967361942));
#2621=CARTESIAN_POINT('Ctrl Pts',(-1.26629849518252,-0.0377955633067243,
3.44576692486712));
#2622=CARTESIAN_POINT('Ctrl Pts',(-1.26480031663739,-0.074943739552453,
3.44811417611483));
#2623=CARTESIAN_POINT('Ctrl Pts',(-1.26151842306454,-0.1119334299181,3.45046142736254));
#2624=CARTESIAN_POINT('Ctrl Pts',(-1.22492999078799,-0.524315718018968,
3.47662993082147));
#2625=CARTESIAN_POINT('Ctrl Pts',(-0.966642378225672,-0.916999685953865,
3.5027984342804));
#2626=CARTESIAN_POINT('Ctrl Pts',(-0.602479791579223,-1.11396862546594,
3.52896693773933));
#2627=CARTESIAN_POINT('Ctrl Pts',(-0.238317204932784,-1.310937564978,3.55513544119825));
#2628=CARTESIAN_POINT('Ctrl Pts',(0.231720355797778,-1.31219147606725,3.58130394465718));
#2629=CARTESIAN_POINT('Ctrl Pts',(0.596871927668915,-1.11703973981432,3.6074724481161));
#2630=CARTESIAN_POINT('Ctrl Pts',(0.962023499540063,-0.921888003561375,
3.63364095157503));
#2631=CARTESIAN_POINT('Ctrl Pts',(1.22228908255178,-0.530330619966234,3.65980945503396));
#2632=CARTESIAN_POINT('Ctrl Pts',(1.26094438780895,-0.118191120132155,3.68597795849288));
#2633=CARTESIAN_POINT('Ctrl Pts',(1.26784869671905,-0.0445779795301845,
3.69065197232859));
#2634=CARTESIAN_POINT('Ctrl Pts',(1.2676831244955,0.0296917782502064,3.6953259861643));
#2635=CARTESIAN_POINT('Ctrl Pts',(1.26091534330906,0.103515169948506,3.7));
#2636=CARTESIAN_POINT('',(-0.289543712563157,1.23211825076256,3.7));
#2637=CARTESIAN_POINT('Origin',(0.,0.,3.7));
#2638=CARTESIAN_POINT('Ctrl Pts',(-0.289543712563157,1.23211825076256,3.7));
#2639=CARTESIAN_POINT('Ctrl Pts',(-0.236983567810641,1.24492817585074,3.69658632923621));
#2640=CARTESIAN_POINT('Ctrl Pts',(-0.183647932878241,1.25423379730318,3.69317265847243));
#2641=CARTESIAN_POINT('Ctrl Pts',(-0.129924196997614,1.25977276579619,3.68975898770864));
#2642=CARTESIAN_POINT('Ctrl Pts',(0.281910999041766,1.302233367945,3.66359048424971));
#2643=CARTESIAN_POINT('Ctrl Pts',(0.716552725035192,1.12334876612425,3.63742198079078));
#2644=CARTESIAN_POINT('Ctrl Pts',(0.979136379474044,0.803274306380338,3.61125347733185));
#2645=CARTESIAN_POINT('Ctrl Pts',(1.24172003391289,0.483199846636434,3.58508497387293));
#2646=CARTESIAN_POINT('Ctrl Pts',(1.33224561679717,0.0219355289693775,3.558916470414));
#2647=CARTESIAN_POINT('Ctrl Pts',(1.21010254836708,-0.373651414170458,3.53274796695507));
#2648=CARTESIAN_POINT('Ctrl Pts',(1.08795947993698,-0.769238357310288,3.50657946349615));
#2649=CARTESIAN_POINT('Ctrl Pts',(0.753147760192522,-1.0991479259229,3.48041096003722));
#2650=CARTESIAN_POINT('Ctrl Pts',(0.355810320699643,-1.21546095846715,3.4542424565783));
#2651=CARTESIAN_POINT('Ctrl Pts',(-0.0415271187932476,-1.3317739910114,
3.42807395311937));
#2652=CARTESIAN_POINT('Ctrl Pts',(-0.501390278034561,-1.23449048748728,
3.40190544966044));
#2653=CARTESIAN_POINT('Ctrl Pts',(-0.817575980549332,-0.967225003348382,
3.37573694620151));
#2654=CARTESIAN_POINT('Ctrl Pts',(-1.09610845956492,-0.731787039960289,
3.35268473959454));
#2655=CARTESIAN_POINT('Ctrl Pts',(-1.26314581706398,-0.364441385441931,
3.32963253298756));
#2656=CARTESIAN_POINT('Ctrl Pts',(-1.2658067216596,0.000777893515349678,
3.30658032638058));
#2657=CARTESIAN_POINT('Origin',(0.,0.,-1.10421172358872));
#2658=CARTESIAN_POINT('',(-1.54491927955079,-0.000767230963050342,3.60421172358873));
#2659=CARTESIAN_POINT('',(-1.5405656728667,4.16452267949552E-5,3.64578827641128));
#2660=CARTESIAN_POINT('',(-1.543,-5.00923868619363E-14,-1.10421172358872));
#2661=CARTESIAN_POINT('',(0.7809248764689,1.32816220226582,3.9785));
#2662=CARTESIAN_POINT('Ctrl Pts',(-1.5405656728667,4.16452267951173E-5,
3.64578827641128));
#2663=CARTESIAN_POINT('Ctrl Pts',(-1.54039949463175,-0.260703204154468,
3.65918483710514));
#2664=CARTESIAN_POINT('Ctrl Pts',(-1.35476173618375,-1.03094000966198,3.69874990125794));
#2665=CARTESIAN_POINT('Ctrl Pts',(-0.144125342158813,-1.81074394702449,
3.76448346886967));
#2666=CARTESIAN_POINT('Ctrl Pts',(1.43212068978092,-1.12010759922268,3.84298897924644));
#2667=CARTESIAN_POINT('Ctrl Pts',(1.69534572769947,0.423879561600542,3.91432782295655));
#2668=CARTESIAN_POINT('Ctrl Pts',(1.0976156611069,1.13921497715345,3.95949816320774));
#2669=CARTESIAN_POINT('Ctrl Pts',(0.7809248764689,1.32816220226582,3.9785));
#2670=CARTESIAN_POINT('',(0.0126462339716588,1.54206853131163,3.9785));
#2671=CARTESIAN_POINT('Origin',(0.,0.,3.9785));
#2672=CARTESIAN_POINT('Ctrl Pts',(-1.54491927955079,-0.000767230963050229,
3.60421172358873));
#2673=CARTESIAN_POINT('Ctrl Pts',(-1.5451946050349,-0.0461198530504685,
3.60655897483644));
#2674=CARTESIAN_POINT('Ctrl Pts',(-1.52298524945115,-0.596813265534842,
3.63507472954307));
#2675=CARTESIAN_POINT('Ctrl Pts',(-0.864366471663551,-1.59813513479663,
3.68975898770864));
#2676=CARTESIAN_POINT('Ctrl Pts',(0.85631669846046,-1.60272537159548,3.76826449808541));
#2677=CARTESIAN_POINT('Ctrl Pts',(1.80908014943809,-0.169337369490392,3.8467700084622));
#2678=CARTESIAN_POINT('Ctrl Pts',(1.21122327867716,1.24470231341433,3.91684850910039));
#2679=CARTESIAN_POINT('Ctrl Pts',(0.357212233555406,1.5363835840331,3.96075850627966));
#2680=CARTESIAN_POINT('Ctrl Pts',(0.0126462339716587,1.54206853131163,3.9785));
#2681=CARTESIAN_POINT('Origin',(0.,0.,-1.10421172358872));
#2682=CARTESIAN_POINT('',(-1.54065888495458,-0.000326461724645816,3.10421172358873));
#2683=CARTESIAN_POINT('',(-1.54459452077562,0.000949220794091612,3.14578827641127));
#2684=CARTESIAN_POINT('',(-1.543,-5.00923868619363E-14,-1.10421172358872));
#2685=CARTESIAN_POINT('Ctrl Pts',(-1.54459452077562,0.000949220794091458,
3.14578827641127));
#2686=CARTESIAN_POINT('Ctrl Pts',(-1.54134756483171,-0.444707835300069,
3.16884048301825));
#2687=CARTESIAN_POINT('Ctrl Pts',(-1.10614036188307,-1.4018079547699,3.21806119308416));
#2688=CARTESIAN_POINT('Ctrl Pts',(0.510472527015693,-1.74380048562144,3.29345040660899));
#2689=CARTESIAN_POINT('Ctrl Pts',(1.73612966477539,-0.536088826382367,3.37195591698576));
#2690=CARTESIAN_POINT('Ctrl Pts',(1.40473945269841,1.1524778216847,3.45046142736255));
#2691=CARTESIAN_POINT('Ctrl Pts',(-0.186368929763864,1.80732702834998,3.52896693773932));
#2692=CARTESIAN_POINT('Ctrl Pts',(-1.36747934525641,1.00639945555909,3.59407588742224));
#2693=CARTESIAN_POINT('Ctrl Pts',(-1.54072410300068,0.248629202039417,3.63301633364622));
#2694=CARTESIAN_POINT('Ctrl Pts',(-1.5405656728667,4.16452267951173E-5,
3.64578827641128));
#2695=CARTESIAN_POINT('Ctrl Pts',(-1.54065888495458,-0.000326461724645764,
3.10421172358873));
#2696=CARTESIAN_POINT('Ctrl Pts',(-1.54111021597914,-0.233891599532154,
3.11621462074955));
#2697=CARTESIAN_POINT('Ctrl Pts',(-1.38234109042179,-0.976088970573846,
3.15438602136929));
#2698=CARTESIAN_POINT('Ctrl Pts',(-0.238730152112089,-1.80124147154979,
3.21872592544795));
#2699=CARTESIAN_POINT('Ctrl Pts',(1.37076601704476,-1.19267704132979,3.29723143582474));
#2700=CARTESIAN_POINT('Ctrl Pts',(1.75092759145767,0.485521509675243,3.37573694620152));
#2701=CARTESIAN_POINT('Ctrl Pts',(0.56081385470441,1.72826810768447,3.4542424565783));
#2702=CARTESIAN_POINT('Ctrl Pts',(-1.08162644698219,1.43029358734779,3.53040071570737));
#2703=CARTESIAN_POINT('Ctrl Pts',(-1.5421251185919,0.459497195454407,3.58039047137751));
#2704=CARTESIAN_POINT('Ctrl Pts',(-1.54491927955079,-0.000767230963050229,
3.60421172358873));
#2705=CARTESIAN_POINT('Origin',(0.,0.,-1.10421172358872));
#2706=CARTESIAN_POINT('',(-1.54388742700083,0.00120758119814712,2.60421172358873));
#2707=CARTESIAN_POINT('',(-1.5427480183044,-0.00132898062461086,2.64578827641127));
#2708=CARTESIAN_POINT('',(-1.543,-5.00923868619363E-14,-1.10421172358872));
#2709=CARTESIAN_POINT('Ctrl Pts',(-1.5427480183044,-0.00132898062461063,
2.64578827641127));
#2710=CARTESIAN_POINT('Ctrl Pts',(-1.54385317846043,-0.128142884932221,
2.65232762547243));
#2711=CARTESIAN_POINT('Ctrl Pts',(-1.47202079685153,-0.761193252500284,
2.68503547799252));
#2712=CARTESIAN_POINT('Ctrl Pts',(-0.602070172587684,-1.71434577473486,
2.74391183397153));
#2713=CARTESIAN_POINT('Ctrl Pts',(1.09786928065261,-1.44780924119476,2.82241734434831));
#2714=CARTESIAN_POINT('Ctrl Pts',(1.81321396272596,0.11715617500385,2.90092285472509));
#2715=CARTESIAN_POINT('Ctrl Pts',(0.902424305313572,1.5770547923846,2.97942836510186));
#2716=CARTESIAN_POINT('Ctrl Pts',(-0.817679114395372,1.62261005282101,3.05793387547865));
#2717=CARTESIAN_POINT('Ctrl Pts',(-1.51471197355375,0.626898215904055,3.11338717924845));
#2718=CARTESIAN_POINT('Ctrl Pts',(-1.54503345830376,0.0611950664362544,
3.14267197955932));
#2719=CARTESIAN_POINT('Ctrl Pts',(-1.54459452077562,0.000949220794091458,
3.14578827641127));
#2720=CARTESIAN_POINT('Ctrl Pts',(-1.54388742700083,0.00120758119814725,
2.60421172358873));
#2721=CARTESIAN_POINT('Ctrl Pts',(-1.54028278082248,-0.418006259466277,
2.62587026666265));
#2722=CARTESIAN_POINT('Ctrl Pts',(-1.14872181647585,-1.349661597739,2.6736973131955));
#2723=CARTESIAN_POINT('Ctrl Pts',(0.418197317346318,-1.76821402112153,2.74769286318728));
#2724=CARTESIAN_POINT('Ctrl Pts',(1.70556941732683,-0.62650060108321,2.82619837356406));
#2725=CARTESIAN_POINT('Ctrl Pts',(1.4633463364688,1.0770737265466,2.90470388394084));
#2726=CARTESIAN_POINT('Ctrl Pts',(-0.0912405664482049,1.814702208402,2.98320939431762));
#2727=CARTESIAN_POINT('Ctrl Pts',(-1.33882683389719,1.0609131750835,3.04971200753358));
#2728=CARTESIAN_POINT('Ctrl Pts',(-1.540126232086,0.275322970476252,3.09004611729062));
#2729=CARTESIAN_POINT('Ctrl Pts',(-1.54065888495458,-0.000326461724645764,
3.10421172358873));
#2730=CARTESIAN_POINT('Origin',(0.,0.,-1.10421172358872));
#2731=CARTESIAN_POINT('',(-1.54353480825457,-0.00127923157668491,2.10421172358873));
#2732=CARTESIAN_POINT('',(-1.5411373406737,0.00087168604581805,2.14578827641127));
#2733=CARTESIAN_POINT('',(-1.543,-5.00923868619363E-14,-1.10421172358872));
#2734=CARTESIAN_POINT('Ctrl Pts',(-1.54113734067371,0.000871686045818085,
2.14578827641127));
#2735=CARTESIAN_POINT('Ctrl Pts',(-1.53947878610889,-0.314021942650212,
2.16198327138554));
#2736=CARTESIAN_POINT('Ctrl Pts',(-1.29354130783888,-1.14011248660773,2.20434676981874));
#2737=CARTESIAN_POINT('Ctrl Pts',(0.0477268498817409,-1.81636773098553,
2.27287877171085));
#2738=CARTESIAN_POINT('Ctrl Pts',(1.54138808858414,-0.962077084991362,2.35138428208763));
#2739=CARTESIAN_POINT('Ctrl Pts',(1.65269585561165,0.755027144604458,2.42988979246441));
#2740=CARTESIAN_POINT('Ctrl Pts',(0.28182666862895,1.79500511593876,2.50839530284119));
#2741=CARTESIAN_POINT('Ctrl Pts',(-1.20654726484603,1.27264505059115,2.58036146415681));
#2742=CARTESIAN_POINT('Ctrl Pts',(-1.53943066069984,0.379328128233987,2.62615912201351));
#2743=CARTESIAN_POINT('Ctrl Pts',(-1.5427480183044,-0.00132898062461063,
2.64578827641127));
#2744=CARTESIAN_POINT('Ctrl Pts',(-1.54353480825457,-0.00127923157668517,
2.10421172358873));
#2745=CARTESIAN_POINT('Ctrl Pts',(-1.54441662112194,-0.100935933320357,
2.10935740911683));
#2746=CARTESIAN_POINT('Ctrl Pts',(-1.49058489441632,-0.706451119248242,
2.14067159810387));
#2747=CARTESIAN_POINT('Ctrl Pts',(-0.691269566013264,-1.68036197039952,
2.19815429054983));
#2748=CARTESIAN_POINT('Ctrl Pts',(1.02032178896778,-1.50346712870405,2.2766598009266));
#2749=CARTESIAN_POINT('Ctrl Pts',(1.81686430655477,0.0217727737475764,2.35516531130339));
#2750=CARTESIAN_POINT('Ctrl Pts',(0.98399972100602,1.52748634093133,2.43367082168016));
#2751=CARTESIAN_POINT('Ctrl Pts',(-0.731339208423763,1.66331383261346,2.51217633205695));
#2752=CARTESIAN_POINT('Ctrl Pts',(-1.4985069008805,0.68150753900267,2.5690232993598));
#2753=CARTESIAN_POINT('Ctrl Pts',(-1.54463802280087,0.088500517190562,2.59970176320373));
#2754=CARTESIAN_POINT('Ctrl Pts',(-1.54388742700083,0.00120758119814725,
2.60421172358873));
#2755=CARTESIAN_POINT('Origin',(0.,0.,-1.10421172358872));
#2756=CARTESIAN_POINT('',(-1.540761184518,0.000510219937661788,1.60421172358873));
#2757=CARTESIAN_POINT('',(-1.54539697225986,0.000109218083409495,1.64578827641127));
#2758=CARTESIAN_POINT('',(-1.543,-5.00923868619363E-14,-1.10421172358872));
#2759=CARTESIAN_POINT('Ctrl Pts',(-1.54539697225986,0.000109218083409583,
1.64578827641127));
#2760=CARTESIAN_POINT('Ctrl Pts',(-1.54487726731405,-0.498958491479807,
1.67163891729865));
#2761=CARTESIAN_POINT('Ctrl Pts',(-1.01339163232023,-1.50418327383794,1.72365806164495));
#2762=CARTESIAN_POINT('Ctrl Pts',(0.691269525565383,-1.68036187207875,1.80184570945018));
#2763=CARTESIAN_POINT('Ctrl Pts',(1.78291383564068,-0.350268226421778,1.88035121982696));
#2764=CARTESIAN_POINT('Ctrl Pts',(1.27559863184958,1.2939542906081,1.95885673020373));
#2765=CARTESIAN_POINT('Ctrl Pts',(-0.375703751063743,1.77772783899787,2.03736224058052));
#2766=CARTESIAN_POINT('Ctrl Pts',(-1.41892471203346,0.896286389511474,2.09967275598303));
#2767=CARTESIAN_POINT('Ctrl Pts',(-1.54215874315334,0.194795443512583,2.13581476792661));
#2768=CARTESIAN_POINT('Ctrl Pts',(-1.54113734067371,0.000871686045818085,
2.14578827641127));
#2769=CARTESIAN_POINT('Ctrl Pts',(-1.540761184518,0.00051021993766184,1.60421172358873));
#2770=CARTESIAN_POINT('Ctrl Pts',(-1.53988730180206,-0.287461766252514,
1.61901305502994));
#2771=CARTESIAN_POINT('Ctrl Pts',(-1.32511412173428,-1.08577379963978,1.65998288993008));
#2772=CARTESIAN_POINT('Ctrl Pts',(-0.0477268526681197,-1.81636783725271,
1.72712122828915));
#2773=CARTESIAN_POINT('Ctrl Pts',(1.48873705510373,-1.0416966654792,1.80562673866593));
#2774=CARTESIAN_POINT('Ctrl Pts',(1.69006617624572,0.667192835727548,1.88413224904271));
#2775=CARTESIAN_POINT('Ctrl Pts',(0.375703773046306,1.777727943016,1.96263775941949));
#2776=CARTESIAN_POINT('Ctrl Pts',(-1.16736320517544,1.32566356330271,2.03599758426816));
#2777=CARTESIAN_POINT('Ctrl Pts',(-1.53993214127105,0.405870541743093,2.08318890565791));
#2778=CARTESIAN_POINT('Ctrl Pts',(-1.54353480825457,-0.00127923157668517,
2.10421172358873));
#2779=CARTESIAN_POINT('Origin',(0.,0.,-1.10421172358872));
#2780=CARTESIAN_POINT('',(-1.54513497520341,0.000566586413674325,1.10421172358873));
#2781=CARTESIAN_POINT('',(-1.54137211280547,-0.00100958723246939,1.14578827641127));
#2782=CARTESIAN_POINT('',(-1.543,-5.00923868619363E-14,-1.10421172358872));
#2783=CARTESIAN_POINT('Ctrl Pts',(-1.54137211280547,-0.0010095872324694,
1.14578827641127));
#2784=CARTESIAN_POINT('Ctrl Pts',(-1.54249083041298,-0.182502733727647,
1.15512605975283));
#2785=CARTESIAN_POINT('Ctrl Pts',(-1.42957087953878,-0.871271381481667,
1.19063234655331));
#2786=CARTESIAN_POINT('Ctrl Pts',(-0.418197292913722,-1.76821391748877,
1.25230713681272));
#2787=CARTESIAN_POINT('Ctrl Pts',(1.24422401674542,-1.32415113697443,1.3308126471895));
#2788=CARTESIAN_POINT('Ctrl Pts',(1.79079564279566,0.307441939217058,1.40931815756628));
#2789=CARTESIAN_POINT('Ctrl Pts',(0.731339165636358,1.66331373525889,1.48782366794306));
#2790=CARTESIAN_POINT('Ctrl Pts',(-0.983999663431957,1.52748625156855,1.56632917831984));
#2791=CARTESIAN_POINT('Ctrl Pts',(-1.54261489028189,0.517580751303285,1.61898404780924));
#2792=CARTESIAN_POINT('Ctrl Pts',(-1.54540336261402,0.00624581431835459,
1.64547041383972));
#2793=CARTESIAN_POINT('Ctrl Pts',(-1.54539697225986,0.000109218083409583,
1.64578827641127));
#2794=CARTESIAN_POINT('Ctrl Pts',(-1.54513497520341,0.000566586413674412,
1.10421172358873));
#2795=CARTESIAN_POINT('Ctrl Pts',(-1.54287290074878,-0.47180999537464,1.12866870094305));
#2796=CARTESIAN_POINT('Ctrl Pts',(-1.06080836814814,-1.45362018340447,1.1792941817563));
#2797=CARTESIAN_POINT('Ctrl Pts',(0.602070208015644,-1.71434587452288,1.25608816602847));
#2798=CARTESIAN_POINT('Ctrl Pts',(1.76205914759347,-0.443415832893203,1.33459367640525));
#2799=CARTESIAN_POINT('Ctrl Pts',(1.34179141517246,1.22517983124761,1.41309918678203));
#2800=CARTESIAN_POINT('Ctrl Pts',(-0.28182668515557,1.79500522088221,1.49160469715881));
#2801=CARTESIAN_POINT('Ctrl Pts',(-1.39423396296414,0.951103355588936,1.55530887609438));
#2802=CARTESIAN_POINT('Ctrl Pts',(-1.5414323116524,0.221667831082786,1.59284455157101));
#2803=CARTESIAN_POINT('Ctrl Pts',(-1.540761184518,0.00051021993766184,1.60421172358873));
#2804=CARTESIAN_POINT('Origin',(0.,0.,-1.10421172358872));
#2805=CARTESIAN_POINT('',(-1.54199976869925,-0.00123141650914815,0.604211723588727));
#2806=CARTESIAN_POINT('',(-1.54239994286499,0.001305370857802,0.645788276411272));
#2807=CARTESIAN_POINT('',(-1.543,-5.00923868619363E-14,-1.10421172358872));
#2808=CARTESIAN_POINT('Ctrl Pts',(-1.54239994286499,0.00130537085780206,
0.645788276411272));
#2809=CARTESIAN_POINT('Ctrl Pts',(-1.53931332921756,-0.367236302159945,
0.664781705665936));
#2810=CARTESIAN_POINT('Ctrl Pts',(-1.22366474719734,-1.24829721157842,0.709943638379525));
#2811=CARTESIAN_POINT('Ctrl Pts',(0.238730136552074,-1.80124136071101,0.781274074552044));
#2812=CARTESIAN_POINT('Ctrl Pts',(1.63412785394111,-0.794416516682366,0.859779584928821));
#2813=CARTESIAN_POINT('Ctrl Pts',(1.56400059515105,0.924863547953469,0.938285095305602));
#2814=CARTESIAN_POINT('Ctrl Pts',(0.0912405613542716,1.81470210124234,1.01679060568238));
#2815=CARTESIAN_POINT('Ctrl Pts',(-1.27843700359185,1.16481036560492,1.08595833271761));
#2816=CARTESIAN_POINT('Ctrl Pts',(-1.53935570031725,0.326119479715053,1.1289575562939));
#2817=CARTESIAN_POINT('Ctrl Pts',(-1.54137211280547,-0.0010095872324694,
1.14578827641127));
#2818=CARTESIAN_POINT('Ctrl Pts',(-1.54199976869925,-0.00123141650914819,
0.604211723588727));
#2819=CARTESIAN_POINT('Ctrl Pts',(-1.54319863862962,-0.155480713929704,
0.61215584339723));
#2820=CARTESIAN_POINT('Ctrl Pts',(-1.45160390729391,-0.816448787150032,
0.646268466664659));
#2821=CARTESIAN_POINT('Ctrl Pts',(-0.51047256455531,-1.74380061718764,0.706549593391015));
#2822=CARTESIAN_POINT('Ctrl Pts',(1.17296492414017,-1.38767137810864,0.785055103767795));
#2823=CARTESIAN_POINT('Ctrl Pts',(1.80447200733982,0.212975991902676,0.863560614144573));
#2824=CARTESIAN_POINT('Ctrl Pts',(0.817679163992333,1.62261015315791,0.942066124521355));
#2825=CARTESIAN_POINT('Ctrl Pts',(-0.902424359150171,1.57705488163541,1.02057163489813));
#2826=CARTESIAN_POINT('Ctrl Pts',(-1.52947394370807,0.571961320507299,1.07462016792059));
#2827=CARTESIAN_POINT('Ctrl Pts',(-1.54529327765525,0.0336240178052075,
1.10250019748412));
#2828=CARTESIAN_POINT('Ctrl Pts',(-1.54513497520341,0.000566586413674412,
1.10421172358873));
#2829=CARTESIAN_POINT('Origin',(0.,0.,-1.10421172358872));
#2830=CARTESIAN_POINT('',(-1.54136357392849,0.00174830020578685,0.104211723588727));
#2831=CARTESIAN_POINT('',(-1.54487068750422,-0.000729935696790279,0.145788276411273));
#2832=CARTESIAN_POINT('',(-1.543,-5.00923868619363E-14,-1.10421172358872));
#2833=CARTESIAN_POINT('',(-0.780924849157086,1.32816203715555,0.0214999999999998));
#2834=CARTESIAN_POINT('Ctrl Pts',(-0.780924849157086,1.32816203715555,0.0214999999999998));
#2835=CARTESIAN_POINT('Ctrl Pts',(-1.09761559134172,1.13921455340892,0.0405018367922596));
#2836=CARTESIAN_POINT('Ctrl Pts',(-1.46245137306967,0.702595324002915,0.0680724113218354));
#2837=CARTESIAN_POINT('Ctrl Pts',(-1.54251029598582,0.168262169784047,0.0956429858514113));
#2838=CARTESIAN_POINT('Ctrl Pts',(-1.54136357392849,0.00174830020578677,
0.104211723588727));
#2839=CARTESIAN_POINT('',(-0.0126464668910272,1.54206866090243,0.0215000000000007));
#2840=CARTESIAN_POINT('Origin',(0.,0.,0.0215000000000003));
#2841=CARTESIAN_POINT('Ctrl Pts',(-0.0126464668910271,1.54206866090243,
0.0215000000000005));
#2842=CARTESIAN_POINT('Ctrl Pts',(-0.357212368244097,1.53638361057878,0.0392414937203428));
#2843=CARTESIAN_POINT('Ctrl Pts',(-1.1629779321041,1.26117953354706,0.0806709191907669));
#2844=CARTESIAN_POINT('Ctrl Pts',(-1.5419754269168,0.456897976196604,0.122100344661191));
#2845=CARTESIAN_POINT('Ctrl Pts',(-1.54487068750422,-0.000729935696790326,
0.145788276411273));
#2846=CARTESIAN_POINT('Ctrl Pts',(1.91192516379698,1.61075825872161,2.3));
#2847=CARTESIAN_POINT('Ctrl Pts',(2.33362068982273,1.11021742132177,1.83333333333333));
#2848=CARTESIAN_POINT('Ctrl Pts',(2.54666539037372,0.439162425587287,1.36666666666667));
#2849=CARTESIAN_POINT('Ctrl Pts',(2.49091333603633,-0.212957160847763,0.899999999999999));
#2850=CARTESIAN_POINT('Ctrl Pts',(1.66647361072631,1.61318350206437,2.3));
#2851=CARTESIAN_POINT('Ctrl Pts',(2.08880406397445,1.17690173099279,1.83333333333333));
#2852=CARTESIAN_POINT('Ctrl Pts',(2.32893285586043,0.56944872902112,1.36666666666667));
#2853=CARTESIAN_POINT('Ctrl Pts',(2.31906778442098,-0.0376817972050214,
0.899999999999999));
#2854=CARTESIAN_POINT('Ctrl Pts',(1.42102205765563,1.61560874540713,2.3));
#2855=CARTESIAN_POINT('Ctrl Pts',(1.84398743812616,1.2435860406638,1.83333333333333));
#2856=CARTESIAN_POINT('Ctrl Pts',(2.11120032134713,0.699735032454957,1.36666666666667));
#2857=CARTESIAN_POINT('Ctrl Pts',(2.14722223280563,0.13759356643772,0.899999999999999));
#2858=CARTESIAN_POINT('Ctrl Pts',(1.17557050458495,1.61803398874989,2.3));
#2859=CARTESIAN_POINT('Ctrl Pts',(1.59917081227789,1.31027035033482,1.83333333333333));
#2860=CARTESIAN_POINT('Ctrl Pts',(1.89346778683384,0.830021335888791,1.36666666666667));
#2861=CARTESIAN_POINT('Ctrl Pts',(1.97537668119028,0.312868930080461,0.899999999999999));
#2862=CARTESIAN_POINT('',(1.97537668119028,0.312868930080461,0.899999999999999));
#2863=CARTESIAN_POINT('',(2.45251587659624,0.484939042605734,1.4));
#2864=CARTESIAN_POINT('Ctrl Pts',(1.97537668119028,0.312868930080462,0.9));
#2865=CARTESIAN_POINT('Ctrl Pts',(2.04665328542312,0.304342506976869,0.969065244521078));
#2866=CARTESIAN_POINT('Ctrl Pts',(2.11748798763877,0.313180741655105,1.04049707955929));
#2867=CARTESIAN_POINT('Ctrl Pts',(2.28059893798061,0.36363051758282,1.20935954242657));
#2868=CARTESIAN_POINT('Ctrl Pts',(2.37105550345668,0.417342901147912,1.30697485337575));
#2869=CARTESIAN_POINT('Ctrl Pts',(2.45251587659624,0.484939042605735,1.4));
#2870=CARTESIAN_POINT('',(1.17557050458495,1.61803398874989,2.3));
#2871=CARTESIAN_POINT('Ctrl Pts',(1.17557050458495,1.61803398874989,2.3));
#2872=CARTESIAN_POINT('Ctrl Pts',(1.59917081227789,1.31027035033482,1.83333333333333));
#2873=CARTESIAN_POINT('Ctrl Pts',(1.89346778683384,0.830021335888791,1.36666666666667));
#2874=CARTESIAN_POINT('Ctrl Pts',(1.97537668119028,0.312868930080461,0.899999999999999));
#2875=CARTESIAN_POINT('',(1.91192516379698,1.61075825872161,2.3));
#2876=CARTESIAN_POINT('Ctrl Pts',(1.91192516379698,1.61075825872161,2.3));
#2877=CARTESIAN_POINT('Ctrl Pts',(1.66647361072631,1.61318350206437,2.3));
#2878=CARTESIAN_POINT('Ctrl Pts',(1.42102205765563,1.61560874540713,2.3));
#2879=CARTESIAN_POINT('Ctrl Pts',(1.17557050458495,1.61803398874989,2.3));
#2880=CARTESIAN_POINT('Ctrl Pts',(2.45050824673118,0.484474727435631,1.40008497961187));
#2881=CARTESIAN_POINT('Ctrl Pts',(2.36784206782794,0.896812239754063,1.70005665307458));
#2882=CARTESIAN_POINT('Ctrl Pts',(2.18298954801201,1.28901238879749,2.00002832653729));
#2883=CARTESIAN_POINT('Ctrl Pts',(1.91192516379698,1.61075825872161,2.3));
#2884=CARTESIAN_POINT('Ctrl Pts',(1.17557050458495,1.61803398874989,2.3));
#2885=CARTESIAN_POINT('Ctrl Pts',(1.59917081227789,1.31027035033482,1.83333333333333));
#2886=CARTESIAN_POINT('Ctrl Pts',(1.89346778683384,0.830021335888791,1.36666666666667));
#2887=CARTESIAN_POINT('Ctrl Pts',(1.97537668119028,0.312868930080461,0.899999999999999));
#2888=CARTESIAN_POINT('Ctrl Pts',(1.09741525990565,1.85072284632412,2.3));
#2889=CARTESIAN_POINT('Ctrl Pts',(1.5819333680592,1.56342020311938,1.83333333333333));
#2890=CARTESIAN_POINT('Ctrl Pts',(1.94519605416937,1.07842858982172,1.36666666666667));
#2891=CARTESIAN_POINT('Ctrl Pts',(2.08464844678954,0.532668902675775,0.899999999999999));
#2892=CARTESIAN_POINT('Ctrl Pts',(1.01926001522635,2.08341170389835,2.3));
#2893=CARTESIAN_POINT('Ctrl Pts',(1.56469592384052,1.81657005590394,1.83333333333333));
#2894=CARTESIAN_POINT('Ctrl Pts',(1.99692432150491,1.32683584375466,1.36666666666667));
#2895=CARTESIAN_POINT('Ctrl Pts',(2.1939202123888,0.752468875271089,0.899999999999999));
#2896=CARTESIAN_POINT('Ctrl Pts',(0.941104770547048,2.31610056147258,2.3));
#2897=CARTESIAN_POINT('Ctrl Pts',(1.54745847962184,2.0697199086885,1.83333333333333));
#2898=CARTESIAN_POINT('Ctrl Pts',(2.04865258884045,1.57524309768759,1.36666666666667));
#2899=CARTESIAN_POINT('Ctrl Pts',(2.30319197798806,0.972268847866403,0.899999999999999));
#2900=CARTESIAN_POINT('',(1.94401852367217,1.57187530663837,1.4));
#2901=CARTESIAN_POINT('Ctrl Pts',(1.94253367983147,1.5704365387514,1.4));
#2902=CARTESIAN_POINT('Ctrl Pts',(1.96939000031336,1.47151598891655,1.35850463916862));
#2903=CARTESIAN_POINT('Ctrl Pts',(1.99070860349797,1.37124846721762,1.31708723543808));
#2904=CARTESIAN_POINT('Ctrl Pts',(2.00622131655334,1.27002761187532,1.27582850404225));
#2905=CARTESIAN_POINT('Ctrl Pts',(2.01986446198583,1.18100573379985,1.23954220964722));
#2906=CARTESIAN_POINT('Ctrl Pts',(2.02901700973917,1.09124720390072,1.20337864637595));
#2907=CARTESIAN_POINT('Ctrl Pts',(2.03352086862832,1.00104266478733,1.16739272224519));
#2908=CARTESIAN_POINT('Ctrl Pts',(2.03778435403962,0.915652392576457,1.13332738709147));
#2909=CARTESIAN_POINT('Ctrl Pts',(2.0378870582653,0.830114401424448,1.09950031165));
#2910=CARTESIAN_POINT('Ctrl Pts',(2.03370928103653,0.744679086472089,1.06604657132691));
#2911=CARTESIAN_POINT('Ctrl Pts',(2.02962605698793,0.661177378862936,1.03334996987529));
#2912=CARTESIAN_POINT('Ctrl Pts',(2.02145383080697,0.577774584989865,1.00100999582477));
#2913=CARTESIAN_POINT('Ctrl Pts',(2.00912982364947,0.494707343002145,0.969152759335846));
#2914=CARTESIAN_POINT('Ctrl Pts',(2.00010604435835,0.433884556351695,0.945826525650064));
#2915=CARTESIAN_POINT('Ctrl Pts',(1.98885735689544,0.373241799850261,0.922759103802719));
#2916=CARTESIAN_POINT('Ctrl Pts',(1.97537668119028,0.312868930080461,0.899999999999999));
#2917=CARTESIAN_POINT('',(0.941104770547048,2.31610056147258,2.3));
#2918=CARTESIAN_POINT('Ctrl Pts',(0.941104770547048,2.31610056147258,2.3));
#2919=CARTESIAN_POINT('Ctrl Pts',(1.33086677802166,2.15772795420585,2.00002832653729));
#2920=CARTESIAN_POINT('Ctrl Pts',(1.67717817780068,1.89684517329634,1.70005665307458));
#2921=CARTESIAN_POINT('Ctrl Pts',(1.94245853016529,1.57052898330767,1.40008497961187));
#2922=CARTESIAN_POINT('Ctrl Pts',(1.17557050458495,1.61803398874989,2.3));
#2923=CARTESIAN_POINT('Ctrl Pts',(1.09741525990565,1.85072284632412,2.3));
#2924=CARTESIAN_POINT('Ctrl Pts',(1.01926001522635,2.08341170389835,2.3));
#2925=CARTESIAN_POINT('Ctrl Pts',(0.941104770547048,2.31610056147258,2.3));
#2926=CARTESIAN_POINT('Origin',(2.,0.,2.3));
#2927=CARTESIAN_POINT('',(0.599999999999999,2.42693221990232,2.3));
#2928=CARTESIAN_POINT('Origin',(0.,0.,2.3));
#2929=CARTESIAN_POINT('',(-1.46081976924362E-17,2.,2.3));
#2930=CARTESIAN_POINT('Ctrl Pts',(0.599999999999999,2.42693221990232,2.3));
#2931=CARTESIAN_POINT('Ctrl Pts',(0.399999999999999,2.28462147993488,2.3));
#2932=CARTESIAN_POINT('Ctrl Pts',(0.2,2.14231073996744,2.3));
#2933=CARTESIAN_POINT('Ctrl Pts',(-1.46081976924362E-17,2.,2.3));
#2934=CARTESIAN_POINT('Origin',(0.,0.,2.3));
#2935=CARTESIAN_POINT('Origin',(0.,0.,1.85));
#2936=CARTESIAN_POINT('',(2.12273950571979,1.32059720992303,2.3));
#2937=CARTESIAN_POINT('Origin',(0.,0.,2.3));
#2938=CARTESIAN_POINT('',(2.49666914671523,0.129008417710882,1.4));
#2939=CARTESIAN_POINT('Ctrl Pts',(2.12273950571979,1.32059720992303,2.3));
#2940=CARTESIAN_POINT('Ctrl Pts',(2.34497451060996,0.963374719303289,2.00002832653729));
#2941=CARTESIAN_POINT('Ctrl Pts',(2.4718032671813,0.548759382516825,1.70005665307458));
#2942=CARTESIAN_POINT('Ctrl Pts',(2.49461573645844,0.128836160433438,1.40008497961187));
#2943=CARTESIAN_POINT('Origin',(0.,0.,1.4));
#2944=CARTESIAN_POINT('Origin',(0.,0.,1.85));
#2945=CARTESIAN_POINT('',(1.69908700563625,1.83387658998037,1.4));
#2946=CARTESIAN_POINT('Origin',(0.,0.,1.4));
#2947=CARTESIAN_POINT('Ctrl Pts',(1.6977357165664,1.83232089589027,1.40008497961187));
#2948=CARTESIAN_POINT('Ctrl Pts',(1.3884914642659,2.11731898995148,1.70005665307458));
#2949=CARTESIAN_POINT('Ctrl Pts',(1.00841317072714,2.32596199072709,2.00002832653729));
#2950=CARTESIAN_POINT('Ctrl Pts',(0.599999999999999,2.42693221990232,2.3));
#2951=CARTESIAN_POINT('Origin',(0.,0.,1.15));
#2952=CARTESIAN_POINT('',(1.78201304837674,-0.907980999479094,0.899999999999999));
#2953=CARTESIAN_POINT('Ctrl Pts',(2.49462219626867,0.128717199350888,1.4));
#2954=CARTESIAN_POINT('Ctrl Pts',(2.45820537560331,0.0329030443314582,1.35850463916861));
#2955=CARTESIAN_POINT('Ctrl Pts',(2.41651671733743,-0.0607458452582383,
1.31708723543806));
#2956=CARTESIAN_POINT('Ctrl Pts',(2.36957063983345,-0.151753381372342,1.27582850404222));
#2957=CARTESIAN_POINT('Ctrl Pts',(2.32828242928093,-0.231792833286644,1.2395422096472));
#2958=CARTESIAN_POINT('Ctrl Pts',(2.28292825581306,-0.309788741955451,1.20337864637594));
#2959=CARTESIAN_POINT('Ctrl Pts',(2.23355105641396,-0.385413048901368,1.16739272224519));
#2960=CARTESIAN_POINT('Ctrl Pts',(2.18680914587215,-0.457001244122447,1.13332738709145));
#2961=CARTESIAN_POINT('Ctrl Pts',(2.13661426562621,-0.526263300658366,1.09950031164996));
#2962=CARTESIAN_POINT('Ctrl Pts',(2.08301675469542,-0.592926286532208,1.06604657132684));
#2963=CARTESIAN_POINT('Ctrl Pts',(2.03063228477433,-0.658080528169794,1.0333499698752));
#2964=CARTESIAN_POINT('Ctrl Pts',(1.97499788267346,-0.720751291763918,1.00100999582467));
#2965=CARTESIAN_POINT('Ctrl Pts',(1.91620185165522,-0.780710232551534,0.969152759335735));
#2966=CARTESIAN_POINT('Ctrl Pts',(1.87315072385881,-0.824612856209652,0.945826525649992));
#2967=CARTESIAN_POINT('Ctrl Pts',(1.82840542660706,-0.867062064206639,0.922759103802682));
#2968=CARTESIAN_POINT('Ctrl Pts',(1.78201304837674,-0.907980999479094,0.899999999999999));
#2969=CARTESIAN_POINT('Origin',(0.,0.,0.9));
#2970=CARTESIAN_POINT('Ctrl Pts',(2.49355989896973,0.179329390368842,2.3));
#2971=CARTESIAN_POINT('Ctrl Pts',(2.54050822358269,-0.473483064621942,1.83333333333333));
#2972=CARTESIAN_POINT('Ctrl Pts',(2.31842877692005,-1.14160249339429,1.36666666666667));
#2973=CARTESIAN_POINT('Ctrl Pts',(1.8900181418522,-1.63640808586048,0.899999999999999));
#2974=CARTESIAN_POINT('Ctrl Pts',(2.29641094350992,0.32556425649586,2.3));
#2975=CARTESIAN_POINT('Ctrl Pts',(2.38164346654982,-0.275634722650305,1.83333333333333));
#2976=CARTESIAN_POINT('Ctrl Pts',(2.21885982400457,-0.90821868705085,1.36666666666667));
#2977=CARTESIAN_POINT('Ctrl Pts',(1.85401644402704,-1.39359905706669,0.899999999999999));
#2978=CARTESIAN_POINT('Ctrl Pts',(2.09926198805012,0.471799122622877,2.3));
#2979=CARTESIAN_POINT('Ctrl Pts',(2.22277870951696,-0.0777863806786688,
1.83333333333333));
#2980=CARTESIAN_POINT('Ctrl Pts',(2.1192908710891,-0.674834880707409,1.36666666666667));
#2981=CARTESIAN_POINT('Ctrl Pts',(1.81801474620189,-1.15079002827289,0.899999999999999));
#2982=CARTESIAN_POINT('Ctrl Pts',(1.90211303259031,0.618033988749894,2.3));
#2983=CARTESIAN_POINT('Ctrl Pts',(2.0639139524841,0.120061961292968,1.83333333333333));
#2984=CARTESIAN_POINT('Ctrl Pts',(2.01972191817362,-0.441451074363968,1.36666666666667));
#2985=CARTESIAN_POINT('Ctrl Pts',(1.78201304837674,-0.907980999479094,0.899999999999999));
#2986=CARTESIAN_POINT('',(2.26916704064521,-1.04922873657246,1.4));
#2987=CARTESIAN_POINT('Ctrl Pts',(1.78201304837674,-0.907980999479093,0.899999999999999));
#2988=CARTESIAN_POINT('Ctrl Pts',(1.83466532674735,-0.956774357472684,0.969065244521077));
#2989=CARTESIAN_POINT('Ctrl Pts',(1.89716678863146,-0.991259668730605,1.04049707955929));
#2990=CARTESIAN_POINT('Ctrl Pts',(2.05877995369843,-1.04631915374102,1.20935954242657));
#2991=CARTESIAN_POINT('Ctrl Pts',(2.1635321993464,-1.05603395778834,1.30697485337575));
#2992=CARTESIAN_POINT('Ctrl Pts',(2.26916704064521,-1.04922873657246,1.4));
#2993=CARTESIAN_POINT('',(1.90211303259031,0.618033988749894,2.3));
#2994=CARTESIAN_POINT('Ctrl Pts',(1.90211303259031,0.618033988749894,2.3));
#2995=CARTESIAN_POINT('Ctrl Pts',(2.0639139524841,0.120061961292968,1.83333333333333));
#2996=CARTESIAN_POINT('Ctrl Pts',(2.01972191817362,-0.441451074363968,1.36666666666667));
#2997=CARTESIAN_POINT('Ctrl Pts',(1.78201304837674,-0.907980999479094,0.899999999999999));
#2998=CARTESIAN_POINT('',(2.49355989896973,0.179329390368842,2.3));
#2999=CARTESIAN_POINT('Ctrl Pts',(2.49355989896973,0.179329390368842,2.3));
#3000=CARTESIAN_POINT('Ctrl Pts',(2.29641094350992,0.32556425649586,2.3));
#3001=CARTESIAN_POINT('Ctrl Pts',(2.09926198805012,0.471799122622877,2.3));
#3002=CARTESIAN_POINT('Ctrl Pts',(1.90211303259031,0.618033988749894,2.3));
#3003=CARTESIAN_POINT('Ctrl Pts',(2.26726991635656,-1.04842432020907,1.40008497961187));
#3004=CARTESIAN_POINT('Ctrl Pts',(2.44275748147154,-0.666246304502483,1.70005665307458));
#3005=CARTESIAN_POINT('Ctrl Pts',(2.52373811504206,-0.240296133733054,2.00002832653729));
#3006=CARTESIAN_POINT('Ctrl Pts',(2.49355989896973,0.179329390368842,2.3));
#3007=CARTESIAN_POINT('Ctrl Pts',(1.90211303259031,0.618033988749894,2.3));
#3008=CARTESIAN_POINT('Ctrl Pts',(2.0639139524841,0.120061961292968,1.83333333333333));
#3009=CARTESIAN_POINT('Ctrl Pts',(2.01972191817362,-0.441451074363968,1.36666666666667));
#3010=CARTESIAN_POINT('Ctrl Pts',(1.78201304837674,-0.907980999479094,0.899999999999999));
#3011=CARTESIAN_POINT('Ctrl Pts',(1.97565519030014,0.852221729140939,2.3));
#3012=CARTESIAN_POINT('Ctrl Pts',(2.19876631725837,0.334996409818151,1.83333333333333));
#3013=CARTESIAN_POINT('Ctrl Pts',(2.20758108596189,-0.270890497072684,1.36666666666667));
#3014=CARTESIAN_POINT('Ctrl Pts',(1.99961094609771,-0.794387418597543,0.899999999999999));
#3015=CARTESIAN_POINT('Ctrl Pts',(2.04919734800997,1.08640946953198,2.3));
#3016=CARTESIAN_POINT('Ctrl Pts',(2.33361868203264,0.549930858343333,1.83333333333333));
#3017=CARTESIAN_POINT('Ctrl Pts',(2.39544025375016,-0.100329919781401,1.36666666666667));
#3018=CARTESIAN_POINT('Ctrl Pts',(2.21720884381868,-0.680793837715991,0.899999999999999));
#3019=CARTESIAN_POINT('Ctrl Pts',(2.12273950571979,1.32059720992303,2.3));
#3020=CARTESIAN_POINT('Ctrl Pts',(2.46847104680691,0.764865306868515,1.83333333333333));
#3021=CARTESIAN_POINT('Ctrl Pts',(2.58329942153843,0.070230657509883,1.36666666666667));
#3022=CARTESIAN_POINT('Ctrl Pts',(2.43480674153965,-0.56720025683444,0.899999999999999));
#3023=CARTESIAN_POINT('Ctrl Pts',(1.90211303259031,0.618033988749894,2.3));
#3024=CARTESIAN_POINT('Ctrl Pts',(1.97565519030014,0.852221729140939,2.3));
#3025=CARTESIAN_POINT('Ctrl Pts',(2.04919734800997,1.08640946953198,2.3));
#3026=CARTESIAN_POINT('Ctrl Pts',(2.12273950571979,1.32059720992303,2.3));
#3027=CARTESIAN_POINT('Origin',(2.,0.,2.3));
#3028=CARTESIAN_POINT('Origin',(0.,0.,2.3));
#3029=CARTESIAN_POINT('Origin',(0.,0.,1.85));
#3030=CARTESIAN_POINT('',(2.49355989896973,-0.179329390368841,2.3));
#3031=CARTESIAN_POINT('Origin',(0.,0.,2.3));
#3032=CARTESIAN_POINT('',(2.09567701437626,-1.36313530194732,1.4));
#3033=CARTESIAN_POINT('Ctrl Pts',(2.49355989896973,-0.179329390368841,2.3));
#3034=CARTESIAN_POINT('Ctrl Pts',(2.46338168289741,-0.598954914470737,2.00002832653729));
#3035=CARTESIAN_POINT('Ctrl Pts',(2.32228352200171,-1.00893384073871,1.70005665307458));
#3036=CARTESIAN_POINT('Ctrl Pts',(2.09391452029482,-1.36206769674633,1.40008497961187));
#3037=CARTESIAN_POINT('Origin',(0.,0.,1.4));
#3038=CARTESIAN_POINT('Origin',(0.,0.,1.15));
#3039=CARTESIAN_POINT('',(0.907980999479093,-1.78201304837674,0.899999999999999));
#3040=CARTESIAN_POINT('Ctrl Pts',(2.09384982282115,-1.36216773526497,1.4));
#3041=CARTESIAN_POINT('Ctrl Pts',(2.00806984874061,-1.4182777448548,1.35850463916867));
#3042=CARTESIAN_POINT('Ctrl Pts',(1.91929757953656,-1.4695373095206,1.31708723543818));
#3043=CARTESIAN_POINT('Ctrl Pts',(1.82782451744139,-1.51556974084323,1.2758285040424));
#3044=CARTESIAN_POINT('Ctrl Pts',(1.74737564400015,-1.55605441640612,1.23954220964732));
#3045=CARTESIAN_POINT('Ctrl Pts',(1.66483850204401,-1.59249591771664,1.203378646376));
#3046=CARTESIAN_POINT('Ctrl Pts',(1.58044065625771,-1.62465407761747,1.16739272224519));
#3047=CARTESIAN_POINT('Ctrl Pts',(1.50054717089069,-1.65509593846749,1.13332738709146));
#3048=CARTESIAN_POINT('Ctrl Pts',(1.41922744436588,-1.68162630892124,1.09950031164999));
#3049=CARTESIAN_POINT('Ctrl Pts',(1.33668262719629,-1.70405397090425,1.06604657132689));
#3050=CARTESIAN_POINT('Ctrl Pts',(1.25600599843,-1.72597404077588,1.03334996987527));
#3051=CARTESIAN_POINT('Ctrl Pts',(1.17415987106802,-1.74397467249898,1.00100999582477));
#3052=CARTESIAN_POINT('Ctrl Pts',(1.09134990163448,-1.75792303463502,0.969152759335847));
#3053=CARTESIAN_POINT('Ctrl Pts',(1.0307154928969,-1.76813618525883,0.945826525650065));
#3054=CARTESIAN_POINT('Ctrl Pts',(0.969564768569655,-1.77617769009214,0.922759103802719));
#3055=CARTESIAN_POINT('Ctrl Pts',(0.907980999479093,-1.78201304837674,0.899999999999999));
#3056=CARTESIAN_POINT('Origin',(0.,0.,0.9));
#3057=CARTESIAN_POINT('Ctrl Pts',(2.1227395057198,-1.32059720992302,2.3));
#3058=CARTESIAN_POINT('Ctrl Pts',(1.77700796463268,-1.87632911297754,1.83333333333333));
#3059=CARTESIAN_POINT('Ctrl Pts',(1.20463117117876,-2.28631406154088,1.36666666666667));
#3060=CARTESIAN_POINT('Ctrl Pts',(0.567200256834442,-2.43480674153965,0.899999999999999));
#3061=CARTESIAN_POINT('Ctrl Pts',(2.04919734800997,-1.08640946953198,2.3));
#3062=CARTESIAN_POINT('Ctrl Pts',(1.76477601398729,-1.62288808072063,1.83333333333333));
#3063=CARTESIAN_POINT('Ctrl Pts',(1.26125775565058,-2.0389774338872,1.36666666666667));
#3064=CARTESIAN_POINT('Ctrl Pts',(0.680793837715992,-2.21720884381868,0.899999999999999));
#3065=CARTESIAN_POINT('Ctrl Pts',(1.97565519030014,-0.852221729140938,2.3));
#3066=CARTESIAN_POINT('Ctrl Pts',(1.75254406334191,-1.36944704846373,1.83333333333333));
#3067=CARTESIAN_POINT('Ctrl Pts',(1.3178843401224,-1.79164080623352,1.36666666666667));
#3068=CARTESIAN_POINT('Ctrl Pts',(0.794387418597543,-1.99961094609771,0.899999999999999));
#3069=CARTESIAN_POINT('Ctrl Pts',(1.90211303259031,-0.618033988749895,2.3));
#3070=CARTESIAN_POINT('Ctrl Pts',(1.74031211269652,-1.11600601620682,1.83333333333333));
#3071=CARTESIAN_POINT('Ctrl Pts',(1.37451092459422,-1.54430417857985,1.36666666666667));
#3072=CARTESIAN_POINT('Ctrl Pts',(0.907980999479093,-1.78201304837674,0.899999999999999));
#3073=CARTESIAN_POINT('',(1.21907352131873,-2.18262680035309,1.4));
#3074=CARTESIAN_POINT('Ctrl Pts',(0.907980999479094,-1.78201304837674,0.899999999999999));
#3075=CARTESIAN_POINT('Ctrl Pts',(0.921897571235019,-1.85243593693201,0.969065244521076));
#3076=CARTESIAN_POINT('Ctrl Pts',(0.952192358694423,-1.91707257733818,1.04049707955929));
#3077=CARTESIAN_POINT('Ctrl Pts',(1.05057700246039,-2.05661047141582,1.20935954242657));
#3078=CARTESIAN_POINT('Ctrl Pts',(1.12961313084061,-2.12604173812352,1.30697485337576));
#3079=CARTESIAN_POINT('Ctrl Pts',(1.21907352131873,-2.18262680035309,1.4));
#3080=CARTESIAN_POINT('',(1.90211303259031,-0.618033988749895,2.3));
#3081=CARTESIAN_POINT('Ctrl Pts',(1.90211303259031,-0.618033988749895,2.3));
#3082=CARTESIAN_POINT('Ctrl Pts',(1.74031211269652,-1.11600601620682,1.83333333333333));
#3083=CARTESIAN_POINT('Ctrl Pts',(1.37451092459422,-1.54430417857985,1.36666666666667));
#3084=CARTESIAN_POINT('Ctrl Pts',(0.907980999479093,-1.78201304837674,0.899999999999999));
#3085=CARTESIAN_POINT('',(2.1227395057198,-1.32059720992302,2.3));
#3086=CARTESIAN_POINT('Ctrl Pts',(2.1227395057198,-1.32059720992302,2.3));
#3087=CARTESIAN_POINT('Ctrl Pts',(2.04919734800997,-1.08640946953198,2.3));
#3088=CARTESIAN_POINT('Ctrl Pts',(1.97565519030014,-0.852221729140938,2.3));
#3089=CARTESIAN_POINT('Ctrl Pts',(1.90211303259031,-0.618033988749895,2.3));
#3090=CARTESIAN_POINT('Ctrl Pts',(1.21801153960387,-2.18086091216591,1.40008497961187));
#3091=CARTESIAN_POINT('Ctrl Pts',(1.5846225634661,-1.97482140531809,1.70005665307458));
#3092=CARTESIAN_POINT('Ctrl Pts',(1.90050450082963,-1.67781970054276,2.00002832653729));
#3093=CARTESIAN_POINT('Ctrl Pts',(2.1227395057198,-1.32059720992302,2.3));
#3094=CARTESIAN_POINT('Ctrl Pts',(1.90211303259031,-0.618033988749895,2.3));
#3095=CARTESIAN_POINT('Ctrl Pts',(1.74031211269652,-1.11600601620682,1.83333333333333));
#3096=CARTESIAN_POINT('Ctrl Pts',(1.37451092459422,-1.54430417857985,1.36666666666667));
#3097=CARTESIAN_POINT('Ctrl Pts',(0.907980999479093,-1.78201304837674,0.899999999999999));
#3098=CARTESIAN_POINT('Ctrl Pts',(2.09926198805012,-0.471799122622877,2.3));
#3099=CARTESIAN_POINT('Ctrl Pts',(1.97574526658327,-1.02138462592442,1.83333333333333));
#3100=CARTESIAN_POINT('Ctrl Pts',(1.62674517583837,-1.51673862131468,1.36666666666667));
#3101=CARTESIAN_POINT('Ctrl Pts',(1.15079002827289,-1.81801474620189,0.899999999999999));
#3102=CARTESIAN_POINT('Ctrl Pts',(2.29641094350992,-0.325564256495859,2.3));
#3103=CARTESIAN_POINT('Ctrl Pts',(2.21117842047002,-0.926763235642024,1.83333333333333));
#3104=CARTESIAN_POINT('Ctrl Pts',(1.87897942708252,-1.48917306404951,1.36666666666667));
#3105=CARTESIAN_POINT('Ctrl Pts',(1.39359905706669,-1.85401644402704,0.899999999999999));
#3106=CARTESIAN_POINT('Ctrl Pts',(2.49355989896973,-0.179329390368841,2.3));
#3107=CARTESIAN_POINT('Ctrl Pts',(2.44661157435678,-0.832141845359626,1.83333333333333));
#3108=CARTESIAN_POINT('Ctrl Pts',(2.13121367832667,-1.46160750678434,1.36666666666667));
#3109=CARTESIAN_POINT('Ctrl Pts',(1.63640808586048,-1.8900181418522,0.899999999999999));
#3110=CARTESIAN_POINT('Ctrl Pts',(1.90211303259031,-0.618033988749895,2.3));
#3111=CARTESIAN_POINT('Ctrl Pts',(2.09926198805012,-0.471799122622877,2.3));
#3112=CARTESIAN_POINT('Ctrl Pts',(2.29641094350992,-0.325564256495859,2.3));
#3113=CARTESIAN_POINT('Ctrl Pts',(2.49355989896973,-0.179329390368841,2.3));
#3114=CARTESIAN_POINT('Origin',(2.,0.,2.3));
#3115=CARTESIAN_POINT('Origin',(0.,0.,2.3));
#3116=CARTESIAN_POINT('Origin',(0.,0.,1.85));
#3117=CARTESIAN_POINT('',(1.91192516379699,-1.61075825872161,2.3));
#3118=CARTESIAN_POINT('Origin',(0.,0.,2.3));
#3119=CARTESIAN_POINT('',(0.894207491987465,-2.33460766752649,1.4));
#3120=CARTESIAN_POINT('Ctrl Pts',(1.91192516379699,-1.61075825872161,2.3));
#3121=CARTESIAN_POINT('Ctrl Pts',(1.64086077958196,-1.93250412864573,2.00002832653729));
#3122=CARTESIAN_POINT('Ctrl Pts',(1.28573040293127,-2.18124862923203,1.70005665307458));
#3123=CARTESIAN_POINT('Ctrl Pts',(0.893409126915504,-2.33270798874729,1.40008497961187));
#3124=CARTESIAN_POINT('Origin',(0.,0.,1.4));
#3125=CARTESIAN_POINT('Origin',(0.,0.,1.15));
#3126=CARTESIAN_POINT('',(-0.312868930080462,-1.97537668119028,0.899999999999999));
#3127=CARTESIAN_POINT('Ctrl Pts',(0.8932979843939,-2.33275089338808,1.4));
#3128=CARTESIAN_POINT('Ctrl Pts',(0.79091989144266,-2.32772464099421,1.35850463916861));
#3129=CARTESIAN_POINT('Ctrl Pts',(0.688972000877734,-2.3170154692824,1.31708723543806));
#3130=CARTESIAN_POINT('Ctrl Pts',(0.587911554856481,-2.3004899716332,1.27582850404223));
#3131=CARTESIAN_POINT('Ctrl Pts',(0.499030753824627,-2.28595610080303,1.2395422096472));
#3132=CARTESIAN_POINT('Ctrl Pts',(0.410837026273389,-2.26692377985561,1.20337864637594));
#3133=CARTESIAN_POINT('Ctrl Pts',(0.323655642613203,-2.24333246864481,1.16739272224519));
#3134=CARTESIAN_POINT('Ctrl Pts',(0.241127178351421,-2.22100023895988,1.13332738709145));
#3135=CARTESIAN_POINT('Ctrl Pts',(0.159743977124327,-2.19466522355228,1.09950031164996));
#3136=CARTESIAN_POINT('Ctrl Pts',(0.0797811682795152,-2.16429095705515,
1.06604657132685));
#3137=CARTESIAN_POINT('Ctrl Pts',(0.00162811075894564,-2.13460413350569,
1.03334996987524));
#3138=CARTESIAN_POINT('Ctrl Pts',(-0.0751673030594392,-2.10105900385853,
1.00100999582474));
#3139=CARTESIAN_POINT('Ctrl Pts',(-0.150360617192032,-2.06366898709448,
0.969152759335822));
#3140=CARTESIAN_POINT('Ctrl Pts',(-0.205418023620707,-2.03629158827782,
0.945826525650049));
#3141=CARTESIAN_POINT('Ctrl Pts',(-0.259616676767027,-2.00685380842178,
0.922759103802711));
#3142=CARTESIAN_POINT('Ctrl Pts',(-0.312868930080462,-1.97537668119028,
0.899999999999999));
#3143=CARTESIAN_POINT('Origin',(0.,0.,0.9));
#3144=CARTESIAN_POINT('Ctrl Pts',(0.941104770547049,-2.31610056147258,2.3));
#3145=CARTESIAN_POINT('Ctrl Pts',(0.334751061472262,-2.56248121425665,1.83333333333333));
#3146=CARTESIAN_POINT('Ctrl Pts',(-0.369294598045215,-2.55773136713567,
1.36666666666667));
#3147=CARTESIAN_POINT('Ctrl Pts',(-0.972268847866401,-2.30319197798806,
0.899999999999999));
#3148=CARTESIAN_POINT('Ctrl Pts',(1.01926001522635,-2.08341170389835,2.3));
#3149=CARTESIAN_POINT('Ctrl Pts',(0.473824106612177,-2.35025335189276,1.83333333333333));
#3150=CARTESIAN_POINT('Ctrl Pts',(-0.178101906787521,-2.39091610327268,
1.36666666666667));
#3151=CARTESIAN_POINT('Ctrl Pts',(-0.752468875271088,-2.1939202123888,0.899999999999999));
#3152=CARTESIAN_POINT('Ctrl Pts',(1.09741525990565,-1.85072284632412,2.3));
#3153=CARTESIAN_POINT('Ctrl Pts',(0.612897151752093,-2.13802548952886,1.83333333333333));
#3154=CARTESIAN_POINT('Ctrl Pts',(0.013090784470173,-2.2241008394097,1.36666666666667));
#3155=CARTESIAN_POINT('Ctrl Pts',(-0.532668902675775,-2.08464844678954,
0.899999999999999));
#3156=CARTESIAN_POINT('Ctrl Pts',(1.17557050458495,-1.6180339887499,2.3));
#3157=CARTESIAN_POINT('Ctrl Pts',(0.751970196892008,-1.92579762716497,1.83333333333333));
#3158=CARTESIAN_POINT('Ctrl Pts',(0.204283475727868,-2.05728557554672,1.36666666666667));
#3159=CARTESIAN_POINT('Ctrl Pts',(-0.312868930080462,-1.97537668119028,
0.899999999999999));
#3160=CARTESIAN_POINT('',(-0.296664648366495,-2.48233561115526,1.4));
#3161=CARTESIAN_POINT('Ctrl Pts',(-0.312868930080461,-1.97537668119028,
0.9));
#3162=CARTESIAN_POINT('Ctrl Pts',(-0.343003722343109,-2.04052995046507,
0.969065244521077));
#3163=CARTESIAN_POINT('Ctrl Pts',(-0.356487188435952,-2.11062892030294,
1.04049707955929));
#3164=CARTESIAN_POINT('Ctrl Pts',(-0.358910655918544,-2.28134649062871,
1.20935954242657));
#3165=CARTESIAN_POINT('Ctrl Pts',(-0.335779759508114,-2.38397383599641,
1.30697485337575));
#3166=CARTESIAN_POINT('Ctrl Pts',(-0.296664648366492,-2.48233561115527,
1.4));
#3167=CARTESIAN_POINT('',(1.17557050458495,-1.6180339887499,2.3));
#3168=CARTESIAN_POINT('Ctrl Pts',(1.17557050458495,-1.6180339887499,2.3));
#3169=CARTESIAN_POINT('Ctrl Pts',(0.751970196892008,-1.92579762716497,1.83333333333333));
#3170=CARTESIAN_POINT('Ctrl Pts',(0.204283475727868,-2.05728557554672,1.36666666666667));
#3171=CARTESIAN_POINT('Ctrl Pts',(-0.312868930080462,-1.97537668119028,
0.899999999999999));
#3172=CARTESIAN_POINT('',(0.941104770547049,-2.31610056147258,2.3));
#3173=CARTESIAN_POINT('Ctrl Pts',(0.941104770547049,-2.31610056147258,2.3));
#3174=CARTESIAN_POINT('Ctrl Pts',(1.01926001522635,-2.08341170389835,2.3));
#3175=CARTESIAN_POINT('Ctrl Pts',(1.09741525990565,-1.85072284632412,2.3));
#3176=CARTESIAN_POINT('Ctrl Pts',(1.17557050458495,-1.6180339887499,2.3));
#3177=CARTESIAN_POINT('Ctrl Pts',(-0.296485846587915,-2.48028276041148,
1.40008497961187));
#3178=CARTESIAN_POINT('Ctrl Pts',(0.121215685556602,-2.52908185101302,1.70005665307458));
#3179=CARTESIAN_POINT('Ctrl Pts',(0.55134276307244,-2.47447316873931,2.00002832653729));
#3180=CARTESIAN_POINT('Ctrl Pts',(0.941104770547049,-2.31610056147258,2.3));
#3181=CARTESIAN_POINT('Ctrl Pts',(1.17557050458495,-1.6180339887499,2.3));
#3182=CARTESIAN_POINT('Ctrl Pts',(0.751970196892008,-1.92579762716497,1.83333333333333));
#3183=CARTESIAN_POINT('Ctrl Pts',(0.204283475727868,-2.05728557554672,1.36666666666667));
#3184=CARTESIAN_POINT('Ctrl Pts',(-0.312868930080462,-1.97537668119028,
0.899999999999999));
#3185=CARTESIAN_POINT('Ctrl Pts',(1.42102205765563,-1.61560874540713,2.3));
#3186=CARTESIAN_POINT('Ctrl Pts',(0.998056677185087,-1.98763145015046,1.83333333333333));
#3187=CARTESIAN_POINT('Ctrl Pts',(0.424547899579517,-2.18324414426413,1.36666666666667));
#3188=CARTESIAN_POINT('Ctrl Pts',(-0.13759356643772,-2.14722223280563,0.899999999999999));
#3189=CARTESIAN_POINT('Ctrl Pts',(1.66647361072631,-1.61318350206437,2.3));
#3190=CARTESIAN_POINT('Ctrl Pts',(1.24414315747817,-2.04946527313596,1.83333333333333));
#3191=CARTESIAN_POINT('Ctrl Pts',(0.644812323431165,-2.30920271298153,1.36666666666667));
#3192=CARTESIAN_POINT('Ctrl Pts',(0.0376817972050223,-2.31906778442098,
0.899999999999999));
#3193=CARTESIAN_POINT('Ctrl Pts',(1.91192516379699,-1.61075825872161,2.3));
#3194=CARTESIAN_POINT('Ctrl Pts',(1.49022963777125,-2.11129909612145,1.83333333333333));
#3195=CARTESIAN_POINT('Ctrl Pts',(0.865076747282814,-2.43516128169894,1.36666666666667));
#3196=CARTESIAN_POINT('Ctrl Pts',(0.212957160847764,-2.49091333603633,0.899999999999999));
#3197=CARTESIAN_POINT('Ctrl Pts',(1.17557050458495,-1.6180339887499,2.3));
#3198=CARTESIAN_POINT('Ctrl Pts',(1.42102205765563,-1.61560874540713,2.3));
#3199=CARTESIAN_POINT('Ctrl Pts',(1.66647361072631,-1.61318350206437,2.3));
#3200=CARTESIAN_POINT('Ctrl Pts',(1.91192516379699,-1.61075825872161,2.3));
#3201=CARTESIAN_POINT('Origin',(2.,0.,2.3));
#3202=CARTESIAN_POINT('Origin',(0.,0.,2.3));
#3203=CARTESIAN_POINT('Origin',(0.,0.,1.85));
#3204=CARTESIAN_POINT('',(0.600000000000001,-2.42693221990232,2.3));
#3205=CARTESIAN_POINT('Origin',(0.,0.,2.3));
#3206=CARTESIAN_POINT('',(-0.648818899345743,-2.41433925450666,1.4));
#3207=CARTESIAN_POINT('Ctrl Pts',(0.600000000000001,-2.42693221990232,2.3));
#3208=CARTESIAN_POINT('Ctrl Pts',(0.191586829272856,-2.52790244907755,2.00002832653729));
#3209=CARTESIAN_POINT('Ctrl Pts',(-0.24192802968981,-2.52040057927283,1.70005665307458));
#3210=CARTESIAN_POINT('Ctrl Pts',(-0.648348187086164,-2.41233311487519,
1.40008497961187));
#3211=CARTESIAN_POINT('Origin',(0.,0.,1.4));
#3212=CARTESIAN_POINT('Origin',(0.,0.,1.15));
#3213=CARTESIAN_POINT('',(-1.4142135623731,-1.41421356237309,0.899999999999999));
#3214=CARTESIAN_POINT('Ctrl Pts',(-0.64846332199005,-2.41230249752362,1.4));
#3215=CARTESIAN_POINT('Ctrl Pts',(-0.728334582007716,-2.34805984072453,
1.3585046391687));
#3216=CARTESIAN_POINT('Ctrl Pts',(-0.8045174648188,-2.27947247223777,1.31708723543824));
#3217=CARTESIAN_POINT('Ctrl Pts',(-0.876563639303974,-2.20670122403783,
1.27582850404249));
#3218=CARTESIAN_POINT('Ctrl Pts',(-0.939926922879875,-2.14270025148358,
1.23954220964738));
#3219=CARTESIAN_POINT('Ctrl Pts',(-1.00009022969646,-2.07546380799524,1.20337864637603));
#3220=CARTESIAN_POINT('Ctrl Pts',(-1.05675482585886,-2.00513410471604,1.16739272224519));
#3221=CARTESIAN_POINT('Ctrl Pts',(-1.11039520070672,-1.9385579371912,1.13332738709144));
#3222=CARTESIAN_POINT('Ctrl Pts',(-1.1607562598806,-1.86941661671367,1.09950031164994));
#3223=CARTESIAN_POINT('Ctrl Pts',(-1.20759398525781,-1.79784235915493,1.06604657132682));
#3224=CARTESIAN_POINT('Ctrl Pts',(-1.25337165988456,-1.7278879997622,1.03334996987518));
#3225=CARTESIAN_POINT('Ctrl Pts',(-1.29578312226088,-1.65561020811295,1.00100999582466));
#3226=CARTESIAN_POINT('Ctrl Pts',(-1.33463849082065,-1.58116352801267,0.969152759335727));
#3227=CARTESIAN_POINT('Ctrl Pts',(-1.36308883701706,-1.52665281558004,0.945826525649986));
#3228=CARTESIAN_POINT('Ctrl Pts',(-1.38963337562501,-1.47097998238639,0.92275910380268));
#3229=CARTESIAN_POINT('Ctrl Pts',(-1.4142135623731,-1.41421356237309,0.899999999999999));
#3230=CARTESIAN_POINT('Origin',(0.,0.,0.9));
#3231=CARTESIAN_POINT('Ctrl Pts',(-0.599999999999999,-2.42693221990232,
2.3));
#3232=CARTESIAN_POINT('Ctrl Pts',(-1.23536936940046,-2.26985258722283,1.83333333333333));
#3233=CARTESIAN_POINT('Ctrl Pts',(-1.80216238267765,-1.85218222457637,1.36666666666667));
#3234=CARTESIAN_POINT('Ctrl Pts',(-2.14036429888498,-1.29183616146112,0.899999999999999));
#3235=CARTESIAN_POINT('Ctrl Pts',(-0.399999999999999,-2.28462147993488,
2.3));
#3236=CARTESIAN_POINT('Ctrl Pts',(-0.998112504799737,-2.17990172481522,
1.83333333333333));
#3237=CARTESIAN_POINT('Ctrl Pts',(-1.54943269429396,-1.82960608545745,1.36666666666667));
#3238=CARTESIAN_POINT('Ctrl Pts',(-1.89831405338102,-1.33262862843178,0.899999999999999));
#3239=CARTESIAN_POINT('Ctrl Pts',(-0.2,-2.14231073996744,2.3));
#3240=CARTESIAN_POINT('Ctrl Pts',(-0.760855640199019,-2.08995086240761,
1.83333333333333));
#3241=CARTESIAN_POINT('Ctrl Pts',(-1.29670300591026,-1.80702994633854,1.36666666666667));
#3242=CARTESIAN_POINT('Ctrl Pts',(-1.65626380787706,-1.37342109540244,0.899999999999999));
#3243=CARTESIAN_POINT('Ctrl Pts',(-2.30321162137034E-16,-2.,2.3));
#3244=CARTESIAN_POINT('Ctrl Pts',(-0.523598775598299,-2.,1.83333333333333));
#3245=CARTESIAN_POINT('Ctrl Pts',(-1.04397331752656,-1.78445380721963,1.36666666666667));
#3246=CARTESIAN_POINT('Ctrl Pts',(-1.4142135623731,-1.41421356237309,0.899999999999999));
#3247=CARTESIAN_POINT('',(-1.69908700563625,-1.83387658998037,1.4));
#3248=CARTESIAN_POINT('Ctrl Pts',(-1.41421356237309,-1.4142135623731,0.899999999999999));
#3249=CARTESIAN_POINT('Ctrl Pts',(-1.4768892522539,-1.44921087798261,0.969065244521076));
#3250=CARTESIAN_POINT('Ctrl Pts',(-1.52900074613768,-1.49799675335046,1.04049707955929));
#3251=CARTESIAN_POINT('Ctrl Pts',(-1.63130664266111,-1.63468569053674,1.20935954242657));
#3252=CARTESIAN_POINT('Ctrl Pts',(-1.672916194459,-1.73130895680915,1.30697485337575));
#3253=CARTESIAN_POINT('Ctrl Pts',(-1.69908700563625,-1.83387658998037,1.4));
#3254=CARTESIAN_POINT('',(-2.30321162137034E-16,-2.,2.3));
#3255=CARTESIAN_POINT('Ctrl Pts',(-2.30321162137034E-16,-2.,2.3));
#3256=CARTESIAN_POINT('Ctrl Pts',(-0.523598775598299,-2.,1.83333333333333));
#3257=CARTESIAN_POINT('Ctrl Pts',(-1.04397331752656,-1.78445380721963,1.36666666666667));
#3258=CARTESIAN_POINT('Ctrl Pts',(-1.4142135623731,-1.41421356237309,0.899999999999999));
#3259=CARTESIAN_POINT('',(-0.599999999999999,-2.42693221990232,2.3));
#3260=CARTESIAN_POINT('Ctrl Pts',(-0.599999999999999,-2.42693221990232,
2.3));
#3261=CARTESIAN_POINT('Ctrl Pts',(-0.399999999999999,-2.28462147993488,
2.3));
#3262=CARTESIAN_POINT('Ctrl Pts',(-0.2,-2.14231073996744,2.3));
#3263=CARTESIAN_POINT('Ctrl Pts',(-2.30321162137034E-16,-2.,2.3));
#3264=CARTESIAN_POINT('Ctrl Pts',(-1.6977357165664,-1.83232089589027,1.40008497961187));
#3265=CARTESIAN_POINT('Ctrl Pts',(-1.3884914642659,-2.11731898995148,1.70005665307458));
#3266=CARTESIAN_POINT('Ctrl Pts',(-1.00841317072714,-2.32596199072709,2.00002832653729));
#3267=CARTESIAN_POINT('Ctrl Pts',(-0.599999999999999,-2.42693221990232,
2.3));
#3268=CARTESIAN_POINT('Ctrl Pts',(-2.44929359829471E-16,-2.,2.3));
#3269=CARTESIAN_POINT('Ctrl Pts',(-0.523598775598299,-2.,1.83333333333333));
#3270=CARTESIAN_POINT('Ctrl Pts',(-1.04397331752656,-1.78445380721963,1.36666666666667));
#3271=CARTESIAN_POINT('Ctrl Pts',(-1.4142135623731,-1.41421356237309,0.899999999999999));
#3272=CARTESIAN_POINT('Ctrl Pts',(0.2,-2.14231073996744,2.3));
#3273=CARTESIAN_POINT('Ctrl Pts',(-0.360855640199018,-2.19467061752727,
1.83333333333333));
#3274=CARTESIAN_POINT('Ctrl Pts',(-0.939812244466336,-2.01582460984385,
1.36666666666667));
#3275=CARTESIAN_POINT('Ctrl Pts',(-1.37342109540244,-1.65626380787706,0.899999999999999));
#3276=CARTESIAN_POINT('Ctrl Pts',(0.400000000000001,-2.28462147993488,2.3));
#3277=CARTESIAN_POINT('Ctrl Pts',(-0.198112504799738,-2.38934123505454,
1.83333333333333));
#3278=CARTESIAN_POINT('Ctrl Pts',(-0.835651171406108,-2.24719541246808,
1.36666666666667));
#3279=CARTESIAN_POINT('Ctrl Pts',(-1.33262862843178,-1.89831405338102,0.899999999999999));
#3280=CARTESIAN_POINT('Ctrl Pts',(0.600000000000001,-2.42693221990232,2.3));
#3281=CARTESIAN_POINT('Ctrl Pts',(-0.035369369400457,-2.58401185258181,
1.83333333333333));
#3282=CARTESIAN_POINT('Ctrl Pts',(-0.731490098345879,-2.47856621509231,
1.36666666666667));
#3283=CARTESIAN_POINT('Ctrl Pts',(-1.29183616146112,-2.14036429888498,0.899999999999999));
#3284=CARTESIAN_POINT('Ctrl Pts',(-2.44929359829471E-16,-2.,2.3));
#3285=CARTESIAN_POINT('Ctrl Pts',(0.2,-2.14231073996744,2.3));
#3286=CARTESIAN_POINT('Ctrl Pts',(0.400000000000001,-2.28462147993488,2.3));
#3287=CARTESIAN_POINT('Ctrl Pts',(0.600000000000001,-2.42693221990232,2.3));
#3288=CARTESIAN_POINT('Origin',(2.,0.,2.3));
#3289=CARTESIAN_POINT('Origin',(0.,0.,2.3));
#3290=CARTESIAN_POINT('Origin',(0.,0.,1.85));
#3291=CARTESIAN_POINT('',(-0.941104770547048,-2.31610056147258,2.3));
#3292=CARTESIAN_POINT('Origin',(0.,0.,2.3));
#3293=CARTESIAN_POINT('',(-1.94401852367217,-1.57187530663837,1.4));
#3294=CARTESIAN_POINT('Ctrl Pts',(-0.941104770547048,-2.31610056147258,
2.3));
#3295=CARTESIAN_POINT('Ctrl Pts',(-1.33086677802166,-2.15772795420585,2.00002832653729));
#3296=CARTESIAN_POINT('Ctrl Pts',(-1.67717817780068,-1.89684517329634,1.70005665307458));
#3297=CARTESIAN_POINT('Ctrl Pts',(-1.94245853016529,-1.57052898330767,1.40008497961187));
#3298=CARTESIAN_POINT('Origin',(0.,0.,1.4));
#3299=CARTESIAN_POINT('Origin',(0.,0.,1.15));
#3300=CARTESIAN_POINT('',(-1.97537668119028,-0.312868930080462,0.899999999999999));
#3301=CARTESIAN_POINT('Ctrl Pts',(-1.94253367983147,-1.5704365387514,1.4));
#3302=CARTESIAN_POINT('Ctrl Pts',(-1.96939000031338,-1.47151598891648,1.35850463916859));
#3303=CARTESIAN_POINT('Ctrl Pts',(-1.99070860349799,-1.37124846721749,1.31708723543802));
#3304=CARTESIAN_POINT('Ctrl Pts',(-2.00622131655337,-1.27002761187512,1.27582850404217));
#3305=CARTESIAN_POINT('Ctrl Pts',(-2.01986446198584,-1.18100573379972,1.23954220964716));
#3306=CARTESIAN_POINT('Ctrl Pts',(-2.02901700973918,-1.09124720390066,1.20337864637592));
#3307=CARTESIAN_POINT('Ctrl Pts',(-2.03352086862832,-1.00104266478733,1.16739272224519));
#3308=CARTESIAN_POINT('Ctrl Pts',(-2.03778435403962,-0.91565239257641,1.13332738709145));
#3309=CARTESIAN_POINT('Ctrl Pts',(-2.0378870582653,-0.830114401424354,1.09950031164997));
#3310=CARTESIAN_POINT('Ctrl Pts',(-2.03370928103652,-0.744679086471948,
1.06604657132686));
#3311=CARTESIAN_POINT('Ctrl Pts',(-2.02962605698791,-0.661177378862773,
1.03334996987522));
#3312=CARTESIAN_POINT('Ctrl Pts',(-2.02145383080695,-0.577774584989681,
1.0010099958247));
#3313=CARTESIAN_POINT('Ctrl Pts',(-2.00912982364944,-0.49470734300194,0.969152759335767));
#3314=CARTESIAN_POINT('Ctrl Pts',(-2.00010604435833,-0.43388455635156,0.945826525650012));
#3315=CARTESIAN_POINT('Ctrl Pts',(-1.98885735689543,-0.373241799850193,
0.922759103802693));
#3316=CARTESIAN_POINT('Ctrl Pts',(-1.97537668119028,-0.312868930080461,
0.899999999999999));
#3317=CARTESIAN_POINT('Origin',(0.,0.,0.9));
#3318=CARTESIAN_POINT('Ctrl Pts',(-1.91192516379698,-1.61075825872161,2.3));
#3319=CARTESIAN_POINT('Ctrl Pts',(-2.33362068982273,-1.11021742132177,1.83333333333333));
#3320=CARTESIAN_POINT('Ctrl Pts',(-2.54666539037372,-0.439162425587287,
1.36666666666667));
#3321=CARTESIAN_POINT('Ctrl Pts',(-2.49091333603633,0.212957160847762,0.899999999999999));
#3322=CARTESIAN_POINT('Ctrl Pts',(-1.6664736107263,-1.61318350206437,2.3));
#3323=CARTESIAN_POINT('Ctrl Pts',(-2.08880406397445,-1.17690173099279,1.83333333333333));
#3324=CARTESIAN_POINT('Ctrl Pts',(-2.32893285586043,-0.569448729021121,
1.36666666666667));
#3325=CARTESIAN_POINT('Ctrl Pts',(-2.31906778442098,0.0376817972050212,
0.899999999999999));
#3326=CARTESIAN_POINT('Ctrl Pts',(-1.42102205765563,-1.61560874540713,2.3));
#3327=CARTESIAN_POINT('Ctrl Pts',(-1.84398743812616,-1.2435860406638,1.83333333333333));
#3328=CARTESIAN_POINT('Ctrl Pts',(-2.11120032134713,-0.699735032454957,
1.36666666666667));
#3329=CARTESIAN_POINT('Ctrl Pts',(-2.14722223280563,-0.13759356643772,0.899999999999999));
#3330=CARTESIAN_POINT('Ctrl Pts',(-1.17557050458495,-1.61803398874989,2.3));
#3331=CARTESIAN_POINT('Ctrl Pts',(-1.59917081227788,-1.31027035033482,1.83333333333333));
#3332=CARTESIAN_POINT('Ctrl Pts',(-1.89346778683384,-0.830021335888791,
1.36666666666667));
#3333=CARTESIAN_POINT('Ctrl Pts',(-1.97537668119028,-0.312868930080462,
0.899999999999999));
#3334=CARTESIAN_POINT('',(-2.45251587659624,-0.484939042605734,1.4));
#3335=CARTESIAN_POINT('Ctrl Pts',(-1.97537668119028,-0.312868930080462,
0.899999999999999));
#3336=CARTESIAN_POINT('Ctrl Pts',(-2.04665328542312,-0.304342506976869,
0.969065244521078));
#3337=CARTESIAN_POINT('Ctrl Pts',(-2.11748798763877,-0.313180741655106,
1.04049707955929));
#3338=CARTESIAN_POINT('Ctrl Pts',(-2.28059893798061,-0.363630517582821,
1.20935954242657));
#3339=CARTESIAN_POINT('Ctrl Pts',(-2.37105550345668,-0.417342901147914,
1.30697485337575));
#3340=CARTESIAN_POINT('Ctrl Pts',(-2.45251587659624,-0.484939042605736,
1.4));
#3341=CARTESIAN_POINT('',(-1.17557050458495,-1.61803398874989,2.3));
#3342=CARTESIAN_POINT('Ctrl Pts',(-1.17557050458495,-1.61803398874989,2.3));
#3343=CARTESIAN_POINT('Ctrl Pts',(-1.59917081227788,-1.31027035033482,1.83333333333333));
#3344=CARTESIAN_POINT('Ctrl Pts',(-1.89346778683384,-0.830021335888791,
1.36666666666667));
#3345=CARTESIAN_POINT('Ctrl Pts',(-1.97537668119028,-0.312868930080462,
0.899999999999999));
#3346=CARTESIAN_POINT('',(-1.91192516379698,-1.61075825872161,2.3));
#3347=CARTESIAN_POINT('Ctrl Pts',(-1.91192516379698,-1.61075825872161,2.3));
#3348=CARTESIAN_POINT('Ctrl Pts',(-1.6664736107263,-1.61318350206437,2.3));
#3349=CARTESIAN_POINT('Ctrl Pts',(-1.42102205765563,-1.61560874540713,2.3));
#3350=CARTESIAN_POINT('Ctrl Pts',(-1.17557050458495,-1.61803398874989,2.3));
#3351=CARTESIAN_POINT('Ctrl Pts',(-2.45050824673118,-0.484474727435631,
1.40008497961187));
#3352=CARTESIAN_POINT('Ctrl Pts',(-2.36784206782794,-0.896812239754063,
1.70005665307458));
#3353=CARTESIAN_POINT('Ctrl Pts',(-2.18298954801201,-1.28901238879749,2.00002832653729));
#3354=CARTESIAN_POINT('Ctrl Pts',(-1.91192516379698,-1.61075825872161,2.3));
#3355=CARTESIAN_POINT('Ctrl Pts',(-1.17557050458495,-1.61803398874989,2.3));
#3356=CARTESIAN_POINT('Ctrl Pts',(-1.59917081227788,-1.31027035033482,1.83333333333333));
#3357=CARTESIAN_POINT('Ctrl Pts',(-1.89346778683384,-0.830021335888791,
1.36666666666667));
#3358=CARTESIAN_POINT('Ctrl Pts',(-1.97537668119028,-0.312868930080462,
0.899999999999999));
#3359=CARTESIAN_POINT('Ctrl Pts',(-1.09741525990565,-1.85072284632412,2.3));
#3360=CARTESIAN_POINT('Ctrl Pts',(-1.5819333680592,-1.56342020311938,1.83333333333333));
#3361=CARTESIAN_POINT('Ctrl Pts',(-1.94519605416937,-1.07842858982172,1.36666666666667));
#3362=CARTESIAN_POINT('Ctrl Pts',(-2.08464844678954,-0.532668902675775,
0.899999999999999));
#3363=CARTESIAN_POINT('Ctrl Pts',(-1.01926001522635,-2.08341170389835,2.3));
#3364=CARTESIAN_POINT('Ctrl Pts',(-1.56469592384052,-1.81657005590394,1.83333333333333));
#3365=CARTESIAN_POINT('Ctrl Pts',(-1.99692432150491,-1.32683584375466,1.36666666666667));
#3366=CARTESIAN_POINT('Ctrl Pts',(-2.1939202123888,-0.752468875271089,0.899999999999999));
#3367=CARTESIAN_POINT('Ctrl Pts',(-0.941104770547048,-2.31610056147258,
2.3));
#3368=CARTESIAN_POINT('Ctrl Pts',(-1.54745847962183,-2.0697199086885,1.83333333333333));
#3369=CARTESIAN_POINT('Ctrl Pts',(-2.04865258884045,-1.57524309768759,1.36666666666667));
#3370=CARTESIAN_POINT('Ctrl Pts',(-2.30319197798806,-0.972268847866403,
0.899999999999999));
#3371=CARTESIAN_POINT('Ctrl Pts',(-1.17557050458495,-1.61803398874989,2.3));
#3372=CARTESIAN_POINT('Ctrl Pts',(-1.09741525990565,-1.85072284632412,2.3));
#3373=CARTESIAN_POINT('Ctrl Pts',(-1.01926001522635,-2.08341170389835,2.3));
#3374=CARTESIAN_POINT('Ctrl Pts',(-0.941104770547048,-2.31610056147258,
2.3));
#3375=CARTESIAN_POINT('Origin',(2.,0.,2.3));
#3376=CARTESIAN_POINT('Origin',(0.,0.,2.3));
#3377=CARTESIAN_POINT('Origin',(0.,0.,1.85));
#3378=CARTESIAN_POINT('',(-2.12273950571979,-1.32059720992303,2.3));
#3379=CARTESIAN_POINT('Origin',(0.,0.,2.3));
#3380=CARTESIAN_POINT('',(-2.49666914671523,-0.129008417710882,1.4));
#3381=CARTESIAN_POINT('Ctrl Pts',(-2.12273950571979,-1.32059720992303,2.3));
#3382=CARTESIAN_POINT('Ctrl Pts',(-2.34497451060996,-0.963374719303289,
2.00002832653729));
#3383=CARTESIAN_POINT('Ctrl Pts',(-2.4718032671813,-0.548759382516825,1.70005665307458));
#3384=CARTESIAN_POINT('Ctrl Pts',(-2.49461573645844,-0.128836160433438,
1.40008497961187));
#3385=CARTESIAN_POINT('Origin',(0.,0.,1.4));
#3386=CARTESIAN_POINT('Origin',(0.,0.,1.15));
#3387=CARTESIAN_POINT('',(-1.78201304837674,0.907980999479094,0.899999999999999));
#3388=CARTESIAN_POINT('Ctrl Pts',(-2.49462219626867,-0.128717199350888,
1.4));
#3389=CARTESIAN_POINT('Ctrl Pts',(-2.45820537560334,-0.0329030443315522,
1.35850463916865));
#3390=CARTESIAN_POINT('Ctrl Pts',(-2.41651671733751,0.0607458452580554,
1.31708723543814));
#3391=CARTESIAN_POINT('Ctrl Pts',(-2.36957063983358,0.151753381372077,1.27582850404234));
#3392=CARTESIAN_POINT('Ctrl Pts',(-2.32828242928103,0.231792833286471,1.23954220964728));
#3393=CARTESIAN_POINT('Ctrl Pts',(-2.28292825581311,0.309788741955368,1.20337864637598));
#3394=CARTESIAN_POINT('Ctrl Pts',(-2.23355105641396,0.385413048901369,1.16739272224519));
#3395=CARTESIAN_POINT('Ctrl Pts',(-2.18680914587217,0.457001244122416,1.13332738709146));
#3396=CARTESIAN_POINT('Ctrl Pts',(-2.13661426562625,0.526263300658306,1.09950031164998));
#3397=CARTESIAN_POINT('Ctrl Pts',(-2.08301675469549,0.592926286532121,1.06604657132688));
#3398=CARTESIAN_POINT('Ctrl Pts',(-2.03063228477444,0.65808052816967,1.03334996987526));
#3399=CARTESIAN_POINT('Ctrl Pts',(-1.9749978826736,0.720751291763761,1.00100999582476));
#3400=CARTESIAN_POINT('Ctrl Pts',(-1.9162018516554,0.780710232551347,0.969152759335835));
#3401=CARTESIAN_POINT('Ctrl Pts',(-1.87315072385893,0.824612856209531,0.945826525650057));
#3402=CARTESIAN_POINT('Ctrl Pts',(-1.82840542660713,0.867062064206581,0.922759103802714));
#3403=CARTESIAN_POINT('Ctrl Pts',(-1.78201304837674,0.907980999479094,0.899999999999999));
#3404=CARTESIAN_POINT('',(-2.,-2.44929359829471E-16,0.9));
#3405=CARTESIAN_POINT('Origin',(0.,0.,0.9));
#3406=CARTESIAN_POINT('Origin',(0.,0.,0.9));
#3407=CARTESIAN_POINT('Ctrl Pts',(-2.49355989896973,-0.179329390368843,
2.3));
#3408=CARTESIAN_POINT('Ctrl Pts',(-2.54050822358269,0.473483064621942,1.83333333333333));
#3409=CARTESIAN_POINT('Ctrl Pts',(-2.31842877692005,1.14160249339429,1.36666666666667));
#3410=CARTESIAN_POINT('Ctrl Pts',(-1.8900181418522,1.63640808586048,0.899999999999999));
#3411=CARTESIAN_POINT('Ctrl Pts',(-2.29641094350992,-0.32556425649586,2.3));
#3412=CARTESIAN_POINT('Ctrl Pts',(-2.38164346654982,0.275634722650305,1.83333333333333));
#3413=CARTESIAN_POINT('Ctrl Pts',(-2.21885982400457,0.90821868705085,1.36666666666667));
#3414=CARTESIAN_POINT('Ctrl Pts',(-1.85401644402704,1.39359905706669,0.899999999999999));
#3415=CARTESIAN_POINT('Ctrl Pts',(-2.09926198805012,-0.471799122622877,
2.3));
#3416=CARTESIAN_POINT('Ctrl Pts',(-2.22277870951696,0.0777863806786686,
1.83333333333333));
#3417=CARTESIAN_POINT('Ctrl Pts',(-2.1192908710891,0.674834880707409,1.36666666666667));
#3418=CARTESIAN_POINT('Ctrl Pts',(-1.81801474620189,1.15079002827289,0.899999999999999));
#3419=CARTESIAN_POINT('Ctrl Pts',(-1.90211303259031,-0.618033988749895,
2.3));
#3420=CARTESIAN_POINT('Ctrl Pts',(-2.0639139524841,-0.120061961292969,1.83333333333333));
#3421=CARTESIAN_POINT('Ctrl Pts',(-2.01972191817362,0.441451074363968,1.36666666666667));
#3422=CARTESIAN_POINT('Ctrl Pts',(-1.78201304837674,0.907980999479094,0.899999999999999));
#3423=CARTESIAN_POINT('',(-2.26916704064521,1.04922873657246,1.4));
#3424=CARTESIAN_POINT('Ctrl Pts',(-1.78201304837674,0.907980999479094,0.899999999999999));
#3425=CARTESIAN_POINT('Ctrl Pts',(-1.83466532674735,0.956774357472685,0.969065244521077));
#3426=CARTESIAN_POINT('Ctrl Pts',(-1.89716678863146,0.991259668730605,1.04049707955929));
#3427=CARTESIAN_POINT('Ctrl Pts',(-2.05877995369843,1.04631915374102,1.20935954242657));
#3428=CARTESIAN_POINT('Ctrl Pts',(-2.1635321993464,1.05603395778834,1.30697485337576));
#3429=CARTESIAN_POINT('Ctrl Pts',(-2.26916704064521,1.04922873657246,1.4));
#3430=CARTESIAN_POINT('',(-1.90211303259031,-0.618033988749895,2.3));
#3431=CARTESIAN_POINT('Ctrl Pts',(-1.90211303259031,-0.618033988749895,
2.3));
#3432=CARTESIAN_POINT('Ctrl Pts',(-2.0639139524841,-0.120061961292969,1.83333333333333));
#3433=CARTESIAN_POINT('Ctrl Pts',(-2.01972191817362,0.441451074363968,1.36666666666667));
#3434=CARTESIAN_POINT('Ctrl Pts',(-1.78201304837674,0.907980999479094,0.899999999999999));
#3435=CARTESIAN_POINT('',(-2.49355989896973,-0.179329390368843,2.3));
#3436=CARTESIAN_POINT('Ctrl Pts',(-2.49355989896973,-0.179329390368843,
2.3));
#3437=CARTESIAN_POINT('Ctrl Pts',(-2.29641094350992,-0.32556425649586,2.3));
#3438=CARTESIAN_POINT('Ctrl Pts',(-2.09926198805012,-0.471799122622877,
2.3));
#3439=CARTESIAN_POINT('Ctrl Pts',(-1.90211303259031,-0.618033988749895,
2.3));
#3440=CARTESIAN_POINT('Ctrl Pts',(-2.26726991635656,1.04842432020907,1.40008497961187));
#3441=CARTESIAN_POINT('Ctrl Pts',(-2.44275748147154,0.666246304502482,1.70005665307458));
#3442=CARTESIAN_POINT('Ctrl Pts',(-2.52373811504206,0.240296133733054,2.00002832653729));
#3443=CARTESIAN_POINT('Ctrl Pts',(-2.49355989896973,-0.179329390368843,
2.3));
#3444=CARTESIAN_POINT('Ctrl Pts',(-1.90211303259031,-0.618033988749895,
2.3));
#3445=CARTESIAN_POINT('Ctrl Pts',(-2.0639139524841,-0.120061961292969,1.83333333333333));
#3446=CARTESIAN_POINT('Ctrl Pts',(-2.01972191817362,0.441451074363968,1.36666666666667));
#3447=CARTESIAN_POINT('Ctrl Pts',(-1.78201304837674,0.907980999479094,0.899999999999999));
#3448=CARTESIAN_POINT('Ctrl Pts',(-1.97565519030014,-0.852221729140939,
2.3));
#3449=CARTESIAN_POINT('Ctrl Pts',(-2.19876631725837,-0.334996409818151,
1.83333333333333));
#3450=CARTESIAN_POINT('Ctrl Pts',(-2.20758108596189,0.270890497072684,1.36666666666667));
#3451=CARTESIAN_POINT('Ctrl Pts',(-1.99961094609771,0.794387418597543,0.899999999999999));
#3452=CARTESIAN_POINT('Ctrl Pts',(-2.04919734800997,-1.08640946953198,2.3));
#3453=CARTESIAN_POINT('Ctrl Pts',(-2.33361868203264,-0.549930858343333,
1.83333333333333));
#3454=CARTESIAN_POINT('Ctrl Pts',(-2.39544025375016,0.100329919781401,1.36666666666667));
#3455=CARTESIAN_POINT('Ctrl Pts',(-2.21720884381868,0.680793837715991,0.899999999999999));
#3456=CARTESIAN_POINT('Ctrl Pts',(-2.12273950571979,-1.32059720992303,2.3));
#3457=CARTESIAN_POINT('Ctrl Pts',(-2.46847104680691,-0.764865306868515,
1.83333333333333));
#3458=CARTESIAN_POINT('Ctrl Pts',(-2.58329942153843,-0.0702306575098834,
1.36666666666667));
#3459=CARTESIAN_POINT('Ctrl Pts',(-2.43480674153965,0.56720025683444,0.899999999999999));
#3460=CARTESIAN_POINT('Ctrl Pts',(-1.90211303259031,-0.618033988749895,
2.3));
#3461=CARTESIAN_POINT('Ctrl Pts',(-1.97565519030014,-0.852221729140939,
2.3));
#3462=CARTESIAN_POINT('Ctrl Pts',(-2.04919734800997,-1.08640946953198,2.3));
#3463=CARTESIAN_POINT('Ctrl Pts',(-2.12273950571979,-1.32059720992303,2.3));
#3464=CARTESIAN_POINT('Origin',(2.,0.,2.3));
#3465=CARTESIAN_POINT('Origin',(0.,0.,2.3));
#3466=CARTESIAN_POINT('Origin',(0.,0.,1.85));
#3467=CARTESIAN_POINT('',(-2.49355989896973,0.179329390368841,2.3));
#3468=CARTESIAN_POINT('Origin',(0.,0.,2.3));
#3469=CARTESIAN_POINT('',(-2.09567701437626,1.36313530194732,1.4));
#3470=CARTESIAN_POINT('Ctrl Pts',(-2.49355989896973,0.179329390368841,2.3));
#3471=CARTESIAN_POINT('Ctrl Pts',(-2.46338168289741,0.598954914470737,2.00002832653729));
#3472=CARTESIAN_POINT('Ctrl Pts',(-2.32228352200171,1.00893384073871,1.70005665307458));
#3473=CARTESIAN_POINT('Ctrl Pts',(-2.09391452029482,1.36206769674633,1.40008497961187));
#3474=CARTESIAN_POINT('Origin',(0.,0.,1.4));
#3475=CARTESIAN_POINT('Origin',(0.,0.,1.15));
#3476=CARTESIAN_POINT('',(-0.907980999479093,1.78201304837674,0.899999999999999));
#3477=CARTESIAN_POINT('Ctrl Pts',(-2.09384982282115,1.36216773526497,1.4));
#3478=CARTESIAN_POINT('Ctrl Pts',(-2.00806984874064,1.41827774485478,1.35850463916868));
#3479=CARTESIAN_POINT('Ctrl Pts',(-1.91929757953663,1.46953730952056,1.3170872354382));
#3480=CARTESIAN_POINT('Ctrl Pts',(-1.82782451744149,1.51556974084318,1.27582850404244));
#3481=CARTESIAN_POINT('Ctrl Pts',(-1.74737564400021,1.55605441640609,1.23954220964734));
#3482=CARTESIAN_POINT('Ctrl Pts',(-1.66483850204404,1.59249591771663,1.20337864637601));
#3483=CARTESIAN_POINT('Ctrl Pts',(-1.58044065625771,1.62465407761747,1.16739272224519));
#3484=CARTESIAN_POINT('Ctrl Pts',(-1.50054717089061,1.65509593846752,1.13332738709143));
#3485=CARTESIAN_POINT('Ctrl Pts',(-1.41922744436573,1.68162630892129,1.09950031164993));
#3486=CARTESIAN_POINT('Ctrl Pts',(-1.33668262719606,1.70405397090431,1.0660465713268));
#3487=CARTESIAN_POINT('Ctrl Pts',(-1.25600599842974,1.72597404077594,1.03334996987517));
#3488=CARTESIAN_POINT('Ctrl Pts',(-1.17415987106774,1.74397467249903,1.00100999582466));
#3489=CARTESIAN_POINT('Ctrl Pts',(-1.09134990163418,1.75792303463508,0.969152759335728));
#3490=CARTESIAN_POINT('Ctrl Pts',(-1.03071549289669,1.76813618525885,0.945826525649987));
#3491=CARTESIAN_POINT('Ctrl Pts',(-0.969564768569551,1.77617769009215,0.92275910380268));
#3492=CARTESIAN_POINT('Ctrl Pts',(-0.907980999479093,1.78201304837674,0.899999999999999));
#3493=CARTESIAN_POINT('Origin',(0.,0.,0.9));
#3494=CARTESIAN_POINT('Ctrl Pts',(-2.1227395057198,1.32059720992302,2.3));
#3495=CARTESIAN_POINT('Ctrl Pts',(-1.77700796463268,1.87632911297754,1.83333333333333));
#3496=CARTESIAN_POINT('Ctrl Pts',(-1.20463117117876,2.28631406154088,1.36666666666667));
#3497=CARTESIAN_POINT('Ctrl Pts',(-0.567200256834442,2.43480674153965,0.899999999999999));
#3498=CARTESIAN_POINT('Ctrl Pts',(-2.04919734800997,1.08640946953198,2.3));
#3499=CARTESIAN_POINT('Ctrl Pts',(-1.76477601398729,1.62288808072063,1.83333333333333));
#3500=CARTESIAN_POINT('Ctrl Pts',(-1.26125775565058,2.0389774338872,1.36666666666667));
#3501=CARTESIAN_POINT('Ctrl Pts',(-0.680793837715992,2.21720884381868,0.899999999999999));
#3502=CARTESIAN_POINT('Ctrl Pts',(-1.97565519030014,0.852221729140938,2.3));
#3503=CARTESIAN_POINT('Ctrl Pts',(-1.75254406334191,1.36944704846373,1.83333333333333));
#3504=CARTESIAN_POINT('Ctrl Pts',(-1.3178843401224,1.79164080623352,1.36666666666667));
#3505=CARTESIAN_POINT('Ctrl Pts',(-0.794387418597543,1.99961094609771,0.899999999999999));
#3506=CARTESIAN_POINT('Ctrl Pts',(-1.90211303259031,0.618033988749895,2.3));
#3507=CARTESIAN_POINT('Ctrl Pts',(-1.74031211269652,1.11600601620682,1.83333333333333));
#3508=CARTESIAN_POINT('Ctrl Pts',(-1.37451092459422,1.54430417857985,1.36666666666667));
#3509=CARTESIAN_POINT('Ctrl Pts',(-0.907980999479093,1.78201304837674,0.899999999999999));
#3510=CARTESIAN_POINT('',(-1.21907352131873,2.18262680035309,1.4));
#3511=CARTESIAN_POINT('Ctrl Pts',(-0.907980999479094,1.78201304837674,0.9));
#3512=CARTESIAN_POINT('Ctrl Pts',(-0.921897571235019,1.85243593693201,0.969065244521077));
#3513=CARTESIAN_POINT('Ctrl Pts',(-0.952192358694423,1.91707257733818,1.04049707955929));
#3514=CARTESIAN_POINT('Ctrl Pts',(-1.05057700246039,2.05661047141581,1.20935954242657));
#3515=CARTESIAN_POINT('Ctrl Pts',(-1.12961313084061,2.12604173812352,1.30697485337575));
#3516=CARTESIAN_POINT('Ctrl Pts',(-1.21907352131873,2.18262680035309,1.4));
#3517=CARTESIAN_POINT('',(-1.90211303259031,0.618033988749895,2.3));
#3518=CARTESIAN_POINT('Ctrl Pts',(-1.90211303259031,0.618033988749895,2.3));
#3519=CARTESIAN_POINT('Ctrl Pts',(-1.74031211269652,1.11600601620682,1.83333333333333));
#3520=CARTESIAN_POINT('Ctrl Pts',(-1.37451092459422,1.54430417857985,1.36666666666667));
#3521=CARTESIAN_POINT('Ctrl Pts',(-0.907980999479093,1.78201304837674,0.899999999999999));
#3522=CARTESIAN_POINT('',(-2.1227395057198,1.32059720992302,2.3));
#3523=CARTESIAN_POINT('Ctrl Pts',(-2.1227395057198,1.32059720992302,2.3));
#3524=CARTESIAN_POINT('Ctrl Pts',(-2.04919734800997,1.08640946953198,2.3));
#3525=CARTESIAN_POINT('Ctrl Pts',(-1.97565519030014,0.852221729140938,2.3));
#3526=CARTESIAN_POINT('Ctrl Pts',(-1.90211303259031,0.618033988749895,2.3));
#3527=CARTESIAN_POINT('Ctrl Pts',(-1.21801153960387,2.18086091216592,1.40008497961187));
#3528=CARTESIAN_POINT('Ctrl Pts',(-1.58462256346611,1.97482140531809,1.70005665307458));
#3529=CARTESIAN_POINT('Ctrl Pts',(-1.90050450082963,1.67781970054276,2.00002832653729));
#3530=CARTESIAN_POINT('Ctrl Pts',(-2.1227395057198,1.32059720992302,2.3));
#3531=CARTESIAN_POINT('Ctrl Pts',(-1.90211303259031,0.618033988749895,2.3));
#3532=CARTESIAN_POINT('Ctrl Pts',(-1.74031211269652,1.11600601620682,1.83333333333333));
#3533=CARTESIAN_POINT('Ctrl Pts',(-1.37451092459422,1.54430417857985,1.36666666666667));
#3534=CARTESIAN_POINT('Ctrl Pts',(-0.907980999479093,1.78201304837674,0.899999999999999));
#3535=CARTESIAN_POINT('Ctrl Pts',(-2.09926198805012,0.471799122622877,2.3));
#3536=CARTESIAN_POINT('Ctrl Pts',(-1.97574526658327,1.02138462592442,1.83333333333333));
#3537=CARTESIAN_POINT('Ctrl Pts',(-1.62674517583837,1.51673862131468,1.36666666666667));
#3538=CARTESIAN_POINT('Ctrl Pts',(-1.15079002827289,1.81801474620189,0.899999999999999));
#3539=CARTESIAN_POINT('Ctrl Pts',(-2.29641094350992,0.325564256495859,2.3));
#3540=CARTESIAN_POINT('Ctrl Pts',(-2.21117842047002,0.926763235642024,1.83333333333333));
#3541=CARTESIAN_POINT('Ctrl Pts',(-1.87897942708252,1.48917306404951,1.36666666666667));
#3542=CARTESIAN_POINT('Ctrl Pts',(-1.39359905706669,1.85401644402704,0.899999999999999));
#3543=CARTESIAN_POINT('Ctrl Pts',(-2.49355989896973,0.179329390368841,2.3));
#3544=CARTESIAN_POINT('Ctrl Pts',(-2.44661157435678,0.832141845359625,1.83333333333333));
#3545=CARTESIAN_POINT('Ctrl Pts',(-2.13121367832667,1.46160750678434,1.36666666666667));
#3546=CARTESIAN_POINT('Ctrl Pts',(-1.63640808586048,1.8900181418522,0.899999999999999));
#3547=CARTESIAN_POINT('Ctrl Pts',(-1.90211303259031,0.618033988749895,2.3));
#3548=CARTESIAN_POINT('Ctrl Pts',(-2.09926198805012,0.471799122622877,2.3));
#3549=CARTESIAN_POINT('Ctrl Pts',(-2.29641094350992,0.325564256495859,2.3));
#3550=CARTESIAN_POINT('Ctrl Pts',(-2.49355989896973,0.179329390368841,2.3));
#3551=CARTESIAN_POINT('Origin',(2.,0.,2.3));
#3552=CARTESIAN_POINT('',(-2.,-2.44929359829471E-16,2.3));
#3553=CARTESIAN_POINT('Origin',(0.,0.,2.3));
#3554=CARTESIAN_POINT('Origin',(0.,0.,2.3));
#3555=CARTESIAN_POINT('Origin',(0.,0.,1.85));
#3556=CARTESIAN_POINT('',(-1.91192516379699,1.61075825872161,2.3));
#3557=CARTESIAN_POINT('Origin',(0.,0.,2.3));
#3558=CARTESIAN_POINT('',(-0.894207491987466,2.33460766752649,1.4));
#3559=CARTESIAN_POINT('Ctrl Pts',(-1.91192516379699,1.61075825872161,2.3));
#3560=CARTESIAN_POINT('Ctrl Pts',(-1.64086077958196,1.93250412864573,2.00002832653729));
#3561=CARTESIAN_POINT('Ctrl Pts',(-1.28573040293127,2.18124862923203,1.70005665307458));
#3562=CARTESIAN_POINT('Ctrl Pts',(-0.893409126915504,2.33270798874729,1.40008497961187));
#3563=CARTESIAN_POINT('Origin',(0.,0.,1.4));
#3564=CARTESIAN_POINT('Origin',(0.,0.,1.15));
#3565=CARTESIAN_POINT('',(0.312868930080462,1.97537668119028,0.899999999999999));
#3566=CARTESIAN_POINT('Ctrl Pts',(-0.8932979843939,2.33275089338808,1.4));
#3567=CARTESIAN_POINT('Ctrl Pts',(-0.790919891442617,2.3277246409942,1.35850463916859));
#3568=CARTESIAN_POINT('Ctrl Pts',(-0.688972000877647,2.31701546928239,1.31708723543803));
#3569=CARTESIAN_POINT('Ctrl Pts',(-0.587911554856352,2.30048997163317,1.27582850404218));
#3570=CARTESIAN_POINT('Ctrl Pts',(-0.499030753824541,2.28595610080301,1.23954220964717));
#3571=CARTESIAN_POINT('Ctrl Pts',(-0.410837026273347,2.2669237798556,1.20337864637592));
#3572=CARTESIAN_POINT('Ctrl Pts',(-0.323655642613203,2.24333246864481,1.16739272224519));
#3573=CARTESIAN_POINT('Ctrl Pts',(-0.241127178351496,2.2210002389599,1.13332738709148));
#3574=CARTESIAN_POINT('Ctrl Pts',(-0.159743977124474,2.19466522355233,1.09950031165002));
#3575=CARTESIAN_POINT('Ctrl Pts',(-0.0797811682797309,2.16429095705523,
1.06604657132694));
#3576=CARTESIAN_POINT('Ctrl Pts',(-0.00162811075912006,2.13460413350576,
1.03334996987531));
#3577=CARTESIAN_POINT('Ctrl Pts',(0.0751673030593047,2.1010590038586,1.00100999582479));
#3578=CARTESIAN_POINT('Ctrl Pts',(0.150360617191936,2.06366898709452,0.969152759335863));
#3579=CARTESIAN_POINT('Ctrl Pts',(0.205418023620644,2.03629158827786,0.945826525650076));
#3580=CARTESIAN_POINT('Ctrl Pts',(0.259616676766996,2.0068538084218,0.922759103802724));
#3581=CARTESIAN_POINT('Ctrl Pts',(0.312868930080462,1.97537668119028,0.899999999999999));
#3582=CARTESIAN_POINT('Origin',(0.,0.,0.9));
#3583=CARTESIAN_POINT('Ctrl Pts',(-0.941104770547049,2.31610056147258,2.3));
#3584=CARTESIAN_POINT('Ctrl Pts',(-0.334751061472263,2.56248121425665,1.83333333333333));
#3585=CARTESIAN_POINT('Ctrl Pts',(0.369294598045215,2.55773136713567,1.36666666666667));
#3586=CARTESIAN_POINT('Ctrl Pts',(0.972268847866401,2.30319197798806,0.899999999999999));
#3587=CARTESIAN_POINT('Ctrl Pts',(-1.01926001522635,2.08341170389835,2.3));
#3588=CARTESIAN_POINT('Ctrl Pts',(-0.473824106612178,2.35025335189276,1.83333333333333));
#3589=CARTESIAN_POINT('Ctrl Pts',(0.178101906787521,2.39091610327268,1.36666666666667));
#3590=CARTESIAN_POINT('Ctrl Pts',(0.752468875271088,2.1939202123888,0.899999999999999));
#3591=CARTESIAN_POINT('Ctrl Pts',(-1.09741525990565,1.85072284632412,2.3));
#3592=CARTESIAN_POINT('Ctrl Pts',(-0.612897151752092,2.13802548952887,1.83333333333333));
#3593=CARTESIAN_POINT('Ctrl Pts',(-0.0130907844701739,2.2241008394097,1.36666666666667));
#3594=CARTESIAN_POINT('Ctrl Pts',(0.532668902675775,2.08464844678954,0.899999999999999));
#3595=CARTESIAN_POINT('Ctrl Pts',(-1.17557050458495,1.6180339887499,2.3));
#3596=CARTESIAN_POINT('Ctrl Pts',(-0.751970196892008,1.92579762716497,1.83333333333333));
#3597=CARTESIAN_POINT('Ctrl Pts',(-0.204283475727868,2.05728557554672,1.36666666666667));
#3598=CARTESIAN_POINT('Ctrl Pts',(0.312868930080462,1.97537668119028,0.899999999999999));
#3599=CARTESIAN_POINT('',(0.296664648366493,2.48233561115526,1.4));
#3600=CARTESIAN_POINT('Ctrl Pts',(0.312868930080461,1.97537668119028,0.899999999999999));
#3601=CARTESIAN_POINT('Ctrl Pts',(0.343003722343108,2.04052995046507,0.969065244521077));
#3602=CARTESIAN_POINT('Ctrl Pts',(0.356487188435952,2.11062892030294,1.04049707955929));
#3603=CARTESIAN_POINT('Ctrl Pts',(0.358910655918544,2.28134649062872,1.20935954242657));
#3604=CARTESIAN_POINT('Ctrl Pts',(0.335779759508111,2.38397383599642,1.30697485337576));
#3605=CARTESIAN_POINT('Ctrl Pts',(0.296664648366491,2.48233561115527,1.4));
#3606=CARTESIAN_POINT('',(-1.17557050458495,1.6180339887499,2.3));
#3607=CARTESIAN_POINT('Ctrl Pts',(-1.17557050458495,1.6180339887499,2.3));
#3608=CARTESIAN_POINT('Ctrl Pts',(-0.751970196892008,1.92579762716497,1.83333333333333));
#3609=CARTESIAN_POINT('Ctrl Pts',(-0.204283475727868,2.05728557554672,1.36666666666667));
#3610=CARTESIAN_POINT('Ctrl Pts',(0.312868930080462,1.97537668119028,0.899999999999999));
#3611=CARTESIAN_POINT('',(-0.941104770547049,2.31610056147258,2.3));
#3612=CARTESIAN_POINT('Ctrl Pts',(-0.941104770547049,2.31610056147258,2.3));
#3613=CARTESIAN_POINT('Ctrl Pts',(-1.01926001522635,2.08341170389835,2.3));
#3614=CARTESIAN_POINT('Ctrl Pts',(-1.09741525990565,1.85072284632412,2.3));
#3615=CARTESIAN_POINT('Ctrl Pts',(-1.17557050458495,1.6180339887499,2.3));
#3616=CARTESIAN_POINT('Ctrl Pts',(0.296485846587914,2.48028276041148,1.40008497961187));
#3617=CARTESIAN_POINT('Ctrl Pts',(-0.121215685556602,2.52908185101302,1.70005665307458));
#3618=CARTESIAN_POINT('Ctrl Pts',(-0.55134276307244,2.47447316873931,2.00002832653729));
#3619=CARTESIAN_POINT('Ctrl Pts',(-0.941104770547049,2.31610056147258,2.3));
#3620=CARTESIAN_POINT('Ctrl Pts',(-1.17557050458495,1.6180339887499,2.3));
#3621=CARTESIAN_POINT('Ctrl Pts',(-0.751970196892008,1.92579762716497,1.83333333333333));
#3622=CARTESIAN_POINT('Ctrl Pts',(-0.204283475727868,2.05728557554672,1.36666666666667));
#3623=CARTESIAN_POINT('Ctrl Pts',(0.312868930080462,1.97537668119028,0.899999999999999));
#3624=CARTESIAN_POINT('Ctrl Pts',(-1.42102205765563,1.61560874540713,2.3));
#3625=CARTESIAN_POINT('Ctrl Pts',(-0.998056677185087,1.98763145015046,1.83333333333333));
#3626=CARTESIAN_POINT('Ctrl Pts',(-0.424547899579517,2.18324414426413,1.36666666666667));
#3627=CARTESIAN_POINT('Ctrl Pts',(0.13759356643772,2.14722223280563,0.899999999999999));
#3628=CARTESIAN_POINT('Ctrl Pts',(-1.66647361072631,1.61318350206437,2.3));
#3629=CARTESIAN_POINT('Ctrl Pts',(-1.24414315747817,2.04946527313596,1.83333333333333));
#3630=CARTESIAN_POINT('Ctrl Pts',(-0.644812323431165,2.30920271298153,1.36666666666667));
#3631=CARTESIAN_POINT('Ctrl Pts',(-0.0376817972050224,2.31906778442098,
0.899999999999999));
#3632=CARTESIAN_POINT('Ctrl Pts',(-1.91192516379699,1.61075825872161,2.3));
#3633=CARTESIAN_POINT('Ctrl Pts',(-1.49022963777124,2.11129909612145,1.83333333333333));
#3634=CARTESIAN_POINT('Ctrl Pts',(-0.865076747282814,2.43516128169894,1.36666666666667));
#3635=CARTESIAN_POINT('Ctrl Pts',(-0.212957160847765,2.49091333603633,0.899999999999999));
#3636=CARTESIAN_POINT('Ctrl Pts',(-1.17557050458495,1.6180339887499,2.3));
#3637=CARTESIAN_POINT('Ctrl Pts',(-1.42102205765563,1.61560874540713,2.3));
#3638=CARTESIAN_POINT('Ctrl Pts',(-1.66647361072631,1.61318350206437,2.3));
#3639=CARTESIAN_POINT('Ctrl Pts',(-1.91192516379699,1.61075825872161,2.3));
#3640=CARTESIAN_POINT('Origin',(2.,0.,2.3));
#3641=CARTESIAN_POINT('Origin',(0.,0.,2.3));
#3642=CARTESIAN_POINT('Origin',(0.,0.,1.85));
#3643=CARTESIAN_POINT('',(-0.600000000000001,2.42693221990232,2.3));
#3644=CARTESIAN_POINT('Origin',(0.,0.,2.3));
#3645=CARTESIAN_POINT('',(0.648818899345742,2.41433925450666,1.4));
#3646=CARTESIAN_POINT('Ctrl Pts',(-0.600000000000001,2.42693221990232,2.3));
#3647=CARTESIAN_POINT('Ctrl Pts',(-0.191586829272856,2.52790244907755,2.00002832653729));
#3648=CARTESIAN_POINT('Ctrl Pts',(0.24192802968981,2.52040057927283,1.70005665307458));
#3649=CARTESIAN_POINT('Ctrl Pts',(0.648348187086165,2.41233311487519,1.40008497961187));
#3650=CARTESIAN_POINT('Origin',(0.,0.,1.4));
#3651=CARTESIAN_POINT('Origin',(0.,0.,1.15));
#3652=CARTESIAN_POINT('',(1.4142135623731,1.4142135623731,0.899999999999999));
#3653=CARTESIAN_POINT('Ctrl Pts',(0.64846332199005,2.41230249752362,1.4));
#3654=CARTESIAN_POINT('Ctrl Pts',(0.728334582007847,2.34805984072443,1.35850463916863));
#3655=CARTESIAN_POINT('Ctrl Pts',(0.80451746481905,2.27947247223754,1.3170872354381));
#3656=CARTESIAN_POINT('Ctrl Pts',(0.876563639304327,2.20670122403748,1.27582850404229));
#3657=CARTESIAN_POINT('Ctrl Pts',(0.939926922880099,2.14270025148333,1.23954220964724));
#3658=CARTESIAN_POINT('Ctrl Pts',(1.00009022969657,2.07546380799511,1.20337864637596));
#3659=CARTESIAN_POINT('Ctrl Pts',(1.05675482585886,2.00513410471604,1.16739272224519));
#3660=CARTESIAN_POINT('Ctrl Pts',(1.11039520070663,1.93855793719131,1.13332738709149));
#3661=CARTESIAN_POINT('Ctrl Pts',(1.16075625988044,1.86941661671389,1.09950031165005));
#3662=CARTESIAN_POINT('Ctrl Pts',(1.20759398525759,1.79784235915527,1.06604657132698));
#3663=CARTESIAN_POINT('Ctrl Pts',(1.25337165988433,1.72788799976257,1.03334996987535));
#3664=CARTESIAN_POINT('Ctrl Pts',(1.29578312226064,1.65561020811336,1.00100999582484));
#3665=CARTESIAN_POINT('Ctrl Pts',(1.33463849082042,1.58116352801312,0.969152759335919));
#3666=CARTESIAN_POINT('Ctrl Pts',(1.36308883701691,1.52665281558035,0.945826525650113));
#3667=CARTESIAN_POINT('Ctrl Pts',(1.38963337562494,1.47097998238654,0.922759103802742));
#3668=CARTESIAN_POINT('Ctrl Pts',(1.4142135623731,1.4142135623731,0.899999999999999));
#3669=CARTESIAN_POINT('Origin',(0.,0.,0.9));
#3670=CARTESIAN_POINT('Ctrl Pts',(0.599999999999999,2.42693221990232,2.3));
#3671=CARTESIAN_POINT('Ctrl Pts',(1.23536936940046,2.26985258722283,1.83333333333333));
#3672=CARTESIAN_POINT('Ctrl Pts',(1.80216238267765,1.85218222457637,1.36666666666667));
#3673=CARTESIAN_POINT('Ctrl Pts',(2.14036429888498,1.29183616146112,0.899999999999999));
#3674=CARTESIAN_POINT('Ctrl Pts',(0.399999999999999,2.28462147993488,2.3));
#3675=CARTESIAN_POINT('Ctrl Pts',(0.998112504799737,2.17990172481522,1.83333333333333));
#3676=CARTESIAN_POINT('Ctrl Pts',(1.54943269429396,1.82960608545745,1.36666666666667));
#3677=CARTESIAN_POINT('Ctrl Pts',(1.89831405338102,1.33262862843178,0.899999999999999));
#3678=CARTESIAN_POINT('Ctrl Pts',(0.2,2.14231073996744,2.3));
#3679=CARTESIAN_POINT('Ctrl Pts',(0.760855640199019,2.08995086240761,1.83333333333333));
#3680=CARTESIAN_POINT('Ctrl Pts',(1.29670300591026,1.80702994633854,1.36666666666667));
#3681=CARTESIAN_POINT('Ctrl Pts',(1.65626380787706,1.37342109540244,0.899999999999999));
#3682=CARTESIAN_POINT('Ctrl Pts',(-1.46081976924362E-17,2.,2.3));
#3683=CARTESIAN_POINT('Ctrl Pts',(0.523598775598299,2.,1.83333333333333));
#3684=CARTESIAN_POINT('Ctrl Pts',(1.04397331752656,1.78445380721963,1.36666666666667));
#3685=CARTESIAN_POINT('Ctrl Pts',(1.4142135623731,1.4142135623731,0.899999999999999));
#3686=CARTESIAN_POINT('Ctrl Pts',(1.4142135623731,1.4142135623731,0.899999999999999));
#3687=CARTESIAN_POINT('Ctrl Pts',(1.4768892522539,1.44921087798261,0.969065244521077));
#3688=CARTESIAN_POINT('Ctrl Pts',(1.52900074613768,1.49799675335047,1.04049707955929));
#3689=CARTESIAN_POINT('Ctrl Pts',(1.63130664266111,1.63468569053674,1.20935954242657));
#3690=CARTESIAN_POINT('Ctrl Pts',(1.672916194459,1.73130895680915,1.30697485337575));
#3691=CARTESIAN_POINT('Ctrl Pts',(1.69908700563625,1.83387658998037,1.4));
#3692=CARTESIAN_POINT('Ctrl Pts',(-1.46081976924362E-17,2.,2.3));
#3693=CARTESIAN_POINT('Ctrl Pts',(0.523598775598299,2.,1.83333333333333));
#3694=CARTESIAN_POINT('Ctrl Pts',(1.04397331752656,1.78445380721963,1.36666666666667));
#3695=CARTESIAN_POINT('Ctrl Pts',(1.4142135623731,1.4142135623731,0.899999999999999));
#3696=CARTESIAN_POINT('Ctrl Pts',(0.,2.,2.3));
#3697=CARTESIAN_POINT('Ctrl Pts',(0.523598775598299,2.,1.83333333333333));
#3698=CARTESIAN_POINT('Ctrl Pts',(1.04397331752656,1.78445380721963,1.36666666666667));
#3699=CARTESIAN_POINT('Ctrl Pts',(1.4142135623731,1.4142135623731,0.899999999999999));
#3700=CARTESIAN_POINT('Ctrl Pts',(-0.2,2.14231073996744,2.3));
#3701=CARTESIAN_POINT('Ctrl Pts',(0.360855640199018,2.19467061752727,1.83333333333333));
#3702=CARTESIAN_POINT('Ctrl Pts',(0.939812244466335,2.01582460984385,1.36666666666667));
#3703=CARTESIAN_POINT('Ctrl Pts',(1.37342109540244,1.65626380787706,0.899999999999999));
#3704=CARTESIAN_POINT('Ctrl Pts',(-0.400000000000001,2.28462147993488,2.3));
#3705=CARTESIAN_POINT('Ctrl Pts',(0.198112504799738,2.38934123505454,1.83333333333333));
#3706=CARTESIAN_POINT('Ctrl Pts',(0.835651171406108,2.24719541246808,1.36666666666667));
#3707=CARTESIAN_POINT('Ctrl Pts',(1.33262862843178,1.89831405338102,0.899999999999999));
#3708=CARTESIAN_POINT('Ctrl Pts',(-0.600000000000001,2.42693221990232,2.3));
#3709=CARTESIAN_POINT('Ctrl Pts',(0.0353693694004567,2.58401185258181,1.83333333333333));
#3710=CARTESIAN_POINT('Ctrl Pts',(0.731490098345878,2.47856621509231,1.36666666666667));
#3711=CARTESIAN_POINT('Ctrl Pts',(1.29183616146112,2.14036429888498,0.899999999999999));
#3712=CARTESIAN_POINT('Ctrl Pts',(0.,2.,2.3));
#3713=CARTESIAN_POINT('Ctrl Pts',(-0.2,2.14231073996744,2.3));
#3714=CARTESIAN_POINT('Ctrl Pts',(-0.400000000000001,2.28462147993488,2.3));
#3715=CARTESIAN_POINT('Ctrl Pts',(-0.600000000000001,2.42693221990232,2.3));
#3716=CARTESIAN_POINT('Ctrl Pts',(1.17557050462317,1.61803398863611,4.));
#3717=CARTESIAN_POINT('Ctrl Pts',(0.751970196960017,1.92579762706119,3.63333333333333));
#3718=CARTESIAN_POINT('Ctrl Pts',(0.204283475821364,2.05728557546514,3.26666666666667));
#3719=CARTESIAN_POINT('Ctrl Pts',(-0.312868929972977,1.97537668113684,2.9));
#3720=CARTESIAN_POINT('Ctrl Pts',(1.09741525993113,1.85072284624826,4.));
#3721=CARTESIAN_POINT('Ctrl Pts',(0.612897151797432,2.13802548945968,3.63333333333333));
#3722=CARTESIAN_POINT('Ctrl Pts',(0.013090784532503,2.22410083935531,3.26666666666667));
#3723=CARTESIAN_POINT('Ctrl Pts',(-0.532668902604119,2.08464844675391,2.9));
#3724=CARTESIAN_POINT('Ctrl Pts',(1.01926001523909,2.08341170386042,4.));
#3725=CARTESIAN_POINT('Ctrl Pts',(0.473824106634846,2.35025335185817,3.63333333333333));
#3726=CARTESIAN_POINT('Ctrl Pts',(-0.178101906756357,2.39091610324549,3.26666666666667));
#3727=CARTESIAN_POINT('Ctrl Pts',(-0.752468875235262,2.19392021237098,2.9));
#3728=CARTESIAN_POINT('Ctrl Pts',(0.941104770547049,2.31610056147258,4.));
#3729=CARTESIAN_POINT('Ctrl Pts',(0.334751061472261,2.56248121425665,3.63333333333333));
#3730=CARTESIAN_POINT('Ctrl Pts',(-0.369294598045218,2.55773136713567,3.26666666666667));
#3731=CARTESIAN_POINT('Ctrl Pts',(-0.972268847866404,2.30319197798806,2.9));
#3732=CARTESIAN_POINT('',(0.941104770547048,2.31610056147258,4.));
#3733=CARTESIAN_POINT('',(1.17557050458495,1.6180339887499,4.));
#3734=CARTESIAN_POINT('Ctrl Pts',(0.941104770547048,2.31610056147258,4.));
#3735=CARTESIAN_POINT('Ctrl Pts',(1.01926001523909,2.08341170386042,4.));
#3736=CARTESIAN_POINT('Ctrl Pts',(1.09741525993113,1.85072284624826,4.));
#3737=CARTESIAN_POINT('Ctrl Pts',(1.17557050462316,1.61803398863611,4.));
#3738=CARTESIAN_POINT('',(-0.312868930080462,1.97537668119028,2.9));
#3739=CARTESIAN_POINT('Ctrl Pts',(1.17557050462317,1.61803398863611,4.));
#3740=CARTESIAN_POINT('Ctrl Pts',(0.751970196960017,1.92579762706119,3.63333333333333));
#3741=CARTESIAN_POINT('Ctrl Pts',(0.204283475821364,2.05728557546514,3.26666666666667));
#3742=CARTESIAN_POINT('Ctrl Pts',(-0.312868929972977,1.97537668113684,2.9));
#3743=CARTESIAN_POINT('',(-0.972268847866403,2.30319197798806,2.9));
#3744=CARTESIAN_POINT('Ctrl Pts',(-0.312868929972977,1.97537668113684,2.9));
#3745=CARTESIAN_POINT('Ctrl Pts',(-0.532668902604119,2.08464844675391,2.9));
#3746=CARTESIAN_POINT('Ctrl Pts',(-0.75246887523526,2.19392021237099,2.9));
#3747=CARTESIAN_POINT('Ctrl Pts',(-0.972268847866403,2.30319197798806,2.9));
#3748=CARTESIAN_POINT('Ctrl Pts',(0.941104770547049,2.31610056147258,4.));
#3749=CARTESIAN_POINT('Ctrl Pts',(0.334751061472261,2.56248121425665,3.63333333333333));
#3750=CARTESIAN_POINT('Ctrl Pts',(-0.369294598045218,2.55773136713567,3.26666666666667));
#3751=CARTESIAN_POINT('Ctrl Pts',(-0.972268847866404,2.30319197798806,2.9));
#3752=CARTESIAN_POINT('Ctrl Pts',(1.91192516379699,1.61075825872161,4.));
#3753=CARTESIAN_POINT('Ctrl Pts',(1.49022963777124,2.11129909612145,3.63333333333333));
#3754=CARTESIAN_POINT('Ctrl Pts',(0.865076747282812,2.43516128169895,3.26666666666667));
#3755=CARTESIAN_POINT('Ctrl Pts',(0.212957160847762,2.49091333603634,2.9));
#3756=CARTESIAN_POINT('Ctrl Pts',(1.6664736106863,1.61318350206477,4.));
#3757=CARTESIAN_POINT('Ctrl Pts',(1.24414315743805,2.04946527312588,3.63333333333333));
#3758=CARTESIAN_POINT('Ctrl Pts',(0.644812323395259,2.309202712961,3.26666666666667));
#3759=CARTESIAN_POINT('Ctrl Pts',(0.0376817971764485,2.31906778439297,2.9));
#3760=CARTESIAN_POINT('Ctrl Pts',(1.42102205757561,1.61560874540792,4.));
#3761=CARTESIAN_POINT('Ctrl Pts',(0.998056677104859,1.98763145013031,3.63333333333333));
#3762=CARTESIAN_POINT('Ctrl Pts',(0.424547899507706,2.18324414422306,3.26666666666667));
#3763=CARTESIAN_POINT('Ctrl Pts',(-0.137593566494865,2.14722223274961,2.9));
#3764=CARTESIAN_POINT('Ctrl Pts',(1.17557050446492,1.61803398875108,4.));
#3765=CARTESIAN_POINT('Ctrl Pts',(0.751970196771666,1.92579762713473,3.63333333333333));
#3766=CARTESIAN_POINT('Ctrl Pts',(0.204283475620152,2.05728557548512,3.26666666666667));
#3767=CARTESIAN_POINT('Ctrl Pts',(-0.312868930166178,1.97537668110624,2.9));
#3768=CARTESIAN_POINT('',(1.91192516379698,1.61075825872161,4.));
#3769=CARTESIAN_POINT('Ctrl Pts',(1.17557050446491,1.61803398875108,4.));
#3770=CARTESIAN_POINT('Ctrl Pts',(1.4210220575756,1.61560874540793,4.));
#3771=CARTESIAN_POINT('Ctrl Pts',(1.66647361068629,1.61318350206477,4.));
#3772=CARTESIAN_POINT('Ctrl Pts',(1.91192516379698,1.61075825872161,4.));
#3773=CARTESIAN_POINT('',(0.212957160847763,2.49091333603633,2.9));
#3774=CARTESIAN_POINT('Ctrl Pts',(0.212957160847762,2.49091333603634,2.9));
#3775=CARTESIAN_POINT('Ctrl Pts',(0.865076747282812,2.43516128169895,3.26666666666667));
#3776=CARTESIAN_POINT('Ctrl Pts',(1.49022963777124,2.11129909612145,3.63333333333333));
#3777=CARTESIAN_POINT('Ctrl Pts',(1.91192516379699,1.61075825872161,4.));
#3778=CARTESIAN_POINT('Ctrl Pts',(0.212957160847763,2.49091333603633,2.9));
#3779=CARTESIAN_POINT('Ctrl Pts',(0.0376817971764499,2.31906778439297,2.9));
#3780=CARTESIAN_POINT('Ctrl Pts',(-0.137593566494864,2.1472222327496,2.9));
#3781=CARTESIAN_POINT('Ctrl Pts',(-0.312868930166177,1.97537668110624,2.9));
#3782=CARTESIAN_POINT('Origin',(1.5,0.,4.));
#3783=CARTESIAN_POINT('',(0.599999999999999,2.42693221990232,4.));
#3784=CARTESIAN_POINT('Origin',(0.,0.,4.));
#3785=CARTESIAN_POINT('',(-1.27091319924196E-15,2.,4.));
#3786=CARTESIAN_POINT('Ctrl Pts',(0.599999999999999,2.42693221990232,4.));
#3787=CARTESIAN_POINT('Ctrl Pts',(0.399999999999999,2.28462147993488,4.));
#3788=CARTESIAN_POINT('Ctrl Pts',(0.199999999999999,2.14231073996744,4.));
#3789=CARTESIAN_POINT('Ctrl Pts',(-1.27091319924196E-15,2.,4.));
#3790=CARTESIAN_POINT('',(-0.600000000000001,2.42693221990232,4.));
#3791=CARTESIAN_POINT('Ctrl Pts',(-1.31838984174237E-15,2.,4.));
#3792=CARTESIAN_POINT('Ctrl Pts',(-0.200000000000001,2.14231073996744,4.));
#3793=CARTESIAN_POINT('Ctrl Pts',(-0.400000000000001,2.28462147993488,4.));
#3794=CARTESIAN_POINT('Ctrl Pts',(-0.600000000000001,2.42693221990232,4.));
#3795=CARTESIAN_POINT('',(-0.941104770547049,2.31610056147258,4.));
#3796=CARTESIAN_POINT('Origin',(0.,0.,4.));
#3797=CARTESIAN_POINT('',(-1.17557050458495,1.61803398874989,4.));
#3798=CARTESIAN_POINT('Ctrl Pts',(-1.17557050462317,1.6180339886361,4.));
#3799=CARTESIAN_POINT('Ctrl Pts',(-1.09741525993113,1.85072284624826,4.));
#3800=CARTESIAN_POINT('Ctrl Pts',(-1.01926001523909,2.08341170386042,4.));
#3801=CARTESIAN_POINT('Ctrl Pts',(-0.941104770547049,2.31610056147258,4.));
#3802=CARTESIAN_POINT('',(-1.91192516379699,1.61075825872161,4.));
#3803=CARTESIAN_POINT('Ctrl Pts',(-1.91192516379699,1.61075825872161,4.));
#3804=CARTESIAN_POINT('Ctrl Pts',(-1.6664736106863,1.61318350206477,4.));
#3805=CARTESIAN_POINT('Ctrl Pts',(-1.42102205757561,1.61560874540792,4.));
#3806=CARTESIAN_POINT('Ctrl Pts',(-1.17557050446492,1.61803398875108,4.));
#3807=CARTESIAN_POINT('',(-2.1227395057198,1.32059720992302,4.));
#3808=CARTESIAN_POINT('Origin',(0.,0.,4.));
#3809=CARTESIAN_POINT('',(-1.90211303259031,0.618033988749894,4.));
#3810=CARTESIAN_POINT('Ctrl Pts',(-1.90211303255434,0.618033988635371,4.));
#3811=CARTESIAN_POINT('Ctrl Pts',(-1.97565519027616,0.852221729064589,4.));
#3812=CARTESIAN_POINT('Ctrl Pts',(-2.04919734799798,1.08640946949381,4.));
#3813=CARTESIAN_POINT('Ctrl Pts',(-2.1227395057198,1.32059720992302,4.));
#3814=CARTESIAN_POINT('',(-2.49355989896973,0.179329390368841,4.));
#3815=CARTESIAN_POINT('Ctrl Pts',(-2.49355989896973,0.179329390368841,4.));
#3816=CARTESIAN_POINT('Ctrl Pts',(-2.29641094347779,0.325564256519696,4.));
#3817=CARTESIAN_POINT('Ctrl Pts',(-2.09926198798584,0.47179912267055,4.));
#3818=CARTESIAN_POINT('Ctrl Pts',(-1.9021130324939,0.618033988821405,4.));
#3819=CARTESIAN_POINT('',(-2.49355989896973,-0.179329390368843,4.));
#3820=CARTESIAN_POINT('Origin',(0.,0.,4.));
#3821=CARTESIAN_POINT('',(-1.90211303259031,-0.618033988749896,4.));
#3822=CARTESIAN_POINT('Ctrl Pts',(-1.9021130324939,-0.618033988821409,4.));
#3823=CARTESIAN_POINT('Ctrl Pts',(-2.09926198798584,-0.471799122670553,
4.));
#3824=CARTESIAN_POINT('Ctrl Pts',(-2.29641094347779,-0.325564256519698,
4.));
#3825=CARTESIAN_POINT('Ctrl Pts',(-2.49355989896973,-0.179329390368843,
4.));
#3826=CARTESIAN_POINT('',(-2.12273950571979,-1.32059720992303,4.));
#3827=CARTESIAN_POINT('Ctrl Pts',(-2.12273950571979,-1.32059720992303,4.));
#3828=CARTESIAN_POINT('Ctrl Pts',(-2.04919734799798,-1.08640946949381,4.));
#3829=CARTESIAN_POINT('Ctrl Pts',(-1.97565519027616,-0.852221729064591,
4.));
#3830=CARTESIAN_POINT('Ctrl Pts',(-1.90211303255434,-0.618033988635374,
4.));
#3831=CARTESIAN_POINT('',(-1.91192516379698,-1.61075825872161,4.));
#3832=CARTESIAN_POINT('Origin',(0.,0.,4.));
#3833=CARTESIAN_POINT('',(-1.17557050458495,-1.6180339887499,4.));
#3834=CARTESIAN_POINT('Ctrl Pts',(-1.17557050446491,-1.61803398875108,4.));
#3835=CARTESIAN_POINT('Ctrl Pts',(-1.4210220575756,-1.61560874540792,4.));
#3836=CARTESIAN_POINT('Ctrl Pts',(-1.66647361068629,-1.61318350206477,4.));
#3837=CARTESIAN_POINT('Ctrl Pts',(-1.91192516379698,-1.61075825872161,4.));
#3838=CARTESIAN_POINT('',(-0.941104770547048,-2.31610056147258,4.));
#3839=CARTESIAN_POINT('Ctrl Pts',(-0.941104770547048,-2.31610056147258,
4.));
#3840=CARTESIAN_POINT('Ctrl Pts',(-1.01926001523909,-2.08341170386042,4.));
#3841=CARTESIAN_POINT('Ctrl Pts',(-1.09741525993113,-1.85072284624826,4.));
#3842=CARTESIAN_POINT('Ctrl Pts',(-1.17557050462316,-1.61803398863611,4.));
#3843=CARTESIAN_POINT('',(-0.599999999999999,-2.42693221990232,4.));
#3844=CARTESIAN_POINT('Origin',(0.,0.,4.));
#3845=CARTESIAN_POINT('',(1.02598383941249E-15,-2.,4.));
#3846=CARTESIAN_POINT('Ctrl Pts',(9.78059939101622E-11,-1.99999999993041,
4.));
#3847=CARTESIAN_POINT('Ctrl Pts',(-0.199999999934796,-2.14231073992104,
4.));
#3848=CARTESIAN_POINT('Ctrl Pts',(-0.399999999967397,-2.28462147991168,
4.));
#3849=CARTESIAN_POINT('Ctrl Pts',(-0.599999999999999,-2.42693221990232,
4.));
#3850=CARTESIAN_POINT('',(0.600000000000001,-2.42693221990232,4.));
#3851=CARTESIAN_POINT('Ctrl Pts',(0.600000000000001,-2.42693221990232,4.));
#3852=CARTESIAN_POINT('Ctrl Pts',(0.3999999999674,-2.28462147991168,4.));
#3853=CARTESIAN_POINT('Ctrl Pts',(0.199999999934798,-2.14231073992104,4.));
#3854=CARTESIAN_POINT('Ctrl Pts',(-9.78029236633173E-11,-1.99999999993041,
4.));
#3855=CARTESIAN_POINT('',(0.941104770547049,-2.31610056147258,4.));
#3856=CARTESIAN_POINT('Origin',(0.,0.,4.));
#3857=CARTESIAN_POINT('',(1.17557050458495,-1.61803398874989,4.));
#3858=CARTESIAN_POINT('Ctrl Pts',(1.17557050462317,-1.6180339886361,4.));
#3859=CARTESIAN_POINT('Ctrl Pts',(1.09741525993113,-1.85072284624826,4.));
#3860=CARTESIAN_POINT('Ctrl Pts',(1.01926001523909,-2.08341170386042,4.));
#3861=CARTESIAN_POINT('Ctrl Pts',(0.941104770547049,-2.31610056147258,4.));
#3862=CARTESIAN_POINT('',(1.91192516379699,-1.61075825872161,4.));
#3863=CARTESIAN_POINT('Ctrl Pts',(1.91192516379699,-1.61075825872161,4.));
#3864=CARTESIAN_POINT('Ctrl Pts',(1.6664736106863,-1.61318350206477,4.));
#3865=CARTESIAN_POINT('Ctrl Pts',(1.42102205757561,-1.61560874540792,4.));
#3866=CARTESIAN_POINT('Ctrl Pts',(1.17557050446492,-1.61803398875108,4.));
#3867=CARTESIAN_POINT('',(2.1227395057198,-1.32059720992302,4.));
#3868=CARTESIAN_POINT('Origin',(0.,0.,4.));
#3869=CARTESIAN_POINT('',(1.90211303259031,-0.618033988749894,4.));
#3870=CARTESIAN_POINT('Ctrl Pts',(1.90211303255434,-0.618033988635371,4.));
#3871=CARTESIAN_POINT('Ctrl Pts',(1.97565519027616,-0.852221729064588,4.));
#3872=CARTESIAN_POINT('Ctrl Pts',(2.04919734799798,-1.08640946949381,4.));
#3873=CARTESIAN_POINT('Ctrl Pts',(2.1227395057198,-1.32059720992302,4.));
#3874=CARTESIAN_POINT('',(2.49355989896973,-0.179329390368841,4.));
#3875=CARTESIAN_POINT('Ctrl Pts',(2.49355989896973,-0.179329390368841,4.));
#3876=CARTESIAN_POINT('Ctrl Pts',(2.29641094347779,-0.325564256519696,4.));
#3877=CARTESIAN_POINT('Ctrl Pts',(2.09926198798584,-0.471799122670551,4.));
#3878=CARTESIAN_POINT('Ctrl Pts',(1.9021130324939,-0.618033988821406,4.));
#3879=CARTESIAN_POINT('',(2.49355989896973,0.179329390368842,4.));
#3880=CARTESIAN_POINT('Origin',(0.,0.,4.));
#3881=CARTESIAN_POINT('',(1.90211303259031,0.618033988749896,4.));
#3882=CARTESIAN_POINT('Ctrl Pts',(1.9021130324939,0.618033988821408,4.));
#3883=CARTESIAN_POINT('Ctrl Pts',(2.09926198798584,0.471799122670553,4.));
#3884=CARTESIAN_POINT('Ctrl Pts',(2.29641094347779,0.325564256519698,4.));
#3885=CARTESIAN_POINT('Ctrl Pts',(2.49355989896973,0.179329390368842,4.));
#3886=CARTESIAN_POINT('',(2.12273950571979,1.32059720992303,4.));
#3887=CARTESIAN_POINT('Ctrl Pts',(2.12273950571979,1.32059720992303,4.));
#3888=CARTESIAN_POINT('Ctrl Pts',(2.04919734799798,1.08640946949381,4.));
#3889=CARTESIAN_POINT('Ctrl Pts',(1.97565519027616,0.852221729064591,4.));
#3890=CARTESIAN_POINT('Ctrl Pts',(1.90211303255434,0.618033988635374,4.));
#3891=CARTESIAN_POINT('Origin',(0.,0.,4.));
#3892=CARTESIAN_POINT('',(-1.5645,-1.91595991726603E-16,4.));
#3893=CARTESIAN_POINT('Origin',(0.,0.,4.));
#3894=CARTESIAN_POINT('Origin',(0.,0.,3.45));
#3895=CARTESIAN_POINT('',(-1.29183616146112,2.14036429888498,2.9));
#3896=CARTESIAN_POINT('Origin',(0.,0.,2.9));
#3897=CARTESIAN_POINT('Ctrl Pts',(-1.29183616146112,2.14036429888498,2.9));
#3898=CARTESIAN_POINT('Ctrl Pts',(-0.731490098345881,2.4785662150923,3.26666666666667));
#3899=CARTESIAN_POINT('Ctrl Pts',(-0.0353693694004593,2.58401185258181,
3.63333333333333));
#3900=CARTESIAN_POINT('Ctrl Pts',(0.599999999999999,2.42693221990232,4.));
#3901=CARTESIAN_POINT('Origin',(2.5,0.,2.9));
#3902=CARTESIAN_POINT('',(-1.4142135623731,1.41421356237309,2.9));
#3903=CARTESIAN_POINT('Origin',(0.,0.,2.9));
#3904=CARTESIAN_POINT('Ctrl Pts',(-1.4142135623731,1.41421356237309,2.9));
#3905=CARTESIAN_POINT('Ctrl Pts',(-1.37342109540244,1.65626380787706,2.9));
#3906=CARTESIAN_POINT('Ctrl Pts',(-1.33262862843178,1.89831405338102,2.9));
#3907=CARTESIAN_POINT('Ctrl Pts',(-1.29183616146112,2.14036429888498,2.9));
#3908=CARTESIAN_POINT('Origin',(2.,0.,2.3));
#3909=CARTESIAN_POINT('Origin',(0.,0.,2.3));
#3910=CARTESIAN_POINT('Ctrl Pts',(1.90211303255434,0.618033988635373,4.));
#3911=CARTESIAN_POINT('Ctrl Pts',(1.74031211269054,1.11600601608288,3.63333333333333));
#3912=CARTESIAN_POINT('Ctrl Pts',(1.37451092462191,1.5443041784589,3.26666666666667));
#3913=CARTESIAN_POINT('Ctrl Pts',(0.907980999534642,1.78201304827033,2.9));
#3914=CARTESIAN_POINT('Ctrl Pts',(1.97565519027616,0.852221729064591,4.));
#3915=CARTESIAN_POINT('Ctrl Pts',(1.75254406333792,1.3694470483811,3.63333333333333));
#3916=CARTESIAN_POINT('Ctrl Pts',(1.31788434014086,1.79164080615289,3.26666666666667));
#3917=CARTESIAN_POINT('Ctrl Pts',(0.794387418634575,1.99961094602677,2.9));
#3918=CARTESIAN_POINT('Ctrl Pts',(2.04919734799798,1.08640946949381,4.));
#3919=CARTESIAN_POINT('Ctrl Pts',(1.7647760139853,1.62288808067932,3.63333333333333));
#3920=CARTESIAN_POINT('Ctrl Pts',(1.26125775565981,2.03897743384688,3.26666666666667));
#3921=CARTESIAN_POINT('Ctrl Pts',(0.680793837734507,2.21720884378321,2.9));
#3922=CARTESIAN_POINT('Ctrl Pts',(2.1227395057198,1.32059720992303,4.));
#3923=CARTESIAN_POINT('Ctrl Pts',(1.77700796463268,1.87632911297754,3.63333333333333));
#3924=CARTESIAN_POINT('Ctrl Pts',(1.20463117117876,2.28631406154088,3.26666666666667));
#3925=CARTESIAN_POINT('Ctrl Pts',(0.567200256834439,2.43480674153965,2.9));
#3926=CARTESIAN_POINT('',(0.907980999479093,1.78201304837674,2.9));
#3927=CARTESIAN_POINT('Ctrl Pts',(1.90211303255434,0.618033988635373,4.));
#3928=CARTESIAN_POINT('Ctrl Pts',(1.74031211269054,1.11600601608288,3.63333333333333));
#3929=CARTESIAN_POINT('Ctrl Pts',(1.37451092462191,1.5443041784589,3.26666666666667));
#3930=CARTESIAN_POINT('Ctrl Pts',(0.907980999534642,1.78201304827033,2.9));
#3931=CARTESIAN_POINT('',(0.56720025683444,2.43480674153965,2.9));
#3932=CARTESIAN_POINT('Ctrl Pts',(0.907980999534642,1.78201304827033,2.9));
#3933=CARTESIAN_POINT('Ctrl Pts',(0.794387418634574,1.99961094602677,2.9));
#3934=CARTESIAN_POINT('Ctrl Pts',(0.680793837734508,2.21720884378321,2.9));
#3935=CARTESIAN_POINT('Ctrl Pts',(0.56720025683444,2.43480674153965,2.9));
#3936=CARTESIAN_POINT('Ctrl Pts',(2.1227395057198,1.32059720992303,4.));
#3937=CARTESIAN_POINT('Ctrl Pts',(1.77700796463268,1.87632911297754,3.63333333333333));
#3938=CARTESIAN_POINT('Ctrl Pts',(1.20463117117876,2.28631406154088,3.26666666666667));
#3939=CARTESIAN_POINT('Ctrl Pts',(0.567200256834439,2.43480674153965,2.9));
#3940=CARTESIAN_POINT('Ctrl Pts',(2.49355989896973,0.179329390368842,4.));
#3941=CARTESIAN_POINT('Ctrl Pts',(2.44661157435677,0.832141845359627,3.63333333333333));
#3942=CARTESIAN_POINT('Ctrl Pts',(2.13121367832667,1.46160750678435,3.26666666666667));
#3943=CARTESIAN_POINT('Ctrl Pts',(1.63640808586048,1.8900181418522,2.9));
#3944=CARTESIAN_POINT('Ctrl Pts',(2.29641094347779,0.325564256519697,4.));
#3945=CARTESIAN_POINT('Ctrl Pts',(2.21117842043164,0.92676323565745,3.63333333333333));
#3946=CARTESIAN_POINT('Ctrl Pts',(1.87897942704141,1.48917306405401,3.26666666666667));
#3947=CARTESIAN_POINT('Ctrl Pts',(1.39359905702711,1.85401644402118,2.9));
#3948=CARTESIAN_POINT('Ctrl Pts',(2.09926198798584,0.471799122670552,4.));
#3949=CARTESIAN_POINT('Ctrl Pts',(1.97574526650652,1.02138462595527,3.63333333333333));
#3950=CARTESIAN_POINT('Ctrl Pts',(1.62674517575614,1.51673862132367,3.26666666666667));
#3951=CARTESIAN_POINT('Ctrl Pts',(1.15079002819373,1.81801474619015,2.9));
#3952=CARTESIAN_POINT('Ctrl Pts',(1.9021130324939,0.618033988821408,4.));
#3953=CARTESIAN_POINT('Ctrl Pts',(1.74031211258139,1.11600601625309,3.63333333333333));
#3954=CARTESIAN_POINT('Ctrl Pts',(1.37451092447087,1.54430417859333,3.26666666666667));
#3955=CARTESIAN_POINT('Ctrl Pts',(0.907980999360353,1.78201304835913,2.9));
#3956=CARTESIAN_POINT('',(1.63640808586048,1.8900181418522,2.9));
#3957=CARTESIAN_POINT('Ctrl Pts',(1.63640808586048,1.8900181418522,2.9));
#3958=CARTESIAN_POINT('Ctrl Pts',(2.13121367832667,1.46160750678435,3.26666666666667));
#3959=CARTESIAN_POINT('Ctrl Pts',(2.44661157435677,0.832141845359627,3.63333333333333));
#3960=CARTESIAN_POINT('Ctrl Pts',(2.49355989896973,0.179329390368842,4.));
#3961=CARTESIAN_POINT('Ctrl Pts',(1.63640808586048,1.8900181418522,2.9));
#3962=CARTESIAN_POINT('Ctrl Pts',(1.39359905702711,1.85401644402117,2.9));
#3963=CARTESIAN_POINT('Ctrl Pts',(1.15079002819373,1.81801474619015,2.9));
#3964=CARTESIAN_POINT('Ctrl Pts',(0.907980999360353,1.78201304835913,2.9));
#3965=CARTESIAN_POINT('Origin',(0.,0.,3.45));
#3966=CARTESIAN_POINT('Origin',(0.,0.,2.9));
#3967=CARTESIAN_POINT('Origin',(2.5,0.,2.9));
#3968=CARTESIAN_POINT('Origin',(0.,0.,2.9));
#3969=CARTESIAN_POINT('Ctrl Pts',(1.9021130324939,-0.618033988821406,4.));
#3970=CARTESIAN_POINT('Ctrl Pts',(2.06391395240641,-0.12006196138972,3.63333333333333));
#3971=CARTESIAN_POINT('Ctrl Pts',(2.01972191812493,0.44145107424984,3.26666666666667));
#3972=CARTESIAN_POINT('Ctrl Pts',(1.78201304835913,0.907980999360357,2.9));
#3973=CARTESIAN_POINT('Ctrl Pts',(2.09926198798584,-0.471799122670551,4.));
#3974=CARTESIAN_POINT('Ctrl Pts',(2.22277870946517,0.0777863806141686,3.63333333333333));
#3975=CARTESIAN_POINT('Ctrl Pts',(2.11929087105664,0.674834880631325,3.26666666666667));
#3976=CARTESIAN_POINT('Ctrl Pts',(1.81801474619015,1.15079002819373,2.9));
#3977=CARTESIAN_POINT('Ctrl Pts',(2.29641094347779,-0.325564256519696,4.));
#3978=CARTESIAN_POINT('Ctrl Pts',(2.38164346652393,0.275634722618056,3.63333333333333));
#3979=CARTESIAN_POINT('Ctrl Pts',(2.21885982398834,0.908218687012808,3.26666666666667));
#3980=CARTESIAN_POINT('Ctrl Pts',(1.85401644402117,1.39359905702711,2.9));
#3981=CARTESIAN_POINT('Ctrl Pts',(2.49355989896973,-0.179329390368841,4.));
#3982=CARTESIAN_POINT('Ctrl Pts',(2.54050822358269,0.473483064621944,3.63333333333333));
#3983=CARTESIAN_POINT('Ctrl Pts',(2.31842877692005,1.14160249339429,3.26666666666667));
#3984=CARTESIAN_POINT('Ctrl Pts',(1.8900181418522,1.63640808586048,2.9));
#3985=CARTESIAN_POINT('',(1.78201304837674,0.907980999479095,2.9));
#3986=CARTESIAN_POINT('Ctrl Pts',(1.9021130324939,-0.618033988821406,4.));
#3987=CARTESIAN_POINT('Ctrl Pts',(2.06391395240641,-0.12006196138972,3.63333333333333));
#3988=CARTESIAN_POINT('Ctrl Pts',(2.01972191812493,0.44145107424984,3.26666666666667));
#3989=CARTESIAN_POINT('Ctrl Pts',(1.78201304835913,0.907980999360357,2.9));
#3990=CARTESIAN_POINT('',(1.8900181418522,1.63640808586048,2.9));
#3991=CARTESIAN_POINT('Ctrl Pts',(1.78201304835913,0.907980999360357,2.9));
#3992=CARTESIAN_POINT('Ctrl Pts',(1.81801474619015,1.15079002819373,2.9));
#3993=CARTESIAN_POINT('Ctrl Pts',(1.85401644402117,1.39359905702711,2.9));
#3994=CARTESIAN_POINT('Ctrl Pts',(1.8900181418522,1.63640808586048,2.9));
#3995=CARTESIAN_POINT('Ctrl Pts',(2.49355989896973,-0.179329390368841,4.));
#3996=CARTESIAN_POINT('Ctrl Pts',(2.54050822358269,0.473483064621944,3.63333333333333));
#3997=CARTESIAN_POINT('Ctrl Pts',(2.31842877692005,1.14160249339429,3.26666666666667));
#3998=CARTESIAN_POINT('Ctrl Pts',(1.8900181418522,1.63640808586048,2.9));
#3999=CARTESIAN_POINT('Ctrl Pts',(2.1227395057198,-1.32059720992303,4.));
#4000=CARTESIAN_POINT('Ctrl Pts',(2.46847104680691,-0.764865306868514,3.63333333333333));
#4001=CARTESIAN_POINT('Ctrl Pts',(2.58329942153843,-0.0702306575098809,
3.26666666666667));
#4002=CARTESIAN_POINT('Ctrl Pts',(2.43480674153965,0.567200256834443,2.9));
#4003=CARTESIAN_POINT('Ctrl Pts',(2.04919734799798,-1.08640946949381,4.));
#4004=CARTESIAN_POINT('Ctrl Pts',(2.33361868201066,-0.549930858308296,3.63333333333333));
#4005=CARTESIAN_POINT('Ctrl Pts',(2.39544025371954,0.100329919809206,3.26666666666667));
#4006=CARTESIAN_POINT('Ctrl Pts',(2.21720884378321,0.68079383773451,2.9));
#4007=CARTESIAN_POINT('Ctrl Pts',(1.97565519027616,-0.852221729064589,4.));
#4008=CARTESIAN_POINT('Ctrl Pts',(2.1987663172144,-0.334996409748078,3.63333333333333));
#4009=CARTESIAN_POINT('Ctrl Pts',(2.20758108590065,0.270890497128292,3.26666666666667));
#4010=CARTESIAN_POINT('Ctrl Pts',(1.99961094602677,0.794387418634578,2.9));
#4011=CARTESIAN_POINT('Ctrl Pts',(1.90211303255434,-0.618033988635371,4.));
#4012=CARTESIAN_POINT('Ctrl Pts',(2.06391395241815,-0.12006196118786,3.63333333333333));
#4013=CARTESIAN_POINT('Ctrl Pts',(2.01972191808176,0.441451074447378,3.26666666666667));
#4014=CARTESIAN_POINT('Ctrl Pts',(1.78201304827033,0.907980999534645,2.9));
#4015=CARTESIAN_POINT('',(2.43480674153965,0.567200256834442,2.9));
#4016=CARTESIAN_POINT('Ctrl Pts',(2.43480674153965,0.567200256834443,2.9));
#4017=CARTESIAN_POINT('Ctrl Pts',(2.58329942153843,-0.0702306575098809,
3.26666666666667));
#4018=CARTESIAN_POINT('Ctrl Pts',(2.46847104680691,-0.764865306868514,3.63333333333333));
#4019=CARTESIAN_POINT('Ctrl Pts',(2.1227395057198,-1.32059720992303,4.));
#4020=CARTESIAN_POINT('Ctrl Pts',(2.43480674153965,0.567200256834442,2.9));
#4021=CARTESIAN_POINT('Ctrl Pts',(2.21720884378321,0.68079383773451,2.9));
#4022=CARTESIAN_POINT('Ctrl Pts',(1.99961094602677,0.794387418634578,2.9));
#4023=CARTESIAN_POINT('Ctrl Pts',(1.78201304827033,0.907980999534645,2.9));
#4024=CARTESIAN_POINT('Origin',(0.,0.,3.45));
#4025=CARTESIAN_POINT('Origin',(0.,0.,2.9));
#4026=CARTESIAN_POINT('Origin',(2.5,0.,2.9));
#4027=CARTESIAN_POINT('Origin',(0.,0.,2.9));
#4028=CARTESIAN_POINT('Ctrl Pts',(1.17557050446492,-1.61803398875108,4.));
#4029=CARTESIAN_POINT('Ctrl Pts',(1.59917081215817,-1.31027035036743,3.63333333333333));
#4030=CARTESIAN_POINT('Ctrl Pts',(1.89346778672736,-0.830021335952503,3.26666666666667));
#4031=CARTESIAN_POINT('Ctrl Pts',(1.97537668110624,-0.312868930166173,2.9));
#4032=CARTESIAN_POINT('Ctrl Pts',(1.42102205757561,-1.61560874540792,4.));
#4033=CARTESIAN_POINT('Ctrl Pts',(1.84398743804635,-1.24358604068554,3.63333333333333));
#4034=CARTESIAN_POINT('Ctrl Pts',(2.11120032127615,-0.699735032497429,3.26666666666667));
#4035=CARTESIAN_POINT('Ctrl Pts',(2.14722223274961,-0.13759356649486,2.9));
#4036=CARTESIAN_POINT('Ctrl Pts',(1.6664736106863,-1.61318350206477,4.));
#4037=CARTESIAN_POINT('Ctrl Pts',(2.08880406393454,-1.17690173100366,3.63333333333333));
#4038=CARTESIAN_POINT('Ctrl Pts',(2.32893285582494,-0.569448729042359,3.26666666666667));
#4039=CARTESIAN_POINT('Ctrl Pts',(2.31906778439297,0.0376817971764525,2.9));
#4040=CARTESIAN_POINT('Ctrl Pts',(1.91192516379699,-1.61075825872161,4.));
#4041=CARTESIAN_POINT('Ctrl Pts',(2.33362068982273,-1.11021742132177,3.63333333333333));
#4042=CARTESIAN_POINT('Ctrl Pts',(2.54666539037373,-0.439162425587285,3.26666666666667));
#4043=CARTESIAN_POINT('Ctrl Pts',(2.49091333603634,0.212957160847765,2.9));
#4044=CARTESIAN_POINT('',(1.97537668119028,-0.312868930080461,2.9));
#4045=CARTESIAN_POINT('Ctrl Pts',(1.17557050446492,-1.61803398875108,4.));
#4046=CARTESIAN_POINT('Ctrl Pts',(1.59917081215817,-1.31027035036743,3.63333333333333));
#4047=CARTESIAN_POINT('Ctrl Pts',(1.89346778672736,-0.830021335952503,3.26666666666667));
#4048=CARTESIAN_POINT('Ctrl Pts',(1.97537668110624,-0.312868930166173,2.9));
#4049=CARTESIAN_POINT('',(2.49091333603634,0.212957160847765,2.9));
#4050=CARTESIAN_POINT('Ctrl Pts',(1.97537668110624,-0.312868930166173,2.9));
#4051=CARTESIAN_POINT('Ctrl Pts',(2.14722223274961,-0.137593566494861,2.9));
#4052=CARTESIAN_POINT('Ctrl Pts',(2.31906778439297,0.037681797176452,2.9));
#4053=CARTESIAN_POINT('Ctrl Pts',(2.49091333603634,0.212957160847765,2.9));
#4054=CARTESIAN_POINT('Ctrl Pts',(1.91192516379699,-1.61075825872161,4.));
#4055=CARTESIAN_POINT('Ctrl Pts',(2.33362068982273,-1.11021742132177,3.63333333333333));
#4056=CARTESIAN_POINT('Ctrl Pts',(2.54666539037373,-0.439162425587285,3.26666666666667));
#4057=CARTESIAN_POINT('Ctrl Pts',(2.49091333603634,0.212957160847765,2.9));
#4058=CARTESIAN_POINT('Ctrl Pts',(0.941104770547049,-2.31610056147258,4.));
#4059=CARTESIAN_POINT('Ctrl Pts',(1.54745847962184,-2.0697199086885,3.63333333333333));
#4060=CARTESIAN_POINT('Ctrl Pts',(2.04865258884045,-1.57524309768759,3.26666666666667));
#4061=CARTESIAN_POINT('Ctrl Pts',(2.30319197798806,-0.972268847866399,2.9));
#4062=CARTESIAN_POINT('Ctrl Pts',(1.01926001523909,-2.08341170386042,4.));
#4063=CARTESIAN_POINT('Ctrl Pts',(1.56469592384333,-1.81657005586267,3.63333333333333));
#4064=CARTESIAN_POINT('Ctrl Pts',(1.99692432149648,-1.32683584371416,3.26666666666667));
#4065=CARTESIAN_POINT('Ctrl Pts',(2.19392021237099,-0.752468875235257,2.9));
#4066=CARTESIAN_POINT('Ctrl Pts',(1.09741525993113,-1.85072284624826,4.));
#4067=CARTESIAN_POINT('Ctrl Pts',(1.58193336806482,-1.56342020303685,3.63333333333333));
#4068=CARTESIAN_POINT('Ctrl Pts',(1.94519605415251,-1.07842858974074,3.26666666666667));
#4069=CARTESIAN_POINT('Ctrl Pts',(2.08464844675391,-0.532668902604114,2.9));
#4070=CARTESIAN_POINT('Ctrl Pts',(1.17557050462317,-1.6180339886361,4.));
#4071=CARTESIAN_POINT('Ctrl Pts',(1.59917081228632,-1.31027035021102,3.63333333333333));
#4072=CARTESIAN_POINT('Ctrl Pts',(1.89346778680854,-0.830021335767313,3.26666666666667));
#4073=CARTESIAN_POINT('Ctrl Pts',(1.97537668113684,-0.312868929972972,2.9));
#4074=CARTESIAN_POINT('',(2.30319197798806,-0.972268847866401,2.9));
#4075=CARTESIAN_POINT('Ctrl Pts',(2.30319197798806,-0.972268847866399,2.9));
#4076=CARTESIAN_POINT('Ctrl Pts',(2.04865258884045,-1.57524309768759,3.26666666666667));
#4077=CARTESIAN_POINT('Ctrl Pts',(1.54745847962184,-2.0697199086885,3.63333333333333));
#4078=CARTESIAN_POINT('Ctrl Pts',(0.941104770547049,-2.31610056147258,4.));
#4079=CARTESIAN_POINT('Ctrl Pts',(2.30319197798806,-0.972268847866401,2.9));
#4080=CARTESIAN_POINT('Ctrl Pts',(2.19392021237099,-0.752468875235259,2.9));
#4081=CARTESIAN_POINT('Ctrl Pts',(2.08464844675391,-0.532668902604115,2.9));
#4082=CARTESIAN_POINT('Ctrl Pts',(1.97537668113684,-0.312868929972973,2.9));
#4083=CARTESIAN_POINT('Origin',(0.,0.,3.45));
#4084=CARTESIAN_POINT('Origin',(0.,0.,2.9));
#4085=CARTESIAN_POINT('Origin',(2.5,0.,2.9));
#4086=CARTESIAN_POINT('Origin',(0.,0.,2.9));
#4087=CARTESIAN_POINT('Ctrl Pts',(-9.78036267805049E-11,-1.99999999993041,
4.));
#4088=CARTESIAN_POINT('Ctrl Pts',(0.523598775482276,-1.99999999995601,3.63333333333333));
#4089=CARTESIAN_POINT('Ctrl Pts',(1.04397331740298,-1.78445380720858,3.26666666666667));
#4090=CARTESIAN_POINT('Ctrl Pts',(1.41421356225473,-1.41421356239304,2.9));
#4091=CARTESIAN_POINT('Ctrl Pts',(0.199999999934798,-2.14231073992104,4.));
#4092=CARTESIAN_POINT('Ctrl Pts',(0.76085564012167,-2.08995086237828,3.63333333333333));
#4093=CARTESIAN_POINT('Ctrl Pts',(1.29670300582787,-1.80702994633118,3.26666666666667));
#4094=CARTESIAN_POINT('Ctrl Pts',(1.65626380779815,-1.37342109541574,2.9));
#4095=CARTESIAN_POINT('Ctrl Pts',(0.399999999967399,-2.28462147991168,4.));
#4096=CARTESIAN_POINT('Ctrl Pts',(0.998112504761065,-2.17990172480056,3.63333333333333));
#4097=CARTESIAN_POINT('Ctrl Pts',(1.54943269425276,-1.82960608545377,3.26666666666667));
#4098=CARTESIAN_POINT('Ctrl Pts',(1.89831405334156,-1.33262862843843,2.9));
#4099=CARTESIAN_POINT('Ctrl Pts',(0.6,-2.42693221990232,4.));
#4100=CARTESIAN_POINT('Ctrl Pts',(1.23536936940046,-2.26985258722283,3.63333333333333));
#4101=CARTESIAN_POINT('Ctrl Pts',(1.80216238267766,-1.85218222457637,3.26666666666667));
#4102=CARTESIAN_POINT('Ctrl Pts',(2.14036429888498,-1.29183616146112,2.9));
#4103=CARTESIAN_POINT('',(1.4142135623731,-1.41421356237309,2.9));
#4104=CARTESIAN_POINT('Ctrl Pts',(-9.78036267805049E-11,-1.99999999993041,
4.));
#4105=CARTESIAN_POINT('Ctrl Pts',(0.523598775482276,-1.99999999995601,3.63333333333333));
#4106=CARTESIAN_POINT('Ctrl Pts',(1.04397331740298,-1.78445380720858,3.26666666666667));
#4107=CARTESIAN_POINT('Ctrl Pts',(1.41421356225473,-1.41421356239304,2.9));
#4108=CARTESIAN_POINT('',(2.14036429888498,-1.29183616146112,2.9));
#4109=CARTESIAN_POINT('Ctrl Pts',(1.41421356225473,-1.41421356239304,2.9));
#4110=CARTESIAN_POINT('Ctrl Pts',(1.65626380779815,-1.37342109541574,2.9));
#4111=CARTESIAN_POINT('Ctrl Pts',(1.89831405334156,-1.33262862843843,2.9));
#4112=CARTESIAN_POINT('Ctrl Pts',(2.14036429888498,-1.29183616146112,2.9));
#4113=CARTESIAN_POINT('Ctrl Pts',(0.6,-2.42693221990232,4.));
#4114=CARTESIAN_POINT('Ctrl Pts',(1.23536936940046,-2.26985258722283,3.63333333333333));
#4115=CARTESIAN_POINT('Ctrl Pts',(1.80216238267766,-1.85218222457637,3.26666666666667));
#4116=CARTESIAN_POINT('Ctrl Pts',(2.14036429888498,-1.29183616146112,2.9));
#4117=CARTESIAN_POINT('Ctrl Pts',(-0.6,-2.42693221990232,4.));
#4118=CARTESIAN_POINT('Ctrl Pts',(0.0353693694004587,-2.58401185258181,
3.63333333333333));
#4119=CARTESIAN_POINT('Ctrl Pts',(0.731490098345881,-2.4785662150923,3.26666666666667));
#4120=CARTESIAN_POINT('Ctrl Pts',(1.29183616146112,-2.14036429888498,2.9));
#4121=CARTESIAN_POINT('Ctrl Pts',(-0.399999999967398,-2.28462147991168,
4.));
#4122=CARTESIAN_POINT('Ctrl Pts',(0.198112504826268,-2.38934123502281,3.63333333333333));
#4123=CARTESIAN_POINT('Ctrl Pts',(0.835651171423088,-2.24719541243036,3.26666666666667));
#4124=CARTESIAN_POINT('Ctrl Pts',(1.33262862843843,-1.89831405334156,2.9));
#4125=CARTESIAN_POINT('Ctrl Pts',(-0.199999999934796,-2.14231073992104,
4.));
#4126=CARTESIAN_POINT('Ctrl Pts',(0.360855640252076,-2.1946706174638,3.63333333333333));
#4127=CARTESIAN_POINT('Ctrl Pts',(0.939812244500296,-2.01582460976842,3.26666666666667));
#4128=CARTESIAN_POINT('Ctrl Pts',(1.37342109541574,-1.65626380779814,2.9));
#4129=CARTESIAN_POINT('Ctrl Pts',(9.78053478884954E-11,-1.99999999993041,
4.));
#4130=CARTESIAN_POINT('Ctrl Pts',(0.523598775677885,-1.9999999999048,3.63333333333333));
#4131=CARTESIAN_POINT('Ctrl Pts',(1.0439733175775,-1.78445380710648,3.26666666666667));
#4132=CARTESIAN_POINT('Ctrl Pts',(1.41421356239305,-1.41421356225473,2.9));
#4133=CARTESIAN_POINT('',(1.29183616146112,-2.14036429888498,2.9));
#4134=CARTESIAN_POINT('Ctrl Pts',(1.29183616146112,-2.14036429888498,2.9));
#4135=CARTESIAN_POINT('Ctrl Pts',(0.731490098345881,-2.4785662150923,3.26666666666667));
#4136=CARTESIAN_POINT('Ctrl Pts',(0.0353693694004587,-2.58401185258181,
3.63333333333333));
#4137=CARTESIAN_POINT('Ctrl Pts',(-0.6,-2.42693221990232,4.));
#4138=CARTESIAN_POINT('Ctrl Pts',(1.29183616146112,-2.14036429888498,2.9));
#4139=CARTESIAN_POINT('Ctrl Pts',(1.33262862843843,-1.89831405334156,2.9));
#4140=CARTESIAN_POINT('Ctrl Pts',(1.37342109541574,-1.65626380779814,2.9));
#4141=CARTESIAN_POINT('Ctrl Pts',(1.41421356239304,-1.41421356225473,2.9));
#4142=CARTESIAN_POINT('Origin',(0.,0.,3.45));
#4143=CARTESIAN_POINT('Origin',(0.,0.,2.9));
#4144=CARTESIAN_POINT('Origin',(2.5,0.,2.9));
#4145=CARTESIAN_POINT('Origin',(0.,0.,2.9));
#4146=CARTESIAN_POINT('Ctrl Pts',(-1.17557050462317,-1.61803398863611,4.));
#4147=CARTESIAN_POINT('Ctrl Pts',(-0.751970196960016,-1.92579762706119,
3.63333333333333));
#4148=CARTESIAN_POINT('Ctrl Pts',(-0.204283475821364,-2.05728557546514,
3.26666666666667));
#4149=CARTESIAN_POINT('Ctrl Pts',(0.312868929972977,-1.97537668113684,2.9));
#4150=CARTESIAN_POINT('Ctrl Pts',(-1.09741525993113,-1.85072284624826,4.));
#4151=CARTESIAN_POINT('Ctrl Pts',(-0.612897151797431,-2.13802548945968,
3.63333333333333));
#4152=CARTESIAN_POINT('Ctrl Pts',(-0.013090784532503,-2.22410083935531,
3.26666666666667));
#4153=CARTESIAN_POINT('Ctrl Pts',(0.532668902604119,-2.08464844675391,2.9));
#4154=CARTESIAN_POINT('Ctrl Pts',(-1.01926001523909,-2.08341170386042,4.));
#4155=CARTESIAN_POINT('Ctrl Pts',(-0.473824106634845,-2.35025335185817,
3.63333333333333));
#4156=CARTESIAN_POINT('Ctrl Pts',(0.178101906756357,-2.39091610324549,3.26666666666667));
#4157=CARTESIAN_POINT('Ctrl Pts',(0.752468875235262,-2.19392021237098,2.9));
#4158=CARTESIAN_POINT('Ctrl Pts',(-0.941104770547048,-2.31610056147258,
4.));
#4159=CARTESIAN_POINT('Ctrl Pts',(-0.33475106147226,-2.56248121425665,3.63333333333333));
#4160=CARTESIAN_POINT('Ctrl Pts',(0.369294598045218,-2.55773136713567,3.26666666666667));
#4161=CARTESIAN_POINT('Ctrl Pts',(0.972268847866404,-2.30319197798806,2.9));
#4162=CARTESIAN_POINT('',(0.312868930080463,-1.97537668119028,2.9));
#4163=CARTESIAN_POINT('Ctrl Pts',(-1.17557050462317,-1.61803398863611,4.));
#4164=CARTESIAN_POINT('Ctrl Pts',(-0.751970196960016,-1.92579762706119,
3.63333333333333));
#4165=CARTESIAN_POINT('Ctrl Pts',(-0.204283475821364,-2.05728557546514,
3.26666666666667));
#4166=CARTESIAN_POINT('Ctrl Pts',(0.312868929972977,-1.97537668113684,2.9));
#4167=CARTESIAN_POINT('',(0.972268847866403,-2.30319197798806,2.9));
#4168=CARTESIAN_POINT('Ctrl Pts',(0.312868929972977,-1.97537668113684,2.9));
#4169=CARTESIAN_POINT('Ctrl Pts',(0.532668902604119,-2.08464844675391,2.9));
#4170=CARTESIAN_POINT('Ctrl Pts',(0.752468875235261,-2.19392021237099,2.9));
#4171=CARTESIAN_POINT('Ctrl Pts',(0.972268847866403,-2.30319197798806,2.9));
#4172=CARTESIAN_POINT('Ctrl Pts',(-0.941104770547048,-2.31610056147258,
4.));
#4173=CARTESIAN_POINT('Ctrl Pts',(-0.33475106147226,-2.56248121425665,3.63333333333333));
#4174=CARTESIAN_POINT('Ctrl Pts',(0.369294598045218,-2.55773136713567,3.26666666666667));
#4175=CARTESIAN_POINT('Ctrl Pts',(0.972268847866404,-2.30319197798806,2.9));
#4176=CARTESIAN_POINT('Ctrl Pts',(-1.91192516379698,-1.61075825872161,4.));
#4177=CARTESIAN_POINT('Ctrl Pts',(-1.49022963777124,-2.11129909612145,3.63333333333333));
#4178=CARTESIAN_POINT('Ctrl Pts',(-0.865076747282811,-2.43516128169895,
3.26666666666667));
#4179=CARTESIAN_POINT('Ctrl Pts',(-0.212957160847761,-2.49091333603633,
2.9));
#4180=CARTESIAN_POINT('Ctrl Pts',(-1.66647361068629,-1.61318350206477,4.));
#4181=CARTESIAN_POINT('Ctrl Pts',(-1.24414315743805,-2.04946527312588,3.63333333333333));
#4182=CARTESIAN_POINT('Ctrl Pts',(-0.644812323395258,-2.309202712961,3.26666666666667));
#4183=CARTESIAN_POINT('Ctrl Pts',(-0.0376817971764485,-2.31906778439297,
2.9));
#4184=CARTESIAN_POINT('Ctrl Pts',(-1.4210220575756,-1.61560874540792,4.));
#4185=CARTESIAN_POINT('Ctrl Pts',(-0.998056677104858,-1.98763145013031,
3.63333333333333));
#4186=CARTESIAN_POINT('Ctrl Pts',(-0.424547899507706,-2.18324414422306,
3.26666666666667));
#4187=CARTESIAN_POINT('Ctrl Pts',(0.137593566494864,-2.1472222327496,2.9));
#4188=CARTESIAN_POINT('Ctrl Pts',(-1.17557050446491,-1.61803398875108,4.));
#4189=CARTESIAN_POINT('Ctrl Pts',(-0.751970196771665,-1.92579762713473,
3.63333333333333));
#4190=CARTESIAN_POINT('Ctrl Pts',(-0.204283475620152,-2.05728557548512,
3.26666666666667));
#4191=CARTESIAN_POINT('Ctrl Pts',(0.312868930166177,-1.97537668110624,2.9));
#4192=CARTESIAN_POINT('',(-0.212957160847762,-2.49091333603633,2.9));
#4193=CARTESIAN_POINT('Ctrl Pts',(-0.212957160847761,-2.49091333603633,
2.9));
#4194=CARTESIAN_POINT('Ctrl Pts',(-0.865076747282811,-2.43516128169895,
3.26666666666667));
#4195=CARTESIAN_POINT('Ctrl Pts',(-1.49022963777124,-2.11129909612145,3.63333333333333));
#4196=CARTESIAN_POINT('Ctrl Pts',(-1.91192516379698,-1.61075825872161,4.));
#4197=CARTESIAN_POINT('Ctrl Pts',(-0.212957160847762,-2.49091333603633,
2.9));
#4198=CARTESIAN_POINT('Ctrl Pts',(-0.0376817971764497,-2.31906778439297,
2.9));
#4199=CARTESIAN_POINT('Ctrl Pts',(0.137593566494864,-2.1472222327496,2.9));
#4200=CARTESIAN_POINT('Ctrl Pts',(0.312868930166177,-1.97537668110624,2.9));
#4201=CARTESIAN_POINT('Origin',(0.,0.,3.45));
#4202=CARTESIAN_POINT('Origin',(0.,0.,2.9));
#4203=CARTESIAN_POINT('Origin',(2.5,0.,2.9));
#4204=CARTESIAN_POINT('Origin',(0.,0.,2.9));
#4205=CARTESIAN_POINT('Ctrl Pts',(-1.90211303255434,-0.618033988635373,
4.));
#4206=CARTESIAN_POINT('Ctrl Pts',(-1.74031211269054,-1.11600601608288,3.63333333333333));
#4207=CARTESIAN_POINT('Ctrl Pts',(-1.37451092462191,-1.5443041784589,3.26666666666667));
#4208=CARTESIAN_POINT('Ctrl Pts',(-0.907980999534642,-1.78201304827033,
2.9));
#4209=CARTESIAN_POINT('Ctrl Pts',(-1.97565519027616,-0.852221729064591,
4.));
#4210=CARTESIAN_POINT('Ctrl Pts',(-1.75254406333792,-1.3694470483811,3.63333333333333));
#4211=CARTESIAN_POINT('Ctrl Pts',(-1.31788434014086,-1.79164080615289,3.26666666666667));
#4212=CARTESIAN_POINT('Ctrl Pts',(-0.794387418634574,-1.99961094602677,
2.9));
#4213=CARTESIAN_POINT('Ctrl Pts',(-2.04919734799798,-1.08640946949381,4.));
#4214=CARTESIAN_POINT('Ctrl Pts',(-1.7647760139853,-1.62288808067932,3.63333333333333));
#4215=CARTESIAN_POINT('Ctrl Pts',(-1.26125775565981,-2.03897743384688,3.26666666666667));
#4216=CARTESIAN_POINT('Ctrl Pts',(-0.680793837734507,-2.21720884378321,
2.9));
#4217=CARTESIAN_POINT('Ctrl Pts',(-2.1227395057198,-1.32059720992303,4.));
#4218=CARTESIAN_POINT('Ctrl Pts',(-1.77700796463268,-1.87632911297754,3.63333333333333));
#4219=CARTESIAN_POINT('Ctrl Pts',(-1.20463117117876,-2.28631406154088,3.26666666666667));
#4220=CARTESIAN_POINT('Ctrl Pts',(-0.567200256834439,-2.43480674153965,
2.9));
#4221=CARTESIAN_POINT('',(-0.907980999479093,-1.78201304837674,2.9));
#4222=CARTESIAN_POINT('Ctrl Pts',(-1.90211303255434,-0.618033988635373,
4.));
#4223=CARTESIAN_POINT('Ctrl Pts',(-1.74031211269054,-1.11600601608288,3.63333333333333));
#4224=CARTESIAN_POINT('Ctrl Pts',(-1.37451092462191,-1.5443041784589,3.26666666666667));
#4225=CARTESIAN_POINT('Ctrl Pts',(-0.907980999534642,-1.78201304827033,
2.9));
#4226=CARTESIAN_POINT('',(-0.56720025683444,-2.43480674153965,2.9));
#4227=CARTESIAN_POINT('Ctrl Pts',(-0.907980999534642,-1.78201304827033,
2.9));
#4228=CARTESIAN_POINT('Ctrl Pts',(-0.794387418634575,-1.99961094602677,
2.9));
#4229=CARTESIAN_POINT('Ctrl Pts',(-0.680793837734507,-2.21720884378321,
2.9));
#4230=CARTESIAN_POINT('Ctrl Pts',(-0.56720025683444,-2.43480674153965,2.9));
#4231=CARTESIAN_POINT('Ctrl Pts',(-2.1227395057198,-1.32059720992303,4.));
#4232=CARTESIAN_POINT('Ctrl Pts',(-1.77700796463268,-1.87632911297754,3.63333333333333));
#4233=CARTESIAN_POINT('Ctrl Pts',(-1.20463117117876,-2.28631406154088,3.26666666666667));
#4234=CARTESIAN_POINT('Ctrl Pts',(-0.567200256834439,-2.43480674153965,
2.9));
#4235=CARTESIAN_POINT('Ctrl Pts',(-2.49355989896973,-0.179329390368842,
4.));
#4236=CARTESIAN_POINT('Ctrl Pts',(-2.44661157435678,-0.832141845359627,
3.63333333333333));
#4237=CARTESIAN_POINT('Ctrl Pts',(-2.13121367832667,-1.46160750678435,3.26666666666667));
#4238=CARTESIAN_POINT('Ctrl Pts',(-1.63640808586048,-1.8900181418522,2.9));
#4239=CARTESIAN_POINT('Ctrl Pts',(-2.29641094347779,-0.325564256519697,
4.));
#4240=CARTESIAN_POINT('Ctrl Pts',(-2.21117842043165,-0.926763235657448,
3.63333333333333));
#4241=CARTESIAN_POINT('Ctrl Pts',(-1.8789794270414,-1.48917306405401,3.26666666666667));
#4242=CARTESIAN_POINT('Ctrl Pts',(-1.39359905702711,-1.85401644402118,2.9));
#4243=CARTESIAN_POINT('Ctrl Pts',(-2.09926198798584,-0.471799122670552,
4.));
#4244=CARTESIAN_POINT('Ctrl Pts',(-1.97574526650652,-1.02138462595527,3.63333333333333));
#4245=CARTESIAN_POINT('Ctrl Pts',(-1.62674517575614,-1.51673862132367,3.26666666666667));
#4246=CARTESIAN_POINT('Ctrl Pts',(-1.15079002819373,-1.81801474619015,2.9));
#4247=CARTESIAN_POINT('Ctrl Pts',(-1.9021130324939,-0.618033988821408,4.));
#4248=CARTESIAN_POINT('Ctrl Pts',(-1.74031211258139,-1.11600601625309,3.63333333333333));
#4249=CARTESIAN_POINT('Ctrl Pts',(-1.37451092447087,-1.54430417859333,3.26666666666667));
#4250=CARTESIAN_POINT('Ctrl Pts',(-0.907980999360353,-1.78201304835913,
2.9));
#4251=CARTESIAN_POINT('',(-1.63640808586048,-1.8900181418522,2.9));
#4252=CARTESIAN_POINT('Ctrl Pts',(-1.63640808586048,-1.8900181418522,2.9));
#4253=CARTESIAN_POINT('Ctrl Pts',(-2.13121367832667,-1.46160750678435,3.26666666666667));
#4254=CARTESIAN_POINT('Ctrl Pts',(-2.44661157435678,-0.832141845359627,
3.63333333333333));
#4255=CARTESIAN_POINT('Ctrl Pts',(-2.49355989896973,-0.179329390368842,
4.));
#4256=CARTESIAN_POINT('Ctrl Pts',(-1.63640808586048,-1.8900181418522,2.9));
#4257=CARTESIAN_POINT('Ctrl Pts',(-1.39359905702711,-1.85401644402118,2.9));
#4258=CARTESIAN_POINT('Ctrl Pts',(-1.15079002819373,-1.81801474619015,2.9));
#4259=CARTESIAN_POINT('Ctrl Pts',(-0.907980999360353,-1.78201304835913,
2.9));
#4260=CARTESIAN_POINT('Origin',(0.,0.,3.45));
#4261=CARTESIAN_POINT('Origin',(0.,0.,2.9));
#4262=CARTESIAN_POINT('Origin',(2.5,0.,2.9));
#4263=CARTESIAN_POINT('Origin',(0.,0.,2.9));
#4264=CARTESIAN_POINT('Ctrl Pts',(-1.9021130324939,0.618033988821406,4.));
#4265=CARTESIAN_POINT('Ctrl Pts',(-2.06391395240641,0.120061961389719,3.63333333333333));
#4266=CARTESIAN_POINT('Ctrl Pts',(-2.01972191812493,-0.44145107424984,3.26666666666667));
#4267=CARTESIAN_POINT('Ctrl Pts',(-1.78201304835913,-0.907980999360357,
2.9));
#4268=CARTESIAN_POINT('Ctrl Pts',(-2.09926198798584,0.471799122670551,4.));
#4269=CARTESIAN_POINT('Ctrl Pts',(-2.22277870946517,-0.0777863806141683,
3.63333333333333));
#4270=CARTESIAN_POINT('Ctrl Pts',(-2.11929087105664,-0.674834880631324,
3.26666666666667));
#4271=CARTESIAN_POINT('Ctrl Pts',(-1.81801474619015,-1.15079002819373,2.9));
#4272=CARTESIAN_POINT('Ctrl Pts',(-2.29641094347779,0.325564256519695,4.));
#4273=CARTESIAN_POINT('Ctrl Pts',(-2.38164346652393,-0.275634722618057,
3.63333333333333));
#4274=CARTESIAN_POINT('Ctrl Pts',(-2.21885982398834,-0.908218687012809,
3.26666666666667));
#4275=CARTESIAN_POINT('Ctrl Pts',(-1.85401644402117,-1.39359905702711,2.9));
#4276=CARTESIAN_POINT('Ctrl Pts',(-2.49355989896973,0.17932939036884,4.));
#4277=CARTESIAN_POINT('Ctrl Pts',(-2.54050822358269,-0.473483064621945,
3.63333333333333));
#4278=CARTESIAN_POINT('Ctrl Pts',(-2.31842877692005,-1.14160249339429,3.26666666666667));
#4279=CARTESIAN_POINT('Ctrl Pts',(-1.8900181418522,-1.63640808586048,2.9));
#4280=CARTESIAN_POINT('',(-1.78201304837674,-0.907980999479095,2.9));
#4281=CARTESIAN_POINT('Ctrl Pts',(-1.9021130324939,0.618033988821406,4.));
#4282=CARTESIAN_POINT('Ctrl Pts',(-2.06391395240641,0.120061961389719,3.63333333333333));
#4283=CARTESIAN_POINT('Ctrl Pts',(-2.01972191812493,-0.44145107424984,3.26666666666667));
#4284=CARTESIAN_POINT('Ctrl Pts',(-1.78201304835913,-0.907980999360357,
2.9));
#4285=CARTESIAN_POINT('',(-1.8900181418522,-1.63640808586048,2.9));
#4286=CARTESIAN_POINT('Ctrl Pts',(-1.78201304835913,-0.907980999360357,
2.9));
#4287=CARTESIAN_POINT('Ctrl Pts',(-1.81801474619015,-1.15079002819373,2.9));
#4288=CARTESIAN_POINT('Ctrl Pts',(-1.85401644402117,-1.39359905702711,2.9));
#4289=CARTESIAN_POINT('Ctrl Pts',(-1.8900181418522,-1.63640808586048,2.9));
#4290=CARTESIAN_POINT('Ctrl Pts',(-2.49355989896973,0.17932939036884,4.));
#4291=CARTESIAN_POINT('Ctrl Pts',(-2.54050822358269,-0.473483064621945,
3.63333333333333));
#4292=CARTESIAN_POINT('Ctrl Pts',(-2.31842877692005,-1.14160249339429,3.26666666666667));
#4293=CARTESIAN_POINT('Ctrl Pts',(-1.8900181418522,-1.63640808586048,2.9));
#4294=CARTESIAN_POINT('Ctrl Pts',(-2.1227395057198,1.32059720992303,4.));
#4295=CARTESIAN_POINT('Ctrl Pts',(-2.46847104680691,0.764865306868514,3.63333333333333));
#4296=CARTESIAN_POINT('Ctrl Pts',(-2.58329942153843,0.0702306575098803,
3.26666666666667));
#4297=CARTESIAN_POINT('Ctrl Pts',(-2.43480674153965,-0.567200256834443,
2.9));
#4298=CARTESIAN_POINT('Ctrl Pts',(-2.04919734799798,1.08640946949381,4.));
#4299=CARTESIAN_POINT('Ctrl Pts',(-2.33361868201066,0.549930858308296,3.63333333333333));
#4300=CARTESIAN_POINT('Ctrl Pts',(-2.39544025371954,-0.100329919809206,
3.26666666666667));
#4301=CARTESIAN_POINT('Ctrl Pts',(-2.21720884378321,-0.680793837734511,
2.9));
#4302=CARTESIAN_POINT('Ctrl Pts',(-1.97565519027616,0.852221729064589,4.));
#4303=CARTESIAN_POINT('Ctrl Pts',(-2.1987663172144,0.334996409748078,3.63333333333333));
#4304=CARTESIAN_POINT('Ctrl Pts',(-2.20758108590065,-0.270890497128292,
3.26666666666667));
#4305=CARTESIAN_POINT('Ctrl Pts',(-1.99961094602677,-0.794387418634578,
2.9));
#4306=CARTESIAN_POINT('Ctrl Pts',(-1.90211303255434,0.618033988635371,4.));
#4307=CARTESIAN_POINT('Ctrl Pts',(-2.06391395241815,0.12006196118786,3.63333333333333));
#4308=CARTESIAN_POINT('Ctrl Pts',(-2.01972191808176,-0.441451074447378,
3.26666666666667));
#4309=CARTESIAN_POINT('Ctrl Pts',(-1.78201304827033,-0.907980999534646,
2.9));
#4310=CARTESIAN_POINT('',(-2.43480674153965,-0.567200256834442,2.9));
#4311=CARTESIAN_POINT('Ctrl Pts',(-2.43480674153965,-0.567200256834443,
2.9));
#4312=CARTESIAN_POINT('Ctrl Pts',(-2.58329942153843,0.0702306575098803,
3.26666666666667));
#4313=CARTESIAN_POINT('Ctrl Pts',(-2.46847104680691,0.764865306868514,3.63333333333333));
#4314=CARTESIAN_POINT('Ctrl Pts',(-2.1227395057198,1.32059720992303,4.));
#4315=CARTESIAN_POINT('Ctrl Pts',(-2.43480674153965,-0.567200256834442,
2.9));
#4316=CARTESIAN_POINT('Ctrl Pts',(-2.21720884378321,-0.68079383773451,2.9));
#4317=CARTESIAN_POINT('Ctrl Pts',(-1.99961094602677,-0.794387418634578,
2.9));
#4318=CARTESIAN_POINT('Ctrl Pts',(-1.78201304827033,-0.907980999534645,
2.9));
#4319=CARTESIAN_POINT('Origin',(0.,0.,3.45));
#4320=CARTESIAN_POINT('Origin',(0.,0.,2.9));
#4321=CARTESIAN_POINT('Origin',(2.5,0.,2.9));
#4322=CARTESIAN_POINT('Origin',(0.,0.,2.9));
#4323=CARTESIAN_POINT('Ctrl Pts',(-1.17557050446492,1.61803398875108,4.));
#4324=CARTESIAN_POINT('Ctrl Pts',(-1.59917081215817,1.31027035036743,3.63333333333333));
#4325=CARTESIAN_POINT('Ctrl Pts',(-1.89346778672736,0.830021335952503,3.26666666666667));
#4326=CARTESIAN_POINT('Ctrl Pts',(-1.97537668110624,0.312868930166173,2.9));
#4327=CARTESIAN_POINT('Ctrl Pts',(-1.42102205757561,1.61560874540792,4.));
#4328=CARTESIAN_POINT('Ctrl Pts',(-1.84398743804635,1.24358604068554,3.63333333333333));
#4329=CARTESIAN_POINT('Ctrl Pts',(-2.11120032127615,0.69973503249743,3.26666666666667));
#4330=CARTESIAN_POINT('Ctrl Pts',(-2.1472222327496,0.13759356649486,2.9));
#4331=CARTESIAN_POINT('Ctrl Pts',(-1.6664736106863,1.61318350206477,4.));
#4332=CARTESIAN_POINT('Ctrl Pts',(-2.08880406393454,1.17690173100365,3.63333333333333));
#4333=CARTESIAN_POINT('Ctrl Pts',(-2.32893285582494,0.569448729042357,3.26666666666667));
#4334=CARTESIAN_POINT('Ctrl Pts',(-2.31906778439297,-0.0376817971764527,
2.9));
#4335=CARTESIAN_POINT('Ctrl Pts',(-1.91192516379699,1.61075825872161,4.));
#4336=CARTESIAN_POINT('Ctrl Pts',(-2.33362068982273,1.11021742132177,3.63333333333333));
#4337=CARTESIAN_POINT('Ctrl Pts',(-2.54666539037372,0.439162425587284,3.26666666666667));
#4338=CARTESIAN_POINT('Ctrl Pts',(-2.49091333603633,-0.212957160847766,
2.9));
#4339=CARTESIAN_POINT('',(-1.97537668119028,0.312868930080461,2.9));
#4340=CARTESIAN_POINT('Ctrl Pts',(-1.17557050446492,1.61803398875108,4.));
#4341=CARTESIAN_POINT('Ctrl Pts',(-1.59917081215817,1.31027035036743,3.63333333333333));
#4342=CARTESIAN_POINT('Ctrl Pts',(-1.89346778672736,0.830021335952503,3.26666666666667));
#4343=CARTESIAN_POINT('Ctrl Pts',(-1.97537668110624,0.312868930166173,2.9));
#4344=CARTESIAN_POINT('',(-2.49091333603634,-0.212957160847765,2.9));
#4345=CARTESIAN_POINT('Ctrl Pts',(-1.97537668110624,0.312868930166173,2.9));
#4346=CARTESIAN_POINT('Ctrl Pts',(-2.1472222327496,0.13759356649486,2.9));
#4347=CARTESIAN_POINT('Ctrl Pts',(-2.31906778439297,-0.0376817971764517,
2.9));
#4348=CARTESIAN_POINT('Ctrl Pts',(-2.49091333603634,-0.212957160847765,
2.9));
#4349=CARTESIAN_POINT('Ctrl Pts',(-1.91192516379699,1.61075825872161,4.));
#4350=CARTESIAN_POINT('Ctrl Pts',(-2.33362068982273,1.11021742132177,3.63333333333333));
#4351=CARTESIAN_POINT('Ctrl Pts',(-2.54666539037372,0.439162425587284,3.26666666666667));
#4352=CARTESIAN_POINT('Ctrl Pts',(-2.49091333603633,-0.212957160847766,
2.9));
#4353=CARTESIAN_POINT('Ctrl Pts',(-0.941104770547049,2.31610056147258,4.));
#4354=CARTESIAN_POINT('Ctrl Pts',(-1.54745847962184,2.0697199086885,3.63333333333333));
#4355=CARTESIAN_POINT('Ctrl Pts',(-2.04865258884045,1.57524309768759,3.26666666666667));
#4356=CARTESIAN_POINT('Ctrl Pts',(-2.30319197798806,0.972268847866401,2.9));
#4357=CARTESIAN_POINT('Ctrl Pts',(-1.01926001523909,2.08341170386042,4.));
#4358=CARTESIAN_POINT('Ctrl Pts',(-1.56469592384333,1.81657005586267,3.63333333333333));
#4359=CARTESIAN_POINT('Ctrl Pts',(-1.99692432149648,1.32683584371416,3.26666666666667));
#4360=CARTESIAN_POINT('Ctrl Pts',(-2.19392021237099,0.752468875235258,2.9));
#4361=CARTESIAN_POINT('Ctrl Pts',(-1.09741525993113,1.85072284624826,4.));
#4362=CARTESIAN_POINT('Ctrl Pts',(-1.58193336806482,1.56342020303685,3.63333333333333));
#4363=CARTESIAN_POINT('Ctrl Pts',(-1.94519605415251,1.07842858974074,3.26666666666667));
#4364=CARTESIAN_POINT('Ctrl Pts',(-2.08464844675391,0.532668902604116,2.9));
#4365=CARTESIAN_POINT('Ctrl Pts',(-1.17557050462317,1.61803398863611,4.));
#4366=CARTESIAN_POINT('Ctrl Pts',(-1.59917081228632,1.31027035021102,3.63333333333333));
#4367=CARTESIAN_POINT('Ctrl Pts',(-1.89346778680854,0.830021335767314,3.26666666666667));
#4368=CARTESIAN_POINT('Ctrl Pts',(-1.97537668113684,0.312868929972973,2.9));
#4369=CARTESIAN_POINT('',(-2.30319197798806,0.972268847866401,2.9));
#4370=CARTESIAN_POINT('Ctrl Pts',(-2.30319197798806,0.972268847866401,2.9));
#4371=CARTESIAN_POINT('Ctrl Pts',(-2.04865258884045,1.57524309768759,3.26666666666667));
#4372=CARTESIAN_POINT('Ctrl Pts',(-1.54745847962184,2.0697199086885,3.63333333333333));
#4373=CARTESIAN_POINT('Ctrl Pts',(-0.941104770547049,2.31610056147258,4.));
#4374=CARTESIAN_POINT('Ctrl Pts',(-2.30319197798806,0.972268847866401,2.9));
#4375=CARTESIAN_POINT('Ctrl Pts',(-2.19392021237099,0.752468875235258,2.9));
#4376=CARTESIAN_POINT('Ctrl Pts',(-2.08464844675391,0.532668902604116,2.9));
#4377=CARTESIAN_POINT('Ctrl Pts',(-1.97537668113684,0.312868929972973,2.9));
#4378=CARTESIAN_POINT('Origin',(0.,0.,3.45));
#4379=CARTESIAN_POINT('',(-2.14036429888498,1.29183616146112,2.9));
#4380=CARTESIAN_POINT('Ctrl Pts',(-0.600000000000001,2.42693221990232,4.));
#4381=CARTESIAN_POINT('Ctrl Pts',(-1.23536936940046,2.26985258722283,3.63333333333333));
#4382=CARTESIAN_POINT('Ctrl Pts',(-1.80216238267766,1.85218222457637,3.26666666666667));
#4383=CARTESIAN_POINT('Ctrl Pts',(-2.14036429888498,1.29183616146112,2.9));
#4384=CARTESIAN_POINT('Origin',(0.,0.,2.9));
#4385=CARTESIAN_POINT('Origin',(0.,0.,3.45));
#4386=CARTESIAN_POINT('Origin',(0.,0.,2.9));
#4387=CARTESIAN_POINT('Origin',(2.5,0.,2.9));
#4388=CARTESIAN_POINT('Ctrl Pts',(-2.14036429888498,1.29183616146112,2.9));
#4389=CARTESIAN_POINT('Ctrl Pts',(-1.89831405338102,1.33262862843178,2.9));
#4390=CARTESIAN_POINT('Ctrl Pts',(-1.65626380787706,1.37342109540244,2.9));
#4391=CARTESIAN_POINT('Ctrl Pts',(-1.4142135623731,1.41421356237309,2.9));
#4392=CARTESIAN_POINT('Origin',(0.,0.,2.9));
#4393=CARTESIAN_POINT('Origin',(2.5,0.,2.9));
#4394=CARTESIAN_POINT('',(-2.,-2.44929359829471E-16,2.9));
#4395=CARTESIAN_POINT('Origin',(0.,0.,2.9));
#4396=CARTESIAN_POINT('Origin',(0.,0.,2.9));
#4397=CARTESIAN_POINT('Origin',(0.,0.,1.15));
#4398=CARTESIAN_POINT('Origin',(0.,0.,0.9));
#4399=CARTESIAN_POINT('Ctrl Pts',(-1.31838984174237E-15,2.,4.));
#4400=CARTESIAN_POINT('Ctrl Pts',(-0.5235987755983,2.,3.63333333333333));
#4401=CARTESIAN_POINT('Ctrl Pts',(-1.04397331752657,1.78445380721963,3.26666666666667));
#4402=CARTESIAN_POINT('Ctrl Pts',(-1.4142135623731,1.41421356237309,2.9));
#4403=CARTESIAN_POINT('Ctrl Pts',(-0.200000000000001,2.14231073996744,4.));
#4404=CARTESIAN_POINT('Ctrl Pts',(-0.760855640199021,2.08995086240761,3.63333333333333));
#4405=CARTESIAN_POINT('Ctrl Pts',(-1.29670300591026,1.80702994633854,3.26666666666667));
#4406=CARTESIAN_POINT('Ctrl Pts',(-1.65626380787706,1.37342109540244,2.9));
#4407=CARTESIAN_POINT('Ctrl Pts',(-0.400000000000001,2.28462147993488,4.));
#4408=CARTESIAN_POINT('Ctrl Pts',(-0.998112504799739,2.17990172481522,3.63333333333333));
#4409=CARTESIAN_POINT('Ctrl Pts',(-1.54943269429396,1.82960608545745,3.26666666666667));
#4410=CARTESIAN_POINT('Ctrl Pts',(-1.89831405338102,1.33262862843178,2.9));
#4411=CARTESIAN_POINT('Ctrl Pts',(-0.600000000000001,2.42693221990232,4.));
#4412=CARTESIAN_POINT('Ctrl Pts',(-1.23536936940046,2.26985258722283,3.63333333333333));
#4413=CARTESIAN_POINT('Ctrl Pts',(-1.80216238267766,1.85218222457637,3.26666666666667));
#4414=CARTESIAN_POINT('Ctrl Pts',(-2.14036429888498,1.29183616146112,2.9));
#4415=CARTESIAN_POINT('Ctrl Pts',(-1.27091319924196E-15,2.,4.));
#4416=CARTESIAN_POINT('Ctrl Pts',(-0.5235987755983,2.,3.63333333333333));
#4417=CARTESIAN_POINT('Ctrl Pts',(-1.04397331752657,1.78445380721963,3.26666666666667));
#4418=CARTESIAN_POINT('Ctrl Pts',(-1.4142135623731,1.41421356237309,2.9));
#4419=CARTESIAN_POINT('Ctrl Pts',(0.599999999999999,2.42693221990232,4.));
#4420=CARTESIAN_POINT('Ctrl Pts',(-0.0353693694004593,2.58401185258181,
3.63333333333333));
#4421=CARTESIAN_POINT('Ctrl Pts',(-0.731490098345881,2.4785662150923,3.26666666666667));
#4422=CARTESIAN_POINT('Ctrl Pts',(-1.29183616146112,2.14036429888498,2.9));
#4423=CARTESIAN_POINT('Ctrl Pts',(0.399999999999999,2.28462147993488,4.));
#4424=CARTESIAN_POINT('Ctrl Pts',(-0.19811250479974,2.38934123505454,3.63333333333333));
#4425=CARTESIAN_POINT('Ctrl Pts',(-0.835651171406109,2.24719541246808,3.26666666666667));
#4426=CARTESIAN_POINT('Ctrl Pts',(-1.33262862843178,1.89831405338102,2.9));
#4427=CARTESIAN_POINT('Ctrl Pts',(0.199999999999999,2.14231073996744,4.));
#4428=CARTESIAN_POINT('Ctrl Pts',(-0.36085564019902,2.19467061752727,3.63333333333333));
#4429=CARTESIAN_POINT('Ctrl Pts',(-0.939812244466337,2.01582460984385,3.26666666666667));
#4430=CARTESIAN_POINT('Ctrl Pts',(-1.37342109540244,1.65626380787706,2.9));
#4431=CARTESIAN_POINT('Ctrl Pts',(-1.27091319924196E-15,2.,4.));
#4432=CARTESIAN_POINT('Ctrl Pts',(-0.5235987755983,2.,3.63333333333333));
#4433=CARTESIAN_POINT('Ctrl Pts',(-1.04397331752657,1.78445380721963,3.26666666666667));
#4434=CARTESIAN_POINT('Ctrl Pts',(-1.4142135623731,1.41421356237309,2.9));
#4435=CARTESIAN_POINT('Origin',(0.,0.,0.15));
#4436=CARTESIAN_POINT('',(-1.5645,1.91595991726603E-16,0.));
#4437=CARTESIAN_POINT('Origin',(0.,0.,0.));
#4438=CARTESIAN_POINT('',(-1.48899936072099,0.00167041452317028,0.0739371309783225));
#4439=CARTESIAN_POINT('',(-1.4145,1.73226289739393E-16,0.15));
#4440=CARTESIAN_POINT('Ctrl Pts',(-1.48898205517373,0.00168890334533683,
0.0739371309846409));
#4441=CARTESIAN_POINT('Ctrl Pts',(-1.48653601406653,-0.0585272069044477,
0.0759706582541119));
#4442=CARTESIAN_POINT('Ctrl Pts',(-1.48056776992116,-0.118674870863604,
0.0780081176088641));
#4443=CARTESIAN_POINT('Ctrl Pts',(-1.47112480540049,-0.178403340397531,
0.0800533347658357));
#4444=CARTESIAN_POINT('Ctrl Pts',(-1.46519899865189,-0.21588514678079,0.0813367835815764));
#4445=CARTESIAN_POINT('Ctrl Pts',(-1.45790382686919,-0.253201696058111,
0.0826232874377038));
#4446=CARTESIAN_POINT('Ctrl Pts',(-1.44924129777974,-0.290262075730945,
0.083913791766033));
#4447=CARTESIAN_POINT('Ctrl Pts',(-1.44685699069372,-0.300462714014797,
0.0842689950309008));
#4448=CARTESIAN_POINT('Ctrl Pts',(-1.44437024506403,-0.310638585357374,
0.0846243162098026));
#4449=CARTESIAN_POINT('Ctrl Pts',(-1.44178337626745,-0.320780405066884,
0.0849795135807113));
#4450=CARTESIAN_POINT('Ctrl Pts',(-1.42696869574687,-0.378861363441103,
0.0870136853866874));
#4451=CARTESIAN_POINT('Ctrl Pts',(-1.40885673658662,-0.435902332050989,
0.0890464391905954));
#4452=CARTESIAN_POINT('Ctrl Pts',(-1.38752386061166,-0.491569684592061,
0.0910816265035249));
#4453=CARTESIAN_POINT('Ctrl Pts',(-1.36651303185325,-0.546396666807085,
0.0930860900448421));
#4454=CARTESIAN_POINT('Ctrl Pts',(-1.34237742726926,-0.599892188065784,
0.095092914175871));
#4455=CARTESIAN_POINT('Ctrl Pts',(-1.31514437028575,-0.651718026815987,
0.0971057785971549));
#4456=CARTESIAN_POINT('Ctrl Pts',(-1.29203580184253,-0.695694762244958,
0.098813791593063));
#4457=CARTESIAN_POINT('Ctrl Pts',(-1.26669612966133,-0.738469279809951,
0.100526153806232));
#4458=CARTESIAN_POINT('Ctrl Pts',(-1.23911840415465,-0.779815714925736,
0.10224511347536));
#4459=CARTESIAN_POINT('Ctrl Pts',(-1.23278357006981,-0.789313336707293,
0.102639972881));
#4460=CARTESIAN_POINT('Ctrl Pts',(-1.22633055640692,-0.798735513210447,
0.103035180407541));
#4461=CARTESIAN_POINT('Ctrl Pts',(-1.21975912599089,-0.808079333590322,
0.103430763305381));
#4462=CARTESIAN_POINT('Ctrl Pts',(-1.21449975570804,-0.815557554939878,
0.103747363620014));
#4463=CARTESIAN_POINT('Ctrl Pts',(-1.20916530412685,-0.822984376728018,
0.104064154959722));
#4464=CARTESIAN_POINT('Ctrl Pts',(-1.20376153767581,-0.83035068356746,0.104380817516006));
#4465=CARTESIAN_POINT('Ctrl Pts',(-1.18652401656332,-0.85384852915651,0.105390942129814));
#4466=CARTESIAN_POINT('Ctrl Pts',(-1.16856590505729,-0.876752948584362,
0.106400693876891));
#4467=CARTESIAN_POINT('Ctrl Pts',(-1.14989308956538,-0.899024018107039,
0.107410544664996));
#4468=CARTESIAN_POINT('Ctrl Pts',(-1.1121701724237,-0.944016146403088,0.109450650380263));
#4469=CARTESIAN_POINT('Ctrl Pts',(-1.07153306506479,-0.986426088637479,
0.111491160304612));
#4470=CARTESIAN_POINT('Ctrl Pts',(-1.02833705526275,-1.0261679336331,0.113535965279268));
#4471=CARTESIAN_POINT('Ctrl Pts',(-0.99054054668596,-1.06094204800427,0.115325169632091));
#4472=CARTESIAN_POINT('Ctrl Pts',(-0.950783671570642,-1.09367301448456,
0.117117662382806));
#4473=CARTESIAN_POINT('Ctrl Pts',(-0.909283024363112,-1.12427655875292,
0.11891605009106));
#4474=CARTESIAN_POINT('Ctrl Pts',(-0.889071972155348,-1.13918065959399,
0.119791875175897));
#4475=CARTESIAN_POINT('Ctrl Pts',(-0.868447098739598,-1.15357979300038,
0.120669098394711));
#4476=CARTESIAN_POINT('Ctrl Pts',(-0.847432348539548,-1.16746184543351,
0.121548020819129));
#4477=CARTESIAN_POINT('Ctrl Pts',(-0.834191201890259,-1.17620876320842,
0.122101819489315));
#4478=CARTESIAN_POINT('Ctrl Pts',(-0.82079525800077,-1.18475036213285,0.122656292763108));
#4479=CARTESIAN_POINT('Ctrl Pts',(-0.807250419513998,-1.19308327240974,
0.123211515954196));
#4480=CARTESIAN_POINT('Ctrl Pts',(-0.797968389900374,-1.19879366312671,
0.123592000232904));
#4481=CARTESIAN_POINT('Ctrl Pts',(-0.788623391217379,-1.20440171932129,
0.123972550850789));
#4482=CARTESIAN_POINT('Ctrl Pts',(-0.779222504214947,-1.20990401162724,
0.124352995036978));
#4483=CARTESIAN_POINT('Ctrl Pts',(-0.728696086578754,-1.23947687203231,
0.126397746966628));
#4484=CARTESIAN_POINT('Ctrl Pts',(-0.676513281554487,-1.26602543861266,
0.128441241610449));
#4485=CARTESIAN_POINT('Ctrl Pts',(-0.623004895703534,-1.28945372343068,
0.13048739727217));
#4486=CARTESIAN_POINT('Ctrl Pts',(-0.569397456206525,-1.31292537821763,
0.132537340736036));
#4487=CARTESIAN_POINT('Ctrl Pts',(-0.514458438925318,-1.33326557766849,
0.134589955078967));
#4488=CARTESIAN_POINT('Ctrl Pts',(-0.458500713475963,-1.35032995779131,
0.136649180405454));
#4489=CARTESIAN_POINT('Ctrl Pts',(-0.412374963587955,-1.36439606436048,
0.13834659236439));
#4490=CARTESIAN_POINT('Ctrl Pts',(-0.365556402644511,-1.37623560513263,
0.140048496251985));
#4491=CARTESIAN_POINT('Ctrl Pts',(-0.318218011047558,-1.38574045363602,
0.141757098842447));
#4492=CARTESIAN_POINT('Ctrl Pts',(-0.308025475625474,-1.38778696391624,
0.142124981903912));
#4493=CARTESIAN_POINT('Ctrl Pts',(-0.297808848176873,-1.38972514310066,
0.142493175512978));
#4494=CARTESIAN_POINT('Ctrl Pts',(-0.287569873885062,-1.391553750698,0.142861701697088));
#4495=CARTESIAN_POINT('Ctrl Pts',(-0.277173354180871,-1.3934104947795,0.143235898332943));
#4496=CARTESIAN_POINT('Ctrl Pts',(-0.266761998201673,-1.39515276989402,
0.143610142539252));
#4497=CARTESIAN_POINT('Ctrl Pts',(-0.256342263574955,-1.396779152013,0.143984293786113));
#4498=CARTESIAN_POINT('Ctrl Pts',(-0.199378680995741,-1.40567041032797,
0.14602973891607));
#4499=CARTESIAN_POINT('Ctrl Pts',(-0.142121603617269,-1.41110995445396,
0.148073980923037));
#4500=CARTESIAN_POINT('Ctrl Pts',(-0.0848726378222783,-1.41296945263854,
0.150120945305862));
#4501=CARTESIAN_POINT('Ctrl Pts',(-0.0291357171955895,-1.41477983822857,
0.152113845784445));
#4502=CARTESIAN_POINT('Ctrl Pts',(0.0265944571754105,-1.41319688829709,
0.15410932673256));
#4503=CARTESIAN_POINT('Ctrl Pts',(0.0820389980140732,-1.40805290962156,
0.156111010753944));
#4504=CARTESIAN_POINT('Ctrl Pts',(0.0919129572839739,-1.40713683321153,
0.156467484920732));
#4505=CARTESIAN_POINT('Ctrl Pts',(0.101777835697871,-1.40610768719998,0.156824155818153));
#4506=CARTESIAN_POINT('Ctrl Pts',(0.111632021921108,-1.40496435078545,0.157181043906812));
#4507=CARTESIAN_POINT('Ctrl Pts',(0.13974447118099,-1.40170259114216,0.158199189703593));
#4508=CARTESIAN_POINT('Ctrl Pts',(0.167769990957718,-1.39751167172724,0.159219103157951));
#4509=CARTESIAN_POINT('Ctrl Pts',(0.195674679248877,-1.3924142807009,0.160241259333984));
#4510=CARTESIAN_POINT('Ctrl Pts',(0.210323970412134,-1.38973827283661,0.160777866777178));
#4511=CARTESIAN_POINT('Ctrl Pts',(0.224939940334045,-1.38681239349538,0.161315092313977));
#4512=CARTESIAN_POINT('Ctrl Pts',(0.239517527829055,-1.3836396221448,0.161853004678207));
#4513=CARTESIAN_POINT('Ctrl Pts',(0.252891601719703,-1.38072879218097,0.162346507441156));
#4514=CARTESIAN_POINT('Ctrl Pts',(0.266237866696995,-1.37760886631957,0.16284075703359));
#4515=CARTESIAN_POINT('Ctrl Pts',(0.279523855274735,-1.37428959579906,0.16333474375324));
#4516=CARTESIAN_POINT('Ctrl Pts',(0.334400592431382,-1.36057960840596,0.165375117280169));
#4517=CARTESIAN_POINT('Ctrl Pts',(0.388336163652676,-1.34345669161936,0.167414171398974));
#4518=CARTESIAN_POINT('Ctrl Pts',(0.441078676913327,-1.32316011081001,0.169455805131706));
#4519=CARTESIAN_POINT('Ctrl Pts',(0.494501509185044,-1.30260172697061,0.171523773639861));
#4520=CARTESIAN_POINT('Ctrl Pts',(0.546701280580022,-1.2787866745172,0.173594388739369));
#4521=CARTESIAN_POINT('Ctrl Pts',(0.597397134240142,-1.25191324802889,0.175671702285795));
#4522=CARTESIAN_POINT('Ctrl Pts',(0.628811439798466,-1.23526080073482,0.176958935023316));
#4523=CARTESIAN_POINT('Ctrl Pts',(0.659647836781741,-1.21743303963387,0.178248739839025));
#4524=CARTESIAN_POINT('Ctrl Pts',(0.689833370645758,-1.19846918735623,0.179542080826135));
#4525=CARTESIAN_POINT('Ctrl Pts',(0.70828345974051,-1.18687804685567,0.180332600435614));
#4526=CARTESIAN_POINT('Ctrl Pts',(0.726490289115594,-1.17486235885466,0.181124441135442));
#4527=CARTESIAN_POINT('Ctrl Pts',(0.744436078865952,-1.16243014392213,0.181917823075193));
#4528=CARTESIAN_POINT('Ctrl Pts',(0.752540320966285,-1.1568158086904,0.182276110974874));
#4529=CARTESIAN_POINT('Ctrl Pts',(0.760590120640744,-1.1511172453051,0.182634662691879));
#4530=CARTESIAN_POINT('Ctrl Pts',(0.768574118171668,-1.14534254598911,0.1829930557119));
#4531=CARTESIAN_POINT('Ctrl Pts',(0.814659521910864,-1.11200970133091,0.185061779676432));
#4532=CARTESIAN_POINT('Ctrl Pts',(0.858645820434771,-1.07608119426097,0.187129224854087));
#4533=CARTESIAN_POINT('Ctrl Pts',(0.900268024578753,-1.03775705627682,0.189199458720582));
#4534=CARTESIAN_POINT('Ctrl Pts',(0.941292871785588,-0.99998294177547,0.191239980836171));
#4535=CARTESIAN_POINT('Ctrl Pts',(0.980021774920611,-0.959880718433433,
0.193283212169141));
#4536=CARTESIAN_POINT('Ctrl Pts',(1.01616592868762,-0.91760681590436,0.195333047568811));
#4537=CARTESIAN_POINT('Ctrl Pts',(1.05010318177322,-0.877914086112056,0.197257723498169));
#4538=CARTESIAN_POINT('Ctrl Pts',(1.08176196781652,-0.836306055661616,0.199188221648748));
#4539=CARTESIAN_POINT('Ctrl Pts',(1.11086518599844,-0.792891785816758,0.20112776610596));
#4540=CARTESIAN_POINT('Ctrl Pts',(1.11829763560141,-0.781804545544742,0.201623091617416));
#4541=CARTESIAN_POINT('Ctrl Pts',(1.12556539697674,-0.770595605099758,0.202119171076389));
#4542=CARTESIAN_POINT('Ctrl Pts',(1.13264852728927,-0.759291261079532,0.202614988244017));
#4543=CARTESIAN_POINT('Ctrl Pts',(1.15330078677528,-0.726331222830359,0.204060640710042));
#4544=CARTESIAN_POINT('Ctrl Pts',(1.17240972363884,-0.692524719008605,0.205505695903535));
#4545=CARTESIAN_POINT('Ctrl Pts',(1.18988180943064,-0.657928626218943,0.206951543148627));
#4546=CARTESIAN_POINT('Ctrl Pts',(1.2148048344896,-0.60857909246471,0.209013969326605));
#4547=CARTESIAN_POINT('Ctrl Pts',(1.23639970867103,-0.557623503130249,0.21107800713508));
#4548=CARTESIAN_POINT('Ctrl Pts',(1.25471235996326,-0.505406301336164,0.213147689048103));
#4549=CARTESIAN_POINT('Ctrl Pts',(1.27050202828576,-0.460383203156634,0.214932225345891));
#4550=CARTESIAN_POINT('Ctrl Pts',(1.28385072916023,-0.414421301569039,0.216720957673955));
#4551=CARTESIAN_POINT('Ctrl Pts',(1.29475747593371,-0.367734581454359,0.218516470891701));
#4552=CARTESIAN_POINT('Ctrl Pts',(1.29834761884316,-0.352366846173993,0.219107494886424));
#4553=CARTESIAN_POINT('Ctrl Pts',(1.30167294847774,-0.336920564063001,0.219699253597476));
#4554=CARTESIAN_POINT('Ctrl Pts',(1.30473276871656,-0.321403383075224,0.220291839215414));
#4555=CARTESIAN_POINT('Ctrl Pts',(1.30665448474115,-0.311657838228423,0.220664011823296));
#4556=CARTESIAN_POINT('Ctrl Pts',(1.30847146537832,-0.301884328321277,0.221036510600572));
#4557=CARTESIAN_POINT('Ctrl Pts',(1.31018347242814,-0.292084759225914,0.221409358385676));
#4558=CARTESIAN_POINT('Ctrl Pts',(1.31194979725731,-0.281974273868905,0.221794035715363));
#4559=CARTESIAN_POINT('Ctrl Pts',(1.31360280831593,-0.271844902311693,0.222178747670733));
#4560=CARTESIAN_POINT('Ctrl Pts',(1.31514231406004,-0.2617024634733,0.222563381986798));
#4561=CARTESIAN_POINT('Ctrl Pts',(1.32346657414938,-0.206861291782601,0.22464313784252));
#4562=CARTESIAN_POINT('Ctrl Pts',(1.3284825435793,-0.151604510674533,0.226721932510669));
#4563=CARTESIAN_POINT('Ctrl Pts',(1.33022976481214,-0.0962688458112942,
0.228803907209084));
#4564=CARTESIAN_POINT('Ctrl Pts',(1.33198064680812,-0.0408172421312707,
0.230890244043269));
#4565=CARTESIAN_POINT('Ctrl Pts',(1.33044900561934,0.0147147514679826,0.232979774247225));
#4566=CARTESIAN_POINT('Ctrl Pts',(1.32562284569485,0.0699883199606881,0.2350766651233));
#4567=CARTESIAN_POINT('Ctrl Pts',(1.32150491265257,0.117150630704951,0.236865842514791));
#4568=CARTESIAN_POINT('Ctrl Pts',(1.31498756897533,0.164125199287826,0.238660378768807));
#4569=CARTESIAN_POINT('Ctrl Pts',(1.30603407418859,0.210691891814814,0.240462862621124));
#4570=CARTESIAN_POINT('Ctrl Pts',(1.30367567367432,0.222957818608693,0.240937646931108));
#4571=CARTESIAN_POINT('Ctrl Pts',(1.30114724003864,0.235198610517486,0.241413110508579));
#4572=CARTESIAN_POINT('Ctrl Pts',(1.2984537368903,0.24738516910366,0.241888325191627));
#4573=CARTESIAN_POINT('Ctrl Pts',(1.28664961971292,0.300792036524363,0.243970925245978));
#4574=CARTESIAN_POINT('Ctrl Pts',(1.27166273551738,0.353253703021168,0.246052424712463));
#4575=CARTESIAN_POINT('Ctrl Pts',(1.25349471356629,0.404448169391304,0.248136985277125));
#4576=CARTESIAN_POINT('Ctrl Pts',(1.23584582907275,0.454179792685633,0.250161981103558));
#4577=CARTESIAN_POINT('Ctrl Pts',(1.21519470985052,0.502716519406314,0.252189865590394));
#4578=CARTESIAN_POINT('Ctrl Pts',(1.19149789417852,0.549744682636968,0.254224453769398));
#4579=CARTESIAN_POINT('Ctrl Pts',(1.18181548152284,0.56896017931555,0.255055777378704));
#4580=CARTESIAN_POINT('Ctrl Pts',(1.1716240815854,0.587923526468792,0.255888220171407));
#4581=CARTESIAN_POINT('Ctrl Pts',(1.16091863918607,0.606611873043066,0.256722042390442));
#4582=CARTESIAN_POINT('Ctrl Pts',(1.14913682113226,0.627179234096569,0.257639701026811));
#4583=CARTESIAN_POINT('Ctrl Pts',(1.13673237812219,0.64741353137496,0.258559030422519));
#4584=CARTESIAN_POINT('Ctrl Pts',(1.12372813812213,0.667299160947777,0.259480377475753));
#4585=CARTESIAN_POINT('Ctrl Pts',(1.11820738351964,0.67574130604715,0.25987152151682));
#4586=CARTESIAN_POINT('Ctrl Pts',(1.11257851238061,0.684120593070328,0.260263029200178));
#4587=CARTESIAN_POINT('Ctrl Pts',(1.10684320887572,0.692435746783327,0.260654927068366));
#4588=CARTESIAN_POINT('Ctrl Pts',(1.10099903063427,0.700908749190666,0.261054264434239));
#4589=CARTESIAN_POINT('Ctrl Pts',(1.09504931286049,0.709307886659474,0.261453665262159));
#4590=CARTESIAN_POINT('Ctrl Pts',(1.08899913233433,0.717628484113799,0.26185297843555));
#4591=CARTESIAN_POINT('Ctrl Pts',(1.057656001743,0.760733573537362,0.263921631575125));
#4592=CARTESIAN_POINT('Ctrl Pts',(1.0235975763453,0.801766260927141,0.265989486435629));
#4593=CARTESIAN_POINT('Ctrl Pts',(0.987134396788115,0.84059201555451,0.268060626379721));
#4594=CARTESIAN_POINT('Ctrl Pts',(0.950087413106534,0.880039400987517,0.270164926899941));
#4595=CARTESIAN_POINT('Ctrl Pts',(0.910557118368061,0.91720930165285,0.272272618539398));
#4596=CARTESIAN_POINT('Ctrl Pts',(0.868830650559118,0.951923260154408,0.274387983951286));
#4597=CARTESIAN_POINT('Ctrl Pts',(0.847767613367457,0.969446463947647,0.275455795886591));
#4598=CARTESIAN_POINT('Ctrl Pts',(0.826144449747554,0.986343214911715,0.276525563186097));
#4599=CARTESIAN_POINT('Ctrl Pts',(0.803995620596106,1.00258617064916,0.27759783670953));
#4600=CARTESIAN_POINT('Ctrl Pts',(0.788922048523756,1.01364045086877,0.278327581479613));
#4601=CARTESIAN_POINT('Ctrl Pts',(0.773604978294805,1.02439185655014,0.27905848703176));
#4602=CARTESIAN_POINT('Ctrl Pts',(0.758054993838094,1.03483089255776,0.279790727000963));
#4603=CARTESIAN_POINT('Ctrl Pts',(0.748312350126672,1.04137133694187,0.280249502580519));
#4604=CARTESIAN_POINT('Ctrl Pts',(0.738476207297728,1.047790293461,0.28070889449703));
#4605=CARTESIAN_POINT('Ctrl Pts',(0.728568678402706,1.05407337170025,0.281168049447103));
#4606=CARTESIAN_POINT('Ctrl Pts',(0.683059124281007,1.0829342604455,0.283277146202918));
#4607=CARTESIAN_POINT('Ctrl Pts',(0.63596093169541,1.1089903408124,0.285385270533373));
#4608=CARTESIAN_POINT('Ctrl Pts',(0.587560550892346,1.13208005785393,0.287496754001587));
#4609=CARTESIAN_POINT('Ctrl Pts',(0.540066414316304,1.15473744518182,0.289568702249792));
#4610=CARTESIAN_POINT('Ctrl Pts',(0.49131737025297,1.174538906424,0.291643885021052));
#4611=CARTESIAN_POINT('Ctrl Pts',(0.441565209980502,1.19128648609507,0.293726395094432));
#4612=CARTESIAN_POINT('Ctrl Pts',(0.391813049708034,1.20803406576615,0.295808905167812));
#4613=CARTESIAN_POINT('Ctrl Pts',(0.3410568510942,1.22172830833646,0.297898742543312));
#4614=CARTESIAN_POINT('Ctrl Pts',(0.289543735323751,1.23211834569763,0.3));
#4615=CARTESIAN_POINT('Ctrl Pts',(-1.26091528662142,0.103515212381792,0.3));
#4616=CARTESIAN_POINT('Ctrl Pts',(-1.2638411568272,0.154844391915926,0.292403974003282));
#4617=CARTESIAN_POINT('Ctrl Pts',(-1.26353984779408,0.206306353699459,0.284891985216476));
#4618=CARTESIAN_POINT('Ctrl Pts',(-1.26018993708066,0.257611545708153,0.277447777356105));
#4619=CARTESIAN_POINT('Ctrl Pts',(-1.256757515507,0.31018042379381,0.269820212968667));
#4620=CARTESIAN_POINT('Ctrl Pts',(-1.2501246411525,0.362585632144733,0.262263809620633));
#4621=CARTESIAN_POINT('Ctrl Pts',(-1.24043311112939,0.414540103625794,0.254761079984744));
#4622=CARTESIAN_POINT('Ctrl Pts',(-1.23444010700105,0.446667472712975,0.250121576255764));
#4623=CARTESIAN_POINT('Ctrl Pts',(-1.22727650652534,0.478622915500034,0.245502596720047));
#4624=CARTESIAN_POINT('Ctrl Pts',(-1.2189661942941,0.510340574761914,0.240900006333625));
#4625=CARTESIAN_POINT('Ctrl Pts',(-1.21572552494478,0.522709116802444,0.239105191267993));
#4626=CARTESIAN_POINT('Ctrl Pts',(-1.21231040001867,0.535041505427826,0.237312868449878));
#4627=CARTESIAN_POINT('Ctrl Pts',(-1.20872193539616,0.547333836686084,0.235522792672615));
#4628=CARTESIAN_POINT('Ctrl Pts',(-1.20532157139284,0.558981826878119,0.233826549327192));
#4629=CARTESIAN_POINT('Ctrl Pts',(-1.20176487889144,0.570595508247774,0.232132077513846));
#4630=CARTESIAN_POINT('Ctrl Pts',(-1.19805976505068,0.582150830661294,0.230442208295723));
#4631=CARTESIAN_POINT('Ctrl Pts',(-1.18110881589711,0.635016597032637,0.222711032298515));
#4632=CARTESIAN_POINT('Ctrl Pts',(-1.16102856938629,0.686756564092132,0.215062116015377));
#4633=CARTESIAN_POINT('Ctrl Pts',(-1.13798412499046,0.737059703569576,0.207478412048054));
#4634=CARTESIAN_POINT('Ctrl Pts',(-1.11481543484705,0.787634055972045,0.199853820005813));
#4635=CARTESIAN_POINT('Ctrl Pts',(-1.08865041340748,0.836757272057264,0.192295145368649));
#4636=CARTESIAN_POINT('Ctrl Pts',(-1.05960416114855,0.88411735327188,0.184785063512227));
#4637=CARTESIAN_POINT('Ctrl Pts',(-1.04595815561219,0.906367243711999,0.181256807347622));
#4638=CARTESIAN_POINT('Ctrl Pts',(-1.03167547574317,0.928227928621122,0.177739276314602));
#4639=CARTESIAN_POINT('Ctrl Pts',(-1.01676416586717,0.949666160366506,0.17423067398382));
#4640=CARTESIAN_POINT('Ctrl Pts',(-1.00797835059568,0.962297669296878,0.172163388668466));
#4641=CARTESIAN_POINT('Ctrl Pts',(-0.998974252293179,0.974782502635686,
0.170099203061826));
#4642=CARTESIAN_POINT('Ctrl Pts',(-0.989753122585487,0.987113678324387,
0.168037749704844));
#4643=CARTESIAN_POINT('Ctrl Pts',(-0.983754598674,0.995135347530897,0.166696734271132));
#4644=CARTESIAN_POINT('Ctrl Pts',(-0.977665195099283,1.00309054587312,0.16535710841086));
#4645=CARTESIAN_POINT('Ctrl Pts',(-0.971492760476914,1.01096827469082,0.164020339536552));
#4646=CARTESIAN_POINT('Ctrl Pts',(-0.945773569700241,1.04379305498337,0.158450314772248));
#4647=CARTESIAN_POINT('Ctrl Pts',(-0.918580842320295,1.07531752367227,0.152922447279753));
#4648=CARTESIAN_POINT('Ctrl Pts',(-0.889973254319183,1.10542027251606,0.147430474530236));
#4649=CARTESIAN_POINT('Ctrl Pts',(-0.852020788093534,1.14535630482849,0.140144508643138));
#4650=CARTESIAN_POINT('Ctrl Pts',(-0.811580134917319,1.182791830152,0.132921718209476));
#4651=CARTESIAN_POINT('Ctrl Pts',(-0.76897475958556,1.21771097630879,0.125747480581507));
#4652=CARTESIAN_POINT('Ctrl Pts',(-0.725375131480856,1.25344500691679,0.118405822631575));
#4653=CARTESIAN_POINT('Ctrl Pts',(-0.679507956655579,1.28654442686533,0.111115010016266));
#4654=CARTESIAN_POINT('Ctrl Pts',(-0.631673574493415,1.31696282160061,0.103859372295761));
#4655=CARTESIAN_POINT('Ctrl Pts',(-0.617919894100042,1.32570893392313,0.101773179943164));
#4656=CARTESIAN_POINT('Ctrl Pts',(-0.604003327784434,1.33423318755765,0.0996898955632694));
#4657=CARTESIAN_POINT('Ctrl Pts',(-0.589930446957422,1.34253393566123,0.0976091466636383));
#4658=CARTESIAN_POINT('Ctrl Pts',(-0.581225838296015,1.34766826208144,0.0963221248294752));
#4659=CARTESIAN_POINT('Ctrl Pts',(-0.572459435395262,1.35271818493093,0.0950357841869365));
#4660=CARTESIAN_POINT('Ctrl Pts',(-0.563639224494347,1.35767963680188,0.0937509782082823));
#4661=CARTESIAN_POINT('Ctrl Pts',(-0.512765712658204,1.3862964673195,0.0863404306718933));
#4662=CARTESIAN_POINT('Ctrl Pts',(-0.460260351461891,1.411887363823,0.0790032659444486));
#4663=CARTESIAN_POINT('Ctrl Pts',(-0.4064791377588,1.43443902940683,0.0717250080863813));
#4664=CARTESIAN_POINT('Ctrl Pts',(-0.3516197182962,1.45744281077692,0.0643008357165092));
#4665=CARTESIAN_POINT('Ctrl Pts',(-0.295431989403199,1.47728486904549,0.0569379558218053));
#4666=CARTESIAN_POINT('Ctrl Pts',(-0.238250880061534,1.49391713168988,0.0496210042505525));
#4667=CARTESIAN_POINT('Ctrl Pts',(-0.180579009763377,1.51069214191679,0.0422412544196464));
#4668=CARTESIAN_POINT('Ctrl Pts',(-0.121895650786921,1.52420260313678,0.0349082246615312));
#4669=CARTESIAN_POINT('Ctrl Pts',(-0.0625147951168726,1.53435619265376,
0.0276061518277922));
#4670=CARTESIAN_POINT('Ctrl Pts',(-0.0459442663970983,1.53718960326736,
0.0255684713962792));
#4671=CARTESIAN_POINT('Ctrl Pts',(-0.0293192964168137,1.53976132374576,
0.0235332016340541));
#4672=CARTESIAN_POINT('Ctrl Pts',(-0.0126464668910382,1.54206866090243,
0.0215000000000011));
#4673=CARTESIAN_POINT('Ctrl Pts',(-0.780924849157096,1.32816203715555,0.0215000000000003));
#4674=CARTESIAN_POINT('Ctrl Pts',(-0.83293517004263,1.29478553976115,0.0235172706248884));
#4675=CARTESIAN_POINT('Ctrl Pts',(-0.882920417631111,1.2583905737142,0.0255349249066443));
#4676=CARTESIAN_POINT('Ctrl Pts',(-0.930652538393637,1.21923437795294,0.0275566901853134));
#4677=CARTESIAN_POINT('Ctrl Pts',(-0.959973642381708,1.19518133213491,0.0287986293455333));
#4678=CARTESIAN_POINT('Ctrl Pts',(-0.988443990692679,1.1700854499634,0.0300421197719378));
#4679=CARTESIAN_POINT('Ctrl Pts',(-1.01600403776135,1.14399930900592,0.0312880254526603));
#4680=CARTESIAN_POINT('Ctrl Pts',(-1.02722304362444,1.13338029345715,0.0317952024941961));
#4681=CARTESIAN_POINT('Ctrl Pts',(-1.03829113703274,1.12259712852875,0.0323027797676386));
#4682=CARTESIAN_POINT('Ctrl Pts',(-1.04920401172513,1.11165315687103,0.0328108155545293));
#4683=CARTESIAN_POINT('Ctrl Pts',(-1.05868240361552,1.10214775566987,0.0332520707158159));
#4684=CARTESIAN_POINT('Ctrl Pts',(-1.06804218557401,1.09252242656926,0.0336936046784615));
#4685=CARTESIAN_POINT('Ctrl Pts',(-1.07727298232669,1.0827877821037,0.0341350838528392));
#4686=CARTESIAN_POINT('Ctrl Pts',(-1.11799687585091,1.03984104247406,0.0360827760588562));
#4687=CARTESIAN_POINT('Ctrl Pts',(-1.15625678455095,0.994725415694539,0.038031427025192));
#4688=CARTESIAN_POINT('Ctrl Pts',(-1.19183154577095,0.947647327388653,0.0399843914621993));
#4689=CARTESIAN_POINT('Ctrl Pts',(-1.20810855288069,0.926107045689241,0.0408779579946537));
#4690=CARTESIAN_POINT('Ctrl Pts',(-1.22382294505694,0.904155550635567,0.0417724275358784));
#4691=CARTESIAN_POINT('Ctrl Pts',(-1.23895080557385,0.881810966645852,0.0426681214169339));
#4692=CARTESIAN_POINT('Ctrl Pts',(-1.24939888918405,0.866378640210882,0.0432867339793615));
#4693=CARTESIAN_POINT('Ctrl Pts',(-1.25956716031156,0.850758790320366,0.0439059305517225));
#4694=CARTESIAN_POINT('Ctrl Pts',(-1.26944719564366,0.834957169539126,0.0445258169935782));
#4695=CARTESIAN_POINT('Ctrl Pts',(-1.27496731475398,0.826128574709613,0.0448721565438825));
#4696=CARTESIAN_POINT('Ctrl Pts',(-1.2803963917089,0.817244808889069,0.0452186485769073));
#4697=CARTESIAN_POINT('Ctrl Pts',(-1.28572849338475,0.808314816167298,0.0455650082558688));
#4698=CARTESIAN_POINT('Ctrl Pts',(-1.31668264421692,0.756474030217535,0.0475757106761403));
#4699=CARTESIAN_POINT('Ctrl Pts',(-1.34441847791195,0.703004164970869,0.0495848390717466));
#4700=CARTESIAN_POINT('Ctrl Pts',(-1.36870288206621,0.648125264724208,0.051596107310396));
#4701=CARTESIAN_POINT('Ctrl Pts',(-1.39298728622047,0.593246364477548,0.0536073755490454));
#4702=CARTESIAN_POINT('Ctrl Pts',(-1.41382096116172,0.53695765800078,0.0556207836307378));
#4703=CARTESIAN_POINT('Ctrl Pts',(-1.43092084244955,0.479458448510035,0.0576400454231813));
#4704=CARTESIAN_POINT('Ctrl Pts',(-1.44234456642677,0.441045603001066,0.0589890307738021));
#4705=CARTESIAN_POINT('Ctrl Pts',(-1.45210066300269,0.402092025952572,0.0603406286495138));
#4706=CARTESIAN_POINT('Ctrl Pts',(-1.46020909853601,0.362699492210852,0.0616959463629284));
#4707=CARTESIAN_POINT('Ctrl Pts',(-1.46525114002317,0.338204164031453,0.0625387190668909));
#4708=CARTESIAN_POINT('Ctrl Pts',(-1.46965587561876,0.313539087911112,0.0633829301145857));
#4709=CARTESIAN_POINT('Ctrl Pts',(-1.47342611957414,0.288728867074971,0.0642288457490675));
#4710=CARTESIAN_POINT('Ctrl Pts',(-1.47483062654138,0.279486460367148,0.0645439697613051));
#4711=CARTESIAN_POINT('Ctrl Pts',(-1.47614663853066,0.270226375741294,0.0648592461617949));
#4712=CARTESIAN_POINT('Ctrl Pts',(-1.47737343366913,0.260958388267918,0.0651744012755365));
#4713=CARTESIAN_POINT('Ctrl Pts',(-1.4851714638206,0.202047129578573,0.0671776608274333));
#4714=CARTESIAN_POINT('Ctrl Pts',(-1.4893843897506,0.142718637712438,0.0691793911242904));
#4715=CARTESIAN_POINT('Ctrl Pts',(-1.4901308421041,0.083306988383636,0.0711832670871064));
#4716=CARTESIAN_POINT('Ctrl Pts',(-1.49047257282556,0.056107950571282,0.0721006544799771));
#4717=CARTESIAN_POINT('Ctrl Pts',(-1.49008704638277,0.0288913376270496,
0.0730184915760444));
#4718=CARTESIAN_POINT('Ctrl Pts',(-1.48898205517373,0.00168890334533683,
0.0739371309846409));
#4719=CARTESIAN_POINT('Origin',(0.,0.,-1.10421172358872));
#4720=CARTESIAN_POINT('Ctrl Pts',(-1.54487068750422,-0.000729935696790326,
0.145788276411273));
#4721=CARTESIAN_POINT('Ctrl Pts',(-1.54517387570903,-0.0486521799601192,
0.148268848120118));
#4722=CARTESIAN_POINT('Ctrl Pts',(-1.52159723508658,-0.601841789630632,
0.176917923287889));
#4723=CARTESIAN_POINT('Ctrl Pts',(-0.85631652475354,-1.60272550170649,0.231735501914586));
#4724=CARTESIAN_POINT('Ctrl Pts',(0.864366354637237,-1.59813490367892,0.310241012291366));
#4725=CARTESIAN_POINT('Ctrl Pts',(1.80988902587118,-0.160623078894685,0.388746522668145));
#4726=CARTESIAN_POINT('Ctrl Pts',(1.13224752977435,1.42110976845739,0.467252033044925));
#4727=CARTESIAN_POINT('Ctrl Pts',(-0.56081381158711,1.72826797783923,0.545757543421704));
#4728=CARTESIAN_POINT('Ctrl Pts',(-1.46299432992512,0.786188511394537,0.60526962454382));
#4729=CARTESIAN_POINT('Ctrl Pts',(-1.54356596094752,0.140527931239638,0.638613202207009));
#4730=CARTESIAN_POINT('Ctrl Pts',(-1.54239994286499,0.00130537085780206,
0.645788276411272));
#4731=CARTESIAN_POINT('Ctrl Pts',(-1.54136357392849,0.00174830020578672,
0.104211723588727));
#4732=CARTESIAN_POINT('Ctrl Pts',(-1.53900826324266,-0.34026299525185,0.121811489310338));
#4733=CARTESIAN_POINT('Ctrl Pts',(-1.26007645297805,-1.19548847095322,0.165579758490875));
#4734=CARTESIAN_POINT('Ctrl Pts',(0.144125395422757,-1.8107447461924,0.235516531130338));
#4735=CARTESIAN_POINT('Ctrl Pts',(1.58998684376584,-0.879424794083284,0.314022041507118));
#4736=CARTESIAN_POINT('Ctrl Pts',(1.61050003618819,0.841603551712995,0.392527551883897));
#4737=CARTESIAN_POINT('Ctrl Pts',(0.18636896330526,1.80732728522647,0.471033062260676));
#4738=CARTESIAN_POINT('Ctrl Pts',(-1.24373229775691,1.21874324787683,0.541594452828954));
#4739=CARTESIAN_POINT('Ctrl Pts',(-1.5392494746346,0.352627593898989,0.585987339938304));
#4740=CARTESIAN_POINT('Ctrl Pts',(-1.54199976869925,-0.00123141650914819,
0.604211723588727));
#4741=CARTESIAN_POINT('Ctrl Pts',(0.958116152722388,-0.825211298936491,
0.));
#4742=CARTESIAN_POINT('Ctrl Pts',(1.22948120505502,-0.510141400766977,0.0261685034589265));
#4743=CARTESIAN_POINT('Ctrl Pts',(1.43306294843888,0.403040004418382,0.0785055103767792));
#4744=CARTESIAN_POINT('Ctrl Pts',(0.45238920552022,1.41963630888898,0.157011020753559));
#4745=CARTESIAN_POINT('Ctrl Pts',(-0.933689342993903,1.15939109537616,0.235516531130338));
#4746=CARTESIAN_POINT('Ctrl Pts',(-1.48255476721738,-0.138772937317054,
0.314022041507118));
#4747=CARTESIAN_POINT('Ctrl Pts',(-0.701757774174241,-1.31344549378345,
0.392527551883897));
#4748=CARTESIAN_POINT('Ctrl Pts',(0.708354669759422,-1.30968346448606,0.471033062260677));
#4749=CARTESIAN_POINT('Ctrl Pts',(1.48321754582897,-0.131631810280188,0.549538572637457));
#4750=CARTESIAN_POINT('Ctrl Pts',(0.927885289306327,1.16461004680128,0.628044083014234));
#4751=CARTESIAN_POINT('Ctrl Pts',(-0.459591098348608,1.41632848864401,0.706549593391017));
#4752=CARTESIAN_POINT('Ctrl Pts',(-1.43489813145757,0.397888486122461,0.785055103767793));
#4753=CARTESIAN_POINT('Ctrl Pts',(-1.1233528991434,-0.977407675040058,0.863560614144574));
#4754=CARTESIAN_POINT('Ctrl Pts',(0.195641126163382,-1.47613071977904,0.942066124521354));
#4755=CARTESIAN_POINT('Ctrl Pts',(1.33917995548187,-0.651030256218311,1.02057163489813));
#4756=CARTESIAN_POINT('Ctrl Pts',(1.28171014424401,0.757932570568479,1.09907714527491));
#4757=CARTESIAN_POINT('Ctrl Pts',(0.0747723200469707,1.48716189696756,1.17758265565169));
#4758=CARTESIAN_POINT('Ctrl Pts',(-1.19922315901319,0.882669895148715,1.25608816602847));
#4759=CARTESIAN_POINT('Ctrl Pts',(-1.39772676728811,-0.513421882111915,
1.33459367640525));
#4760=CARTESIAN_POINT('Ctrl Pts',(-0.342715798372911,-1.44906448390444,
1.41309918678203));
#4761=CARTESIAN_POINT('Ctrl Pts',(1.01965085494141,-1.08515172566699,1.49160469715881));
#4762=CARTESIAN_POINT('Ctrl Pts',(1.46757037609534,0.251950960557334,1.57011020753559));
#4763=CARTESIAN_POINT('Ctrl Pts',(0.599337896919751,1.36309800274457,1.64861571791237));
#4764=CARTESIAN_POINT('Ctrl Pts',(-0.806395057945374,1.25178636753625,1.72712122828915));
#4765=CARTESIAN_POINT('Ctrl Pts',(-1.48893375321206,0.0178429493077419,
1.80562673866593));
#4766=CARTESIAN_POINT('Ctrl Pts',(-0.836161261605418,-1.23210244523541,
1.88413224904271));
#4767=CARTESIAN_POINT('Ctrl Pts',(0.566500528242015,-1.37706907792844,1.96263775941949));
#4768=CARTESIAN_POINT('Ctrl Pts',(1.46111117638862,-0.287047422106505,2.04114326979626));
#4769=CARTESIAN_POINT('Ctrl Pts',(1.04536258585469,1.06040518501228,2.11964878017305));
#4770=CARTESIAN_POINT('Ctrl Pts',(-0.307892024121908,1.45686121348853,2.19815429054982));
#4771=CARTESIAN_POINT('Ctrl Pts',(-1.38502174647564,0.546769469478886,2.27665980092661));
#4772=CARTESIAN_POINT('Ctrl Pts',(-1.22003104084972,-0.85367813118136,2.35516531130338));
#4773=CARTESIAN_POINT('Ctrl Pts',(0.0391125091869475,-1.48852689295606,
2.43367082168016));
#4774=CARTESIAN_POINT('Ctrl Pts',(1.26317902658111,-0.78842934152403,2.51217633205694));
#4775=CARTESIAN_POINT('Ctrl Pts',(1.35439657123845,0.618750372230937,2.59068184243372));
#4776=CARTESIAN_POINT('Ctrl Pts',(0.230959055399421,1.47102007070937,2.6691873528105));
#4777=CARTESIAN_POINT('Ctrl Pts',(-1.09960800072932,1.00404394410787,2.74769286318728));
#4778=CARTESIAN_POINT('Ctrl Pts',(-1.44402051970172,-0.363382558339536,
2.82619837356406));
#4779=CARTESIAN_POINT('Ctrl Pts',(-0.493400993672796,-1.40491913943761,
2.90470388394084));
#4780=CARTESIAN_POINT('Ctrl Pts',(0.899712057929499,-1.18649046370108,2.98320939431763));
#4781=CARTESIAN_POINT('Ctrl Pts',(1.48594235636227,0.0960103585822218,3.06171490469439));
#4782=CARTESIAN_POINT('Ctrl Pts',(0.739543443985101,1.29240815617001,3.14022041507119));
#4783=CARTESIAN_POINT('Ctrl Pts',(-0.670094128420576,1.32974103162163,3.21872592544795));
#4784=CARTESIAN_POINT('Ctrl Pts',(-1.47877817464056,0.174535410297871,3.29723143582474));
#4785=CARTESIAN_POINT('Ctrl Pts',(-0.961253437275869,-1.13720698396316,
3.37573694620151));
#4786=CARTESIAN_POINT('Ctrl Pts',(0.418336040448051,-1.42905749453552,3.4542424565783));
#4787=CARTESIAN_POINT('Ctrl Pts',(1.42277119968145,-0.439328788697669,3.53274796695508));
#4788=CARTESIAN_POINT('Ctrl Pts',(1.15119445102861,0.944464164303502,3.61125347733185));
#4789=CARTESIAN_POINT('Ctrl Pts',(-0.152730726951656,1.48111796976575,3.68975898770864));
#4790=CARTESIAN_POINT('Ctrl Pts',(-1.31981672520765,0.689700551410672,3.76826449808541));
#4791=CARTESIAN_POINT('Ctrl Pts',(-1.30300598413969,-0.720695477456842,
3.8467700084622));
#4792=CARTESIAN_POINT('Ctrl Pts',(-0.118111792067284,-1.48391816008585,
3.92527551883897));
#4793=CARTESIAN_POINT('Ctrl Pts',(1.17363357889045,-0.917936525740171,4.00378102921576));
#4794=CARTESIAN_POINT('Ctrl Pts',(1.41101907465228,0.474484805149038,4.08228653959253));
#4795=CARTESIAN_POINT('Ctrl Pts',(0.728299256547315,1.11420306734126,4.13462354651038));
#4796=CARTESIAN_POINT('Ctrl Pts',(0.326585063531089,1.22159831625555,4.16079204996931));
#4797=CARTESIAN_POINT('Ctrl Pts',(1.02845629995665,-0.885794229410674,-0.0535973499897702));
#4798=CARTESIAN_POINT('Ctrl Pts',(1.31974363173429,-0.547593458263643,-0.0274288465308437));
#4799=CARTESIAN_POINT('Ctrl Pts',(1.5382713394077,0.432629207326125,0.024908160387009));
#4800=CARTESIAN_POINT('Ctrl Pts',(0.485601382596107,1.52385898241622,0.103413670763789));
#4801=CARTESIAN_POINT('Ctrl Pts',(-1.00223619472022,1.24450785300428,0.181919181140568));
#4802=CARTESIAN_POINT('Ctrl Pts',(-1.5913966026385,-0.148960959735085,0.260424691517348));
#4803=CARTESIAN_POINT('Ctrl Pts',(-0.753277357700674,-1.40987216309113,
0.338930201894127));
#4804=CARTESIAN_POINT('Ctrl Pts',(0.760358564718695,-1.40583394421701,0.417435712270907));
#4805=CARTESIAN_POINT('Ctrl Pts',(1.59210803917637,-0.141295566485021,0.495941222647686));
#4806=CARTESIAN_POINT('Ctrl Pts',(0.996006036129,1.25010995401999,0.574446733024466));
#4807=CARTESIAN_POINT('Ctrl Pts',(-0.493332002761442,1.52030831837575,0.652952243401244));
#4808=CARTESIAN_POINT('Ctrl Pts',(-1.54024125248326,0.427099490046306,0.731457753778025));
#4809=CARTESIAN_POINT('Ctrl Pts',(-1.20582391071885,-1.04916411038964,0.809963264154802));
#4810=CARTESIAN_POINT('Ctrl Pts',(0.210004129626279,-1.58450093342303,0.888468774531586));
#4811=CARTESIAN_POINT('Ctrl Pts',(1.43749592163495,-0.698825676372996,0.96697428490836));
#4812=CARTESIAN_POINT('Ctrl Pts',(1.37580696121302,0.813576229696808,1.04547979528514));
#4813=CARTESIAN_POINT('Ctrl Pts',(0.0802617338160705,1.59634196505915,1.12398530566192));
#4814=CARTESIAN_POINT('Ctrl Pts',(-1.28726418966698,0.94747115145527,1.2024908160387));
#4815=CARTESIAN_POINT('Ctrl Pts',(-1.50034095067805,-0.551114776317311,
1.28099632641548));
#4816=CARTESIAN_POINT('Ctrl Pts',(-0.36787629655318,-1.55544762843255,1.35950183679226));
#4817=CARTESIAN_POINT('Ctrl Pts',(1.09450857554274,-1.16481819610281,1.43800734716904));
#4818=CARTESIAN_POINT('Ctrl Pts',(1.57531213166212,0.270447953443909,1.51651285754582));
#4819=CARTESIAN_POINT('Ctrl Pts',(0.643338319825287,1.46316991358267,1.5950183679226));
#4820=CARTESIAN_POINT('Ctrl Pts',(-0.865596593107568,1.34368632888035,1.67352387829938));
#4821=CARTESIAN_POINT('Ctrl Pts',(-1.59824390222209,0.0191528903601224,
1.75202938867616));
#4822=CARTESIAN_POINT('Ctrl Pts',(-0.897548084159024,-1.322557310399,1.83053489905293));
#4823=CARTESIAN_POINT('Ctrl Pts',(0.60809019401647,-1.47816667597855,1.90904040942972));
#4824=CARTESIAN_POINT('Ctrl Pts',(1.56837872947264,-0.30812102354493,1.98754591980649));
#4825=CARTESIAN_POINT('Ctrl Pts',(1.12210793451965,1.13825488687755,2.06605143018328));
#4826=CARTESIAN_POINT('Ctrl Pts',(-0.330495933102519,1.56381675532498,2.14455694056005));
#4827=CARTESIAN_POINT('Ctrl Pts',(-1.48670319010117,0.586910578546994,2.22306245093684));
#4828=CARTESIAN_POINT('Ctrl Pts',(-1.30959968323186,-0.916350955626861,
2.30156796131361));
#4829=CARTESIAN_POINT('Ctrl Pts',(0.0419839560852115,-1.59780717229922,
2.38007347169039));
#4830=CARTESIAN_POINT('Ctrl Pts',(1.35591538058212,-0.846311922679808,2.45857898206717));
#4831=CARTESIAN_POINT('Ctrl Pts',(1.45382966602951,0.664175963022111,2.53708449244395));
#4832=CARTESIAN_POINT('Ctrl Pts',(0.247914926475931,1.57901508578583,2.61559000282073));
#4833=CARTESIAN_POINT('Ctrl Pts',(-1.18033577935147,1.07775588253783,2.69409551319751));
#4834=CARTESIAN_POINT('Ctrl Pts',(-1.55003336133528,-0.390060307778725,
2.77260102357429));
#4835=CARTESIAN_POINT('Ctrl Pts',(-0.529624053311094,-1.50806135120336,
2.85110653395107));
#4836=CARTESIAN_POINT('Ctrl Pts',(0.96576446550387,-1.27359672286564,2.92961204432785));
#4837=CARTESIAN_POINT('Ctrl Pts',(1.59503289181683,0.103058964056097,3.00811755470463));
#4838=CARTESIAN_POINT('Ctrl Pts',(0.793837064427926,1.38729036824154,3.08662306508141));
#4839=CARTESIAN_POINT('Ctrl Pts',(-0.719289123745509,1.42736403868809,3.16512857545819));
#4840=CARTESIAN_POINT('Ctrl Pts',(-1.58734275132103,0.18734893653168,3.24363408583497));
#4841=CARTESIAN_POINT('Ctrl Pts',(-1.03182390841896,-1.22069509389693,3.32213959621174));
#4842=CARTESIAN_POINT('Ctrl Pts',(0.449048202637266,-1.5339718248975,3.40064510658853));
#4843=CARTESIAN_POINT('Ctrl Pts',(1.52722402137943,-0.471582134592567,3.4791506169653));
#4844=CARTESIAN_POINT('Ctrl Pts',(1.23570945158521,1.01380205009723,3.55765612734209));
#4845=CARTESIAN_POINT('Ctrl Pts',(-0.163943461222392,1.58985432262716,3.63616163771886));
#4846=CARTESIAN_POINT('Ctrl Pts',(-1.41671113880205,0.740334953300185,3.71466714809565));
#4847=CARTESIAN_POINT('Ctrl Pts',(-1.39866623630336,-0.773605373455715,
3.79317265847242));
#4848=CARTESIAN_POINT('Ctrl Pts',(-0.126782975431126,-1.5928600890654,3.87167816884921));
#4849=CARTESIAN_POINT('Ctrl Pts',(1.25979594918727,-0.985326883567675,3.95018367922598));
#4850=CARTESIAN_POINT('Ctrl Pts',(1.5146091134794,0.509319131822033,4.02868918960276));
#4851=CARTESIAN_POINT('Ctrl Pts',(0.78176738438399,1.19600234353858,4.08102619652061));
#4852=CARTESIAN_POINT('Ctrl Pts',(0.350561322973137,1.31128202024321,4.10719469997954));
#4853=CARTESIAN_POINT('Ctrl Pts',(1.09879644719092,-0.946377159884856,-0.107194699979541));
#4854=CARTESIAN_POINT('Ctrl Pts',(1.41000605841357,-0.585045515760308,-0.0810261965206141));
#4855=CARTESIAN_POINT('Ctrl Pts',(1.64347973037652,0.462218410233866,-0.028689189602761));
#4856=CARTESIAN_POINT('Ctrl Pts',(0.518813559671997,1.62808165594346,0.0498163207740183));
#4857=CARTESIAN_POINT('Ctrl Pts',(-1.07078304644655,1.3296246106324,0.128321831150798));
#4858=CARTESIAN_POINT('Ctrl Pts',(-1.70023843805963,-0.159148982153115,
0.206827341527578));
#4859=CARTESIAN_POINT('Ctrl Pts',(-0.804796941227108,-1.50629883239881,
0.285332851904356));
#4860=CARTESIAN_POINT('Ctrl Pts',(0.812362459677966,-1.50198442394797,0.363838362281136));
#4861=CARTESIAN_POINT('Ctrl Pts',(1.70099853252378,-0.150959322689852,0.442343872657916));
#4862=CARTESIAN_POINT('Ctrl Pts',(1.06412678295167,1.33560986123869,0.520849383034694));
#4863=CARTESIAN_POINT('Ctrl Pts',(-0.527072907174276,1.62428814810749,0.599354893411476));
#4864=CARTESIAN_POINT('Ctrl Pts',(-1.64558437350894,0.45631049397015,0.677860403788252));
#4865=CARTESIAN_POINT('Ctrl Pts',(-1.28829492229429,-1.12092054573923,0.756365914165035));
#4866=CARTESIAN_POINT('Ctrl Pts',(0.224367133089176,-1.69287114706702,0.834871424541812));
#4867=CARTESIAN_POINT('Ctrl Pts',(1.53581188778803,-0.74662109652768,0.913376934918593));
#4868=CARTESIAN_POINT('Ctrl Pts',(1.46990377818204,0.869219888825137,0.991882445295371));
#4869=CARTESIAN_POINT('Ctrl Pts',(0.0857511475851713,1.70552203315075,1.07038795567215));
#4870=CARTESIAN_POINT('Ctrl Pts',(-1.37530522032078,1.01227240776182,1.14889346604893));
#4871=CARTESIAN_POINT('Ctrl Pts',(-1.60295513406799,-0.588807670522706,
1.22739897642571));
#4872=CARTESIAN_POINT('Ctrl Pts',(-0.393036794733451,-1.66183077296066,
1.30590448680249));
#4873=CARTESIAN_POINT('Ctrl Pts',(1.16936629614408,-1.24448466653862,1.38440999717927));
#4874=CARTESIAN_POINT('Ctrl Pts',(1.68305388722889,0.288944946330482,1.46291550755605));
#4875=CARTESIAN_POINT('Ctrl Pts',(0.687338742730823,1.56324182442078,1.54142101793283));
#4876=CARTESIAN_POINT('Ctrl Pts',(-0.924798128269762,1.43558629022445,1.6199265283096));
#4877=CARTESIAN_POINT('Ctrl Pts',(-1.70755405123212,0.0204628314125027,
1.69843203868639));
#4878=CARTESIAN_POINT('Ctrl Pts',(-0.958934906712631,-1.41301217556258,
1.77693754906316));
#4879=CARTESIAN_POINT('Ctrl Pts',(0.649679859790926,-1.57926427402865,1.85544305943995));
#4880=CARTESIAN_POINT('Ctrl Pts',(1.67564628255666,-0.329194624983354,1.93394856981672));
#4881=CARTESIAN_POINT('Ctrl Pts',(1.19885328318462,1.21610458874282,2.0124540801935));
#4882=CARTESIAN_POINT('Ctrl Pts',(-0.353099842083131,1.67077229716142,2.09095959057029));
#4883=CARTESIAN_POINT('Ctrl Pts',(-1.5883846337267,0.627051687615103,2.16946510094706));
#4884=CARTESIAN_POINT('Ctrl Pts',(-1.39916832561399,-0.979023780072362,
2.24797061132385));
#4885=CARTESIAN_POINT('Ctrl Pts',(0.0448554029834759,-1.70708745164237,
2.32647612170062));
#4886=CARTESIAN_POINT('Ctrl Pts',(1.44865173458313,-0.904194503835585,2.4049816320774));
#4887=CARTESIAN_POINT('Ctrl Pts',(1.55326276082058,0.709601553813284,2.48348714245418));
#4888=CARTESIAN_POINT('Ctrl Pts',(0.26487079755244,1.68701010086229,2.56199265283096));
#4889=CARTESIAN_POINT('Ctrl Pts',(-1.26106355797362,1.15146782096779,2.64049816320774));
#4890=CARTESIAN_POINT('Ctrl Pts',(-1.65604620296885,-0.416738057217913,
2.71900367358452));
#4891=CARTESIAN_POINT('Ctrl Pts',(-0.565847112949389,-1.61120356296911,
2.7975091839613));
#4892=CARTESIAN_POINT('Ctrl Pts',(1.03181687307824,-1.3607029820302,2.87601469433808));
#4893=CARTESIAN_POINT('Ctrl Pts',(1.7041234272714,0.110107569529973,2.95452020471486));
#4894=CARTESIAN_POINT('Ctrl Pts',(0.848130684870748,1.48217258031307,3.03302571509164));
#4895=CARTESIAN_POINT('Ctrl Pts',(-0.768484119070441,1.52498704575455,3.11153122546841));
#4896=CARTESIAN_POINT('Ctrl Pts',(-1.69590732800151,0.200162462765489,3.1900367358452));
#4897=CARTESIAN_POINT('Ctrl Pts',(-1.10239437956206,-1.30418320383069,3.26854224622197));
#4898=CARTESIAN_POINT('Ctrl Pts',(0.479760364826479,-1.63888615525947,3.34704775659876));
#4899=CARTESIAN_POINT('Ctrl Pts',(1.63167684307741,-0.503835480487466,3.42555326697553));
#4900=CARTESIAN_POINT('Ctrl Pts',(1.32022445214181,1.08313993589097,3.50405877735232));
#4901=CARTESIAN_POINT('Ctrl Pts',(-0.175156195493128,1.69859067548857,3.58256428772909));
#4902=CARTESIAN_POINT('Ctrl Pts',(-1.51360555239644,0.790969355189699,3.66106979810587));
#4903=CARTESIAN_POINT('Ctrl Pts',(-1.49432648846704,-0.82651526945459,3.73957530848266));
#4904=CARTESIAN_POINT('Ctrl Pts',(-0.135454158794969,-1.70180201804495,
3.81808081885943));
#4905=CARTESIAN_POINT('Ctrl Pts',(1.34595831948409,-1.05271724139518,3.89658632923621));
#4906=CARTESIAN_POINT('Ctrl Pts',(1.61819915230651,0.544153458495029,3.97509183961299));
#4907=CARTESIAN_POINT('Ctrl Pts',(0.835235512220665,1.2778016197359,4.02742884653084));
#4908=CARTESIAN_POINT('Ctrl Pts',(0.374537582415184,1.40096572423086,4.05359734998977));
#4909=CARTESIAN_POINT('Ctrl Pts',(1.16913659442518,-1.00696009035904,-0.160792049969311));
#4910=CARTESIAN_POINT('Ctrl Pts',(1.50026848509284,-0.622497573256975,-0.134623546510384));
#4911=CARTESIAN_POINT('Ctrl Pts',(1.74868812134535,0.491807613141609,-0.0822865395925312));
#4912=CARTESIAN_POINT('Ctrl Pts',(0.552025736747883,1.7323043294707,-0.00378102921575189));
#4913=CARTESIAN_POINT('Ctrl Pts',(-1.13932989817287,1.41474136826052,0.0747244811610275));
#4914=CARTESIAN_POINT('Ctrl Pts',(-1.80908027348076,-0.169337004571145,
0.153229991537807));
#4915=CARTESIAN_POINT('Ctrl Pts',(-0.85631652475354,-1.60272550170649,0.231735501914586));
#4916=CARTESIAN_POINT('Ctrl Pts',(0.864366354637237,-1.59813490367892,0.310241012291366));
#4917=CARTESIAN_POINT('Ctrl Pts',(1.80988902587118,-0.160623078894685,0.388746522668145));
#4918=CARTESIAN_POINT('Ctrl Pts',(1.13224752977435,1.42110976845739,0.467252033044925));
#4919=CARTESIAN_POINT('Ctrl Pts',(-0.56081381158711,1.72826797783923,0.545757543421704));
#4920=CARTESIAN_POINT('Ctrl Pts',(-1.75092749453463,0.485521497893995,0.624263053798484));
#4921=CARTESIAN_POINT('Ctrl Pts',(-1.37076593386973,-1.19267698108882,0.702768564175262));
#4922=CARTESIAN_POINT('Ctrl Pts',(0.238730136552074,-1.80124136071101,0.781274074552044));
#4923=CARTESIAN_POINT('Ctrl Pts',(1.63412785394111,-0.794416516682366,0.859779584928821));
#4924=CARTESIAN_POINT('Ctrl Pts',(1.56400059515105,0.924863547953469,0.938285095305602));
#4925=CARTESIAN_POINT('Ctrl Pts',(0.0912405613542716,1.81470210124234,1.01679060568238));
#4926=CARTESIAN_POINT('Ctrl Pts',(-1.46334625097457,1.07707366406838,1.09529611605916));
#4927=CARTESIAN_POINT('Ctrl Pts',(-1.70556931745793,-0.626500564728103,
1.17380162643594));
#4928=CARTESIAN_POINT('Ctrl Pts',(-0.418197292913722,-1.76821391748877,
1.25230713681272));
#4929=CARTESIAN_POINT('Ctrl Pts',(1.24422401674542,-1.32415113697443,1.3308126471895));
#4930=CARTESIAN_POINT('Ctrl Pts',(1.79079564279566,0.307441939217058,1.40931815756628));
#4931=CARTESIAN_POINT('Ctrl Pts',(0.731339165636358,1.66331373525889,1.48782366794306));
#4932=CARTESIAN_POINT('Ctrl Pts',(-0.983999663431957,1.52748625156855,1.56632917831984));
#4933=CARTESIAN_POINT('Ctrl Pts',(-1.81686420024216,0.0217727724648825,
1.64483468869662));
#4934=CARTESIAN_POINT('Ctrl Pts',(-1.02032172926624,-1.50346704072617,1.7233401990734));
#4935=CARTESIAN_POINT('Ctrl Pts',(0.691269525565383,-1.68036187207875,1.80184570945018));
#4936=CARTESIAN_POINT('Ctrl Pts',(1.78291383564068,-0.350268226421778,1.88035121982696));
#4937=CARTESIAN_POINT('Ctrl Pts',(1.27559863184958,1.2939542906081,1.95885673020373));
#4938=CARTESIAN_POINT('Ctrl Pts',(-0.375703751063743,1.77772783899787,2.03736224058052));
#4939=CARTESIAN_POINT('Ctrl Pts',(-1.69006607735224,0.66719279668321,2.11586775095729));
#4940=CARTESIAN_POINT('Ctrl Pts',(-1.48873696799613,-1.04169660451786,2.19437326133408));
#4941=CARTESIAN_POINT('Ctrl Pts',(0.0477268498817409,-1.81636773098553,
2.27287877171085));
#4942=CARTESIAN_POINT('Ctrl Pts',(1.54138808858414,-0.962077084991362,2.35138428208763));
#4943=CARTESIAN_POINT('Ctrl Pts',(1.65269585561165,0.755027144604458,2.42988979246441));
#4944=CARTESIAN_POINT('Ctrl Pts',(0.28182666862895,1.79500511593876,2.50839530284119));
#4945=CARTESIAN_POINT('Ctrl Pts',(-1.34179133659576,1.22517975939775,2.58690081321797));
#4946=CARTESIAN_POINT('Ctrl Pts',(-1.76205904460241,-0.443415806657102,
2.66540632359475));
#4947=CARTESIAN_POINT('Ctrl Pts',(-0.602070172587684,-1.71434577473486,
2.74391183397153));
#4948=CARTESIAN_POINT('Ctrl Pts',(1.09786928065261,-1.44780924119476,2.82241734434831));
#4949=CARTESIAN_POINT('Ctrl Pts',(1.81321396272596,0.11715617500385,2.90092285472509));
#4950=CARTESIAN_POINT('Ctrl Pts',(0.902424305313572,1.5770547923846,2.97942836510186));
#4951=CARTESIAN_POINT('Ctrl Pts',(-0.817679114395372,1.62261005282101,3.05793387547865));
#4952=CARTESIAN_POINT('Ctrl Pts',(-1.80447190468199,0.212975988999299,3.13643938585542));
#4953=CARTESIAN_POINT('Ctrl Pts',(-1.17296485070515,-1.38767131376446,3.21494489623221));
#4954=CARTESIAN_POINT('Ctrl Pts',(0.510472527015693,-1.74380048562144,3.29345040660899));
#4955=CARTESIAN_POINT('Ctrl Pts',(1.73612966477539,-0.536088826382367,3.37195591698576));
#4956=CARTESIAN_POINT('Ctrl Pts',(1.40473945269841,1.1524778216847,3.45046142736255));
#4957=CARTESIAN_POINT('Ctrl Pts',(-0.186368929763864,1.80732702834998,3.52896693773932));
#4958=CARTESIAN_POINT('Ctrl Pts',(-1.61049996599083,0.841603757079214,3.60747244811611));
#4959=CARTESIAN_POINT('Ctrl Pts',(-1.58998674063071,-0.879425165453465,
3.68597795849288));
#4960=CARTESIAN_POINT('Ctrl Pts',(-0.144125342158813,-1.81074394702449,
3.76448346886967));
#4961=CARTESIAN_POINT('Ctrl Pts',(1.43212068978092,-1.12010759922268,3.84298897924644));
#4962=CARTESIAN_POINT('Ctrl Pts',(1.72178919113362,0.578987785168023,3.92149448962322));
#4963=CARTESIAN_POINT('Ctrl Pts',(0.88870364005734,1.35960089593322,3.97383149654107));
#4964=CARTESIAN_POINT('Ctrl Pts',(0.398513841857232,1.49064942821852,4.));
#4965=CARTESIAN_POINT('Ctrl Pts',(-1.2658067216596,0.000777893515349678,
3.30658032638058));
#4966=CARTESIAN_POINT('Ctrl Pts',(-1.26616643423533,0.0501498130321977,
3.30346402952864));
#4967=CARTESIAN_POINT('Ctrl Pts',(-1.26352219999187,0.0994828734607139,
3.30034773267669));
#4968=CARTESIAN_POINT('Ctrl Pts',(-1.25774337737645,0.148445948141656,3.29723143582474));
#4969=CARTESIAN_POINT('Ctrl Pts',(-1.20921682590056,0.559603950739125,3.27106293236581));
#4970=CARTESIAN_POINT('Ctrl Pts',(-0.939655477160564,0.944672491180382,
3.24489442890688));
#4971=CARTESIAN_POINT('Ctrl Pts',(-0.569935207389616,1.1309846154924,3.21872592544795));
#4972=CARTESIAN_POINT('Ctrl Pts',(-0.200214937618673,1.31729673980442,3.19255742198903));
#4973=CARTESIAN_POINT('Ctrl Pts',(0.269664253183208,1.30485244798722,3.16638891853011));
#4974=CARTESIAN_POINT('Ctrl Pts',(0.629003667313681,1.09923066914732,3.14022041507118));
#4975=CARTESIAN_POINT('Ctrl Pts',(0.988343081444156,0.893608890307417,3.11405191161225));
#4976=CARTESIAN_POINT('Ctrl Pts',(1.23714271890321,0.494809624444818,3.08788340815332));
#4977=CARTESIAN_POINT('Ctrl Pts',(1.26383748789395,0.0816598544662999,3.0617149046944));
#4978=CARTESIAN_POINT('Ctrl Pts',(1.29053225688468,-0.331489915512216,3.03554640123547));
#4979=CARTESIAN_POINT('Ctrl Pts',(1.09512215740709,-0.75899018960665,3.00937789777655));
#4980=CARTESIAN_POINT('Ctrl Pts',(0.765231599067912,-1.00914510594329,2.98320939431762));
#4981=CARTESIAN_POINT('Ctrl Pts',(0.435341040728736,-1.25930002227993,2.9570408908587));
#4982=CARTESIAN_POINT('Ctrl Pts',(-0.0290299764720295,-1.33210958085877,
2.93087238739977));
#4983=CARTESIAN_POINT('Ctrl Pts',(-0.419652072743898,-1.19492492996518,
2.90470388394084));
#4984=CARTESIAN_POINT('Ctrl Pts',(-0.810274169015769,-1.05774027907159,
2.87853538048191));
#4985=CARTESIAN_POINT('Ctrl Pts',(-1.12714734435874,-0.71056141870556,2.85236687702299));
#4986=CARTESIAN_POINT('Ctrl Pts',(-1.22818184553483,-0.309067571447978,
2.82619837356406));
#4987=CARTESIAN_POINT('Ctrl Pts',(-1.25342974981211,-0.20873671312259,2.8196590245029));
#4988=CARTESIAN_POINT('Ctrl Pts',(-1.26519918610708,-0.105014049252608,
2.81311967544174));
#4989=CARTESIAN_POINT('Ctrl Pts',(-1.26429349912244,-0.00108910952676108,
2.80658032638058));
#4990=CARTESIAN_POINT('',(-1.32996766992034,3.59273078186751E-5,3.7675692203228));
#4991=CARTESIAN_POINT('Ctrl Pts',(-1.32996766992034,3.59273078188016E-5,
3.7675692203228));
#4992=CARTESIAN_POINT('Ctrl Pts',(-1.32800120002231,0.0531359345586542,
3.76556574688685));
#4993=CARTESIAN_POINT('Ctrl Pts',(-1.3230215085298,0.106131280953005,3.76355712925754));
#4994=CARTESIAN_POINT('Ctrl Pts',(-1.3149930264896,0.158717467431571,3.76153970352616));
#4995=CARTESIAN_POINT('Ctrl Pts',(-1.31227698594549,0.176507407524943,3.76085720712726));
#4996=CARTESIAN_POINT('Ctrl Pts',(-1.30921165843961,0.194250384617815,3.7601737026647));
#4997=CARTESIAN_POINT('Ctrl Pts',(-1.30579456274601,0.211934093065324,3.75948904828074));
#4998=CARTESIAN_POINT('Ctrl Pts',(-1.30345620283292,0.224035268641358,3.75902053100487));
#4999=CARTESIAN_POINT('Ctrl Pts',(-1.3009522997609,0.236111655785712,3.75855135777841));
#5000=CARTESIAN_POINT('Ctrl Pts',(-1.29828770358389,0.248135040839383,3.75808243059562));
#5001=CARTESIAN_POINT('Ctrl Pts',(-1.2864543587411,0.301530321800027,3.75599994728802));
#5002=CARTESIAN_POINT('Ctrl Pts',(-1.27143869728076,0.353979018063297,3.75391854497794));
#5003=CARTESIAN_POINT('Ctrl Pts',(-1.25324211356646,0.40515912213384,3.75183406261797));
#5004=CARTESIAN_POINT('Ctrl Pts',(-1.23556603576151,0.45487524005028,3.74980920603191));
#5005=CARTESIAN_POINT('Ctrl Pts',(-1.21488811418236,0.503395221729139,3.74778144308296));
#5006=CARTESIAN_POINT('Ctrl Pts',(-1.19116469105413,0.550405356080937,3.74574695968233));
#5007=CARTESIAN_POINT('Ctrl Pts',(-1.18158172233564,0.569394885733137,3.74492513937921));
#5008=CARTESIAN_POINT('Ctrl Pts',(-1.17150131539322,0.588137760401837,3.74410222248706));
#5009=CARTESIAN_POINT('Ctrl Pts',(-1.16091858021514,0.606611900336927,3.74327795760956));
#5010=CARTESIAN_POINT('Ctrl Pts',(-1.14913676253834,0.627179262629222,3.74236029895698));
#5011=CARTESIAN_POINT('Ctrl Pts',(-1.13673231988483,0.647413560685351,3.741440969545));
#5012=CARTESIAN_POINT('Ctrl Pts',(-1.12372808022449,0.667299190614488,3.74051962247542));
#5013=CARTESIAN_POINT('Ctrl Pts',(-1.11820733174971,0.675741326715386,3.74012847885134));
#5014=CARTESIAN_POINT('Ctrl Pts',(-1.11257846696972,0.684120604800364,3.73973697158574));
#5015=CARTESIAN_POINT('Ctrl Pts',(-1.10684317005,0.692435749642621,3.73934507413618));
#5016=CARTESIAN_POINT('Ctrl Pts',(-1.10099898767809,0.700908758727787,3.73894573645613));
#5017=CARTESIAN_POINT('Ctrl Pts',(-1.09504926558258,0.709307902719153,3.73854633531237));
#5018=CARTESIAN_POINT('Ctrl Pts',(-1.08899908058666,0.717628506488002,3.73814702182399));
#5019=CARTESIAN_POINT('Ctrl Pts',(-1.05765595403039,0.76073359122962,3.73607836884721));
#5020=CARTESIAN_POINT('Ctrl Pts',(-1.02359753310331,0.801766272406715,3.73401051414954));
#5021=CARTESIAN_POINT('Ctrl Pts',(-0.987134358409929,0.840592019820996,
3.73193937436929));
#5022=CARTESIAN_POINT('Ctrl Pts',(-0.950087378033927,0.880039399667539,
3.7298350739226));
#5023=CARTESIAN_POINT('Ctrl Pts',(-0.910557086788086,0.917209293511296,
3.72772738235742));
#5024=CARTESIAN_POINT('Ctrl Pts',(-0.868830622662823,0.951923244478287,
3.725612017021));
#5025=CARTESIAN_POINT('Ctrl Pts',(-0.847767582608306,0.969446448396867,
3.72454420488438));
#5026=CARTESIAN_POINT('Ctrl Pts',(-0.826144415923165,0.986343199023704,
3.72347443738299));
#5027=CARTESIAN_POINT('Ctrl Pts',(-0.803995583527944,1.00258615401002,3.72240216365678));
#5028=CARTESIAN_POINT('Ctrl Pts',(-0.788922014899989,1.01364042957355,3.72167241902233));
#5029=CARTESIAN_POINT('Ctrl Pts',(-0.773604948215301,1.02439183063417,3.72094151360626));
#5030=CARTESIAN_POINT('Ctrl Pts',(-0.758054967398188,1.03483086208203,3.7202092737737));
#5031=CARTESIAN_POINT('Ctrl Pts',(-0.748312319333414,1.04137130806262,3.71975049796738));
#5032=CARTESIAN_POINT('Ctrl Pts',(-0.738476172055186,1.04779026604044,3.7192911058232));
#5033=CARTESIAN_POINT('Ctrl Pts',(-0.728568638642024,1.05407334559057,3.71883195064557));
#5034=CARTESIAN_POINT('Ctrl Pts',(-0.683059086686495,1.08293422582217,3.71672285390672));
#5035=CARTESIAN_POINT('Ctrl Pts',(-0.635960896389142,1.10899029739891,3.71461472959328));
#5036=CARTESIAN_POINT('Ctrl Pts',(-0.58756051801874,1.13208000586848,3.71250324614223));
#5037=CARTESIAN_POINT('Ctrl Pts',(-0.540066382897659,1.1547373852296,3.71043129787021));
#5038=CARTESIAN_POINT('Ctrl Pts',(-0.491317340379085,1.17453883860189,3.70835611507515));
#5039=CARTESIAN_POINT('Ctrl Pts',(-0.441565181779121,1.19128641095916,3.70627360497785));
#5040=CARTESIAN_POINT('Ctrl Pts',(-0.391813023179157,1.20803398331642,3.70419109488054));
#5041=CARTESIAN_POINT('Ctrl Pts',(-0.341056826365462,1.22172821912778,3.702101257481));
#5042=CARTESIAN_POINT('Ctrl Pts',(-0.289543712563166,1.23211825076255,3.7));
#5043=CARTESIAN_POINT('Ctrl Pts',(0.7809248764689,1.32816220226582,3.9785));
#5044=CARTESIAN_POINT('Ctrl Pts',(0.832935212503304,1.29478574278271,3.97648272906189));
#5045=CARTESIAN_POINT('Ctrl Pts',(0.882920475513794,1.25839081945257,3.9744650744668));
#5046=CARTESIAN_POINT('Ctrl Pts',(0.9306526112965,1.21923466810339,3.97244330887294));
#5047=CARTESIAN_POINT('Ctrl Pts',(0.959973719032182,1.19518165406164,3.97120136975117));
#5048=CARTESIAN_POINT('Ctrl Pts',(0.988444071256873,1.17008580469718,3.9699578793631));
#5049=CARTESIAN_POINT('Ctrl Pts',(1.0160041222788,1.14399969682731,3.96871197372068));
#5050=CARTESIAN_POINT('Ctrl Pts',(1.02722321092535,1.13338061791476,3.96820479302509));
#5051=CARTESIAN_POINT('Ctrl Pts',(1.03829138494006,1.12259738729378,3.96769721209181));
#5052=CARTESIAN_POINT('Ctrl Pts',(1.04920433795905,1.11165334763591,3.96718917263801));
#5053=CARTESIAN_POINT('Ctrl Pts',(1.0586827411004,1.10214794431459,3.96674791693514));
#5054=CARTESIAN_POINT('Ctrl Pts',(1.06804253382285,1.09252261297823,3.96630638243772));
#5055=CARTESIAN_POINT('Ctrl Pts',(1.07727334102407,1.08278796594666,3.96586490272666));
#5056=CARTESIAN_POINT('Ctrl Pts',(1.11799720784702,1.03984129176743,3.96391721163461));
#5057=CARTESIAN_POINT('Ctrl Pts',(1.15625709192392,0.994725732377725,3.96196856177564));
#5058=CARTESIAN_POINT('Ctrl Pts',(1.19183183040668,0.947647710140243,3.96001559844518));
#5059=CARTESIAN_POINT('Ctrl Pts',(1.2081088804328,0.926107388109165,3.9591220294919));
#5060=CARTESIAN_POINT('Ctrl Pts',(1.22382331223603,0.904155849754289,3.95822755752376));
#5061=CARTESIAN_POINT('Ctrl Pts',(1.23895120883813,0.881811219358316,3.9573318612071));
#5062=CARTESIAN_POINT('Ctrl Pts',(1.24939974629916,0.866378227324735,3.95671322156641));
#5063=CARTESIAN_POINT('Ctrl Pts',(1.25956844661579,0.850757694957981,3.95609399786369));
#5064=CARTESIAN_POINT('Ctrl Pts',(1.26944888533863,0.834955375479926,3.95547408422548));
#5065=CARTESIAN_POINT('Ctrl Pts',(1.27496918648157,0.826126459606568,3.95512773219987));
#5066=CARTESIAN_POINT('Ctrl Pts',(1.28039843757072,0.817242370607822,3.95478122775403));
#5067=CARTESIAN_POINT('Ctrl Pts',(1.28573070651835,0.808312050902508,3.95443485565222));
#5068=CARTESIAN_POINT('Ctrl Pts',(1.31668436790601,0.75647181273057,3.95242417598496));
#5069=CARTESIAN_POINT('Ctrl Pts',(1.34441977856247,0.703002530051761,3.95041507022306));
#5070=CARTESIAN_POINT('Ctrl Pts',(1.36870383268581,0.64812423620843,3.9484038246245));
#5071=CARTESIAN_POINT('Ctrl Pts',(1.39298788680915,0.593245942365099,3.94639257902594));
#5072=CARTESIAN_POINT('Ctrl Pts',(1.41382128468911,0.536957866178524,3.94437919359072));
#5073=CARTESIAN_POINT('Ctrl Pts',(1.43092097059668,0.479459300837401,3.94235995457682));
#5074=CARTESIAN_POINT('Ctrl Pts',(1.44817641635328,0.421436985065724,3.94032232245525));
#5075=CARTESIAN_POINT('Ctrl Pts',(1.46162951791332,0.362180830834804,3.93827872962963));
#5076=CARTESIAN_POINT('Ctrl Pts',(1.47134007235047,0.302041925315091,3.93622535994605));
#5077=CARTESIAN_POINT('Ctrl Pts',(1.47348865682038,0.288735422656205,3.93577102561925));
#5078=CARTESIAN_POINT('Ctrl Pts',(1.47545416007601,0.275382014495084,3.9353160873922));
#5079=CARTESIAN_POINT('Ctrl Pts',(1.47723380127571,0.262011929826265,3.93486139924281));
#5080=CARTESIAN_POINT('Ctrl Pts',(1.48510201277072,0.202899647025377,3.93285111620131));
#5081=CARTESIAN_POINT('Ctrl Pts',(1.48935916121448,0.143365171433873,3.93084239528353));
#5082=CARTESIAN_POINT('Ctrl Pts',(1.49012535125947,0.0837461295168615,3.92883152242352));
#5083=CARTESIAN_POINT('Ctrl Pts',(1.49090069381401,0.0234149093954365,3.92679662871755));
#5084=CARTESIAN_POINT('Ctrl Pts',(1.48810100833372,-0.0370040399863794,
3.9247595313503));
#5085=CARTESIAN_POINT('Ctrl Pts',(1.48179714562843,-0.0971626238186229,
3.92271638156066));
#5086=CARTESIAN_POINT('Ctrl Pts',(1.47796800190774,-0.133704641672836,3.92147531484439));
#5087=CARTESIAN_POINT('Ctrl Pts',(1.47284489902598,-0.170150553021624,3.92023201497206));
#5088=CARTESIAN_POINT('Ctrl Pts',(1.46643463229328,-0.206419937179152,3.9189856193511));
#5089=CARTESIAN_POINT('Ctrl Pts',(1.46196396036543,-0.231715065190957,3.91811635350836));
#5090=CARTESIAN_POINT('Ctrl Pts',(1.45686707044132,-0.256924288222235,3.91724558189405));
#5091=CARTESIAN_POINT('Ctrl Pts',(1.45114438643812,-0.282019349984102,3.9163730118937));
#5092=CARTESIAN_POINT('Ctrl Pts',(1.44870895127682,-0.292699198068591,3.9160016673186));
#5093=CARTESIAN_POINT('Ctrl Pts',(1.44615985782524,-0.303359147704118,3.91562996843627));
#5094=CARTESIAN_POINT('Ctrl Pts',(1.44350135569072,-0.313981002761625,3.91525845391379));
#5095=CARTESIAN_POINT('Ctrl Pts',(1.42893984801229,-0.372160464786772,3.91322354429254));
#5096=CARTESIAN_POINT('Ctrl Pts',(1.41107504875935,-0.429312086454275,3.91119020381689));
#5097=CARTESIAN_POINT('Ctrl Pts',(1.38998534424491,-0.485102399595555,3.90915457744536));
#5098=CARTESIAN_POINT('Ctrl Pts',(1.36920330967572,-0.540078808370464,3.90714864807853));
#5099=CARTESIAN_POINT('Ctrl Pts',(1.34528940588117,-0.593734340175397,3.90514049902551));
#5100=CARTESIAN_POINT('Ctrl Pts',(1.31827271919901,-0.645730978840538,3.90312644151473));
#5101=CARTESIAN_POINT('Ctrl Pts',(1.29484744830989,-0.690815535669598,3.90138011920173));
#5102=CARTESIAN_POINT('Ctrl Pts',(1.26908869695756,-0.734653034990452,3.89962935488207));
#5103=CARTESIAN_POINT('Ctrl Pts',(1.24098979505441,-0.777002669079013,3.89787174397498));
#5104=CARTESIAN_POINT('Ctrl Pts',(1.23377982436279,-0.787869272394397,3.89742075399782));
#5105=CARTESIAN_POINT('Ctrl Pts',(1.22641566180375,-0.798637793838343,3.89696931324293));
#5106=CARTESIAN_POINT('Ctrl Pts',(1.21889695611635,-0.80930389696304,3.89651738108731));
#5107=CARTESIAN_POINT('Ctrl Pts',(1.2133893988539,-0.817116966947281,3.89618633445119));
#5108=CARTESIAN_POINT('Ctrl Pts',(1.20780065684612,-0.824872503891966,3.89585513163095));
#5109=CARTESIAN_POINT('Ctrl Pts',(1.20213595633191,-0.83256206966682,3.89552405493153));
#5110=CARTESIAN_POINT('Ctrl Pts',(1.18539571925732,-0.855286157859795,3.89454566208899));
#5111=CARTESIAN_POINT('Ctrl Pts',(1.16797962304396,-0.877452330360603,3.89356760517224));
#5112=CARTESIAN_POINT('Ctrl Pts',(1.14989297707842,-0.89902428188127,3.892589455335));
#5113=CARTESIAN_POINT('Ctrl Pts',(1.11217005529319,-0.944016429210259,3.89054934961974));
#5114=CARTESIAN_POINT('Ctrl Pts',(1.07153294542371,-0.986426379134732,3.88850883969539));
#5115=CARTESIAN_POINT('Ctrl Pts',(1.02833693488825,-1.02616822282967,3.88646403472073));
#5116=CARTESIAN_POINT('Ctrl Pts',(0.990540425669712,-1.06094233606274,3.88467483036791));
#5117=CARTESIAN_POINT('Ctrl Pts',(0.9507835512742,-1.09367329451585,3.8828823376172));
#5118=CARTESIAN_POINT('Ctrl Pts',(0.909282905924963,-1.12427682536883,3.88108394990894));
#5119=CARTESIAN_POINT('Ctrl Pts',(0.889071859456387,-1.13918091611168,3.88020812503359));
#5120=CARTESIAN_POINT('Ctrl Pts',(0.868446992247952,-1.15358003838268,3.87933090202493));
#5121=CARTESIAN_POINT('Ctrl Pts',(0.847432248681153,-1.16746207882293,3.87845197981155));
#5122=CARTESIAN_POINT('Ctrl Pts',(0.8341911049916,-1.17620898984706,3.87789818122332));
#5123=CARTESIAN_POINT('Ctrl Pts',(0.820795164202446,-1.18475058164247,3.87734370803171));
#5124=CARTESIAN_POINT('Ctrl Pts',(0.80725032894781,-1.1930834844564,3.87678848492306));
#5125=CARTESIAN_POINT('Ctrl Pts',(0.797968293314243,-1.19879387512531,3.87640800036329));
#5126=CARTESIAN_POINT('Ctrl Pts',(0.788623288533425,-1.20440193095308,3.87602744946323));
#5127=CARTESIAN_POINT('Ctrl Pts',(0.779222395400696,-1.20990422256296,3.87564700499547));
#5128=CARTESIAN_POINT('Ctrl Pts',(0.728695995324321,-1.23947704966484,3.87360225359645));
#5129=CARTESIAN_POINT('Ctrl Pts',(0.676513209862206,-1.26602557969963,3.87155875948262));
#5130=CARTESIAN_POINT('Ctrl Pts',(0.623004844984212,-1.2894538270561,3.86951260435332));
#5131=CARTESIAN_POINT('Ctrl Pts',(0.56939741092639,-1.3129254511305,3.86746266082736));
#5132=CARTESIAN_POINT('Ctrl Pts',(0.514458399729543,-1.33326561712626,3.86541004642321));
#5133=CARTESIAN_POINT('Ctrl Pts',(0.45850068071501,-1.35032996326666,3.86335082103602));
#5134=CARTESIAN_POINT('Ctrl Pts',(0.412374934295878,-1.36439604238394,3.8616534089595));
#5135=CARTESIAN_POINT('Ctrl Pts',(0.365556377004565,-1.37623555516657,3.85995150495432));
#5136=CARTESIAN_POINT('Ctrl Pts',(0.318217989096609,-1.38574037638811,3.85824290224579));
#5137=CARTESIAN_POINT('Ctrl Pts',(0.308025464121606,-1.38778687885608,3.8578750195073));
#5138=CARTESIAN_POINT('Ctrl Pts',(0.2978088471674,-1.38972505046636,3.85750682622178));
#5139=CARTESIAN_POINT('Ctrl Pts',(0.287569883410871,-1.39155365074389,3.85713830036184));
#5140=CARTESIAN_POINT('Ctrl Pts',(0.277173348161386,-1.3934103920797,3.8567641031106));
#5141=CARTESIAN_POINT('Ctrl Pts',(0.26676197651936,-1.39515266415167,3.85638985828631));
#5142=CARTESIAN_POINT('Ctrl Pts',(0.256342226233502,-1.39677904292328,3.85601570642287));
#5143=CARTESIAN_POINT('Ctrl Pts',(0.199378644188855,-1.40567026949311,3.8539702610153));
#5144=CARTESIAN_POINT('Ctrl Pts',(0.142121567300475,-1.41110978338173,3.85192601873118));
#5145=CARTESIAN_POINT('Ctrl Pts',(0.084872601757206,-1.41296925492186,3.84987905407006));
#5146=CARTESIAN_POINT('Ctrl Pts',(0.0291356615075093,-1.41477961521648,
3.84788615261015));
#5147=CARTESIAN_POINT('Ctrl Pts',(-0.0265945327080231,-1.41319664097441,
3.84589067067778));
#5148=CARTESIAN_POINT('Ctrl Pts',(-0.0820390934935104,-1.40805264074184,
3.84388898566388));
#5149=CARTESIAN_POINT('Ctrl Pts',(-0.0919130183820422,-1.40713656401216,
3.84353251268983));
#5150=CARTESIAN_POINT('Ctrl Pts',(-0.101777862487536,-1.40610741863703,
3.8431758429864));
#5151=CARTESIAN_POINT('Ctrl Pts',(-0.111632014493227,-1.40496408383803,
3.84281895609319));
#5152=CARTESIAN_POINT('Ctrl Pts',(-0.139744460302442,-1.40170231787785,
3.84180081029641));
#5153=CARTESIAN_POINT('Ctrl Pts',(-0.167769976784985,-1.39751139388874,
3.84078089684205));
#5154=CARTESIAN_POINT('Ctrl Pts',(-0.195674661931123,-1.39241399986866,
3.83975874066602));
#5155=CARTESIAN_POINT('Ctrl Pts',(-0.210323953451477,-1.3897379900659,3.83922213314927));
#5156=CARTESIAN_POINT('Ctrl Pts',(-0.224939923762476,-1.38681210915333,
3.83868490753874));
#5157=CARTESIAN_POINT('Ctrl Pts',(-0.239517511675469,-1.3836393365766,3.83814699510058));
#5158=CARTESIAN_POINT('Ctrl Pts',(-0.252891582645628,-1.38072850620696,
3.83765349239172));
#5159=CARTESIAN_POINT('Ctrl Pts',(-0.266237844739326,-1.37760858033395,
3.83715924285361));
#5160=CARTESIAN_POINT('Ctrl Pts',(-0.279523830480337,-1.37428931017519,
3.83666525618829));
#5161=CARTESIAN_POINT('Ctrl Pts',(-0.334400580917953,-1.360579318031,3.8346248819563));
#5162=CARTESIAN_POINT('Ctrl Pts',(-0.388336165362464,-1.34345639973545,
3.8325858271333));
#5163=CARTESIAN_POINT('Ctrl Pts',(-0.441078691456539,-1.32315981950723,
3.83054419269322));
#5164=CARTESIAN_POINT('Ctrl Pts',(-0.494501525356476,-1.30260144063219,
3.82847622390874));
#5165=CARTESIAN_POINT('Ctrl Pts',(-0.546701298501231,-1.27878639667467,
3.82640560853079));
#5166=CARTESIAN_POINT('Ctrl Pts',(-0.597397153847085,-1.25191298089837,
3.82432829470218));
#5167=CARTESIAN_POINT('Ctrl Pts',(-0.628811453217792,-1.23526054407586,
3.82304106208615));
#5168=CARTESIAN_POINT('Ctrl Pts',(-0.65964784425457,-1.21743279483909,3.82175125739167));
#5169=CARTESIAN_POINT('Ctrl Pts',(-0.689833372416779,-1.19846895547958,
3.82045791652583));
#5170=CARTESIAN_POINT('Ctrl Pts',(-0.708283458336465,-1.18687782268012,
3.8196673969772));
#5171=CARTESIAN_POINT('Ctrl Pts',(-0.726490284619737,-1.17486214275978,
3.81887555633818));
#5172=CARTESIAN_POINT('Ctrl Pts',(-0.744436071361922,-1.16242993621057,
3.81808217445925));
#5173=CARTESIAN_POINT('Ctrl Pts',(-0.752540312008559,-1.15681560483068,
3.81772388659125));
#5174=CARTESIAN_POINT('Ctrl Pts',(-0.760590110202789,-1.15111704539218,
3.81736533490794));
#5175=CARTESIAN_POINT('Ctrl Pts',(-0.768574106282753,-1.14534235006921,
3.81700694192122));
#5176=CARTESIAN_POINT('Ctrl Pts',(-0.814659506957627,-1.11200952461828,
3.8149382179105));
#5177=CARTESIAN_POINT('Ctrl Pts',(-0.858645802640948,-1.07608103789968,
3.81287077268516));
#5178=CARTESIAN_POINT('Ctrl Pts',(-0.900268004075419,-1.03775692006345,
3.81080053876921));
#5179=CARTESIAN_POINT('Ctrl Pts',(-0.941292844146857,-0.999982829531843,
3.80876001682696));
#5180=CARTESIAN_POINT('Ctrl Pts',(-0.980021740773047,-0.959880630471468,
3.80671678566619));
#5181=CARTESIAN_POINT('Ctrl Pts',(-1.01616588866263,-0.917606751196803,
3.80466695043859));
#5182=CARTESIAN_POINT('Ctrl Pts',(-1.05010313329357,-0.877914046673066,
3.80274227483731));
#5183=CARTESIAN_POINT('Ctrl Pts',(-1.08176191183248,-0.836306040919267,
3.80081177701571));
#5184=CARTESIAN_POINT('Ctrl Pts',(-1.11086512355032,-0.792891794032978,
3.79887223289004));
#5185=CARTESIAN_POINT('Ctrl Pts',(-1.11829756924754,-0.781804562987963,
3.79837690761354));
#5186=CARTESIAN_POINT('Ctrl Pts',(-1.12556532687894,-0.770595631740674,
3.79788082839055));
#5187=CARTESIAN_POINT('Ctrl Pts',(-1.13264845363197,-0.759291296834816,
3.79738501145893));
#5188=CARTESIAN_POINT('Ctrl Pts',(-1.15330071115427,-0.72633127173089,3.795939359092));
#5189=CARTESIAN_POINT('Ctrl Pts',(-1.17240964637152,-0.692524779649402,
3.79449430399744));
#5190=CARTESIAN_POINT('Ctrl Pts',(-1.18988173083391,-0.657928696742655,
3.79304845685137));
#5191=CARTESIAN_POINT('Ctrl Pts',(-1.21529895276101,-0.607600625187004,
3.79094513495734));
#5192=CARTESIAN_POINT('Ctrl Pts',(-1.23725490609957,-0.555602230516678,
3.78884013688531));
#5193=CARTESIAN_POINT('Ctrl Pts',(-1.25579776604118,-0.502298671175253,
3.78672918549423));
#5194=CARTESIAN_POINT('Ctrl Pts',(-1.26970491099738,-0.462321001669185,
3.78514597195092));
#5195=CARTESIAN_POINT('Ctrl Pts',(-1.28169103556091,-0.421608437304383,
3.78355940966564));
#5196=CARTESIAN_POINT('Ctrl Pts',(-1.29175610315044,-0.380310369585131,
3.78196769421953));
#5197=CARTESIAN_POINT('Ctrl Pts',(-1.29776954291196,-0.355636571790163,
3.7810167135264));
#5198=CARTESIAN_POINT('Ctrl Pts',(-1.30309692122907,-0.330753729684165,
3.78006389339068));
#5199=CARTESIAN_POINT('Ctrl Pts',(-1.30773528905231,-0.305693778308151,
3.77910884899369));
#5200=CARTESIAN_POINT('Ctrl Pts',(-1.30997061029445,-0.293616891831587,
3.77864859419951));
#5201=CARTESIAN_POINT('Ctrl Pts',(-1.31204619406781,-0.281495981818562,
3.77818771370328));
#5202=CARTESIAN_POINT('Ctrl Pts',(-1.31395815762937,-0.269358731743191,
3.77772707593434));
#5203=CARTESIAN_POINT('Ctrl Pts',(-1.32260194559333,-0.214487489306304,
3.77564458059661));
#5204=CARTESIAN_POINT('Ctrl Pts',(-1.32792592797958,-0.159183624623177,
3.77356324208784));
#5205=CARTESIAN_POINT('Ctrl Pts',(-1.32997219951819,-0.103785588880292,
3.77147890390973));
#5206=CARTESIAN_POINT('Ctrl Pts',(-1.33125014637945,-0.0691881541988531,
3.77017718349665));
#5207=CARTESIAN_POINT('Ctrl Pts',(-1.33124863842425,-0.0345536877752841,
3.76887429311971));
#5208=CARTESIAN_POINT('Ctrl Pts',(-1.32996766992034,3.59273078188016E-5,
3.7675692203228));
#5209=CARTESIAN_POINT('Origin',(2.125,0.,0.));
#5210=CARTESIAN_POINT('',(2.025,2.47990976827339E-16,0.));
#5211=CARTESIAN_POINT('Origin',(0.,0.,0.));
#5212=CARTESIAN_POINT('Origin',(0.,0.,3.85));
#5213=CARTESIAN_POINT('',(-1.4145,1.73226289739393E-16,3.85));
#5214=CARTESIAN_POINT('Ctrl Pts',(1.26091534330906,0.103515169948515,3.7));
#5215=CARTESIAN_POINT('Ctrl Pts',(1.2638412232661,0.154844365869636,3.70759602620372));
#5216=CARTESIAN_POINT('Ctrl Pts',(1.26353992470186,0.206306345800754,3.71510801519295));
#5217=CARTESIAN_POINT('Ctrl Pts',(1.26019002449347,0.257611556754005,3.72255222325249));
#5218=CARTESIAN_POINT('Ctrl Pts',(1.25675761366398,0.310180454550964,3.73017978788755));
#5219=CARTESIAN_POINT('Ctrl Pts',(1.25012475005678,0.362585683450301,3.73773619147898));
#5220=CARTESIAN_POINT('Ctrl Pts',(1.24043323008267,0.414540175333184,3.74523892135577));
#5221=CARTESIAN_POINT('Ctrl Pts',(1.23444023243807,0.446667555590636,3.74987842502494));
#5222=CARTESIAN_POINT('Ctrl Pts',(1.22727663828483,0.478623009508423,3.75449740450174));
#5223=CARTESIAN_POINT('Ctrl Pts',(1.21896633204655,0.510340679642184,3.75909999482999));
#5224=CARTESIAN_POINT('Ctrl Pts',(1.21572566528181,0.522709224977372,3.76089480973582));
#5225=CARTESIAN_POINT('Ctrl Pts',(1.21231054291683,0.535041616863575,3.76268713239463));
#5226=CARTESIAN_POINT('Ctrl Pts',(1.20872208082172,0.547333951336712,3.76447720801301));
#5227=CARTESIAN_POINT('Ctrl Pts',(1.20532171956759,0.558981943361533,3.76617345103115));
#5228=CARTESIAN_POINT('Ctrl Pts',(1.20176502981847,0.570595626528748,3.76786792251773));
#5229=CARTESIAN_POINT('Ctrl Pts',(1.19805991871757,0.582150950697292,3.7695577914108));
#5230=CARTESIAN_POINT('Ctrl Pts',(1.18110897884442,0.635016735247687,3.77728896740521));
#5231=CARTESIAN_POINT('Ctrl Pts',(1.16102874017477,0.686756719165241,3.78493788368544));
#5232=CARTESIAN_POINT('Ctrl Pts',(1.13798430142022,0.737059873157146,3.79252158764971));
#5233=CARTESIAN_POINT('Ctrl Pts',(1.1148156200189,0.787634233450008,3.80014617867843));
#5234=CARTESIAN_POINT('Ctrl Pts',(1.08865060589303,0.836757455444088,3.80770485231941));
#5235=CARTESIAN_POINT('Ctrl Pts',(1.05960435870265,0.884117539679696,3.81521493319005));
#5236=CARTESIAN_POINT('Ctrl Pts',(1.04595835824552,0.90636742713996,3.81874318819394));
#5237=CARTESIAN_POINT('Ctrl Pts',(1.03167568321203,0.928228108585607,3.82226071807279));
#5238=CARTESIAN_POINT('Ctrl Pts',(1.01676437783836,0.949666336308064,3.82576931925415));
#5239=CARTESIAN_POINT('Ctrl Pts',(1.00797865830694,0.962297709035019,3.82783658198901));
#5240=CARTESIAN_POINT('Ctrl Pts',(0.998974660253832,0.974782409083987,3.82990074508249));
#5241=CARTESIAN_POINT('Ctrl Pts',(0.989753635248394,0.987113454603534,3.8319621759816));
#5242=CARTESIAN_POINT('Ctrl Pts',(0.983755115590655,0.995135124526983,3.83330319108177));
#5243=CARTESIAN_POINT('Ctrl Pts',(0.977665715915497,1.00309032389328,3.83464281666972));
#5244=CARTESIAN_POINT('Ctrl Pts',(0.971493285151383,1.01096805359597,3.83597958526003));
#5245=CARTESIAN_POINT('Ctrl Pts',(0.945773987486362,1.04379299451324,3.8415496354716));
#5246=CARTESIAN_POINT('Ctrl Pts',(0.918581137583294,1.07531761019711,3.84707752800372));
#5247=CARTESIAN_POINT('Ctrl Pts',(0.889973411951398,1.10542049036883,3.85256952546976));
#5248=CARTESIAN_POINT('Ctrl Pts',(0.85202095456939,1.14535649547087,3.85985548739677));
#5249=CARTESIAN_POINT('Ctrl Pts',(0.811580308749671,1.18279199125623,3.86707827393902));
#5250=CARTESIAN_POINT('Ctrl Pts',(0.768974940066088,1.21771110698714,3.87425250772041));
#5251=CARTESIAN_POINT('Ctrl Pts',(0.72537531049413,1.25344511323772,3.88159416312666));
#5252=CARTESIAN_POINT('Ctrl Pts',(0.679508132599844,1.28654450689629,3.88888497322595));
#5253=CARTESIAN_POINT('Ctrl Pts',(0.63167374678897,1.31696287490409,3.89614060844146));
#5254=CARTESIAN_POINT('Ctrl Pts',(0.617920031828155,1.32570900085639,3.89822680515794));
#5255=CARTESIAN_POINT('Ctrl Pts',(0.604003430103349,1.33423326700322,3.90031009388846));
#5256=CARTESIAN_POINT('Ctrl Pts',(0.58993051309751,1.34253402652497,3.90239084712778));
#5257=CARTESIAN_POINT('Ctrl Pts',(0.581225897865291,1.34766835068406,3.90367786930904));
#5258=CARTESIAN_POINT('Ctrl Pts',(0.572459488329161,1.35271827115589,3.90496421029602));
#5259=CARTESIAN_POINT('Ctrl Pts',(0.563639270688842,1.35767972057142,3.90624901662397));
#5260=CARTESIAN_POINT('Ctrl Pts',(0.512765756511432,1.38629651637788,3.91365956085379));
#5261=CARTESIAN_POINT('Ctrl Pts',(0.460260393330754,1.41188737920507,3.92099672233746));
#5262=CARTESIAN_POINT('Ctrl Pts',(0.406479178935965,1.43443901369855,3.92827497699497));
#5263=CARTESIAN_POINT('Ctrl Pts',(0.351619746502561,1.45744276849807,3.93569914775999));
#5264=CARTESIAN_POINT('Ctrl Pts',(0.295432005389689,1.47728480146964,3.9430620260674));
#5265=CARTESIAN_POINT('Ctrl Pts',(0.238250885803568,1.49391704169766,3.95037897605845));
#5266=CARTESIAN_POINT('Ctrl Pts',(0.180578980671572,1.51069203644253,3.95775872743082));
#5267=CARTESIAN_POINT('Ctrl Pts',(0.12189558801004,1.52420248233553,3.96509175869792));
#5268=CARTESIAN_POINT('Ctrl Pts',(0.0625147014661738,1.53435605823629,3.9723938330175));
#5269=CARTESIAN_POINT('Ctrl Pts',(0.0459441263258627,1.53718947151452,3.97443151851254));
#5270=CARTESIAN_POINT('Ctrl Pts',(0.0293191098955632,1.53976119359678,3.97646679332548));
#5271=CARTESIAN_POINT('Ctrl Pts',(0.0126462339716809,1.54206853131163,3.9785));
#5272=CARTESIAN_POINT('Ctrl Pts',(-0.398513841857231,1.49064942821852,-1.38777878078145E-16));
#5273=CARTESIAN_POINT('Ctrl Pts',(-0.888703640057341,1.35960089593322,0.0261685034589264));
#5274=CARTESIAN_POINT('Ctrl Pts',(-1.72178888980493,0.578985983507188,0.0785055103767791));
#5275=CARTESIAN_POINT('Ctrl Pts',(-1.43212095710794,-1.1201065300258,0.157011020753559));
#5276=CARTESIAN_POINT('Ctrl Pts',(0.144125395422757,-1.8107447461924,0.235516531130338));
#5277=CARTESIAN_POINT('Ctrl Pts',(1.58998684376584,-0.879424794083284,0.314022041507118));
#5278=CARTESIAN_POINT('Ctrl Pts',(1.61050003618819,0.841603551712995,0.392527551883897));
#5279=CARTESIAN_POINT('Ctrl Pts',(0.18636896330526,1.80732728522647,0.471033062260676));
#5280=CARTESIAN_POINT('Ctrl Pts',(-1.40473955207364,1.15247780054904,0.549538572637457));
#5281=CARTESIAN_POINT('Ctrl Pts',(-1.73612975455229,-0.536088806384465,
0.628044083014235));
#5282=CARTESIAN_POINT('Ctrl Pts',(-0.51047256455531,-1.74380061718764,0.706549593391015));
#5283=CARTESIAN_POINT('Ctrl Pts',(1.17296492414017,-1.38767137810864,0.785055103767795));
#5284=CARTESIAN_POINT('Ctrl Pts',(1.80447200733982,0.212975991902676,0.863560614144573));
#5285=CARTESIAN_POINT('Ctrl Pts',(0.817679163992333,1.62261015315791,0.942066124521355));
#5286=CARTESIAN_POINT('Ctrl Pts',(-0.902424359150171,1.57705488163541,1.02057163489813));
#5287=CARTESIAN_POINT('Ctrl Pts',(-1.81321406822166,0.117156183552505,1.09907714527491));
#5288=CARTESIAN_POINT('Ctrl Pts',(-1.09786934523986,-1.44780932685471,1.17758265565169));
#5289=CARTESIAN_POINT('Ctrl Pts',(0.602070208015644,-1.71434587452288,1.25608816602847));
#5290=CARTESIAN_POINT('Ctrl Pts',(1.76205914759347,-0.443415832893203,1.33459367640525));
#5291=CARTESIAN_POINT('Ctrl Pts',(1.34179141517246,1.22517983124761,1.41309918678203));
#5292=CARTESIAN_POINT('Ctrl Pts',(-0.28182668515557,1.79500522088221,1.49160469715881));
#5293=CARTESIAN_POINT('Ctrl Pts',(-1.65269595229638,0.755027188832301,1.57011020753559));
#5294=CARTESIAN_POINT('Ctrl Pts',(-1.54138817878727,-0.962077141312515,
1.64861571791237));
#5295=CARTESIAN_POINT('Ctrl Pts',(-0.0477268526681197,-1.81636783725271,
1.72712122828915));
#5296=CARTESIAN_POINT('Ctrl Pts',(1.48873705510373,-1.0416966654792,1.80562673866593));
#5297=CARTESIAN_POINT('Ctrl Pts',(1.69006617624572,0.667192835727548,1.88413224904271));
#5298=CARTESIAN_POINT('Ctrl Pts',(0.375703773046306,1.777727943016,1.96263775941949));
#5299=CARTESIAN_POINT('Ctrl Pts',(-1.2755987064885,1.29395436632383,2.04114326979627));
#5300=CARTESIAN_POINT('Ctrl Pts',(-1.78291393996562,-0.35026824691929,2.11964878017304));
#5301=CARTESIAN_POINT('Ctrl Pts',(-0.691269566013264,-1.68036197039952,
2.19815429054983));
#5302=CARTESIAN_POINT('Ctrl Pts',(1.02032178896778,-1.50346712870405,2.2766598009266));
#5303=CARTESIAN_POINT('Ctrl Pts',(1.81686430655477,0.0217727737475764,2.35516531130339));
#5304=CARTESIAN_POINT('Ctrl Pts',(0.98399972100602,1.52748634093133,2.43367082168016));
#5305=CARTESIAN_POINT('Ctrl Pts',(-0.731339208423763,1.66331383261346,2.51217633205695));
#5306=CARTESIAN_POINT('Ctrl Pts',(-1.79079574759199,0.307441957154968,2.59068184243372));
#5307=CARTESIAN_POINT('Ctrl Pts',(-1.24422408952909,-1.32415121436174,2.6691873528105));
#5308=CARTESIAN_POINT('Ctrl Pts',(0.418197317346318,-1.76821402112153,2.74769286318728));
#5309=CARTESIAN_POINT('Ctrl Pts',(1.70556941732683,-0.62650060108321,2.82619837356406));
#5310=CARTESIAN_POINT('Ctrl Pts',(1.4633463364688,1.0770737265466,2.90470388394084));
#5311=CARTESIAN_POINT('Ctrl Pts',(-0.0912405664482049,1.814702208402,2.98320939431762));
#5312=CARTESIAN_POINT('Ctrl Pts',(-1.56400068712321,0.924863600332321,3.0617149046944));
#5313=CARTESIAN_POINT('Ctrl Pts',(-1.63412794870649,-0.794416560082936,
3.14022041507118));
#5314=CARTESIAN_POINT('Ctrl Pts',(-0.238730152112089,-1.80124147154979,
3.21872592544795));
#5315=CARTESIAN_POINT('Ctrl Pts',(1.37076601704476,-1.19267704132979,3.29723143582474));
#5316=CARTESIAN_POINT('Ctrl Pts',(1.75092759145767,0.485521509675243,3.37573694620152));
#5317=CARTESIAN_POINT('Ctrl Pts',(0.56081385470441,1.72826810768447,3.4542424565783));
#5318=CARTESIAN_POINT('Ctrl Pts',(-1.13224761521147,1.42110980252072,3.53274796695507));
#5319=CARTESIAN_POINT('Ctrl Pts',(-1.80988909606131,-0.160623005440674,
3.61125347733186));
#5320=CARTESIAN_POINT('Ctrl Pts',(-0.864366471663551,-1.59813513479663,
3.68975898770864));
#5321=CARTESIAN_POINT('Ctrl Pts',(0.85631669846046,-1.60272537159548,3.76826449808541));
#5322=CARTESIAN_POINT('Ctrl Pts',(1.80908014943809,-0.169337369490392,3.8467700084622));
#5323=CARTESIAN_POINT('Ctrl Pts',(1.1393303924667,1.41474199848269,3.92527551883897));
#5324=CARTESIAN_POINT('Ctrl Pts',(-0.552026560037626,1.73230359677719,4.00378102921576));
#5325=CARTESIAN_POINT('Ctrl Pts',(-1.74868685725956,0.491808931802966,4.08228653959253));
#5326=CARTESIAN_POINT('Ctrl Pts',(-1.50026848509283,-0.622497573257002,
4.13462354651039));
#5327=CARTESIAN_POINT('Ctrl Pts',(-1.16913659442516,-1.00696009035906,4.16079204996931));
#5328=CARTESIAN_POINT('Ctrl Pts',(-0.374537582415184,1.40096572423086,-0.0535973499897704));
#5329=CARTESIAN_POINT('Ctrl Pts',(-0.835235512220666,1.2778016197359,-0.0274288465308439));
#5330=CARTESIAN_POINT('Ctrl Pts',(-1.61819886910701,0.544151765229644,0.0249081603870088));
#5331=CARTESIAN_POINT('Ctrl Pts',(-1.3459585707276,-1.05271623652565,0.103413670763789));
#5332=CARTESIAN_POINT('Ctrl Pts',(0.135454208854334,-1.70180276913157,0.181919181140568));
#5333=CARTESIAN_POINT('Ctrl Pts',(1.49432658539712,-0.826514920427594,0.260424691517347));
#5334=CARTESIAN_POINT('Ctrl Pts',(1.51360561837044,0.790969162179172,0.338930201894127));
#5335=CARTESIAN_POINT('Ctrl Pts',(0.175156227016532,1.69859091691029,0.417435712270906));
#5336=CARTESIAN_POINT('Ctrl Pts',(-1.32022454553821,1.08313991602692,0.495941222647687));
#5337=CARTESIAN_POINT('Ctrl Pts',(-1.63167692745296,-0.503835461692724,
0.574446733024465));
#5338=CARTESIAN_POINT('Ctrl Pts',(-0.479760400107557,-1.6388862789101,0.652952243401245));
#5339=CARTESIAN_POINT('Ctrl Pts',(1.10239444857891,-1.30418326430366,0.731457753778025));
#5340=CARTESIAN_POINT('Ctrl Pts',(1.69590742448301,0.200162465494188,0.809963264154803));
#5341=CARTESIAN_POINT('Ctrl Pts',(0.768484165683441,1.52498714005476,0.888468774531585));
#5342=CARTESIAN_POINT('Ctrl Pts',(-0.848130735468313,1.48217266419418,0.966974284908362));
#5343=CARTESIAN_POINT('Ctrl Pts',(-1.70412352642003,0.110107577564304,1.04547979528514));
#5344=CARTESIAN_POINT('Ctrl Pts',(-1.03181693377965,-1.36070306253649,1.12398530566192));
#5345=CARTESIAN_POINT('Ctrl Pts',(0.565847146245854,-1.61120365675347,1.2024908160387));
#5346=CARTESIAN_POINT('Ctrl Pts',(1.65604629976353,-0.41673808187554,1.28099632641548));
#5347=CARTESIAN_POINT('Ctrl Pts',(1.26106363182281,1.15146788849487,1.35950183679226));
#5348=CARTESIAN_POINT('Ctrl Pts',(-0.264870813084748,1.68701019949191,1.43800734716904));
#5349=CARTESIAN_POINT('Ctrl Pts',(-1.55326285168835,0.709601595380197,1.51651285754582));
#5350=CARTESIAN_POINT('Ctrl Pts',(-1.44865181935926,-0.904194556768222,
1.5950183679226));
#5351=CARTESIAN_POINT('Ctrl Pts',(-0.0448554056022155,-1.70708755151608,
1.67352387829938));
#5352=CARTESIAN_POINT('Ctrl Pts',(1.39916840748084,-0.979023837366007,1.75202938867616));
#5353=CARTESIAN_POINT('Ctrl Pts',(1.58838472667034,0.62705172431037,1.83053489905294));
#5354=CARTESIAN_POINT('Ctrl Pts',(0.353099862743132,1.67077239492139,1.90904040942972));
#5355=CARTESIAN_POINT('Ctrl Pts',(-1.19885335333295,1.21610465990318,1.98754591980649));
#5356=CARTESIAN_POINT('Ctrl Pts',(-1.67564638060497,-0.329194644247647,
2.06605143018328));
#5357=CARTESIAN_POINT('Ctrl Pts',(-0.649679897805295,-1.57926436643403,
2.14455694056006));
#5358=CARTESIAN_POINT('Ctrl Pts',(0.958934962822283,-1.41301225824734,2.22306245093683));
#5359=CARTESIAN_POINT('Ctrl Pts',(1.70755415114853,0.0204628326180214,2.30156796131361));
#5360=CARTESIAN_POINT('Ctrl Pts',(0.92479818237993,1.43558637421079,2.3800734716904));
#5361=CARTESIAN_POINT('Ctrl Pts',(-0.687338782943959,1.5632419159181,2.45857898206717));
#5362=CARTESIAN_POINT('Ctrl Pts',(-1.68305398572023,0.288944963189175,2.53708449244395));
#5363=CARTESIAN_POINT('Ctrl Pts',(-1.16936636454878,-1.24448473926998,2.61559000282073));
#5364=CARTESIAN_POINT('Ctrl Pts',(0.393036817696081,-1.66183087035844,2.69409551319751));
#5365=CARTESIAN_POINT('Ctrl Pts',(1.60295522792835,-0.588807704690537,2.77260102357429));
#5366=CARTESIAN_POINT('Ctrl Pts',(1.37530530067131,1.01227246648109,2.85110653395107));
#5367=CARTESIAN_POINT('Ctrl Pts',(-0.0857511523726323,1.70552213386323,
2.92961204432785));
#5368=CARTESIAN_POINT('Ctrl Pts',(-1.46990386462076,0.869219938052659,3.00811755470463));
#5369=CARTESIAN_POINT('Ctrl Pts',(-1.53581197685193,-0.74662113731709,3.08662306508141));
#5370=CARTESIAN_POINT('Ctrl Pts',(-0.224367147713036,-1.69287125123728,
3.16512857545819));
#5371=CARTESIAN_POINT('Ctrl Pts',(1.28829500046516,-1.12092060235586,3.24363408583497));
#5372=CARTESIAN_POINT('Ctrl Pts',(1.64558446460069,0.456310505042587,3.32213959621175));
#5373=CARTESIAN_POINT('Ctrl Pts',(0.52707294769746,1.6242882701407,3.40064510658852));
#5374=CARTESIAN_POINT('Ctrl Pts',(-1.06412686324854,1.33560989325262,3.47915061696531));
#5375=CARTESIAN_POINT('Ctrl Pts',(-1.70099859849097,-0.150959253655142,
3.55765612734208));
#5376=CARTESIAN_POINT('Ctrl Pts',(-0.812362569663489,-1.50198464116067,
3.63616163771887));
#5377=CARTESIAN_POINT('Ctrl Pts',(0.804797104483095,-1.50629871011582,3.71466714809564));
#5378=CARTESIAN_POINT('Ctrl Pts',(1.70023832147989,-0.159149325117293,3.79317265847243));
#5379=CARTESIAN_POINT('Ctrl Pts',(1.07078351100159,1.32962520293778,3.8716781688492));
#5380=CARTESIAN_POINT('Ctrl Pts',(-0.518814333429184,1.62808096733186,3.95018367922598));
#5381=CARTESIAN_POINT('Ctrl Pts',(-1.64347854234342,0.462219649559042,4.02868918960276));
#5382=CARTESIAN_POINT('Ctrl Pts',(-1.41000605841356,-0.585045515760334,
4.08102619652062));
#5383=CARTESIAN_POINT('Ctrl Pts',(-1.0987964471909,-0.946377159884879,4.10719469997954));
#5384=CARTESIAN_POINT('Ctrl Pts',(-0.350561322973136,1.31128202024321,-0.107194699979541));
#5385=CARTESIAN_POINT('Ctrl Pts',(-0.781767384383991,1.19600234353858,-0.0810261965206141));
#5386=CARTESIAN_POINT('Ctrl Pts',(-1.51460884840909,0.5093175469521,-0.0286891896027614));
#5387=CARTESIAN_POINT('Ctrl Pts',(-1.25979618434727,-0.985325943025503,
0.0498163207740184));
#5388=CARTESIAN_POINT('Ctrl Pts',(0.126783022285909,-1.59286079207074,0.128321831150798));
#5389=CARTESIAN_POINT('Ctrl Pts',(1.3986663270284,-0.773605046771903,0.206827341527577));
#5390=CARTESIAN_POINT('Ctrl Pts',(1.41671120055267,0.740334772645349,0.285332851904357));
#5391=CARTESIAN_POINT('Ctrl Pts',(0.163943490727806,1.58985454859412,0.363838362281136));
#5392=CARTESIAN_POINT('Ctrl Pts',(-1.23570953900278,1.0138020315048,0.442343872657915));
#5393=CARTESIAN_POINT('Ctrl Pts',(-1.52722410035363,-0.471582117000983,
0.520849383034696));
#5394=CARTESIAN_POINT('Ctrl Pts',(-0.449048235659801,-1.53397194063255,
0.599354893411474));
#5395=CARTESIAN_POINT('Ctrl Pts',(1.03182397301766,-1.22069515049868,0.677860403788254));
#5396=CARTESIAN_POINT('Ctrl Pts',(1.58734284162621,0.187348939085699,0.756365914165033));
#5397=CARTESIAN_POINT('Ctrl Pts',(0.719289167374548,1.42736412695161,0.834871424541813));
#5398=CARTESIAN_POINT('Ctrl Pts',(-0.793837111786454,1.38729044675295,0.913376934918592));
#5399=CARTESIAN_POINT('Ctrl Pts',(-1.5950329846184,0.103058971576106,0.991882445295372));
#5400=CARTESIAN_POINT('Ctrl Pts',(-0.965764522319445,-1.27359679821827,
1.07038795567215));
#5401=CARTESIAN_POINT('Ctrl Pts',(0.529624084476064,-1.50806143898405,1.14889346604893));
#5402=CARTESIAN_POINT('Ctrl Pts',(1.55003345193359,-0.390060330857879,1.22739897642571));
#5403=CARTESIAN_POINT('Ctrl Pts',(1.18033584847316,1.07775594574212,1.30590448680249));
#5404=CARTESIAN_POINT('Ctrl Pts',(-0.247914941013929,1.57901517810161,1.38440999717927));
#5405=CARTESIAN_POINT('Ctrl Pts',(-1.45382975108033,0.664176001928092,1.46291550755605));
#5406=CARTESIAN_POINT('Ctrl Pts',(-1.35591545993125,-0.846311972223929,
1.54142101793283));
#5407=CARTESIAN_POINT('Ctrl Pts',(-0.0419839585363113,-1.59780726577944,
1.61992652830961));
#5408=CARTESIAN_POINT('Ctrl Pts',(1.30959975985794,-0.916351009252818,1.69843203868639));
#5409=CARTESIAN_POINT('Ctrl Pts',(1.48670327709496,0.586910612893191,1.77693754906317));
#5410=CARTESIAN_POINT('Ctrl Pts',(0.330495952439957,1.56381684682677,1.85544305943995));
#5411=CARTESIAN_POINT('Ctrl Pts',(-1.1221080001774,1.13825495348253,1.93394856981673));
#5412=CARTESIAN_POINT('Ctrl Pts',(-1.56837882124433,-0.308121041576008,
2.01245408019351));
#5413=CARTESIAN_POINT('Ctrl Pts',(-0.608090229597324,-1.47816676246853,
2.09095959057029));
#5414=CARTESIAN_POINT('Ctrl Pts',(0.89754813667678,-1.32255738779064,2.16946510094706));
#5415=CARTESIAN_POINT('Ctrl Pts',(1.59824399574228,0.0191528914884693,2.24797061132384));
#5416=CARTESIAN_POINT('Ctrl Pts',(0.865596643753837,1.34368640749025,2.32647612170062));
#5417=CARTESIAN_POINT('Ctrl Pts',(-0.643338357464153,1.46316999922273,2.4049816320774));
#5418=CARTESIAN_POINT('Ctrl Pts',(-1.57531222384847,0.270447969223381,2.48348714245418));
#5419=CARTESIAN_POINT('Ctrl Pts',(-1.09450863956848,-1.16481826417822,2.56199265283096));
#5420=CARTESIAN_POINT('Ctrl Pts',(0.367876318045844,-1.55544771959535,2.64049816320774));
#5421=CARTESIAN_POINT('Ctrl Pts',(1.50034103852988,-0.551114808297867,2.71900367358452));
#5422=CARTESIAN_POINT('Ctrl Pts',(1.28726426487383,0.947471206415587,2.7975091839613));
#5423=CARTESIAN_POINT('Ctrl Pts',(-0.0802617382970605,1.59634205932446,
2.87601469433808));
#5424=CARTESIAN_POINT('Ctrl Pts',(-1.37580704211832,0.813576275773,2.95452020471486));
#5425=CARTESIAN_POINT('Ctrl Pts',(-1.43749600499737,-0.698825714551245,
3.03302571509164));
#5426=CARTESIAN_POINT('Ctrl Pts',(-0.210004143313983,-1.58450103092477,
3.11153122546842));
#5427=CARTESIAN_POINT('Ctrl Pts',(1.20582398388556,-1.04916416338192,3.1900367358452));
#5428=CARTESIAN_POINT('Ctrl Pts',(1.54024133774371,0.427099500409934,3.26854224622198));
#5429=CARTESIAN_POINT('Ctrl Pts',(0.493332040690509,1.52030843259692,3.34704775659876));
#5430=CARTESIAN_POINT('Ctrl Pts',(-0.996006111285612,1.25010998398452,3.42555326697554));
#5431=CARTESIAN_POINT('Ctrl Pts',(-1.59210810092064,-0.14129550186961,3.50405877735231));
#5432=CARTESIAN_POINT('Ctrl Pts',(-0.760358667663424,-1.40583414752471,
3.5825642877291));
#5433=CARTESIAN_POINT('Ctrl Pts',(0.753277510505725,-1.40987204863616,3.66106979810587));
#5434=CARTESIAN_POINT('Ctrl Pts',(1.59139649352169,-0.148961280744194,3.73957530848266));
#5435=CARTESIAN_POINT('Ctrl Pts',(1.00223662953648,1.24450840739286,3.81808081885943));
#5436=CARTESIAN_POINT('Ctrl Pts',(-0.485602106820742,1.52385833788653,3.89658632923622));
#5437=CARTESIAN_POINT('Ctrl Pts',(-1.53827022742729,0.432630367315117,3.97509183961299));
#5438=CARTESIAN_POINT('Ctrl Pts',(-1.31974363173429,-0.547593458263666,
4.02742884653085));
#5439=CARTESIAN_POINT('Ctrl Pts',(-1.02845629995663,-0.885794229410695,
4.05359734998977));
#5440=CARTESIAN_POINT('Ctrl Pts',(-0.326585063531088,1.22159831625555,-0.160792049969311));
#5441=CARTESIAN_POINT('Ctrl Pts',(-0.728299256547316,1.11420306734126,-0.134623546510384));
#5442=CARTESIAN_POINT('Ctrl Pts',(-1.41101882771117,0.474483328674555,-0.0822865395925317));
#5443=CARTESIAN_POINT('Ctrl Pts',(-1.17363379796694,-0.917935649525355,
-0.0037810292157518));
#5444=CARTESIAN_POINT('Ctrl Pts',(0.118111835717484,-1.48391881500991,0.0747244811610272));
#5445=CARTESIAN_POINT('Ctrl Pts',(1.30300606865969,-0.720695173116211,0.153229991537807));
#5446=CARTESIAN_POINT('Ctrl Pts',(1.31981678273491,0.689700383111525,0.231735501914586));
#5447=CARTESIAN_POINT('Ctrl Pts',(0.15273075443908,1.48111818027794,0.310241012291366));
#5448=CARTESIAN_POINT('Ctrl Pts',(-1.15119453246735,0.944464146982675,0.388746522668146));
#5449=CARTESIAN_POINT('Ctrl Pts',(-1.42277127325429,-0.439328772309241,
0.467252033044925));
#5450=CARTESIAN_POINT('Ctrl Pts',(-0.418336071212048,-1.429057602355,0.545757543421705));
#5451=CARTESIAN_POINT('Ctrl Pts',(0.961253497456409,-1.1372070366937,0.624263053798484));
#5452=CARTESIAN_POINT('Ctrl Pts',(1.47877825876941,0.17453541267721,0.702768564175264));
#5453=CARTESIAN_POINT('Ctrl Pts',(0.670094169065655,1.32974111384846,0.781274074552043));
#5454=CARTESIAN_POINT('Ctrl Pts',(-0.739543488104595,1.29240822931172,0.859779584928822));
#5455=CARTESIAN_POINT('Ctrl Pts',(-1.48594244281678,0.096010365587908,0.938285095305602));
#5456=CARTESIAN_POINT('Ctrl Pts',(-0.899712110859237,-1.18649053390005,
1.01679060568238));
#5457=CARTESIAN_POINT('Ctrl Pts',(0.493401022706274,-1.40491922121464,1.09529611605916));
#5458=CARTESIAN_POINT('Ctrl Pts',(1.44402060410365,-0.363382579840218,1.17380162643594));
#5459=CARTESIAN_POINT('Ctrl Pts',(1.09960806512351,1.00404400298938,1.25230713681272));
#5460=CARTESIAN_POINT('Ctrl Pts',(-0.230959068943109,1.47102015671131,1.3308126471895));
#5461=CARTESIAN_POINT('Ctrl Pts',(-1.35439665047231,0.618750408475986,1.40931815756628));
#5462=CARTESIAN_POINT('Ctrl Pts',(-1.26317910050324,-0.788429387679635,
1.48782366794306));
#5463=CARTESIAN_POINT('Ctrl Pts',(-0.039112511470406,-1.48852698004281,
1.56632917831984));
#5464=CARTESIAN_POINT('Ctrl Pts',(1.22003111223504,-0.853678181139627,1.64483468869662));
#5465=CARTESIAN_POINT('Ctrl Pts',(1.38502182751958,0.546769501476011,1.7233401990734));
#5466=CARTESIAN_POINT('Ctrl Pts',(0.307892042136782,1.45686129873216,1.80184570945017));
#5467=CARTESIAN_POINT('Ctrl Pts',(-1.04536264702185,1.06040524706188,1.88035121982696));
#5468=CARTESIAN_POINT('Ctrl Pts',(-1.46111126188369,-0.287047438904369,
1.95885673020373));
#5469=CARTESIAN_POINT('Ctrl Pts',(-0.566500561389354,-1.37706915850304,
2.03736224058052));
#5470=CARTESIAN_POINT('Ctrl Pts',(0.83616131053128,-1.23210251733394,2.11586775095729));
#5471=CARTESIAN_POINT('Ctrl Pts',(1.48893384033604,0.0178429503589168,2.19437326133407));
#5472=CARTESIAN_POINT('Ctrl Pts',(0.806395105127748,1.25178644076971,2.27287877171085));
#5473=CARTESIAN_POINT('Ctrl Pts',(-0.599337931984349,1.36309808252737,2.35138428208763));
#5474=CARTESIAN_POINT('Ctrl Pts',(-1.46757046197672,0.251950975257588,2.42988979246441));
#5475=CARTESIAN_POINT('Ctrl Pts',(-1.01965091458817,-1.08515178908647,2.50839530284119));
#5476=CARTESIAN_POINT('Ctrl Pts',(0.342715818395606,-1.44906456883226,2.58690081321797));
#5477=CARTESIAN_POINT('Ctrl Pts',(1.39772684913141,-0.513421911905198,2.66540632359475));
#5478=CARTESIAN_POINT('Ctrl Pts',(1.19922322907634,0.882669946350083,2.74391183397153));
#5479=CARTESIAN_POINT('Ctrl Pts',(-0.0747723242214882,1.48716198478569,
2.82241734434831));
#5480=CARTESIAN_POINT('Ctrl Pts',(-1.28171021961587,0.757932613493338,2.90092285472509));
#5481=CARTESIAN_POINT('Ctrl Pts',(-1.33918003314281,-0.6510302917854,2.97942836510187));
#5482=CARTESIAN_POINT('Ctrl Pts',(-0.195641138914929,-1.47613081061226,
3.05793387547865));
#5483=CARTESIAN_POINT('Ctrl Pts',(1.12335296730596,-0.977407724407985,3.13643938585543));
#5484=CARTESIAN_POINT('Ctrl Pts',(1.43489821088673,0.39788849577728,3.21494489623221));
#5485=CARTESIAN_POINT('Ctrl Pts',(0.459591133683557,1.41632859505315,3.29345040660898));
#5486=CARTESIAN_POINT('Ctrl Pts',(-0.927885359322685,1.16461007471642,3.37195591698577));
#5487=CARTESIAN_POINT('Ctrl Pts',(-1.4832176033503,-0.131631750084078,3.45046142736254));
#5488=CARTESIAN_POINT('Ctrl Pts',(-0.708354765663359,-1.30968365388875,
3.52896693773933));
#5489=CARTESIAN_POINT('Ctrl Pts',(0.701757916528356,-1.31344538715651,3.6074724481161));
#5490=CARTESIAN_POINT('Ctrl Pts',(1.48255466556349,-0.138773236371095,3.68597795849289));
#5491=CARTESIAN_POINT('Ctrl Pts',(0.933689748071379,1.15939161184794,3.76448346886966));
#5492=CARTESIAN_POINT('Ctrl Pts',(-0.452389880212299,1.41963570844119,3.84298897924644));
#5493=CARTESIAN_POINT('Ctrl Pts',(-1.43306191251115,0.403041085071191,3.92149448962322));
#5494=CARTESIAN_POINT('Ctrl Pts',(-1.22948120505501,-0.510141400766999,
3.97383149654108));
#5495=CARTESIAN_POINT('Ctrl Pts',(-0.95811615272237,-0.825211298936511,
4.));
#5496=CARTESIAN_POINT('Ctrl Pts',(-1.26258143877192,-0.000267537816434561,
2.94341967361942));
#5497=CARTESIAN_POINT('Ctrl Pts',(-1.26295130791032,-0.191675909013854,
2.95542257078023));
#5498=CARTESIAN_POINT('Ctrl Pts',(-1.22203777809847,-0.382934216696791,
2.96742546794105));
#5499=CARTESIAN_POINT('Ctrl Pts',(-1.13901191518367,-0.55371989404343,2.97942836510187));
#5500=CARTESIAN_POINT('Ctrl Pts',(-0.95800040173351,-0.926063798061023,
3.0055968685608));
#5501=CARTESIAN_POINT('Ctrl Pts',(-0.57682077032422,-1.20109730433664,3.03176537201972));
#5502=CARTESIAN_POINT('Ctrl Pts',(-0.166398603582764,-1.25549354310707,
3.05793387547865));
#5503=CARTESIAN_POINT('Ctrl Pts',(0.244023563158701,-1.3098897818775,3.08410237893757));
#5504=CARTESIAN_POINT('Ctrl Pts',(0.683688265232329,-1.14364875314274,3.1102708823965));
#5505=CARTESIAN_POINT('Ctrl Pts',(0.955444823532607,-0.831312202077818,
3.13643938585543));
#5506=CARTESIAN_POINT('Ctrl Pts',(1.22720138183288,-0.518975651012896,3.16260788931435));
#5507=CARTESIAN_POINT('Ctrl Pts',(1.33104979635981,-0.0605435776178088,
3.18877639277328));
#5508=CARTESIAN_POINT('Ctrl Pts',(1.22042282408941,0.338412475625712,3.21494489623221));
#5509=CARTESIAN_POINT('Ctrl Pts',(1.10979585181901,0.737368528869232,3.24111339969114));
#5510=CARTESIAN_POINT('Ctrl Pts',(0.784693492751285,1.07684856196119,3.26728190315006));
#5511=CARTESIAN_POINT('Ctrl Pts',(0.390896231049718,1.20463549178438,3.29345040660898));
#5512=CARTESIAN_POINT('Ctrl Pts',(-0.00290103065185024,1.33242242160758,
3.31961891006791));
#5513=CARTESIAN_POINT('Ctrl Pts',(-0.465393194987267,1.248516248162,3.34578741352684));
#5514=CARTESIAN_POINT('Ctrl Pts',(-0.789194651159578,0.990522857305797,
3.37195591698577));
#5515=CARTESIAN_POINT('Ctrl Pts',(-1.08395190259914,0.755670847443678,3.39577716919699));
#5516=CARTESIAN_POINT('Ctrl Pts',(-1.26378302816555,0.376561376313761,3.4195984214082));
#5517=CARTESIAN_POINT('Ctrl Pts',(-1.26607286389629,-0.000628751492366403,
3.44341967361942));
#5518=CARTESIAN_POINT('Origin',(0.,0.,0.05));
#5519=CARTESIAN_POINT('',(2.125,-2.60237444818813E-16,0.1));
#5520=CARTESIAN_POINT('',(-2.125,-2.60237444818813E-16,0.1));
#5521=CARTESIAN_POINT('Origin',(0.,0.,0.1));
#5522=CARTESIAN_POINT('Origin',(0.,0.,0.1));
#5523=CARTESIAN_POINT('',(2.075,2.54114210823076E-16,0.05));
#5524=CARTESIAN_POINT('Origin',(0.,0.,0.25));
#5525=CARTESIAN_POINT('',(-2.125,-2.60237444818813E-16,0.5));
#5526=CARTESIAN_POINT('Origin',(0.,0.,0.5));
#5527=CARTESIAN_POINT('',(-2.125,-2.60237444818813E-16,0.25));
#5528=CARTESIAN_POINT('Origin',(2.,0.,0.5));
#5529=CARTESIAN_POINT('',(-2.,-2.44929359829471E-16,0.5));
#5530=CARTESIAN_POINT('Origin',(0.,0.,0.5));
#5531=CARTESIAN_POINT('Origin',(0.,0.,0.7));
#5532=CARTESIAN_POINT('',(-2.,-2.44929359829471E-16,0.7));
#5533=CARTESIAN_POINT('Origin',(0.,0.,2.6));
#5534=CARTESIAN_POINT('',(-2.,-2.44929359829471E-16,2.6));
#5535=CARTESIAN_POINT('Origin',(0.,0.,2.));
#5536=UNCERTAINTY_MEASURE_WITH_UNIT(LENGTH_MEASURE(0.01),#5540,
'DISTANCE_ACCURACY_VALUE',
'Maximum model space distance between geometric entities at asserted c
onnectivities');
#5537=UNCERTAINTY_MEASURE_WITH_UNIT(LENGTH_MEASURE(0.01),#5540,
'DISTANCE_ACCURACY_VALUE',
'Maximum model space distance between geometric entities at asserted c
onnectivities');
#5538=(
GEOMETRIC_REPRESENTATION_CONTEXT(3)
GLOBAL_UNCERTAINTY_ASSIGNED_CONTEXT((#5536))
GLOBAL_UNIT_ASSIGNED_CONTEXT((#5540,#5542,#5543))
REPRESENTATION_CONTEXT('','3D')
);
#5539=(
GEOMETRIC_REPRESENTATION_CONTEXT(3)
GLOBAL_UNCERTAINTY_ASSIGNED_CONTEXT((#5537))
GLOBAL_UNIT_ASSIGNED_CONTEXT((#5540,#5542,#5543))
REPRESENTATION_CONTEXT('','3D')
);
#5540=(
LENGTH_UNIT()
NAMED_UNIT(*)
SI_UNIT(.MILLI.,.METRE.)
);
#5541=(
LENGTH_UNIT()
NAMED_UNIT(*)
SI_UNIT($,.METRE.)
);
#5542=(
NAMED_UNIT(*)
PLANE_ANGLE_UNIT()
SI_UNIT($,.RADIAN.)
);
#5543=(
NAMED_UNIT(*)
SI_UNIT($,.STERADIAN.)
SOLID_ANGLE_UNIT()
);
#5544=SHAPE_DEFINITION_REPRESENTATION(#5545,#5546);
#5545=PRODUCT_DEFINITION_SHAPE('',$,#5548);
#5546=SHAPE_REPRESENTATION('',(#1837),#5538);
#5547=PRODUCT_DEFINITION_CONTEXT('part definition',#5552,'design');
#5548=PRODUCT_DEFINITION('Insert_M3_VORON','Insert_M3_VORON v5',#5549,#5547);
#5549=PRODUCT_DEFINITION_FORMATION('',$,#5554);
#5550=PRODUCT_RELATED_PRODUCT_CATEGORY('Insert_M3_VORON v5',
'Insert_M3_VORON v5',(#5554));
#5551=APPLICATION_PROTOCOL_DEFINITION('international standard',
'automotive_design',2009,#5552);
#5552=APPLICATION_CONTEXT(
'Core Data for Automotive Mechanical Design Process');
#5553=PRODUCT_CONTEXT('part definition',#5552,'mechanical');
#5554=PRODUCT('Insert_M3_VORON','Insert_M3_VORON v5',$,(#5553));
#5555=PRESENTATION_STYLE_ASSIGNMENT((#5557));
#5556=PRESENTATION_STYLE_ASSIGNMENT((#5558));
#5557=SURFACE_STYLE_USAGE(.BOTH.,#5559);
#5558=SURFACE_STYLE_USAGE(.BOTH.,#5560);
#5559=SURFACE_SIDE_STYLE('',(#5561));
#5560=SURFACE_SIDE_STYLE('',(#5562));
#5561=SURFACE_STYLE_FILL_AREA(#5563);
#5562=SURFACE_STYLE_FILL_AREA(#5564);
#5563=FILL_AREA_STYLE('Steel - Satin',(#5565));
#5564=FILL_AREA_STYLE('Brass - Polished',(#5566));
#5565=FILL_AREA_STYLE_COLOUR('Steel - Satin',#5567);
#5566=FILL_AREA_STYLE_COLOUR('Brass - Polished',#5568);
#5567=COLOUR_RGB('Steel - Satin',0.627450980392157,0.627450980392157,0.627450980392157);
#5568=COLOUR_RGB('Brass - Polished',0.952941176470588,0.796078431372549,
0.486274509803922);
ENDSEC;
END-ISO-10303-21;
